"Num_Acc";"jour";"mois";"an";"hrmn";"lum";"dep";"com";"agg";"int";"atm";"col";"adr";"lat";"long"
"202300000392";"10";"06";"2023";"19:15";"1";"59";"59087";"1";"2";"7";"5";"D943b";"50,66744382";"2,45745465"
"202300000393";"10";"06";"2023";"22:30";"2";"59";"59452";"2";"1";"1";"1";"D54a";"50,45903100";"3,02317700"
"202300000394";"22";"11";"2023";"08:00";"1";"44";"44020";"2";"8";"1";"6";"61 Rue Jean Mermoz";"47,18188300";" -1,57611700"
"202300000395";"9";"06";"2023";"07:34";"1";"13";"13005";"1";"1";"1";"3";"A50-Sens Marseille vers Aubagne";"43,28897200";"5,55953200"
"202300000396";"29";"07";"2023";"05:00";"3";"82";"82028";"1";"8";"1";"1";"402 Chemin de Villelongue";"43,85086200";"1,28697900"
"202300000397";"6";"06";"2023";"14:00";"1";"67";"67218";"1";"1";"1";"2";"M35";"48,53066000";"7,69460000"
"202300000398";"2";"12";"2023";"06:45";"3";"38";"38454";"1";"8";"1";"6";"Rue des Lavandes";"45,15590000";"5,33619000"
"202300000399";"10";"06";"2023";"15:55";"1";"91";"91086";"1";"1";"1";"4";"RN 104";"48,62347000";"2,39039000"
"202300000400";"21";"07";"2023";"20:30";"3";"64";"64102";"2";"8";"1";"6";"14 Rue Docteur André Voulgre";"43,47355200";" -1,48345900"
"202300000401";"9";"06";"2023";"20:00";"1";"91";"91377";"2";"9";"1";"3";"RN20";"48,71920000";"2,29881000"
"202300000402";"13";"07";"2023";"20:30";"2";"78";"78372";"2";"8";"1";"6";"19 rue de l'étang";"48,87182400";"2,08331400"
"202300000403";"9";"06";"2023";"19:50";"1";"94";"94016";"1";"1";"1";"2";"A6A";"48,79246904";"2,34446138"
"202300000404";"25";"04";"2023";"23:30";"3";"10";"10426";"1";"8";"1";"6";"Forges Saint-Bernard";"48,16228200";"4,78820000"
"202300000405";"10";"06";"2023";"17:30";"1";"78";"78640";"1";"1";"1";"2";"A86 INT";"48,77771100";"2,21809600"
"202300000406";"17";"04";"2023";"17:00";"1";"49";"49307";"1";"1";"1";"6";"Rue du Port La Vallée";"47,41247300";" -0,31901000"
"202300000407";"9";"06";"2023";"19:45";"1";"78";"78140";"1";"1";"1";"6";"A13";"48,96497400";"1,92491200"
"202300000408";"9";"06";"2023";"19:15";"1";"92";"92036";"1";"1";"1";"3";"A86";"48,93540166";"2,26544968"
"202300000409";"10";"06";"2023";"16:00";"1";"93";"93078";"1";"1";"1";"2";"AUTOROUTE A104";"48,96216227";"2,54624123"
"202300000410";"16";"04";"2023";"13:40";"1";"91";"91027";"2";"1";"2";"2";"AV DE MORANGIS";"48,70579000";"2,36682900"
"202300000411";"10";"06";"2023";"06:30";"1";"93";"93008";"1";"1";"1";"6";"AUTOROUTE A86";"48,90640692";"2,45788515"
"202300000412";"9";"06";"2023";"17:55";"1";"92";"92036";"1";"1";"1";"2";"RN 315 ";"48,93472322";"2,30194713"
"202300000413";"29";"09";"2023";"21:10";"5";"13";"13213";"1";"1";"1";"2";"A507 sens Aubagne- Marseille";"43,32991768";"5,40887117"
"202300000414";"9";"06";"2023";"16:00";"1";"95";"95241";"1";"1";"1";"4";"N104";"49,05119000";"2,42953000"
"202300000415";"21";"03";"2023";"08:00";"1";"52";"52448";"2";"1";"1";"6";"1 Rue André Theuriet ";"48,64061800";"4,95495000"
"202300000416";"9";"06";"2023";"19:15";"1";"94";"94042";"1";"1";"1";"2";"A4";"48,82854107";"2,47576095"
"202300000417";"1";"03";"2023";"12:50";"1";"01";"01299";"1";"8";"1";"3";"N/A";"46,02382667";"5,05243421"
"202300000418";"9";"06";"2023";"09:45";"1";"94";"94052";"1";"1";"1";"4";"A86";"48,83826565";"2,49372861"
"202300000419";"28";"09";"2023";"14:30";"1";"93";"93061";"2";"1";"1";"3";"PERI GABRIEL RUE";"48,88660200";"2,40732600"
"202300000420";"9";"06";"2023";"07:55";"1";"76";"76351";"2";"3";"1";"6";"FERNAND CHATEL";"49,51960000";"0,11003000"
"202300000421";"9";"06";"2023";"09:20";"1";"31";"31555";"2";"2";"2";"3";"AV DE TABAR";"43,57425000";"1,40350000"
"202300000422";"9";"06";"2023";"12:50";"1";"27";"27681";"2";"6";"1";"6";"MENDES FRANCE (AVENUE PIERRE)";"49,09049120";"1,48459610"
"202300000423";"18";"09";"2023";"18:45";"1";"93";"93006";"2";"3";"1";"3";"CHATEAU RUE DU";"48,86295600";"2,41518500"
"202300000424";"9";"06";"2023";"16:50";"1";"27";"27229";"2";"1";"1";"6";"SAINT GERMAIN (RUE)";"49,01698000";"1,12549000"
"202300000425";"2";"09";"2023";"21:25";"5";"93";"93045";"2";"1";"1";"3";"BRUYERES RUE DES";"48,87730400";"2,41393300"
"202300000426";"9";"06";"2023";"12:15";"1";"75";"75109";"2";"3";"1";"6";"RUE DU CONSERVATOIRE";"48,87211000";"2,34670200"
"202300000427";"25";"11";"2023";"12:45";"1";"41";"41025";"1";"1";"1";"6";"Route de Chambord";"47,55568100";"1,53792500"
"202300000428";"7";"06";"2023";"18:15";"1";"92";"92036";"2";"1";"1";"6";"CHANDON (AVENUE) (2/60)";"48,92355000";"2,29651000"
"202300000429";"10";"11";"2023";"18:18";"5";"91";"91434";"2";"7";"8";"6";"TROIS MARTYRS (PLACE DES) ";"48,66441000";"2,35314000"
"202300000430";"27";"05";"2023";"17:50";"1";"62";"62193";"2";"1";"1";"3";"Boulevard Curie";"50,93944500";"1,86340300"
"202300000431";"22";"11";"2023";"18:30";"5";"59";"59512";"2";"8";"1";"6";"Boulevard des batisseurs";"50,70224500";"3,16457100"
"202300000432";"7";"06";"2023";"03:20";"3";"974";"97416";"1";"1";"1";"1";"RN1 (ROUTE NATIONALE)";" -21,30416000";"55,42741000"
"202300000433";"27";"07";"2023";"11:00";"1";"30";"30276";"1";"1";"1";"7";"D979";"43,61346600";"4,19248400"
"202300000434";"9";"06";"2023";"07:50";"1";"974";"97416";"1";"1";"1";"4";"RN03";" -21,31394000";"55,49387000"
"202300000435";"9";"06";"2023";"07:00";"1";"974";"97416";"1";"1";"1";"3";"ENTRE DEUX (CHEMIN) CD26";" -21,29586000";"55,44425000"
"202300000436";"21";"12";"2023";"17:30";"5";"71";"71270";"2";"1";"2";"6";"11 avenue Edouard Herriot";"46,30126441";"4,83039012"
"202300000437";"12";"10";"2023";"14:50";"1";"84";"84075";"1";"1";"1";"7";"N/A";"44,01313831";"5,24676098"
"202300000438";"9";"06";"2023";"08:50";"1";"974";"97407";"2";"6";"1";"2";"MASCAREIGNES(BOULEVARD)";" -20,94062000";"55,30813000"
"202300000439";"9";"06";"2023";"16:20";"1";"973";"97302";"2";"1";"1";"5";"MADELEINE (ROUTE DE LA)";"4,91710000";" -52,32148000"
"202300000440";"10";"10";"2023";"19:00";"1";"47";"47297";"1";"1";"1";"7";"N/A";"44,30711000";"0,64239700"
"202300000441";"9";"06";"2023";"09:35";"1";"972";"97213";"1";"1";"1";"2";"AUTOROUTE A1";"14,61329000";" -61,00925000"
"202300000442";"16";"08";"2023";"18:40";"1";"71";"71153";"2";"1";"1";"6";"99 rue Marechal Foch";"46,80445600";"4,44091300"
"202300000443";"9";"06";"2023";"06:30";"1";"69";"69389";"2";"1";"1";"2";"307 Montée de Balmont";"45,78571000";"4,80088000"
"202300000444";"17";"10";"2023";"08:08";"1";"95";"95394";"2";"1";"1";"6";"39 CAMILLE PLAQUET (RUE)";"49,06113200";"2,18229300"
"202300000445";"9";"06";"2023";"15:30";"1";"2B";"2B037";"1";"1";"1";"4";"TOUTES RUES";"42,60817900";"9,43795800"
"202300000446";"8";"12";"2023";"19:30";"3";"976";"97613";"1";"1";"1";"1";"Rue d?Andimaka";" -12,75625900";"45,08957500"
"202300000447";"9";"06";"2023";"13:30";"1";"971";"97101";"2";"9";"1";"6";"CENTRE COMMERCIAL LE PATIO";"16,25176000";" -61,54082000"
"202300000448";"9";"06";"2023";"12:45";"1";"2A";"2A004";"2";"6";"8";"3";"T21";"41,92960000";"8,76117000"
"202300000449";"10";"12";"2023";"00:00";"3";"91";"91079";"1";"1";"8";"1";"route départementale 721";"48,37116100";"2,16374900"
"202300000450";"9";"06";"2023";"09:30";"1";"95";"95277";"1";"1";"1";"2";"D317";"48,99152208";"2,47641921"
"202300000451";"9";"06";"2023";"16:53";"1";"95";"95252";"2";"1";"1";"6";"D14";"48,98873183";"2,20723271"
"202300000452";"9";"06";"2023";"15:30";"1";"95";"95306";"2";"7";"7";"6";"ETAUX PLACE DES)";"48,99084000";"2,16775000"
"202300000453";"4";"12";"2023";"19:03";"3";"82";"82051";"1";"1";"2";"5";"RD 2 PK 11+750";"44,21368700";"1,14188100"
"202300000454";"9";"06";"2023";"13:40";"1";"91";"91021";"2";"1";"1";"6";"AV DE VERDUN";"48,58417100";"2,24416400"
"202300000455";"9";"06";"2023";"15:40";"1";"91";"91479";"2";"1";"1";"7";"AV DE VERDUN";"48,70576000";"2,36306000"
"202300000456";"24";"11";"2023";"14:40";"1";"82";"82178";"1";"1";"8";"6";"1174 Route de Beaumont";"43,84332000";"1,15830400"
"202300000457";"9";"06";"2023";"08:10";"1";"91";"91589";"2";"2";"1";"3";"BD ARISTIDE BRIAND";"48,68085000";"2,34269000"
"202300000458";"8";"12";"2023";"04:35";"4";"91";"91095";"2";"2";"9";"3";"Rue de la Croix de Fer";"48,51844500";"2,28820900"
"202300000459";"9";"06";"2023";"07:43";"1";"87";"87085";"2";"1";"1";"6";"AUTIER (RUE DE L')";"45,87425000";"1,29475000"
"202300000460";"9";"06";"2023";"12:47";"1";"87";"87085";"2";"1";"1";"7";"LE BAIL (RUE JEAN)";"45,83893000";"1,22641000"
"202300000461";"9";"06";"2023";"12:26";"1";"87";"87085";"2";"1";"1";"7";"CHARLET (RUE GASTON)";"45,81619000";"1,22230000"
"202300000462";"22";"12";"2023";"04:00";"3";"84";"84008";"1";"1";"1";"7";"d 938";"44,15302100";"5,12332000"
"202300000463";"8";"06";"2023";"19:00";"1";"87";"87113";"2";"1";"1";"6";"LATTRE DE TASSIGNY (AVE DE)";"45,86966000";"1,31559000"
"202300000464";"9";"06";"2023";"08:40";"1";"86";"86194";"2";"2";"1";"3";"Avenue de Nantes";"46,58562500";"0,33316700"
"202300000465";"8";"06";"2023";"10:15";"1";"86";"86214";"2";"6";"1";"3";"Route de Nouaille";"46,56041500";"0,36822400"
"202300000466";"1";"06";"2023";"17:05";"1";"80";"80001";"2";"1";"1";"6";"VAUBAN";"50,10375000";"1,84056000"
"202300000467";"9";"06";"2023";"09:00";"1";"78";"78350";"1";"1";"1";"2";"VERSAILLES (ROUTE DE)";"48,84351000";"2,10988000"
"202300000468";"9";"06";"2023";"09:50";"1";"77";"77210";"1";"1";"1";"1";"RD 606";"48,36124000";"2,89981000"
"202300000469";"9";"06";"2023";"12:10";"1";"76";"76540";"2";"3";"9";"1";"Avenue de Grammont";"49,42704000";"1,09606000"
"202300000470";"9";"06";"2023";"06:35";"1";"76";"76341";"2";"4";"1";"6";"RD 6015";"49,51058000";"0,19927000"
"202300000471";"8";"06";"2023";"14:20";"1";"76";"76447";"2";"1";"1";"6";"FONTAINE LA MALLET (DE)";"49,54366000";"0,15046000"
"202300000472";"9";"06";"2023";"12:21";"1";"74";"74010";"2";"1";"1";"6";"GARE (RUE DE LA)(SECTEUR 120)";"45,89938329";"6,12183917"
"202300000473";"8";"06";"2023";"09:45";"1";"72";"72181";"2";"1";"1";"2";"CUGNOT NICOLAS (BD)";"47,98616000";"0,22529000"
"202300000474";"9";"06";"2023";"21:30";"1";"71";"71499";"2";"1";"1";"6";"JEAN ZAY (RUE)";"46,64029000";"4,28625000"
"202300000475";"9";"06";"2023";"20:55";"1";"71";"71306";"2";"1";"1";"6";"RN 70 (ROUTE EXPRESS)";"46,66567000";"4,33895000"
"202300000476";"9";"06";"2023";"22:50";"5";"69";"69266";"2";"1";"2";"6";"Cours Tolstoï";"45,76215000";"4,88037000"
"202300000477";"9";"06";"2023";"13:40";"1";"69";"69266";"2";"1";"8";"6";"Rue Saint Jean";"45,77633000";"4,90030000"
"202300000478";"9";"06";"2023";"11:20";"1";"69";"69286";"2";"1";"1";"6";"440 Boulevard Marcel Yves André";"45,80617000";"4,89718000"
"202300000479";"6";"06";"2023";"10:45";"1";"66";"66136";"2";"1";"1";"4";"";"42,67737000";"2,89074000"
"202300000480";"10";"06";"2023";"00:50";"5";"64";"64102";"2";"6";"1";"6";"PONTOTS (GIRATOIRE LES)";"43,48812000";" -1,49102000"
"202300000481";"8";"06";"2023";"08:10";"1";"64";"64102";"2";"1";"1";"6";"GRAND BASQUE (CHEMIN DU)";"43,50092000";" -1,44589000"
"202300000482";"9";"06";"2023";"11:15";"1";"62";"62907";"2";"9";"1";"6";"Rue Andre Pantigny";"50,48088000";"3,01412000"
"202300000483";"9";"06";"2023";"18:15";"1";"59";"59350";"2";"1";"1";"4";"REPUBLIQUE AV DE LA (N°512-832)";"50,65628000";"3,08816000"
"202300000484";"8";"06";"2023";"12:35";"1";"59";"59178";"2";"1";"1";"1";"FLANDRE (RUE MARGUERITE DE)";"50,40124000";"3,12581000"
"202300000485";"8";"06";"2023";"20:10";"1";"56";"56121";"2";"1";"1";"6";"GUESDE (RUE  JULES )";"47,75477000";" -3,36154000"
"202300000486";"8";"06";"2023";"11:55";"1";"56";"56121";"2";"1";"1";"6";"PORT (RUE  DU )";"47,74781000";" -3,36216000"
"202300000487";"8";"06";"2023";"20:15";"1";"54";"54495";"2";"1";"1";"1";"Grand Rue";"48,68919908";"6,24955773"
"202300000488";"8";"06";"2023";"13:35";"1";"54";"54395";"2";"2";"7";"6";"POINCARE (RUE RAYMOND 1-29-2-30)";"48,69105003";"6,17519081"
"202300000489";"9";"06";"2023";"11:40";"1";"54";"54575";"1";"1";"1";"2";"D26b";"49,47200000";"5,83868000"
"202300000490";"9";"06";"2023";"19:20";"1";"51";"51454";"2";"6";"1";"3";"DROITS DE L'HOMME (PLACE) COTE IMPAIR";"49,24137000";"4,04425000"
"202300000491";"9";"06";"2023";"13:40";"1";"51";"51454";"2";"1";"1";"1";"PARIS (AVENUE DE) N°27 A 89 ET N°32 A 12";"49,24802000";"4,00854000"
"202300000492";"8";"06";"2023";"08:46";"1";"51";"51230";"2";"1";"7";"6";"CHAMPAGNE (AVENUE DE)";"49,04224000";"3,96453000"
"202300000493";"8";"06";"2023";"21:40";"1";"50";"50129";"1";"1";"1";"4";"VAL CANU (RUE DU)";"49,64155000";" -1,53670000"
"202300000494";"25";"10";"2023";"17:20";"1";"69";"69383";"2";"2";"3";"3";"Avenue Lacassagne";"45,75282000";"4,86957000"
"202300000495";"25";"10";"2023";"02:50";"5";"972";"97213";"1";"1";"1";"5";"AUTOROUTE A1";"14,61644286";" -61,01540744"
"202300000496";"25";"10";"2023";"18:35";"5";"972";"97209";"1";"1";"1";"1";"REDOUTE (ROUTE DE LA)";"14,61738000";" -61,06168000"
"202300000497";"25";"10";"2023";"14:00";"1";"69";"69389";"2";"1";"1";"6";"332 Boulevard de Balmont";"45,78919000";"4,79953000"
"202300000498";"10";"10";"2023";"18:15";"1";"69";"69389";"2";"1";"1";"6";"2 Grande Rue de Vaise";"45,77497000";"4,80602000"
"202300000499";"26";"10";"2023";"15:05";"1";"971";"97120";"2";"9";"2";"6";"RASPAIL";"16,23383207";" -61,53271258"
"202300000500";"25";"10";"2023";"16:30";"1";"971";"97113";"1";"3";"1";"3";"BAS DU FORT";"16,21770000";" -61,51403000"
"202300000501";"25";"10";"2023";"23:08";"5";"91";"91103";"2";"2";"1";"1";"RUE DU PETIT PARIS";"48,61253000";"2,27827000"
"202300000502";"25";"09";"2023";"12:01";"1";"988";"98818";"2";"2";"1";"3";"RUE TOURVILLE/RUE DE SEBASTOPOL";" -22,27724000";"166,44399000"
"202300000503";"30";"09";"2023";"20:30";"5";"91";"91174";"2";"2";"1";"1";"BD JOHN KENNEDY";"48,58308000";"2,47649000"
"202300000504";"25";"09";"2023";"17:00";"1";"69";"69149";"2";"1";"1";"2";"Rue des Anciennes Tanneries";"45,71439037";"4,81840357"
"202300000505";"25";"10";"2023";"13:03";"1";"87";"87050";"2";"2";"3";"3";"EGLISE (RUE DE L')";"45,87695000";"1,24053000"
"202300000506";"25";"09";"2023";"19:01";"1";"2B";"2B120";"2";"1";"1";"6";"11 - RT";"42,64779000";"9,44026000"
"202300000507";"26";"10";"2023";"13:45";"1";"84";"84035";"2";"9";"1";"6";"JOFFRE (AVENUE DU MARECHAL)";"43,83446500";"5,04100500"
"202300000508";"25";"09";"2023";"14:00";"1";"971";"97113";"2";"1";"1";"3";"MONTAUBAN (SECTEUR)";"16,21571166";" -61,50317609"
"202300000509";"24";"10";"2023";"12:03";"1";"80";"80021";"2";"1";"1";"6";"SAINT MARTIN AUX WAIDES (RUE)";"49,89482000";"2,29912000"
"202300000510";"25";"09";"2023";"01:05";"5";"971";"97101";"2";"1";"1";"6";"CHAUVEL";"16,23969000";" -61,51937000"
"202300000511";"18";"10";"2023";"15:27";"1";"80";"80674";"1";"1";"8";"4";"RN 25";"49,91594000";"2,34074000"
"202300000512";"24";"09";"2023";"09:45";"1";"971";"97113";"1";"1";"2";"1";"SECTION TOMBEAU";"16,21971000";" -61,47981000"
"202300000513";"26";"10";"2023";"08:10";"2";"78";"78220";"1";"1";"1";"3";"D73";"48,70833000";"1,89022000"
"202300000514";"24";"09";"2023";"06:15";"1";"971";"97101";"1";"1";"2";"7";"PATRICK SAINT ELOI ( AVENUE )";"16,25813000";" -61,51951000"
"202300000515";"26";"10";"2023";"19:05";"3";"78";"78015";"1";"3";"3";"3";"SCHOELCHER (AVENUE VICTOR)";"48,97943000";"2,04800000"
"202300000516";"25";"09";"2023";"16:30";"1";"2A";"2A004";"2";"2";"1";"3";"CANNES CITE RUE DES CANNES";"41,93442000";"8,74183000"
"202300000517";"25";"10";"2023";"20:40";"3";"77";"77495";"2";"1";"1";"2";"D306";"48,57241000";"2,62113000"
"202300000518";"26";"10";"2023";"10:30";"1";"76";"76540";"2";"2";"2";"3";"Place Saint Paul";"49,43483000";"1,10583000"
"202300000519";"26";"10";"2023";"02:00";"5";"76";"76351";"2";"6";"1";"7";"MICHEL FERE (QUAI)";"49,48925000";"0,11118000"
"202300000520";"24";"09";"2023";"19:15";"1";"91";"91645";"2";"3";"1";"5";"BOULIE (RUE DE LA)";"48,74160000";"2,25426000"
"202300000521";"25";"10";"2023";"18:20";"2";"69";"69115";"2";"1";"2";"6";"Rue du 11 Novembre 1918";"45,97499000";"4,71030000"
"202300000522";"24";"09";"2023";"14:10";"1";"91";"91201";"2";"1";"1";"6";"PL DE LA REPUBLIQUE";"48,68600000";"2,40964000"
"202300000523";"25";"09";"2023";"09:15";"1";"91";"91326";"2";"1";"1";"6";"COUR DE FRANCE (AVENUE DE LA)";"48,68773100";"2,37174900"
"202300000524";"26";"10";"2023";"08:35";"1";"67";"67482";"2";"3";"2";"3";"SAVERNE (PONT DE)";"48,58457000";"7,74080000"
"202300000525";"24";"09";"2023";"09:50";"1";"91";"91223";"2";"9";"1";"7";"BRESSAULT (RUE DE)";"48,42536300";"2,14494900"
"202300000526";"25";"10";"2023";"22:55";"5";"67";"67482";"2";"3";"8";"3";"ALPES (QUAI DES)";"48,57443000";"7,76711000"
"202300000527";"21";"09";"2023";"20:36";"2";"87";"87085";"2";"1";"2";"2";"GRODNO  (AVENUE DE)";"45,82151000";"1,22369000"
"202300000528";"24";"10";"2023";"09:20";"1";"67";"67482";"2";"3";"2";"3";"JACQUES KABLE (RUE)";"48,59221000";"7,74401000"
"202300000529";"17";"09";"2023";"14:00";"1";"84";"84087";"1";"6";"1";"3";"ROUTE DE COURTHEZON";"44,09600000";"4,82500000"
"202300000530";"25";"09";"2023";"20:30";"5";"81";"81018";"2";"2";"1";"7";"CARMAUX (ROUTE DE)";"43,95929870";"2,19950400"
"202300000531";"24";"09";"2023";"16:50";"1";"78";"78650";"2";"2";"1";"3";"BELGIQUE (BOULEVARD DE)";"48,90513600";"2,13081700"
"202300000532";"26";"10";"2023";"06:25";"3";"63";"63300";"1";"3";"8";"3";"ENNEZAT (ROUTE D')";"45,88872114";"3,13733697"
"202300000533";"22";"10";"2023";"19:25";"2";"62";"62765";"2";"1";"1";"6";"Rue de Calais";"50,75284000";"2,25132000"
"202300000534";"25";"09";"2023";"05:55";"5";"78";"78440";"2";"1";"1";"2";"PAUL RAOULT (AVENUE)";"48,98852300";"1,91296000"
"202300000535";"25";"10";"2023";"18:20";"1";"62";"62400";"2";"2";"1";"6";"D86";"50,47201300";"2,57723600"
"202300000536";"24";"09";"2023";"12:45";"1";"77";"77186";"2";"2";"2";"7";"GENERAL LECLERC (BOULEVARD)";"48,41335000";"2,71301000"
"202300000537";"26";"10";"2023";"09:05";"1";"59";"59378";"2";"1";"3";"3";"LISFRANC-CROISE LAROCHE PLACE";"50,66497000";"3,10372000"
"202300000538";"25";"09";"2023";"10:25";"1";"77";"77431";"2";"1";"1";"6";"RUE DE LARCHANT";"48,26679500";"2,68501000"
"202300000539";"23";"09";"2023";"07:55";"1";"76";"76341";"2";"9";"1";"6";"RESISTANCE (AVENUE DE LA)";"49,50484000";"0,19988300"
"202300000540";"23";"10";"2023";"17:25";"1";"57";"57441";"1";"1";"2";"6";"LUXEMBOURG (ROUTE DE)";"49,37814000";"6,16973000"
"202300000541";"25";"10";"2023";"11:17";"1";"56";"56121";"2";"1";"1";"6";"LOTE (RUE  RENE )";"47,76949000";" -3,40330000"
"202300000542";"26";"09";"2023";"00:05";"5";"73";"73137";"2";"3";"1";"6";"CASCADE (ROUTE DE LA)";"45,55567000";"5,91258000"
"202300000543";"25";"10";"2023";"07:05";"5";"56";"56098";"2";"6";"8";"2";"TRUDAINE (RUE  DANIEL )";"47,77700900";" -3,33897200"
"202300000544";"23";"09";"2023";"17:50";"1";"71";"71105";"2";"1";"1";"6";"PERTHUIS (RUE DU)";"46,31733000";"4,78590000"
"202300000545";"25";"09";"2023";"08:00";"1";"71";"71076";"2";"1";"1";"1";"POTERNE (QUAI DE LA)";"46,78139000";"4,85986000"
"202300000546";"25";"10";"2023";"23:40";"5";"54";"54395";"2";"1";"1";"6";"Rue des Carmes";"48,69047000";"6,18130000"
"202300000547";"25";"09";"2023";"08:30";"1";"69";"69282";"2";"1";"7";"6";"Rue Antoine Becquerel";"45,76802000";"5,03189000"
"202300000548";"25";"10";"2023";"12:00";"1";"54";"54395";"2";"1";"3";"6";"Rue du Capitaine Guynemer";"48,69976000";"6,14004000"
"202300000549";"25";"09";"2023";"15:50";"1";"69";"69115";"2";"1";"1";"2";"1427 Route d’Anse";"45,96438790";"4,71607656"
"202300000550";"25";"09";"2023";"18:40";"1";"69";"69290";"2";"1";"1";"6";"211 Route de Grenoble";"45,71495000";"4,96408000"
"202300000551";"25";"10";"2023";"06:25";"5";"54";"54395";"2";"2";"3";"3";"Boulevard Lobau";"48,68560100";"6,19580626"
"202300000552";"24";"09";"2023";"20:50";"5";"69";"69029";"2";"3";"1";"3";"Avenue François Mitterrand";"45,73740000";"4,91952000"
"202300000553";"26";"10";"2023";"07:20";"5";"54";"54371";"1";"3";"2";"3";"D 136";"49,19861000";"5,93125000"
"202300000554";"25";"09";"2023";"11:02";"1";"65";"65433";"2";"3";"1";"2";"BARBUSSE (AVENUE HENRI)";"43,21913835";"0,09570276"
"202300000555";"26";"10";"2023";"11:35";"1";"54";"54099";"1";"1";"2";"7";"RD 138";"49,24409000";"6,02053000"
"202300000556";"25";"10";"2023";"11:45";"1";"51";"51454";"2";"1";"1";"1";"AVIATION (RUE)";"49,27565000";"4,03914000"
"202300000557";"24";"09";"2023";"02:30";"3";"65";"65251";"1";"3";"1";"3";"EVADES DE FRANCE (RUE DES)";"43,21492000";"0,08543000"
"202300000558";"23";"10";"2023";"06:50";"5";"50";"50129";"2";"1";"1";"6";"MENDES FRANCE (BOULEVARD)";"49,63393000";" -1,62293000"
"202300000559";"25";"09";"2023";"00:30";"5";"64";"64373";"2";"3";"1";"3";"GENERAL DE GAULLE DU";"43,27638000";" -0,35142000"
"202300000560";"25";"10";"2023";"19:05";"5";"44";"44109";"2";"1";"2";"6";"19 Rue Louis Blanc";"47,20598000";" -1,55475000"
"202300000561";"25";"10";"2023";"11:05";"1";"44";"44109";"2";"1";"8";"6";"107 Boulevard Jules Verne";"47,23999090";" -1,53100825"
"202300000562";"24";"09";"2023";"18:30";"1";"64";"64024";"2";"1";"1";"3";"AMOUR (AVENUE DE LA CHAMBRE D')";"43,49524000";" -1,53425000"
"202300000563";"26";"10";"2023";"19:50";"5";"43";"43046";"2";"1";"2";"1";"MONTEE DE CHADRAC";"45,05714000";"3,90029000"
"202300000564";"26";"10";"2023";"20:05";"5";"43";"43157";"2";"3";"3";"7";"39 Avenue des Belges";"45,04868000";"3,89808000"
"202300000565";"23";"09";"2023";"14:10";"1";"64";"64102";"2";"2";"2";"3";"NAVARRE (AVENUE HENRI DE)";"43,49407000";" -1,45274000"
"202300000566";"23";"09";"2023";"13:12";"1";"64";"64140";"2";"3";"8";"6";"PASTOU (RUE DU)";"43,52860000";" -1,48301000"
"202300000567";"20";"10";"2023";"18:05";"1";"38";"38421";"2";"8";"3";"3";"AVENUE CENTRALE";"45,19220000";"5,76430000"
"202300000568";"25";"09";"2023";"20:30";"5";"59";"59599";"2";"1";"1";"2";"FRANCS (RUE DES)";"50,71962000";"3,13872000"
"202300000569";"26";"10";"2023";"08:45";"1";"37";"37214";"1";"1";"8";"4";"RD 37";"47,42986000";"0,65182000"
"202300000570";"25";"09";"2023";"19:20";"1";"59";"59328";"2";"4";"1";"1";"LILLE RUE DE";"50,64800000";"3,04500000"
"202300000571";"25";"09";"2023";"22:00";"5";"59";"59122";"2";"6";"1";"3";"CATEAU (AVENUE DU)";"50,17475000";"3,24894000"
"202300000572";"25";"10";"2023";"16:30";"1";"35";"35238";"2";"3";"1";"2";"LORIENT (DE)";"48,10748000";" -1,71641000"
"202300000573";"25";"09";"2023";"12:10";"1";"57";"57463";"2";"1";"1";"3";"DEUX FONTAINES (AVENUE )";"49,13540000";"6,17265000"
"202300000574";"26";"10";"2023";"20:20";"5";"33";"33281";"2";"1";"3";"1";"Avenue Pierre Mendès-France";"44,82081000";" -0,63521000"
"202300000575";"22";"09";"2023";"20:30";"5";"57";"57019";"2";"3";"1";"3";"PASTEUR (RUE)";"49,25787000";"6,14260000"
"202300000576";"25";"09";"2023";"15:20";"1";"51";"51454";"2";"1";"1";"2";"EPERNAY (AVENUE D') COTE PAIR";"49,22792000";"4,01425000"
"202300000577";"26";"10";"2023";"19:50";"5";"33";"33162";"2";"3";"3";"3";"Avenue d'Eysines";"44,87186411";" -0,63136116"
"202300000578";"25";"09";"2023";"12:43";"1";"51";"51454";"2";"2";"1";"3";"MOULINS (RUE DES)";"49,24667000";"4,03907000"
"202300000579";"25";"09";"2023";"10:40";"1";"51";"51454";"2";"1";"1";"6";"PAIX (BOULEVARD DE LA)";"49,25381000";"4,04083000"
"202300000580";"25";"09";"2023";"09:30";"1";"51";"51058";"2";"1";"7";"6";"MONNET (AVENUE JEAN)";"49,21362000";"4,00644000"
"202300000581";"25";"10";"2023";"16:35";"1";"30";"30189";"2";"6";"1";"3";"KENNEDY (AVENUE)";"43,81546000";"4,31387000"
"202300000582";"27";"10";"2023";"02:00";"3";"26";"26362";"2";"4";"2";"6";"Avenue du Tricastin";"44,93423000";"4,88780000"
"202300000583";"24";"09";"2023";"11:13";"1";"51";"51454";"2";"2";"1";"4";"NATIONALE (AVENUE) LA NEUVILLETTE";"49,28416500";"4,01015900"
"202300000584";"23";"09";"2023";"19:20";"1";"49";"49099";"2";"3";"7";"5";"CHOUTEAU (BOULEVARD GUY)";"47,06726000";" -0,88742000"
"202300000585";"25";"10";"2023";"08:03";"1";"22";"22278";"2";"2";"2";"6";"NICOLAS (JEAN)";"48,51726000";" -2,77873000"
"202300000586";"25";"09";"2023";"13:50";"1";"49";"49007";"2";"1";"1";"7";"ALSACE";"47,47000000";" -0,55000000"
"202300000587";"25";"09";"2023";"07:52";"1";"43";"43157";"2";"3";"1";"3";"Route du Couderc";"45,03679200";"3,90465400"