"Num_Acc";"jour";"mois";"an";"hrmn";"lum";"dep";"com";"agg";"int";"atm";"col";"adr";"lat";"long"
"202300000979";"28";"03";"2023";"18:45";"1";"30";"30269";"2";"1";"1";"2";"Avenue René Boudon";"44,10440700";"3,88427900"
"202300000980";"29";"03";"2023";"18:20";"1";"77";"77431";"2";"1";"1";"3";"D607";"48,28046000";"2,68331000"
"202300000981";"27";"09";"2023";"15:30";"1";"74";"74012";"2";"3";"1";"3";"MOLE (RUE DU)";"46,19744000";"6,23704000"
"202300000982";"24";"03";"2023";"17:30";"1";"46";"46083";"1";"1";"1";"6";"pk 291.600 - A 20";"45,01422976";"1,53583867"
"202300000983";"5";"05";"2023";"13:10";"1";"77";"77014";"2";"1";"1";"6";"PEUPLIERS (RUE DES)";"48,41313000";"2,74158000"
"202300000984";"27";"09";"2023";"06:30";"5";"74";"74012";"2";"2";"1";"2";"BONNEVILLE (ROUTE DE)";"46,18706400";"6,23610300"
"202300000985";"28";"03";"2023";"18:37";"1";"06";"06088";"1";"1";"1";"4";"A8, PK 199.450, chaussée sud";"43,73222000";"7,27968700"
"202300000986";"5";"05";"2023";"19:00";"1";"77";"77131";"2";"9";"1";"3";"STRASBOURG (AVENUE DE)";"48,80721700";"3,08355400"
"202300000987";"24";"09";"2023";"18:50";"1";"74";"74033";"2";"6";"1";"7";"10 Route de grange blanche";"46,35746500";"6,67512200"
"202300000988";"29";"03";"2023";"09:00";"1";"49";"49129";"1";"1";"1";"3";"A11 ";"47,49889786";" -0,51688541"
"202300000989";"23";"03";"2023";"22:30";"3";"51";"51168";"1";"1";"2";"7";"A26";"48,90681800";"4,28441000"
"202300000990";"5";"05";"2023";"08:40";"1";"76";"76351";"2";"1";"1";"2";"STRASBOURG (BD)";"49,49271000";"0,11769000"
"202300000991";"28";"03";"2023";"00:40";"5";"987";"98733";"2";"1";"1";"1";"RT1 PK 18+500";" -17,69600000";" -149,54800000"
"202300000992";"5";"09";"2023";"17:15";"1";"74";"74056";"1";"1";"1";"4";"RN 205";"45,90692606";"6,84517175"
"202300000993";"28";"03";"2023";"10:35";"1";"974";"97421";"2";"1";"1";"6";"Rue Michel Debre";" -21,03363800";"55,53248500"
"202300000994";"4";"05";"2023";"23:30";"5";"76";"76351";"2";"1";"1";"2";"LENINGRAD (BD DE)";"49,50004000";"0,17146000"
"202300000995";"3";"09";"2023";"12:30";"1";"74";"74275";"1";"1";"7";"5";"rd42";"45,81667800";"6,24431900"
"202300000996";"29";"03";"2023";"08:30";"1";"973";"97304";"1";"1";"3";"7";"Route de l?Espace";"5,28090100";" -52,82108500"
"202300000997";"6";"06";"2023";"19:30";"1";"73";"73008";"2";"1";"1";"6";"CHAMBERY RUE DE";"45,68722000";"5,91399000"
"202300000998";"5";"05";"2023";"11:05";"1";"74";"74012";"2";"1";"1";"5";"THONON (ROUTE DE)";"46,19551000";"6,26172000"
"202300000999";"29";"03";"2023";"03:25";"4";"978";"97801";"2";"3";"1";"6";"VOI 48 RUE DE HOLLANDE";"18,06469900";" -63,08568500"
"202300001000";"23";"11";"2023";"16:30";"1";"976";"97611";"1";"1";"1";"2";"m'tsapere-Nationale 2 (route)";" -12,78849800";"45,22297800"
"202300001001";"5";"05";"2023";"19:08";"1";"72";"72181";"2";"6";"1";"2";"OYON ALEXANDRE (BD)";"47,99000000";"0,19000000"
"202300001002";"29";"03";"2023";"14:50";"1";"45";"45051";"1";"1";"1";"1";"D952 PR 37 + 509";"47,83823600";"2,34460500"
"202300001003";"28";"11";"2023";"07:25";"1";"974";"97416";"1";"3";"1";"3";"THOREZ (CHEMIN MAURICE)";" -21,26247000";"55,48101000"
"202300001004";"28";"03";"2023";"18:30";"1";"13";"13109";"1";"1";"1";"1";"D17";"43,52358200";"5,49885700"
"202300001005";"4";"05";"2023";"23:00";"3";"72";"72181";"2";"1";"1";"1";"MADRID (AV DE)";"48,01808000";"0,21041000"
"202300001006";"29";"03";"2023";"15:00";"1";"52";"52432";"1";"1";"1";"6";"D121";"47,92662361";"5,33873320"
"202300001007";"28";"11";"2023";"10:20";"1";"974";"97416";"1";"1";"1";"3";"ANTOINE PICARD(CHEMIN)";" -21,32938000";"55,52835000"
"202300001008";"27";"03";"2023";"10:30";"1";"26";"26179";"1";"6";"1";"3";"Route de la Teppe";"45,05851500";"4,86695500"
"202300001009";"4";"05";"2023";"17:50";"1";"71";"71153";"2";"9";"1";"2";"MARCET (RUE BAPTISTE)";"46,79544000";"4,43463000"
"202300001010";"28";"11";"2023";"05:30";"1";"974";"97409";"2";"4";"1";"6";"CRESSONNIERE (rue de la)";" -20,96886200";"55,65641500"
"202300001011";"28";"03";"2023";"08:15";"2";"69";"69140";"2";"3";"1";"3";"Route de Charnay";"45,88651700";"4,69706300"
"202300001012";"28";"11";"2023";"11:30";"1";"972";"97213";"2";"1";"1";"7";"ROUTE NATIONALE 1";"14,64132000";" -60,97606000"
"202300001013";"29";"03";"2023";"10:45";"1";"33";"33383";"1";"1";"1";"6";"D103e5";"45,34942085";" -0,84008932"
"202300001014";"27";"11";"2023";"11:50";"1";"972";"97209";"2";"1";"1";"6";"ALFASSA (BOULEVARD)";"14,60192000";" -61,06764000"
"202300001015";"27";"03";"2023";"19:55";"1";"85";"85118";"1";"1";"1";"7";"RD160";"46,63614000";" -1,55038000"
"202300001016";"5";"05";"2023";"20:56";"1";"69";"69266";"2";"1";"1";"1";"Pont de Croix-Luizet";"45,78390038";"4,89436066"
"202300001017";"28";"03";"2023";"08:15";"1";"60";"60157";"2";"1";"1";"3";"Avenue Gambetta";"49,38432800";"2,39860800"
"202300001018";"5";"05";"2023";"12:40";"1";"69";"69290";"2";"1";"1";"2";"36 Chemin de Genas";"45,71681000";"4,96388000"
"202300001019";"28";"11";"2023";"18:58";"5";"2B";"2B033";"2";"6";"6";"3";"GIACCOBBI - AV PAUL";"42,67183000";"9,44178000"
"202300001020";"27";"03";"2023";"14:28";"1";"59";"59452";"2";"1";"1";"1";"1 Allée de la Clairière";"50,45929200";"3,03395700"
"202300001021";"28";"11";"2023";"08:35";"1";"2B";"2B037";"1";"1";"1";"6";"TOUTES RUES";"42,59417000";"9,43869000"
"202300001022";"5";"05";"2023";"08:00";"1";"69";"69276";"2";"6";"1";"3";"Route de Vénissieux";"45,68300000";"4,87000000"
"202300001023";"28";"03";"2023";"17:30";"1";"13";"13033";"1";"1";"1";"2";"A55-Sens Martigues vers Marseille";"43,38068171";"5,21342039"
"202300001024";"28";"11";"2023";"09:40";"1";"2B";"2B033";"2";"9";"1";"6";"TOUTES RUES";"42,67069000";"9,44200000"
"202300001025";"28";"03";"2023";"09:25";"1";"13";"13210";"1";"1";"1";"2";"A507 sens Marseille - Aubagne";"43,28721681";"5,42476967"
"202300001026";"5";"05";"2023";"05:45";"2";"67";"67482";"2";"3";"1";"3";"COMEDIE (RUE DE LA)";"48,58512600";"7,75098300"
"202300001027";"28";"11";"2023";"17:50";"3";"971";"97113";"1";"1";"8";"3";"GRAND BAIE ( RN4)";"16,21821000";" -61,51210000"
"202300001028";"27";"03";"2023";"08:50";"1";"13";"13215";"2";"4";"6";"3";"A7-Sens Marseille vers Lyon";"43,36583700";"5,36060700"
"202300001029";"28";"11";"2023";"14:00";"1";"971";"97101";"1";"1";"2";"1";"PETIT PEROU";"16,26106000";" -61,51674000"
"202300001030";"5";"05";"2023";"14:56";"1";"64";"64335";"2";"1";"1";"2";"TARBES DE";"43,33216000";" -0,42353000"
"202300001031";"27";"03";"2023";"09:30";"1";"83";"83137";"1";"1";"1";"4";"A57";"43,12416200";"5,96396100"
"202300001032";"28";"11";"2023";"07:00";"1";"971";"97101";"2";"1";"1";"3";"PETIT PEROU";"16,25376000";" -61,51409000"
"202300001033";"28";"03";"2023";"08:00";"1";"33";"33550";"1";"1";"1";"2";"ROCADE A 630";"44,78100000";" -0,58100000"
"202300001034";"4";"05";"2023";"18:50";"1";"60";"60175";"2";"9";"1";"6";"31 Rue Gambetta";"49,26371000";"2,47402000"
"202300001035";"28";"11";"2023";"09:30";"1";"90";"90010";"2";"2";"2";"7";"FRERY (RUE)";"47,64063000";"6,85985000"
"202300001036";"27";"03";"2023";"08:35";"1";"33";"33039";"1";"1";"1";"2";"ROUTE NATIONALE 230";"44,80550858";" -0,53030491"
"202300001037";"5";"05";"2023";"13:45";"1";"60";"60057";"2";"9";"1";"6";"Avenue de Champagne";"49,43755000";"2,09818000"
"202300001038";"27";"11";"2023";"18:00";"1";"84";"84007";"2";"1";"1";"6";"SEGHERS (rue Pierre)";"43,92878000";"4,83868000"
"202300001039";"27";"03";"2023";"06:30";"5";"33";"33318";"1";"1";"2";"3";"AUTOROUTE A 63";"44,78920107";" -0,62058806"
"202300001040";"5";"05";"2023";"21:30";"2";"59";"59350";"2";"1";"1";"6";"GAMBETTA LEON RUE";"50,62960000";"3,05500000"
"202300001041";"27";"11";"2023";"13:00";"1";"84";"84007";"2";"1";"1";"6";"EISENHOWER (Avenue)";"43,94178000";"4,79876000"
"202300001042";"28";"03";"2023";"08:00";"1";"91";"91661";"1";"1";"1";"2";"AUTOROUTE A10";"48,70751000";"2,25078000"
"202300001043";"28";"03";"2023";"08:56";"1";"92";"92050";"1";"1";"1";"3";"A14";"48,90008747";"2,20944671"
"202300001044";"26";"11";"2023";"15:15";"1";"84";"84007";"2";"6";"1";"1";"C.De GAULLE (Rocade)";"43,92887000";"4,81351000"
"202300001045";"5";"05";"2023";"09:10";"1";"59";"59378";"1";"3";"1";"3";"BEUVRECQUE RUE DE LA";"50,70531000";"3,11453000"
"202300001046";"27";"03";"2023";"09:50";"1";"95";"95582";"1";"1";"1";"4";"A15";"48,96682579";"2,25512844"
"202300001047";"23";"11";"2023";"09:45";"1";"83";"83129";"2";"1";"1";"6";"REPUBLIQUE (AVENUE DE LA)";"43,09299929";"5,83904238"
"202300001048";"4";"05";"2023";"16:00";"1";"57";"57672";"2";"1";"1";"3";"ASIE (CHAUSSEE D') - IMPAIR";"49,36500000";"6,15160000"
"202300001049";"15";"10";"2023";"11:10";"1";"80";"80001";"2";"9";"7";"6";"GENERAL LECLERC (du)";"50,10736500";"1,84228000"
"202300001050";"28";"03";"2023";"08:30";"1";"94";"94015";"1";"1";"1";"3";"A4";"48,83297415";"2,53364925"
"202300001051";"6";"06";"2023";"15:30";"1";"50";"50129";"2";"2";"1";"3";"EST (BOULEVARD DE L')";"49,63512000";" -1,58642000"
"202300001052";"5";"05";"2023";"08:12";"1";"57";"57463";"2";"1";"1";"3";"GENERAL METMAN";"49,11908000";"6,20484000"
"202300001053";"27";"03";"2023";"23:29";"3";"94";"94028";"1";"1";"1";"6";"N406";"48,77051476";"2,44791993"
"202300001054";"10";"06";"2023";"00:30";"3";"49";"49246";"1";"1";"3";"6";"GALLIENI AVENUE";"47,44128000";" -0,51183000"
"202300001055";"4";"05";"2023";"13:15";"1";"54";"54395";"2";"2";"1";"3";"Boulevard Lobau";"48,68560900";"6,19566100"
"202300001056";"27";"03";"2023";"11:45";"1";"77";"77363";"1";"1";"1";"2";"A104";"48,91471160";"2,63454857"
"202300001057";"27";"03";"2023";"02:00";"3";"77";"77059";"1";"1";"1";"7";"A104";"48,84560028";"2,66239958"
"202300001058";"28";"11";"2023";"06:15";"5";"77";"77438";"2";"1";"2";"6";"MARNE (RUE DE  LA)";"48,87232000";"2,67672000"
"202300001059";"4";"05";"2023";"10:20";"1";"52";"52121";"2";"3";"1";"3";"LILAS (RUE DES)";"48,11061000";"5,15099000"
"202300001060";"26";"11";"2023";"20:55";"3";"77";"77186";"1";"1";"2";"3";"D142";"48,45440600";"2,67120300"
"202300001061";"8";"01";"2023";"10:00";"1";"74";"74048";"2";"3";"2";"6";"D903";"46,27633200";"6,39836700"
"202300001062";"9";"06";"2023";"05:31";"4";"44";"44055";"2";"2";"2";"2";"92 Avenue du Maréchal de Lattre de tassigny";"47,28379000";" -2,40450000"
"202300001063";"5";"05";"2023";"11:00";"1";"51";"51454";"2";"4";"2";"3";"avenue de Laon";"49,27831000";"4,01512000"
"202300001064";"28";"11";"2023";"08:29";"1";"76";"76540";"2";"2";"1";"6";"Avenue de la Porte des Champs";"49,44299000";"1,10445000"
"202300001065";"9";"06";"2023";"14:45";"1";"35";"35055";"2";"1";"1";"3";"COAT A NOZ (ALLEE DE)";"48,08508000";" -1,62928000"
"202300001066";"25";"03";"2023";"07:40";"1";"75";"75119";"2";"1";"1";"2";"PORTE DE LA VILLETTE";"48,89990700";"2,39147500"
"202300001067";"5";"05";"2023";"16:16";"1";"49";"49267";"2";"1";"1";"3";"PATIS";"47,47506000";" -0,50611000"
"202300001068";"5";"05";"2023";"05:13";"5";"49";"49007";"2";"1";"1";"7";"PLANTAGENET";"47,47241000";" -0,55449000"
"202300001069";"27";"11";"2023";"13:40";"1";"76";"76351";"2";"2";"3";"3";"MARECHAL JOFFRE (RUE)";"49,49999000";"0,12961000"
"202300001070";"4";"05";"2023";"14:20";"1";"49";"49007";"2";"1";"1";"7";"CAMUS";"47,44855000";" -0,52512000"
"202300001071";"27";"03";"2023";"18:00";"2";"75";"75117";"2";"3";"1";"3";"BOULEVARD BESSIERES";"48,89761600";"2,32415400"
"202300001072";"9";"06";"2023";"14:06";"1";"35";"35238";"1";"1";"1";"2";"RN136";"48,11036716";" -1,71798974"
"202300001073";"27";"11";"2023";"17:00";"2";"76";"76351";"2";"1";"3";"6";"CLEMENCEAU (BD)";"49,49017000";"0,09751000"
"202300001074";"9";"06";"2023";"07:40";"1";"35";"35278";"2";"6";"2";"3";"AUGE DE PIERRE (ROND POINT DE L')";"48,13667000";" -1,69294000"
"202300001075";"27";"03";"2023";"10:00";"1";"75";"75116";"2";"1";"7";"6";"AVENUE GEORGES LAFONT";"48,83698621";"2,25620449"
"202300001076";"5";"05";"2023";"12:59";"1";"47";"47031";"2";"3";"1";"2";"DOCTEUR NOGUES (AV DU)";"44,19133000";"0,65075000"
"202300001077";"27";"11";"2023";"12:15";"1";"76";"76351";"1";"2";"2";"3";"AMIRAL COURBET";"49,48520000";"0,13129000"
"202300001078";"7";"06";"2023";"03:50";"3";"34";"34301";"1";"1";"1";"1";"Route d'Agde";"43,37332000";"3,62471000"
"202300001079";"5";"05";"2023";"07:50";"1";"45";"45234";"2";"2";"3";"3";"135 Rue du Petit Pont";"47,92278396";"1,92963928"
"202300001080";"28";"11";"2023";"07:55";"2";"72";"72181";"1";"9";"2";"3";"PIFFAULT PIERRE (AV) BESSEMER A MONNIER";"47,97006000";"0,17986000"
"202300001081";"27";"03";"2023";"13:18";"1";"75";"75114";"2";"7";"1";"3";"AVENUE DENFERT ROCHEREAU";"48,83454600";"2,33261100"
"202300001082";"27";"11";"2023";"07:45";"5";"72";"72181";"2";"1";"2";"6";"BOLLEE (AV) N° IMP 65 A 199";"47,99900000";"0,21290000"
"202300001083";"9";"06";"2023";"06:45";"1";"33";"33522";"2";"6";"1";"3";"Rond-point Crespy";"44,80663000";" -0,58620000"
"202300001084";"9";"06";"2023";"08:08";"1";"31";"31555";"1";"1";"1";"3";"VA007598 LESPINET A620 Sortie 20";"43,57319000";"1,47249000"
"202300001085";"28";"11";"2023";"07:30";"4";"70";"70550";"2";"6";"2";"6";"DOLLE (RUE VICTOR)";"47,63785000";"6,15606000"
"202300001086";"5";"05";"2023";"12:02";"1";"38";"38053";"2";"6";"1";"6";"SAINT MICHEL (BLD)";"45,58929721";"5,27772435"
"202300001087";"27";"03";"2023";"16:05";"1";"75";"75112";"2";"7";"1";"6";"PLACE DE LA NATION";"48,84747200";"2,39670300"
"202300001088";"9";"06";"2023";"08:54";"1";"29";"29019";"2";"1";"1";"6";"rue Mirabeau";"48,40774010";" -4,48844133"
"202300001089";"27";"11";"2023";"15:00";"1";"69";"69290";"2";"1";"2";"6";"Route de Grenoble";"45,71522000";"4,96334000"
"202300001090";"5";"05";"2023";"13:35";"1";"37";"37122";"2";"1";"8";"6";"HUGO (AVENUE VICTOR)";"47,35108000";"0,66454000"
"202300001091";"9";"06";"2023";"17:40";"1";"28";"28134";"2";"1";"1";"7";"ETHE VIRTON (RUE D)";"48,74346000";"1,38161000"
"202300001092";"27";"03";"2023";"12:50";"1";"75";"75112";"2";"1";"1";"3";"RUE VILLIOT";"48,84135700";"2,37495000"
"202300001093";"27";"11";"2023";"10:00";"1";"69";"69259";"2";"1";"2";"4";"Boulevard Laurent Bonnevay";"45,72040802";"4,88193020"
"202300001094";"5";"05";"2023";"06:15";"4";"37";"37261";"2";"1";"3";"2";"GRAMMONT (AVENUE DE)";"47,37586026";"0,69462776"
"202300001095";"27";"11";"2023";"19:30";"5";"67";"67482";"2";"1";"2";"1";"GANZAU (RUE DE LA)";"48,54335000";"7,76494000"
"202300001096";"4";"05";"2023";"11:15";"1";"33";"33063";"2";"2";"7";"2";"Avenue de Verdun";"44,83878000";" -0,62607000"
"202300001097";"9";"06";"2023";"10:50";"1";"25";"25462";"2";"1";"1";"2";"LIBERATION DE LA (DU 22 A LA FIN)";"46,91748000";"6,34337000"
"202300001098";"27";"03";"2023";"00:15";"5";"75";"75112";"2";"3";"1";"2";"AVENUE DU TREMBLAY";"48,83583700";"2,45316100"
"202300001099";"25";"11";"2023";"11:55";"1";"66";"66136";"2";"1";"1";"2";"N/A";"42,68560000";"2,90198000"
"202300001100";"9";"06";"2023";"11:45";"1";"25";"25056";"2";"1";"1";"2";"KASTLER RUE ALFRED";"47,22652000";"5,97272000"
"202300001101";"5";"05";"2023";"17:02";"1";"31";"31555";"2";"1";"1";"6";"SEMARD (BD PIERRE)";"43,61123200";"1,45306900"
"202300001102";"27";"03";"2023";"16:45";"1";"75";"75111";"2";"1";"1";"3";"BOULEVARD VOLTAIRE";"48,86023500";"2,37600900"
"202300001103";"28";"11";"2023";"07:45";"2";"64";"64348";"1";"3";"1";"2";"MARTYRS DU PONT LONG DES";"43,34834000";" -0,37996000"
"202300001104";"9";"06";"2023";"02:00";"5";"25";"25056";"2";"1";"1";"6";"PORT CITEAUX RUE DU";"47,23799000";"6,01683000"
"202300001105";"5";"05";"2023";"15:30";"1";"31";"31555";"2";"1";"1";"3";"4 Boulevard de l'Embouchure";"43,61609000";"1,43651000"
"202300001106";"28";"11";"2023";"10:45";"1";"64";"64024";"2";"1";"1";"2";"ESPAGNE (AVENUE D')";"43,47982000";" -1,51763000"
"202300001107";"27";"03";"2023";"18:45";"1";"75";"75103";"2";"2";"1";"6";"RUE BEAUBOURG";"48,86374800";"2,35488500"
"202300001108";"4";"05";"2023";"13:10";"1";"31";"31555";"2";"1";"1";"6";"BD DEODAT DE SEVERAC";"43,59007400";"1,42087300"
"202300001109";"27";"11";"2023";"16:05";"1";"64";"64102";"2";"1";"8";"6";"PAULMY (AVENUE DES ALLEES)";"43,48861000";" -1,48254000"
"202300001110";"9";"06";"2023";"17:35";"1";"22";"22278";"2";"1";"3";"7";"BREST (DE)";"48,51224000";" -2,76703000"
"202300001111";"28";"04";"2023";"06:00";"1";"30";"30189";"1";"1";"1";"1";"Route d'Alès";"43,84126000";"4,31900000"
"202300001112";"27";"03";"2023";"12:16";"1";"75";"75103";"2";"2";"1";"2";"RUE VIEILLE DU TEMPLE";"48,85867800";"2,35875900"
"202300001113";"28";"11";"2023";"11:00";"1";"62";"62525";"2";"1";"1";"3";"Avenue Clemenceau";"50,74259000";"2,24895000"
"202300001114";"9";"06";"2023";"09:40";"1";"22";"22278";"2";"1";"2";"2";"PROUST (MARCEL)";"48,49332000";" -2,74913000"
"202300001115";"17";"04";"2023";"07:30";"1";"30";"30075";"1";"1";"1";"3";"N/A";"43,81945000";"4,29463000"
"202300001116";"27";"11";"2023";"17:40";"5";"59";"59599";"2";"1";"3";"6";"JOFFRE (AVENUE MARECHAL)";"50,71587000";"3,17400000"
"202300001117";"8";"06";"2023";"10:48";"1";"19";"19031";"2";"1";"1";"6";"GONCOURT (RUE DES FRERES)";"45,15746000";"1,50794000"
"202300001118";"27";"03";"2023";"16:40";"1";"94";"94081";"2";"2";"1";"3";"Avenue Rouget de Lisle / Rue Ansèlme Rondenay";"48,77817000";"2,39649000"
"202300001119";"9";"06";"2023";"19:50";"2";"15";"15014";"1";"9";"2";"7";"RN 122 ( LA SABLIERE)";"44,90050000";"2,41664000"
"202300001120";"28";"11";"2023";"17:40";"5";"59";"59033";"2";"1";"2";"2";"JEAN JAURES (RUE)";"50,19881761";"3,84294546"
"202300001121";"27";"03";"2023";"17:35";"1";"94";"94067";"2";"2";"1";"3";"Avenue Gallieni / Avenue Quihou";"48,84665144";"2,41663331"
"202300001122";"5";"05";"2023";"21:45";"3";"29";"29039";"2";"6";"2";"2";"Rue de Kerneac'H";"47,88316000";" -3,92249000"
"202300001123";"9";"06";"2023";"09:30";"1";"13";"13215";"2";"1";"1";"1";"RUISSEAU MI (RUE)";"43,35112707";"5,35305313"
"202300001124";"27";"11";"2023";"08:40";"1";"59";"59286";"2";"2";"2";"3";"GAMBETTA LEON RUE";"50,61049000";"2,98317000"
"202300001125";"27";"03";"2023";"08:56";"1";"94";"94041";"2";"2";"1";"3";"Rue Molière / Boulevard de Brandebourg";"48,81467664";"2,39431947"
"202300001126";"5";"05";"2023";"22:00";"5";"29";"29019";"2";"6";"1";"3";"boulevard de l'Europe";"48,41571200";" -4,47540200"
"202300001127";"9";"06";"2023";"19:15";"1";"13";"13001";"2";"1";"1";"3";"ST LOUIS (COURS)";"43,53076778";"5,45228994"
"202300001128";"26";"11";"2023";"18:15";"5";"57";"57757";"2";"3";"1";"6";"JAURES (RUE JEAN)";"49,35311276";"6,18075371"
"202300001129";"27";"03";"2023";"19:15";"1";"94";"94028";"2";"1";"1";"6";"Rue Juliette Savar";"48,78269000";"2,46427000"
"202300001130";"19";"11";"2023";"10:45";"1";"55";"55545";"2";"1";"1";"6";"DIGUE (PLACE DE LA )";"49,15675000";"5,38725000"
"202300001131";"8";"06";"2023";"09:21";"1";"10";"10387";"2";"6";"1";"3";"EDOUARD HERRIOT (RUE)";"48,27577000";"4,07842000"
"202300001132";"27";"03";"2023";"20:00";"2";"93";"93073";"2";"3";"1";"1";"Avenue de la Paix / Rue Josette et Maurice Audin";"48,94965000";"2,56903000"
"202300001133";"4";"05";"2023";"17:40";"1";"28";"28404";"1";"1";"1";"2";"RN 154";"48,70379000";"1,37285000"
"202300001134";"8";"06";"2023";"17:40";"1";"07";"07281";"2";"1";"1";"6";"REPUBLIQUE (RUE DE LA)";"44,94589000";"4,84704000"
"202300001135";"12";"11";"2023";"06:30";"2";"55";"55545";"2";"1";"1";"3";"QUARANTE DEUXIEME DIVISION (AVENUE DE LA";"49,16343000";"5,39415000"
"202300001136";"27";"03";"2023";"18:44";"1";"93";"93066";"2";"1";"1";"3";"Boulevard Anatole France";"48,92347329";"2,34791994"
"202300001137";"4";"05";"2023";"09:00";"1";"27";"27234";"1";"1";"1";"2";"RN 154";"49,01637280";"1,19037490"
"202300001138";"23";"10";"2023";"16:40";"2";"55";"55545";"2";"1";"1";"3";"COMMANDANT RAYNAL ( AVENUE )";"49,13322000";"5,30807000"
"202300001139";"9";"06";"2023";"13:45";"1";"06";"06088";"2";"2";"1";"3";"GAL (R. AUGUSTE)";"43,70695000";"7,28756000"
"202300001140";"27";"03";"2023";"15:20";"1";"93";"93049";"2";"1";"1";"1";"10 Rue Raspail";"48,85409979";"2,51431748"
"202300001141";"3";"05";"2023";"17:07";"1";"27";"27229";"2";"1";"1";"6";"DUHAMEL (RUE GEORGES)";"49,01400000";"1,16900000"
"202300001142";"19";"12";"2023";"16:27";"1";"22";"22187";"2";"1";"2";"1";"DESCARTES (Rue René )";"48,54748000";" -2,80084000"
"202300001143";"9";"06";"2023";"06:45";"1";"06";"06123";"2";"1";"1";"4";"VESPINS ROUTE DES";"43,66035000";"7,18166000"
"202300001144";"27";"11";"2023";"10:45";"1";"51";"51454";"2";"3";"2";"3";"LUNDY (BOULEVARD)";"49,25889900";"4,03748400"
"202300001145";"27";"03";"2023";"14:45";"1";"93";"93050";"2";"3";"1";"2";"Avenue du Maréchal Leclerc / Rue Albert Camus";"48,86118000";"2,54133000"
"202300001146";"6";"06";"2023";"13:15";"1";"03";"03101";"2";"1";"1";"6";"Avenue de Bressolles";"46,36484000";"2,52754000"
"202300001147";"27";"03";"2023";"16:42";"1";"93";"93079";"2";"1";"1";"6";"Route de Saint-leu";"48,95496000";"2,33399000"
"202300001148";"27";"11";"2023";"07:45";"3";"51";"51573";"2";"3";"2";"2";"FEMMES (CHEMIN DES)";"49,24239000";"3,99075000"
"202300001149";"8";"06";"2023";"13:35";"1";"02";"02722";"1";"6";"1";"3";"";"49,36633000";"3,30984000"
"202300001150";"25";"12";"2023";"11:40";"1";"976";"97607";"1";"1";"1";"5";"route de l'Est - Hajangoua";" -12,87284300";"45,20911000"
"202300001151";"27";"03";"2023";"08:10";"1";"92";"92072";"2";"1";"1";"3";"GRANDE RUE";"48,82527000";"2,21585000"
"202300001152";"28";"11";"2023";"08:20";"1";"49";"49267";"2";"1";"1";"3";"A87N";"47,46669782";" -0,51604572"
"202300001153";"5";"05";"2023";"09:50";"1";"22";"22278";"2";"1";"1";"7";"COURSES (CHEM. DES)";"48,51814680";" -2,72387289"
"202300001154";"27";"03";"2023";"10:33";"1";"92";"92020";"2";"1";"1";"6";"DIVISION LECLERC AVENUE DE LA";"48,79810000";"2,28270000"
"202300001155";"9";"06";"2023";"18:30";"1";"75";"75117";"2";"1";"1";"3";"PORTE D ASNIERES";"48,89011500";"2,29852000"
"202300001156";"19";"12";"2023";"16:45";"1";"976";"97607";"1";"1";"1";"1";"route de l'Est";" -12,86318900";"45,19809200"
"202300001157";"27";"11";"2023";"09:38";"1";"49";"49007";"2";"1";"2";"1";"SAUMUROISE IMPASSE ET RUE";"47,45619000";" -0,53081000"
"202300001158";"9";"06";"2023";"10:30";"1";"75";"75114";"2";"1";"1";"7";"PORTE DE CHATILLON";"48,82266000";"2,31423500"
"202300001159";"27";"03";"2023";"17:15";"1";"92";"92035";"2";"1";"8";"6";"National ( boulevard )";"48,90553314";"2,23925695"
"202300001160";"5";"05";"2023";"08:50";"1";"22";"22278";"2";"1";"1";"6";"METAIRIE (JEAN)";"48,51120000";" -2,76649000"
"202300001161";"25";"08";"2023";"19:15";"3";"976";"97611";"2";"1";"1";"6";"les hauts vallons-Filaos ( av des  )";" -12,75880000";"45,22937000"
"202300001162";"27";"03";"2023";"08:30";"1";"92";"92026";"2";"1";"1";"6";"ARMAND SILVESTRE ( DE 01 A 92)";"48,90159000";"2,26631000"
"202300001163";"28";"11";"2023";"13:15";"1";"47";"47001";"2";"2";"1";"3";"PELLETAN (BOULEVARD EUGENE)";"44,19917759";"0,62631082"
"202300001164";"8";"06";"2023";"21:15";"5";"75";"75110";"2";"4";"1";"2";"RUE LA FAYETTE";"48,88251100";"2,36925900"
"202300001165";"2";"06";"2023";"06:10";"2";"976";"97611";"2";"9";"1";"6";"kaweni-Kaweni sud  (Z I)";" -12,77072767";"45,22686714"
"202300001166";"5";"05";"2023";"22:30";"5";"18";"18033";"2";"2";"1";"3";"Boulevard Gambetta";"47,08678000";"2,38861000"
"202300001167";"26";"03";"2023";"19:00";"1";"92";"92004";"2";"1";"2";"6";"YVONNE ( AVENUE )";"48,91837687";"2,31544241"
"202300001168";"27";"11";"2023";"12:03";"1";"45";"45004";"2";"1";"3";"2";"D2107 PR 1 + 34";"47,98471500";"2,73267600"
"202300001169";"27";"05";"2023";"18:05";"5";"976";"97611";"2";"1";"1";"6";"Boulevard Mawana Madi";" -12,78150000";"45,23476000"
"202300001170";"9";"06";"2023";"20:45";"2";"75";"75105";"2";"2";"1";"3";"RUE DES ECOLES";"48,84889700";"2,34746900"
"202300001171";"27";"03";"2023";"06:20";"5";"92";"92002";"2";"1";"1";"6";"RABELAIS (AVENUE)";"48,75217000";"2,30789000"
"202300001172";"5";"05";"2023";"20:05";"1";"17";"17333";"2";"6";"1";"3";"JUIN (AVENUE MARECHAL)";"45,61276500";" -0,99120400"