"Num_Acc";"jour";"mois";"an";"hrmn";"lum";"dep";"com";"agg";"int";"atm";"col";"adr";"lat";"long"
"202300001173";"13";"02";"2023";"16:30";"1";"976";"97611";"2";"1";"7";"6";"tsoundzou-Kwalé ( route de )";" -12,79905730";"45,21570343"
"202300001174";"28";"11";"2023";"08:25";"2";"38";"38158";"2";"1";"2";"2";"N 87";"45,15911000";"5,75036000"
"202300001175";"9";"06";"2023";"18:20";"1";"75";"75106";"2";"1";"1";"2";"RUE GUYNEMER";"48,84790400";"2,33253000"
"202300001176";"27";"03";"2023";"17:15";"1";"67";"67273";"1";"1";"8";"7";"Départementale 09";"48,86531500";"7,28484700"
"202300001177";"25";"12";"2023";"19:00";"3";"88";"88209";"2";"1";"1";"6";"DOMEVRE (RUE DE)";"48,20431000";"6,40578000"
"202300001178";"2";"05";"2023";"17:20";"1";"15";"15014";"1";"1";"1";"2";"RN122";"44,92290000";"2,47365000"
"202300001179";"27";"03";"2023";"23:35";"3";"22";"22067";"1";"1";"1";"6";"RN 12 pk 91+0100";"48,55350842";" -3,17284119"
"202300001180";"9";"06";"2023";"12:20";"1";"75";"75119";"2";"3";"1";"3";"AVENUE MATHURIN MOREAU";"48,87823000";"2,37354000"
"202300001181";"11";"12";"2023";"17:30";"5";"88";"88486";"1";"3";"1";"1";"RD 43 - D243";"48,02445500";"6,70136500"
"202300001182";"24";"04";"2023";"01:00";"3";"13";"13108";"1";"1";"1";"1";"RD 970 ROUTE D'AVIGNON";"43,77310000";"4,68758000"
"202300001183";"28";"11";"2023";"17:45";"5";"37";"37261";"2";"1";"8";"4";"MIRABEAU (PONT)";"47,40368000";"0,70248000"
"202300001184";"9";"06";"2023";"20:45";"1";"75";"75117";"2";"3";"1";"6";"AVENUE DE VILLIERS";"48,88146300";"2,31600700"
"202300001185";"4";"05";"2023";"23:44";"5";"10";"10387";"2";"1";"1";"6";"Quai du Comte Henri";"48,29730000";"4,07955000"
"202300001186";"9";"06";"2023";"03:40";"5";"75";"75117";"2";"2";"1";"2";"AVENUE DE CLICHY";"48,89058000";"2,32019600"
"202300001187";"27";"11";"2023";"17:30";"4";"37";"37261";"2";"1";"2";"6";"BRUXELLES (PLACE DE)";"47,42696000";"0,68545000"
"202300001188";"20";"07";"2023";"14:05";"1";"91";"91689";"2";"3";"1";"3";"AV AMPERE";"48,73053100";"2,31824200"
"202300001189";"4";"05";"2023";"12:21";"1";"10";"10357";"2";"9";"1";"2";"Av Lieutenant Michel Taittinger";"48,30225655";"4,10246551"
"202300001190";"25";"03";"2023";"19:28";"3";"62";"62362";"1";"1";"1";"3";"D72";"50,39475360";"2,51296149"
"202300001191";"11";"07";"2023";"16:10";"1";"91";"91044";"2";"1";"1";"1";"Route d'Orléans";"48,68311300";"2,28495800"
"202300001192";"28";"11";"2023";"19:00";"5";"35";"35115";"2";"1";"2";"6";"GROSLAY (BD DE DU N°25 AU 43)";"48,35104201";" -1,18496239"
"202300001193";"9";"06";"2023";"16:45";"1";"75";"75116";"2";"3";"1";"2";"RUE DE REMUSAT";"48,84791700";"2,27140500"
"202300001194";"5";"05";"2023";"13:15";"1";"06";"06088";"2";"1";"1";"6";"PENETRANTE DU PAILLON";"43,72762000";"7,28379000"
"202300001195";"27";"03";"2023";"07:57";"2";"51";"51264";"1";"1";"1";"7";"D373";"48,79664100";"3,61688900"
"202300001196";"9";"10";"2023";"18:57";"2";"28";"28092";"1";"1";"1";"6";"A 10";"48,35818800";"1,87686000"
"202300001197";"28";"11";"2023";"14:15";"1";"34";"34172";"2";"1";"1";"3";"DOMITIENNE (VOIE)";"43,62320000";"3,86133000"
"202300001198";"9";"06";"2023";"11:00";"1";"75";"75116";"2";"2";"1";"3";"BOULEVARD EXELMANS";"48,84147500";"2,26387700"
"202300001199";"16";"12";"2023";"15:29";"1";"12";"12145";"2";"1";"1";"6";"AYROLLE (BOULEVARD DE L')";"44,09556000";"3,07668000"
"202300001200";"27";"03";"2023";"17:50";"1";"31";"31150";"2";"1";"1";"1";"Route de Pibrac";"43,64164500";"1,31713100"
"202300001201";"28";"11";"2023";"22:50";"5";"33";"33063";"2";"1";"1";"3";"Boulevard des Frères Moga";"44,82302000";" -0,54234000"
"202300001202";"9";"06";"2023";"11:30";"1";"75";"75115";"2";"2";"1";"6";"AVENUE EMILE ZOLA";"48,84655500";"2,28398800"
"202300001203";"24";"12";"2023";"06:40";"2";"32";"32123";"1";"1";"1";"3";"D12";"43,64907600";"0,88053200"
"202300001204";"28";"03";"2023";"17:00";"1";"72";"72241";"2";"1";"1";"2";"Route de Saint Corneille";"48,05235300";"0,39227800"
"202300001205";"9";"06";"2023";"10:30";"1";"75";"75114";"2";"1";"1";"6";"RUE DU COMMANDANT RENE MOUCHOTTE";"48,83828700";"2,31962400"
"202300001206";"28";"11";"2023";"18:30";"5";"33";"33063";"2";"3";"1";"3";"Cours Edouard Vaillant";"44,86335000";" -0,56131000"
"202300001207";"28";"03";"2023";"13:10";"1";"05";"05156";"2";"1";"1";"6";"D40";"44,53994628";"6,49778697"
"202300001208";"13";"12";"2023";"16:15";"1";"14";"14540";"1";"1";"2";"6";"GROS HETRE (CHEMIN DU)";"49,15500000";"0,24400000"
"202300001209";"9";"06";"2023";"20:10";"1";"75";"75112";"2";"1";"1";"3";"RUE DE CHARENTON";"48,83463000";"2,39351800"
"202300001210";"10";"02";"2023";"11:40";"1";"73";"73043";"2";"9";"1";"6";"IMPASSE DES CHARDONS";"45,76291800";"5,92991400"
"202300001211";"21";"12";"2023";"17:15";"5";"74";"74010";"2";"1";"1";"6";"152 Route de meclaz";"45,83769700";"6,06883300"
"202300001212";"28";"11";"2023";"15:30";"1";"33";"33063";"2";"3";"1";"2";"Boulevard Alfred Daney";"44,86749000";" -0,57241000"
"202300001213";"9";"06";"2023";"10:30";"1";"75";"75112";"2";"2";"1";"3";"ECHANGEUR BERCY";"48,82818900";"2,39031400"
"202300001214";"11";"11";"2023";"03:00";"3";"14";"14726";"1";"1";"2";"7";"26 Route d'Aunay-sur-Odon (Vassy)";"48,85780500";" -0,68209600"
"202300001215";"28";"03";"2023";"10:40";"1";"24";"24520";"1";"1";"1";"1";"Route du Bugue";"44,88522600";"1,18856200"
"202300001216";"28";"11";"2023";"10:50";"1";"33";"33119";"2";"3";"1";"3";"Rue Jules Guesde";"44,85527526";" -0,53574510"
"202300001217";"9";"06";"2023";"22:38";"5";"75";"75111";"2";"3";"1";"3";"AVENUE DE LA REPUBLIQUE";"48,86584500";"2,37154800"
"202300001218";"22";"09";"2023";"14:00";"1";"52";"52461";"2";"9";"2";"3";"Rue Glapigny";"48,00201200";"5,43011600"
"202300001219";"27";"03";"2023";"11:40";"1";"38";"38053";"1";"3";"2";"1";"pk 0 D208";"45,60762400";"5,22904200"
"202300001220";"28";"11";"2023";"20:00";"5";"31";"31555";"2";"1";"1";"6";"BD DE LA MARQUETTE";"43,61179900";"1,42516500"
"202300001221";"9";"06";"2023";"15:00";"1";"75";"75111";"2";"3";"1";"3";"BOULEVARD DES FILLES DU CALVAIRE";"48,86135400";"2,36716800"
"202300001222";"28";"09";"2023";"23:56";"4";"972";"97207";"1";"1";"1";"2";"ROUTE NATIONALE 5";"14,56619300";" -60,97913900"
"202300001223";"27";"03";"2023";"12:15";"1";"974";"97422";"1";"1";"1";"3";"Route Nat 3 Pk 27";" -21,17197700";"55,58533800"
"202300001224";"27";"11";"2023";"17:20";"2";"31";"31555";"2";"1";"2";"6";"RUE LOUIS PLANA";"43,61334300";"1,47669000"
"202300001225";"9";"06";"2023";"12:20";"1";"75";"75111";"2";"2";"1";"3";"RUE JEAN PIERRE TIMBAUD";"48,86893100";"2,38046000"
"202300001226";"18";"09";"2023";"13:58";"1";"972";"97213";"1";"1";"1";"2";"ROUTE DEPARTEMENTALE 3";"14,61295000";" -60,99510000"
"202300001227";"27";"03";"2023";"10:30";"1";"28";"28055";"1";"3";"1";"1";"RD325.7";"48,63184500";"1,41451100"
"202300001228";"7";"11";"2023";"10:52";"1";"30";"30189";"2";"2";"1";"6";"RABAUT SAINT-ETIENNE (RUE)";"43,83796000";"4,35192000"
"202300001229";"9";"06";"2023";"09:05";"1";"75";"75111";"2";"1";"7";"3";"RUE DE LA FONTAINE AU ROI";"48,86832500";"2,37093300"
"202300001230";"28";"03";"2023";"11:45";"1";"2A";"2A247";"2";"3";"1";"3";"Rue Henry Frenay";"41,60579600";"9,27964400"
"202300001231";"15";"09";"2023";"07:35";"1";"972";"97213";"1";"1";"1";"4";"AUTOROUTE A1";"14,61853000";" -61,02458000"
"202300001232";"28";"11";"2023";"18:05";"3";"29";"29019";"2";"2";"1";"3";"rue Louis Delobeau";"48,39418000";" -4,49366000"
"202300001233";"28";"03";"2023";"16:30";"1";"83";"83077";"2";"1";"7";"6";"Route de Brignoles";"43,28623975";"5,97573747"
"202300001234";"9";"06";"2023";"14:15";"1";"75";"75108";"2";"2";"1";"3";"RUE DE ROME";"48,87949600";"2,32184100"
"202300001235";"27";"11";"2023";"17:55";"5";"28";"28209";"2";"9";"2";"3";"SOUTINE (Avenue de)";"48,47237500";"1,46876400"
"202300001236";"29";"10";"2023";"12:00";"1";"972";"97213";"1";"9";"2";"1";"ROUTE DEPARTEMENTALE 3";"14,64105000";" -60,99135000"
"202300001237";"27";"03";"2023";"14:48";"1";"70";"70262";"1";"1";"1";"7";"N19";"47,66671000";"6,37807300"
"202300001238";"9";"06";"2023";"15:30";"1";"94";"94081";"2";"1";"1";"3";"10 Avenue Youri Gagarine";"48,78801800";"2,38990700"
"202300001239";"26";"03";"2023";"10:00";"1";"33";"33179";"2";"1";"1";"6";"D18";"44,99864400";" -0,27506600"
"202300001240";"23";"10";"2023";"17:50";"5";"972";"97213";"1";"1";"1";"1";"ACAJOU PROLONGEE";"14,62393440";" -61,01939780"
"202300001241";"27";"11";"2023";"17:45";"3";"28";"28218";"2";"1";"2";"6";"PROUST( avenue MARCEL)";"48,43179000";"1,45737000"
"202300001242";"8";"06";"2023";"04:15";"5";"94";"94017";"2";"3";"1";"2";"CHARLES FLOQUET (AV)";"48,81952600";"2,48243500"
"202300001243";"28";"03";"2023";"04:30";"3";"33";"33014";"1";"1";"1";"6";"35 route de lyon";"44,96895000";" -0,16607200"
"202300001244";"22";"10";"2023";"07:07";"1";"972";"97213";"1";"1";"2";"6";"ROUTE DEPARTEMENTALE 13";"14,63304000";" -61,02713000"
"202300001245";"6";"06";"2023";"11:30";"1";"94";"94052";"2";"1";"1";"3";"23 Rue Thiers";"48,83938556";"2,48515007"
"202300001246";"28";"11";"2023";"08:44";"1";"27";"27229";"2";"1";"1";"1";"NORMANDIE (BOULEVARD DE)";"49,02134300";"1,13785200"
"202300001247";"27";"03";"2023";"22:53";"3";"33";"33439";"1";"1";"1";"1";"1 Lieu Dit la Guillotine";"45,12158200";" -0,41653600"
"202300001248";"10";"10";"2023";"18:40";"5";"972";"97213";"1";"9";"1";"2";"ROUTE DEPARTEMENTALE 15";"14,62934000";" -61,00817000"
"202300001249";"27";"11";"2023";"07:45";"5";"22";"22113";"2";"1";"3";"6";"MARZIN (AVENUE PIERRE)";"48,75322000";" -3,45840000"
"202300001250";"9";"06";"2023";"11:30";"1";"94";"94043";"2";"1";"1";"2";"Rue Pasteur";"48,81542000";"2,36311000"
"202300001251";"28";"03";"2023";"08:30";"1";"33";"33051";"2";"1";"7";"3";"136 Avenue de la Côte d?Argent";"44,64013500";" -0,96276300"
"202300001252";"5";"04";"2023";"12:35";"1";"13";"13055";"1";"1";"1";"2";"A50-Sens Marseille vers Aubagne";"43,29690000";"5,42485000"
"202300001253";"27";"03";"2023";"17:20";"1";"56";"56206";"2";"1";"1";"6";"16 Rue de Coëtdigo";"47,68672000";" -2,75869500"
"202300001254";"28";"11";"2023";"21:10";"5";"13";"13204";"2";"2";"1";"3";"MARÉCHAL FOCH (AVENUE)";"43,30072000";"5,39960000"
"202300001255";"9";"06";"2023";"20:46";"1";"94";"94073";"2";"1";"1";"7";"Av du Mal de Lattre de Tassigny";"48,75723000";"2,40433000"
"202300001256";"13";"11";"2023";"10:30";"1";"32";"32151";"1";"1";"1";"2";"D935";"43,61384800";" -0,02050300"
"202300001257";"28";"11";"2023";"19:45";"5";"13";"13208";"2";"1";"1";"6";"SABLIER (BOULEVARD DU)";"43,24846000";"5,38171000"
"202300001258";"22";"09";"2023";"19:40";"1";"92";"92040";"2";"1";"9";"6";"FRERES VOISIN (BOULEVARD DES)";"48,82787383";"2,27267700"
"202300001259";"27";"03";"2023";"11:00";"1";"60";"60282";"2";"4";"1";"4";"Route de Noailles a Vineuil";"49,21141477";"2,42855787"
"202300001260";"28";"11";"2023";"16:00";"1";"13";"13209";"2";"1";"1";"1";"LÉON LACHAMP (ROUTE)";"43,24840899";"5,45389330"
"202300001261";"9";"06";"2023";"18:05";"1";"94";"94028";"2";"5";"1";"5";"Avenue du Général de Gaulle";"48,78793000";"2,44660000"
"202300001262";"1";"06";"2023";"07:50";"1";"77";"77129";"1";"1";"1";"1";"D17";"49,07421357";"3,13502741"
"202300001263";"25";"03";"2023";"09:00";"1";"57";"57146";"1";"1";"1";"2";"Autoroute A31";"49,02610000";"6,11510000"
"202300001264";"28";"11";"2023";"08:55";"1";"13";"13214";"2";"1";"1";"2";"DANIEL CASANOVA (BOULEVARD)";"43,33018804";"5,37630722"
"202300001265";"9";"06";"2023";"16:57";"1";"94";"94011";"2";"9";"1";"3";"Avenue du Bicentenaire 1789 1989";"48,76467000";"2,49052000"
"202300001266";"27";"03";"2023";"11:20";"1";"33";"33550";"1";"1";"1";"3";"ROCADE A 630";"44,77847408";" -0,55457354"
"202300001267";"5";"11";"2023";"19:35";"5";"78";"78126";"1";"1";"1";"2";"A13";"48,83614600";"2,12903500"
"202300001268";"24";"03";"2023";"17:33";"1";"59";"59462";"1";"1";"1";"6";"AUTOROUTE A1";"50,51303000";"3,03244000"
"202300001269";"8";"06";"2023";"18:05";"1";"94";"94028";"2";"1";"1";"6";"Avenue du Général de Gaulle";"48,78351000";"2,45278000"
"202300001270";"18";"11";"2023";"15:55";"1";"12";"12145";"2";"6";"1";"3";"AUMIERES (ROND POINT DES) ";"44,10147000";"3,06736000"
"202300001271";"27";"11";"2023";"10:35";"1";"14";"14040";"1";"1";"2";"6";"Route du Molay-Littry";"49,26526300";" -0,75354000"
"202300001272";"27";"03";"2023";"07:29";"2";"94";"94021";"1";"1";"1";"2";"A6A";"48,76295663";"2,34128346"
"202300001273";"23";"11";"2023";"14:50";"1";"10";"10387";"2";"1";"8";"7";"MICHEL BAROIN (RUE)";"48,28302000";"4,09200000"
"202300001274";"8";"06";"2023";"23:00";"5";"93";"93078";"2";"2";"1";"6";"Boulevard Robert Ballanger / Avenue Roger Salengro";"48,95503000";"2,53725000"
"202300001275";"24";"12";"2023";"08:25";"1";"93";"93066";"2";"1";"8";"6";"Place Jean Poulmarch";"48,93279200";"2,34256100"
"202300001276";"27";"03";"2023";"02:24";"3";"91";"91661";"1";"1";"1";"6";"AUTOROUTE A10";"48,69398700";"2,22994500"
"202300001277";"28";"11";"2023";"15:00";"1";"75";"75112";"2";"1";"1";"3";"PORTE DOREE";"48,83319100";"2,40694600"
"202300001278";"16";"12";"2023";"18:20";"3";"67";"67053";"1";"1";"1";"7";"D705";"48,22671700";"7,56962300"
"202300001279";"9";"06";"2023";"08:30";"1";"93";"93070";"2";"2";"1";"3";"Boulevard Jean Jaurès / Rue du Landy";"48,91517000";"2,33759000"
"202300001280";"27";"11";"2023";"19:10";"5";"75";"75118";"2";"1";"2";"7";"PORTE DE SAINT OUEN";"48,90084700";"2,33443700"
"202300001281";"28";"12";"2023";"21:55";"4";"60";"60290";"2";"1";"1";"5";"Rue du Pont";"49,48140100";"2,12925600"
"202300001282";"27";"03";"2023";"10:00";"1";"92";"92023";"1";"1";"1";"4";"RN385";"48,77680855";"2,23069899"
"202300001283";"9";"06";"2023";"09:50";"1";"93";"93066";"2";"3";"1";"1";"Rue Maurice Thorez / Rue Pierre Brossolette";"48,94184000";"2,34699000"
"202300001284";"1";"01";"2023";"17:00";"2";"59";"59112";"1";"1";"1";"7";"N/A";"50,39335674";"3,54773465"
"202300001285";"27";"03";"2023";"02:00";"5";"92";"92051";"1";"1";"1";"1";"RN13";"48,88309768";"2,26592597"
"202300001286";"28";"11";"2023";"20:50";"5";"75";"75119";"2";"2";"1";"6";"AVENUE DE FLANDRE";"48,89056400";"2,37696900"
"202300001287";"9";"06";"2023";"07:05";"1";"93";"93066";"2";"4";"1";"3";"Boulevard de la Libération / Quai de Saint Ouen";"48,92996362";"2,34088992"
"202300001288";"23";"11";"2023";"17:55";"3";"43";"43177";"1";"3";"1";"1";"D500";"45,31650900";"4,29507500"
"202300001289";"28";"11";"2023";"12:00";"1";"75";"75118";"2";"4";"8";"6";"RUE LEIBNIZ";"48,89659000";"2,33564400"
"202300001290";"9";"06";"2023";"03:20";"3";"93";"93066";"2";"9";"1";"6";"Route de la Courneuve";"48,93235337";"2,37533115"
"202300001291";"26";"03";"2023";"17:00";"1";"92";"92062";"1";"1";"1";"4";"RN1013";"48,89015578";"2,24212911"
"202300001292";"3";"11";"2023";"11:10";"1";"13";"13078";"1";"1";"2";"1";"Route du Mat de Ricca";"43,41719000";"4,81613200"
"202300001293";"9";"06";"2023";"23:30";"5";"93";"93064";"2";"1";"1";"6";"Rue Conrad Adenauer";"48,87944310";"2,48200013"
"202300001294";"26";"03";"2023";"19:00";"1";"93";"93053";"1";"1";"1";"2";"AUTOROUTE A86";"48,89701000";"2,46967000"
"202300001295";"28";"11";"2023";"20:05";"5";"75";"75117";"2";"7";"1";"5";"RUE DE COURCELLES";"48,88459100";"2,29766200"
"202300001296";"8";"06";"2023";"18:25";"1";"93";"93053";"2";"2";"1";"3";"Rue Carnot / Boulevard Michelet";"48,89226000";"2,46042000"
"202300001297";"26";"03";"2023";"05:00";"3";"95";"95572";"1";"1";"2";"6";"A15";"49,03091887";"2,12129607"
"202300001298";"26";"11";"2023";"18:50";"3";"13";"13103";"2";"1";"1";"4";"A54, PK 69.900, sens ARLES / SALON";"43,62584800";"5,09968400"
"202300001299";"28";"11";"2023";"18:15";"5";"75";"75117";"2";"7";"1";"3";"PLACE DU MARECHAL JUIN";"48,88458700";"2,29764200"
"202300001300";"9";"06";"2023";"16:13";"1";"93";"93047";"2";"1";"7";"2";"Boulevard Hardy";"48,90646011";"2,56976576"
"202300001301";"29";"11";"2023";"16:50";"1";"16";"16028";"2";"1";"1";"6";"Norauto, avenue de l'Europe 16300 Barbezieux";"45,47466200";" -0,16201800"
"202300001302";"24";"03";"2023";"16:30";"1";"93";"93007";"1";"1";"1";"4";"AUTOROUTE A1";"48,95014000";"2,44837000"
"202300001303";"28";"11";"2023";"10:45";"1";"75";"75116";"2";"5";"1";"3";"PLACE DU TROCADERO ET DU 11 NOVEMBRE";"48,86296100";"2,28647900"
"202300001304";"9";"06";"2023";"09:15";"1";"93";"93047";"2";"1";"1";"3";"Boulevard Bargue";"48,90092898";"2,55788327"
"202300001305";"20";"03";"2023";"14:00";"1";"16";"16070";"1";"1";"1";"6";"N/A";"45,88650500";"0,72578400"
"202300001306";"26";"03";"2023";"06:25";"5";"62";"62737";"2";"1";"2";"6";"D937";"50,46058000";"2,67874000"
"202300001307";"28";"11";"2023";"11:55";"1";"75";"75116";"2";"1";"1";"6";"RUE DE LA POMPE";"48,85922600";"2,27514300"
"202300001308";"9";"06";"2023";"01:10";"5";"93";"93057";"2";"1";"1";"6";"Allée Danielle Casanova";"48,90726000";"2,49618000"
"202300001309";"24";"11";"2023";"09:15";"1";"14";"14250";"1";"1";"1";"6";"Route de Creully";"49,26959300";" -0,60526800"
"202300001310";"25";"03";"2023";"17:15";"1";"974";"97411";"1";"1";"2";"7";"VINH-SAN (BLD 1 DU PRINCE)";" -20,88720000";"55,44062000"
"202300001311";"9";"06";"2023";"16:00";"1";"93";"93030";"2";"2";"1";"3";"Avenue du Maréchal Leclerc de Hauteclocque / Rue Ernest Amelin";"48,94091000";"2,42209000"
"202300001312";"27";"11";"2023";"08:52";"1";"75";"75116";"2";"1";"1";"3";"VOIE GEORGES POMPIDOU";"48,84877900";"2,27624600"
"202300001313";"26";"03";"2023";"21:00";"5";"973";"97302";"2";"1";"1";"2";"ARAGO (FRANCOIS)";"4,93613499";" -52,33109003"
"202300001314";"24";"12";"2023";"01:35";"3";"74";"74014";"2";"1";"1";"1";"Route de flaine";"46,02380900";"6,63926100"
"202300001315";"9";"06";"2023";"03:10";"5";"93";"93046";"2";"1";"1";"6";"Boulevard Maurice Berteaux";"48,91547000";"2,51538000"
"202300001316";"9";"06";"2023";"08:20";"1";"92";"92046";"2";"1";"1";"1";"Charles de gaulle";"48,82216627";"2,29837149"
"202300001317";"28";"11";"2023";"18:50";"5";"75";"75114";"2";"4";"1";"3";"BOULEVARD BRUNE";"48,82412600";"2,32121500"
"202300001318";"26";"12";"2023";"08:35";"3";"29";"29069";"1";"3";"8";"3";"Castelmein (Arrêt de bus)";"48,41621439";" -4,54530549"
"202300001319";"26";"03";"2023";"03:55";"5";"69";"69387";"2";"1";"2";"4";"Rue de l'Epargne";"45,74555000";"4,85100000"
"202300001320";"9";"06";"2023";"11:55";"1";"92";"92072";"2";"1";"1";"6";"LECOINTRE (RUE)";"48,82398000";"2,21242000"
"202300001321";"27";"11";"2023";"17:50";"5";"75";"75114";"2";"1";"2";"6";"RUE VERCINGETORIX";"48,83378400";"2,31288300"
"202300001322";"6";"07";"2023";"11:20";"1";"67";"67482";"1";"1";"1";"2";"M352";"48,57305600";"7,75495700"
"202300001323";"9";"06";"2023";"10:25";"1";"92";"92050";"2";"1";"1";"6";"CLEMENCEAU GEORGES AVENUE N° PAIR";"48,88563000";"2,21991000"
"202300001324";"26";"03";"2023";"19:15";"1";"91";"91589";"2";"2";"8";"3";"AV DES TILLEULS";"48,68992000";"2,34651000"
"202300001325";"27";"11";"2023";"12:50";"1";"75";"75114";"2";"4";"2";"6";"AVENUE DU GENERAL LECLERC";"48,82879100";"2,32773300"
"202300001326";"25";"03";"2023";"20:40";"4";"71";"71540";"1";"1";"1";"7";"C.D.18";"46,77004000";"4,44497000"
"202300001327";"29";"11";"2023";"17:44";"2";"78";"78646";"2";"2";"1";"6";"N/A";"48,79654300";"2,13129900"
"202300001328";"8";"06";"2023";"13:30";"1";"92";"92050";"2";"2";"1";"3";"NEUILLY RUE DE";"48,88672247";"2,20964295"
"202300001329";"28";"11";"2023";"16:10";"1";"75";"75112";"2";"3";"1";"6";"RUE DU FAUBOURG SAINT ANTOINE";"48,84933900";"2,38953500"
"202300001330";"16";"12";"2023";"12:45";"1";"14";"14191";"1";"1";"1";"6";"D79";"49,31641400";" -0,44967500"
"202300001331";"9";"06";"2023";"13:17";"1";"92";"92023";"2";"1";"1";"6";"GENERAL DE GAULLE (AVENUE DU)";"48,77794457";"2,23309994"
"202300001332";"26";"03";"2023";"01:10";"3";"71";"71445";"1";"1";"1";"1";"RD673";"46,78878000";"4,89989000"
"202300001333";"22";"11";"2023";"20:10";"5";"75";"75112";"2";"1";"2";"2";"BOULEVARD PONIATOWSKI";"48,83384800";"2,40325400"
"202300001334";"8";"06";"2023";"15:10";"1";"92";"92036";"2";"3";"1";"3";"PRINCIPALE DU PORT (ROUTE) (1/17)";"48,94069000";"2,29144000"
"202300001335";"2";"12";"2023";"13:50";"1";"974";"97409";"2";"1";"2";"6";"RN2 SENS STE SUZANNE ST BENOIT";" -20,94377000";"55,64911000"
"202300001336";"26";"03";"2023";"08:50";"1";"64";"64122";"2";"1";"2";"1";"BIDART (AVENUE DE)";"43,45846000";" -1,54872000"
"202300001337";"27";"11";"2023";"14:35";"1";"75";"75112";"2";"1";"8";"2";"QUAI DE LA RAPEE";"48,84029700";"2,37450100"
"202300001338";"24";"12";"2023";"17:00";"2";"84";"84026";"2";"3";"1";"7";"Rue Louis Blanc";"43,73348000";"5,37477700"
"202300001339";"9";"06";"2023";"13:15";"1";"92";"92026";"2";"1";"1";"1";"COLOMBES";"48,90078677";"2,25638741"
"202300001340";"28";"11";"2023";"08:55";"1";"75";"75109";"2";"1";"8";"6";"RUE DE LA VICTOIRE";"48,87524100";"2,33399700"
"202300001341";"26";"03";"2023";"06:15";"5";"62";"62119";"2";"3";"2";"6";"D943";"50,51882000";"2,62301000"
"202300001342";"9";"06";"2023";"02:05";"5";"92";"92012";"2";"9";"1";"3";"EDOUARD VAILLANT (AVENUE) 57/FIN - 58/FI";"48,83464653";"2,24663705"
"202300001343";"26";"03";"2023";"00:10";"4";"45";"45234";"2";"1";"2";"7";"13 Rue Alexandre Dumas";"47,81718000";"1,92719000"
"202300001344";"28";"10";"2023";"09:50";"1";"13";"13041";"1";"4";"7";"3";"Route de Greasque";"43,44575100";"5,52351900"
"202300001345";"28";"11";"2023";"14:53";"1";"75";"75108";"2";"2";"1";"3";"ROND POINT CHAMPS ELYSEES";"48,86901751";"2,30986476"
"202300001346";"9";"06";"2023";"19:08";"1";"92";"92004";"2";"1";"7";"2";"FAIDHERBE ( AVENUE )";"48,90891803";"2,27012917"
"202300001347";"13";"12";"2023";"05:40";"5";"93";"93070";"2";"1";"8";"2";"Avenue Michelet";"48,90622000";"2,34413000"
"202300001348";"25";"03";"2023";"18:50";"1";"42";"42189";"2";"3";"1";"2";"Boulevard Louis Braille";"45,41849000";"4,31239000"
"202300001349";"28";"11";"2023";"19:40";"5";"75";"75107";"2";"2";"1";"6";"AVENUE DE BRETEUIL";"48,85164700";"2,31253500"
"202300001350";"24";"03";"2023";"20:15";"5";"38";"38053";"2";"1";"8";"6";"ALPES";"45,58540000";"5,26935000"
"202300001351";"29";"03";"2023";"08:22";"1";"69";"69256";"2";"1";"6";"3";"Rue Roger Salengro";"45,75548143";"4,92779002"
"202300001352";"27";"11";"2023";"19:00";"5";"75";"75102";"2";"3";"2";"6";"BOULEVARD POISSONNIERE";"48,87070900";"2,34788000"
"202300001353";"9";"06";"2023";"16:45";"1";"92";"92002";"2";"2";"1";"3";"GENERAL DE GAULLE (AVENUE DU)";"48,76145000";"2,29128000"
"202300001354";"26";"03";"2023";"20:15";"3";"37";"37122";"2";"1";"2";"2";"AMBOISE (RUE D')";"47,34154000";"0,67464000"
"202300001355";"6";"12";"2023";"16:30";"1";"974";"97409";"2";"1";"1";"3";"EMILE THOMAS (rue)";" -20,93716000";"55,64851000"
"202300001356";"8";"06";"2023";"23:10";"5";"92";"92002";"2";"1";"1";"6";"ARISTIDE BRIAND (AVENUE)";"48,76164000";"2,30817000"
"202300001357";"28";"11";"2023";"18:15";"5";"94";"94058";"2";"1";"1";"4";"Boulevard d'Alsace-lorraine";"48,84750000";"2,49308000"
"202300001358";"26";"03";"2023";"12:45";"1";"37";"37208";"2";"3";"1";"2";"GRANDMONT (RUE DE)";"47,36548000";"0,71810000"
"202300001359";"6";"12";"2023";"10:07";"1";"974";"97409";"2";"1";"1";"2";"PATELIN (chemin)";" -20,97330000";"55,68399000"
"202300001360";"28";"11";"2023";"19:35";"5";"94";"94041";"2";"2";"1";"3";"Avenue Danielle Casanova";"48,81574000";"2,38297000"
"202300001361";"30";"04";"2023";"17:45";"1";"2A";"2A272";"2";"1";"2";"7";"U STRITTONU";"41,62027900";"8,97029400"
"202300001362";"26";"03";"2023";"20:00";"1";"35";"35238";"2";"3";"1";"3";"PAYS-BAS (AVENUE DES)";"48,08353957";" -1,66088015"
"202300001363";"30";"11";"2023";"06:10";"2";"974";"97409";"1";"1";"3";"2";"RN2 SENS ST BENOIT ST DENIS";" -20,97159000";"55,65537000"
"202300001364";"28";"11";"2023";"18:05";"5";"94";"94041";"2";"1";"1";"6";"51 Quai Auguste Deshaies";"48,81792000";"2,40245200"
"202300001365";"10";"06";"2023";"10:43";"1";"69";"69279";"2";"3";"1";"3";"Boulevard Louis Pradel";"45,79106400";"5,03983300"
"202300001366";"16";"03";"2023";"18:30";"1";"34";"34301";"2";"5";"1";"3";"PASTEUR LOUIS (QUAI)";"43,40696000";"3,69872000"