"Num_Acc";"jour";"mois";"an";"hrmn";"lum";"dep";"com";"agg";"int";"atm";"col";"adr";"lat";"long"
"202300001367";"28";"11";"2023";"19:25";"5";"94";"94001";"2";"7";"2";"6";"Rue du Bac";"48,72446400";"2,41870900"
"202300001368";"9";"06";"2023";"16:45";"1";"62";"62506";"1";"1";"1";"6";"D 224";"50,79908940";"1,94357781"
"202300001369";"26";"03";"2023";"06:00";"3";"29";"29039";"1";"1";"2";"6";"RD 783";"47,91376773";" -3,92398595"
"202300001370";"8";"11";"2023";"08:35";"1";"13";"13001";"1";"1";"1";"3";"A51-Sens Marseille vers Aix en Provence";"43,52165000";"5,42730000"
"202300001371";"28";"11";"2023";"11:45";"1";"93";"93078";"2";"1";"1";"1";"Avenue Jean Fourgeaud";"48,96076228";"2,55264662"
"202300001372";"8";"06";"2023";"12:06";"1";"974";"97413";"2";"3";"1";"3";"Rue Haute";" -21,17125600";"55,29031100"
"202300001373";"12";"10";"2023";"06:45";"2";"13";"13207";"2";"1";"1";"7";"A55-Sens Marseille vers Martigues";"43,29180000";"5,36582000"
"202300001374";"26";"03";"2023";"22:25";"5";"17";"17306";"2";"2";"8";"3";"ROCHEFORT (DE)  (AVENUE)";"45,64898000";" -1,02443900"
"202300001375";"28";"11";"2023";"20:30";"3";"93";"93055";"2";"2";"1";"3";"Rue Victor Hugo / Avenue Jean Lolive";"48,89302000";"2,41224000"
"202300001376";"9";"06";"2023";"20:15";"1";"85";"85109";"2";"6";"1";"6";"3 Rue Claude Debussy";"46,86053000";" -1,01942700"
"202300001377";"10";"07";"2023";"19:15";"1";"91";"91345";"2";"9";"1";"6";"Rue Maurice ";"48,69408500";"2,28761400"
"202300001378";"26";"03";"2023";"18:00";"1";"13";"13002";"2";"1";"1";"3";"SAINT ROCH (ROND POINT)";"43,33999000";"5,48471000"
"202300001379";"9";"06";"2023";"16:45";"1";"19";"19286";"1";"1";"3";"6";"le bert D31";"45,33942760";"1,40252464"
"202300001380";"27";"11";"2023";"19:45";"5";"93";"93053";"2";"3";"2";"6";"Rue Marcellin Berthelot / Rue Moissan";"48,88950000";"2,45750000"
"202300001381";"24";"09";"2023";"18:00";"1";"28";"28358";"2";"6";"1";"7";"2 rue de la République 28300 SAINT-PREST";"48,48710120";"1,52603180"
"202300001382";"26";"03";"2023";"03:09";"5";"13";"13213";"2";"1";"1";"2";"ALBERT EINSTEIN (RUE)";"43,33428000";"5,43201000"
"202300001383";"9";"06";"2023";"10:25";"1";"56";"56186";"2";"1";"1";"3";"Rue du Port de Pêche";"47,47846200";" -3,12790100"
"202300001384";"25";"03";"2023";"18:20";"1";"13";"13005";"1";"1";"1";"6";"PASTRE (AVENUE)";"43,29220000";"5,59278000"
"202300001385";"28";"11";"2023";"11:45";"1";"93";"93033";"2";"7";"1";"2";"Place Churchill";"48,85897000";"2,58150000"
"202300001386";"21";"12";"2023";"18:10";"3";"74";"74010";"2";"9";"2";"5";"Route des Rutys";"45,94285000";"6,12413200"
"202300001387";"8";"06";"2023";"19:01";"1";"77";"77524";"1";"2";"1";"3";"RD18";"48,44530500";"3,16340800"
"202300001388";"26";"03";"2023";"13:25";"1";"06";"06088";"2";"1";"1";"3";"CESSOLE (BD DE) (JUSQU'AU N° 93-110)";"43,71700000";"7,25311000"
"202300001389";"16";"12";"2023";"21:30";"3";"74";"74208";"1";"1";"9";"7";"595 Route du plateau d'assy";"45,92570200";"6,68562000"
"202300001390";"27";"11";"2023";"13:20";"1";"93";"93048";"2";"1";"2";"1";"Avenue Pasteur";"48,86324100";"2,44056100"
"202300001391";"9";"06";"2023";"17:25";"1";"76";"76312";"2";"1";"1";"3";"42 Avenue du Général Leclerc";"49,48378500";"1,72016500"
"202300001392";"25";"09";"2023";"16:35";"1";"29";"29147";"1";"1";"1";"7";"N/A";"47,91835537";" -3,57096434"
"202300001393";"26";"03";"2023";"13:10";"1";"06";"06069";"2";"6";"1";"3";"CHASSEURS ALPINS (ROND-POINT)";"43,65055000";"6,92230000"
"202300001394";"25";"03";"2023";"13:10";"1";"06";"06069";"2";"1";"1";"6";"ROURE DE LA GACHE (CHEMIN DU)";"43,64858000";"6,96481000"
"202300001395";"27";"11";"2023";"15:55";"1";"93";"93027";"2";"3";"2";"3";"Rue Maurice Ravel / Rue de Saint-denis";"48,93148000";"2,38000000"
"202300001396";"7";"06";"2023";"20:30";"1";"76";"76312";"2";"3";"1";"3";"Rue de Hailsham";"49,47489700";"1,71904900"
"202300001397";"22";"12";"2023";"18:10";"5";"93";"93070";"2";"3";"2";"3";"Avenue Gabriel Péri / Rue des Buttes Montmartre";"48,90143000";"2,33020000"
"202300001398";"26";"03";"2023";"18:50";"1";"06";"06027";"2";"1";"1";"1";"MERMOZ AVENUE JEAN";"43,68075000";"7,15182000"
"202300001399";"27";"11";"2023";"12:20";"1";"93";"93027";"2";"1";"2";"6";"139 Avenue Paul Vaillant Couturier";"48,92542238";"2,41553843"
"202300001400";"5";"06";"2023";"09:30";"1";"79";"79164";"1";"2";"1";"3";"";"46,19288500";" -0,06107700"
"202300001401";"20";"05";"2023";"14:50";"1";"93";"93077";"2";"6";"1";"6";"SAINT LOUIS (RUE) JUSQU'AU 88 ET 89";"48,88893000";"2,50730000"
"202300001402";"25";"03";"2023";"09:10";"1";"75";"75118";"2";"1";"1";"3";"PORTE DE CLIGNANCOURT";"48,90116200";"2,34937600"
"202300001403";"20";"12";"2023";"17:25";"2";"32";"32446";"1";"9";"1";"7";"RD 3";"43,49354600";"0,25486400"
"202300001404";"9";"06";"2023";"11:45";"1";"49";"49214";"2";"6";"1";"3";"";"47,53008200";" -0,62116700"
"202300001405";"27";"11";"2023";"14:00";"1";"93";"93007";"2";"2";"2";"6";"Avenue Massenet / Avenue de la République";"48,93698000";"2,46416000"
"202300001406";"24";"03";"2023";"12:20";"1";"75";"75115";"2";"1";"1";"3";"DB PERIPHERIQUE EXTERIEUR QUAI D ISSY LES MOULINEAUX";"48,83495730";"2,27339900"
"202300001407";"22";"11";"2023";"17:40";"2";"32";"32114";"1";"1";"1";"6";"D226";"43,36451700";"0,45715600"
"202300001408";"9";"06";"2023";"12:52";"1";"12";"12209";"1";"1";"2";"3";"lieu dit ""le Bouis""";"44,69287400";"2,69904800"
"202300001409";"28";"11";"2023";"08:00";"1";"93";"93005";"2";"1";"1";"2";"Rue Maurice de Broglie";"48,94714900";"2,48380000"
"202300001410";"23";"12";"2023";"01:00";"3";"32";"32286";"1";"1";"2";"6";"N21";"43,79239500";"0,63098400"
"202300001411";"26";"03";"2023";"18:41";"1";"75";"75106";"2";"3";"1";"3";"RUE DE SEVRES";"48,85042000";"2,32462300"
"202300001412";"10";"06";"2023";"12:58";"1";"22";"22087";"2";"1";"1";"1";"Lieu Dit Saint Lubin";"48,27009700";" -3,31583300"
"202300001413";"28";"11";"2023";"18:15";"5";"93";"93001";"2";"1";"1";"6";"Boulevard Anatole France";"48,91692300";"2,38190800"
"202300001414";"19";"11";"2023";"15:13";"1";"32";"32212";"2";"2";"1";"3";"Ligardes";"44,04113600";"0,48075900"
"202300001415";"10";"06";"2023";"20:45";"1";"44";"44131";"2";"6";"1";"3";"16bis Rue Robert Schuman";"47,12452400";" -2,11908500"
"202300001416";"26";"03";"2023";"07:29";"1";"75";"75110";"2";"2";"1";"1";"BOULEVARD DE MAGENTA";"48,86850700";"2,36288100"
"202300001417";"28";"11";"2023";"09:00";"1";"92";"92072";"2";"1";"8";"6";"SEE (AVENUE CAMILLE)";"48,82514506";"2,21604520"
"202300001418";"9";"06";"2023";"19:20";"1";"29";"29027";"2";"3";"1";"3";"Rue Victor Le Guern";"48,18667600";" -3,81880600"
"202300001419";"28";"12";"2023";"19:00";"3";"84";"84089";"1";"1";"1";"1";"D956";"43,67363400";"5,49342700"
"202300001420";"26";"03";"2023";"18:30";"1";"75";"75115";"2";"3";"8";"3";"AVENUE EMILE ZOLA";"48,84621600";"2,27964000"
"202300001421";"28";"11";"2023";"18:15";"5";"92";"92064";"2";"1";"1";"6";"LOUIS LOUCHEUR";"48,86054355";"2,21314173"
"202300001422";"18";"12";"2023";"15:20";"1";"71";"71306";"2";"1";"1";"6";"JEAN BOUVERI (RUE)";"46,67490000";"4,36851000"
"202300001423";"10";"06";"2023";"10:35";"1";"38";"38134";"1";"1";"1";"3";"D538";"45,43817000";"5,00552600"
"202300001424";"26";"03";"2023";"20:22";"5";"75";"75111";"2";"2";"1";"3";"BOULEVARD DE BELLEVILLE";"48,86704700";"2,38302200"
"202300001425";"10";"06";"2023";"16:30";"1";"15";"15240";"1";"1";"1";"7";" D 622 ";"45,39767400";"2,68959000"
"202300001426";"28";"11";"2023";"09:00";"1";"92";"92050";"2";"1";"1";"6";"SADI CARNOT RUE";"48,88712870";"2,20781520"
"202300001427";"4";"07";"2023";"20:50";"2";"13";"13210";"2";"1";"1";"3";"ELIE WIESEL (BD)";"43,27493000";"5,42494000"
"202300001428";"26";"03";"2023";"03:45";"5";"75";"75107";"2";"1";"3";"6";"PORT DES INVALIDES";"48,86304600";"2,31188700"
"202300001429";"9";"06";"2023";"15:30";"1";"58";"58220";"1";"1";"1";"6";"Route d'Ouche";"47,16456300";"3,05370600"
"202300001430";"28";"11";"2023";"14:30";"1";"92";"92049";"2";"1";"1";"3";"BRIAND AVENUE ARISTIDE N°1 A 129";"48,81470911";"2,32587799"
"202300001431";"25";"03";"2023";"19:30";"5";"94";"94068";"2";"2";"1";"3";"Avenue Raymond Poincaré";"48,80448700";"2,51776500"
"202300001432";"9";"06";"2023";"14:00";"1";"73";"73019";"1";"3";"8";"3";"D1006";"45,51155000";"6,31201000"
"202300001433";"29";"12";"2023";"18:20";"5";"78";"78143";"1";"1";"1";"4";"D938";"48,73277300";"2,10356000"
"202300001434";"26";"03";"2023";"00:20";"5";"93";"93049";"2";"1";"2";"6";"Rue des 2 Communes";"48,86470219";"2,49964365"
"202300001435";"27";"11";"2023";"18:10";"1";"92";"92062";"2";"3";"2";"6";"FUSILLES DE LA RESISTANCES (RUE DES) N°1";"48,88277607";"2,22361721"
"202300001436";"10";"06";"2023";"15:00";"1";"73";"73032";"2";"4";"1";"7";"D990";"45,61364000";"6,45300900"
"202300001437";"20";"09";"2023";"18:15";"1";"73";"73008";"2";"1";"1";"6";"ANNECY AVENUE D'";"45,69455000";"5,91174000"
"202300001438";"25";"03";"2023";"21:20";"5";"93";"93046";"2";"1";"2";"3";"Boulevard Marx Dormoy";"48,90730500";"2,52456800"
"202300001439";"10";"06";"2023";"13:50";"1";"16";"16269";"1";"1";"7";"6";"Route des Carrières";"45,68462100";"0,38226400"
"202300001440";"25";"12";"2023";"18:40";"5";"93";"93064";"2";"1";"1";"6";"Rue Philibert Hoffmann";"48,88077100";"2,48507500"
"202300001441";"10";"06";"2023";"02:01";"3";"07";"07027";"1";"1";"2";"6";"D86";"44,82640092";"4,80876154"
"202300001442";"12";"12";"2023";"12:00";"1";"93";"93064";"2";"1";"2";"6";"Place Carnot";"48,87361500";"2,48250400"
"202300001443";"23";"03";"2023";"17:25";"1";"39";"39227";"2";"1";"1";"1";"144 Route Nationale";"46,63726100";"6,03170900"
"202300001444";"9";"06";"2023";"08:30";"1";"53";"53229";"1";"1";"1";"1";"D131";"48,12871100";" -0,73703900"
"202300001445";"10";"11";"2023";"19:10";"5";"63";"63075";"2";"9";"3";"6";"FOURNIER (RUE CHARLES)";"45,77700000";"3,06900000"
"202300001446";"26";"03";"2023";"09:45";"1";"47";"47055";"1";"1";"1";"6";"RN 21";"44,48160300";"0,67365300"
"202300001447";"9";"06";"2023";"23:20";"3";"24";"24123";"1";"1";"1";"6";"D21 - Route du tortillard";"44,94978800";"0,63563500"
"202300001448";"7";"11";"2023";"10:38";"1";"63";"63113";"2";"1";"1";"3";"Flameng/collot d'Herbois";"45,75780000";"3,09781000"
"202300001449";"10";"06";"2023";"06:20";"2";"04";"04160";"1";"1";"2";"6";"D4100";"43,85936600";"5,63372500"
"202300001450";"27";"03";"2023";"14:30";"1";"95";"95205";"1";"1";"1";"2";"Route de Bouqueval";"49,02383400";"2,39515900"
"202300001451";"18";"03";"2023";"09:00";"1";"45";"45187";"2";"9";"1";"6";"Place du Martroi";"47,88945700";"2,51497300"
"202300001452";"30";"10";"2023";"23:39";"5";"63";"63113";"2";"1";"1";"3";"EFFIAT (RUE D')";"45,78575752";"3,10374767"
"202300001453";"10";"06";"2023";"16:01";"1";"04";"04166";"2";"2";"1";"3";"Avenue de Verdun";"43,81856600";"6,09061500"
"202300001454";"10";"06";"2023";"10:30";"1";"27";"27065";"2";"1";"1";"6";"Rue de la Mare Hébert";"49,34486900";"0,35418000"
"202300001455";"26";"10";"2023";"20:30";"5";"63";"63113";"1";"1";"3";"2";"BOURDON (RUE DE)";"45,79803000";"3,15371000"
"202300001456";"26";"03";"2023";"15:15";"1";"972";"97232";"1";"1";"1";"4";"Quartier Sans Souci";"14,56892200";" -60,85794900"
"202300001457";"9";"06";"2023";"19:13";"1";"17";"17463";"1";"1";"1";"1";"Route de la Rochelle";"45,97310600";" -0,98763200"
"202300001458";"26";"10";"2023";"18:40";"5";"63";"63113";"2";"3";"3";"6";"Belloy / Pont naturel";"45,78339577";"3,08014154"
"202300001459";"1";"06";"2023";"10:15";"1";"17";"17210";"2";"1";"1";"6";"Rue de Royan";"45,45797100";" -0,69171000"
"202300001460";"9";"06";"2023";"08:18";"1";"87";"87187";"2";"1";"1";"7";"16 Avenue Georges Brassens";"45,50054100";"1,20384700"
"202300001461";"18";"10";"2023";"21:22";"5";"63";"63113";"2";"2";"2";"2";"FLEURY (BD)";"45,77491000";"3,09577000"
"202300001462";"3";"06";"2023";"14:10";"1";"37";"37018";"1";"1";"1";"2";"Route de Savonnières";"47,36326537";"0,62810898"
"202300001463";"8";"06";"2023";"18:15";"1";"08";"08491";"2";"3";"1";"7";"D5";"49,73721200";"4,85418100"
"202300001464";"18";"10";"2023";"20:42";"5";"63";"63113";"2";"2";"2";"3";"POURCHON (BD MAURICE)";"45,79027498";"3,08345139"
"202300001465";"5";"06";"2023";"12:55";"1";"08";"08040";"2";"1";"1";"3";"D764";"49,72977400";"4,75375400"
"202300001466";"15";"10";"2023";"18:24";"1";"63";"63014";"2";"9";"1";"1";"SAINT-LOUP (RUE)";"45,75123448";"3,11036065"
"202300001467";"1";"06";"2023";"16:45";"1";"08";"08142";"1";"1";"1";"7";"D5";"49,73491300";"4,88616900"
"202300001468";"14";"10";"2023";"11:10";"1";"63";"63113";"2";"7";"1";"3";"CARMES DECHAUX (PLACE)";"45,78229000";"3,09526000"
"202300001469";"11";"10";"2023";"16:26";"1";"63";"63113";"2";"7";"1";"3";"PASTEUR (BD)";"45,77210797";"3,08065653"
"202300001470";"9";"06";"2023";"15:30";"1";"38";"38193";"2";"2";"8";"3";"Boulevard de l'Arbonnas";"45,62094100";"5,21975000"
"202300001471";"9";"10";"2023";"21:11";"5";"63";"63113";"2";"2";"1";"3";"Basch / Crouzille";"45,76710000";"3,11590000"
"202300001472";"7";"06";"2023";"23:45";"3";"03";"03021";"1";"1";"1";"6";"A 71 PK 347+400";"46,11722500";"3,12584700"
"202300001473";"29";"12";"2023";"09:45";"1";"93";"93007";"2";"1";"1";"2";"Rue Anatole Sigonneau";"48,95261823";"2,46231079"
"202300001474";"26";"05";"2023";"15:15";"1";"35";"35210";"1";"1";"1";"3";"le Guesneau";"48,12290300";" -1,78904400"
"202300001475";"24";"12";"2023";"01:12";"5";"93";"93007";"2";"1";"1";"1";"Avenue Descartes";"48,95002000";"2,46062000"
"202300001476";"9";"06";"2023";"16:05";"1";"69";"69244";"2";"3";"1";"3";"53 Avenue de la République";"45,76387300";"4,77871900"
"202300001477";"10";"06";"2023";"17:35";"1";"14";"14333";"1";"1";"3";"6";"A29";"49,39193400";"0,25969500"
"202300001478";"29";"09";"2023";"08:40";"1";"78";"78643";"2";"3";"1";"6";"BRIAND RUE ARISTIDE";"48,97084600";"1,98013800"
"202300001479";"7";"06";"2023";"14:15";"1";"971";"97129";"1";"1";"1";"5";"Nolivier";"16,29777400";" -61,67095900"
"202300001480";"18";"12";"2023";"11:30";"1";"84";"84031";"2";"1";"1";"1";"DURAND BOULEVARD ALBIN";"44,05364200";"5,06230000"
"202300001481";"24";"06";"2023";"03:30";"3";"69";"69256";"1";"1";"1";"4";"Rocade Est";"45,79684692";"4,94160442"
"202300001482";"9";"06";"2023";"17:30";"1";"971";"97134";"2";"3";"1";"3";"Avenue du Gouverneur General Felix Eboue";"16,05993100";" -61,76677000"
"202300001483";"14";"11";"2023";"09:53";"1";"13";"13209";"2";"1";"1";"1";"MARÉCHAL DE LATTRE (AVENUE)";"43,24640000";"5,40840000"
"202300001484";"28";"11";"2023";"15:10";"1";"974";"97409";"2";"1";"1";"7";"MASCAREIGNES (Avenue des)";" -20,93927000";"55,64701000"
"202300001485";"26";"05";"2023";"15:45";"1";"45";"45273";"2";"1";"1";"3";"D921 PR 55 + 1271";"47,87023100";"2,12580900"
"202300001486";"25";"12";"2023";"12:15";"1";"84";"84087";"1";"1";"1";"5";"CAMARET (ROUTE DE)";"44,14500000";"4,83100000"
"202300001487";"2";"10";"2023";"19:05";"2";"73";"73065";"1";"1";"1";"5";"N201 VOIE RAPIDE URBAINE";"45,58879770";"5,90153825"
"202300001488";"7";"06";"2023";"10:30";"1";"66";"66008";"2";"3";"1";"3";"";"42,54811200";"3,02008200"
"202300001489";"9";"06";"2023";"16:10";"1";"68";"68106";"1";"1";"1";"7";"Hameau Blanschen";"47,87984600";"7,12024500"
"202300001490";"14";"12";"2023";"18:15";"5";"33";"33318";"2";"2";"8";"4";"AVE PASTEUR";"44,80591000";" -0,63315000"
"202300001491";"17";"11";"2023";"20:20";"5";"13";"13211";"2";"1";"1";"2";"VALENTINE (ROUTE DE LA)";"43,28961000";"5,46473000"
"202300001492";"8";"06";"2023";"10:35";"1";"68";"68106";"2";"1";"1";"7";"Rue Principale";"47,87519500";"7,10821900"
"202300001493";"7";"11";"2023";"13:20";"1";"13";"13209";"2";"1";"1";"6";"LUDOVIC LEGRE (AVENUE)";"43,25048000";"5,39700900"
"202300001494";"4";"11";"2023";"09:05";"1";"13";"13208";"2";"1";"1";"6";"MICHELET (BOULEVARD)";"43,26036800";"5,39815800"
"202300001495";"9";"06";"2023";"17:40";"1";"88";"88355";"1";"4";"1";"3";"D36a";"48,34565400";"6,34057000"
"202300001496";"3";"11";"2023";"11:45";"1";"13";"13208";"2";"1";"2";"1";"PARADIS (RUE)";"43,27744000";"5,38375000"
"202300001497";"2";"10";"2023";"18:35";"2";"13";"13002";"2";"6";"1";"3";"SAINT ROCH (ROND POINT)";"43,33935000";"5,48446000"
"202300001498";"10";"06";"2023";"00:03";"3";"26";"26084";"1";"2";"3";"3";"Route d’Alixan";"45,00995700";"4,96285400"
"202300001499";"13";"12";"2023";"14:50";"1";"32";"32066";"1";"1";"3";"7";"D953";"43,86310400";"0,73752100"
"202300001500";"10";"06";"2023";"12:45";"1";"61";"61279";"1";"2";"8";"3";"D101 PR1+730";"48,40532100";" -0,00395800"
"202300001501";"11";"12";"2023";"08:00";"1";"32";"32162";"1";"1";"1";"7";"D930";"43,75477600";"0,47842000"
"202300001502";"10";"06";"2023";"12:15";"1";"22";"22134";"1";"3";"1";"3";"D6";"48,78957700";" -3,40113100"
"202300001503";"22";"12";"2023";"07:59";"2";"09";"09225";"2";"2";"2";"3";"RIJOLE AVENUE DE LA";"43,12139000";"1,62123000"
"202300001504";"9";"11";"2023";"07:45";"2";"09";"09225";"2";"2";"2";"3";"RIJOLE AVENUE DE LA";"43,12138000";"1,62114000"
"202300001505";"8";"06";"2023";"11:15";"1";"13";"13071";"1";"1";"1";"2";"A7-Sens Marseille vers Lyon";"43,41209132";"5,28240711"
"202300001506";"20";"12";"2023";"07:20";"5";"68";"68376";"2";"2";"1";"3";"Rue Pasteur";"47,82339100";"7,33427100"
"202300001507";"8";"06";"2023";"07:08";"1";"13";"13211";"1";"1";"1";"4";"A50-Sens Marseille vers Aubagne";"43,29500000";"5,46400000"
"202300001508";"19";"12";"2023";"18:00";"5";"74";"74281";"2";"2";"1";"6";"PRES VERTS (AVENUE DES)";"46,38084000";"6,49550000"
"202300001509";"9";"06";"2023";"19:50";"1";"33";"33063";"1";"1";"1";"2";"ROCADE A 630";"44,88011500";" -0,53791400"
"202300001510";"19";"12";"2023";"16:55";"5";"69";"69256";"2";"8";"1";"3";"Avenue Roger Salengro";"45,76276000";"4,92942000"
"202300001511";"9";"06";"2023";"13:35";"1";"33";"33063";"1";"1";"1";"6";"ROCADE A 630";"44,88007000";" -0,53803000"
"202300001512";"22";"09";"2023";"14:12";"1";"63";"63113";"2";"8";"1";"3";"FONTAINE (PLACE DE LA)";"45,79115000";"3,11346000"
"202300001513";"9";"06";"2023";"17:00";"1";"94";"94003";"1";"1";"1";"2";"A6A";"48,79947061";"2,34226962"
"202300001514";"13";"09";"2023";"12:05";"1";"63";"63113";"2";"1";"1";"6";"BARBUSSE (RUE HENRI)";"45,78253153";"3,08940589"
"202300001515";"8";"06";"2023";"21:30";"2";"91";"91471";"1";"1";"1";"3";"RN 118";"48,71558000";"2,17441000"
"202300001516";"10";"09";"2023";"20:20";"5";"63";"63113";"2";"4";"1";"3";"rue du Clos Notre Dame)/ rue du Belloy";"45,78476000";"3,08006000"
"202300001517";"8";"06";"2023";"21:20";"3";"91";"91471";"1";"1";"1";"7";"RN 118";"48,71558000";"2,17441000"
"202300001518";"3";"09";"2023";"20:40";"2";"63";"63113";"2";"7";"1";"3";"SALFORD (PLACE)";"45,77900000";"3,09198000"
"202300001519";"9";"06";"2023";"14:50";"1";"78";"78297";"1";"1";"1";"7";"RN12";"48,79020400";"2,05847800"
"202300001520";"29";"06";"2023";"08:30";"1";"63";"63063";"2";"1";"1";"2";"VERTE (RUE)";"45,83803000";"3,12110000"
"202300001521";"21";"12";"2023";"08:10";"1";"93";"93046";"2";"2";"1";"6";"Avenue Charles de Gaulle / Av du Consul General Nordling";"48,91651200";"2,53159600"
"202300001522";"9";"06";"2023";"11:00";"1";"92";"92050";"1";"1";"1";"4";"A86";"48,90624700";"2,21039800"
"202300001523";"18";"12";"2023";"08:00";"2";"93";"93077";"2";"1";"1";"6";"Rue André Leuret";"48,88505500";"2,50867200"
"202300001524";"10";"12";"2023";"16:15";"2";"93";"93070";"2";"1";"2";"3";"Avenue Gabriel Péri";"48,90709600";"2,33217000"
"202300001525";"9";"06";"2023";"12:00";"1";"93";"93007";"1";"1";"1";"5";"AUTOROUTE A1";"48,94661725";"2,44182927"
"202300001526";"15";"12";"2023";"15:57";"1";"13";"13211";"2";"1";"1";"6";"A50-Sens Aubagne vers Marseille";"43,29480696";"5,46431796"
"202300001527";"9";"06";"2023";"09:15";"1";"92";"92078";"1";"1";"1";"7";"AUTOROUTE A86";"48,93112930";"2,32352796"
"202300001528";"8";"06";"2023";"18:30";"1";"93";"93008";"1";"1";"1";"3";"AUTOROUTE A86";"48,90828831";"2,45147679"
"202300001529";"14";"12";"2023";"13:20";"1";"60";"60196";"1";"1";"1";"3";"autoroute A16  pk r055+200 sens P/B";"49,28549900";"2,07427000"
"202300001530";"1";"12";"2023";"04:35";"3";"60";"60009";"1";"1";"1";"7";"autoroute  A 16";"49,39776400";"2,12246400"
"202300001531";"8";"06";"2023";"17:10";"1";"93";"93027";"1";"1";"1";"3";"AUTOROUTE A1";"48,93447350";"2,39765242"
"202300001532";"22";"12";"2023";"12:05";"1";"76";"76540";"2";"2";"6";"3";"EUROPE. BOULEVARD DE L'";"49,43236000";"1,07875000"
"202300001533";"8";"06";"2023";"11:00";"1";"92";"92036";"1";"1";"1";"4";"AUTOROUTE A15";"48,93788866";"2,29766722"
"202300001534";"17";"12";"2023";"18:50";"5";"76";"76681";"2";"3";"1";"3";"RASPAIL. RUE FRANCOIS";"49,41564000";"1,09438000"
"202300001535";"8";"06";"2023";"10:40";"1";"93";"93008";"1";"1";"1";"2";"AUTOROUTE A86";"48,90892746";"2,44905923"
"202300001536";"30";"12";"2023";"17:13";"3";"10";"10357";"1";"1";"1";"2";"ROCADE EST (RD 610)";"48,28738480";"4,13876295"
"202300001537";"7";"06";"2023";"03:30";"3";"95";"95607";"1";"1";"1";"6";"A115";"49,02729000";"2,20454000"
"202300001538";"8";"06";"2023";"23:10";"3";"94";"94017";"1";"1";"1";"2";"A4";"48,83014633";"2,48913123"
"202300001539";"27";"12";"2023";"04:35";"5";"10";"10387";"2";"3";"1";"3";"WEBER (RUE)";"48,30700000";"4,08400000"
"202300001540";"5";"12";"2023";"08:10";"1";"59";"59599";"2";"1";"2";"6";"GAND (RUE DE)";"50,73372700";"3,16129300"
"202300001541";"8";"06";"2023";"09:50";"1";"67";"67447";"2";"3";"1";"3";"GOURAUD (RUE)";"48,60912000";"7,72922000"
"202300001542";"8";"06";"2023";"18:40";"1";"94";"94071";"2";"5";"1";"6";"GEORGES POMPIDOU (AV)";"48,77082700";"2,52252400"
"202300001543";"6";"06";"2023";"09:10";"1";"93";"93008";"2";"1";"1";"3";"Avenue Paul Vaillant - Couturier";"48,90836489";"2,45188613"
"202300001544";"8";"06";"2023";"16:40";"1";"92";"92073";"2";"1";"1";"6";"LATTRE DE TASSIGNY (BOULEVARD DU MARECHA";"48,86601400";"2,21543700"
"202300001545";"3";"11";"2023";"12:50";"1";"91";"91377";"2";"2";"1";"3";"FRANCE (AVENUE DE)";"48,73536000";"2,28941000"
"202300001546";"4";"06";"2023";"10:10";"1";"83";"83069";"2";"1";"1";"6";"COSTEBELLE (MONTEE DE)";"43,10665000";"6,12169000"
"202300001547";"3";"06";"2023";"04:00";"2";"29";"29232";"1";"1";"1";"6";"Chemin de Kerequellou";"47,95965000";" -4,06431000"
"202300001548";"10";"10";"2023";"15:50";"1";"971";"97115";"1";"1";"1";"3";"RN2";"16,26190500";" -61,63728700"
"202300001549";"27";"02";"2023";"09:00";"1";"32";"32181";"1";"1";"4";"6";"N21";"43,41790000";"0,23406000"
"202300001550";"20";"12";"2023";"18:55";"5";"83";"83137";"2";"9";"1";"4";"COLLET (AVE AMIRAL)";"43,12912000";"5,92409000"
"202300001551";"31";"01";"2023";"20:25";"5";"32";"32272";"2";"3";"1";"6";"Route de Chélan";"43,35117000";"0,51134700"
"202300001552";"31";"12";"2023";"13:30";"1";"69";"69029";"2";"1";"1";"3";"Avenue du 8 Mai 1945";"45,72911000";"4,91650000"
"202300001553";"7";"06";"2023";"07:50";"1";"974";"97411";"2";"2";"1";"6";"LECONTE DE LISLE (AVENUE)";" -20,89628978";"55,49208283"
"202300001554";"8";"06";"2023";"17:20";"1";"974";"97407";"2";"1";"1";"3";"COMMUNE DE PARIS (AVENUE)";" -20,94460000";"55,29260000"
"202300001555";"8";"06";"2023";"17:25";"1";"973";"97302";"2";"3";"1";"2";"VIRGILE (AVENUE)";"4,94053967";" -52,32020608"
"202300001556";"6";"12";"2023";"15:50";"1";"14";"14068";"1";"6";"1";"2";"Route de la Bijude";"49,22712800";" -0,36351100"
"202300001557";"8";"06";"2023";"09:00";"1";"973";"97302";"2";"6";"1";"5";"BADUEL (ROND POINT DE)";"4,93333464";" -52,30958068"
"202300001558";"23";"11";"2023";"14:12";"1";"14";"14117";"2";"6";"8";"6";"Avenue de la Divette";"49,27834200";" -0,13350100"
"202300001559";"11";"11";"2023";"20:45";"5";"14";"14225";"2";"1";"1";"7";"10 Rue Gaston Manneville";"49,28619000";" -0,09824000"
"202300001560";"3";"06";"2023";"16:45";"1";"973";"97302";"2";"3";"1";"3";"SAINT ANTOINE (CHEMIN)";"4,93552973";" -52,29510185"
"202300001561";"22";"12";"2023";"03:10";"3";"93";"93051";"1";"1";"1";"4";"A4";"48,83479441";"2,58274578"
"202300001562";"8";"06";"2023";"16:30";"1";"69";"69387";"2";"1";"1";"1";"Rue de la Madeleine";"45,74940000";"4,84795000"