"Num_Acc";"jour";"mois";"an";"hrmn";"lum";"dep";"com";"agg";"int";"atm";"col";"adr";"lat";"long"
"202300001563";"21";"12";"2023";"12:40";"1";"93";"93027";"2";"1";"2";"2";"Avenue Roger Salengro";"48,93425000";"2,38725000"
"202300001564";"20";"12";"2023";"21:02";"5";"93";"93027";"2";"8";"1";"3";"Avenue Jean Jaurès / Rue Danton";"48,92234000";"2,40712000"
"202300001565";"8";"06";"2023";"15:05";"1";"69";"69388";"2";"4";"1";"3";"Avenue Viviani";"45,72649000";"4,86445000"
"202300001566";"8";"06";"2023";"08:45";"1";"69";"69384";"2";"1";"1";"1";"Avenue de Birmingham";"45,77470014";"4,81118266"
"202300001567";"20";"12";"2023";"16:47";"2";"93";"93051";"1";"1";"2";"6";"A4";"48,83519321";"2,57205899"
"202300001568";"7";"06";"2023";"08:30";"1";"69";"69034";"2";"1";"1";"1";"Avenue de Poumeyrol";"45,79000000";"4,86000000"
"202300001569";"20";"12";"2023";"08:00";"2";"95";"95088";"1";"2";"8";"3";"EUROPE (AVENUE DE L')";"48,95875561";"2,44530559"
"202300001570";"8";"06";"2023";"07:05";"1";"69";"69149";"2";"1";"1";"6";"Boulevard Emile Zola";"45,71982000";"4,80043000"
"202300001571";"19";"12";"2023";"14:10";"1";"93";"93027";"2";"2";"1";"3";"Rue de Valmy / Boulevard Pasteur";"48,92310000";"2,38397000"
"202300001572";"7";"06";"2023";"17:15";"1";"69";"69034";"2";"1";"1";"2";"96 Grande rue de Saint Clair";"45,78937000";"4,85540000"
"202300001573";"18";"12";"2023";"18:03";"5";"93";"93027";"2";"3";"1";"3";"Boulevard Pasteur / Avenue Victor Hugo";"48,92450604";"2,38433361"
"202300001574";"8";"06";"2023";"13:00";"1";"2B";"2B033";"2";"1";"1";"1";"NOUVEAU PORT - RUE DU";"42,70753000";"9,45378000"
"202300001575";"18";"12";"2023";"07:45";"4";"93";"93051";"1";"1";"1";"3";"A4";"48,83538000";"2,57214000"
"202300001576";"15";"12";"2023";"18:45";"5";"93";"93030";"2";"2";"1";"6";"Avenue Louis Larivière / Rue Georges Guynemer";"48,95429800";"2,41635500"
"202300001577";"7";"06";"2023";"20:00";"5";"971";"97101";"1";"3";"1";"3";"PENNEL - DUGAZON (CHEMIN)";"16,25142550";" -61,51616335"
"202300001578";"13";"12";"2023";"07:55";"3";"93";"93013";"2";"5";"1";"6";"Rue Anizan Cavillon / Rue de Verdun";"48,93277706";"2,41330439"
"202300001579";"7";"06";"2023";"03:58";"3";"971";"97113";"2";"9";"1";"3";"RN4 - SECTION RIVIERA";"16,21744926";" -61,49446964"
"202300001580";"9";"12";"2023";"09:40";"1";"93";"93027";"2";"6";"3";"3";"Rue Emile Zola / Rue Suzanne Masson";"48,92310495";"2,38826841"
"202300001581";"26";"12";"2023";"15:15";"1";"74";"74281";"2";"1";"1";"6";"CANAL (BOULEVARD DU)";"46,36880000";"6,48015000"
"202300001582";"8";"06";"2023";"07:07";"2";"2A";"2A004";"2";"3";"1";"6";"ROSSINI PASCAL BD";"41,91563000";"8,73070000"
"202300001583";"22";"12";"2023";"19:35";"3";"38";"38544";"1";"1";"2";"6";"D41";"45,51882000";"4,91731000"
"202300001584";"8";"12";"2023";"01:30";"3";"93";"93051";"1";"9";"2";"7";"A4";"48,83647000";"2,54697000"
"202300001585";"8";"06";"2023";"14:28";"1";"95";"95585";"2";"1";"1";"3";"D10";"48,98425000";"2,37081000"
"202300001586";"6";"12";"2023";"06:30";"5";"93";"93013";"2";"5";"1";"3";"Avenue de la Division Leclerc / Rue du Commandant Rolland";"48,93485000";"2,42597000"
"202300001587";"1";"06";"2023";"13:55";"1";"95";"95585";"2";"1";"1";"6";"PAUL VALERY (AVENUE)";"48,97844000";"2,38509000"
"202300001588";"4";"12";"2023";"23:15";"3";"93";"93051";"1";"1";"2";"4";"A4";"48,83665300";"2,54835300"
"202300001589";"8";"06";"2023";"10:00";"1";"95";"95197";"2";"4";"1";"6";"EDOUARD BRANLY (RUE)";"48,96567600";"2,33444300"
"202300001590";"4";"12";"2023";"22:20";"3";"93";"93051";"1";"1";"2";"7";"A4";"48,83650400";"2,55103600"
"202300001591";"28";"11";"2023";"17:40";"3";"93";"93051";"1";"1";"1";"4";"A4";"48,83642921";"2,55189158"
"202300001592";"23";"11";"2023";"06:45";"5";"93";"93051";"1";"1";"1";"4";"A4";"48,83644900";"2,54987800"
"202300001593";"8";"06";"2023";"16:40";"1";"91";"91377";"2";"1";"1";"3";"AV DU MARECHAL JUIN";"48,71713000";"2,28259000"
"202300001594";"21";"11";"2023";"13:20";"1";"93";"93027";"1";"1";"2";"6";"AUTOROUTE A1";"48,93422403";"2,39288139"
"202300001595";"8";"06";"2023";"15:30";"1";"91";"91689";"2";"2";"1";"1";"RUE DE L AMIRAL MOUCHEZ";"48,73285000";"2,32801000"
"202300001596";"6";"12";"2023";"18:50";"3";"60";"60175";"1";"1";"2";"5";"RD 201_SORTIE 201_ACCES BD S.ALLENDE";"49,25000000";"2,45700000"
"202300001597";"7";"06";"2023";"11:45";"1";"90";"90008";"2";"3";"7";"3";"BELFORT (RUE DE)";"47,62476800";"6,84211400"
"202300001598";"12";"12";"2023";"18:25";"5";"08";"08409";"2";"1";"2";"2";"CHANZY (BOULEVARD)";"49,70350000";"4,93156000"
"202300001599";"7";"06";"2023";"15:00";"1";"88";"88415";"2";"1";"1";"3";"RUE DU VELODROME";"48,01229000";"6,60639000"
"202300001600";"14";"12";"2023";"08:10";"1";"09";"09225";"2";"1";"2";"6";"MIREPOIX ROUTE DE";"43,10426000";"1,62325000"
"202300001601";"7";"06";"2023";"15:41";"1";"87";"87085";"2";"3";"1";"2";"FOUGERAS (RUE DE)";"45,86756152";"1,29466585"
"202300001602";"9";"12";"2023";"07:05";"3";"09";"09225";"2";"3";"1";"3";"RIJOLE AVENUE DE LA";"43,12407000";"1,62078000"
"202300001603";"7";"06";"2023";"10:50";"1";"83";"83137";"2";"1";"1";"6";"15EME CORPS (AVE DU)";"43,12856000";"5,91363000"
"202300001604";"5";"12";"2023";"06:40";"3";"09";"09225";"1";"1";"9";"6";"ROUTE NATIONALE 20";"43,10662155";"1,63226634"
"202300001605";"8";"06";"2023";"19:25";"1";"79";"79191";"2";"1";"1";"7";"";"46,31095000";" -0,49216000"
"202300001606";"8";"06";"2023";"09:35";"1";"78";"78133";"2";"9";"1";"3";"Route de Mantes";"48,90578000";"2,04994300"
"202300001607";"27";"12";"2023";"19:59";"5";"38";"38053";"2";"3";"1";"3";"Rue Theophile Diederichs";"45,58998000";"5,27632000"
"202300001608";"23";"12";"2023";"20:10";"5";"38";"38053";"2";"6";"1";"3";"Avenue Henri Barbusse";"45,59390000";"5,26998000"
"202300001609";"23";"12";"2023";"18:17";"5";"38";"38053";"2";"1";"1";"3";"Avenue Henri Barbusse";"45,58402000";"5,28939000"
"202300001610";"8";"06";"2023";"16:30";"1";"77";"77350";"1";"1";"1";"6";"D471";"48,77647956";"2,70890810"
"202300001611";"23";"10";"2023";"09:00";"1";"38";"38185";"2";"2";"2";"6";"RUE LESDIGUIÈRES";"45,18773000";"5,72914000"
"202300001612";"8";"06";"2023";"16:25";"1";"77";"77350";"2";"9";"1";"6";"RUE LAVOISIER";"48,76806000";"2,68239000"
"202300001613";"17";"11";"2023";"19:15";"2";"83";"83126";"2";"2";"1";"3";"QUATRE SEPTEMBRE (BD DU)";"43,10293000";"5,87427000"
"202300001614";"8";"06";"2023";"16:50";"1";"77";"77058";"2";"2";"1";"6";"BOULEVARD PIERRE MENDES FRANCE";"48,83341146";"2,70899520"
"202300001615";"7";"06";"2023";"13:40";"1";"77";"77438";"1";"1";"1";"2";"D934";"48,86672200";"2,67610500"
"202300001616";"8";"12";"2023";"06:50";"5";"13";"13001";"2";"4";"3";"3";"GARDANNE (ROUTE DE )";"43,49350925";"5,40591717"
"202300001617";"6";"06";"2023";"15:30";"1";"76";"76351";"2";"1";"1";"6";"RENE CANCE";"49,50373000";"0,14793000"
"202300001618";"12";"10";"2023";"12:00";"1";"32";"32426";"1";"1";"7";"3";"D129";"43,48756600";"0,60441500"
"202300001619";"26";"10";"2023";"08:00";"5";"32";"32462";"2";"1";"3";"6";"3 Rue de la République";"43,75812900";"0,30375700"
"202300001620";"7";"06";"2023";"12:15";"1";"72";"72181";"2";"9";"1";"3";"DEMORIEUX PAIRS-ROCADE A RP D'ALLONNES";"47,98432000";"0,17765000"
"202300001621";"24";"10";"2023";"15:30";"1";"62";"62654";"1";"3";"1";"7";"Chemin exploitation";"50,91400471";"1,74475551"
"202300001622";"8";"06";"2023";"11:20";"1";"71";"71076";"2";"1";"1";"6";"SAINT EXUPERY (RUE)";"46,80644624";"4,84259427"
"202300001623";"4";"02";"2023";"14:55";"1";"62";"62497";"1";"1";"1";"7";"Rue Séraphin Cordier";"50,44824000";"3,05885000"
"202300001624";"24";"12";"2023";"11:35";"1";"88";"88116";"2";"7";"2";"1";"Place de la Pranziere";"47,96324300";"6,83820600"
"202300001625";"8";"06";"2023";"22:00";"5";"69";"69256";"2";"1";"1";"3";"120 Avenue Gabriel Péri";"45,77518000";"4,91419000"
"202300001626";"7";"06";"2023";"17:20";"1";"69";"69029";"2";"1";"1";"7";"39 Avenue du Président Salvador Allende";"45,74110000";"4,92976000"
"202300001627";"19";"12";"2023";"17:35";"5";"88";"88321";"2";"3";"2";"3";"Rue Jules Ferry";"48,35770695";"5,69778085"
"202300001628";"8";"12";"2023";"08:54";"1";"88";"88462";"1";"1";"2";"6";"Route de Gérardmer";"48,03346000";"6,67793000"
"202300001629";"7";"06";"2023";"23:20";"5";"69";"69259";"2";"1";"1";"6";"Boulevard Irène Joliot Curie";"45,72128000";"4,87416000"
"202300001630";"4";"06";"2023";"18:15";"1";"25";"25018";"1";"1";"1";"7";"D73";"47,38382500";"6,56961100"
"202300001631";"4";"06";"2023";"14:00";"1";"25";"25619";"1";"1";"1";"7";"Rue Principale";"46,71557800";"6,24796400"
"202300001632";"8";"06";"2023";"11:05";"1";"67";"67482";"2";"3";"1";"3";"VAUBAN (RUE)";"48,58059000";"7,77352000"
"202300001633";"4";"04";"2023";"18:30";"1";"59";"59135";"2";"1";"1";"7";"rue de watten";"50,80294500";"2,47454700"
"202300001634";"7";"06";"2023";"17:30";"1";"67";"67482";"2";"3";"1";"3";"BUDAPEST (RUE DE)";"48,57064000";"7,77588000"
"202300001635";"16";"10";"2023";"18:00";"1";"60";"60097";"1";"3";"7";"3";"D981";"49,32275800";"1,89456200"
"202300001636";"15";"11";"2023";"10:15";"1";"60";"60175";"1";"6";"1";"3";"RD 201";"49,24452000";"2,46980000"
"202300001637";"13";"12";"2023";"17:55";"3";"14";"14304";"1";"1";"2";"2";"D579";"49,38464000";"0,24762000"
"202300001638";"5";"06";"2023";"12:50";"1";"66";"66136";"2";"1";"1";"3";"";"42,67874000";"2,85200000"
"202300001639";"10";"11";"2023";"23:35";"5";"09";"09225";"2";"3";"2";"3";"TOULOUSE AVENUE DE";"43,12024000";"1,61127000"
"202300001640";"7";"09";"2023";"03:35";"3";"13";"13026";"1";"1";"1";"3";"A55-Sens Martigues vers Marseille";"43,39021000";"5,13590000"
"202300001641";"18";"11";"2023";"07:30";"3";"14";"14045";"1";"1";"3";"1";"Route de Rouen";"49,19788179";" -0,13313566"
"202300001642";"30";"12";"2023";"20:40";"3";"18";"18170";"1";"1";"1";"7";"N/A";"47,49106900";"2,55091500"
"202300001643";"26";"12";"2023";"16:00";"1";"18";"18033";"2";"2";"1";"6";"Boulevard de Juranville";"47,08327900";"2,38903800"
"202300001644";"19";"11";"2023";"05:15";"3";"74";"74079";"2";"1";"1";"6";"1943 Route de Serraval";"45,84109200";"6,33233100"
"202300001645";"18";"12";"2023";"10:50";"1";"13";"13063";"2";"1";"1";"6";"Avenue de l’Arc En Ciel";"43,59663700";"5,01109000"
"202300001646";"8";"12";"2023";"23:15";"3";"13";"13047";"1";"1";"1";"7";"D.52A";"43,48157000";"4,98168000"
"202300001647";"5";"12";"2023";"19:50";"5";"13";"13063";"2";"1";"1";"3";"MARIUS CHALVE AVENUE";"43,57970000";"5,00397000"
"202300001648";"31";"12";"2023";"08:30";"2";"13";"13213";"2";"6";"1";"3";"COLIBRIS (ROND POINT DES)";"43,32858000";"5,43372000"
"202300001649";"23";"10";"2023";"16:50";"1";"974";"97409";"2";"1";"1";"3";"CRESSONNIERE (rue de la)";" -20,96883000";"55,65712000"
"202300001650";"27";"10";"2023";"16:35";"1";"24";"24139";"1";"1";"2";"7";"A89 PK 108.700";"45,13595276";"0,61393261"
"202300001651";"26";"10";"2023";"04:15";"3";"56";"56220";"1";"1";"1";"7";"Kergo";"47,73221600";" -3,19264400"
"202300001652";"26";"10";"2023";"17:40";"2";"80";"80443";"1";"3";"1";"5";"CD 51";"49,84346900";"1,91227600"
"202300001653";"25";"10";"2023";"11:35";"1";"65";"65025";"2";"1";"1";"6";"Maison médicale - Avenue des pyrénées-";"43,00621433";" -0,09875625"
"202300001654";"26";"09";"2023";"01:50";"3";"12";"12264";"1";"1";"1";"6";"D988";"44,41697700";"2,65668500"
"202300001655";"27";"10";"2023";"06:48";"3";"71";"71133";"1";"1";"1";"5";"D985";"46,27928400";"4,30001000"
"202300001656";"25";"09";"2023";"10:50";"1";"22";"22341";"1";"1";"1";"2";"RN12";"48,39929000";" -2,40712000"
"202300001657";"26";"10";"2023";"18:05";"2";"71";"71412";"1";"1";"2";"4";"ROUTE NATIONALE 70";"46,72744400";"4,45866300"
"202300001658";"25";"09";"2023";"14:30";"1";"22";"22251";"1";"1";"1";"6";"RN12, PR 63+781, sens RENNES-BREST, LA MARE AU BUDO";"48,54492000";" -2,82229000"
"202300001659";"7";"09";"2023";"15:45";"1";"974";"97414";"2";"1";"1";"3";"avenue principale";" -21,29133600";"55,41430400"
"202300001660";"27";"10";"2023";"17:00";"2";"63";"63400";"2";"1";"2";"3";"lieu dit les sources";"46,06160700";"3,45205700"
"202300001661";"26";"09";"2023";"08:50";"1";"01";"01357";"2";"3";"1";"3";"RD 1084 / RD 55";"46,17274300";"5,72956300"
"202300001662";"27";"10";"2023";"18:02";"2";"55";"55153";"1";"1";"1";"7";"D114";"49,22452000";"5,51761500"
"202300001663";"26";"09";"2023";"13:22";"1";"83";"83070";"2";"1";"1";"2";"Avenue du Général de Gaulle";"43,13869800";"6,37070400"
"202300001664";"26";"10";"2023";"13:00";"1";"46";"46268";"1";"1";"3";"6";"RIVIERE BASSE D662";"44,46526600";"1,59940100"
"202300001665";"25";"09";"2023";"13:30";"1";"08";"08001";"1";"1";"1";"7";"RN 51";"49,50014500";"4,35318200"
"202300001666";"27";"10";"2023";"07:05";"2";"47";"47274";"2";"1";"2";"1";"D813";"44,14413073";"0,77814109"
"202300001667";"23";"09";"2023";"18:30";"1";"47";"47034";"2";"1";"1";"7";"Le Clavier";"44,38606343";"0,10384168"
"202300001668";"26";"10";"2023";"06:30";"5";"25";"25411";"2";"1";"2";"6";"Rue Pasteur";"47,05554000";"6,60297500"
"202300001669";"25";"09";"2023";"18:35";"1";"41";"41274";"1";"1";"1";"3";"D917";"47,76545700";"0,90230600"
"202300001670";"7";"09";"2023";"08:12";"1";"34";"34192";"2";"4";"1";"3";"Rue Sire de Joinville";"43,53031400";"3,93679100"
"202300001671";"26";"09";"2023";"07:45";"1";"30";"30196";"1";"1";"1";"1";"RD5";"44,09079100";"4,53460700"
"202300001672";"26";"10";"2023";"13:50";"1";"38";"38287";"2";"1";"8";"1";"Route du Bourg";"45,42089200";"5,46980500"
"202300001673";"25";"09";"2023";"21:00";"5";"69";"69100";"1";"1";"1";"4";"Rue du Vieux Port";"45,68033200";"4,83017000"
"202300001674";"27";"10";"2023";"17:00";"1";"02";"02810";"1";"1";"8";"6";"Route Nationale 2";"49,27127700";"3,14191800"
"202300001675";"25";"09";"2023";"18:20";"1";"30";"30034";"1";"1";"1";"3";"N/A";"43,75971200";"4,49524300"
"202300001676";"20";"10";"2023";"16:45";"1";"14";"14098";"1";"2";"1";"7";"38 Rue de Secqueville à Putot";"49,21632200";" -0,54618400"
"202300001677";"22";"09";"2023";"14:00";"1";"56";"56184";"1";"1";"1";"6";"kerjuhel";"47,70513400";" -2,43449100"
"202300001678";"26";"09";"2023";"08:10";"1";"2B";"2B218";"1";"1";"7";"6";"T50";"42,21224516";"9,34026718"
"202300001679";"26";"10";"2023";"22:00";"3";"50";"50394";"1";"6";"3";"5";"D900/D24";"49,19135200";" -1,42710700"
"202300001680";"26";"09";"2023";"17:40";"1";"2B";"2B318";"1";"1";"1";"6";"Terra Rossa";"42,43471000";"9,52039900"
"202300001681";"27";"10";"2023";"15:10";"1";"50";"50484";"2";"3";"2";"3";"132 Rue de Paris";"48,57663600";" -1,08576400"
"202300001682";"26";"10";"2023";"16:00";"1";"45";"45282";"1";"1";"1";"1";"D951 PR 100 + 36";"47,85628000";"1,81546900"
"202300001683";"27";"10";"2023";"08:00";"2";"36";"36012";"1";"1";"2";"7";"Le Plaix";"46,46747585";"1,56460017"
"202300001684";"25";"09";"2023";"18:08";"1";"71";"71162";"1";"3";"1";"2";"Route de Beaune";"46,97426400";"4,38974600"
"202300001685";"27";"10";"2023";"08:30";"1";"40";"40243";"1";"1";"8";"1";"Rue de Cournaou";"43,93389200";" -0,93138600"
"202300001686";"24";"09";"2023";"18:56";"1";"63";"63455";"2";"3";"1";"3";"D8/ chemin du moulin de la paille";"45,67002800";"3,16237800"
"202300001687";"11";"10";"2023";"07:00";"1";"85";"85078";"1";"3";"5";"2";"RD25C";"46,32521870";" -0,74034330"
"202300001688";"26";"09";"2023";"18:00";"1";"55";"55181";"1";"1";"1";"1";"D618";"49,23281600";"5,66044800"
"202300001689";"26";"09";"2023";"18:00";"1";"39";"39471";"1";"1";"1";"1";"N/A";"46,72832300";"5,50608200"
"202300001690";"27";"10";"2023";"13:30";"1";"38";"38486";"2";"1";"1";"3";"Avenue Louis Vicat";"45,15226500";"5,68255400"
"202300001691";"24";"10";"2023";"05:15";"3";"30";"30125";"1";"1";"1";"6";"Autoroute A54 au point kilométrique 007+600";"43,77584300";"4,41731900"
"202300001692";"25";"09";"2023";"08:45";"1";"29";"29076";"2";"1";"1";"1";"Lieu Dit Keravel Quinquis";"48,47922300";" -4,55713200"
"202300001693";"25";"09";"2023";"19:00";"1";"31";"31303";"1";"1";"1";"6";"Route de Berat";"43,35840200";"1,21258400"
"202300001694";"26";"10";"2023";"19:35";"3";"42";"42151";"1";"1";"3";"1";"Route de Montbrison";"45,64845800";"4,10840700"
"202300001695";"26";"09";"2023";"07:15";"1";"38";"38517";"2";"1";"1";"6";"avenue de la gare";"45,30096900";"5,49024000"
"202300001696";"26";"10";"2023";"14:39";"1";"95";"95658";"1";"1";"8";"7";"D14";"49,08193374";"1,93337917"
"202300001697";"27";"10";"2023";"13:20";"1";"91";"91461";"2";"1";"1";"1";"D97";"48,60171500";"2,22425900"
"202300001698";"26";"10";"2023";"21:25";"3";"34";"34307";"1";"1";"2";"6";"Route de Montpellier";"43,70996000";"4,00583800"
"202300001699";"21";"07";"2023";"16:30";"1";"01";"01263";"2";"1";"1";"6";"Rue de Lyon";"46,07973900";"4,75886100"
"202300001700";"27";"10";"2023";"11:00";"1";"13";"13027";"2";"1";"7";"1";"Boulevard Ernest Genevet";"43,88778300";"4,85125800"
"202300001701";"27";"10";"2023";"14:25";"1";"71";"71384";"1";"2";"1";"3";"D906";"46,69335000";"4,87067700"
"202300001702";"26";"09";"2023";"11:25";"1";"26";"26166";"1";"2";"1";"5";"BOULEVARD FREDERIC MISTRAL";"44,75592694";"4,82611653"
"202300001703";"26";"09";"2023";"10:55";"1";"14";"14478";"2";"1";"1";"6";"6 Rue Guillonnière";"49,02213900";"0,40623400"
"202300001704";"27";"10";"2023";"07:10";"2";"26";"26250";"1";"1";"1";"2";"Route de Romans";"45,01989600";"4,89544700"
"202300001705";"24";"09";"2023";"21:45";"3";"50";"50197";"1";"1";"1";"7";"D7";"48,87772800";" -1,38779600"
"202300001706";"27";"10";"2023";"11:05";"1";"01";"01390";"1";"2";"1";"5";"D 84";"45,82080300";"5,24400200"
"202300001707";"26";"09";"2023";"08:00";"1";"60";"60673";"1";"1";"7";"1";"N/A";"49,61202432";"2,14485311"
"202300001708";"27";"10";"2023";"08:20";"1";"69";"69047";"1";"1";"1";"6";"Descente de Ladry";"45,86888600";"4,65674400"
"202300001709";"25";"09";"2023";"20:15";"3";"16";"16323";"1";"1";"1";"6";"D4, PK 12+700";"45,62103900";"0,40135500"
"202300001710";"26";"09";"2023";"11:35";"1";"21";"21576";"1";"1";"1";"1";"D26";"47,37581800";"4,47808000"
"202300001711";"24";"10";"2023";"18:45";"3";"60";"60079";"1";"2";"1";"3";"Route Départementale 922";"49,14757047";"2,86279041"
"202300001712";"26";"09";"2023";"13:45";"1";"37";"37050";"2";"1";"1";"6";"213 Avenue du Grand Sud";"47,32480900";"0,70837400"
"202300001713";"27";"10";"2023";"15:50";"1";"80";"80236";"1";"1";"1";"7";"D41 PK 5.200";"49,69672100";"2,59650700"
"202300001714";"25";"09";"2023";"13:00";"1";"42";"42254";"1";"1";"1";"2";"A89";"45,83956400";"4,18630600"
"202300001715";"24";"10";"2023";"23:50";"5";"13";"13212";"1";"1";"1";"2";"A507 sens Marseille - Aubagne";"43,29700000";"5,42550000"
"202300001716";"25";"09";"2023";"17:20";"1";"34";"34022";"1";"1";"1";"2";"A709 PK 001+800";"43,67273700";"4,01718700"
"202300001717";"26";"10";"2023";"12:55";"1";"69";"69029";"1";"1";"1";"2";"Autoroute 43";"45,72781088";"4,90608824"
"202300001718";"26";"09";"2023";"04:45";"3";"83";"83140";"1";"1";"1";"2";"A8 pk 65.400";"43,42361100";"5,95997600"
"202300001719";"27";"08";"2023";"04:00";"3";"988";"98808";"1";"1";"1";"6";"Karagreu (Tribu)";" -21,34933000";"165,42835000"
"202300001720";"22";"10";"2023";"11:05";"1";"67";"67152";"1";"1";"1";"3";"N/A";"48,52583000";"7,69510000"
"202300001721";"18";"09";"2023";"03:00";"3";"988";"98819";"1";"1";"1";"6";"Tribu de Saint Pierre";" -20,42758600";"164,42856400"
"202300001722";"24";"10";"2023";"13:20";"1";"33";"33013";"1";"1";"1";"4";"ROUTE NATIONALE 230";"44,84620000";" -0,50239000"
"202300001723";"20";"10";"2023";"08:15";"1";"59";"59237";"1";"1";"2";"7";"AUTOROUTE A25";"50,76029000";"2,64357000"
"202300001724";"25";"09";"2023";"08:15";"1";"77";"77508";"1";"9";"1";"3";"D231";"48,81590000";"2,84197200"
"202300001725";"26";"10";"2023";"20:30";"3";"91";"91174";"1";"1";"3";"2";"RN 104";"48,62310000";"2,46628000"
"202300001726";"26";"09";"2023";"08:20";"1";"77";"77091";"1";"2";"7";"3";"Intersection D96 et D216 PK20+565";"48,74330700";"2,81631900"
"202300001727";"26";"10";"2023";"19:30";"3";"94";"94003";"1";"1";"2";"5";"A6B";"48,79974803";"2,34378034"
"202300001728";"26";"10";"2023";"19:17";"2";"91";"91161";"1";"1";"2";"4";"AUTOROUTE A6";"48,71900000";"2,31061000"
"202300001729";"23";"09";"2023";"15:00";"1";"68";"68318";"2";"2";"1";"7";"Rue de la Vallée";"47,96737000";"7,23172900"
"202300001730";"26";"10";"2023";"12:30";"1";"94";"94021";"1";"1";"2";"2";"A6A";"48,77028660";"2,34542494"
"202300001731";"26";"09";"2023";"09:45";"1";"88";"88321";"2";"1";"1";"6";"Rue de la 1ère Armée Française";"48,35653717";"5,69149330"
"202300001732";"26";"09";"2023";"10:50";"1";"55";"55145";"1";"1";"1";"7";"D19";"49,33572200";"5,38658400"
"202300001733";"26";"10";"2023";"11:00";"1";"91";"91228";"1";"1";"1";"3";"AUTOROUTE A6";"48,61596000";"2,42904000"
"202300001734";"26";"09";"2023";"15:10";"1";"63";"63284";"2";"6";"1";"6";"Sortie parking Intermarché";"45,80053300";"3,24294600"
"202300001735";"26";"10";"2023";"12:55";"1";"92";"92025";"1";"1";"8";"4";"A86";"48,91943159";"2,22419963"
"202300001736";"25";"10";"2023";"20:15";"3";"92";"92047";"1";"1";"2";"7";"A13";"48,83519709";"2,17572425"
"202300001737";"26";"09";"2023";"17:15";"1";"42";"42094";"2";"4";"1";"3";"Allée de la Loise";"45,74979000";"4,22525200"
"202300001738";"26";"09";"2023";"15:40";"1";"42";"42214";"2";"3";"1";"7";"Route de Bellegarde";"45,67251000";"4,29417200"
"202300001739";"25";"10";"2023";"05:00";"3";"78";"78029";"1";"1";"3";"5";"A13";"48,96837800";"1,85945700"
"202300001740";"25";"10";"2023";"02:30";"5";"92";"92051";"1";"1";"3";"6";"RN13";"48,88419589";"2,26244272"
"202300001741";"26";"09";"2023";"17:00";"1";"42";"42147";"1";"4";"1";"2";"Route de Précieux";"45,59318000";"4,11066200"
"202300001742";"26";"10";"2023";"12:20";"1";"95";"95277";"1";"1";"1";"3";"A3";"48,98112000";"2,49824000"
"202300001743";"26";"09";"2023";"09:35";"1";"42";"42147";"2";"1";"1";"6";"Montée de Rigaud";"45,60369100";"4,06885700"
"202300001744";"26";"10";"2023";"10:25";"1";"93";"93053";"1";"1";"2";"6";"AUTOROUTE A103";"48,88778000";"2,47250000"
"202300001745";"26";"10";"2023";"09:10";"1";"93";"93078";"1";"1";"2";"6";"AUTOROUTE A104";"48,96340000";"2,52179000"
"202300001746";"26";"09";"2023";"07:55";"2";"38";"38059";"2";"1";"1";"3";"D5";"45,12780505";"5,77827961"
"202300001747";"25";"10";"2023";"10:30";"1";"95";"95582";"1";"1";"2";"6";"D170";"48,96252000";"2,26350000"
"202300001748";"26";"09";"2023";"06:58";"2";"69";"69050";"2";"2";"1";"1";"Route Buissonniere";"45,87604900";"4,64410500"
"202300001749";"28";"10";"2023";"06:50";"3";"94";"94018";"1";"1";"2";"6";"A4";"48,81986293";"2,40335937"
"202300001750";"21";"09";"2023";"13:15";"1";"31";"31291";"1";"1";"1";"3";"D65";"43,59043900";"1,23084400"
"202300001751";"26";"10";"2023";"21:25";"3";"94";"94044";"1";"1";"2";"6";"N406";"48,75738552";"2,47631192"
"202300001752";"26";"10";"2023";"09:10";"1";"94";"94073";"1";"1";"2";"2";"A86";"48,76801926";"2,37873486"
"202300001753";"14";"01";"2023";"02:05";"5";"44";"44190";"2";"1";"2";"6";"54bis Route de Clisson";"47,19146000";" -1,52404000"
"202300001754";"26";"09";"2023";"10:23";"1";"33";"33055";"1";"2";"1";"3";"Rue de la Prade";"45,32391300";" -0,90531500"
"202300001755";"20";"07";"2023";"07:50";"1";"74";"74010";"2";"1";"7";"3";"Route de la roche sur foron";"45,93342100";"6,12864600"
"202300001756";"19";"08";"2023";"09:30";"1";"74";"74275";"2";"4";"1";"3";"Route de saint-germain";"45,85156600";"6,21606200"
"202300001757";"23";"09";"2023";"16:00";"1";"33";"33266";"2";"1";"1";"4";"route de cavignac";"45,05577000";" -0,32793400"
"202300001758";"25";"08";"2023";"21:45";"5";"74";"74012";"2";"1";"2";"6";"FLEUTET (RUE MME)";"46,19434000";"6,23947000"
"202300001759";"25";"09";"2023";"08:00";"1";"13";"13033";"1";"1";"1";"2";"A55-Sens Martigues vers Marseille";"43,37380564";"5,19485609"
"202300001760";"24";"09";"2023";"23:30";"3";"83";"83035";"1";"1";"1";"6";"A50";"43,16435815";"5,76702930"
"202300001761";"17";"08";"2023";"18:20";"1";"74";"74265";"1";"1";"1";"1";"Route du Col du Marais";"45,82109500";"6,33519500"