"Num_Acc";"jour";"mois";"an";"hrmn";"lum";"dep";"com";"agg";"int";"atm";"col";"adr";"lat";"long"
"202300001956";"26";"10";"2023";"12:44";"1";"63";"63178";"2";"1";"2";"3";"Avenue Pierre Mendes-France";"45,55164400";"3,25818700"
"202300001957";"24";"09";"2023";"12:45";"1";"29";"29166";"1";"1";"1";"3";"Kervennou";"48,15291700";" -4,20272100"
"202300001958";"23";"10";"2023";"11:00";"1";"22";"22345";"1";"1";"2";"6";"D6, le Vallain";"48,33593400";" -2,56951300"
"202300001959";"25";"10";"2023";"17:00";"1";"39";"39190";"1";"1";"2";"7";"N/A";"47,16334600";"5,74156300"
"202300001960";"25";"09";"2023";"07:25";"2";"29";"29260";"1";"3";"1";"3";"Rue de l'Etain";"48,44668600";" -4,62265800"
"202300001961";"26";"10";"2023";"12:30";"1";"29";"29020";"1";"2";"1";"3";"Les Trois Croix";"48,12239496";" -4,01964535"
"202300001962";"26";"10";"2023";"13:11";"1";"29";"29075";"2";"1";"1";"6";"44 allée des Camélias";"48,43429200";" -4,40963000"
"202300001963";"24";"09";"2023";"19:50";"4";"02";"02600";"1";"1";"1";"1";"N/A";"49,64663200";"3,77363200"
"202300001964";"24";"10";"2023";"16:16";"1";"66";"66009";"1";"1";"1";"1";"N/A";"42,46414200";"2,64587000"
"202300001965";"24";"09";"2023";"10:45";"1";"70";"70355";"1";"1";"1";"6";"L'Abbayotte";"47,42565449";"5,99978238"
"202300001966";"19";"10";"2023";"09:55";"1";"14";"14570";"1";"2";"1";"3";"Valorbiquet";"49,05898600";"0,33507800"
"202300001967";"25";"09";"2023";"11:18";"1";"58";"58083";"2";"1";"7";"6";"Place du Champ de Foire";"47,25452900";"3,68418900"
"202300001968";"25";"10";"2023";"19:30";"5";"14";"14623";"2";"2";"2";"3";"17 Route d'Harcourt";"49,11644800";" -0,37431200"
"202300001969";"23";"09";"2023";"15:00";"1";"58";"58178";"1";"1";"1";"6";"Départementale 18";"46,96602100";"3,64454300"
"202300001970";"26";"10";"2023";"08:28";"2";"50";"50110";"1";"1";"3";"1";"le pont caudel";"49,19002000";" -0,92045900"
"202300001971";"24";"09";"2023";"16:05";"1";"54";"54059";"1";"1";"7";"7";"D44";"48,84172913";"6,16779327"
"202300001972";"26";"10";"2023";"15:30";"1";"18";"18017";"1";"1";"2";"2";"N/A";"46,77953100";"2,85890700"
"202300001973";"26";"10";"2023";"02:20";"3";"85";"85139";"2";"2";"1";"6";"31 Rue Principale";"46,33514900";" -0,67595900"
"202300001974";"19";"09";"2023";"13:30";"1";"50";"50177";"1";"2";"1";"1";"Le Grand Chemin";"49,38192600";" -1,43687000"
"202300001975";"24";"09";"2023";"01:15";"3";"50";"50363";"1";"1";"1";"7";"1650 Route de l?Aubannerie";"49,00497900";" -1,09870300"
"202300001976";"25";"10";"2023";"08:25";"1";"30";"30088";"1";"1";"1";"5";"D999";"43,86081900";"4,10916600"
"202300001977";"26";"10";"2023";"18:30";"2";"64";"64430";"1";"1";"3";"6";"A64";"43,47878700";" -0,78223900"
"202300001978";"24";"09";"2023";"10:30";"1";"83";"83044";"1";"1";"1";"1";"D955";"43,68225800";"6,51045100"
"202300001979";"24";"09";"2023";"20:00";"3";"45";"45045";"1";"1";"1";"7";"D30 PR 3 + 800";"48,09092094";"2,27094626"
"202300001980";"26";"10";"2023";"07:00";"3";"34";"34298";"1";"1";"8";"4";"N/A";"43,30655300";"3,24042300"
"202300001981";"25";"10";"2023";"18:30";"3";"69";"69013";"1";"1";"3";"6";"Autoroute 6";"46,00241700";"4,73412000"
"202300001982";"25";"09";"2023";"19:45";"3";"73";"73096";"1";"3";"1";"1";"D1006";"45,51394100";"6,09176900"
"202300001983";"25";"10";"2023";"15:50";"1";"2B";"2B307";"1";"1";"1";"5";"ROUTE TERRITORIALE 10";"42,38511300";"9,53039300"
"202300001984";"25";"10";"2023";"15:40";"1";"83";"83071";"2";"6";"1";"7";"Rond Point Chateau Vert";"43,14435873";"6,24933289"
"202300001985";"24";"09";"2023";"22:00";"3";"43";"43152";"1";"1";"1";"5";"D13";"45,10094500";"3,85060800"
"202300001986";"26";"10";"2023";"12:10";"1";"83";"83143";"1";"1";"1";"3";"D562";"43,45227200";"6,10595800"
"202300001987";"24";"09";"2023";"14:30";"1";"07";"07011";"1";"1";"1";"7";"578";"44,71655500";"4,35896300"
"202300001988";"17";"10";"2023";"16:06";"1";"21";"21132";"1";"1";"1";"7";"Chambœuf";"47,22510600";"4,90878600"
"202300001989";"27";"05";"2023";"09:30";"1";"21";"21500";"1";"2";"1";"3";"CD 9";"47,50686700";"4,45978100"
"202300001990";"25";"10";"2023";"17:12";"1";"10";"10300";"1";"1";"8";"1";"D50";"48,43070600";"4,36473200"
"202300001991";"22";"09";"2023";"16:20";"1";"40";"40080";"2";"7";"7";"6";"Place de l'Ancienne Bastide";"43,76077300";" -0,31672100"
"202300001992";"25";"10";"2023";"12:10";"1";"38";"38545";"2";"4";"1";"1";"1 Rue des Astragales";"45,05618600";"5,66739000"
"202300001993";"26";"10";"2023";"15:20";"1";"07";"07264";"1";"1";"8";"6";"D86";"44,33693100";"4,64181800"
"202300001994";"24";"09";"2023";"11:45";"1";"37";"37033";"1";"1";"1";"6";"Voie Communale 1";"46,86336000";"0,89980600"
"202300001995";"25";"10";"2023";"10:45";"1";"69";"69255";"1";"4";"8";"3";"Route d’Yzeron";"45,72690700";"4,65546200"
"202300001996";"25";"09";"2023";"15:30";"1";"48";"48092";"2";"4";"1";"3";"27 Avenue du Docteur de Framont";"44,57170600";"3,28461800"
"202300001997";"26";"10";"2023";"05:15";"3";"33";"33498";"2";"3";"3";"3";"Route de Badet";"44,54612400";" -0,85430000"
"202300001998";"24";"09";"2023";"04:00";"3";"987";"98752";"1";"1";"2";"6";"PK 54";" -17,72200000";" -149,39900000"
"202300001999";"16";"10";"2023";"17:55";"1";"27";"27165";"2";"1";"1";"6";"Route de Sainte-marguerite";"48,95480500";"0,93513600"
"202300002000";"23";"10";"2023";"19:35";"5";"59";"59237";"2";"1";"2";"6";"Route Nationale";"50,75382500";"2,64509300"
"202300002001";"24";"09";"2023";"08:15";"2";"24";"24370";"2";"1";"7";"2";"56 Avenue du Périgord";"44,84495800";"0,15695200"
"202300002002";"26";"10";"2023";"12:35";"1";"59";"59051";"1";"6";"8";"7";"Route de Lille";"50,54200760";"2,82006456"
"202300002003";"24";"09";"2023";"17:50";"1";"69";"69027";"2";"1";"1";"6";"Avenue Ferdinand Gaillard";"45,67593200";"4,75535800"
"202300002004";"25";"10";"2023";"01:00";"3";"69";"69259";"1";"1";"1";"2";"Boulevard Périphérique Laurent Bonnevay";"45,71868000";"4,87299000"
"202300002005";"24";"09";"2023";"08:20";"1";"987";"98712";"2";"1";"1";"3";"avenue ariipaea pomare ";" -17,27900000";" -149,54200000"
"202300002006";"25";"10";"2023";"18:15";"1";"91";"91689";"1";"1";"1";"2";"AUTOROUTE A6";"48,72309000";"2,31192000"
"202300002007";"25";"10";"2023";"16:30";"1";"91";"91179";"1";"1";"1";"7";"AUTOROUTE A6";"48,56220000";"2,48104000"
"202300002008";"23";"09";"2023";"10:35";"1";"11";"11202";"2";"6";"1";"3";"Avenue de septimanie";"42,85354800";"3,03542900"
"202300002009";"25";"10";"2023";"14:15";"1";"91";"91136";"1";"1";"8";"7";"AUTOROUTE A10";"48,71067000";"2,28695000"
"202300002010";"25";"09";"2023";"01:40";"3";"988";"98823";"1";"1";"1";"6";"Tribu de NEOUTA";" -21,05515000";"165,39261000"
"202300002011";"25";"10";"2023";"11:35";"1";"91";"91228";"1";"1";"1";"3";"RN 104";"48,62533065";"2,41809726"
"202300002012";"25";"10";"2023";"09:48";"1";"91";"91521";"1";"1";"1";"7";"RN 441";"48,64220099";"2,39358187"
"202300002013";"6";"08";"2023";"07:00";"1";"986";"98613";"2";"9";"1";"3";"Utufua";" -13,28500000";" -176,20700000"
"202300002014";"25";"10";"2023";"07:35";"5";"75";"75113";"1";"1";"2";"6";"A6B";"48,81640900";"2,35898100"
"202300002015";"25";"10";"2023";"05:10";"4";"91";"91179";"1";"1";"2";"2";"RN 337";"48,56000000";"2,48445000"
"202300002016";"22";"09";"2023";"14:00";"1";"971";"97125";"1";"1";"1";"3";"Desbonnes";"16,28500500";" -61,28741400"
"202300002017";"23";"10";"2023";"21:10";"3";"78";"78640";"1";"1";"1";"6";"A86 EXT";"48,77799500";"2,21425100"
"202300002018";"20";"09";"2023";"16:20";"1";"29";"29230";"1";"1";"2";"1";"Penn ar Prat";"47,92811600";" -3,54978300"
"202300002019";"25";"09";"2023";"09:20";"1";"77";"77153";"2";"9";"1";"1";"D401";"49,05427100";"2,69420800"
"202300002020";"24";"09";"2023";"05:55";"4";"95";"95592";"2";"1";"1";"1";"D913";"49,02475200";"1,87321700"
"202300002021";"24";"09";"2023";"16:45";"1";"66";"66030";"1";"1";"1";"6";"D614A";"42,72628700";"2,78060300"
"202300002022";"23";"09";"2023";"22:20";"3";"11";"11001";"1";"1";"1";"6";"N/A";"43,22479000";"2,53393700"
"202300002023";"24";"09";"2023";"17:52";"1";"84";"84003";"1";"1";"1";"6";"D943";"43,87010900";"5,37453500"
"202300002024";"24";"09";"2023";"11:40";"1";"04";"04152";"1";"1";"1";"7";"Chemin de Montfuron";"43,80895500";"5,72445600"
"202300002025";"21";"09";"2023";"22:20";"3";"26";"26002";"1";"1";"2";"5";"Autoroutes A7 PK 033+000";"45,24189900";"4,84192400"
"202300002026";"25";"09";"2023";"07:35";"1";"67";"67067";"2";"2";"1";"6";"Rue de la Paix";"48,73489800";"7,70395300"
"202300002027";"25";"09";"2023";"08:10";"2";"54";"54519";"2";"1";"1";"1";"Rue d'Alsace";"48,41207632";"6,81017697"
"202300002028";"6";"09";"2023";"08:20";"1";"69";"69056";"2";"3";"7";"3";"Impasse des Saillants";"45,88873900";"4,61313100"
"202300002029";"25";"09";"2023";"15:40";"1";"69";"69099";"1";"3";"1";"3";"1940  Route de Saint Laurent";"45,73323900";"4,42493900"
"202300002030";"25";"09";"2023";"08:25";"1";"31";"31161";"1";"3";"1";"3";"intersection rd 813 chemin des monges";"43,48821400";"1,52963200"
"202300002031";"20";"09";"2023";"06:30";"3";"33";"33184";"1";"2";"1";"3";"les forgettes";"45,16862200";" -0,54359300"
"202300002032";"24";"09";"2023";"19:05";"1";"44";"44073";"1";"2";"1";"3";"Le Bois Sicard";"47,45789600";" -1,69007100"
"202300002033";"22";"09";"2023";"18:50";"1";"29";"29161";"1";"1";"1";"1";"Route de Goarem Kergrimen";"47,91962100";" -4,02765900"
"202300002034";"24";"09";"2023";"09:47";"1";"13";"13001";"1";"1";"1";"6";"A51-Sens Marseille vers Aix en Provence";"43,50324840";"5,40804365"
"202300002035";"24";"09";"2023";"06:40";"3";"13";"13026";"1";"1";"1";"1";"A55-Sens Marseille vers Martigues";"43,40117000";"5,10344000"
"202300002036";"21";"08";"2023";"20:48";"1";"10";"10081";"2";"3";"1";"3";"OUEST (BD)";"48,30554891";"4,02666092"
"202300002037";"21";"08";"2023";"14:42";"1";"10";"10081";"2";"1";"1";"6";"PRESIDENT RENE COTY";"48,31809000";"4,03750000"
"202300002038";"20";"08";"2023";"04:50";"5";"06";"06159";"2";"1";"1";"6";"IMPERATRICE ANNA FEODOROVNA";"43,70219100";"7,31129800"
"202300002039";"20";"08";"2023";"12:50";"1";"06";"06123";"2";"1";"1";"6";"FAHNESTOCK G. CORNICHE";"43,67432000";"7,18490000"
"202300002040";"20";"08";"2023";"04:55";"4";"06";"06155";"2";"2";"1";"7";"LIBERTE AV.DE LA";"43,56955600";"7,07716700"
"202300002041";"22";"08";"2023";"18:53";"1";"06";"06155";"2";"1";"1";"1";"POSTE AV.DE LA";"43,56875000";"7,07299000"
"202300002042";"21";"08";"2023";"20:30";"1";"75";"75119";"2";"1";"1";"3";"PORTE D AUBERVILLIERS";"48,90060600";"2,37393300"
"202300002043";"23";"08";"2023";"12:30";"1";"75";"75106";"2";"2";"1";"3";"RUE DE SEVRES";"48,85023300";"2,32416700"
"202300002044";"21";"08";"2023";"14:20";"1";"75";"75106";"2";"2";"1";"3";"BOULEVARD SAINT GERMAIN";"48,85209300";"2,34031500"
"202300002045";"23";"08";"2023";"18:50";"1";"75";"75120";"2";"1";"2";"3";"BD PERIPHERIQUE INTERIEUR";"48,84920600";"2,41492900"
"202300002046";"21";"08";"2023";"13:10";"1";"75";"75120";"2";"4";"1";"7";"AVENUE IBSEN";"48,86648600";"2,41266800"
"202300002047";"21";"08";"2023";"17:40";"1";"75";"75119";"2";"7";"1";"7";"PLACE SKANDERBEG";"48,90038700";"2,37039900"
"202300002048";"21";"08";"2023";"14:50";"1";"75";"75119";"2";"3";"1";"7";"BOULEVARD DE LA VILLETTE";"48,87843200";"2,37045100"
"202300002049";"23";"08";"2023";"05:40";"2";"75";"75118";"2";"1";"1";"1";"BOULEVARD NEY";"48,89869500";"2,36762600"
"202300002050";"23";"08";"2023";"09:05";"1";"75";"75117";"2";"3";"1";"6";"RUE GUERSANT";"48,88152000";"2,28921200"
"202300002051";"22";"08";"2023";"19:10";"1";"75";"75116";"2";"2";"1";"3";"BOULEVARD MURAT";"48,83710500";"2,26013200"
"202300002052";"22";"08";"2023";"15:45";"1";"75";"75116";"2";"2";"1";"3";"AVENUE MARCEAU";"48,86745600";"2,29923900"
"202300002053";"23";"08";"2023";"16:25";"1";"75";"75115";"2";"3";"1";"2";"BOULEVARD LEFEBVRE";"48,82817900";"2,30278300"
"202300002054";"23";"08";"2023";"08:15";"1";"75";"75115";"2";"1";"7";"3";"QUAI D ISSY LES MOULINEAUX";"48,83514541";"2,26635933"
"202300002055";"21";"08";"2023";"18:30";"1";"75";"75115";"2";"1";"1";"7";"AVENUE DE LA PORTE DE SEVRES";"48,83513600";"2,27784500"
"202300002056";"23";"08";"2023";"12:20";"1";"75";"75114";"2";"5";"1";"6";"AVENUE DU MAINE";"48,83754200";"2,32294100"
"202300002057";"23";"08";"2023";"20:10";"5";"75";"75115";"2";"1";"1";"6";"PORT DE JAVEL BAS";"48,84662100";"2,27693600"
"202300002058";"23";"08";"2023";"20:50";"5";"75";"75112";"2";"3";"1";"6";"RUE DES MEUNIERS";"48,83417600";"2,39771600"
"202300002059";"21";"08";"2023";"09:10";"1";"75";"75116";"2";"9";"1";"3";"VOIE GEORGES POMPIDOU";"48,85331600";"2,28197200"
"202300002060";"21";"08";"2023";"00:30";"5";"75";"75107";"2";"1";"1";"6";"PONT D IENA";"48,85945600";"2,29265200"
"202300002061";"23";"08";"2023";"18:10";"1";"94";"94041";"2";"1";"1";"6";"Rue Carnot";"48,80802566";"2,37068331"
"202300002062";"17";"08";"2023";"09:25";"1";"94";"94041";"2";"9";"1";"3";"Boulevard de Stalingrad";"48,80592000";"2,37602000"
"202300002063";"23";"08";"2023";"17:40";"1";"94";"94021";"2";"1";"1";"2";"Avenue Georges Guynemer";"48,76361800";"2,33925100"
"202300002064";"16";"08";"2023";"11:41";"1";"94";"94028";"2";"1";"1";"2";"Rue des Mèches";"48,79230000";"2,45770000"
"202300002065";"23";"08";"2023";"20:55";"2";"94";"94022";"2";"2";"1";"3";"Avenue Victor Hugo";"48,76881000";"2,42073000"
"202300002066";"23";"08";"2023";"14:40";"1";"93";"93066";"2";"2";"1";"1";"Rue Gabriel Péri / Rue Franciade";"48,93252323";"2,35565076"
"202300002067";"23";"08";"2023";"06:45";"2";"93";"93066";"2";"3";"1";"3";"Boulevard de la Libération / Rue Michael Faraday";"48,92254366";"2,34324151"
"202300002068";"23";"08";"2023";"06:50";"2";"93";"93050";"2";"9";"1";"3";"Boulevard du Marechal Foch";"48,85376000";"2,51772300"
"202300002069";"23";"08";"2023";"17:35";"1";"93";"93048";"2";"1";"1";"6";"Bd Paul Vaillant Couturier";"48,86560400";"2,44385000"
"202300002070";"22";"08";"2023";"21:20";"5";"93";"93063";"2";"3";"1";"3";"Avenue Lénine / Rue Vassou";"48,88470000";"2,43100000"
"202300002071";"23";"08";"2023";"14:10";"1";"93";"93010";"2";"3";"1";"3";"GALLIENI (AV.) DE 1 A 109";"48,90425200";"2,47250600"
"202300002072";"22";"08";"2023";"17:15";"1";"93";"93001";"2";"3";"1";"1";"Rue de Saint Denis / Rue de Valmy";"48,92102665";"2,37692771"
"202300002073";"14";"08";"2023";"16:15";"1";"92";"92078";"2";"2";"8";"3";"VERDUN (AVENUE) (PAIRS 92 ET PLUS)";"48,93486443";"2,32484132"
"202300002074";"22";"08";"2023";"18:17";"1";"92";"92073";"2";"1";"1";"3";"LOUCHEUR (BOULEVARD LOUIS)";"48,86049799";"2,21321797"
"202300002075";"15";"08";"2023";"19:55";"1";"92";"92072";"2";"1";"1";"6";"BRUYERES (RUE DES)";"48,82102880";"2,21881092"
"202300002076";"23";"08";"2023";"16:50";"1";"92";"92063";"2";"9";"1";"3";"MONTBRISON (RUE DU LIEUTENANT COLONEL DE";"48,85944556";"2,19464564"
"202300002077";"23";"08";"2023";"01:45";"5";"92";"92051";"2";"1";"1";"6";"CHARLES DE GAULLE (AVENUE, N° 18 A 116)";"48,88069412";"2,27409929"
"202300002078";"23";"08";"2023";"09:50";"1";"92";"92044";"2";"1";"1";"3";"ANA.FRANCE(RUE) 141+ ET 126 +";"48,89861000";"2,27913000"
"202300002079";"23";"08";"2023";"19:29";"1";"92";"92025";"2";"3";"1";"6";"STALINGRAD (AV DE)";"48,92781231";"2,27181718"
"202300002080";"16";"08";"2023";"10:10";"1";"92";"92024";"2";"2";"1";"6";"VICTOR MERIC (RUE)";"48,90122698";"2,30540916"
"202300002081";"23";"08";"2023";"12:00";"1";"92";"92012";"2";"1";"1";"6";"ANDRE MORIZET (AVENUE) - 49/FIN - 54/FIN";"48,83690491";"2,23635776"
"202300002082";"16";"08";"2023";"09:22";"1";"92";"92012";"2";"1";"1";"6";"PARIS (RUE DE) 1/97 - 2/114";"48,83999560";"2,24561244"
"202300002083";"23";"08";"2023";"12:55";"1";"39";"39437";"1";"1";"1";"5";"N/A";"46,71814500";"5,78561200"
"202300002084";"21";"08";"2023";"16:40";"1";"14";"14162";"1";"1";"1";"6";"La Lande";"48,89983200";" -0,46291700"
"202300002085";"23";"08";"2023";"03:00";"3";"83";"83072";"1";"1";"1";"6";"2050 Route de Salernes";"43,50759700";"6,33928600"
"202300002086";"24";"08";"2023";"06:45";"2";"66";"66190";"1";"1";"1";"2";"N/A";"42,80812100";"2,90296600"
"202300002087";"22";"08";"2023";"12:00";"1";"988";"98812";"1";"1";"1";"6";"RT1";" -20,50492300";"164,25997100"
"202300002088";"21";"08";"2023";"18:05";"1";"10";"10350";"2";"1";"7";"6";"Rue du Professeur d'Hérelle";"48,17241100";"3,79673100"
"202300002089";"22";"08";"2023";"19:00";"1";"62";"62614";"1";"2";"1";"6";"D 943";"50,83773421";"2,01754689"
"202300002090";"24";"08";"2023";"07:06";"1";"63";"63264";"1";"1";"1";"6";"D983";"45,64948728";"2,85204548"
"202300002091";"23";"08";"2023";"08:10";"1";"63";"63004";"2";"1";"1";"6";"Avenue du Plan d'Eau";"45,92560600";"2,80977000"
"202300002092";"23";"08";"2023";"19:25";"1";"55";"55557";"1";"1";"1";"7";"A4 - sens PARIS/METZ - PK 271.300";"49,12681700";"5,62612700"
"202300002093";"24";"08";"2023";"09:06";"1";"79";"79174";"1";"3";"7";"3";"N/A";"46,21510100";" -0,14195300"
"202300002094";"24";"08";"2023";"20:00";"2";"83";"83070";"1";"1";"1";"1";"D559";"43,14965800";"6,41583300"
"202300002095";"18";"08";"2023";"16:35";"1";"83";"83070";"2";"3";"1";"1";"379 route de Benat";"43,13520205";"6,35132392"
"202300002096";"21";"08";"2023";"19:30";"2";"65";"65133";"1";"1";"1";"6";"Route du Tourtou";"43,31959900";"0,16034000"
"202300002097";"22";"08";"2023";"11:50";"1";"38";"38342";"1";"1";"1";"1";"Ruisseau du Gravenon, RD 1075";"44,88829700";"5,61510500"
"202300002098";"24";"08";"2023";"08:30";"1";"62";"62376";"1";"1";"8";"6";"D 937";"50,56217722";"2,60363531"
"202300002099";"21";"08";"2023";"12:02";"1";"37";"37179";"1";"1";"1";"5";"autoroute a10";"47,45446186";"0,75288534"
"202300002100";"24";"08";"2023";"17:30";"1";"83";"83116";"2";"1";"1";"6";"Chemin du Real Vieux";"43,45285500";"5,85895800"
"202300002101";"21";"08";"2023";"21:30";"5";"91";"91553";"2";"3";"1";"1";"Route de St Germain Rd 947";"48,61793200";"2,48372400"
"202300002102";"21";"08";"2023";"19:25";"1";"51";"51545";"1";"1";"1";"6";"D977";"48,72417800";"4,20273700"
"202300002103";"20";"08";"2023";"13:00";"1";"19";"19181";"1";"1";"1";"7";"RD 128";"45,47794800";"1,84402900"
"202300002104";"24";"08";"2023";"16:00";"1";"56";"56005";"2";"1";"1";"7";"Rue Centrale";"47,54959200";" -2,89366700"
"202300002105";"11";"08";"2023";"14:30";"1";"77";"77020";"1";"9";"1";"3";"N4";"48,69256100";"3,18605100"
"202300002106";"23";"08";"2023";"15:50";"1";"76";"76328";"1";"2";"1";"2";"D151";"49,65575200";"1,17992800"
"202300002107";"22";"08";"2023";"11:30";"1";"2B";"2B049";"1";"1";"1";"1";"route de calenzana";"42,53537400";"8,81343800"
"202300002108";"22";"08";"2023";"10:00";"1";"2B";"2B318";"1";"9";"1";"2";"San Piovanaccio";"42,44032300";"9,51038900"
"202300002109";"20";"08";"2023";"21:30";"3";"80";"80163";"1";"1";"1";"6";"D3";"50,12187100";"1,74974400"
"202300002110";"24";"08";"2023";"00:45";"4";"65";"65388";"2";"1";"1";"6";"rd929 routed'autun";"42,82425500";"0,33119900"
"202300002111";"22";"08";"2023";"09:27";"1";"65";"65470";"1";"3";"1";"1";"Rd 921B";"43,06485500";" -0,04319400"
"202300002112";"22";"08";"2023";"13:30";"1";"55";"55012";"1";"1";"1";"7";"D908";"48,85702100";"5,64845300"
"202300002113";"23";"08";"2023";"17:10";"1";"49";"49086";"2";"1";"1";"1";"Rue de la bâte";"47,27275000";" -0,45446600"
"202300002114";"23";"08";"2023";"11:00";"1";"12";"12171";"1";"1";"7";"1";"D901";"44,52520000";"2,41338700"
"202300002115";"24";"08";"2023";"11:00";"1";"42";"42181";"1";"1";"1";"6";"Route de Montagny";"45,99932022";"4,21767578"
"202300002116";"22";"08";"2023";"12:30";"1";"42";"42262";"1";"1";"1";"3";"Route de Périgneux";"45,40978133";"4,18734211"
"202300002117";"24";"08";"2023";"09:10";"1";"47";"47203";"1";"1";"7";"1";"309 Route de Tournon";"44,38443397";"0,81635469"
"202300002118";"23";"08";"2023";"12:43";"1";"39";"39328";"1";"1";"1";"7";"N/A";"46,50320400";"5,71536900"
"202300002119";"21";"08";"2023";"15:55";"1";"39";"39401";"2";"3";"1";"3";"12 Rue du Château";"46,90550200";"5,59049600"
"202300002120";"24";"08";"2023";"12:40";"1";"25";"25440";"1";"1";"1";"1";"N57";"47,00247100";"6,32679500"
"202300002121";"22";"08";"2023";"07:42";"2";"29";"29202";"1";"6";"1";"2";"Roc’h Tredudon";"48,41206091";" -3,89538650"
"202300002122";"24";"08";"2023";"10:25";"1";"31";"31589";"1";"1";"1";"6";"D813";"43,43953700";"1,65123800"
"202300002123";"23";"08";"2023";"18:50";"1";"38";"38163";"1";"9";"1";"6";"Le Pleynet (Plateforme)";"45,27224600";"6,05532300"
"202300002124";"21";"08";"2023";"21:50";"3";"02";"02556";"1";"1";"1";"6";"D18";"49,67736200";"4,10081900"
"202300002125";"22";"08";"2023";"17:25";"1";"02";"02527";"2";"1";"1";"6";"Rue des Vignes";"49,45633600";"3,19556200"
"202300002126";"24";"08";"2023";"16:30";"1";"03";"03089";"2";"1";"1";"6";"Place de l’Ecole";"46,21871600";"3,01269900"
"202300002127";"29";"07";"2023";"15:00";"1";"15";"15188";"1";"1";"1";"6";"D74";"45,00495200";"3,17149800"
"202300002128";"21";"08";"2023";"14:50";"1";"58";"58080";"1";"1";"1";"7";"D958, PK28+285";"47,19016100";"3,64864100"
"202300002129";"21";"08";"2023";"19:20";"1";"66";"66179";"1";"1";"1";"1";"départementale D3";"42,37043500";"2,62313300"
"202300002130";"23";"08";"2023";"20:30";"2";"72";"72363";"1";"1";"1";"6";"fief barry";"48,10330215";"0,50367236"
"202300002131";"23";"08";"2023";"09:45";"1";"72";"72386";"2";"6";"7";"3";"Avenue du Mans";"48,00147363";"0,24625540"
"202300002132";"24";"08";"2023";"20:30";"5";"14";"14678";"1";"1";"2";"2";"Route d'Argences";"48,97555300";" -0,24046000"
"202300002133";"24";"08";"2023";"10:40";"1";"14";"14092";"2";"1";"2";"6";"la Hogue";"49,11642200";" -0,27287200"
"202300002134";"23";"08";"2023";"17:30";"1";"50";"50092";"1";"1";"1";"7";"départementale 141";"49,06407100";" -1,40615300"
"202300002135";"5";"05";"2023";"12:15";"1";"06";"06088";"2";"2";"7";"4";"TURIN (RTE DE)";"43,71579000";"7,28445000"
"202300002136";"5";"05";"2023";"22:00";"5";"06";"06085";"2";"1";"1";"3";"CAMPELIERES (CHEMIN DES)";"43,58056620";"7,00673710"
"202300002137";"4";"05";"2023";"12:45";"1";"75";"75112";"2";"1";"1";"3";"ECHANGEUR BERCY";"48,82714100";"2,39103000"
"202300002138";"4";"05";"2023";"09:30";"1";"75";"75106";"2";"3";"1";"3";"RUE DE VAUGIRARD";"48,84930393";"2,33731717"
"202300002139";"5";"05";"2023";"12:45";"1";"75";"75119";"2";"2";"1";"3";"BOULEVARD D INDOCHINE";"48,88364200";"2,39699700"
"202300002140";"28";"11";"2023";"17:45";"2";"92";"92025";"2";"3";"1";"3";"ROUGET DE L'ISLE (RUE)";"48,92100000";"2,24981000"
"202300002141";"5";"05";"2023";"05:55";"2";"75";"75119";"2";"1";"1";"6";"PLACE DES FETES";"48,87688100";"2,39432700"
"202300002142";"28";"11";"2023";"12:27";"1";"92";"92025";"2";"2";"1";"3";"AGRICULTURE (RUE DE L')";"48,91320000";"2,23917000"
"202300002143";"5";"05";"2023";"01:05";"5";"75";"75119";"2";"2";"1";"3";"RUE D AUBERVILLIERS";"48,88968700";"2,36811800"
"202300002144";"24";"11";"2023";"17:20";"2";"62";"62447";"2";"1";"1";"6";"D340";"50,37168600";"2,04391300"
"202300002145";"5";"05";"2023";"11:45";"1";"75";"75115";"2";"2";"1";"3";"RUE FIZEAU";"48,83128100";"2,30246800"
"202300002146";"22";"11";"2023";"04:45";"3";"38";"38157";"1";"3";"1";"3";"Rue des Potiers";"45,49630000";"4,93330100"
"202300002147";"5";"05";"2023";"09:50";"1";"75";"75115";"2";"2";"1";"3";"BOULEVARD DE VAUGIRARD";"48,84044800";"2,31513300"
"202300002148";"29";"11";"2023";"06:39";"2";"38";"38238";"2";"2";"1";"1";"Route des Cerisiers";"45,49334900";"5,04675600"
"202300002149";"28";"11";"2023";"20:25";"3";"02";"02009";"1";"1";"1";"6";"N/A";"49,76690800";"3,35666700"
"202300002150";"5";"05";"2023";"20:55";"5";"75";"75112";"2";"5";"2";"4";"RUE VAN GOGH";"48,84341800";"2,37074900"
"202300002151";"29";"11";"2023";"11:00";"1";"40";"40304";"2";"1";"1";"6";"328 Avenue des Pervenches";"43,67030500";" -1,43839900"
"202300002152";"5";"05";"2023";"08:30";"1";"75";"75111";"2";"7";"8";"2";"PLACE LEON BLUM";"48,85794461";"2,38032103"
"202300002153";"28";"11";"2023";"12:30";"1";"57";"57232";"1";"1";"1";"1";"D22";"48,97820300";"6,79915300"
"202300002154";"5";"05";"2023";"15:00";"1";"75";"75110";"2";"2";"1";"1";"RUE DU FAUBOURG SAINT DENIS";"48,87157200";"2,35362100"