"Num_Acc";"jour";"mois";"an";"hrmn";"lum";"dep";"com";"agg";"int";"atm";"col";"adr";"lat";"long"
"202300002937";"18";"12";"2023";"13:45";"1";"88";"88320";"2";"1";"7";"6";"Chemin des Goutys";"48,28747300";"7,00367700"
"202300002938";"25";"03";"2023";"22:20";"5";"65";"65455";"2";"1";"1";"6";"6 Route de Cantaous";"43,08324500";"0,43966200"
"202300002939";"9";"06";"2023";"00:05";"3";"34";"34223";"1";"1";"1";"1";"D909";"43,42833300";"3,22320000"
"202300002940";"21";"08";"2023";"19:20";"1";"13";"13058";"2";"1";"1";"1";"65 Avenue de la Vallée des Baux";"43,72085600";"4,80539200"
"202300002941";"26";"12";"2023";"15:18";"1";"10";"10220";"1";"1";"2";"4";"RD619";"48,50064000";"3,79955300"
"202300002942";"8";"06";"2023";"19:15";"1";"44";"44006";"1";"1";"2";"6";"28 Rue du Calvaire";"47,42942300";" -2,38587300"
"202300002943";"24";"08";"2023";"10:19";"1";"28";"28392";"1";"1";"1";"6";"autoroute A10 point kilométrique 061+260 direction Orléans (45)";"48,23473400";"1,84956600"
"202300002944";"1";"12";"2023";"12:15";"1";"10";"10224";"2";"2";"1";"3";"Rue Gambetta";"48,40440600";"3,72971900"
"202300002945";"24";"03";"2023";"17:00";"1";"65";"65375";"1";"2";"1";"6";"D5";"43,37288600";"0,15384100"
"202300002946";"21";"08";"2023";"08:00";"1";"987";"98722";"2";"1";"1";"6";"Descente Atima";" -17,50951400";" -149,48537700"
"202300002947";"8";"06";"2023";"17:15";"1";"35";"35122";"2";"3";"1";"1";"Rue d'Aleth";"48,60443600";" -1,89606400"
"202300002948";"24";"07";"2023";"13:45";"1";"34";"34289";"2";"4";"1";"3";"D13";"43,39418800";"3,41146900"
"202300002949";"7";"06";"2023";"16:30";"1";"03";"03093";"1";"1";"1";"2";"Rue du Mourgon";"46,18549200";"3,46536400"
"202300002950";"13";"09";"2023";"18:00";"1";"93";"93066";"1";"1";"1";"4";"AUTOROUTE A1";"48,90900000";"2,35809000"
"202300002951";"22";"08";"2023";"17:20";"1";"987";"98729";"1";"1";"1";"3";"RT 91 PK 8 - Afareaitu";" -17,57700000";" -150,20200000"
"202300002952";"25";"03";"2023";"19:25";"2";"33";"33384";"1";"1";"8";"6";"Lieu Dit Guillemot";"44,88753300";" -0,12783900"
"202300002953";"7";"06";"2023";"17:00";"1";"70";"70467";"2";"1";"1";"3";"Avenue d'Augrogne";"47,88284400";"6,26752210"
"202300002954";"25";"10";"2023";"20:20";"5";"44";"44162";"2";"6";"1";"3";"17 Rue Jacques Cartier";"47,22567404";" -1,63539351"
"202300002955";"22";"08";"2023";"12:38";"1";"974";"97408";"1";"1";"1";"7";"N1";" -20,93068900";"55,33111800"
"202300002956";"23";"10";"2023";"19:15";"3";"44";"44162";"2";"1";"1";"6";"31 Avenue du Parnasse";"47,23338909";" -1,59461520"
"202300002957";"26";"03";"2023";"17:30";"1";"71";"71014";"2";"1";"7";"6";"Rue de la Croix Blanche";"46,95660500";"4,30225500"
"202300002958";"9";"06";"2023";"09:50";"1";"26";"26118";"2";"2";"1";"3";"Chemin du Bois de Seyve";"45,31693200";"4,95471600"
"202300002959";"23";"08";"2023";"21:30";"3";"973";"97311";"1";"1";"1";"5";"Route départementale 9, PK 8+100";"5,55025200";" -53,93691100"
"202300002960";"21";"10";"2023";"19:11";"4";"44";"44109";"2";"6";"1";"3";"Rue des Dervallières";"47,22190912";" -1,57879487"
"202300002961";"6";"06";"2023";"17:48";"1";"72";"72253";"2";"9";"1";"1";"Route de la Suze";"47,89497100";"0,05682800"
"202300002962";"26";"03";"2023";"17:32";"1";"61";"61214";"2";"1";"8";"6";"Voie Communale";"48,76582100";"0,63170300"
"202300002963";"8";"06";"2023";"04:35";"3";"06";"06150";"1";"1";"1";"7";"Avenue de Cap d'Ail";"43,72970500";"7,39301300"
"202300002964";"20";"10";"2023";"07:45";"2";"44";"44109";"2";"1";"1";"2";"57 Rue Amiral Du Chaffault";"47,20737387";" -1,58263480"
"202300002965";"20";"08";"2023";"11:50";"1";"33";"33333";"1";"1";"1";"4";"route du temple";"44,87572000";" -1,04681300"
"202300002966";"20";"10";"2023";"19:10";"4";"44";"44143";"2";"6";"8";"6";"Rue de la Gamalière";"47,17300056";" -1,55484931"
"202300002967";"25";"03";"2023";"16:45";"1";"42";"42149";"2";"1";"1";"1";"Avenue des Sources";"45,63970100";"4,23497200"
"202300002968";"7";"06";"2023";"01:10";"3";"50";"50464";"1";"1";"1";"7";"route de l'abbaye";"49,00972600";" -1,37858600"
"202300002969";"20";"08";"2023";"07:50";"1";"45";"45051";"2";"1";"1";"6";"Rue de Chateaubriand";"47,82826800";"2,38995600"
"202300002970";"11";"08";"2023";"19:15";"1";"10";"10333";"2";"3";"1";"3";"THIERS (RUE)";"48,28495000";"4,06710000"
"202300002971";"8";"06";"2023";"18:15";"1";"50";"50158";"1";"1";"1";"3";"D48";"48,72440600";" -1,09867600"
"202300002972";"24";"03";"2023";"20:15";"5";"44";"44069";"1";"1";"2";"1";"1097 route de saint-lyphard";"47,34114200";" -2,40736300"
"202300002973";"9";"08";"2023";"12:44";"1";"10";"10333";"2";"2";"1";"1";"Rue Pierre de Celle";"48,28110000";"4,04690000"
"202300002974";"9";"06";"2023";"09:05";"1";"60";"60319";"1";"1";"1";"1";"D981";"49,35036006";"1,93523955"
"202300002975";"18";"08";"2023";"22:34";"3";"45";"45039";"2";"3";"1";"1";"D948 PR 30 + 475";"47,79624200";"2,38157600"
"202300002976";"7";"06";"2023";"06:45";"2";"45";"45148";"2";"1";"1";"6";"30 Rue du Val";"48,07148700";"2,76399300"
"202300002977";"24";"03";"2023";"23:30";"3";"29";"29174";"2";"1";"1";"6";"Rue Jules Ferry";"47,90307700";" -4,28453400"
"202300002978";"20";"10";"2023";"21:55";"5";"44";"44109";"2";"3";"8";"6";"Avenue Général de Gaulle";"47,20672728";" -1,53969386"
"202300002979";"24";"03";"2023";"19:00";"2";"02";"02232";"1";"1";"8";"7";"N/A";"49,18931500";"2,98411300"
"202300002980";"5";"08";"2023";"19:55";"1";"10";"10081";"2";"1";"8";"3";"JULES FERRY (RUE)";"48,31500000";"4,06078000"
"202300002981";"21";"08";"2023";"15:30";"1";"45";"45316";"1";"1";"1";"1";"D2060 PR 60 + 265";"47,93496100";"2,34673700"
"202300002982";"9";"06";"2023";"17:35";"1";"18";"18126";"1";"1";"1";"5";"";"46,93445500";"2,40226100"
"202300002983";"19";"10";"2023";"17:07";"1";"44";"44109";"2";"1";"1";"6";"Rue Henri IV";"47,21648120";" -1,54681060"
"202300002984";"25";"03";"2023";"16:30";"1";"66";"66222";"2";"1";"1";"6";"15 Boulevard des Pyrénées";"42,54912100";"2,38534700"
"202300002985";"7";"06";"2023";"21:30";"2";"36";"36120";"1";"1";"1";"6";"le relais";"46,68971218";"1,89512014"
"202300002986";"17";"10";"2023";"10:40";"1";"44";"44114";"2";"1";"1";"2";"87 Avenue de la Patouillerie";"47,24527050";" -1,58123304"
"202300002987";"9";"06";"2023";"11:45";"1";"36";"36140";"1";"1";"1";"7";"Poudeau";"46,87926500";"1,83455900"
"202300002988";"19";"08";"2023";"14:45";"1";"91";"91461";"1";"9";"1";"3";"D116d";"48,59385300";"2,21253300"
"202300002989";"25";"03";"2023";"17:45";"1";"72";"72381";"2";"1";"1";"7";"Zone D Activite Za Actival Lieu Dit Les Clottees";"47,94423100";"0,11168100"
"202300002990";"17";"10";"2023";"07:20";"2";"44";"44162";"2";"6";"1";"6";"277 Boulevard Marcel Paul";"47,22949926";" -1,63390338"
"202300002991";"8";"06";"2023";"17:20";"1";"53";"53043";"1";"1";"1";"7";"route départementale 557";"48,16303700";" -0,54292200"
"202300002992";"14";"10";"2023";"19:15";"1";"44";"44143";"2";"1";"1";"7";"28 Rue du Lieutenant de Monti";"47,18658072";" -1,55722553"
"202300002993";"23";"08";"2023";"05:50";"2";"91";"91587";"1";"1";"1";"6";"N 20";"48,68862000";"2,28631000"
"202300002994";"9";"06";"2023";"05:25";"2";"24";"24067";"1";"1";"1";"6";"1173 Chemin de Nivelle";"44,93372700";"0,91418300"
"202300002995";"25";"03";"2023";"20:40";"3";"60";"60030";"1";"1";"2";"5";"D927";"49,36773100";"2,10594200"
"202300002996";"14";"10";"2023";"11:55";"1";"44";"44162";"2";"3";"8";"6";"46 Rue de la Porchellerie";"47,22248552";" -1,66763614"
"202300002997";"8";"06";"2023";"01:00";"3";"24";"24481";"1";"1";"1";"6";"86 Route de la Coquille";"45,48131400";"0,99820600"
"202300002998";"14";"10";"2023";"11:25";"1";"44";"44109";"1";"6";"8";"6";"Rond-Point Abel Durant";"47,22107017";" -1,60239260"
"202300002999";"22";"08";"2023";"13:40";"1";"66";"66140";"1";"1";"1";"1";"N/A";"42,69307300";"2,75731400"
"202300003000";"8";"06";"2023";"21:10";"2";"04";"04233";"1";"1";"1";"7";"D4";"44,27581100";"5,93244600"
"202300003001";"25";"03";"2023";"19:00";"1";"18";"18270";"1";"1";"1";"3";"Route de Farges";"46,76084100";"2,37888300"
"202300003002";"22";"08";"2023";"09:00";"1";"66";"66037";"2";"1";"1";"3";"N/A";"42,70150063";"3,01425040"
"202300003003";"25";"03";"2023";"16:15";"1";"36";"36016";"2";"1";"1";"6";"Rue de l’Abbe Pigeaud";"46,55046300";"1,15666800"
"202300003004";"9";"06";"2023";"17:00";"1";"04";"04008";"1";"1";"2";"1";"rn 202";"43,94521800";"6,68948300"
"202300003005";"13";"10";"2023";"13:00";"1";"44";"44109";"1";"1";"1";"2";"Pont de Cheviré";"47,19224239";" -1,61349714"
"202300003006";"21";"08";"2023";"23:20";"3";"84";"84068";"2";"1";"1";"6";"Route de Vaugines";"43,76748300";"5,37019000"
"202300003007";"26";"03";"2023";"13:00";"1";"07";"07343";"1";"6";"1";"6";"Rond-Point aérodrome D104";"44,54100500";"4,35114400"
"202300003008";"6";"06";"2023";"12:00";"1";"85";"85246";"1";"2";"1";"3";"intersection RD52 RD29";"46,71562800";" -1,24192700"
"202300003009";"9";"10";"2023";"08:50";"2";"44";"44109";"2";"1";"1";"3";"546 Route de Saint Joseph";"47,27682103";" -1,51227741"
"202300003010";"21";"08";"2023";"12:15";"1";"84";"84054";"1";"1";"1";"6";"D938";"43,88382000";"5,04113700"
"202300003011";"4";"10";"2023";"06:20";"2";"44";"44109";"2";"1";"1";"7";"14 Rue Léon Maître";"47,21398575";" -1,55315757"
"202300003012";"26";"03";"2023";"19:30";"2";"85";"85146";"1";"1";"1";"6";"la mussetière";"47,01601200";" -1,35956900"
"202300003013";"9";"06";"2023";"00:40";"3";"17";"17032";"1";"1";"9";"7";"Rue des Rampots";"46,05074800";" -0,95828900"
"202300003014";"4";"10";"2023";"12:25";"1";"44";"44109";"2";"2";"8";"3";"38 Rue Grande Biesse";"47,20572266";" -1,54879645"
"202300003015";"23";"08";"2023";"22:10";"3";"84";"84141";"2";"1";"1";"1";"Route de Morières";"43,97041100";"4,89629700"
"202300003016";"8";"06";"2023";"12:00";"1";"37";"37033";"1";"1";"7";"1";"D725";"46,83719942";"0,89757442"
"202300003017";"2";"10";"2023";"11:00";"1";"44";"44109";"2";"1";"8";"7";"15 Boulevard Emile Gabory";"47,19624216";" -1,53058731"
"202300003018";"8";"06";"2023";"15:30";"1";"30";"30227";"2";"1";"1";"2";"Boulevard du Portalet";"44,26058000";"4,19808100"
"202300003019";"25";"03";"2023";"18:44";"1";"17";"17448";"1";"2";"1";"3";"Le bois de la coudrée";"45,97753900";" -0,75296000"
"202300003020";"21";"08";"2023";"17:35";"1";"83";"83042";"2";"3";"1";"1";"221 Route des Mines";"43,25021200";"6,52449000"
"202300003021";"3";"10";"2023";"07:40";"5";"44";"44162";"2";"1";"8";"3";"11 Avenue des Thébaudières";"47,24410805";" -1,60646591"
"202300003022";"5";"06";"2023";"16:40";"1";"48";"48128";"1";"1";"1";"7";"ZI de Pont Archat";"44,75348400";"3,28324900"
"202300003023";"4";"06";"2023";"21:00";"2";"31";"31341";"1";"1";"1";"6";"Route de Montaigut";"43,72703800";"1,24964700"
"202300003024";"26";"03";"2023";"09:40";"1";"87";"87017";"1";"9";"2";"3";"Rn 145";"46,13205100";"1,08622000"
"202300003025";"29";"11";"2023";"14:45";"1";"92";"92040";"2";"3";"1";"3";"GARIBALDI (BOULEVARD)";"48,83153835";"2,26721272"
"202300003026";"22";"08";"2023";"03:55";"5";"83";"83099";"2";"2";"1";"3";"Dn7";"43,45284100";"6,69131200"
"202300003027";"9";"06";"2023";"15:45";"1";"74";"74014";"1";"1";"2";"3";"D6";"46,04668200";"6,61685900"
"202300003028";"5";"11";"2023";"00:06";"3";"13";"13071";"1";"1";"1";"2";"A55 - Sens Marseille vers Martigues";"43,39055000";"5,30239000"
"202300003029";"25";"03";"2023";"20:44";"3";"30";"30061";"1";"1";"1";"6";"N/A";"43,90677459";"4,27398205"
"202300003030";"30";"09";"2023";"08:30";"1";"44";"44109";"2";"6";"8";"3";"4 Place Général Mellinet";"47,21160702";" -1,57666300"
"202300003031";"23";"08";"2023";"10:10";"1";"06";"06134";"2";"1";"1";"6";"Route Departementale 6085";"43,76619300";"6,65128800"
"202300003032";"9";"06";"2023";"11:15";"1";"66";"66172";"2";"1";"1";"6";"";"42,71548000";"2,84924600"
"202300003033";"29";"09";"2023";"18:40";"1";"44";"44143";"1";"1";"1";"2";"N/A";"47,15919636";" -1,54560624"
"202300003034";"22";"08";"2023";"22:50";"3";"06";"06058";"1";"1";"1";"7";"ROUTE DEPARTEMENTALE 6085";"43,73944500";"6,76785700"
"202300003035";"6";"06";"2023";"08:28";"1";"80";"80695";"1";"1";"1";"2";"A2";"50,02871000";"2,89326700"
"202300003036";"29";"09";"2023";"03:35";"3";"44";"44215";"1";"1";"8";"6";"N/A";"47,18218420";" -1,50147447"
"202300003037";"25";"03";"2023";"17:45";"1";"10";"10256";"1";"1";"8";"6";"N/A";"48,44084423";"4,15622617"
"202300003038";"24";"08";"2023";"12:00";"1";"05";"05063";"1";"1";"1";"6";"D1091";"45,04242700";"6,27146800"
"202300003039";"9";"06";"2023";"11:30";"1";"974";"97418";"2";"1";"1";"2";"Rue Roger Payet";" -20,90965800";"55,50970000"
"202300003040";"28";"09";"2023";"14:00";"1";"44";"44109";"2";"2";"8";"6";"Boulevard François Bruneau";"47,22893630";" -1,56216324"
"202300003041";"26";"03";"2023";"01:30";"4";"971";"97103";"1";"1";"1";"7";"N1";"16,25437700";" -61,55231400"
"202300003042";"18";"09";"2023";"17:45";"1";"44";"44143";"2";"6";"8";"2";"Rue de l'île Macé";"47,19261660";" -1,55450345"
"202300003043";"8";"06";"2023";"04:55";"3";"13";"13040";"1";"1";"1";"1";"D6";"43,47906700";"5,55934500"
"202300003044";"26";"03";"2023";"01:00";"3";"988";"98808";"1";"1";"1";"6";"collège de wani";" -21,27843300";"165,61557100"
"202300003045";"28";"09";"2023";"08:40";"1";"44";"44114";"2";"1";"8";"2";"325 Route de Vannes";"47,24710310";" -1,60589084"
"202300003046";"23";"08";"2023";"21:20";"3";"13";"13066";"1";"1";"1";"1";"D28";"43,88567600";"4,91284100"
"202300003047";"8";"06";"2023";"16:20";"1";"95";"95040";"1";"1";"1";"6";"D14";"49,11560117";"1,86832488"
"202300003048";"27";"09";"2023";"12:20";"1";"44";"44109";"2";"1";"8";"3";"81 Boulevard Jules Verne";"47,23863287";" -1,53202195"
"202300003049";"21";"08";"2023";"16:00";"1";"38";"38215";"2";"1";"1";"7";"2274 Route du Plan";"45,60592600";"4,96193400"
"202300003050";"4";"06";"2023";"01:20";"3";"91";"91041";"1";"1";"1";"2";"Route Nationale 20";"48,56161300";"2,22687700"
"202300003051";"25";"09";"2023";"09:35";"1";"44";"44143";"2";"1";"8";"7";"80 Rue Charles Rivière";"47,17117585";" -1,54329928"
"202300003052";"24";"03";"2023";"22:20";"3";"971";"97117";"1";"1";"1";"6";"Route de la Houssaie";"16,33486800";" -61,37860900"
"202300003053";"8";"06";"2023";"14:30";"1";"2B";"2B084";"1";"1";"1";"7";"rd151";"42,56721400";"8,88311100"
"202300003054";"18";"09";"2023";"14:30";"1";"44";"44109";"2";"6";"8";"6";"535 Route de Saint Joseph";"47,27481230";" -1,51388542"
"202300003055";"21";"08";"2023";"07:20";"1";"01";"01142";"2";"6";"7";"3";"Rue des Chartinières";"45,84612900";"5,06556100"
"202300003056";"18";"09";"2023";"18:15";"1";"44";"44109";"2";"6";"1";"7";"Boulevard des Tribunes";"47,24483254";" -1,56136558"
"202300003057";"9";"06";"2023";"15:20";"1";"66";"66171";"2";"1";"1";"2";"";"42,63633320";"3,00003737"
"202300003058";"24";"03";"2023";"20:05";"3";"84";"84105";"1";"1";"1";"1";"D900";"43,87203100";"5,44991600"
"202300003059";"22";"08";"2023";"10:45";"1";"69";"69178";"2";"1";"1";"1";"Le Bourg";"45,70533600";"4,44915700"
"202300003060";"17";"09";"2023";"06:40";"2";"44";"44109";"2";"1";"8";"6";"Boulevard Jean Phillipot";"47,21178393";" -1,55626159"
"202300003061";"8";"06";"2023";"19:15";"1";"30";"30258";"2";"1";"1";"3";"Rue Andre Gide";"43,68289500";"4,43722700"
"202300003062";"17";"09";"2023";"04:31";"5";"44";"44109";"2";"1";"8";"3";"168 Rue Paul Bellamy";"47,23022271";" -1,56325373"
"202300003063";"25";"03";"2023";"18:15";"1";"13";"13030";"1";"1";"1";"2";"D8N";"43,27258100";"5,68807500"
"202300003064";"24";"08";"2023";"08:30";"1";"81";"81105";"2";"3";"1";"6";"Avenue de l'Europe";"43,76499550";"1,99520760"
"202300003065";"16";"09";"2023";"10:30";"1";"44";"44109";"2";"1";"8";"6";"1 Rue Général Buat";"47,23373837";" -1,53610223"
"202300003066";"7";"06";"2023";"13:45";"1";"84";"84049";"1";"9";"1";"3";"D8";"44,16689100";"4,96857200"
"202300003067";"23";"08";"2023";"14:30";"1";"65";"65059";"2";"1";"1";"2";"52 rue du Général de Gaulle";"43,06926400";"0,15577200"
"202300003068";"25";"03";"2023";"20:00";"5";"13";"13041";"2";"3";"1";"3";"Avenue Pierre Brossolette";"43,45577700";"5,48520100"
"202300003069";"15";"09";"2023";"13:00";"1";"44";"44109";"2";"1";"1";"2";"Pont Eric Tabarly";"47,21225865";" -1,52904336"
"202300003070";"19";"08";"2023";"18:44";"1";"31";"31395";"2";"1";"1";"6";"N/A";"43,47507400";"1,32295700"
"202300003071";"14";"09";"2023";"17:20";"1";"44";"44109";"2";"1";"8";"7";"27 Boulevard Pierre de Coubertin";"47,22680474";" -1,58532845"
"202300003072";"9";"06";"2023";"19:25";"1";"71";"71150";"2";"3";"8";"2";"RD906";"46,24146100";"4,78706200"
"202300003073";"26";"03";"2023";"10:45";"1";"58";"58160";"2";"1";"3";"7";"Route de Saint-baudière";"46,97102900";"3,11556800"
"202300003074";"14";"09";"2023";"09:10";"1";"44";"44109";"2";"1";"8";"6";"Boulevard Bénoni Goullin";"47,20165161";" -1,55388910"
"202300003075";"9";"06";"2023";"14:40";"1";"68";"68247";"1";"1";"1";"7";"D430 Route des Crètes";"47,94392500";"7,01935700"
"202300003076";"24";"08";"2023";"05:10";"5";"33";"33042";"2";"1";"1";"6";"24 Route de Bordeaux";"44,51087200";" -0,79065600"
"202300003077";"13";"09";"2023";"11:05";"1";"44";"44109";"2";"6";"8";"3";"41 Rue des Bourbonnières";"47,18768145";" -1,52037935"
"202300003078";"6";"06";"2023";"05:23";"2";"57";"57242";"1";"1";"1";"6";"D54";"49,27598490";"6,14397797"
"202300003079";"21";"08";"2023";"23:40";"4";"49";"49332";"1";"9";"1";"7";"D63";"47,10536760";" -0,95367317"
"202300003080";"11";"09";"2023";"12:00";"1";"44";"44020";"2";"6";"8";"7";"Rond-Point de la Pierre";"47,18685922";" -1,59773162"
"202300003081";"9";"06";"2023";"02:40";"3";"81";"81038";"1";"6";"1";"6";"D968";"43,87636900";"1,90754400"
"202300003082";"24";"03";"2023";"16:50";"1";"67";"67118";"2";"2";"1";"5";"74 Avenue du Général de Gaulle";"48,58047600";"7,68701300"
"202300003083";"9";"09";"2023";"00:05";"5";"44";"44190";"2";"6";"8";"3";"Boulevard des Pas Enchantés";"47,20953615";" -1,50969990"
"202300003084";"8";"06";"2023";"14:50";"1";"65";"65168";"1";"1";"1";"6";"Vaenue du Barège";"42,88535900";" -0,01605000"
"202300003085";"21";"08";"2023";"06:15";"2";"49";"49020";"1";"9";"1";"7";"D523";"47,46832200";" -0,62254600"
"202300003086";"9";"09";"2023";"07:50";"1";"44";"44162";"2";"1";"8";"6";"34 Boulevard du Tertre";"47,21579880";" -1,60531607"
"202300003087";"25";"03";"2023";"18:20";"2";"54";"54437";"1";"1";"1";"1";"chemin de pulligny";"48,55228219";"6,15912437"
"202300003088";"7";"09";"2023";"14:20";"1";"44";"44114";"2";"1";"1";"2";"62 Avenue e la Paquelais";"47,24816655";" -1,60424029"
"202300003089";"9";"06";"2023";"18:30";"1";"17";"17058";"2";"3";"1";"3";"Avenue du Général de Gaulle";"45,85042300";" -1,15342000"
"202300003090";"23";"08";"2023";"08:35";"1";"22";"22054";"1";"2";"1";"3";"La Croix Rouge";"48,60023600";" -2,46173700"
"202300003091";"2";"09";"2023";"11:15";"1";"14";"14754";"1";"1";"1";"7";"3105 Route de Touques";"49,29425400";"0,01876400"
"202300003092";"9";"03";"2023";"09:50";"1";"73";"73179";"1";"1";"1";"5";"D1504";"45,63526024";"5,87237692"
"202300003093";"22";"08";"2023";"18:30";"1";"80";"80561";"2";"1";"1";"7";"Chemin du Fond d?Amiens";"49,65529400";"2,57024300"
"202300003094";"7";"06";"2023";"16:40";"1";"33";"33530";"2";"9";"1";"5";"Avenue de Royan";"45,10224400";" -0,54100200"
"202300003095";"5";"09";"2023";"20:49";"1";"44";"44109";"2";"2";"1";"3";"Boulevard de Doulon";"47,22842837";" -1,52626834"
"202300003096";"8";"06";"2023";"18:45";"1";"85";"85092";"2";"3";"1";"3";"Rue georges clemenceau";"46,46659200";" -0,80757000"
"202300003097";"4";"09";"2023";"19:10";"1";"44";"44109";"2";"6";"8";"7";"34 Rue Saint-Jacques";"47,19705341";" -1,54011151"
"202300003098";"8";"06";"2023";"21:40";"1";"50";"50041";"2";"1";"1";"6";"Chemin du Palis";"49,70106500";" -1,84102500"
"202300003099";"27";"12";"2023";"18:15";"5";"33";"33236";"2";"2";"1";"3";"Route du Moulin";"44,79060700";" -1,13910200"
"202300003100";"21";"08";"2023";"18:06";"1";"13";"13015";"1";"1";"1";"3";"A515CM-sortie Gardanne/Bouc Bel Air";"43,43030000";"5,39070000"
"202300003101";"7";"06";"2023";"11:40";"1";"56";"56167";"1";"1";"1";"4";"N/A";"47,66491000";" -2,89894200"
"202300003102";"26";"08";"2023";"05:30";"2";"44";"44020";"1";"1";"3";"6";"Route de Pornic";"47,18173791";" -1,60630591"
"202300003103";"21";"08";"2023";"15:50";"1";"13";"13071";"1";"1";"1";"2";"A7-Sens Marseille vers Lyon";"43,41163000";"5,28306000"
"202300003104";"8";"06";"2023";"16:50";"1";"22";"22179";"1";"1";"1";"7";"D34";"48,64252900";" -2,39177900"
"202300003105";"22";"08";"2023";"18:17";"1";"44";"44114";"2";"1";"8";"6";"307 Route de Vannes";"47,24596029";" -1,60300259"
"202300003106";"16";"08";"2023";"18:00";"1";"13";"13081";"1";"1";"1";"3";"A7-Sens Lyon vers Marseille";"43,48638000";"5,24068000"
"202300003107";"9";"06";"2023";"13:15";"1";"22";"22242";"1";"1";"1";"3";"Départementale 52";"48,59860700";" -2,42559700"
"202300003108";"21";"08";"2023";"16:35";"1";"44";"44143";"2";"1";"8";"6";"2 Rue Azucena Villaflor";"47,19385482";" -1,54680702"
"202300003109";"10";"08";"2023";"12:15";"1";"62";"62274";"1";"1";"1";"7";"A21";"50,42741000";"2,99112000"
"202300003110";"17";"08";"2023";"12:35";"1";"44";"44162";"2";"6";"8";"7";"86 Avenue de la Branchoire";"47,21731467";" -1,61206237"
"202300003111";"8";"06";"2023";"13:14";"1";"22";"22081";"1";"3";"1";"3";"Rue de Brest";"48,48512600";" -2,65399800"
"202300003112";"23";"08";"2023";"15:40";"1";"91";"91553";"1";"1";"1";"2";"RN 104";"48,63151000";"2,50272400"
"202300003113";"16";"08";"2023";"20:10";"1";"44";"44190";"2";"1";"1";"3";"2 Rue des Acacias";"47,19532597";" -1,49391074"
"202300003114";"21";"08";"2023";"21:08";"3";"91";"91471";"1";"1";"1";"7";"RN 118";"48,70143000";"2,19278000"
"202300003115";"6";"06";"2023";"08:45";"1";"60";"60589";"1";"6";"1";"5";"D1016";"49,22066600";"2,46714900"
"202300003116";"11";"08";"2023";"13:01";"1";"44";"44109";"2";"3";"8";"3";"Rue de Manille";"47,21943029";" -1,53478702"
"202300003117";"21";"08";"2023";"18:40";"1";"94";"94038";"1";"1";"1";"3";"A6B";"48,78126141";"2,34641715"
"202300003118";"8";"06";"2023";"18:00";"1";"60";"60487";"1";"1";"1";"7";"Route du Pont d’Aincourt";"49,20561900";"1,72449400"
"202300003119";"10";"08";"2023";"18:30";"1";"44";"44184";"2";"3";"8";"3";"59 Rue des Tisserands";"47,25578319";" -2,27127791"
"202300003120";"9";"06";"2023";"00:31";"5";"59";"59249";"2";"1";"1";"7";"Rue Paul Lafargue";"50,01092100";"4,04429100"
"202300003121";"21";"08";"2023";"07:51";"1";"92";"92047";"1";"1";"1";"4";"A13";"48,83397544";"2,16646875"
"202300003122";"10";"08";"2023";"11:46";"1";"44";"44109";"2";"1";"1";"2";"88 Rue Paul Bellamy";"47,22591658";" -1,55967262"
"202300003123";"6";"06";"2023";"16:15";"1";"59";"59416";"2";"1";"7";"3";"Rue Saint - Firmin";"50,68931400";"2,51197500"
"202300003124";"9";"08";"2023";"18:10";"1";"44";"44109";"2";"1";"8";"3";"Rond-Point de Rennes";"47,23331190";" -1,56584948"
"202300003125";"3";"06";"2023";"17:30";"1";"13";"13071";"1";"1";"1";"3";"A7-Sens Marseille vers Lyon";"43,41276369";"5,28156774"
"202300003126";"23";"07";"2023";"20:40";"1";"44";"44109";"2";"1";"1";"3";"32 Boulevard de la Beaujoire ";"47,25840765";" -1,51722206"
"202300003127";"19";"08";"2023";"23:19";"3";"78";"78402";"1";"1";"1";"5";"A13";"48,96396000";"1,78224000"
"202300003128";"8";"06";"2023";"08:20";"1";"83";"83144";"1";"2";"1";"3";"A57";"43,14204295";"6,00614617"
"202300003129";"1";"10";"2023";"10:45";"1";"39";"39441";"1";"1";"1";"7";"N/A";"46,41919600";"6,06010900"
"202300003130";"19";"08";"2023";"20:45";"2";"78";"78242";"1";"1";"1";"2";"NON UTILISEE";"48,80770300";"2,05285800"
"202300003131";"27";"04";"2023";"09:00";"1";"69";"69204";"1";"1";"1";"5";"Autoroute 450";"45,68404000";"4,80436000"
"202300003132";"23";"12";"2023";"15:25";"1";"17";"17283";"1";"2";"1";"3";"D732";"45,57311400";" -0,58440000"
"202300003133";"23";"08";"2023";"15:30";"1";"95";"95582";"1";"1";"1";"6";"A115";"48,97957000";"2,24105000"
"202300003134";"1";"08";"2023";"07:20";"1";"44";"44109";"2";"6";"1";"6";"8 Rue Gaëtan Rondeau";"47,20663467";" -1,53381318"