"Num_Acc";"jour";"mois";"an";"hrmn";"lum";"dep";"com";"agg";"int";"atm";"col";"adr";"lat";"long"
"202300003135";"23";"08";"2023";"15:00";"1";"93";"93064";"1";"1";"1";"6";"AUTOROUTE A103";"48,88654000";"2,48272000"
"202300003136";"6";"06";"2023";"18:30";"1";"59";"59128";"1";"1";"1";"6";"ROUTE DEPARTEMENTALE 652";"50,64749000";"2,97386000"
"202300003137";"23";"08";"2023";"00:45";"3";"93";"93078";"1";"1";"1";"6";"AUTOROUTE A104";"48,95843000";"2,53220000"
"202300003138";"26";"05";"2023";"17:00";"1";"59";"59234";"1";"1";"1";"6";"AUTOROUTE A21";"50,40410133";"3,04635858"
"202300003139";"29";"07";"2023";"19:15";"1";"44";"44184";"2";"2";"8";"3";"Avenue François Mitterrand";"47,26933144";" -2,22837657"
"202300003140";"23";"07";"2023";"09:00";"1";"44";"44109";"2";"1";"8";"7";"39 Boulevard Robert Schuman";"47,23528940";" -1,56760163"
"202300003141";"20";"05";"2023";"23:00";"4";"59";"59360";"1";"1";"1";"6";"AUTOROUTE A25";"50,62120001";"3,01722068"
"202300003142";"21";"08";"2023";"19:34";"1";"93";"93053";"1";"1";"1";"3";"AUTOROUTE A3";"48,89911818";"2,46954739"
"202300003143";"8";"06";"2023";"07:20";"1";"91";"91216";"1";"1";"1";"3";"AUTOROUTE A6";"48,68207000";"2,32990000"
"202300003144";"21";"08";"2023";"15:20";"1";"93";"93066";"1";"1";"1";"5";"AUTOROUTE A1";"48,92014931";"2,35751688"
"202300003145";"8";"06";"2023";"16:30";"1";"92";"92036";"1";"1";"1";"2";"A86";"48,93540166";"2,26544968"
"202300003146";"22";"07";"2023";"15:25";"1";"44";"44184";"2";"6";"8";"3";"Rond-Point Océanis";"47,25720953";" -2,26960302"
"202300003147";"21";"08";"2023";"15:00";"1";"93";"93066";"1";"1";"1";"2";"AUTOROUTE A1";"48,91936344";"2,35754643"
"202300003148";"8";"06";"2023";"09:05";"1";"92";"92064";"1";"1";"1";"2";"A13";"48,83908200";"2,21705493"
"202300003149";"7";"06";"2023";"17:50";"1";"92";"92072";"1";"1";"1";"3";"N118";"48,81757294";"2,21630638"
"202300003150";"21";"08";"2023";"14:30";"1";"94";"94017";"1";"1";"1";"3";"A4";"48,83036016";"2,49447745"
"202300003151";"3";"06";"2023";"14:50";"1";"93";"93010";"1";"1";"1";"7";"AUTOROUTE A3";"48,90496696";"2,47168528"
"202300003152";"19";"05";"2023";"12:15";"1";"14";"14366";"2";"1";"1";"6";"30 Avenue Georges Pompidou";"49,13232400";"0,22562200"
"202300003153";"7";"06";"2023";"12:40";"1";"93";"93006";"1";"1";"1";"2";"AUTOROUTE A3";"48,86690246";"2,42530058"
"202300003154";"26";"05";"2023";"11:50";"1";"26";"26198";"2";"6";"1";"6";"SAINT GERVAIS (Route)";"44,55534000";"4,75880000"
"202300003155";"7";"06";"2023";"12:00";"1";"92";"92036";"1";"1";"1";"2";"AUTOROUTE A86";"48,93911152";"2,30488793"
"202300003156";"16";"06";"2023";"13:45";"1";"94";"94044";"2";"1";"1";"6";"Avenue Descartes";"48,74008600";"2,48871600"
"202300003157";"7";"06";"2023";"07:50";"1";"95";"95582";"1";"1";"1";"3";"A15";"48,96722733";"2,25396317"
"202300003158";"15";"06";"2023";"08:42";"1";"94";"94074";"2";"1";"1";"3";"Avenue Henri Barbusse";"48,76796000";"2,44099000"
"202300003159";"7";"06";"2023";"08:00";"1";"93";"93005";"1";"1";"1";"2";"AUTOROUTE A3";"48,92880000";"2,48155000"
"202300003160";"6";"06";"2023";"17:20";"1";"95";"95365";"1";"1";"1";"6";"N104";"49,05856000";"2,41969000"
"202300003161";"6";"06";"2023";"13:10";"1";"95";"95306";"1";"1";"1";"5";"A15";"49,00261000";"2,17018000"
"202300003162";"16";"06";"2023";"12:10";"1";"94";"94046";"2";"1";"1";"3";"Avenue de la République";"48,80451760";"2,43789263"
"202300003163";"6";"06";"2023";"12:15";"1";"95";"95572";"1";"1";"1";"6";"A15 ";"49,03244000";"2,11163000"
"202300003164";"8";"06";"2023";"13:15";"1";"77";"77363";"1";"1";"1";"6";"A104";"48,92971012";"2,62822378"
"202300003165";"16";"06";"2023";"19:50";"1";"94";"94022";"2";"3";"1";"3";"112 Boulevard de Stalingrad";"48,77388047";"2,39939904"
"202300003166";"7";"06";"2023";"19:30";"3";"974";"97416";"1";"9";"1";"6";"RN3 (1)";" -21,29231000";"55,51264000"
"202300003167";"7";"06";"2023";"10:45";"1";"974";"97416";"2";"1";"1";"6";"RN3 (1)";" -21,33031400";"55,46892400"
"202300003168";"7";"06";"2023";"22:45";"5";"974";"97411";"2";"1";"1";"6";"MACE (BOULEVARD GABRIEL)";" -20,87290000";"55,44760000"
"202300003169";"15";"06";"2023";"02:10";"5";"94";"94022";"2";"9";"1";"3";"Boulevard des Alliés";"48,76055000";"2,40811000"
"202300003170";"15";"06";"2023";"23:00";"5";"94";"94079";"2";"6";"1";"6";"Avenue du Lac";"48,82612828";"2,55773132"
"202300003171";"7";"06";"2023";"18:30";"5";"974";"97411";"2";"3";"1";"7";"STADE DE L'EST (RUE DU)";" -20,89434193";"55,50003827"
"202300003172";"7";"06";"2023";"19:35";"5";"974";"97407";"2";"1";"1";"6";"VERDUN (BOULEVARD)";" -20,94181000";"55,29298000"
"202300003173";"18";"06";"2023";"09:15";"1";"92";"92019";"2";"2";"1";"3";"THOMAS ALBERT (AVENUE)";"48,76479000";"2,25996000"
"202300003174";"22";"08";"2023";"01:40";"3";"974";"97416";"1";"1";"1";"6";"RN3 (1)";" -21,33126000";"55,46750000"
"202300003175";"7";"06";"2023";"16:40";"1";"973";"97302";"2";"1";"1";"3";"BADUEL (ROUTE DE)";"4,93035202";" -52,30482924"
"202300003176";"7";"06";"2023";"12:10";"1";"973";"97302";"2";"1";"3";"7";"MADELEINE (ROUTE DE LA)";"4,92254026";" -52,32331279"
"202300003177";"18";"08";"2023";"22:35";"5";"974";"97411";"2";"3";"1";"7";"BRUNET (LOUIS ET AUGUSTE)";" -20,89127000";"55,48499000"
"202300003178";"7";"06";"2023";"09:05";"1";"972";"97213";"1";"6";"1";"3";"ROUTE DEPARTEMENTALE 3";"14,64063000";" -60,99184000"
"202300003179";"7";"06";"2023";"01:19";"5";"972";"97213";"1";"1";"1";"6";"ROUTE DEPARTEMENTALE 15";"14,64477100";" -61,01016800"
"202300003180";"21";"08";"2023";"10:05";"1";"974";"97407";"1";"2";"1";"3";"CARPAYE(AVENUE)";" -20,94866000";"55,29982000"
"202300003181";"7";"06";"2023";"15:40";"1";"972";"97209";"1";"1";"1";"2";"RD 41 (ROCADE)";"14,60500000";" -61,08700000"
"202300003182";"21";"08";"2023";"19:25";"1";"69";"69384";"2";"1";"1";"3";"19 Grande Rue de la Croix-Rousse";"45,77725956";"4,83221617"
"202300003183";"20";"08";"2023";"04:20";"3";"971";"97113";"1";"1";"2";"3";"RN4 - SECTION RIVIERA";"16,21795000";" -61,49896000"
"202300003184";"6";"06";"2023";"08:40";"1";"972";"97209";"2";"3";"8";"6";"RAVINE VILAINE (CHEMIN DEPARTEMENTAL DE)";"14,62677000";" -61,05973000"
"202300003185";"20";"08";"2023";"11:55";"1";"971";"97113";"1";"9";"2";"4";"PETIT HAVRE (SECTEUR)";"16,21340000";" -61,42487000"
"202300003186";"12";"02";"2023";"09:45";"1";"974";"97416";"2";"1";"1";"6";"SALETTE (CHEMIN DE LA)";" -21,30711000";"55,49094000"
"202300003187";"21";"08";"2023";"20:00";"2";"2A";"2A004";"2";"6";"1";"3";"SEBASTIANU COSTA BD";"41,94173158";"8,74845386"
"202300003188";"12";"02";"2023";"00:25";"5";"974";"97409";"2";"1";"1";"6";"MASCAREIGNES (Avenue des)";" -20,93764637";"55,64671755"
"202300003189";"21";"08";"2023";"19:05";"1";"95";"95197";"2";"1";"1";"3";"D928";"48,96699000";"2,31753000"
"202300003190";"12";"02";"2023";"17:23";"1";"973";"97302";"2";"1";"1";"7";"MONTABO (ROUTE DE) 1";"4,94044106";" -52,30196536"
"202300003191";"21";"08";"2023";"17:20";"1";"95";"95176";"2";"2";"1";"3";"SAINT GERMAIN (RUE DE)";"48,96095800";"2,18966900"
"202300003192";"12";"02";"2023";"18:10";"1";"69";"69386";"2";"4";"1";"3";"Boulevard des Belges";"45,77004000";"4,85700000"
"202300003193";"21";"08";"2023";"20:23";"1";"91";"91432";"2";"3";"1";"3";"AV DE LA COUR DE FRANCE";"48,69535000";"2,33303000"
"202300003194";"11";"02";"2023";"05:10";"5";"972";"97209";"2";"1";"2";"7";"AURELIE DICANOT (RUE)";"14,61985380";" -61,06757730"
"202300003195";"21";"08";"2023";"10:10";"1";"83";"83062";"2";"1";"1";"1";"MUSELLIER (AVENUE AMIRAL)";"43,12891000";"6,01950000"
"202300003196";"12";"02";"2023";"13:15";"1";"95";"95268";"2";"1";"1";"2";"D125";"48,97587700";"2,39619200"
"202300003197";"11";"02";"2023";"18:40";"2";"91";"91223";"2";"1";"1";"7";"REPUBLIQUE (RUE DE LA)";"48,43268000";"2,16822000"
"202300003198";"19";"08";"2023";"11:05";"1";"83";"83126";"2";"3";"1";"3";"ALLENDE (AV. SALVADOR)";"43,08409129";"5,88142276"
"202300003199";"18";"08";"2023";"14:25";"1";"83";"83129";"2";"1";"1";"5";"COUDOULIERE (LA)";"43,08876000";"5,81021000"
"202300003200";"11";"02";"2023";"20:20";"3";"77";"77186";"1";"1";"1";"1";"D116";"48,47833000";"2,74370000"
"202300003201";"21";"08";"2023";"19:35";"2";"78";"78650";"2";"2";"7";"3";"CARNOT (BOULEVARD)";"48,89792000";"2,11398000"
"202300003202";"11";"02";"2023";"11:15";"1";"77";"77156";"2";"1";"1";"3";"D403";"48,27060500";"2,72938000"
"202300003203";"21";"08";"2023";"11:15";"1";"77";"77305";"2";"1";"1";"6";"HUGO (RUE VICTOR)";"48,38471500";"2,95421600"
"202300003204";"12";"02";"2023";"18:50";"5";"69";"69286";"2";"1";"1";"6";"Chemin de la Teyssonnière";"45,81993000";"4,90794000"
"202300003205";"18";"08";"2023";"19:05";"1";"74";"74298";"2";"1";"1";"4";"TANINGES (ROUTE DE )";"46,18733000";"6,27162000"
"202300003206";"12";"02";"2023";"04:30";"5";"69";"69266";"2";"3";"1";"2";"Cours André Philip";"45,77281000";"4,85973000"
"202300003207";"20";"08";"2023";"21:20";"3";"72";"72181";"2";"1";"1";"2";"LEFAUCHEUX PIERRE (BD)";"47,96271000";"0,17708000"
"202300003208";"12";"02";"2023";"18:20";"2";"69";"69259";"2";"1";"1";"3";"26 Rue André Sentuc";"45,70821000";"4,87176000"
"202300003209";"20";"08";"2023";"18:00";"1";"72";"72181";"2";"1";"1";"6";"boulevard des Italiens";"47,95752000";"0,20809000"
"202300003210";"11";"02";"2023";"16:10";"1";"69";"69029";"2";"1";"1";"6";"3 Rue Lionel Terray";"45,73014591";"4,89081134"
"202300003211";"21";"08";"2023";"13:25";"1";"71";"71076";"2";"3";"1";"3";"SAINT COSME (QUAI)";"46,77533290";"4,84595462"
"202300003212";"12";"02";"2023";"22:45";"5";"59";"59512";"2";"2";"1";"3";"MOTTE (AVENUE ALFRED)";"50,67385000";"3,19307000"
"202300003213";"21";"08";"2023";"19:25";"1";"69";"69282";"2";"2";"1";"6";"Avenue du Dauphiné";"45,76393000";"5,00526000"
"202300003214";"12";"02";"2023";"09:00";"1";"54";"54096";"1";"1";"1";"7";"52 (ROUTE NATIONALE)";"49,44703000";"5,89307000"
"202300003215";"18";"08";"2023";"21:20";"5";"69";"69199";"2";"1";"1";"1";"1 Allée de l'Arsenal";"45,71309095";"4,85695016"
"202300003216";"19";"08";"2023";"16:45";"1";"66";"66136";"1";"6";"1";"3";"ARCADES (RD POINT)";"42,67361000";"2,88801000"
"202300003217";"12";"02";"2023";"14:30";"1";"45";"45147";"2";"7";"1";"3";"2 Place Jean Zay";"47,93436000";"1,90332000"
"202300003218";"19";"08";"2023";"20:05";"1";"64";"64140";"2";"2";"1";"1";"GLIZE (RUE RAYMOND ET MARCEL)";"43,52795000";" -1,47439000"
"202300003219";"12";"02";"2023";"14:30";"1";"45";"45234";"2";"1";"1";"6";"17 Boulevard Jean Jaurès";"47,90098000";"1,89333000"
"202300003220";"21";"08";"2023";"19:28";"1";"63";"63113";"2";"1";"1";"6";"LOUVERTURE (RUE TOUSSAINT)";"45,79067000";"3,10788000"
"202300003221";"21";"08";"2023";"10:20";"1";"60";"60057";"2";"1";"1";"6";"Rue de Clermont";"49,43207022";"2,10149789"
"202300003222";"12";"02";"2023";"01:15";"5";"45";"45147";"2";"2";"1";"3";"51 Rue Condorcet";"47,92736000";"1,92493000"
"202300003223";"15";"08";"2023";"05:58";"2";"55";"55545";"2";"4";"1";"3";"PARIS ( AVENUE DE )";"49,15364271";"5,35715058"
"202300003224";"12";"02";"2023";"15:30";"1";"37";"37261";"2";"2";"1";"6";"VELPEAU (PLACE)";"47,38661000";"0,70236000"
"202300003225";"20";"07";"2023";"09:20";"1";"55";"55545";"2";"1";"1";"6";"AVENUE DE L EUROPE";"49,13249000";"5,30400000"
"202300003226";"12";"02";"2023";"18:10";"2";"33";"33529";"1";"1";"1";"2";"BISCAROSSE (AVE) DUNE VERS BISCA";"44,58424000";" -1,20971000"
"202300003227";"21";"08";"2023";"09:30";"1";"54";"54528";"2";"3";"1";"3";"Rue du Chaveau";"48,68709000";"5,89530000"
"202300003228";"12";"02";"2023";"16:55";"1";"31";"31555";"2";"1";"1";"2";"RUE SAINT ROCH";"43,57664000";"1,44852000"
"202300003229";"20";"08";"2023";"03:50";"3";"52";"52121";"2";"1";"1";"6";"GENERAL GIRAUD (RUE)";"48,10046000";"5,14119000"
"202300003230";"12";"02";"2023";"07:45";"2";"31";"31555";"2";"1";"1";"4";"Autoroute 620";"43,59305000";"1,39837000"
"202300003231";"20";"08";"2023";"15:10";"1";"51";"51454";"2";"2";"1";"3";"JAURES (AVENUE JEAN) DU N° 74 A FIN (PAI";"49,26164000";"4,05105000"
"202300003232";"11";"02";"2023";"22:25";"3";"31";"31565";"1";"1";"1";"2";"D 8";"43,09240000";"0,67946000"
"202300003233";"18";"08";"2023";"16:50";"1";"51";"51454";"2";"1";"1";"4";"ARNOULD (BOULEVARD CHARLES)";"49,26051000";"4,00898000"
"202300003234";"12";"02";"2023";"17:24";"1";"17";"17306";"2";"1";"1";"6";"GARDES";"45,62596800";" -1,03516300"
"202300003235";"18";"08";"2023";"11:15";"1";"45";"45004";"1";"1";"1";"4";"D2060 PR 28 + 739";"47,96946000";"2,72815000"
"202300003236";"12";"02";"2023";"14:10";"1";"13";"13117";"1";"1";"1";"5";"";"43,44488063";"5,29863327"
"202300003237";"21";"08";"2023";"12:15";"1";"43";"43041";"2";"4";"1";"3";"54 Avenue Pierre Farigoule";"45,03535000";"3,93564000"
"202300003238";"12";"02";"2023";"20:40";"5";"13";"13213";"2";"1";"1";"1";"NOTRE DAME DE CONSOLATION";"43,34047000";"5,42511000"
"202300003239";"10";"08";"2023";"19:10";"1";"42";"42218";"2";"3";"1";"2";"Boulevard Antonio Vivaldi";"45,46948000";"4,40513000"
"202300003240";"12";"02";"2023";"02:00";"5";"13";"13207";"2";"1";"1";"6";"Corniche John Fitzgérald Kennedy";"43,27662536";"5,35785662"
"202300003241";"20";"08";"2023";"11:50";"1";"34";"34032";"1";"1";"1";"1";"Route de Maureilhan";"43,34638000";"3,15300000"
"202300003242";"12";"02";"2023";"14:30";"1";"13";"13202";"2";"1";"1";"2";"DUNKERQUE  (BOULEVARD DE)";"43,30556000";"5,36755000"
"202300003243";"21";"08";"2023";"15:45";"1";"33";"33009";"2";"1";"1";"6";"GOLF (AVE DU)";"44,64546521";" -1,18664682"
"202300003244";"20";"08";"2023";"01:25";"5";"29";"29019";"2";"1";"1";"6";"rue Pierre Brossolette";"48,38269000";" -4,49183000"
"202300003245";"10";"02";"2023";"17:15";"1";"13";"13215";"2";"1";"1";"3";"Avenue ibrahim ali ( 1977-1995)";"43,34633000";"5,36609000"
"202300003246";"12";"02";"2023";"15:55";"1";"07";"07316";"1";"9";"1";"6";"VIVIER (CHEMIN DU)";"44,88351000";"4,85051000"
"202300003247";"20";"08";"2023";"19:50";"1";"28";"28134";"2";"3";"7";"3";"FERRY (BLD JULES)";"48,72590000";"1,37343000"
"202300003248";"12";"02";"2023";"22:51";"5";"06";"06088";"2";"2";"1";"3";"REPUBLIQUE (AV. DE LA)";"43,70593100";"7,28296500"
"202300003249";"21";"08";"2023";"21:50";"5";"25";"25462";"2";"3";"1";"3";"MOULIN PARNET DU";"46,90701000";"6,35350000"
"202300003250";"21";"08";"2023";"15:35";"1";"25";"25204";"2";"2";"1";"3";"Pomone";"46,92223000";"6,34450000"
"202300003251";"12";"02";"2023";"20:40";"5";"75";"75113";"2";"2";"1";"3";"AVENUE D ITALIE";"48,82618800";"2,35729400"
"202300003252";"11";"02";"2023";"16:45";"1";"974";"97416";"2";"1";"1";"3";"JOLI-FOND (CHEMIN)";" -21,33009000";"55,47567000"
"202300003253";"19";"08";"2023";"14:00";"1";"19";"19275";"1";"1";"1";"1";"R.D. 1089 NORD";"45,52993778";"2,29736129"
"202300003254";"21";"08";"2023";"20:20";"1";"14";"14220";"2";"1";"1";"1";"6 Chemin de Taux";"49,34880200";"0,07815600"
"202300003255";"11";"02";"2023";"08:45";"1";"974";"97411";"1";"3";"1";"3";"FRANCOIS (RUE GEORGES)";" -20,89595000";"55,46581000"
"202300003256";"19";"08";"2023";"18:56";"1";"14";"14333";"1";"1";"1";"3";"Quai Saint Etienne";"49,42853000";"0,27367000"
"202300003257";"3";"02";"2023";"11:30";"1";"973";"97302";"2";"3";"9";"7";"BADUEL (ROUTE DE)";"4,92771000";" -52,29168000"
"202300003258";"21";"08";"2023";"19:55";"1";"13";"13215";"2";"2";"1";"6";"LEDRU ROLLI (BOULEVARD)";"43,34253332";"5,35962152"
"202300003259";"11";"02";"2023";"12:05";"1";"973";"97302";"2";"1";"1";"3";"14 ET 22 JUIN 1962";"4,93498610";" -52,32736185"
"202300003260";"21";"08";"2023";"18:10";"1";"13";"13203";"2";"3";"1";"1";"FÉLIX PYAT (RUE)";"43,31660826";"5,37419105"
"202300003261";"11";"02";"2023";"17:30";"1";"69";"69388";"2";"2";"1";"2";"Avenue Paul Santy";"45,73148000";"4,87388000"
"202300003262";"21";"08";"2023";"15:57";"1";"11";"11069";"2";"1";"1";"1";"Chemin de Montlegun";"43,20521000";"2,37115000"
"202300003263";"11";"02";"2023";"17:30";"2";"69";"69387";"2";"1";"1";"6";"40 Avenue Tony Garnier";"45,72660649";"4,82535218"
"202300003264";"20";"08";"2023";"12:19";"1";"10";"10333";"2";"1";"1";"3";"TILLEULS (AVENUE)";"48,28272000";"4,06024000"
"202300003265";"19";"08";"2023";"11:24";"1";"06";"06069";"2";"4";"1";"1";"SEMARD (AVENUE PIERRE)";"43,65615800";"6,92897500"
"202300003266";"11";"02";"2023";"09:45";"1";"69";"69383";"2";"2";"1";"3";"49 Cours Eugénie";"45,74538000";"4,88773000"
"202300003267";"16";"08";"2023";"00:55";"3";"06";"06004";"2";"9";"1";"7";"ROCHAT AV.PHILIPPE";"43,58742000";"7,11093000"
"202300003268";"10";"02";"2023";"19:30";"3";"971";"97101";"1";"1";"2";"1";"AMEDEE ABARRE - SALLE D'ASILE (RUE)";"16,26136000";" -61,50533000"
"202300003269";"7";"02";"2023";"17:05";"1";"89";"89024";"2";"1";"1";"6";"FAIDHERBE (RUE)";"47,80099000";"3,56748000"
"202300003270";"22";"08";"2023";"08:35";"1";"75";"75114";"2";"1";"1";"5";"PORTE D ORLEANS";"48,82038700";"2,32444100"
"202300003271";"11";"02";"2023";"09:50";"1";"83";"83137";"2";"1";"1";"6";"VILLEVIEILLE (ROND POINT)";"43,12734000";"5,91803000"
"202300003272";"22";"08";"2023";"08:40";"1";"75";"75114";"2";"1";"1";"2";"PORTE D ORLEANS";"48,82027400";"2,32439700"
"202300003273";"10";"02";"2023";"18:05";"2";"83";"83009";"1";"1";"1";"5";"BEAUSSET (ROUTE DU)";"43,15798644";"5,76503134"
"202300003274";"22";"08";"2023";"19:25";"1";"75";"75106";"2";"2";"1";"6";"RUE DE RENNES";"48,84897100";"2,32873900"
"202300003275";"22";"08";"2023";"18:00";"1";"75";"75120";"2";"1";"1";"3";"RUE ORFILA";"48,86708800";"2,39801400"
"202300003276";"10";"02";"2023";"18:46";"3";"77";"77518";"1";"1";"1";"5";"D372";"48,49221000";"2,58078000"
"202300003277";"11";"02";"2023";"06:15";"5";"77";"77016";"1";"3";"1";"3";"D40 / D40E";"48,22575000";"2,70836000"
"202300003278";"22";"08";"2023";"07:45";"1";"75";"75117";"2";"3";"1";"6";"RUE CARDINET";"48,88968800";"2,31668300"
"202300003279";"11";"02";"2023";"08:25";"1";"77";"77014";"2";"2";"1";"6";"FRANKLIN ROOSEVELT (AVENUE)";"48,41547000";"2,72030000"
"202300003280";"11";"02";"2023";"21:45";"3";"77";"77013";"1";"1";"8";"6";"D402";"48,85144900";"3,09031000"
"202300003281";"19";"08";"2023";"14:30";"1";"75";"75114";"2";"2";"1";"3";"BOULEVARD ROMAIN ROLLAND";"48,81979600";"2,32576100"
"202300003282";"11";"02";"2023";"06:30";"5";"76";"76108";"2";"2";"1";"3";"Rue Jeanne d’Arc";"49,45648000";"1,12275000"
"202300003283";"16";"08";"2023";"14:15";"1";"94";"94080";"2";"9";"1";"3";"D237";"48,84114000";"2,43291000"
"202300003284";"22";"08";"2023";"16:25";"1";"94";"94078";"2";"9";"1";"2";"Av du Pdt J Fitzgerald Kennedy";"48,73350600";"2,46207100"
"202300003285";"11";"02";"2023";"00:35";"5";"69";"69266";"2";"6";"1";"3";"Rue de la Feyssine";"45,78708414";"4,88657367"
"202300003286";"11";"02";"2023";"06:00";"5";"64";"64348";"2";"3";"1";"3";"JEAN MERMOZ";"43,32084000";" -0,37897000"
"202300003287";"22";"08";"2023";"17:35";"1";"94";"94042";"2";"9";"1";"3";"Avenue du Général Galliéni";"48,82010000";"2,47448000"
"202300003288";"11";"02";"2023";"12:30";"1";"64";"64024";"2";"3";"1";"3";"BIARRITZ (AVENUE DE)";"43,48016000";" -1,52077000"
"202300003289";"21";"08";"2023";"16:20";"1";"94";"94037";"1";"1";"1";"6";"Rue de la Div du General Leclerc";"48,81258000";"2,34931000"
"202300003290";"10";"02";"2023";"18:48";"5";"62";"62040";"2";"9";"1";"2";"D210";"50,72702900";"2,29347200"
"202300003291";"10";"02";"2023";"20:20";"5";"62";"62617";"2";"1";"1";"3";"D937";"50,48011000";"2,66397000"
"202300003292";"21";"08";"2023";"01:05";"5";"94";"94041";"2";"2";"1";"3";"Rue Jules Vanzuppe";"48,81928800";"2,39258400"
"202300003293";"11";"02";"2023";"14:20";"1";"59";"59599";"2";"3";"8";"1";"JUIN (RUE DU MARECHAL)";"50,73738085";"3,18288356"
"202300003294";"12";"02";"2023";"00:41";"5";"59";"59560";"2";"1";"1";"6";"BURGAULT RUE";"50,54742641";"3,04002643"
"202300003295";"22";"08";"2023";"15:40";"1";"94";"94034";"2";"2";"1";"3";"Avenue de la Division Leclerc";"48,76109200";"2,31840700"
"202300003296";"10";"02";"2023";"07:30";"5";"59";"59271";"2";"4";"5";"3";"SOURCE - ALLEE";"51,02213600";"2,31388000"
"202300003297";"21";"08";"2023";"11:38";"1";"94";"94011";"2";"3";"1";"3";"Avenue des 28 Arpents";"48,76530306";"2,47660589"
"202300003298";"11";"02";"2023";"11:00";"1";"56";"56121";"2";"6";"1";"2";"BELLE-FONTAINE (RUE  DE LA )";"47,74521000";" -3,36598000"
"202300003299";"11";"02";"2023";"18:00";"3";"54";"54395";"2";"1";"1";"3";"FOLLER (RUE)";"48,68626000";"6,19360000"
"202300003300";"20";"08";"2023";"14:00";"1";"94";"94028";"2";"1";"1";"4";"Car de Pompadour";"48,77243000";"2,43992000"
"202300003301";"11";"02";"2023";"18:40";"5";"54";"54395";"2";"1";"1";"3";"LIBERATION (AVENUE DE LA)";"48,69293000";"6,16764000"
"202300003302";"21";"08";"2023";"10:45";"1";"94";"94073";"2";"3";"1";"3";"Rue du Bas Marin";"48,75294000";"2,38717000"
"202300003303";"11";"02";"2023";"19:28";"5";"49";"49246";"2";"1";"1";"2";"GALLIENI AVENUE";"47,43622000";" -0,51837000"
"202300003304";"21";"08";"2023";"05:50";"3";"94";"94060";"1";"1";"1";"6";"Cuvette de CHAMPLAIN";"48,78970000";"2,55960000"
"202300003305";"11";"02";"2023";"20:50";"5";"45";"45338";"2";"1";"1";"6";"26 Rue Ambroise Paré";"47,99761000";"2,71877000"
"202300003306";"22";"08";"2023";"16:24";"1";"94";"94017";"2";"3";"1";"6";"Avenue du Général de Gaulle";"48,82041000";"2,48526000"
"202300003307";"25";"10";"2023";"21:40";"3";"95";"95582";"1";"1";"1";"7";"D170";"48,96277555";"2,26400971"
"202300003308";"11";"02";"2023";"18:50";"5";"43";"43157";"2";"4";"1";"3";"17 Avenue Marechal Foch";"45,04017500";"3,88828900"
"202300003309";"25";"10";"2023";"09:25";"1";"93";"93001";"1";"1";"2";"6";"AUTOROUTE A86";"48,92182484";"2,37738132"
"202300003310";"22";"08";"2023";"11:55";"1";"93";"93059";"2";"2";"1";"4";"Boulevard Charles de Gaulle /  Rue Etienne Dolet";"48,96652700";"2,36614700"
"202300003311";"11";"02";"2023";"20:30";"5";"37";"37233";"2";"1";"1";"3";"DUCLOS (AVENUE JACQUES)";"47,37886000";"0,71604000"
"202300003312";"21";"08";"2023";"11:20";"1";"93";"93072";"2";"3";"1";"3";"Avenue de Stalingrad / Rue Francis Bazin";"48,95948380";"2,39865075"
"202300003313";"24";"10";"2023";"23:55";"3";"95";"95018";"1";"1";"1";"4";"A15";"48,96129000";"2,26923000"
"202300003314";"11";"02";"2023";"14:45";"1";"37";"37261";"2";"1";"1";"3";"GRAMMONT (AVENUE DE)";"47,37641000";"0,69647000"
"202300003315";"22";"08";"2023";"08:35";"1";"93";"93064";"2";"6";"1";"2";"Rond Point de l'Europe / Rue Jules Ferry";"48,87730355";"2,47539173"
"202300003316";"11";"02";"2023";"14:50";"1";"37";"37261";"2";"2";"1";"3";"BOYER (RUE LEON)";"47,39282000";"0,67236000"
"202300003317";"25";"10";"2023";"21:10";"3";"94";"94081";"1";"1";"1";"3";"A86";"48,77391529";"2,40417896"
"202300003318";"21";"08";"2023";"19:20";"1";"93";"93064";"2";"9";"7";"3";"Boulevard d'Alsace-lorraine";"48,88470230";"2,48308789"
"202300003319";"11";"02";"2023";"11:30";"1";"37";"37261";"2";"1";"1";"3";"POMPIDOU (AVENUE GEORGES)";"47,38374000";"0,71092000"
"202300003320";"25";"10";"2023";"16:40";"1";"94";"94017";"1";"1";"2";"2";"A4";"48,82648029";"2,52228801"
"202300003321";"21";"08";"2023";"14:10";"1";"93";"93064";"2";"1";"1";"1";"Boulevard Gabriel Péri";"48,87898274";"2,47194555"
"202300003322";"25";"10";"2023";"14:50";"1";"94";"94079";"1";"1";"8";"2";"A4";"48,83529971";"2,53838754"
"202300003323";"11";"02";"2023";"08:20";"1";"37";"37261";"2";"6";"1";"2";"ROTONDE (ROND-POINT DE LA)";"47,38139000";"0,70682000"
"202300003324";"22";"08";"2023";"15:15";"1";"93";"93055";"2";"1";"1";"3";"EDOUARD VAILLANT DU 1 A FIN.";"48,90361300";"2,39206300"
"202300003325";"10";"02";"2023";"16:30";"1";"37";"37261";"2";"3";"1";"2";"NIESSEL (AVENUE DU GENERAL)";"47,36520000";"0,69975000"
"202300003326";"25";"10";"2023";"06:20";"3";"94";"94073";"1";"1";"2";"4";"A86";"48,75591137";"2,38351111"
"202300003327";"22";"08";"2023";"17:57";"1";"93";"93050";"2";"9";"1";"5";"Boulevard du Marechal Foch";"48,85555100";"2,52637800"
"202300003328";"11";"02";"2023";"10:40";"1";"33";"33529";"2";"1";"1";"3";"PARC DES EXPOSITIONS (Ave du)";"44,61174000";" -1,11995000"