"Num_Acc";"jour";"mois";"an";"hrmn";"lum";"dep";"com";"agg";"int";"atm";"col";"adr";"lat";"long"
"202300003525";"24";"09";"2023";"02:40";"5";"59";"59183";"2";"1";"1";"6";"CAULIER ALFRED";"51,03292267";"2,35862881"
"202300003526";"23";"09";"2023";"16:25";"1";"54";"54547";"2";"1";"1";"6";"PERI (RUE GABRIEL)";"48,66480000";"6,17475000"
"202300003527";"23";"10";"2023";"22:25";"5";"14";"14118";"2";"9";"1";"7";"29 Boulevard Bertrand";"49,18035800";" -0,36880100"
"202300003528";"23";"09";"2023";"13:20";"1";"49";"49007";"2";"1";"7";"2";"BIRGE BOULEVARD";"47,47509000";" -0,51991000"
"202300003529";"24";"10";"2023";"18:30";"1";"13";"13213";"2";"1";"1";"3";"OLIVES (AVENUE DES)";"43,32584000";"5,44061000"
"202300003530";"23";"09";"2023";"19:45";"1";"44";"44162";"2";"6";"1";"3";"155 Boulevard Salvador Allende";"47,21989900";" -1,62395400"
"202300003531";"22";"09";"2023";"17:00";"1";"41";"41295";"2";"1";"1";"1";"CHAMBORD (ROUTE DE)";"47,57707000";"1,40509000"
"202300003532";"24";"10";"2023";"15:55";"1";"13";"13204";"2";"6";"1";"3";"ALBE (RUE)";"43,31363000";"5,40647000"
"202300003533";"23";"09";"2023";"13:30";"1";"35";"35238";"2";"3";"1";"3";"FOUGERES (RUE DE)";"48,12350356";" -1,65964097"
"202300003534";"24";"09";"2023";"00:30";"5";"33";"33063";"2";"9";"1";"6";"Rue du Château d'Eau";"44,83693000";" -0,58264000"
"202300003535";"24";"10";"2023";"15:10";"1";"13";"13209";"2";"1";"1";"6";"JEAN BOUIN (AVENUE)";"43,26714500";"5,40311200"
"202300003536";"23";"09";"2023";"21:40";"5";"33";"33063";"2";"5";"1";"3";"Quai de Bacalan";"44,86033000";" -0,55364000"
"202300003537";"22";"09";"2023";"23:45";"5";"33";"33281";"2";"4";"1";"3";"Avenue de la Marne";"44,83540000";" -0,62640000"
"202300003538";"23";"10";"2023";"17:15";"1";"13";"13047";"2";"2";"1";"3";"JEAN LEBAS AVENUE";"43,51505000";"4,98658000"
"202300003539";"22";"09";"2023";"19:35";"2";"33";"33063";"2";"1";"1";"6";"Cours du Médoc";"44,86371000";" -0,57324000"
"202300003540";"22";"09";"2023";"15:10";"1";"31";"31483";"2";"1";"1";"2";"Avenue de l’Isle";"43,10930500";"0,72563200"
"202300003541";"24";"10";"2023";"04:45";"3";"13";"13047";"1";"1";"2";"5";"RD 569";"43,55753000";"4,97574000"
"202300003542";"24";"09";"2023";"01:50";"3";"29";"29232";"1";"1";"1";"6";"Avenue de Kerrien";"47,99595000";" -4,14607000"
"202300003543";"23";"09";"2023";"19:00";"1";"27";"27681";"2";"9";"1";"3";"MENDES FRANCE (AVENUE PIERRE)";"49,08950000";"1,48221000"
"202300003544";"24";"10";"2023";"04:30";"3";"03";"03321";"2";"2";"2";"3";"Rue Parmentier";"46,55835400";"3,35046300"
"202300003545";"23";"09";"2023";"09:53";"1";"21";"21054";"2";"1";"1";"6";"FOCH (BOULEVARD MARECHAL)";"47,02776552";"4,83748408"
"202300003546";"23";"09";"2023";"02:25";"3";"18";"18255";"1";"1";"1";"3";"N/A";"47,00477000";"2,29795000"
"202300003547";"23";"10";"2023";"11:15";"1";"03";"03101";"2";"9";"1";"6";"Rue Andre Messager";"46,36132300";"2,53491900"
"202300003548";"22";"09";"2023";"23:50";"3";"14";"14557";"2";"1";"1";"7";"Avenue Michel d'Ornano";"49,34520900";"0,08411300"
"202300003549";"23";"09";"2023";"00:58";"5";"14";"14220";"2";"1";"1";"7";"1 Boulevard Mauger";"49,35922600";"0,08067600"
"202300003550";"23";"09";"2023";"20:44";"5";"13";"13202";"2";"1";"6";"3";"ARENC (QUAI D')";"43,31300000";"5,36600000"
"202300003551";"24";"10";"2023";"14:45";"1";"75";"75119";"2";"1";"1";"2";"PORTE DES LILAS";"48,87806100";"2,40844700"
"202300003552";"22";"09";"2023";"09:30";"1";"13";"13215";"2";"1";"1";"2";"GARE (BOULEVARD DE LA) ";"43,35728000";"5,36659000"
"202300003553";"22";"09";"2023";"14:30";"1";"13";"13204";"2";"3";"1";"2";"CHUTES LAVI (AVENUE)";"43,31514102";"5,39777399"
"202300003554";"24";"10";"2023";"10:20";"1";"75";"75117";"2";"1";"1";"5";"PORTE DE CHAMPERRET";"48,88519300";"2,28730200"
"202300003555";"23";"09";"2023";"20:30";"3";"11";"11069";"2";"3";"1";"3";"14 Rue Bertrand Lamourelle";"43,21652000";"2,34309000"
"202300003556";"24";"10";"2023";"07:50";"2";"75";"75117";"2";"4";"2";"3";"PORTE DE CHAMPERRET";"48,88406800";"2,28510200"
"202300003557";"22";"09";"2023";"17:57";"1";"11";"11069";"2";"3";"1";"3";"24 Avenue de la Fajeolle";"43,22789000";"2,38407000"
"202300003558";"24";"09";"2023";"02:21";"5";"10";"10387";"2";"1";"1";"7";"GENERAL DE GAULLE (RUE DU)";"48,29865000";"4,07306000"
"202300003559";"23";"09";"2023";"17:15";"1";"06";"06069";"2";"1";"1";"6";"RENOIR (AVENUE AUGUSTE)";"43,68144000";"6,96793000"
"202300003560";"23";"09";"2023";"07:40";"1";"06";"06069";"1";"1";"1";"7";"Route de PLASCASSIER";"43,65236800";"6,95010700"
"202300003561";"23";"10";"2023";"05:05";"5";"75";"75115";"2";"2";"1";"3";"RUE DE LA PORTE D ISSY";"48,83428800";"2,28393600"
"202300003562";"18";"09";"2023";"15:25";"1";"04";"04112";"2";"1";"1";"7";"PIMAYON(CHEMIN DE)";"43,85300000";"5,81882000"
"202300003563";"24";"10";"2023";"10:10";"1";"75";"75119";"2";"3";"1";"3";"RUE DE MEAUX";"48,88220800";"2,37449900"
"202300003564";"22";"09";"2023";"23:52";"5";"75";"75105";"2";"2";"1";"6";"RUE SAINT JACQUES";"48,84958700";"2,34488500"
"202300003565";"22";"09";"2023";"03:30";"5";"75";"75105";"2";"2";"1";"6";"RUE LAGRANGE";"48,85233900";"2,34825100"
"202300003566";"23";"10";"2023";"11:50";"1";"75";"75117";"2";"1";"2";"6";"RUE CAMILLE BLAISOT";"48,89959800";"2,32873500"
"202300003567";"24";"10";"2023";"15:45";"1";"75";"75114";"2";"2";"1";"6";"RUE D ALESIA";"48,83181600";"2,31414100"
"202300003568";"22";"09";"2023";"20:23";"5";"75";"75116";"2";"3";"1";"3";"AVENUE GEORGES MANDEL";"48,86324600";"2,28528700"
"202300003569";"23";"10";"2023";"19:45";"5";"75";"75114";"2";"3";"2";"3";"RUE FROIDEVAUX";"48,83541100";"2,32929800"
"202300003570";"23";"09";"2023";"15:57";"1";"75";"75112";"2";"2";"1";"3";"PORTE DOREE";"48,83535800";"2,40660100"
"202300003571";"23";"09";"2023";"04:00";"5";"75";"75111";"2";"2";"1";"3";"AVENUE PARMENTIER";"48,86164568";"2,37732813"
"202300003572";"24";"10";"2023";"08:00";"1";"75";"75113";"2";"1";"2";"6";"RUE DU DESSOUS DES BERGES";"48,82604500";"2,37475800"
"202300003573";"23";"09";"2023";"00:34";"5";"75";"75111";"2";"2";"1";"3";"RUE OBERKAMPF";"48,86435600";"2,37152200"
"202300003574";"24";"10";"2023";"00:50";"5";"75";"75112";"2";"2";"1";"6";"RUE CANNEBIERE";"48,83773600";"2,39727000"
"202300003575";"23";"09";"2023";"16:35";"1";"75";"75110";"2";"2";"1";"3";"BOULEVARD DE MAGENTA";"48,87480800";"2,35743600"
"202300003576";"23";"09";"2023";"00:23";"5";"75";"75110";"2";"2";"1";"1";"RUE ALIBERT";"48,87102600";"2,36592000"
"202300003577";"24";"10";"2023";"14:40";"1";"75";"75111";"2";"3";"1";"3";"RUE POPINCOURT";"48,85855400";"2,37649100"
"202300003578";"23";"09";"2023";"09:47";"1";"75";"75107";"2";"2";"1";"3";"QUAI D ORSAY";"48,86282800";"2,31342400"
"202300003579";"24";"10";"2023";"19:10";"5";"75";"75110";"2";"1";"1";"6";"RUE DU FAUBOURG SAINT MARTIN";"48,87678000";"2,36102700"
"202300003580";"23";"09";"2023";"16:00";"1";"94";"94068";"2";"1";"1";"3";"Boulevard de Créteil";"48,79838737";"2,47564955"
"202300003581";"23";"09";"2023";"22:40";"5";"94";"94079";"2";"3";"1";"6";"Route de Champigny";"48,82676386";"2,53677830"
"202300003582";"23";"09";"2023";"13:25";"1";"94";"94075";"2";"1";"1";"2";"Rue de Mandres";"48,71685000";"2,53688000"
"202300003583";"24";"10";"2023";"15:50";"1";"75";"75110";"2";"4";"1";"3";"PLACE DE LA REPUBLIQUE";"48,86795400";"2,36236500"
"202300003584";"23";"09";"2023";"14:23";"1";"93";"93031";"2";"1";"1";"3";"Route de Saint-leu";"48,95453809";"2,33439597"
"202300003585";"23";"10";"2023";"16:49";"1";"75";"75109";"2";"1";"2";"6";"RUE D AMSTERDAM";"48,87915300";"2,32700100"
"202300003586";"22";"09";"2023";"12:25";"1";"93";"93031";"2";"3";"1";"3";"Route de Saint-leu / Rue Jules Ferry";"48,95524683";"2,33336815"
"202300003587";"22";"09";"2023";"22:13";"5";"93";"93029";"2";"1";"1";"3";"Rue Anatole France";"48,92770825";"2,45166628"
"202300003588";"24";"10";"2023";"08:40";"1";"75";"75108";"2";"2";"1";"3";"RUE DE MADRID";"48,87877000";"2,32226200"
"202300003589";"23";"09";"2023";"13:10";"1";"93";"93010";"2";"1";"1";"3";"Rue Auguste Polissard";"48,90517900";"2,48034000"
"202300003590";"24";"10";"2023";"09:05";"1";"75";"75103";"2";"3";"1";"6";"RUE BEAUBOURG";"48,86521200";"2,35568100"
"202300003591";"23";"09";"2023";"18:57";"1";"92";"92024";"2";"1";"1";"6";"HENRI BARBUSSE (RUE) DE (1 A 73)   (2 A";"48,89879609";"2,30335683"
"202300003592";"22";"10";"2023";"20:00";"5";"94";"94081";"2";"1";"8";"6";"Avenue du Moulin de Saquet";"48,79105600";"2,38134800"
"202300003593";"23";"09";"2023";"15:20";"1";"92";"92012";"2";"1";"1";"1";"VIEUX PONT DE SEVRES (RUE DU) 157/FIN -";"48,83110000";"2,24106000"
"202300003594";"22";"09";"2023";"17:25";"1";"40";"40261";"1";"9";"8";"3";"A63";"43,69466300";" -1,23204600"
"202300003595";"23";"09";"2023";"12:45";"1";"37";"37116";"1";"1";"1";"7";"les corbinières";"47,67885262";"0,73168945"
"202300003596";"24";"10";"2023";"18:30";"2";"94";"94073";"1";"1";"1";"3";"D86";"48,75529000";"2,38579000"
"202300003597";"23";"09";"2023";"21:25";"5";"95";"95313";"2";"1";"1";"6";"D64";"49,11241800";"2,21514400"
"202300003598";"23";"09";"2023";"20:45";"5";"95";"95313";"2";"2";"1";"6";"D64";"49,11288900";"2,21335900"
"202300003599";"23";"10";"2023";"20:15";"5";"94";"94033";"2";"9";"2";"3";"Avenue de Neuilly";"48,84766000";"2,48791000"
"202300003600";"22";"09";"2023";"13:00";"1";"49";"49092";"1";"1";"1";"6";"La Croix Blanche (Valanjou)";"47,24041200";" -0,59179700"
"202300003601";"23";"09";"2023";"18:00";"1";"31";"31186";"2";"1";"1";"2";"Impasse du Mariel";"43,67885900";"1,42395700"
"202300003602";"24";"09";"2023";"10:30";"1";"972";"97214";"1";"1";"1";"6";"chemin bon repos";"14,82970800";" -61,08290300"
"202300003603";"24";"09";"2023";"13:25";"1";"41";"41161";"1";"1";"1";"6";"A71, PK 145.050, Sens Paris - Province";"47,52114200";"2,00569200"
"202300003604";"19";"10";"2023";"15:00";"1";"94";"94028";"2";"9";"1";"6";"Route de Choisy";"48,78756900";"2,45074400"
"202300003605";"24";"09";"2023";"02:18";"3";"28";"28158";"1";"1";"5";"5";"D921";"48,41033200";"1,42272900"
"202300003606";"24";"10";"2023";"11:37";"1";"94";"94011";"2";"9";"1";"2";"Avenue de la Convention";"48,76631000";"2,48784000"
"202300003607";"24";"10";"2023";"06:50";"5";"94";"94028";"2";"1";"2";"4";"Route de la Pompadour";"48,76623000";"2,47414000"
"202300003608";"24";"09";"2023";"15:00";"1";"14";"14579";"1";"1";"1";"5";"A84 ";"49,05023255";" -0,72840141"
"202300003609";"24";"09";"2023";"07:00";"3";"44";"44098";"1";"1";"1";"2";"N/A";"47,48325300";" -2,19541500"
"202300003610";"23";"10";"2023";"22:05";"5";"94";"94022";"2";"9";"2";"3";"Boulevard de Stalingrad";"48,77284000";"2,40010000"
"202300003611";"23";"09";"2023";"02:02";"3";"30";"30151";"1";"1";"1";"6";"N/A";"44,16067200";"4,35084300"
"202300003612";"9";"09";"2023";"08:55";"1";"19";"19270";"2";"1";"1";"2";"Route de la mégie";"45,38574000";"1,46688900"
"202300003613";"24";"09";"2023";"20:20";"3";"56";"56140";"1";"1";"1";"6";"le cléhic";"47,93615900";" -2,78390900"
"202300003614";"24";"10";"2023";"12:20";"1";"93";"93073";"2";"2";"1";"3";"Avenue Henri Barbusse / Sixieme Avenue";"48,96318000";"2,57014000"
"202300003615";"24";"09";"2023";"05:11";"3";"76";"76196";"1";"1";"1";"6";"Route de Cuverville";"49,64885100";"0,26244300"
"202300003616";"23";"09";"2023";"15:45";"1";"79";"79130";"1";"1";"1";"5";"N/A";"46,24461400";" -0,50912600"
"202300003617";"23";"09";"2023";"08:30";"1";"2A";"2A031";"1";"1";"1";"6";"lieu dit Vignola";"41,94565786";"8,98900538"
"202300003618";"23";"10";"2023";"20:45";"5";"93";"93072";"2";"3";"2";"1";"Boulevard Maxime Gorki / Rue Salvador Allende";"48,94661000";"2,38647000"
"202300003619";"23";"09";"2023";"19:30";"1";"32";"32235";"1";"1";"1";"7";"route départementale n°20 PK 9+530";"43,73067000";"0,12205100"
"202300003620";"22";"09";"2023";"16:02";"1";"71";"71380";"1";"1";"1";"7";"Route des Repôts";"46,69085500";"5,39966200"
"202300003621";"23";"10";"2023";"16:27";"1";"93";"93013";"2";"5";"1";"3";"Rue Anizan Cavillon / Avenue de la Division Leclerc";"48,93494000";"2,42580000"
"202300003622";"10";"09";"2023";"16:45";"1";"61";"61464";"2";"1";"1";"3";"D42E";"48,59774200";"0,17081900"
"202300003623";"24";"10";"2023";"19:00";"5";"93";"93057";"2";"1";"1";"3";"Boulevard de Paris";"48,91437600";"2,49403800"
"202300003624";"24";"09";"2023";"01:30";"3";"42";"42011";"1";"1";"1";"6";"Chemin du Gour Janot";"45,82728900";"4,15718800"
"202300003625";"24";"09";"2023";"17:15";"1";"46";"46017";"1";"3";"1";"7";"Lieu Dit Lasbourrines";"44,81819800";"1,89845700"
"202300003626";"24";"10";"2023";"15:45";"1";"93";"93001";"2";"1";"2";"6";"Rue Danielle Casanova";"48,91855800";"2,39277700"
"202300003627";"23";"09";"2023";"23:15";"5";"46";"46029";"2";"3";"1";"2";"66 avenue de la republique";"44,92399600";"1,84355700"
"202300003628";"24";"10";"2023";"11:40";"1";"93";"93001";"2";"1";"1";"6";"Rue Bordier";"48,90333400";"2,38728100"
"202300003629";"24";"10";"2023";"10:15";"1";"92";"92075";"2";"1";"1";"6";"VICTOR HUGO (AVENUE)";"48,82558000";"2,29265000"
"202300003630";"23";"09";"2023";"12:05";"1";"44";"44137";"1";"2";"1";"3";"80 Le Rocher";"47,37875900";" -2,00739700"
"202300003631";"24";"10";"2023";"17:40";"1";"92";"92063";"2";"6";"1";"3";"MONTBRISON (RUE DU LIEUTENANT COLONEL DE";"48,85817465";"2,19394684"
"202300003632";"23";"09";"2023";"18:10";"1";"29";"29217";"1";"2";"1";"3";"Ker Eol";"47,86587200";" -3,76412600"
"202300003633";"23";"09";"2023";"20:40";"3";"26";"26337";"1";"1";"1";"2";"RN7";"44,71555957";"4,80379760"
"202300003634";"23";"10";"2023";"10:30";"1";"92";"92036";"2";"2";"1";"7";"LAURENT CELY (AVENUE) (1/143)";"48,91734414";"2,30747348"
"202300003635";"24";"09";"2023";"15:00";"1";"50";"50158";"1";"1";"1";"7";"D911";"48,72066900";" -1,09082200"
"202300003636";"24";"09";"2023";"06:39";"2";"83";"83083";"1";"1";"1";"6";"RD 22 PK 20.762";"43,46719400";"6,11414400"
"202300003637";"24";"09";"2023";"09:50";"1";"60";"60303";"1";"2";"1";"3";"Rue de la Maladrerie";"49,63514446";"1,87673615"
"202300003638";"22";"09";"2023";"19:00";"3";"54";"54411";"1";"3";"1";"3";"D6";"48,48652116";"6,18749410"
"202300003639";"22";"09";"2023";"18:09";"1";"18";"18057";"1";"2";"1";"3";"N/A";"46,55431600";"2,18681000"
"202300003640";"24";"10";"2023";"18:00";"2";"2A";"2A348";"1";"1";"8";"1";"RD70";"42,15895000";"8,77327000"
"202300003641";"23";"09";"2023";"18:05";"2";"43";"43137";"2";"4";"1";"3";"47 Avenue de la Libération";"45,28970300";"4,17007100"
"202300003642";"13";"07";"2023";"10:55";"1";"58";"58194";"2";"3";"1";"6";"HOCHE";"46,98928000";"3,15932000"
"202300003643";"24";"09";"2023";"15:30";"1";"07";"07207";"2";"1";"1";"3";"450 Avenue Pasteur";"44,42754500";"4,30311100"
"202300003644";"12";"07";"2023";"11:49";"1";"56";"56098";"2";"2";"1";"3";"CROIZAT ( AVE AMBROISE )";"47,77441000";" -3,34661000"
"202300003645";"11";"07";"2023";"11:30";"1";"54";"54395";"2";"1";"1";"6";"Rue de Boudonville";"48,69762000";"6,15930000"
"202300003646";"24";"09";"2023";"09:40";"1";"07";"07162";"2";"1";"1";"3";"10 Route de Sanilhac";"44,52776200";"4,29223700"
"202300003647";"25";"10";"2023";"07:40";"2";"66";"66015";"1";"1";"1";"5";"A9";"42,57696000";"2,84451500"
"202300003648";"23";"09";"2023";"03:05";"3";"04";"04230";"1";"1";"1";"6";"D6 (face à la boutique Angelvin)";"43,82414400";"5,93932300"
"202300003649";"13";"07";"2023";"07:35";"1";"54";"54323";"2";"6";"1";"3";"Avenue de l'Aviation";"49,51804300";"5,75225100"
"202300003650";"22";"09";"2023";"13:00";"1";"987";"98752";"1";"1";"3";"7";"PK 51";" -17,75684100";" -149,36694100"
"202300003651";"25";"10";"2023";"19:45";"5";"68";"68112";"2";"3";"2";"1";"3 Route d'Issenheim";"47,90286900";"7,22680400"
"202300003652";"13";"07";"2023";"15:07";"1";"51";"51454";"2";"1";"1";"5";"NATIONALE (AVENUE) LA NEUVILLETTE";"49,28326300";"4,01087800"
"202300003653";"25";"10";"2023";"12:30";"1";"22";"22004";"1";"1";"8";"6";"D767pr 34+500 sens lannion vers ggp";"48,61096350";" -3,27678680"
"202300003654";"22";"09";"2023";"17:15";"3";"73";"73183";"1";"1";"8";"6";"A43";"45,51652527";"5,99142373"
"202300003655";"12";"07";"2023";"17:21";"1";"51";"51108";"2";"9";"1";"3";"JAURES (RUE JEAN) (N° INFERIEUR A 59-34)";"48,95463000";"4,35236000"
"202300003656";"23";"09";"2023";"18:00";"3";"988";"98805";"2";"1";"3";"7";"Route des Charbonniers (Radier)";" -22,12967900";"166,43969000"
"202300003657";"24";"10";"2023";"21:30";"3";"30";"30014";"1";"1";"1";"7";"D982";"43,99361700";"4,34758200"
"202300003658";"22";"09";"2023";"19:25";"2";"01";"01274";"1";"1";"2";"6";"A 40 PK 115+200";"46,16100300";"5,65244400"
"202300003659";"12";"07";"2023";"11:30";"1";"50";"50129";"2";"6";"1";"3";"EST (BOULEVARD DE L')";"49,63675200";" -1,59619300"
"202300003660";"24";"10";"2023";"10:40";"1";"71";"71263";"2";"1";"2";"6";"8 Rue de Bram";"46,62798500";"5,21694500"
"202300003661";"30";"06";"2023";"21:00";"1";"49";"49099";"2";"3";"2";"3";"CHOUTEAU (BOULEVARD GUY)";"47,06729000";" -0,88723000"
"202300003662";"24";"09";"2023";"13:08";"1";"69";"69244";"2";"3";"7";"3";"Promenade des Tuileries";"45,76322800";"4,77868000"
"202300003663";"24";"10";"2023";"09:50";"1";"49";"49080";"2";"1";"1";"6";"lieu dit la Verrouillèe D859";"47,68149000";" -0,49957800"
"202300003664";"14";"07";"2023";"00:55";"5";"45";"45234";"2";"1";"1";"3";"Place d'Arc";"47,90660000";"1,90488000"
"202300003665";"22";"09";"2023";"08:35";"1";"06";"06018";"1";"3";"8";"1";"Route de Valbonne";"43,63376500";"7,08152500"
"202300003666";"20";"10";"2023";"18:00";"1";"86";"86097";"1";"1";"2";"7";"Lieu Dit Chambaron";"46,30244400";"0,41911100"
"202300003667";"24";"09";"2023";"08:00";"2";"21";"21575";"1";"1";"5";"2";"A36, PK 182+000, sens BEAUNE vers MULHOUSE";"47,07868500";"5,33450600"
"202300003668";"13";"07";"2023";"16:35";"1";"45";"45234";"2";"2";"1";"3";"92 Rue de Coulmiers";"47,91191000";"1,89718000"
"202300003669";"13";"07";"2023";"16:30";"1";"45";"45338";"2";"2";"1";"3";"2 Rue des Plantes";"47,98110339";"2,71642864"
"202300003670";"18";"10";"2023";"15:30";"1";"29";"29207";"2";"1";"3";"3";"Rue Beethoven";"48,57001200";" -3,81998600"
"202300003671";"22";"09";"2023";"22:50";"3";"45";"45203";"1";"1";"1";"2";"A10 PR 110 + 904";"47,85910200";"1,70614200"
"202300003672";"13";"07";"2023";"18:25";"1";"44";"44109";"2";"1";"1";"6";"26 Rue de la Basse Chénaie";"47,23840000";" -1,50740000"
"202300003673";"23";"10";"2023";"09:20";"1";"38";"38261";"2";"6";"2";"6";"Route de GRENOBLE";"45,67143400";"5,47070900"
"202300003674";"24";"09";"2023";"11:30";"1";"29";"29147";"1";"1";"1";"1";"Lieu Dit Lesforn";"47,89507200";" -3,59267400"
"202300003675";"7";"07";"2023";"09:30";"1";"40";"40192";"2";"1";"1";"3";"VILLENEUVE (AV DE)";"43,88916000";" -0,46668000"
"202300003676";"22";"10";"2023";"17:00";"1";"58";"58039";"1";"1";"8";"3";"Route de Brèves";"47,41681400";"3,58037400"
"202300003677";"24";"09";"2023";"12:40";"1";"45";"45191";"2";"1";"1";"1";"D24 PR 3 + 350";"48,29619600";"2,35382100"
"202300003678";"15";"06";"2023";"12:10";"1";"38";"38053";"2";"1";"1";"5";"CHAMP DE MARS (PL)";"45,59060000";"5,27820000"
"202300003679";"24";"09";"2023";"12:50";"1";"77";"77192";"1";"3";"1";"3";"Route de Chaubuisson";"48,70127500";"2,90528300"
"202300003680";"13";"07";"2023";"16:45";"1";"37";"37261";"2";"1";"1";"3";"ALOUETTE (AVENUE)";"47,36157000";"0,69633000"
"202300003681";"23";"09";"2023";"11:10";"1";"2A";"2A247";"2";"1";"1";"6";"Avenue de Bastia";"41,60416300";"9,27711000"
"202300003682";"25";"10";"2023";"18:00";"1";"14";"14057";"1";"2";"1";"3";"Route de Bourguebus";"49,11680300";" -0,24235600"
"202300003683";"13";"07";"2023";"18:30";"1";"35";"35115";"1";"6";"1";"2";"RN12";"48,33871000";" -1,21131000"
"202300003684";"24";"09";"2023";"17:40";"1";"13";"13027";"1";"2";"1";"3";"Chemin Roumieux";"43,86401000";"4,86129500"
"202300003685";"13";"07";"2023";"21:45";"4";"34";"34172";"2";"1";"1";"1";"24 Avenue Henri Marès";"43,62021200";"3,85482600"
"202300003686";"24";"09";"2023";"00:20";"4";"26";"26072";"1";"1";"1";"6";"A7 PK 047.500 sens Sud/Nord";"45,11581700";"4,89210800"
"202300003687";"21";"10";"2023";"15:10";"1";"64";"64060";"1";"3";"1";"3";"D802";"43,32188400";" -0,46678500"
"202300003688";"24";"09";"2023";"16:20";"1";"71";"71448";"1";"2";"1";"7";"Les jonchets";"46,38290300";"4,86737300"
"202300003689";"12";"07";"2023";"16:32";"1";"34";"34032";"2";"1";"1";"6";"19 Avenue Georges Clémenceau";"43,34579000";"3,21669000"
"202300003690";"24";"10";"2023";"07:30";"3";"43";"43112";"1";"1";"2";"3";"Avenue du Gévaudan";"45,08771800";"3,50885500"
"202300003691";"23";"09";"2023";"15:00";"1";"68";"68318";"1";"1";"1";"7";"Rue d'Osenbach";"47,97948400";"7,22575300"
"202300003692";"13";"07";"2023";"07:40";"1";"33";"33039";"2";"2";"1";"1";"Boulevard Jean-Jacques Bosc";"44,81331000";" -0,55545000"
"202300003693";"24";"10";"2023";"16:38";"1";"10";"10323";"2";"1";"1";"6";"32 Rue Milford Haven";"48,50479200";"3,72007600"
"202300003694";"24";"09";"2023";"18:15";"2";"07";"07018";"1";"1";"1";"7";"Route Nationale 102";"44,69431900";"4,03031900"
"202300003695";"13";"07";"2023";"17:45";"1";"29";"29051";"2";"1";"1";"6";"Bali ar Rouilhenn";"47,99945000";" -4,05414000"
"202300003696";"25";"10";"2023";"06:00";"3";"07";"07329";"1";"1";"2";"7";"D24";"44,60534100";"4,07228800"
"202300003697";"23";"09";"2023";"11:55";"1";"69";"69039";"2";"3";"1";"3";"Route de Dième";"45,98238900";"4,50773900"
"202300003698";"12";"07";"2023";"18:10";"1";"29";"29232";"2";"6";"1";"2";"Rond-Point de l'Eau Blanche";"47,99033000";" -4,07402000"
"202300003699";"12";"07";"2023";"19:45";"1";"29";"29232";"1";"1";"1";"7";"Route de Brest";"48,01272000";" -4,07660000"
"202300003700";"12";"10";"2023";"17:40";"1";"21";"21301";"2";"1";"1";"3";"13 Rue de la Plage";"47,04805500";"5,10966800"
"202300003701";"23";"09";"2023";"16:30";"1";"69";"69069";"2";"2";"1";"3";"47 Rue Centrale";"45,74589900";"4,71651200"
"202300003702";"13";"07";"2023";"14:50";"1";"28";"28085";"2";"9";"1";"4";"SOURS (ROND POINT ROUTE DE)";"48,42932000";"1,51688000"
"202300003703";"18";"10";"2023";"12:02";"1";"24";"24425";"1";"1";"2";"1";"Route Départementale 78";"45,41435800";"0,83668000"
"202300003704";"21";"09";"2023";"17:08";"1";"79";"79048";"1";"1";"3";"1";"N/A";"46,34864700";" -0,34306000"
"202300003705";"22";"09";"2023";"10:00";"1";"17";"17086";"1";"3";"1";"3";"N141";"45,72997000";" -0,52953200"
"202300003706";"13";"07";"2023";"14:45";"1";"25";"25204";"2";"1";"1";"3";"Grande rue";"46,92787000";"6,35022000"
"202300003707";"24";"10";"2023";"18:20";"1";"28";"28089";"2";"6";"1";"1";"Avenue Langlois";"48,57701500";"1,23906800"
"202300003708";"23";"09";"2023";"22:30";"3";"35";"35228";"1";"1";"1";"1";"N/A";"48,59276800";" -2,06615900"
"202300003709";"13";"07";"2023";"15:55";"1";"25";"25056";"2";"2";"1";"3";"FLEMING BOULEVARD";"47,22553000";"5,96537000"
"202300003710";"24";"10";"2023";"15:50";"1";"30";"30004";"1";"3";"1";"1";"N113";"43,71975100";"4,20606900"
"202300003711";"21";"09";"2023";"12:15";"1";"60";"60341";"2";"1";"3";"4";"N330";"49,08611707";"2,75607705"
"202300003712";"24";"06";"2023";"17:05";"1";"22";"22278";"2";"1";"1";"2";"CLEMENCEAU (BD)";"48,50944000";" -2,75981000"
"202300003713";"23";"09";"2023";"13:05";"1";"33";"33366";"1";"1";"1";"6";"AUTOROUTE A 10";"44,98590700";" -0,42767000"
"202300003714";"19";"10";"2023";"16:45";"1";"30";"30348";"1";"1";"1";"7";"Route Nationale 106";"44,04612101";"4,12779951"
"202300003715";"12";"07";"2023";"11:50";"1";"19";"19031";"2";"1";"1";"3";"RIBOT (AVENUE)";"45,16468000";"1,51580000"
"202300003716";"11";"07";"2023";"08:00";"1";"19";"19031";"2";"1";"1";"6";"MENDES FRANCE (AVENUE PIERRE)";"45,14428000";"1,47508000"
"202300003717";"23";"09";"2023";"14:12";"1";"91";"91161";"1";"1";"1";"4";"AUTOROUTE A126";"48,71073000";"2,29968000"
"202300003718";"25";"10";"2023";"08:40";"1";"973";"97309";"2";"2";"1";"1";"Route de Montjoly";"4,91782100";" -52,27729400"
"202300003719";"22";"09";"2023";"18:45";"1";"91";"91103";"1";"1";"1";"2";"RN 104";"48,62486000";"2,30432000"