"Num_Acc";"jour";"mois";"an";"hrmn";"lum";"dep";"com";"agg";"int";"atm";"col";"adr";"lat";"long"
"202300003914";"5";"05";"2023";"12:20";"1";"81";"81288";"1";"1";"1";"7";"D151";"43,44679700";"2,04219100"
"202300003915";"3";"05";"2023";"12:10";"1";"71";"71269";"2";"1";"1";"6";"13-15 route de lyon";"46,75196500";"4,84835000"
"202300003916";"4";"05";"2023";"08:20";"1";"47";"47168";"1";"1";"1";"1";"295 Route de Saint Barthelemy";"44,58658200";"0,36140100"
"202300003917";"10";"02";"2023";"15:20";"1";"51";"51599";"1";"1";"1";"7";"D944";"49,08745700";"4,27662100"
"202300003918";"4";"05";"2023";"21:04";"2";"41";"41115";"1";"3";"1";"7";"Route des Tailles de l'Abbaye";"47,85764400";"1,18320300"
"202300003919";"12";"02";"2023";"20:15";"3";"84";"84099";"1";"1";"1";"1";"D 31";"43,87148900";"5,08177800"
"202300003920";"12";"02";"2023";"17:40";"2";"41";"41188";"1";"1";"1";"6";"bois de Boisseleau";"47,76407300";"1,29450900"
"202300003921";"2";"05";"2023";"15:30";"1";"22";"22211";"1";"4";"1";"3";"D11";"48,69281600";" -3,44470700"
"202300003922";"13";"02";"2023";"08:20";"1";"51";"51621";"1";"1";"1";"3";"D67";"49,20265624";"4,97516245"
"202300003923";"3";"05";"2023";"14:25";"1";"29";"29117";"2";"6";"1";"7";"Avenue général de Gaulle";"48,58162410";" -4,52138246"
"202300003924";"22";"01";"2023";"18:00";"3";"56";"56027";"1";"1";"1";"6";"N/A";"47,92232800";" -2,66844200"
"202300003925";"4";"05";"2023";"10:30";"1";"31";"31042";"2";"1";"1";"6";"Allees d'Etigny";"42,79408400";"0,59669600"
"202300003926";"8";"02";"2023";"10:05";"1";"56";"56157";"2";"3";"1";"6";"rue de kerambourg";"47,77988200";" -2,69336700"
"202300003927";"12";"02";"2023";"11:30";"1";"77";"77197";"1";"3";"1";"7";"D75A / D15";"48,70722600";"3,19793900"
"202300003928";"13";"02";"2023";"10:50";"1";"80";"80680";"2";"1";"1";"2";"Route de Vauvillers";"49,82568100";"2,71229300"
"202300003929";"10";"02";"2023";"14:30";"1";"65";"65075";"2";"2";"1";"6";"Pe de Trey";"42,85634400";"0,34965800"
"202300003930";"4";"05";"2023";"12:45";"1";"38";"38416";"2";"3";"1";"3";"Avenue de Provence";"45,15077300";"5,31646500"
"202300003931";"12";"02";"2023";"17:35";"1";"33";"33544";"1";"2";"1";"3";"D1215";"45,53503200";" -1,09925500"
"202300003932";"1";"05";"2023";"18:00";"1";"02";"02816";"1";"1";"1";"7";"N/A";"49,17646400";"3,53578400"
"202300003933";"12";"02";"2023";"20:25";"3";"33";"33128";"1";"1";"1";"1";"Route de Goulee";"45,33321000";" -0,91988000"
"202300003934";"12";"02";"2023";"17:25";"1";"61";"61075";"2";"1";"1";"6";"D24 PR 17+800";"48,49124000";" -0,63282400"
"202300003935";"4";"05";"2023";"21:00";"5";"15";"15267";"1";"2";"1";"3";"RD 120";"44,93535600";"2,39421000"
"202300003936";"12";"02";"2023";"15:35";"1";"49";"49155";"1";"1";"1";"7";"Le Pas";"47,57162200";" -0,70650500"
"202300003937";"5";"05";"2023";"16:15";"1";"01";"01447";"1";"3";"1";"6";"D42";"46,20771800";"5,40679700"
"202300003938";"12";"02";"2023";"08:00";"1";"49";"49057";"1";"1";"8";"1";"D156";"47,16651174";" -0,49410970"
"202300003939";"12";"02";"2023";"21:40";"5";"39";"39475";"1";"9";"5";"6";"10 Rue Philibert de la Beaume";"46,44072600";"5,33535400"
"202300003940";"3";"05";"2023";"21:40";"3";"26";"26324";"1";"1";"1";"2";"D59";"44,35824700";"4,73949600"
"202300003941";"13";"02";"2023";"10:25";"1";"25";"25403";"1";"4";"1";"3";"D447";"47,01252300";"6,62734700"
"202300003942";"5";"05";"2023";"18:00";"1";"58";"58145";"1";"1";"1";"6";"D170";"47,27857400";"3,80557200"
"202300003943";"13";"02";"2023";"11:25";"1";"44";"44061";"1";"1";"1";"6";"";"47,23834000";" -1,95738000"
"202300003944";"4";"05";"2023";"20:15";"1";"72";"72386";"1";"1";"1";"2";"D313";"48,00507000";"0,24609800"
"202300003945";"12";"02";"2023";"22:15";"3";"29";"29302";"1";"3";"1";"6";"D770";"48,26753700";" -4,07875200"
"202300003946";"13";"02";"2023";"13:40";"1";"02";"02349";"1";"1";"1";"2";"";"49,49905100";"3,85210300"
"202300003947";"5";"05";"2023";"12:00";"1";"21";"21003";"2";"1";"1";"6";"26 Rue de Dijon";"47,36459800";"5,02821200"
"202300003948";"10";"02";"2023";"14:20";"1";"84";"84077";"1";"1";"1";"6";"chemin du combeau";"44,10005500";"5,12439000"
"202300003949";"12";"02";"2023";"15:25";"1";"03";"03128";"1";"1";"1";"3";"D71";"46,38725300";"2,46491700"
"202300003950";"29";"04";"2023";"19:15";"1";"21";"21086";"2";"1";"1";"6";"11 Rue de l'Eglise";"46,98537600";"4,82661400"
"202300003951";"13";"02";"2023";"08:05";"1";"58";"58243";"1";"1";"1";"7";"D10";"46,91667400";"3,66541300"
"202300003952";"5";"05";"2023";"11:58";"1";"27";"27428";"2";"1";"7";"6";"Rue de Verdun";"49,15041200";"0,90692500"
"202300003953";"12";"02";"2023";"17:40";"2";"54";"54228";"1";"1";"7";"7";"D22";"48,44306700";"6,50055900"
"202300003954";"13";"02";"2023";"07:24";"2";"50";"50369";"1";"1";"5";"6";"Route de la Paperie";"49,52143400";" -1,55360000"
"202300003955";"5";"05";"2023";"12:30";"1";"28";"28018";"1";"1";"1";"1";"D9";"48,21450100";"0,87995800"
"202300003956";"12";"02";"2023";"21:45";"3";"50";"50567";"1";"1";"1";"6";"Les Fosses";"49,57955500";" -1,50793800"
"202300003957";"13";"02";"2023";"18:45";"3";"50";"50582";"1";"1";"1";"2";"la petite moriniere";"48,73152600";" -0,91850600"
"202300003958";"4";"05";"2023";"18:00";"1";"06";"06152";"1";"1";"1";"1";"300 Route de Biot";"43,64302600";"7,02429500"
"202300003959";"10";"02";"2023";"06:30";"3";"45";"45146";"1";"1";"1";"1";"D2020 PR 46 + 100";"47,75376600";"1,93631900"
"202300003960";"12";"02";"2023";"18:10";"1";"64";"64014";"1";"1";"1";"3";"D20";"43,31380500";" -1,49522400"
"202300003961";"27";"04";"2023";"23:20";"5";"06";"06085";"2";"1";"1";"1";"avenue général de gaulle";"43,60587000";"7,01184200"
"202300003962";"13";"02";"2023";"15:15";"1";"07";"07308";"1";"1";"1";"3";"D86";"45,18125500";"4,80025800"
"202300003963";"3";"05";"2023";"17:30";"3";"987";"98745";"2";"1";"1";"7";"PK 26.5 - Quartier Motutairi - District Vaitoare";" -16,62000000";" -151,49600000"
"202300003964";"12";"02";"2023";"02:35";"3";"07";"07303";"1";"1";"9";"6";"D265";"44,78830800";"4,65598200"
"202300003965";"13";"02";"2023";"07:10";"3";"53";"53018";"1";"1";"5";"4";"la neslerie";"47,91404100";" -1,06181100"
"202300003966";"3";"05";"2023";"22:10";"5";"06";"06123";"1";"1";"1";"3";"A8";"43,66734400";"7,19429600"
"202300003967";"12";"02";"2023";"16:11";"1";"87";"87124";"1";"1";"1";"7";"Route de Nexon";"45,66833400";"1,11247300"
"202300003968";"5";"05";"2023";"07:25";"1";"974";"97408";"2";"9";"1";"3";"88 Rue Mahatma Gandhi";" -20,94413400";"55,32876700"
"202300003969";"7";"02";"2023";"20:40";"5";"87";"87001";"2";"1";"1";"6";"25 Avenue du Général de Gaulle";"45,79631100";"1,14679500"
"202300003970";"12";"02";"2023";"20:10";"3";"03";"03118";"1";"1";"1";"2";"A71 PK 348+750";"46,10872420";"3,13827038"
"202300003971";"4";"05";"2023";"14:30";"1";"972";"97228";"1";"1";"3";"1";"RN1 - DERRIERE MORNE";"14,75853200";" -60,98088000"
"202300003972";"12";"02";"2023";"12:29";"1";"06";"06104";"1";"1";"1";"7";"Roquebrune-Cap Martin (Embranchement d'autoroute)";"43,75838700";"7,44392400"
"202300003973";"4";"05";"2023";"17:55";"1";"77";"77474";"1";"5";"1";"2";"N3";"48,95781300";"2,80561200"
"202300003974";"4";"05";"2023";"17:10";"1";"91";"91494";"2";"6";"1";"3";"D19";"48,61523600";"2,35158900"
"202300003975";"12";"02";"2023";"20:40";"3";"973";"97303";"1";"1";"2";"5";"Route Nationale 1";"5,47203800";" -53,18258300"
"202300003976";"5";"05";"2023";"10:30";"1";"2B";"2B109";"1";"1";"1";"6";"D80";"42,72804900";"9,34095400"
"202300003977";"13";"02";"2023";"09:20";"1";"29";"29234";"1";"1";"1";"2";"L’Ile";"47,84026557";" -3,49503668"
"202300003978";"13";"02";"2023";"18:25";"1";"30";"30156";"2";"9";"1";"3";"Avenue de la Gare";"43,85692000";"4,44649100"
"202300003979";"5";"05";"2023";"16:42";"1";"83";"83077";"1";"3";"1";"5";"Route de Brignoles";"43,29832195";"5,98383476"
"202300003980";"12";"02";"2023";"14:45";"1";"13";"13030";"1";"1";"1";"5";"D8n";"43,26998500";"5,67814200"
"202300003981";"13";"02";"2023";"06:00";"3";"13";"13066";"1";"1";"1";"3";"D7n";"43,88327900";"4,91587800"
"202300003982";"4";"05";"2023";"08:26";"1";"13";"13100";"1";"1";"1";"3";"1470 Route de Maillane";"43,80434200";"4,82082300"
"202300003983";"12";"02";"2023";"16:30";"1";"21";"21263";"1";"2";"1";"1";"D996";"47,25765800";"5,05912400"
"202300003984";"4";"05";"2023";"16:01";"1";"67";"67021";"1";"1";"1";"7";"D854";"48,41386400";"7,38753600"
"202300003985";"12";"02";"2023";"18:00";"3";"68";"68226";"2";"1";"1";"1";"D417";"48,04338800";"7,15705600"
"202300003986";"13";"02";"2023";"17:20";"2";"31";"31291";"2";"6";"7";"3";"Rond point de la Méditerranée";"43,60102600";"1,24848800"
"202300003987";"3";"05";"2023";"17:10";"1";"03";"03286";"2";"3";"1";"3";"D707 - route bleue";"46,50575500";"3,36249800"
"202300003988";"12";"02";"2023";"06:40";"3";"22";"22364";"1";"1";"5";"6";"La Bouillie";"48,43468200";" -2,08758500"
"202300003989";"19";"01";"2023";"20:55";"3";"22";"22277";"1";"1";"2";"6";"17 La Ville au Pilon";"48,37493000";" -2,87991500"
"202300003990";"4";"05";"2023";"18:00";"1";"73";"73328";"1";"1";"1";"3";"D1201A";"45,64815800";"5,88975500"
"202300003991";"13";"02";"2023";"13:30";"1";"76";"76164";"1";"1";"1";"7";"Route du Quesnay";"49,50227700";"0,63514700"
"202300003992";"12";"02";"2023";"21:00";"3";"80";"80210";"1";"1";"1";"1";"D920";"49,74863800";"2,10871000"
"202300003993";"28";"04";"2023";"18:18";"1";"26";"26271";"1";"3";"1";"3";"Route des Chênes Verts";"45,03325100";"4,88164200"
"202300003994";"29";"01";"2023";"10:55";"1";"13";"13106";"1";"1";"1";"2";"A7-Sens Marseille vers Lyon";"43,39959526";"5,34924076"
"202300003995";"11";"02";"2023";"15:18";"1";"83";"83137";"1";"1";"1";"4";"A50 Sortie Tunnel Tube Sud";"43,12207309";"5,95538157"
"202300003996";"24";"04";"2023";"07:30";"2";"17";"17220";"1";"2";"5";"3";"D142";"45,51295000";" -0,45799000"
"202300003997";"11";"02";"2023";"00:30";"3";"69";"69029";"1";"1";"1";"3";"Autoroute 43";"45,72881860";"4,89912313"
"202300003998";"7";"02";"2023";"07:54";"1";"67";"67152";"1";"1";"1";"2";"M35";"48,52367000";"7,64735000"
"202300003999";"4";"05";"2023";"13:30";"1";"17";"17058";"2";"3";"1";"3";"Rue William Bertrand";"45,84775100";" -1,15569900"
"202300004000";"12";"02";"2023";"05:27";"3";"91";"91228";"1";"1";"1";"5";"AUTOROUTE A6";"48,62462000";"2,41869000"
"202300004001";"27";"04";"2023";"21:56";"3";"24";"24068";"1";"1";"1";"7";"D29";"44,84268700";"0,88309000"
"202300004002";"12";"02";"2023";"02:20";"3";"91";"91617";"1";"1";"1";"7";"RN 104";"48,64422300";"2,53960100"
"202300004003";"12";"02";"2023";"20:50";"3";"78";"78646";"1";"1";"1";"4";"RN12";"48,79104900";"2,10629700"
"202300004004";"4";"05";"2023";"17:05";"1";"22";"22012";"1";"2";"1";"3";"Départementale 17";"48,56665400";" -2,46252500"
"202300004005";"12";"02";"2023";"19:30";"5";"93";"93053";"1";"1";"1";"3";"AUTOROUTE A86";"48,90368296";"2,46667840"
"202300004006";"10";"02";"2023";"20:10";"5";"75";"75117";"2";"1";"1";"5";"BD PERIPHERIQUE EXTERNE";"48,90048800";"2,32206500"
"202300004007";"9";"02";"2023";"12:40";"1";"75";"75120";"2";"2";"1";"6";"BOULEVARD DE MENILMONTANT";"48,86713600";"2,38338400"
"202300004008";"5";"05";"2023";"17:15";"1";"80";"80670";"1";"2";"8";"3";"D51";"49,84326500";"2,09431700"
"202300004009";"11";"02";"2023";"05:20";"5";"75";"75119";"2";"4";"1";"6";"BOULEVARD PERIPHERIQUE INTERIEUR NORD  ";"48,90079088";"2,37162799"
"202300004010";"4";"05";"2023";"09:05";"1";"13";"13211";"1";"1";"1";"3";"Sens Aubagne vers Marseille";"43,29350000";"5,45639000"
"202300004011";"11";"02";"2023";"12:30";"1";"75";"75118";"2";"3";"1";"6";"RUE STEPHENSON";"48,88801200";"2,35620400"
"202300004012";"4";"05";"2023";"20:30";"1";"91";"91377";"1";"1";"1";"2";"RD 188";"48,71907000";"2,27005000"
"202300004013";"10";"02";"2023";"22:15";"5";"75";"75116";"2";"1";"1";"3";"AVENUE DES NATIONS UNIES";"48,86184500";"2,29164200"
"202300004014";"4";"05";"2023";"07:20";"1";"91";"91432";"1";"1";"1";"2";"AUTOROUTE A6";"48,69121000";"2,32210000"
"202300004015";"11";"02";"2023";"15:20";"1";"75";"75115";"2";"1";"1";"4";"AVENUE DE LA PORTE DE SEVRES";"48,82734300";"2,29319800"
"202300004016";"3";"05";"2023";"10:00";"1";"91";"91286";"1";"1";"1";"3";"RD 310";"48,64397000";"2,39175000"
"202300004017";"11";"02";"2023";"12:00";"1";"75";"75114";"2";"1";"1";"3";"AVENUE DENFERT ROCHEREAU";"48,83545200";"2,33343700"
"202300004018";"29";"01";"2023";"22:00";"5";"75";"75107";"2";"2";"8";"2";"RUE DE SEVRES";"48,85160600";"2,32688300"
"202300004019";"3";"05";"2023";"09:55";"1";"92";"92036";"1";"1";"1";"2";"A86";"48,93440186";"2,28032461"
"202300004020";"11";"02";"2023";"15:50";"1";"75";"75112";"2";"1";"1";"3";"AVENUE DE SAINT MANDE";"48,84480400";"2,40404300"
"202300004021";"11";"02";"2023";"03:50";"5";"75";"75109";"2";"1";"1";"6";"BOULEVARD DE ROCHECHOUART";"48,88342200";"2,34797600"
"202300004022";"10";"02";"2023";"21:45";"5";"75";"75110";"2";"3";"1";"7";"BOULEVARD DE BONNE NOUVELLE";"48,87035602";"2,34955341"
"202300004023";"3";"05";"2023";"22:10";"3";"93";"93027";"1";"1";"1";"3";"AUTOROUTE A86";"48,92458528";"2,38937632"
"202300004024";"10";"02";"2023";"20:10";"5";"75";"75104";"2";"3";"1";"3";"RUE DE RIVOLI";"48,85510600";"2,36170600"
"202300004025";"3";"05";"2023";"12:40";"1";"92";"92036";"1";"1";"1";"2";"AUTOROUTE A15";"48,94468490";"2,28538563"
"202300004026";"11";"02";"2023";"15:05";"1";"94";"94081";"2";"3";"1";"3";"Rue Eugene Henaff / Parking Carrefour rue Eugène Henaff";"48,79417000";"2,41613000"
"202300004027";"4";"05";"2023";"09:10";"1";"94";"94052";"1";"1";"1";"2";"A86";"48,83826565";"2,49372861"
"202300004028";"11";"02";"2023";"21:00";"5";"94";"94078";"2";"3";"1";"4";"Avenue du 8 Mai 1945 / Impasse Saint-georges";"48,72469200";"2,44515800"
"202300004029";"11";"02";"2023";"00:40";"5";"94";"94046";"2";"1";"1";"2";"Avenue du Général Leclerc";"48,81030000";"2,43225000"
"202300004030";"3";"05";"2023";"20:00";"1";"94";"94069";"1";"1";"1";"2";"A86";"48,81723758";"2,45368052"
"202300004031";"11";"02";"2023";"20:50";"5";"94";"94001";"2";"3";"1";"3";"Quai de la Baronnie / Rue du Bac";"48,72114000";"2,41833000"
"202300004032";"3";"05";"2023";"15:44";"1";"974";"97411";"2";"1";"1";"6";"LITTORAL (ROUTE 1 DU)";" -20,87600000";"55,43641000"
"202300004033";"11";"02";"2023";"11:00";"1";"94";"94070";"1";"1";"1";"2";"Route de Mandres";"48,71368975";"2,56097692"
"202300004034";"1";"05";"2023";"05:30";"2";"974";"97407";"1";"1";"1";"6";"OWENS JAMES";" -20,93439000";"55,31940000"
"202300004035";"11";"02";"2023";"10:45";"1";"94";"94048";"2";"1";"1";"2";"1 Rue des Forestiers";"48,74286000";"2,55983600"
"202300004036";"11";"02";"2023";"10:30";"1";"95";"95212";"1";"1";"8";"1";"PERIPHERIQUE NORD (RTE)";"49,02891000";"2,56093000"
"202300004037";"3";"05";"2023";"08:36";"1";"973";"97302";"2";"1";"1";"7";"MADELEINE (ROUTE DE LA)";"4,91194000";" -52,32125000"
"202300004038";"11";"02";"2023";"11:50";"1";"92";"92072";"2";"1";"1";"3";"GRANDE RUE";"48,82589000";"2,21779000"
"202300004039";"4";"05";"2023";"00:45";"5";"69";"69388";"2";"1";"1";"6";"26 Rue Henri Barbusse";"45,73063670";"4,85710874"
"202300004040";"10";"02";"2023";"23:30";"5";"92";"92072";"2";"1";"1";"2";"GRANDE RUE";"48,82397979";"2,20980629"
"202300004041";"11";"02";"2023";"00:10";"5";"92";"92033";"2";"1";"1";"7";"COLONEL DE ROCHEBRUNE";"48,85564469";"2,19514534"
"202300004042";"3";"05";"2023";"13:30";"1";"69";"69387";"2";"5";"1";"3";"Avenue Debourg";"45,73172000";"4,82408000"
"202300004043";"10";"02";"2023";"08:45";"1";"92";"92063";"2";"2";"8";"3";"COLMAR (AVENUE DE)";"48,88712000";"2,17959000"
"202300004044";"3";"05";"2023";"18:12";"1";"69";"69149";"2";"2";"1";"1";"Rue de la République";"45,71701000";"4,81256000"
"202300004045";"11";"02";"2023";"18:19";"5";"92";"92040";"2";"2";"1";"3";"ROUGET DE L'ISLE";"48,82982000";"2,26128000"
"202300004046";"27";"11";"2023";"17:10";"2";"27";"27210";"1";"1";"2";"3";"D613";"49,12914800";"0,82026200"
"202300004047";"10";"02";"2023";"20:15";"5";"92";"92025";"2";"2";"1";"7";"CHARLES DE GAULLE (BD)";"48,91462900";"2,22909300"
"202300004048";"3";"05";"2023";"14:30";"1";"2A";"2A004";"2";"1";"1";"3";"CALVI  ROUTE";"41,95525000";"8,78373000"
"202300004049";"27";"11";"2023";"17:00";"2";"37";"37050";"2";"1";"2";"6";"Route de la Vigne";"47,33674000";"0,68758400"
"202300004050";"11";"02";"2023";"20:20";"3";"35";"35046";"1";"2";"1";"3";"La Barriais";"47,87595800";" -2,04265200"
"202300004051";"3";"05";"2023";"13:25";"1";"2A";"2A271";"1";"1";"1";"2";"T20";"41,95780000";"8,81230000"
"202300004052";"28";"11";"2023";"08:25";"2";"49";"49355";"1";"1";"1";"3";"Autoroute A87 - PK : 042+100";"47,13342500";" -0,82517600"
"202300004053";"3";"05";"2023";"12:00";"1";"2A";"2A004";"2";"1";"1";"6";"MEZZAVIA ROUTE DE";"41,95241000";"8,78107000"
"202300004054";"18";"11";"2023";"02:15";"3";"24";"24115";"2";"1";"1";"6";"route de la tour blanche";"45,25258000";"0,69130200"
"202300004055";"11";"02";"2023";"18:00";"3";"95";"95134";"1";"1";"1";"6";"D4";"49,14063600";"2,25515300"
"202300004056";"3";"05";"2023";"12:40";"1";"2A";"2A004";"2";"1";"1";"6";"NAPOLEON COURS APRES BEVERINI";"41,92769000";"8,73852000"
"202300004057";"28";"11";"2023";"08:35";"1";"53";"53108";"1";"1";"1";"6";"A81 PK 265+650";"48,08113200";" -1,00634300"
"202300004058";"11";"02";"2023";"09:45";"1";"86";"86254";"1";"2";"7";"3";"D729";"46,37547800";"0,84419800"
"202300004059";"27";"11";"2023";"19:20";"3";"38";"38253";"1";"1";"4";"7";"RD220";"45,02683700";"6,08796000"
"202300004060";"11";"02";"2023";"21:00";"3";"60";"60385";"1";"1";"2";"6";"Chemin du Parc de Bourneville";"49,14687800";"3,12101800"
"202300004061";"2";"05";"2023";"19:10";"1";"91";"91421";"1";"1";"1";"2";"NATIONALE 6 (PARTIE FORET)";"48,68990000";"2,46555000"
"202300004062";"28";"11";"2023";"13:25";"1";"06";"06088";"1";"1";"1";"7";"Autoroute A8, PK 193.600, sens France vers Italie";"43,72158300";"7,21814600"
"202300004063";"8";"02";"2023";"10:50";"1";"44";"44103";"1";"1";"1";"2";"";"47,32445400";" -2,16980000"
"202300004064";"11";"02";"2023";"19:40";"3";"23";"23235";"1";"1";"1";"7";"Mas Fevrier";"46,21451100";"1,54849300"
"202300004065";"29";"11";"2023";"00:00";"3";"988";"98831";"2";"3";"1";"7";"Route de la Plage de Gatope";" -20,96839000";"164,66989000"
"202300004066";"2";"05";"2023";"14:15";"1";"87";"87085";"2";"1";"1";"3";"LEGENDRE (RUE CHARLES)";"45,81441000";"1,24254000"
"202300004067";"12";"02";"2023";"08:50";"1";"21";"21373";"1";"1";"5";"7";"D33";"47,31981400";"4,79962000"
"202300004068";"11";"02";"2023";"17:00";"1";"51";"51287";"1";"1";"1";"3";"D1";"49,07043600";"3,95673000"
"202300004069";"30";"04";"2023";"08:15";"1";"87";"87085";"2";"6";"1";"2";"BUGEAUD (COURS)";"45,83417000";"1,26258000"
"202300004070";"8";"11";"2023";"19:00";"5";"78";"78537";"2";"3";"1";"3";"D29";"48,57904200";"1,94331400"
"202300004071";"12";"02";"2023";"14:45";"1";"82";"82155";"1";"1";"7";"1";"D958";"44,15120100";"1,74070000"
"202300004072";"30";"04";"2023";"05:30";"3";"87";"87085";"2";"1";"1";"6";"DORMOY (RUE MAX)";"45,82657000";"1,22438000"
"202300004073";"28";"11";"2023";"18:00";"5";"84";"84054";"2";"1";"1";"2";"avenue aristide briand";"43,92577900";"5,04856100"
"202300004074";"12";"02";"2023";"09:00";"1";"32";"32107";"1";"1";"1";"1";"route de cahuzac";"43,97698200";"0,38020800"
"202300004075";"29";"04";"2023";"02:00";"5";"87";"87085";"2";"1";"1";"6";"LECLERC (AVENUE DU GENERAL)";"45,85402000";"1,26608000"
"202300004076";"26";"11";"2023";"16:40";"2";"13";"13097";"1";"1";"6";"6";"N568";"43,55277800";"4,80514500"
"202300004077";"12";"02";"2023";"11:20";"1";"61";"61483";"2";"6";"1";"6";"D916";"48,54991800";" -0,40251700"
"202300004078";"28";"04";"2023";"20:20";"2";"87";"87048";"1";"1";"1";"7";"PEYROUX (LIEU DIT LE)";"45,78295000";"1,22607000"
"202300004079";"27";"11";"2023";"13:45";"1";"89";"89438";"1";"1";"3";"3";"Autoroute A6 PK 166+600";"47,79216900";"3,66784600"
"202300004080";"30";"04";"2023";"20:20";"1";"85";"85194";"2";"1";"1";"1";"14 Rue jean neau";"46,49001000";" -1,76146000"
"202300004081";"12";"02";"2023";"01:45";"3";"42";"42185";"1";"1";"1";"6";"Rue de la Loire";"45,58477800";"4,24507600"
"202300004082";"12";"02";"2023";"07:45";"2";"22";"22203";"1";"1";"5";"6";"Les Ecredes (L'Hermitage-Lorge)";"48,36207300";" -2,87466300"
"202300004083";"27";"11";"2023";"18:35";"5";"67";"67067";"2";"1";"3";"6";"Rue Jacques Kablé";"48,73071000";"7,70910300"
"202300004084";"3";"05";"2023";"19:35";"1";"83";"83069";"2";"2";"1";"1";"DECUGIS (AVENUE ALFRED)";"43,11486000";"6,15621000"
"202300004085";"11";"02";"2023";"15:00";"1";"39";"39560";"1";"1";"7";"7";"";"46,35840200";"5,84743400"
"202300004086";"12";"02";"2023";"10:10";"1";"29";"29093";"1";"1";"1";"1";"16 - Treverroc";"48,58628500";" -4,41373100"
"202300004087";"3";"05";"2023";"19:30";"1";"78";"78418";"2";"6";"1";"3";"HUIT MAI 1945 (RUE DU)";"48,91201100";"2,14654600"
"202300004088";"27";"11";"2023";"19:35";"3";"88";"88531";"1";"1";"4";"1";"D8";"48,09819400";"6,90487500"
"202300004089";"11";"02";"2023";"01:30";"4";"38";"38095";"1";"6";"1";"6";"D20";"45,12492800";"5,28006800"
"202300004090";"27";"11";"2023";"18:30";"3";"73";"73176";"1";"1";"4";"7";"D1090";"45,62122582";"6,85770661"
"202300004091";"3";"05";"2023";"15:40";"1";"77";"77243";"2";"1";"1";"4";"JACQUES LEPAIRE  (RUE   )";"48,87921000";"2,70157000"
"202300004092";"12";"02";"2023";"04:15";"3";"02";"02759";"2";"4";"5";"6";"8 Rue de Verdun";"49,85940800";"3,78888800"
"202300004093";"27";"11";"2023";"18:45";"5";"73";"73213";"2";"2";"2";"6";"Rue Richelieu";"45,55962800";"5,96585200"
"202300004094";"4";"05";"2023";"00:10";"5";"76";"76157";"2";"3";"1";"1";"Avenue du President Allende";"49,45000000";"1,03512000"
"202300004095";"11";"02";"2023";"19:45";"3";"03";"03080";"1";"2";"1";"3";"D2209";"46,10351500";"3,26055800"
"202300004096";"3";"05";"2023";"19:50";"1";"76";"76319";"1";"1";"7";"7";"D132";"49,34672000";"1,00151000"
"202300004097";"25";"11";"2023";"08:15";"1";"38";"38449";"1";"1";"1";"6";"Chemin de la Poype";"45,62562300";"5,09108800"
"202300004098";"12";"02";"2023";"15:10";"1";"15";"15038";"2";"3";"1";"3";"D 679";"45,37658000";"2,57710900"
"202300004099";"3";"05";"2023";"15:00";"1";"76";"76540";"2";"2";"1";"6";"Rue Victor Hugo";"49,44029000";"1,10084000"
"202300004100";"2";"05";"2023";"09:10";"1";"76";"76391";"2";"1";"1";"6";"Rue Frété";"49,30636700";"0,95716800"
"202300004101";"12";"02";"2023";"10:25";"1";"72";"72373";"1";"1";"8";"1";"les jauges";"48,04175200";"0,77773300"
"202300004102";"12";"02";"2023";"12:20";"1";"50";"50464";"1";"1";"1";"3";"La Vaudonniere";"48,98318800";" -1,41300900"
"202300004103";"30";"04";"2023";"22:50";"3";"76";"76447";"1";"1";"1";"2";"RD 489";"49,54054000";"0,21188000"
"202300004104";"27";"11";"2023";"18:25";"5";"38";"38158";"2";"3";"2";"3";"Rue Irene Joliot Curie";"45,14947900";"5,74022800"
"202300004105";"12";"02";"2023";"08:00";"3";"50";"50251";"1";"1";"1";"6";"La croix verte";"49,50124700";" -1,42874200"
"202300004106";"3";"05";"2023";"06:31";"1";"72";"72181";"2";"3";"1";"6";"ROUSSEAU JJ  BD N° IMP 1 A 133";"47,97979000";"0,20642000"
"202300004107";"11";"02";"2023";"20:30";"3";"60";"60029";"1";"1";"2";"6";"Route de Villotran";"49,35786900";"1,98363700"
"202300004108";"28";"11";"2023";"07:00";"2";"69";"69009";"1";"1";"2";"3";"Route de Lyon";"45,92137606";"4,72956880"
"202300004109";"12";"02";"2023";"05:55";"3";"43";"43152";"1";"1";"1";"6";"5 Route du Collet";"45,06136800";"3,84986000"
"202300004110";"3";"05";"2023";"21:45";"5";"69";"69266";"2";"6";"1";"6";"Rue Gabriel Péri";"45,77294000";"4,86662000"
"202300004111";"27";"11";"2023";"17:30";"5";"81";"81140";"2";"6";"2";"6";"5 Allées Jean Jaurès";"43,69903950";"1,81514940"
"202300004112";"3";"05";"2023";"14:25";"1";"69";"69266";"2";"1";"1";"6";"161 Rue Léon Blum";"45,76060000";"4,90524000"
"202300004113";"11";"02";"2023";"20:20";"3";"36";"36128";"1";"1";"1";"6";"Rosiers";"46,84645632";"1,75055059"
"202300004114";"2";"05";"2023";"00:30";"5";"69";"69256";"2";"1";"1";"6";"Avenue Salvador Allende";"45,78073000";"4,92467000"