"Num_Acc";"jour";"mois";"an";"hrmn";"lum";"dep";"com";"agg";"int";"atm";"col";"adr";"lat";"long"
"202300004115";"26";"11";"2023";"16:00";"2";"46";"46057";"1";"1";"1";"6";"lasfargue";"44,68371700";"1,99804700"
"202300004116";"11";"02";"2023";"20:30";"5";"07";"07183";"2";"3";"1";"7";"2830 Route de Ruoms";"44,47277300";"4,35598800"
"202300004117";"3";"05";"2023";"13:00";"1";"69";"69264";"2";"3";"1";"3";"Rue Jean-Michel Savigny";"45,98208000";"4,71499000"
"202300004118";"28";"11";"2023";"20:35";"3";"17";"17021";"2";"1";"1";"6";"11 Rue des Bergères";"45,74834500";" -1,15620400"
"202300004119";"11";"02";"2023";"16:00";"1";"24";"24216";"1";"1";"1";"1";"Néplier - D708";"45,16288000";"0,25403500"
"202300004120";"11";"02";"2023";"16:45";"1";"85";"85047";"2";"6";"7";"3";"VC Rue de Bois de Céné";"46,85107900";" -1,87965500"
"202300004121";"27";"11";"2023";"19:10";"3";"86";"86017";"1";"1";"2";"6";"D42";"46,66522300";"0,08116700"
"202300004122";"3";"05";"2023";"20:00";"1";"69";"69259";"2";"6";"1";"3";"Avenue Jacques Duclos";"45,69739000";"4,89095000"
"202300004123";"11";"02";"2023";"13:15";"1";"85";"85090";"1";"1";"1";"1";"D64";"46,83526000";" -0,85808000"
"202300004124";"27";"11";"2023";"17:05";"2";"47";"47157";"2";"1";"3";"6";"25 Rue Jean Moulin";"44,49902300";"0,17903900"
"202300004125";"12";"02";"2023";"03:30";"3";"42";"42185";"1";"1";"1";"6";"Route de Veauche";"45,58917500";"4,26828700"
"202300004126";"3";"05";"2023";"07:17";"1";"69";"69259";"2";"2";"1";"3";"Avenue Jean Cagne";"45,69496898";"4,87336223"
"202300004127";"12";"02";"2023";"07:45";"2";"49";"49068";"1";"1";"1";"6";"A 11 PK 289";"47,42785500";" -0,91409700"
"202300004128";"20";"11";"2023";"13:25";"1";"60";"60524";"1";"1";"8";"3";"D1016";"49,32900300";"2,43554200"
"202300004129";"3";"05";"2023";"11:15";"1";"67";"67218";"2";"1";"1";"6";"STRASBOURG (AVENUE DE)";"48,54529900";"7,73803100"
"202300004130";"11";"02";"2023";"16:40";"1";"976";"97605";"2";"1";"1";"7";"Route de Sohoa";" -12,82633200";"45,11151600"
"202300004131";"12";"02";"2023";"11:45";"1";"62";"62559";"1";"9";"1";"6";"A26";"50,21125900";"3,09812100"
"202300004132";"25";"11";"2023";"21:15";"5";"60";"60433";"2";"1";"1";"2";"D1001";"49,25481600";"2,20609300"
"202300004133";"27";"04";"2023";"15:40";"1";"67";"67043";"2";"3";"1";"3";"PERIGUEUX (AVENUE DE)";"48,61474000";"7,73394000"
"202300004134";"18";"11";"2023";"18:50";"5";"02";"02381";"2";"1";"2";"6";"50 Avenue de Verdun";"49,91298100";"4,09179000"
"202300004135";"27";"04";"2023";"10:20";"1";"67";"67482";"2";"3";"1";"6";"SALZMANN (RUE)";"48,58007000";"7,74526000"
"202300004136";"12";"02";"2023";"16:30";"1";"34";"34327";"1";"1";"1";"5";"D68";"43,67570500";"3,95173500"
"202300004137";"2";"05";"2023";"21:42";"5";"66";"66136";"2";"1";"1";"2";"N/A";"42,68777000";"2,89890000"
"202300004138";"12";"02";"2023";"06:50";"3";"42";"42065";"1";"1";"1";"6";"Route de Roanne";"45,76728300";"4,21662600"
"202300004139";"27";"11";"2023";"15:45";"1";"59";"59626";"1";"1";"2";"1";"D129";"50,29666600";"3,63732200"
"202300004140";"11";"02";"2023";"17:34";"1";"01";"01032";"2";"1";"1";"6";"Montee de Beligneux";"45,85516400";"5,12842000"
"202300004141";"1";"05";"2023";"13:54";"1";"66";"66136";"2";"3";"1";"3";"JUIN (AVENUE DU MARECHAL)";"42,68788000";"2,89844000"
"202300004142";"24";"11";"2023";"10:35";"1";"38";"38087";"1";"9";"1";"2";"A7";"45,58184000";"4,80136000"
"202300004143";"12";"02";"2023";"17:45";"1";"85";"85250";"1";"1";"1";"1";"D760";"46,55099000";" -1,72709900"
"202300004144";"9";"02";"2023";"22:00";"3";"83";"83027";"1";"1";"1";"2";"A50";"43,19500000";"5,69600000"
"202300004145";"27";"11";"2023";"12:35";"1";"33";"33063";"1";"1";"2";"6";"ROCADE A 630";"44,88364244";" -0,55623114"
"202300004146";"3";"05";"2023";"12:35";"1";"64";"64483";"2";"1";"1";"5";"ASCAIN (ROUTE D')";"43,38266000";" -1,64381000"
"202300004147";"24";"01";"2023";"15:00";"1";"69";"69297";"1";"1";"1";"3";"Autoroute 47";"45,58812000";"4,78752000"
"202300004148";"3";"05";"2023";"01:05";"3";"64";"64545";"1";"1";"1";"7";"ROUTE D'IBARDIN";"43,32122000";" -1,68430000"
"202300004149";"27";"11";"2023";"09:00";"1";"33";"33013";"1";"1";"2";"3";"ROUTE NATIONALE 230";"44,84996918";" -0,50386101"
"202300004150";"11";"02";"2023";"22:05";"3";"91";"91617";"1";"1";"1";"2";"RN 104";"48,63189800";"2,49701600"
"202300004151";"2";"05";"2023";"12:10";"1";"64";"64445";"2";"1";"1";"6";"ALSACE LORRAINE D'";"43,30550000";" -0,37520000"
"202300004152";"27";"11";"2023";"10:07";"1";"94";"94003";"1";"1";"2";"3";"A6A";"48,80193886";"2,34201599"
"202300004153";"11";"02";"2023";"20:43";"3";"91";"91377";"1";"1";"1";"2";"AUTOROUTE A10";"48,71849000";"2,29246000"
"202300004154";"2";"05";"2023";"17:52";"1";"64";"64024";"2";"1";"1";"3";"MONTBRUN (AVENUE DE)";"43,50379200";" -1,49646200"
"202300004155";"11";"02";"2023";"17:29";"2";"91";"91689";"1";"1";"1";"2";"AUTOROUTE A6";"48,72200000";"2,31200000"
"202300004156";"26";"11";"2023";"04:25";"3";"94";"94034";"1";"1";"1";"6";"A86";"48,75609704";"2,34121956"
"202300004157";"2";"05";"2023";"17:20";"1";"64";"64102";"2";"1";"1";"7";"SOULT (AVENUE MARECHAL)";"43,48566000";" -1,49138000"
"202300004158";"11";"02";"2023";"11:18";"1";"91";"91161";"1";"1";"1";"2";"AUTOROUTE A6";"48,69861000";"2,31344000"
"202300004159";"11";"02";"2023";"02:30";"3";"91";"91477";"1";"1";"1";"6";"AUTOROUTE A126";"48,72153100";"2,25134800"
"202300004160";"26";"11";"2023";"18:40";"3";"78";"78158";"1";"1";"1";"5";"A13";"48,84134600";"2,10610000"
"202300004161";"25";"04";"2023";"09:10";"1";"63";"63032";"2";"2";"1";"3";"Rt de ROMAGNAT / Barbier d'Aubrée";"45,74668000";"3,09380000"
"202300004162";"11";"02";"2023";"15:15";"1";"93";"93053";"1";"1";"1";"2";"AUTOROUTE A3";"48,89382816";"2,47190204"
"202300004163";"11";"02";"2023";"05:00";"3";"95";"95252";"1";"1";"1";"6";" A15";"48,98761518";"2,20662576"
"202300004164";"2";"05";"2023";"08:30";"1";"63";"63113";"2";"1";"1";"3";"CLEMENTEL (BD ETIENNE)";"45,81111827";"3,10936689"
"202300004165";"26";"11";"2023";"17:50";"3";"92";"92036";"1";"1";"1";"4";"A86";"48,93664599";"2,29068481"
"202300004166";"10";"02";"2023";"23:40";"5";"93";"93066";"1";"1";"1";"4";"AUTOROUTE A1";"48,93164776";"2,36975670"
"202300004167";"3";"05";"2023";"22:15";"3";"62";"62774";"1";"1";"1";"2";"PARC DOVER PATROL";"50,92459000";"1,71560000"
"202300004168";"27";"11";"2023";"08:00";"2";"93";"93064";"1";"1";"2";"3";"AUTOROUTE A86";"48,86176000";"2,48349000"
"202300004169";"10";"02";"2023";"19:30";"5";"95";"95018";"1";"1";"1";"2";"A15";"48,94967230";"2,28022080"
"202300004170";"27";"11";"2023";"13:45";"2";"94";"94017";"1";"1";"2";"2";"A4";"48,82665078";"2,51617424"
"202300004171";"2";"05";"2023";"16:55";"1";"60";"60325";"1";"1";"1";"4";"Rd 1131";"49,40255000";"2,78344000"
"202300004172";"10";"02";"2023";"15:00";"1";"93";"93007";"1";"1";"1";"4";"AUTOROUTE A1";"48,95096029";"2,44989302"
"202300004173";"10";"02";"2023";"07:40";"2";"67";"67267";"2";"1";"1";"6";"KONRAD ADENAUER (RUE)";"48,55590600";"7,69258700"
"202300004174";"3";"05";"2023";"07:50";"1";"56";"56260";"2";"3";"1";"3";"49 Boulevard des Iles";"47,65336000";" -2,78215000"
"202300004175";"27";"11";"2023";"09:30";"1";"94";"94017";"1";"1";"2";"5";"A4";"48,82665078";"2,51617424"
"202300004176";"10";"02";"2023";"19:37";"3";"49";"49246";"2";"1";"1";"6";"VEST";"47,44171000";" -0,48542000"
"202300004177";"2";"05";"2023";"17:34";"1";"56";"56121";"2";"1";"1";"3";"NORMANDIE ( BD ET IMP DE )";"47,75978000";" -3,36629000"
"202300004178";"28";"08";"2023";"08:50";"1";"74";"74208";"1";"9";"2";"2";"Route Nationale 205";"45,92651800";"6,75193012"
"202300004179";"10";"02";"2023";"16:35";"1";"75";"75116";"2";"3";"1";"6";"RUE RAYNOUARD";"48,85482912";"2,27961112"
"202300004180";"2";"11";"2023";"19:43";"5";"14";"14137";"2";"1";"2";"6";"59 Route de Caumont";"49,18357000";" -0,44238000"
"202300004181";"3";"05";"2023";"22:45";"5";"45";"45234";"2";"2";"1";"3";"305 Rue des Murlins";"47,92743000";"1,88810000"
"202300004182";"10";"02";"2023";"07:50";"1";"93";"93064";"2";"2";"1";"3";"Rue des 2 Communes / Rue Henri Mondor";"48,86818650";"2,50107810"
"202300004183";"18";"05";"2023";"10:30";"1";"14";"14409";"2";"1";"1";"3";"98 Route de Cabourg";"49,28269000";" -0,19228400"
"202300004184";"3";"05";"2023";"18:00";"1";"38";"38185";"2";"1";"1";"6";"RUE NICOLAS CHORIER";"45,18530000";"5,71076000"
"202300004185";"10";"02";"2023";"16:40";"1";"92";"92076";"2";"1";"1";"6";"GENETS";"48,84003462";"2,15508789"
"202300004186";"26";"11";"2023";"16:40";"1";"974";"97416";"2";"1";"1";"6";"MAHY (RUE FRANCOIS DE)";" -21,34316000";"55,47445000"
"202300004187";"24";"04";"2023";"21:20";"5";"36";"36044";"2";"1";"1";"6";"13 Rue Joseph Bellier";"46,81218611";"1,69230491"
"202300004188";"9";"02";"2023";"10:15";"1";"76";"76540";"2";"1";"1";"6";"Boulevard de la Marne";"49,44649600";"1,08993800"
"202300004189";"9";"02";"2023";"11:19";"1";"63";"63113";"2";"2";"1";"6";"TORPILLEUR SIROCCO / rue du Cheval";"45,80711142";"3,10683757"
"202300004190";"26";"11";"2023";"10:00";"1";"974";"97416";"1";"9";"1";"7";"RN1(BRETELLE ACCES)";" -21,30475000";"55,42789000"
"202300004191";"3";"05";"2023";"12:00";"1";"35";"35238";"2";"2";"1";"3";"STRASBOURG (BOULEVARD DE)";"48,10993000";" -1,65543000"
"202300004192";"9";"02";"2023";"18:37";"5";"63";"63075";"2";"1";"1";"6";"BERTHELOT (BOULEVARD)";"45,77968000";"3,07163600"
"202300004193";"3";"05";"2023";"16:15";"1";"33";"33119";"2";"1";"1";"6";"Avenue René Cassagne";"44,86232489";" -0,51426664"
"202300004194";"9";"02";"2023";"07:30";"1";"13";"13202";"2";"1";"1";"6";"ROGER SALENGRO (AVENUE)";"43,31536503";"5,36998338"
"202300004195";"26";"11";"2023";"10:45";"1";"973";"97302";"2";"2";"1";"3";"MANDELA  (BOULEVARD)";"4,94064000";" -52,32681000"
"202300004196";"9";"02";"2023";"08:25";"1";"91";"91468";"1";"1";"1";"5";"AUTOROUTE A6";"48,57330000";"2,46740000"
"202300004197";"3";"05";"2023";"11:45";"1";"33";"33162";"2";"3";"1";"3";"Avenue du Médoc";"44,88368000";" -0,63295000"
"202300004198";"25";"11";"2023";"20:30";"5";"973";"97302";"2";"1";"1";"7";"SAINT ANTOINE (CHEMIN)";"4,93201000";" -52,29726000"
"202300004199";"8";"02";"2023";"08:25";"1";"08";"08409";"2";"1";"9";"6";"MARNE (AVENUE DE LA)";"49,69588000";"4,91436000"
"202300004200";"20";"04";"2023";"16:00";"1";"30";"30189";"2";"6";"1";"3";"rond point zion ";"43,83710000";"4,38840000"
"202300004201";"25";"11";"2023";"18:50";"5";"973";"97302";"1";"1";"1";"6";"ROUTE NATIONALE 1";"4,90840000";" -52,32330000"
"202300004202";"8";"02";"2023";"12:20";"1";"67";"67482";"2";"1";"1";"6";"COLMAR (AVENUE DE)";"48,55277000";"7,74409000"
"202300004203";"8";"02";"2023";"10:45";"1";"77";"77288";"2";"1";"1";"6";"SAINT AMBROISE (RUE)";"48,53500000";"2,65700000"
"202300004204";"25";"11";"2023";"00:40";"5";"973";"97302";"2";"1";"2";"7";"ROBERT VIGNON (RUE)";"4,93026000";" -52,32220000"
"202300004205";"29";"04";"2023";"10:38";"1";"28";"28085";"2";"1";"7";"6";"BOIS MERRAIN (RUE DU)";"48,44000000";"1,48000000"
"202300004206";"10";"02";"2023";"09:18";"1";"976";"97611";"2";"1";"1";"2";"m'tsapere-Case pente ( rue )";" -12,77636000";"45,22542000"
"202300004207";"26";"11";"2023";"15:25";"1";"972";"97209";"2";"1";"1";"2";"RD 41 (ROCADE)";"14,61489000";" -61,07037000"
"202300004208";"28";"04";"2023";"13:45";"1";"27";"27229";"2";"1";"1";"6";"BART (RUE JEAN)";"49,02564000";"1,17207000"
"202300004209";"10";"02";"2023";"12:35";"1";"974";"97416";"1";"1";"1";"2";"RN1 (ROUTE NATIONALE)";" -21,30112000";"55,42464000"
"202300004210";"3";"05";"2023";"19:30";"1";"26";"26198";"2";"6";"1";"6";"Route d’Espeluche";"44,54316000";"4,77160000"
"202300004211";"8";"02";"2023";"22:45";"5";"974";"97411";"2";"6";"1";"2";"JAURES (BOULEVARD JEAN)";" -20,90108500";"55,49659700"
"202300004212";"26";"11";"2023";"15:20";"1";"69";"69389";"2";"2";"1";"3";"Rue Marietton";"45,77580000";"4,80190000"
"202300004213";"3";"05";"2023";"20:20";"1";"25";"25056";"2";"1";"1";"2";"LANGUEDOC RUE DU";"47,21856900";"5,96485300"
"202300004214";"10";"02";"2023";"07:07";"1";"973";"97302";"2";"1";"1";"3";"BADUEL (ROUTE DE)";"4,93206798";" -52,30765164"
"202300004215";"20";"04";"2023";"03:00";"5";"22";"22278";"2";"1";"1";"6";"LAENNEC (BD)";"48,51077000";" -2,77415000"
"202300004216";"10";"02";"2023";"08:45";"1";"972";"97213";"1";"1";"2";"3";"PAYS MELES";"14,62666000";" -61,00794000"
"202300004217";"26";"11";"2023";"13:30";"1";"971";"97105";"2";"3";"1";"5";"BOLOGNE (ROUTE DE)";"16,00609897";" -61,73224747"
"202300004218";"3";"05";"2023";"14:01";"1";"17";"17300";"2";"9";"1";"6";"CHEF DE VILLE   RUE";"46,15828000";" -1,15511000"
"202300004219";"10";"02";"2023";"15:55";"1";"2A";"2A004";"2";"1";"1";"1";"ROUTE DU STILETTO";"41,94661472";"8,76571029"
"202300004220";"10";"02";"2023";"12:05";"1";"2A";"2A004";"2";"1";"1";"3";"ROUTE DU STILETTO";"41,94640725";"8,76746982"
"202300004221";"3";"05";"2023";"10:15";"1";"14";"14271";"1";"1";"1";"3";"N814";"49,13706000";" -0,39031000"
"202300004222";"25";"11";"2023";"17:50";"3";"95";"95585";"2";"1";"1";"5";"D125";"48,98498000";"2,38547000"
"202300004223";"9";"02";"2023";"17:40";"1";"91";"91174";"2";"1";"1";"6";"RUE PAUL BERT";"48,58423000";"2,47213000"
"202300004224";"3";"05";"2023";"12:30";"1";"13";"13206";"2";"2";"1";"6";"ROUET (RUE DU)";"43,28420000";"5,38554000"
"202300004225";"10";"02";"2023";"08:35";"1";"86";"86214";"2";"2";"1";"3";"D162";"46,56356700";"0,35141400"
"202300004226";"26";"11";"2023";"14:00";"1";"91";"91692";"2";"1";"1";"2";"OCEANIE (AVENUE DE L')";"48,67945000";"2,20075000"
"202300004227";"4";"02";"2023";"13:00";"1";"80";"80021";"2";"9";"1";"3";"LONGUEVILLE (PLACE)";"49,88798900";"2,29466500"
"202300004228";"3";"05";"2023";"12:40";"1";"13";"13211";"2";"1";"1";"6";"SAINT MENET (MONTEE)";"43,29531388";"5,48900052"
"202300004229";"3";"05";"2023";"07:52";"1";"13";"13210";"2";"1";"1";"4";"ROMAIN ROLLAND (BOULEVARD)";"43,27926000";"5,42100000"
"202300004230";"10";"02";"2023";"20:20";"5";"76";"76322";"2";"1";"1";"6";"Boulevard Maurice Ravel";"49,41200000";"1,04750000"
"202300004231";"15";"01";"2023";"01:10";"3";"73";"73065";"2";"6";"3";"6";"Marius Berroir / Costa de Beauregard";"45,56380000";"5,93180000"
"202300004232";"3";"05";"2023";"05:50";"2";"13";"13215";"2";"1";"1";"6";"BOURRELY (CHEMIN DES)";"43,37956000";"5,36165000"
"202300004233";"26";"11";"2023";"18:20";"5";"91";"91097";"2";"9";"1";"4";"AV DU GAL CHARLES DE GAULLE";"48,68490000";"2,53036000"
"202300004234";"7";"02";"2023";"05:15";"5";"67";"67482";"2";"1";"1";"3";"COMTES (ALLEE DES)";"48,58506000";"7,71453000"
"202300004235";"3";"05";"2023";"21:40";"3";"13";"13005";"2";"1";"1";"7";"AVELANEDE (CHEMIN DE L')";"43,28878000";"5,58705000"
"202300004236";"9";"02";"2023";"17:10";"1";"67";"67482";"2";"1";"1";"2";"LOUIS PASTEUR (QUAI)";"48,57431000";"7,73954000"
"202300004237";"26";"11";"2023";"10:30";"1";"91";"91097";"2";"1";"1";"6";"AV JEAN MOULIN";"48,68232000";"2,53151000"
"202300004238";"3";"05";"2023";"19:45";"1";"13";"13001";"2";"1";"1";"6";"MARSEILLE (ROUTE DE )";"43,48347000";"5,41746000"
"202300004239";"10";"02";"2023";"11:50";"1";"64";"64445";"2";"1";"1";"1";"TOURASSE";"43,30913000";" -0,34367000"
"202300004240";"2";"05";"2023";"14:40";"1";"10";"10333";"2";"1";"1";"4";"Avenue d'Echenilly";"48,28035844";"4,04548466"
"202300004241";"26";"11";"2023";"18:00";"5";"89";"89387";"2";"3";"1";"3";"LUCIEN CORNET (AVENUE)";"48,19770000";"3,27400000"
"202300004242";"9";"02";"2023";"20:53";"5";"64";"64445";"2";"2";"1";"3";"JEAN MERMOZ";"43,30810000";" -0,37654000"
"202300004243";"2";"05";"2023";"08:26";"1";"10";"10333";"2";"1";"1";"3";"AUXERRE (ROUTE)";"48,27253014";"4,05524254"
"202300004244";"26";"11";"2023";"19:17";"5";"77";"77320";"2";"1";"1";"6";"D934";"48,82876000";"3,02801000"
"202300004245";"3";"05";"2023";"19:20";"1";"06";"06088";"2";"3";"1";"6";"CIMIEZ (BD) A PARTIR DU 16-17";"43,71510000";"7,27188000"
"202300004246";"26";"03";"2023";"11:12";"1";"38";"38348";"2";"6";"9";"7";"impasse du plan d'eau";"45,58422500";"5,30818300"
"202300004247";"3";"05";"2023";"08:50";"1";"04";"04112";"2";"1";"1";"6";"MAJORAL ARNAUD (AV.)";"43,83037000";"5,78363000"
"202300004248";"26";"11";"2023";"18:35";"5";"76";"76540";"2";"2";"1";"3";"Rue du Renard";"49,45193000";"1,06902000"
"202300004249";"10";"02";"2023";"18:05";"1";"64";"64024";"2";"1";"1";"1";"DASSAULT (AVENUE MARCEL)";"43,49517000";" -1,49975000"
"202300004250";"25";"03";"2023";"20:40";"5";"69";"69028";"2";"3";"1";"7";"Route Neuve";"45,72556600";"4,70117700"
"202300004251";"3";"05";"2023";"19:15";"1";"02";"02738";"2";"1";"1";"1";"56 Rue Denfert Rochereau";"49,65849000";"3,29057000"
"202300004252";"26";"03";"2023";"03:00";"3";"09";"09082";"1";"1";"1";"7";"RD 117";"43,01386500";"1,36873700"
"202300004253";"25";"11";"2023";"16:12";"1";"76";"76575";"1";"1";"1";"3";"Boulevard Lénine";"49,39560000";"1,11170000"
"202300004254";"26";"03";"2023";"19:30";"2";"14";"14076";"1";"1";"3";"6";"10 Rue de la Mer";"49,22348300";" -0,28652400"
"202300004255";"10";"02";"2023";"16:30";"1";"64";"64102";"2";"1";"1";"3";"PINEDE (CHEMIN)";"43,50261000";" -1,43856000"
"202300004256";"3";"05";"2023";"14:20";"1";"75";"75108";"2";"2";"1";"3";"PLACE DE LA CONCORDE";"48,86667210";"2,32205272"
"202300004257";"25";"11";"2023";"15:40";"1";"69";"69266";"2";"2";"1";"3";"Rue Octavie";"45,77839000";"4,88917000"
"202300004258";"26";"03";"2023";"05:00";"3";"35";"35242";"1";"1";"2";"7";"CD 12 - PK 10+ 100";"48,38855900";" -1,53533900"
"202300004259";"26";"11";"2023";"16:40";"5";"67";"67482";"2";"1";"1";"6";"FEDERATION (ROUTE DE LA)";"48,56160000";"7,75033000"
"202300004260";"2";"05";"2023";"21:08";"5";"75";"75107";"2";"2";"1";"1";"RUE DU BAC";"48,85770300";"2,32797200"
"202300004261";"25";"03";"2023";"19:30";"3";"27";"27123";"1";"3";"1";"2";"Route Nationale 13";"49,01227400";"1,30204100"
"202300004262";"10";"02";"2023";"15:18";"1";"64";"64102";"2";"1";"1";"6";"PIECE NOYEE (ROND POINT DE LA)";"43,49936000";" -1,48166000"
"202300004263";"26";"11";"2023";"06:30";"3";"64";"64132";"1";"1";"1";"6";"D938";"43,28724000";" -0,32974000"
"202300004264";"3";"05";"2023";"16:45";"1";"75";"75105";"2";"3";"1";"2";"QUAI DE LA TOURNELLE";"48,85041200";"2,35352900"
"202300004265";"25";"03";"2023";"17:50";"1";"60";"60589";"2";"6";"8";"3";"Avenue de la Paix";"49,23153021";"2,45894730"
"202300004266";"25";"11";"2023";"11:30";"1";"62";"62667";"2";"2";"1";"7";"D119E1";"50,70463000";"1,57287000"
"202300004267";"3";"05";"2023";"17:50";"1";"75";"75117";"2";"1";"1";"3";"AVENUE DE WAGRAM";"48,88669700";"2,30443300"
"202300004268";"20";"02";"2023";"14:20";"1";"69";"69152";"1";"1";"1";"4";"Route de Métropole 7";"45,69459000";"4,84218000"
"202300004269";"26";"11";"2023";"10:10";"1";"58";"58194";"2";"1";"5";"1";"MARECHAL KOENING";"46,99040000";"3,16628000"
"202300004270";"3";"05";"2023";"18:40";"2";"75";"75115";"2";"2";"1";"3";"RUE DE LA CROIX NIVERT";"48,83998700";"2,29038000"
"202300004271";"9";"02";"2023";"16:20";"1";"64";"64024";"2";"1";"1";"3";"LARREBAT (RUE JUSTIN)";"43,49274000";" -1,50710000"
"202300004272";"25";"03";"2023";"00:00";"3";"91";"91553";"1";"1";"1";"5";"RN6 PROVINCE / RN104 INT";"48,63175000";"2,50444000"
"202300004273";"24";"11";"2023";"22:00";"5";"57";"57606";"2";"7";"2";"3";"AGORA (RUE DE L')";"49,10801523";"6,69721842"
"202300004274";"3";"05";"2023";"18:30";"1";"75";"75113";"2";"4";"1";"3";"BOULEVARD KELLERMANN";"48,82109800";"2,35441500"
"202300004275";"9";"02";"2023";"18:52";"5";"62";"62178";"2";"1";"1";"6";"Rue Louis Dussart";"50,47764463";"2,55898333"
"202300004276";"25";"11";"2023";"22:30";"5";"51";"51454";"2";"1";"1";"3";"COURLANCY (RUE DE)";"49,24316000";"4,02766000"
"202300004277";"3";"05";"2023";"18:30";"1";"75";"75113";"2";"2";"1";"3";"AVENUE D ITALIE";"48,82617600";"2,35730000"
"202300004278";"25";"03";"2023";"17:55";"1";"92";"92050";"1";"1";"1";"6";"A86";"48,89512395";"2,19297110"
"202300004279";"6";"02";"2023";"16:30";"1";"62";"62119";"2";"6";"1";"6";"Rue Marcelin Berthelot";"50,52831000";"2,64269000"
"202300004280";"26";"11";"2023";"12:30";"1";"41";"41047";"2";"1";"1";"3";"ONYX (RUE DE)";"47,60920000";"1,35637000"
"202300004281";"3";"05";"2023";"18:00";"1";"75";"75112";"2";"3";"1";"3";"AVENUE DE GRAVELLE";"48,81836000";"2,45165700"
"202300004282";"25";"03";"2023";"15:15";"1";"95";"95527";"1";"1";"1";"3";"A3";"48,98622000";"2,50804000"
"202300004283";"26";"11";"2023";"07:05";"5";"35";"35238";"2";"3";"1";"3";"SAINT-JEAN BAPTISTE DE LA SALLE";"48,11634000";" -1,70780000"
"202300004284";"3";"05";"2023";"16:20";"1";"75";"75112";"2";"2";"1";"3";"QUAI DE LA RAPEE";"48,84584600";"2,36762900"
"202300004285";"10";"02";"2023";"14:30";"1";"59";"59599";"2";"1";"1";"6";"GRAND PLACE";"50,72155000";"3,15974000"
"202300004286";"24";"03";"2023";"20:10";"3";"93";"93064";"1";"1";"8";"4";"AUTOROUTE A86";"48,86369651";"2,48274872"
"202300004287";"24";"03";"2023";"13:15";"1";"95";"95252";"1";"1";"1";"6";"A115";"48,98695437";"2,24255979"
"202300004288";"25";"11";"2023";"16:45";"1";"35";"35278";"2";"6";"1";"5";"MONTGERMONT (ROND POINT DE)";"48,15828256";" -1,68785512"
"202300004289";"3";"05";"2023";"16:40";"1";"75";"75111";"2";"2";"1";"3";"BOULEVARD DES FILLES DU CALVAIRE";"48,86245100";"2,36688200"
"202300004290";"24";"03";"2023";"18:50";"3";"972";"97213";"1";"1";"2";"6";"ROUTE DEPARTEMENTALE 15";"14,62164000";" -61,00660000"
"202300004291";"10";"02";"2023";"22:00";"3";"59";"59636";"1";"1";"1";"6";"VERT GALANT LIEU DIT";"50,69284000";"3,01944000"
"202300004292";"26";"11";"2023";"14:05";"1";"34";"34172";"2";"3";"1";"3";"AUTIGNAC (RUE GUILLAUME D')";"43,59420000";"3,87029000"
"202300004293";"23";"03";"2023";"19:25";"5";"62";"62186";"2";"1";"3";"6";"D166";"50,45771491";"2,72124910"
"202300004294";"3";"05";"2023";"06:45";"1";"75";"75111";"2";"2";"1";"3";"AVENUE PARMENTIER";"48,86999300";"2,37105700"
"202300004295";"22";"03";"2023";"17:00";"1";"59";"59350";"2";"1";"8";"6";"GAMBETTA LEON RUE";"50,62832182";"3,05184960"
"202300004296";"26";"11";"2023";"18:36";"5";"33";"33200";"2";"3";"1";"3";"Avenue Pasteur";"44,86697000";" -0,66862000"
"202300004297";"3";"05";"2023";"10:45";"1";"75";"75110";"2";"3";"1";"3";"RUE DU FAUBOURG SAINT MARTIN";"48,87609800";"2,36060500"
"202300004298";"10";"02";"2023";"20:20";"5";"59";"59350";"2";"1";"1";"3";"ESCH SUR ALZETTE RUE";"50,64010700";"3,07686000"
"202300004299";"22";"03";"2023";"16:55";"1";"29";"29019";"2";"1";"1";"6";"rue Corot";"48,41440647";" -4,46931794"
"202300004300";"3";"05";"2023";"08:00";"1";"75";"75110";"2";"1";"1";"1";"BOULEVARD DE MAGENTA";"48,88266300";"2,35034400"
"202300004301";"26";"11";"2023";"06:36";"5";"33";"33063";"2";"3";"1";"6";"Cours de la Marne";"44,82877000";" -0,56347000"
"202300004302";"7";"02";"2023";"17:10";"1";"59";"59328";"2";"1";"1";"1";"CHENIER ANDRE RUE";"50,65554000";"3,02842700"
"202300004303";"26";"11";"2023";"16:10";"1";"31";"31555";"2";"1";"1";"3";"BD GRIFFOUL DORVAL";"43,59369600";"1,45764500"
"202300004304";"24";"03";"2023";"19:30";"5";"973";"97302";"2";"6";"1";"3";"SUZINI (CARREFOUR)";"4,92722000";" -52,28999000"
"202300004305";"3";"05";"2023";"13:20";"1";"75";"75108";"2";"2";"1";"5";"RUE DE COURCELLES";"48,87638800";"2,30788600"
"202300004306";"10";"02";"2023";"09:20";"1";"56";"56098";"2";"6";"1";"2";"TRUDAINE (RUE  DANIEL )";"47,77739000";" -3,33909000"
"202300004307";"26";"11";"2023";"03:00";"3";"30";"30007";"2";"1";"1";"6";"MAS D'HOURS (QUAI DU)";"44,11467000";"4,09589000"
"202300004308";"23";"03";"2023";"18:12";"2";"973";"97302";"2";"1";"1";"7";"TROUBIRAN (CHEMIN DE)";"4,92670469";" -52,30347705"
"202300004309";"26";"11";"2023";"11:45";"1";"29";"29051";"1";"1";"1";"6";"Route d'Elliant";"47,99254140";" -4,02702591"
"202300004310";"24";"03";"2023";"23:26";"5";"69";"69381";"2";"2";"1";"6";"Rue de la Martinière";"45,76816000";"4,83132000"
"202300004311";"10";"02";"2023";"16:25";"1";"54";"54547";"2";"6";"1";"6";"EUROPE (BOULEVARD DE L')";"48,66309800";"6,17195700"