"Num_Acc";"jour";"mois";"an";"hrmn";"lum";"dep";"com";"agg";"int";"atm";"col";"adr";"lat";"long"
"202300004312";"24";"03";"2023";"08:20";"1";"69";"69152";"2";"1";"1";"6";"154 Rue des Martyrs de la Libération";"45,70032000";"4,82456000"
"202300004313";"3";"05";"2023";"19:10";"1";"75";"75101";"2";"3";"1";"3";"RUE DE RIVOLI";"48,86325700";"2,33381300"
"202300004314";"9";"02";"2023";"15:35";"1";"54";"54395";"2";"1";"1";"6";"SAINT JEAN (RUE)";"48,69000000";"6,18000000"
"202300004315";"25";"11";"2023";"20:54";"3";"28";"28134";"1";"9";"1";"1";"N 154 (ROCADE)";"48,73052000";"1,39004000"
"202300004316";"24";"03";"2023";"11:46";"1";"2A";"2A004";"2";"1";"1";"2";"SEBASTIANU COSTA BD";"41,94162000";"8,74780000"
"202300004317";"24";"03";"2023";"21:00";"5";"95";"95680";"2";"1";"1";"6";"Allee Pierre Corneille";"49,00048312";"2,41578519"
"202300004318";"3";"05";"2023";"16:45";"1";"75";"75101";"2";"3";"1";"6";"RUE DE RIVOLI";"48,86246400";"2,33626100"
"202300004319";"26";"11";"2023";"14:50";"1";"25";"25056";"2";"2";"1";"2";"KENNEDY  BOULEVARD J.F.";"47,23808000";"5,98801000"
"202300004320";"23";"03";"2023";"18:37";"1";"95";"95598";"2";"1";"1";"3";"Avenue de Paris";"48,98962000";"2,29178700"
"202300004321";"3";"05";"2023";"22:00";"5";"94";"94046";"2";"1";"1";"2";"Avenue du Général de Gaulle";"48,81071237";"2,42318501"
"202300004322";"9";"02";"2023";"16:35";"1";"50";"50129";"2";"2";"1";"3";"LECLERC (RUE DU GENERAL)";"49,64639000";" -1,64948000"
"202300004323";"25";"11";"2023";"05:00";"3";"13";"13108";"1";"1";"1";"7";"ARLES (PETITE ROUTE D ARLES CD 35)";"43,77069000";"4,66858000"
"202300004324";"3";"05";"2023";"07:20";"1";"94";"94003";"2";"9";"1";"3";"PAUL VAILLANT COUTURIER (AV)";"48,79983524";"2,34290743"
"202300004325";"24";"03";"2023";"16:30";"1";"91";"91691";"2";"1";"1";"6";"PIERRE GUILBERT(RUE)";"48,71719900";"2,49410600"
"202300004326";"22";"11";"2023";"15:45";"1";"30";"30032";"2";"1";"7";"6";"AVENUE DE LA PLAINE";"43,80533000";"4,63766000"
"202300004327";"9";"02";"2023";"18:45";"3";"49";"49007";"2";"3";"1";"6";"DAVID D'ANGERS";"47,47194000";" -0,55055000"
"202300004328";"3";"05";"2023";"18:35";"1";"94";"94041";"2";"1";"1";"3";"Rue Amédée Huon";"48,80504222";"2,38821664"
"202300004329";"24";"03";"2023";"19:45";"5";"91";"91286";"2";"1";"2";"3";"CORBEIL (ROUTE DE)";"48,65443100";"2,38918400"
"202300004330";"28";"10";"2023";"12:00";"1";"30";"30032";"2";"1";"1";"6";"COURS GAMBETTA";"43,80605000";"4,64357000"
"202300004331";"9";"02";"2023";"15:20";"1";"49";"49007";"2";"1";"1";"6";"CAMUS BOULEVARD";"47,48296000";" -0,57520000"
"202300004332";"3";"05";"2023";"10:50";"1";"94";"94077";"2";"6";"1";"6";"Rue du Maréchal Lyautey / Avenue de la République";"48,73089920";"2,41844851"
"202300004333";"23";"03";"2023";"06:50";"2";"91";"91228";"2";"1";"2";"3";"JEAN MERMOZ (RUE)";"48,62394000";"2,41296000"
"202300004334";"9";"02";"2023";"08:15";"1";"49";"49007";"2";"1";"1";"7";"DUNANT RUE HENRI ET ROND POINT";"47,48462000";" -0,53140000"
"202300004335";"26";"11";"2023";"03:45";"5";"13";"13204";"2";"1";"1";"3";"ALEX. FLEMING (BOULEVARD)";"43,31400000";"5,40640000"
"202300004336";"3";"05";"2023";"14:45";"1";"94";"94079";"2";"3";"1";"3";"Av du Mal de Lattre de Tassigny";"48,82135351";"2,53461671"
"202300004337";"21";"03";"2023";"17:50";"1";"85";"85194";"2";"1";"1";"2";"VC Boulevard pasteur";"46,49039000";" -1,76782000"
"202300004338";"23";"03";"2023";"18:46";"1";"84";"84007";"1";"1";"1";"6";"VERTES RIVES (Avenue des ) - MONTFAVET";"43,93772000";"4,88557000"
"202300004339";"25";"11";"2023";"23:43";"5";"13";"13212";"2";"3";"1";"6";"SAINT JULIEN (AVENUE DE )";"43,30445084";"5,41455392"
"202300004340";"3";"05";"2023";"07:40";"1";"94";"94079";"2";"2";"1";"3";"Avenue des Saules";"48,82271000";"2,56218000"
"202300004341";"23";"03";"2023";"15:10";"1";"84";"84007";"2";"1";"1";"1";"MAGNANARELLES (Avenue des)-MONTFAVET";"43,92068000";"4,87744000"
"202300004342";"10";"02";"2023";"12:00";"1";"45";"45338";"2";"2";"8";"2";"82 Rue du Vieux Bourg";"47,98096000";"2,72316000"
"202300004343";"25";"11";"2023";"21:50";"5";"13";"13214";"2";"1";"1";"6";"ROLAND DORGELES (BOULEVARD)";"43,34619000";"5,38124000"
"202300004344";"3";"05";"2023";"18:50";"1";"93";"93059";"2";"3";"1";"6";"Rue Jules Chatenay / Avenue Jacques Prévert";"48,97017000";"2,36962000"
"202300004345";"25";"11";"2023";"17:55";"5";"13";"13208";"2";"1";"1";"3";"HAMBOURG (BOULEVARD)";"43,24900000";"5,39000000"
"202300004346";"3";"05";"2023";"13:00";"1";"93";"93031";"2";"1";"1";"3";"Avenue du 18 Juin 1940";"48,95315000";"2,30760000"
"202300004347";"22";"03";"2023";"08:30";"1";"84";"84007";"2";"2";"1";"6";"C.De GAULLE (Rocade)";"43,92850000";"4,80991000"
"202300004348";"26";"11";"2023";"19:45";"2";"06";"06069";"2";"6";"1";"1";"CANNES (ROUTE DE)  -RD 6085-";"43,63419810";"6,95186010"
"202300004349";"10";"02";"2023";"00:50";"5";"44";"44109";"2";"1";"1";"1";"10 Boulevard de l'Estuaire";"47,20441900";" -1,55601900"
"202300004350";"2";"05";"2023";"08:30";"1";"93";"93057";"2";"3";"1";"6";"Avenue Aristide Briand / Rue des Ecoles";"48,90837904";"2,49777764"
"202300004351";"24";"03";"2023";"10:50";"1";"83";"83137";"2";"1";"1";"6";"PRUNEAU (AVE GENERAL)";"43,12034281";"5,95374566"
"202300004352";"26";"11";"2023";"12:00";"1";"06";"06004";"1";"1";"1";"3";"LITTORAL(BDM APRES BIJOU PLAGE RN98";"43,57123480";"7,10022180"
"202300004353";"3";"05";"2023";"11:15";"1";"93";"93001";"2";"2";"1";"6";"Avenue des Ponceaux / Rue de Crèvecoeur";"48,91914894";"2,38632870"
"202300004354";"9";"02";"2023";"08:10";"1";"41";"41018";"2";"1";"1";"2";"CABOCHON (RUE DE)";"47,58288000";"1,31591000"
"202300004355";"24";"03";"2023";"18:15";"1";"83";"83069";"1";"1";"1";"1";"PIERREFEU (ROUTE DE) RD 12";"43,16158000";"6,12408000"
"202300004356";"26";"11";"2023";"15:05";"1";"75";"75112";"2";"1";"1";"5";"PORTE DE VINCENNES";"48,84135700";"2,41355200"
"202300004357";"2";"05";"2023";"18:51";"1";"92";"92046";"2";"7";"1";"6";"ONZE NOVEMBRE 1918 (PLACE DU)";"48,82116319";"2,30241090"
"202300004358";"24";"03";"2023";"09:55";"1";"82";"82121";"2";"2";"1";"3";"CHATEAUVIEUX (RUE DE)";"44,02247615";"1,35723799"
"202300004359";"3";"05";"2023";"16:00";"1";"92";"92050";"2";"1";"1";"6";"LEVANT BOULEVARD DU";"48,89046130";"2,19930005"
"202300004360";"10";"02";"2023";"07:45";"1";"40";"40192";"2";"3";"1";"3";"HAUSSEZ (BD D')";"43,89509000";" -0,50528000"
"202300004361";"26";"11";"2023";"00:15";"5";"75";"75112";"2";"1";"1";"2";"PORTE DE VINCENNES";"48,84315800";"2,41370700"
"202300004362";"23";"03";"2023";"09:40";"1";"82";"82121";"2";"3";"1";"3";"Rue rené char";"44,02198626";"1,37402259"
"202300004363";"10";"02";"2023";"16:16";"1";"38";"38151";"2";"3";"1";"3";"COURS JEAN JAURÈS";"45,15424000";"5,70760000"
"202300004364";"3";"05";"2023";"20:13";"1";"92";"92044";"2";"1";"1";"3";"CHARLES PASQUA (QUAI) 32 A 58";"48,89998116";"2,28195101"
"202300004365";"25";"11";"2023";"05:30";"5";"75";"75116";"2";"1";"1";"2";"PORTE MAILLOT";"48,87765500";"2,28034400"
"202300004366";"10";"02";"2023";"15:30";"2";"38";"38169";"2";"1";"1";"6";"QUAI DU DRAC";"45,19072000";"5,70072000"
"202300004367";"3";"05";"2023";"16:45";"1";"92";"92044";"2";"1";"1";"6";"VOLTAIRE(RUE)53A81 ET 42A62";"48,89367902";"2,28832394"
"202300004368";"10";"02";"2023";"14:00";"1";"35";"35238";"2";"1";"1";"6";"POSTUMINUS";"48,10333000";" -1,68962000"
"202300004369";"25";"11";"2023";"17:45";"5";"75";"75116";"2";"1";"1";"3";"PORTE DE PASSY";"48,85949600";"2,26272700"
"202300004370";"10";"02";"2023";"15:30";"1";"35";"35281";"2";"1";"1";"3";"NANTES (RUE DE)";"48,08788997";" -1,69424683"
"202300004371";"3";"05";"2023";"13:00";"1";"92";"92035";"2";"2";"1";"2";"Kléber ( rue )";"48,90592629";"2,23950371"
"202300004372";"10";"02";"2023";"08:05";"2";"35";"35238";"2";"1";"1";"6";"SAINT-BRIEUC (DE)";"48,11547000";" -1,70777000"
"202300004373";"24";"11";"2023";"18:33";"5";"75";"75117";"2";"3";"1";"2";"AVENUE DE LA PORTE DE CHAMPERRET";"48,88633400";"2,28653100"
"202300004374";"24";"03";"2023";"13:30";"1";"76";"76540";"2";"4";"1";"3";"Route de Bonsecours";"49,43327000";"1,10766000"
"202300004375";"3";"05";"2023";"13:30";"1";"92";"92026";"2";"1";"1";"2";"AUGUSTE BAILLY";"48,90559167";"2,27732152"
"202300004376";"22";"03";"2023";"19:15";"5";"72";"72181";"2";"2";"2";"3";"LOUIS BLANC (QUAI)";"48,00639000";"0,19280000"
"202300004377";"3";"05";"2023";"08:30";"1";"92";"92025";"2";"1";"1";"3";"STALINGRAD (AV DE)";"48,93099600";"2,26718700"
"202300004378";"26";"11";"2023";"10:46";"1";"75";"75105";"2";"2";"1";"6";"RUE MONGE";"48,84807500";"2,35049400"
"202300004379";"10";"02";"2023";"17:40";"1";"34";"34172";"2";"2";"1";"3";"717 Avenue Jean Mermoz";"43,61034000";"3,89050000"
"202300004380";"24";"03";"2023";"10:20";"1";"69";"69256";"2";"1";"8";"3";"39 Avenue Eugénie Cotton";"45,77177383";"4,92378021"
"202300004381";"3";"05";"2023";"02:15";"5";"92";"92024";"2";"3";"1";"6";"BAC D'ASNIERE (RUE DU)";"48,90380535";"2,29057029"
"202300004382";"10";"02";"2023";"22:05";"4";"33";"33200";"2";"6";"1";"7";"Avenue de Magudas";"44,85940000";" -0,68480000"
"202300004383";"26";"11";"2023";"07:35";"2";"75";"75118";"2";"3";"1";"6";"BOULEVARD BARBES";"48,88420900";"2,34948500"
"202300004384";"11";"02";"2023";"01:45";"3";"22";"22187";"2";"1";"1";"7";"GRIPPET (Rue du )";"48,52844000";" -2,75157000"
"202300004385";"4";"05";"2023";"08:18";"1";"85";"85181";"1";"1";"1";"5";"RD 148";"46,49768000";" -0,92464300"
"202300004386";"24";"11";"2023";"13:45";"1";"75";"75116";"2";"1";"1";"1";"ROUTE DE SURESNES";"48,87118700";"2,27259900"
"202300004387";"23";"03";"2023";"19:50";"5";"67";"67482";"2";"1";"1";"3";"DRESDE (BOULEVARD DE)";"48,59929316";"7,76137412"
"202300004388";"24";"03";"2023";"16:20";"1";"64";"64102";"2";"1";"1";"3";"MAI 1945 (AVENUE DU 8)";"43,47425500";" -1,48542500"
"202300004389";"28";"04";"2023";"16:54";"1";"67";"67034";"1";"1";"3";"1";"D30";"48,68285600";"7,63128100"
"202300004390";"25";"11";"2023";"01:40";"5";"75";"75115";"2";"2";"1";"6";"QUAI DE GRENELLE";"48,85438800";"2,28865000"
"202300004391";"10";"02";"2023";"18:30";"3";"22";"22187";"1";"1";"1";"2";"RN12";"48,53215000";" -2,75696000"
"202300004392";"4";"05";"2023";"15:20";"1";"32";"32418";"1";"1";"1";"1";"RD32";"43,43252100";"0,84344200"
"202300004393";"24";"03";"2023";"12:15";"1";"64";"64102";"1";"1";"2";"3";"SAINT BERNARD (CHEMIN DE)";"43,50123000";" -1,48187000"
"202300004394";"26";"11";"2023";"12:40";"1";"75";"75114";"2";"2";"1";"3";"AVENUE DE LA PORTE DE CHATILLON";"48,82231700";"2,31434300"
"202300004395";"10";"02";"2023";"13:05";"1";"22";"22278";"2";"1";"1";"7";"ECLUSES (CHEM. DE L')";"48,52719000";" -2,72846000"
"202300004396";"30";"04";"2023";"09:15";"1";"62";"62785";"1";"1";"1";"6";"D939";"50,34874200";"2,56631600"
"202300004397";"23";"03";"2023";"19:20";"5";"64";"64102";"2";"1";"1";"2";"SAINT LEON (ROND POINT)";"43,48825000";" -1,48283000"
"202300004398";"10";"02";"2023";"20:50";"3";"13";"13019";"1";"1";"1";"7";"D9";"43,45664000";"5,32670000"
"202300004399";"25";"11";"2023";"15:04";"1";"75";"75113";"2";"2";"1";"3";"BOULEVARD DU GENERAL JEAN SIMON";"48,82566900";"2,38208400"
"202300004400";"4";"05";"2023";"13:45";"1";"34";"34270";"1";"3";"1";"1";"2 Rue Louis Breguet";"43,56053000";"3,84272000"
"202300004401";"23";"03";"2023";"13:45";"1";"64";"64102";"2";"6";"1";"3";"DE MARTRES (AVENUE RAYMOND)";"43,48692000";" -1,48304000"
"202300004402";"4";"05";"2023";"07:20";"2";"34";"34270";"2";"1";"7";"6";"6 Route de Beziers";"43,57519500";"3,82593000"
"202300004403";"26";"11";"2023";"18:45";"5";"75";"75111";"2";"2";"1";"6";"BOULEVARD DE BELLEVILLE";"48,87001900";"2,37910400"
"202300004404";"23";"01";"2023";"22:50";"5";"13";"13056";"2";"1";"1";"6";"RIMBAUD ARTHUR";"43,42168000";"5,05696000"
"202300004405";"4";"05";"2023";"05:00";"5";"37";"37153";"1";"1";"1";"6";"A 10";"47,49033500";"0,81949800"
"202300004406";"25";"11";"2023";"23:55";"5";"75";"75120";"2";"7";"1";"3";"BOULEVARD DE MENILMONTANT";"48,86290000";"2,38753900"
"202300004407";"23";"03";"2023";"09:00";"1";"64";"64024";"2";"2";"1";"3";"CINQ CANTONS (RUE DES)";"43,48826000";" -1,52206000"
"202300004408";"4";"05";"2023";"15:20";"1";"51";"51412";"1";"1";"1";"7";"D5";"48,69527570";"3,89168143"
"202300004409";"26";"11";"2023";"16:40";"2";"93";"93055";"2";"1";"1";"6";"Avenue Édouard Vaillant";"48,89950500";"2,39653800"
"202300004410";"10";"02";"2023";"18:15";"5";"13";"13210";"2";"5";"1";"1";"PAUL CLAUDEL (BOULEVARD)";"43,26930611";"5,42092259"
"202300004411";"21";"03";"2023";"14:30";"1";"62";"62637";"2";"1";"1";"3";"DARCHICOURT (AV FERNAND)";"50,46758000";"2,98746000"
"202300004412";"25";"11";"2023";"18:47";"5";"93";"93046";"2";"1";"1";"1";"Boulevard Jean Moulin";"48,91201761";"2,51377366"
"202300004413";"10";"02";"2023";"10:45";"1";"13";"13208";"2";"1";"1";"6";"HAMBOURG (BOULEVARD)";"43,25218000";"5,38688000"
"202300004414";"22";"03";"2023";"17:55";"1";"62";"62758";"1";"1";"2";"1";"Rue du Denacre";"50,73555000";"1,63394000"
"202300004415";"26";"11";"2023";"12:00";"1";"92";"92064";"2";"1";"1";"7";"PARC SAINT CLOUD";"48,82850490";"2,21044081"
"202300004416";"10";"02";"2023";"11:45";"1";"13";"13214";"2";"1";"1";"6";"SAINTE MARTHE (chemin)";"43,32363000";"5,38914000"
"202300004417";"24";"03";"2023";"16:00";"1";"59";"59350";"2";"2";"1";"3";"CORMONTAIGNE  METRO";"50,62621000";"3,04020000"
"202300004418";"26";"11";"2023";"17:58";"3";"35";"35268";"1";"2";"1";"3";"La Belle Alouette";"47,76644061";" -1,89079911"
"202300004419";"10";"02";"2023";"08:57";"1";"13";"13215";"2";"1";"1";"1";"DE SAINT LOUIS AU ROVE (chemin)";"43,35272000";"5,35348000"
"202300004420";"24";"03";"2023";"12:15";"1";"59";"59143";"2";"9";"2";"3";"KLEBER RINGOT (PLACE)";"50,67677000";"2,88966000"
"202300004421";"25";"11";"2023";"07:30";"1";"01";"01383";"1";"1";"1";"1";"Route de Servas";"46,11173500";"5,14647200"
"202300004422";"22";"03";"2023";"14:30";"1";"58";"58194";"2";"6";"1";"3";"CROIX JOYEUSE (CARREFOUR)";"46,99508000";"3,16876000"
"202300004423";"26";"11";"2023";"03:20";"3";"01";"01054";"1";"1";"1";"6";"D1084";"45,86688093";"5,14930755"
"202300004424";"7";"06";"2023";"07:30";"1";"69";"69385";"2";"1";"1";"7";"31 Montée du Chemin Neuf";"45,75997078";"4,82449732"
"202300004425";"25";"11";"2023";"11:05";"1";"06";"06161";"1";"9";"1";"2";"Boulevard Valery Giscard d'Estaing";"43,64363600";"7,13315100"
"202300004426";"22";"03";"2023";"15:00";"1";"54";"54526";"2";"2";"1";"3";"FRATERNITE (RUE DE LA)";"48,69312267";"6,21237159"
"202300004427";"6";"06";"2023";"13:31";"1";"2B";"2B120";"1";"1";"2";"2";"11 - RT";"42,65315600";"9,44101500"
"202300004428";"20";"11";"2023";"18:35";"5";"49";"49092";"2";"1";"2";"6";"Avenue du Général de Gaulle (Chemillé)";"47,20920500";" -0,72269400"
"202300004429";"22";"03";"2023";"17:54";"1";"51";"51454";"2";"1";"1";"2";"rue de l'Arbalète";"49,25642000";"4,03156000"
"202300004430";"7";"06";"2023";"13:48";"1";"2A";"2A004";"2";"3";"1";"2";"NAPOLEON COURS AVANT BEVERINI";"41,92652516";"8,73832583"
"202300004431";"25";"11";"2023";"17:40";"5";"68";"68145";"2";"3";"1";"7";"Rue du Jura";"48,07808300";"7,39150800"
"202300004432";"24";"03";"2023";"17:10";"1";"51";"51663";"2";"1";"1";"2";"Avenue Alfred Anatole Thevenet";"49,05663000";"3,96511000"
"202300004433";"7";"06";"2023";"13:15";"1";"95";"95197";"2";"2";"7";"3";"PAVILLON (RUELLE DU)";"48,96846000";"2,33292000"
"202300004434";"24";"03";"2023";"15:25";"1";"49";"49007";"1";"1";"1";"6";"Rue François Mauriac";"47,44568000";" -0,56446000"
"202300004435";"26";"11";"2023";"19:50";"3";"972";"97222";"2";"1";"1";"6";"N1";"14,67055000";" -60,95476900"
"202300004436";"23";"03";"2023";"14:48";"1";"49";"49007";"2";"1";"1";"6";"BRIAND AVENUE";"47,47380000";" -0,57750000"
"202300004437";"7";"06";"2023";"13:00";"1";"95";"95288";"2";"1";"1";"6";"D311";"48,98517000";"2,35747000"
"202300004438";"26";"11";"2023";"14:00";"1";"972";"97220";"1";"1";"1";"1";"Regale";"14,52977100";" -60,92071300"
"202300004439";"7";"06";"2023";"09:50";"1";"95";"95210";"2";"1";"1";"2";"D311";"48,97170100";"2,30497500"
"202300004440";"24";"03";"2023";"07:35";"1";"45";"45234";"2";"3";"1";"3";"158bis Rue de la Barrière Saint-Marc";"47,93082733";"1,93395317"
"202300004441";"26";"11";"2023";"14:25";"1";"974";"97414";"1";"1";"1";"2";"N5";" -21,26638000";"55,45603400"
"202300004442";"24";"03";"2023";"19:33";"5";"37";"37261";"2";"2";"2";"3";"GIRAUDEAU (RUE)";"47,37973000";"0,67743000"
"202300004443";"27";"11";"2023";"07:30";"2";"68";"68315";"2";"1";"1";"7";"Route de Bollwiller";"47,88113600";"7,23601500"
"202300004444";"22";"11";"2023";"23:30";"3";"85";"85109";"1";"1";"1";"7";"Route de l'Aurière";"46,85702200";" -1,05397900"
"202300004445";"24";"03";"2023";"19:55";"5";"35";"35238";"2";"1";"1";"3";"BOURGEOIS (BOULEVARD LEON)";"48,09901515";" -1,65332705"
"202300004446";"24";"11";"2023";"08:10";"1";"30";"30141";"2";"3";"1";"3";"N580";"44,10611600";"4,69403700"
"202300004447";"24";"03";"2023";"13:45";"1";"35";"35238";"2";"3";"1";"3";"SAINT-HELIER";"48,10273000";" -1,66142000"
"202300004448";"24";"03";"2023";"22:30";"5";"34";"34172";"2";"1";"1";"1";"500 Avenue des Prés d'Arènes";"43,59200000";"3,88094000"
"202300004449";"7";"11";"2023";"17:15";"3";"51";"51115";"2";"6";"1";"4";"D951";"49,20167200";"4,01338900"
"202300004450";"27";"11";"2023";"08:20";"1";"51";"51418";"1";"1";"3";"7";"D980 - PK 31";"49,22833892";"3,95498574"
"202300004451";"24";"03";"2023";"20:10";"5";"33";"33281";"2";"2";"1";"2";"Avenue du Truc";"44,84951000";" -0,65584000"
"202300004452";"26";"11";"2023";"10:00";"1";"51";"51030";"1";"2";"1";"6";"départemantele D201";"49,05719000";"4,03404500"
"202300004453";"23";"03";"2023";"08:15";"1";"33";"33281";"2";"3";"1";"3";"Avenue de la Libération";"44,86068000";" -0,64254000"
"202300004454";"27";"11";"2023";"08:05";"2";"19";"19002";"1";"1";"9";"3";"Le Ciarneix";"45,58686400";"2,37849700"
"202300004455";"7";"06";"2023";"17:37";"1";"91";"91425";"1";"1";"1";"2";"RTE D ORLEANS RN 20";"48,65015000";"2,27217000"
"202300004456";"24";"03";"2023";"21:20";"5";"33";"33529";"2";"9";"1";"3";"LAGRUA (RUE)";"44,64495000";" -1,15780000"
"202300004457";"27";"11";"2023";"07:57";"2";"76";"76070";"1";"1";"2";"3";"Route d’Ardouval";"49,72905700";"1,24484500"
"202300004458";"7";"06";"2023";"10:45";"1";"91";"91377";"2";"6";"1";"3";"RUE VICTOR BASCH";"48,72980000";"2,26968000"
"202300004459";"21";"03";"2023";"23:10";"5";"31";"31555";"2";"1";"1";"3";"CARNOT (BD LAZARE) DU 1AU 81";"43,60294000";"1,45127000"
"202300004460";"10";"07";"2023";"10:30";"1";"61";"61484";"2";"6";"1";"3";"D407";"48,26688300";"0,67561600"
"202300004461";"23";"11";"2023";"18:15";"3";"2B";"2B346";"2";"1";"1";"1";"RT 10";"42,51075100";"9,45259800"
"202300004462";"2";"05";"2023";"14:40";"1";"91";"91174";"2";"1";"1";"3";"QUAI DE L APPORT PARIS";"48,61764000";"2,47701000"
"202300004463";"9";"07";"2023";"18:30";"1";"61";"61081";"1";"3";"1";"3";"D737 PR5+920";"48,67669800";"0,18112900"
"202300004464";"26";"11";"2023";"15:00";"1";"2B";"2B207";"2";"1";"1";"3";"Folelli";"42,45009300";"9,50645700"
"202300004465";"4";"06";"2023";"22:04";"5";"91";"91174";"2";"1";"1";"1";"RUE PABLO PICASSO";"48,61512600";"2,46156400"
"202300004466";"6";"06";"2023";"13:42";"1";"87";"87085";"2";"1";"1";"6";"FEUILLANTS (RUE DES)";"45,83268000";"1,26298000"
"202300004467";"24";"03";"2023";"07:25";"1";"26";"26313";"1";"1";"1";"5";"LACRA RN532";"44,96020261";"4,94099379"
"202300004468";"13";"07";"2023";"20:30";"2";"12";"12133";"2";"6";"7";"6";"Avenue de Rodez";"44,29298100";"2,55960500"
"202300004469";"6";"06";"2023";"12:30";"1";"85";"85194";"2";"2";"1";"3";"62bis Rue du docteur schweitzer";"46,49250000";" -1,75968000"
"202300004470";"13";"07";"2023";"22:00";"3";"47";"47173";"1";"1";"1";"7";"Rouby";"44,45004600";"0,51439900"
"202300004471";"24";"03";"2023";"19:40";"1";"26";"26198";"2";"1";"1";"3";"Route de Dieulefit";"44,55055000";"4,77089000"
"202300004472";"26";"11";"2023";"20:35";"3";"61";"61484";"1";"2";"1";"3";"D923 PR10+100";"48,26312100";"0,74699500"
"202300004473";"4";"06";"2023";"15:45";"1";"83";"83118";"2";"6";"1";"6";"AVENUE VALROSE";"43,41719800";"6,81008800"
"202300004474";"13";"07";"2023";"18:55";"1";"47";"47252";"1";"1";"1";"1";"D911";"44,38849700";"0,58931900"
"202300004475";"24";"03";"2023";"17:25";"1";"24";"24037";"2";"1";"1";"3";"Boulevard Auguste Comte";"44,84813857";"0,49239457"
"202300004476";"27";"11";"2023";"08:15";"2";"22";"22265";"1";"1";"3";"6";"Route de Goazoures";"48,74714100";" -3,39800500"
"202300004477";"11";"04";"2023";"23:00";"5";"83";"83061";"1";"1";"1";"1";"AVENUE DE LA CORNICHE D'AZUR";"43,37444000";"6,71797000"
"202300004478";"24";"03";"2023";"23:50";"3";"17";"17415";"2";"6";"3";"7";"DICONCHE";"45,72447000";" -0,63995000"
"202300004479";"12";"07";"2023";"19:50";"1";"86";"86271";"1";"1";"1";"6";"D15";"46,77175100";"0,22882500"
"202300004480";"2";"06";"2023";"13:35";"1";"80";"80021";"2";"6";"1";"6";"ALEXANDRE DUMAS (RUE)";"49,87083000";"2,30746000"
"202300004481";"24";"03";"2023";"19:10";"2";"17";"17300";"2";"1";"8";"3";"GRANDES VARENNES   AVENUE DES";"46,16817000";" -1,17762000"
"202300004482";"10";"07";"2023";"13:05";"1";"25";"25147";"2";"3";"1";"3";"Place de la Mare";"47,22671200";"5,89454600"
"202300004483";"26";"11";"2023";"18:12";"3";"25";"25063";"1";"1";"5";"6";"D480";"47,39188500";"6,85614500"
"202300004484";"7";"06";"2023";"18:20";"1";"78";"78440";"2";"1";"1";"3";"MOLIERE (RUE)";"48,98389000";"1,91530000"
"202300004485";"24";"03";"2023";"07:05";"1";"13";"13210";"2";"1";"1";"3";"TOULON (AVENUE DE)";"43,28384000";"5,39645000"
"202300004486";"11";"07";"2023";"17:15";"1";"44";"44018";"2";"6";"1";"3";"Rue de Nantes";"47,14415316";" -1,68696999"
"202300004487";"26";"11";"2023";"19:40";"3";"44";"44183";"1";"1";"1";"6";"N/A";"47,38138200";" -2,38566400"
"202300004488";"24";"03";"2023";"03:30";"5";"13";"13211";"2";"1";"1";"1";"MENARD (PIERRE) (BOULEVARD)";"43,29050124";"5,44020506"
"202300004489";"27";"11";"2023";"11:50";"1";"58";"58046";"1";"1";"8";"1";"Lieu Dit les Arreaux";"46,84884800";"3,62674400"
"202300004490";"13";"07";"2023";"19:30";"1";"35";"35331";"1";"2";"1";"3";"Crabassou";"48,07198329";" -1,91267654"
"202300004491";"24";"03";"2023";"13:00";"1";"13";"13004";"2";"1";"1";"3";"AV STALINGRAD";"43,69002002";"4,63713720"
"202300004492";"13";"07";"2023";"20:00";"1";"34";"34192";"2";"1";"1";"6";"Avenue de la Pourquiere";"43,54367100";"3,96860200"
"202300004493";"22";"03";"2023";"16:10";"1";"11";"11069";"2";"2";"1";"3";"N/A";"43,21129000";"2,32655000"
"202300004494";"25";"11";"2023";"15:50";"1";"72";"72191";"1";"1";"7";"3";"L'Archerie";"47,72767193";"0,27553439"
"202300004495";"8";"06";"2023";"00:20";"5";"74";"74218";"1";"1";"1";"5";"THONON (AVENUE DE)";"46,38671000";"6,52116000"
"202300004496";"24";"03";"2023";"12:40";"1";"07";"07102";"2";"1";"1";"6";"LYON (AVENUE DE)";"44,93480000";"4,85620000"
"202300004497";"14";"07";"2023";"04:40";"3";"29";"29143";"2";"9";"1";"6";"Hameau de Ranyéré";"48,03518500";" -4,43261300"
"202300004498";"7";"06";"2023";"19:05";"1";"74";"74012";"2";"1";"1";"6";"MONT-BLANC (RUE DU)";"46,19553000";"6,23532000"
"202300004499";"27";"11";"2023";"07:45";"1";"06";"06007";"1";"1";"1";"2";"Route de Saint Jacques";"43,61908700";"6,91861900"
"202300004500";"24";"03";"2023";"15:20";"1";"06";"06069";"2";"9";"1";"4";"ORME (CHEMIN DE L')";"43,64898000";"6,94739000"
"202300004501";"12";"07";"2023";"19:35";"1";"38";"38012";"2";"2";"1";"2";"D1516";"45,58743100";"5,60694900"
"202300004502";"6";"06";"2023";"19:20";"1";"72";"72181";"2";"1";"1";"5";"MITTERAND FRANCOIS (AV)";"48,00351000";"0,19946000"
"202300004503";"24";"03";"2023";"19:00";"2";"06";"06027";"2";"1";"1";"6";"NICE AVENUE DE (RN7)";"43,65590000";"7,15300000"
"202300004504";"7";"11";"2023";"15:25";"1";"05";"05011";"1";"1";"1";"6";"D942";"44,53913545";"6,19262714"
"202300004505";"14";"07";"2023";"06:30";"1";"02";"02564";"1";"1";"1";"6";"N/A";"49,33964000";"3,32405100"