"Num_Acc";"jour";"mois";"an";"hrmn";"lum";"dep";"com";"agg";"int";"atm";"col";"adr";"lat";"long"
"202300004703";"7";"06";"2023";"17:40";"1";"44";"44109";"2";"3";"8";"3";"1 Rue Georges Clemenceau";"47,22000707";" -1,54500460"
"202300004704";"7";"06";"2023";"07:35";"1";"75";"75116";"2";"1";"1";"2";"CHAUSSEE LA MUETTE";"48,85825900";"2,27231100"
"202300004705";"23";"03";"2023";"13:55";"1";"44";"44162";"2";"6";"8";"3";"68 Boulevard du Massacre";"47,23353000";" -1,59016000"
"202300004706";"6";"06";"2023";"23:40";"4";"44";"44109";"2";"6";"1";"3";"Place Alexis Ricordeau";"47,21236199";" -1,55446026"
"202300004707";"23";"09";"2023";"10:30";"1";"74";"74256";"2";"3";"1";"6";"Route de megève";"45,93536000";"6,62966400"
"202300004708";"12";"07";"2023";"08:00";"1";"94";"94073";"1";"1";"1";"5";"A86";"48,76210053";"2,38167667"
"202300004709";"23";"03";"2023";"10:30";"1";"38";"38053";"2";"1";"1";"6";"ALPES";"45,58556790";"5,26932000"
"202300004710";"7";"06";"2023";"17:25";"1";"75";"75115";"2";"3";"1";"3";"AVENUE DE LA MOTTE PICQUET";"48,85023100";"2,29959200"
"202300004711";"7";"06";"2023";"19:20";"1";"44";"44109";"2";"6";"1";"3";"80 Rue Chanoine Poupard";"47,25057385";" -1,57033825"
"202300004712";"22";"09";"2023";"20:30";"3";"74";"74241";"1";"1";"3";"2";"Route de la Vallée du Giffre";"46,13463100";"6,45512800"
"202300004713";"18";"09";"2023";"07:30";"2";"74";"74018";"1";"1";"3";"6";"A40";"46,08786780";"6,36378497"
"202300004714";"7";"06";"2023";"08:50";"1";"75";"75112";"2";"3";"1";"6";"RUE DE REUILLY";"48,84658400";"2,38747100"
"202300004715";"12";"07";"2023";"21:30";"5";"988";"98818";"2";"2";"1";"3";"ROUTE DES DEUX VALLEES/RUE DU COMMANDANT ROUGY";" -22,26868000";"166,44802000"
"202300004716";"2";"06";"2023";"06:00";"1";"44";"44109";"2";"3";"1";"3";"7 Rue Stanislas Baudry";"47,22002778";" -1,54498285"
"202300004717";"23";"03";"2023";"10:00";"1";"37";"37261";"2";"6";"1";"3";"CHAUTEMPS (AVENUE CAMILLE)";"47,37463000";"0,71620000"
"202300004718";"17";"09";"2023";"17:00";"1";"74";"74001";"1";"1";"1";"6";"D22";"46,28802600";"6,69308800"
"202300004719";"2";"06";"2023";"11:30";"1";"44";"44162";"2";"6";"1";"1";"Place de la Révolution Française";"47,22849360";" -1,60536969"
"202300004720";"7";"06";"2023";"12:50";"1";"75";"75111";"2";"3";"1";"6";"BOULEVARD VOLTAIRE";"48,85213900";"2,38960400"
"202300004721";"14";"09";"2023";"12:00";"1";"74";"74154";"1";"1";"1";"1";"D24";"46,38724600";"6,67963400"
"202300004722";"12";"07";"2023";"09:25";"1";"976";"97611";"2";"3";"1";"3";"passamanty-Tanamalaza (rue )";" -12,80090000";"45,20689000"
"202300004723";"24";"03";"2023";"00:00";"5";"33";"33063";"2";"1";"1";"1";"Cours du Maréchal Gallieni";"44,82097000";" -0,59528000"
"202300004724";"7";"06";"2023";"13:30";"1";"75";"75110";"2";"1";"1";"6";"BOULEVARD DE LA VILLETTE";"48,87934700";"2,37011500"
"202300004725";"1";"06";"2023";"09:45";"1";"44";"44172";"1";"1";"8";"4";"N/A";"47,23905955";" -1,48528478"
"202300004726";"12";"07";"2023";"07:25";"1";"976";"97611";"2";"1";"1";"6";"kaweni-Kaweni nord ( Z I )";" -12,76231000";"45,22605000"
"202300004727";"31";"05";"2023";"15:45";"1";"44";"44162";"2";"6";"1";"6";"Boulevard Salvador Allende";"47,22130262";" -1,63097476"
"202300004728";"22";"03";"2023";"17:40";"1";"33";"33281";"2";"5";"1";"3";"Avenue de la Libération";"44,85256000";" -0,64505000"
"202300004729";"12";"07";"2023";"22:20";"3";"974";"97407";"1";"1";"1";"6";"ROUTE NATIONALE N° 1";" -20,95803000";"55,30910000"
"202300004730";"24";"09";"2023";"01:05";"5";"74";"74012";"2";"2";"1";"3";"VERDUN (AVENUE DE)";"46,19127000";"6,24227000"
"202300004731";"7";"06";"2023";"08:30";"1";"75";"75108";"2";"7";"1";"2";"PLACE DE LA CONCORDE";"48,86661100";"2,32196900"
"202300004732";"30";"05";"2023";"15:55";"1";"44";"44109";"2";"1";"8";"6";"Rue Anatole de Monzie";"47,20191273";" -1,54348569"
"202300004733";"11";"07";"2023";"20:25";"5";"974";"97407";"2";"1";"1";"7";"SIMON PERNIC (RUE) ";" -20,95002000";"55,30679000"
"202300004734";"30";"08";"2023";"17:40";"1";"74";"74145";"2";"1";"1";"1";"Route de paconinges";"46,21907000";"6,28889600"
"202300004735";"7";"06";"2023";"13:50";"1";"75";"75101";"2";"3";"1";"3";"RUE DE L AMIRAL DE COLIGNY";"48,86039400";"2,34056000"
"202300004736";"30";"05";"2023";"07:25";"1";"44";"44162";"2";"1";"1";"3";"12 Boulevard du Tertre";"47,21883941";" -1,60383582"
"202300004737";"22";"03";"2023";"16:05";"1";"33";"33281";"2";"6";"2";"3";"Avenue Jacqueline Auriol";"44,84050000";" -0,68497000"
"202300004738";"12";"07";"2023";"10:15";"1";"973";"97302";"2";"1";"1";"3";"FLAMBOYANTS (RUE DES)";"4,92459625";" -52,31784537"
"202300004739";"19";"09";"2023";"09:00";"1";"74";"74179";"1";"1";"2";"1";"Route de Bellegarde";"45,99810200";"6,01000400"
"202300004740";"28";"05";"2023";"19:00";"1";"44";"44162";"1";"1";"1";"7";"N/A";"47,21184877";" -1,62705145"
"202300004741";"21";"09";"2023";"15:35";"1";"74";"74031";"2";"1";"1";"7";"Route du saleve";"46,09464700";"6,10905300"
"202300004742";"7";"06";"2023";"07:20";"1";"75";"75102";"2";"2";"1";"3";"BOULEVARD DE SEBASTOPOL";"48,86892300";"2,35402300"
"202300004743";"12";"07";"2023";"08:00";"1";"973";"97302";"2";"1";"1";"3";"BADUEL (ROUTE DE)";"4,92911000";" -52,29651000"
"202300004744";"27";"05";"2023";"13:20";"1";"44";"44109";"2";"1";"1";"7";"6 Rue Charles Brunellière";"47,20918659";" -1,56882013"
"202300004745";"12";"09";"2023";"13:45";"1";"74";"74048";"1";"1";"1";"6";"Route de thonon-les-bains";"46,27964700";"6,40455700"
"202300004746";"6";"06";"2023";"23:27";"5";"75";"75102";"2";"3";"1";"7";"AVENUE DE L OPERA";"48,86925000";"2,33290000"
"202300004747";"11";"07";"2023";"07:42";"1";"972";"97213";"1";"1";"3";"7";"DEPARTEMENTALE 28";"14,62810000";" -60,97219000"
"202300004748";"26";"05";"2023";"19:30";"1";"44";"44109";"2";"1";"8";"7";"173 Rue Paul Bellamy";"47,23033613";" -1,56334683"
"202300004749";"15";"09";"2023";"10:50";"1";"74";"74123";"2";"3";"1";"3";"Route d'albertville";"45,74714700";"6,29677500"
"202300004750";"23";"03";"2023";"13:25";"1";"29";"29019";"2";"6";"3";"3";"rue du Bot";"48,40569000";" -4,45730000"
"202300004751";"24";"05";"2023";"11:50";"1";"44";"44109";"2";"1";"8";"3";"221 Route de Sainte Luce";"47,24058586";" -1,51178611"
"202300004752";"12";"07";"2023";"14:25";"1";"972";"97213";"2";"1";"1";"2";"ROUTE NATIONALE 6";"14,62500000";" -60,97712000"
"202300004753";"6";"06";"2023";"07:50";"1";"75";"75103";"2";"3";"1";"3";"RUE SAINT GILLES";"48,85801300";"2,36546100"
"202300004754";"9";"09";"2023";"12:10";"1";"74";"74302";"2";"2";"7";"1";"820 Route du borgeal";"45,91325800";"6,37592200"
"202300004755";"24";"05";"2023";"07:50";"1";"44";"44109";"2";"1";"8";"6";"16 Boulevard Paul Chabas";"47,22215735";" -1,58742245"
"202300004756";"7";"06";"2023";"21:00";"2";"94";"94080";"2";"3";"1";"6";"D237";"48,84135415";"2,43054371"
"202300004757";"12";"07";"2023";"17:06";"1";"2B";"2B033";"2";"1";"1";"1";"ROUTE ROYALE";"42,68231000";"9,42275000"
"202300004758";"22";"03";"2023";"09:50";"1";"29";"29019";"2";"3";"1";"3";"rue du Valy-Hir";"48,38575885";" -4,52090434"
"202300004759";"29";"08";"2023";"19:08";"1";"74";"74229";"1";"8";"1";"3";"chemin des poules d'eau";"46,23314400";"6,30747700"
"202300004760";"21";"05";"2023";"18:50";"1";"44";"44109";"1";"1";"8";"2";"N/A";"47,19972925";" -1,61721193"
"202300004761";"7";"06";"2023";"19:10";"1";"94";"94074";"2";"1";"1";"3";"60 Rue du Colonel Fabien";"48,74237013";"2,47211105"
"202300004762";"14";"08";"2023";"03:00";"3";"74";"74197";"1";"1";"1";"6";"A40";"46,15311400";"6,29522500"
"202300004763";"12";"07";"2023";"15:55";"1";"971";"97101";"1";"2";"1";"3";"PERRIN (SECTEUR)";"16,30073296";" -61,51133537"
"202300004764";"18";"05";"2023";"18:00";"1";"44";"44109";"2";"1";"8";"1";"22 Côte Saint Sébastien";"47,19966222";" -1,53616624"
"202300004765";"7";"06";"2023";"16:10";"1";"94";"94074";"2";"1";"1";"2";"Avenue Henri Barbusse";"48,76232000";"2,44247000"
"202300004766";"25";"11";"2023";"09:10";"1";"974";"97416";"1";"1";"1";"3";"PARADIS (LIGNE) (1)";" -21,30154000";"55,45790000"
"202300004767";"12";"07";"2023";"09:05";"1";"2A";"2A004";"2";"1";"1";"6";"HERMINIER GARE MARITIME QUAI";"41,92214000";"8,73949000"
"202300004768";"23";"03";"2023";"10:05";"1";"24";"24037";"2";"6";"1";"3";"DE GAULLE (AVENUE DU GENERAL)";"44,84154842";"0,46492696"
"202300004769";"17";"05";"2023";"09:56";"1";"44";"44109";"2";"1";"8";"6";"Rue Esnoul des Châtelets";"47,19573039";" -1,54390980"
"202300004770";"6";"06";"2023";"22:27";"3";"94";"94074";"2";"1";"1";"1";"Avenue Henri Barbusse";"48,77018000";"2,44361000"
"202300004771";"25";"11";"2023";"14:45";"1";"974";"97411";"2";"9";"1";"5";"LATTRE DE TASSIGNY (AVENUE MARECHAL DE)";" -20,88934000";"55,47648000"
"202300004772";"17";"11";"2023";"07:55";"1";"14";"14645";"1";"1";"1";"6";"653 Route de Touques";"49,29694700";"0,02205800"
"202300004773";"7";"06";"2023";"13:30";"1";"94";"94068";"2";"2";"1";"3";"18 Rue Clément";"48,80126000";"2,47797000"
"202300004774";"19";"03";"2023";"19:30";"2";"16";"16015";"2";"2";"1";"1";"Rue de Montmoreau";"45,63628600";"0,15427200"
"202300004775";"18";"06";"2023";"03:45";"3";"91";"91692";"2";"1";"2";"1";"PROVENCE (AVENUE DE)";"48,67682600";"2,17635100"
"202300004776";"7";"12";"2023";"18:30";"3";"51";"51183";"1";"1";"2";"3";"D966";"49,31081300";"4,02350700"
"202300004777";"25";"11";"2023";"14:15";"1";"974";"97409";"2";"2";"1";"1";"DESCHANETS(RUE)";" -20,95015000";"55,65132000"
"202300004778";"22";"12";"2023";"19:30";"5";"973";"97311";"2";"1";"1";"1";"Avenue Gaston Monnerville";"5,49306700";" -54,00934800"
"202300004779";"7";"06";"2023";"08:45";"1";"94";"94016";"2";"3";"1";"2";"rue Pierre Mauroy";"48,79177000";"2,32874000"
"202300004780";"12";"07";"2023";"07:50";"1";"91";"91201";"2";"2";"1";"3";"AV DU BOIS";"48,69442800";"2,41744000"
"202300004781";"25";"11";"2023";"07:30";"2";"69";"69387";"2";"3";"1";"2";"Avenue Leclerc";"45,74628000";"4,83242000"
"202300004782";"23";"03";"2023";"14:10";"1";"14";"14437";"1";"3";"1";"3";"D513";"49,18199000";" -0,32202000"
"202300004783";"25";"11";"2023";"20:40";"3";"972";"97209";"1";"1";"1";"7";"BEAUSEJOUR JAMBETTE (ROUTE DE )";"14,62000000";" -61,04000000"
"202300004784";"6";"06";"2023";"10:00";"1";"94";"94016";"2";"1";"1";"6";"Rue du Docteur Gosselin";"48,79825800";"2,32825700"
"202300004785";"16";"07";"2023";"15:30";"1";"14";"14570";"2";"1";"1";"6";"446 Rue de la Jouerie";"49,04758700";"0,32353900"
"202300004786";"11";"07";"2023";"16:30";"1";"91";"91691";"2";"1";"1";"6";"ROYALE(RUE)";"48,72211000";"2,50198000"
"202300004787";"9";"03";"2023";"16:15";"1";"13";"13077";"2";"3";"1";"1";"THOREZ MAURICE (avenue)";"43,41016000";"4,98256000"
"202300004788";"25";"11";"2023";"11:45";"1";"972";"97209";"2";"1";"1";"6";"MONTESQUIEU (RUE)";"14,61085000";" -61,07090000"
"202300004789";"28";"11";"2023";"09:15";"1";"13";"13115";"1";"1";"1";"7";"D22b";"43,68888400";"5,18074000"
"202300004790";"12";"07";"2023";"21:10";"2";"91";"91326";"2";"1";"1";"3";"N/A";"48,69088200";"2,37065200"
"202300004791";"7";"06";"2023";"18:30";"1";"94";"94034";"2";"3";"1";"3";"Avenue de la Liberté";"48,76344800";"2,31825800"
"202300004792";"25";"11";"2023";"15:58";"1";"971";"97101";"1";"1";"1";"7";"PAGES";"16,25440000";" -61,50098000"
"202300004793";"22";"11";"2023";"13:10";"1";"68";"68201";"1";"1";"7";"6";"Rue de la Clairière";"47,75238100";"7,00713200"
"202300004794";"21";"01";"2023";"10:30";"1";"13";"13039";"1";"1";"6";"7";"RN 568";"43,42685616";"4,97008550"
"202300004795";"24";"11";"2023";"11:20";"1";"971";"97101";"2";"1";"1";"6";"ROLAND GARROS - DUGAZON (RUELLE)";"16,25015171";" -61,51967168"
"202300004796";"6";"06";"2023";"11:20";"1";"94";"94028";"2";"1";"1";"2";"Avenue du Général de Gaulle";"48,78313000";"2,45252000"
"202300004797";"12";"07";"2023";"10:25";"1";"91";"91027";"2";"3";"1";"2";"RTE NATIONALE 7";"48,71603300";"2,37107800"
"202300004798";"17";"05";"2023";"08:15";"2";"44";"44109";"2";"1";"8";"6";"6 Quai Ceineray";"47,22058790";" -1,55348762"
"202300004799";"23";"03";"2023";"16:20";"1";"13";"13210";"2";"1";"1";"6";"BENJAMIN DELESSERT (RUE)";"43,28340447";"5,40491955"
"202300004800";"7";"06";"2023";"21:00";"1";"94";"94077";"2";"1";"1";"7";"Cours de Verdun";"48,73520000";"2,40541000"
"202300004801";"10";"07";"2023";"16:45";"1";"85";"85194";"2";"9";"1";"2";"RD 949";"46,51388300";" -1,79022071"
"202300004802";"22";"03";"2023";"10:23";"1";"10";"10343";"2";"1";"1";"6";"GAMBETTA (RUE)";"48,27370000";"4,09640000"
"202300004803";"25";"11";"2023";"15:15";"1";"971";"97105";"2";"1";"1";"1";"CHARLES DE GAULLE (BD DU GENERAL)";"15,99802000";" -61,73375000"
"202300004804";"15";"05";"2023";"09:10";"1";"44";"44109";"2";"3";"8";"3";"Boulevard Gustave Roch";"47,20220013";" -1,55387719"
"202300004805";"7";"06";"2023";"20:00";"1";"94";"94017";"2";"1";"1";"2";"Avenue du Général de Gaulle";"48,82393479";"2,49713016"
"202300004806";"12";"05";"2023";"14:36";"1";"44";"44109";"2";"1";"8";"6";"Avenue de l'Etrier";"47,24829582";" -1,55800160"
"202300004807";"12";"07";"2023";"09:30";"1";"78";"78650";"2";"1";"1";"2";"CARNOT (BOULEVARD)";"48,89780000";"2,11264000"
"202300004808";"23";"03";"2023";"15:45";"1";"07";"07019";"1";"1";"8";"2";"LEONCE VERNY (AVENUE)";"44,62062000";"4,39409000"
"202300004809";"25";"11";"2023";"18:30";"5";"91";"91097";"2";"3";"1";"6";"RUE MARCEL PAGNOL";"48,67804000";"2,52900000"
"202300004810";"7";"06";"2023";"19:20";"1";"94";"94002";"2";"1";"1";"6";"Rue de Geneve";"48,78641000";"2,43241000"
"202300004811";"12";"05";"2023";"12:25";"1";"44";"44109";"2";"1";"1";"6";"46 Route de Vannes";"47,23415005";" -1,57998476"
"202300004812";"22";"03";"2023";"15:15";"1";"04";"04070";"2";"1";"1";"6";"verdun ( avenue de )";"44,08955000";"6,22761000"
"202300004813";"7";"06";"2023";"07:35";"1";"93";"93073";"2";"1";"1";"2";"Aeroport Charles de Gaulle";"49,00671000";"2,55550000"
"202300004814";"10";"05";"2023";"07:51";"1";"44";"44109";"2";"6";"8";"6";"144 Boulevard de la Fraternité";"47,22215610";" -1,58537858"
"202300004815";"21";"03";"2023";"15:00";"1";"03";"03095";"2";"1";"1";"6";"Rue des Charmilles";"46,13717300";"3,43534800"
"202300004816";"25";"11";"2023";"16:30";"1";"91";"91589";"2";"2";"1";"3";"RUE ERNEST FONTAINE";"48,68288900";"2,36460900"
"202300004817";"11";"07";"2023";"08:42";"1";"77";"77288";"1";"6";"1";"2";"D606";"48,55288000";"2,64305000"
"202300004818";"7";"06";"2023";"19:15";"1";"93";"93072";"2";"3";"1";"6";"Avenue de Stalingrad / Rue Roger Salengro";"48,94946493";"2,38471378"
"202300004819";"10";"05";"2023";"07:16";"1";"44";"44109";"2";"3";"8";"3";"24 Boulevard de la Beaujoire";"47,25828924";" -1,51529574"
"202300004820";"23";"03";"2023";"13:40";"1";"03";"03185";"2";"1";"1";"3";"Rue Benoist d'Azy";"46,35506000";"2,60790000"
"202300004821";"15";"06";"2023";"19:00";"1";"77";"77296";"1";"2";"1";"2";"D402";"48,62082900";"2,58170700"
"202300004822";"7";"06";"2023";"13:00";"1";"93";"93066";"2";"1";"1";"3";"Avenue du Président Wilson";"48,91480112";"2,35812298"
"202300004823";"10";"05";"2023";"08:45";"1";"44";"44109";"1";"1";"8";"2";"Pont de Cheviré";"47,19242497";" -1,61363382"
"202300004824";"24";"03";"2023";"16:30";"1";"86";"86224";"1";"1";"1";"6";"La Grande Eau";"46,91972500";"0,41292600"
"202300004825";"3";"05";"2023";"07:45";"1";"44";"44109";"2";"1";"8";"6";"Rue Paul Bellamy";"47,23297211";" -1,56557194"
"202300004826";"7";"06";"2023";"11:30";"1";"93";"93066";"2";"1";"1";"6";"Avenue Lénine";"48,94272202";"2,36417940"
"202300004827";"12";"07";"2023";"09:50";"1";"77";"77243";"2";"3";"1";"3";"IMPRIMERIE (RUE DE  L' )";"48,88123000";"2,71437000"
"202300004828";"25";"03";"2023";"00:30";"3";"51";"51085";"1";"1";"1";"6";"D42";"48,97174500";"3,65426300"
"202300004829";"3";"05";"2023";"14:00";"1";"44";"44109";"2";"1";"8";"3";"30 Rue Jean Poulain";"47,25183949";" -1,56496406"
"202300004830";"12";"07";"2023";"17:50";"1";"76";"76322";"2";"1";"1";"3";"Rue Edwin Aldrin";"49,41311762";"1,04867908"
"202300004831";"24";"04";"2023";"14:50";"1";"44";"44172";"1";"1";"8";"4";"Pont de Bellevue";"47,23235166";" -1,47305058"
"202300004832";"7";"06";"2023";"00:14";"3";"93";"93064";"2";"1";"1";"3";"Rue Jules Ferry";"48,87531000";"2,47789000"
"202300004833";"12";"07";"2023";"18:50";"1";"76";"76540";"2";"1";"1";"2";"Boulevard Ferdinand de Lesseps";"49,44502000";"1,06535000"
"202300004834";"25";"03";"2023";"16:12";"1";"06";"06109";"1";"1";"1";"1";"M6202";"43,84123600";"7,19544900"
"202300004835";"21";"11";"2023";"17:00";"2";"60";"60338";"1";"3";"9";"6";"D932a";"49,34468000";"2,77411200"
"202300004836";"7";"06";"2023";"23:20";"5";"93";"93049";"2";"3";"1";"3";"Avenue du Président Roosevelt / Rue de Verdun";"48,85373090";"2,50846772"
"202300004837";"24";"03";"2023";"20:30";"3";"34";"34032";"1";"1";"1";"2";"A75";"43,37111600";"3,28574900"
"202300004838";"12";"07";"2023";"11:00";"1";"76";"76498";"2";"6";"1";"3";"Place des bruyères";"49,41220000";"1,07170000"
"202300004839";"30";"11";"2023";"18:25";"3";"60";"60206";"1";"1";"2";"3";"D15";"49,51587500";"2,81697900"
"202300004840";"25";"03";"2023";"18:00";"1";"30";"30315";"1";"1";"1";"7";"Route Nationale 100";"43,95074500";"4,71035100"
"202300004841";"24";"04";"2023";"10:30";"1";"44";"44109";"2";"1";"8";"6";"36 Boulevard de la Beaugeoire";"47,25866068";" -1,51904396"
"202300004842";"7";"06";"2023";"08:50";"1";"93";"93013";"2";"3";"1";"3";"Rue Anizan Cavillon / Rue des Jardins";"48,93421000";"2,41846000"
"202300004843";"11";"07";"2023";"16:25";"1";"76";"76351";"2";"2";"1";"3";"GRAVILLE (BD DE)";"49,49623400";"0,14676900"
"202300004844";"20";"04";"2023";"14:52";"1";"44";"44215";"1";"1";"8";"2";"N/A";"47,17456036";" -1,51233864"
"202300004845";"23";"03";"2023";"10:47";"1";"67";"67234";"2";"4";"2";"1";"1 Rue de la Libération";"48,96867800";"7,04279400"
"202300004846";"8";"07";"2023";"20:45";"1";"76";"76351";"2";"2";"1";"3";"PIERRE LOTI";"49,50578000";"0,14843000"
"202300004847";"8";"04";"2023";"23:30";"3";"44";"44114";"1";"1";"8";"7";"N/A";"47,26497453";" -1,59078889"
"202300004848";"5";"06";"2023";"20:10";"1";"93";"93010";"2";"1";"1";"3";"Avenue Galliéni";"48,90690569";"2,48746159"
"202300004849";"28";"10";"2023";"09:35";"1";"62";"62826";"2";"6";"2";"7";"Avenue François Godin";"50,51085394";"1,58862662"
"202300004850";"7";"06";"2023";"16:00";"2";"93";"93007";"2";"1";"1";"6";"87 Avenue de la Division Leclerc";"48,94600212";"2,46050298"
"202300004851";"24";"03";"2023";"23:30";"3";"76";"76151";"1";"1";"6";"2";"Route Departementale 20";"49,84405100";"0,72729700"
"202300004852";"11";"07";"2023";"17:00";"1";"72";"72181";"2";"9";"1";"6";"PATTON GENERAL RTE ST-AUBIN A AV RUBILLA";"48,03018079";"0,17912507"
"202300004853";"11";"12";"2023";"07:50";"4";"74";"74256";"2";"1";"3";"6";"1051 Avenue de geneve";"45,94578000";"6,62988200"
"202300004854";"12";"07";"2023";"14:00";"1";"69";"69286";"2";"1";"1";"6";"Avenue de l'Europe";"45,81724000";"4,90061000"
"202300004855";"7";"06";"2023";"21:40";"2";"93";"93001";"2";"1";"1";"6";"Rue Lopez et Jules Martin";"48,91461878";"2,39931000"
"202300004856";"28";"11";"2023";"19:00";"5";"74";"74263";"2";"1";"1";"6";"100 Avenue de bonnatrait";"46,33473600";"6,39400000"
"202300004857";"25";"03";"2023";"12:20";"1";"80";"80621";"1";"1";"6";"7";"D45";"49,83099900";"2,84647000"
"202300004858";"7";"06";"2023";"15:40";"1";"92";"92063";"2";"1";"1";"5";"BONAPARTE (AVENUE NAPOLEON) SUD";"48,87272386";"2,16322874"
"202300004859";"28";"11";"2023";"09:55";"1";"74";"74210";"1";"1";"1";"1";"Route de la gare";"46,30234700";"6,42842400"
"202300004860";"24";"03";"2023";"17:55";"1";"63";"63040";"2";"2";"1";"3";"Avenue Victor Cohalion / rue Clair matin";"45,72333600";"3,35127000"
"202300004861";"12";"07";"2023";"21:40";"2";"69";"69259";"2";"3";"1";"3";"2 Boulevard Ambroise Croizat";"45,70660000";"4,88742000"
"202300004862";"7";"06";"2023";"09:15";"1";"92";"92051";"2";"1";"1";"3";"COMMANDANT CHARCOT (BOULEVARD DU)";"48,87925000";"2,25779000"
"202300004863";"18";"02";"2023";"18:30";"1";"44";"44109";"2";"1";"8";"4";"7 Rue de la Rosière d'Artois";"47,21204421";" -1,56708955"
"202300004864";"12";"07";"2023";"08:53";"1";"67";"67482";"2";"1";"1";"6";"BREITLACH (RUE DE LA)";"48,53100000";"7,77300000"
"202300004865";"25";"03";"2023";"14:50";"1";"12";"12208";"1";"1";"1";"3";"D999";"43,95585400";"2,85966900"
"202300004866";"16";"12";"2023";"18:18";"5";"10";"10387";"2";"1";"5";"3";"PIERRE BROSSOLETTE (RUE)";"48,28800000";"4,07700000"
"202300004867";"7";"06";"2023";"17:35";"1";"92";"92050";"2";"1";"1";"3";"JOFFRE MARECHAL AVENUE DU";"48,88527111";"2,19557208"
"202300004868";"9";"07";"2023";"10:06";"1";"66";"66136";"2";"1";"1";"6";"SAINT-ASSISCLE (BOULEVARD DE)";"42,69769000";"2,87796000"
"202300004869";"25";"03";"2023";"06:58";"2";"12";"12120";"1";"1";"1";"6";"Ruisseau du Mayroux (Buse)";"44,38533200";"2,82615800"
"202300004870";"6";"06";"2023";"15:30";"1";"92";"92040";"2";"1";"1";"1";"DOCTEUR ZAMENHOFF (DU)";"48,81502550";"2,26783589"
"202300004871";"8";"07";"2023";"17:00";"1";"66";"66136";"2";"3";"1";"3";"N/A";"42,73075000";"2,90831000"
"202300004872";"24";"03";"2023";"23:00";"3";"41";"41059";"1";"1";"2";"6";"route départementale 7";"47,43998900";"1,37408500"
"202300004873";"7";"06";"2023";"09:08";"1";"92";"92035";"2";"1";"1";"1";"Joffre ( avenue )";"48,90475000";"2,24470000"
"202300004874";"8";"07";"2023";"11:15";"1";"66";"66136";"1";"1";"1";"2";"N/A";"42,67910000";"2,87286000"
"202300004875";"25";"03";"2023";"07:40";"1";"02";"02286";"1";"1";"1";"1";"N/A";"49,96973800";"3,76239900"
"202300004876";"3";"10";"2023";"11:50";"1";"44";"44055";"1";"1";"1";"4";"N/A";"47,29926000";" -2,36138000"
"202300004877";"6";"06";"2023";"12:50";"1";"92";"92024";"2";"3";"1";"6";"OLAF PALME (RUE)";"48,90707800";"2,31773500"
"202300004878";"12";"07";"2023";"10:28";"1";"65";"65433";"2";"3";"1";"1";"BARBUSSE (AVENUE HENRI)";"43,21925600";"0,09574700"
"202300004879";"10";"10";"2023";"19:30";"5";"13";"13208";"2";"1";"1";"6";"MENDES FRANCE (AVENUE)";"43,25350000";"5,37590000"
"202300004880";"24";"03";"2023";"15:20";"1";"03";"03019";"1";"1";"1";"7";"RD236";"46,60897700";"3,69148000"
"202300004881";"12";"07";"2023";"11:44";"1";"64";"64335";"2";"1";"2";"6";"FLANDRES DUNKERQUE";"43,32093000";" -0,43524000"
"202300004882";"7";"06";"2023";"00:10";"5";"92";"92012";"2";"1";"1";"2";"PONT DE SEVRES (ROND POINT DU)";"48,82920843";"2,22886473"
"202300004883";"10";"10";"2023";"07:00";"2";"13";"13212";"2";"1";"1";"3";"CAILLOLS (AVENUE DES)";"43,30500000";"5,42600000"
"202300004884";"25";"03";"2023";"11:50";"1";"70";"70198";"1";"3";"1";"3";"D70";"47,54711800";"5,66933200"
"202300004885";"7";"06";"2023";"18:00";"1";"92";"92004";"2";"1";"1";"1";"ROBERT DUPONT";"48,92026000";"2,28190000"
"202300004886";"12";"07";"2023";"09:30";"1";"62";"62193";"2";"2";"1";"3";"Rue Voltaire";"50,95499000";"1,87173000"
"202300004887";"17";"07";"2023";"21:30";"5";"13";"13208";"2";"1";"1";"6";"pointe rouge (ave)";"43,24767000";"5,37444000"
"202300004888";"2";"07";"2023";"20:25";"1";"61";"61006";"2";"1";"1";"6";"D238A";"48,73928000";" -0,02334000"
"202300004889";"25";"03";"2023";"14:15";"1";"72";"72382";"1";"2";"1";"3";"chemin de la sapiniere";"47,92739300";"0,46639900"
"202300004890";"7";"06";"2023";"17:15";"1";"76";"76281";"1";"2";"1";"3";"D484";"49,52480400";"0,58180300"
"202300004891";"12";"07";"2023";"08:10";"1";"59";"59350";"2";"1";"1";"2";"FAUBOURG D'ARRAS RUE";"50,61529800";"3,06264900"
"202300004892";"25";"03";"2023";"16:50";"1";"50";"50076";"1";"1";"1";"6";"Le Moulin Saint Martin";"48,89578100";" -1,53172400"
"202300004893";"5";"12";"2023";"19:50";"3";"41";"41148";"1";"2";"9";"4";"route départemenatle 951";"47,64743600";"1,43841500"
"202300004894";"7";"06";"2023";"10:10";"1";"84";"84142";"1";"6";"1";"2";"Route d'Avignon (Pont)";"43,96855800";"4,98047600"
"202300004895";"9";"07";"2023";"02:55";"5";"57";"57019";"2";"1";"1";"6";"SOURCE (RUE DE LA)";"49,24021000";"6,13462000"