"Num_Acc";"jour";"mois";"an";"hrmn";"lum";"dep";"com";"agg";"int";"atm";"col";"adr";"lat";"long"
"202300005676";"22";"10";"2023";"15:25";"1";"93";"93032";"2";"3";"8";"6";"19 Rue du 19 Mars 1962 / Avenue des Dahlias";"48,89500000";"2,54295000"
"202300005677";"23";"10";"2023";"08:38";"1";"93";"93047";"2";"5";"1";"6";"Rue du Génèral Leclerc / Place Jean Mermoz";"48,90141400";"2,57041400"
"202300005678";"23";"10";"2023";"13:45";"1";"93";"93008";"2";"8";"2";"3";"STALINGRAD (IMPASSE DE)";"48,91365300";"2,43257500"
"202300005679";"23";"10";"2023";"15:50";"1";"93";"93005";"2";"3";"8";"3";"Boulevard de Gourgues / Avenue du Clocher";"48,93109500";"2,50149800"
"202300005680";"23";"10";"2023";"01:00";"5";"93";"93001";"2";"9";"1";"1";"REPUBLIQUE (AVE DE LA ) 43/106 =>";"48,90789000";"2,38765000"
"202300005681";"23";"10";"2023";"08:00";"2";"92";"92046";"2";"1";"1";"3";"PIERRE BROSSOLETTE (AVENUE)";"48,81477488";"2,30381727"
"202300005682";"23";"10";"2023";"16:45";"1";"92";"92051";"2";"1";"2";"3";"CHARLES DE GAULLE (AVENUE,N°118 A 192 +";"48,88447154";"2,26213628"
"202300005683";"23";"10";"2023";"14:54";"1";"92";"92044";"2";"4";"3";"3";"VIC. HUGO(RUE)115A149 ET 148A178";"48,89926600";"2,29345898"
"202300005684";"23";"10";"2023";"17:50";"1";"92";"92019";"2";"2";"2";"3";"DIVISION LECLERC (AVENUE DE LA)";"48,76387149";"2,27182674"
"202300005685";"23";"10";"2023";"20:00";"5";"92";"92012";"2";"1";"2";"3";"ANATOLE FRANCE (BOULEVARD) 1/4BIS";"48,85106420";"2,23443210"
"202300005686";"23";"10";"2023";"09:40";"1";"92";"92012";"2";"2";"1";"3";"JEAN JAURES (BOULEVARD) 217/FIN - 210/FI";"48,82786888";"2,24671501"
"202300005687";"23";"10";"2023";"10:50";"1";"92";"92007";"2";"3";"2";"6";"ADELE (RUE)";"48,79815739";"2,30349129"
"202300005688";"20";"10";"2023";"19:40";"2";"92";"92004";"2";"1";"3";"6";"PARFUMERIE ( RUE DE LA )";"48,91217979";"2,30037224"
"202300005689";"11";"10";"2023";"19:00";"2";"13";"13078";"2";"1";"1";"6";"71 Avenue de la République";"43,39068800";"4,81074200"
"202300005690";"23";"10";"2023";"18:10";"1";"42";"42307";"1";"1";"1";"7";"Route de Givors";"45,54486900";"4,66599200"
"202300005691";"11";"10";"2023";"09:40";"1";"68";"68343";"2";"2";"1";"3";"Rue d'ensisheim";"47,87692200";"7,31409400"
"202300005692";"24";"10";"2023";"07:59";"2";"48";"48099";"1";"1";"1";"2";"A75";"44,52445400";"3,24118100"
"202300005693";"23";"10";"2023";"18:05";"1";"34";"34114";"1";"1";"8";"6";"autoroute A750";"43,62548300";"3,61403000"
"202300005694";"14";"10";"2023";"18:55";"1";"62";"62232";"1";"1";"1";"6";"Rue de la Gare";"50,43728136";"2,48803317"
"202300005695";"24";"10";"2023";"21:40";"3";"77";"77236";"1";"1";"1";"2";"D2411";"48,41294500";"3,26189900"
"202300005696";"24";"10";"2023";"15:45";"1";"76";"76168";"1";"1";"1";"2";"D100 - route de la voie romaine";"49,77066700";"1,14759400"
"202300005697";"20";"10";"2023";"15:30";"1";"79";"79025";"1";"1";"3";"7";"N/A";"46,60967900";" -0,33574000"
"202300005698";"22";"10";"2023";"16:10";"1";"2A";"2A326";"1";"1";"1";"6";"Route départementale 3";"41,97151200";"8,96359900"
"202300005699";"9";"10";"2023";"15:20";"1";"82";"82042";"1";"1";"1";"1";"Lieu Dit Saint Quintin";"44,21004900";"1,18431300"
"202300005700";"24";"10";"2023";"05:45";"3";"71";"71061";"1";"4";"2";"3";"D975";"46,56232800";"5,01514600"
"202300005701";"13";"10";"2023";"09:42";"1";"71";"71116";"1";"3";"7";"3";"D987";"46,28029200";"4,37052000"
"202300005702";"24";"10";"2023";"07:55";"1";"71";"71038";"1";"1";"2";"1";"d980";"46,76188400";"4,35783900"
"202300005703";"7";"10";"2023";"21:50";"4";"89";"89200";"1";"6";"1";"1";"intersection D91 -D84";"47,92860100";"3,60554300"
"202300005704";"23";"10";"2023";"19:55";"3";"61";"61070";"1";"1";"1";"7";"D300";"48,80621000";" -0,59301000"
"202300005705";"23";"10";"2023";"15:02";"1";"46";"46225";"1";"9";"1";"1";"Route de Niaudon";"44,52516569";"1,20347500"
"202300005706";"24";"10";"2023";"15:12";"1";"68";"68068";"2";"9";"2";"3";"Rue de Belfort";"47,63126100";"7,11017100"
"202300005707";"23";"10";"2023";"00:30";"3";"29";"29150";"1";"1";"1";"6";"Menhir";"47,80281857";" -3,61903678"
"202300005708";"23";"10";"2023";"19:35";"2";"50";"50435";"1";"1";"1";"7";"RD 50, le haut bonnet";"49,51752600";" -1,59409000"
"202300005709";"20";"10";"2023";"19:00";"2";"60";"60471";"2";"1";"1";"6";"Boulevard Carnot";"49,57776700";"3,00328000"
"202300005710";"24";"10";"2023";"17:10";"1";"60";"60043";"2";"1";"1";"6";"D40";"49,49523900";"2,97100800"
"202300005711";"23";"10";"2023";"17:30";"1";"45";"45255";"1";"1";"2";"1";"4 Rue de Montargis";"48,10729100";"2,69144700"
"202300005712";"22";"10";"2023";"09:45";"1";"43";"43199";"1";"1";"7";"2";"Route de Freycenet";"45,07800600";"4,21434000"
"202300005713";"16";"10";"2023";"17:05";"1";"10";"10323";"2";"9";"1";"6";"Avenue du Château";"48,52054800";"3,72765900"
"202300005714";"9";"09";"2023";"12:40";"1";"53";"53245";"1";"1";"1";"2";"le bas fousseau";"48,28120100";" -1,07871500"
"202300005715";"23";"10";"2023";"14:30";"1";"24";"24370";"1";"6";"2";"6";"d936";"44,84611000";"0,14317600"
"202300005716";"24";"10";"2023";"05:40";"5";"76";"76489";"1";"1";"1";"2";"RN 1029, PK 004.800, Viaduc du grand canal";"49,45551600";"0,27195500"
"202300005717";"24";"10";"2023";"00:20";"3";"31";"31399";"1";"1";"1";"4";"A64";"43,36262200";"1,27191400"
"202300005718";"14";"10";"2023";"19:30";"3";"73";"73183";"1";"1";"2";"6";"A43";"45,51682829";"5,99033500"
"202300005719";"21";"10";"2023";"19:20";"3";"33";"33351";"1";"1";"3";"6";"A10";"45,19825900";" -0,49531800"
"202300005720";"24";"10";"2023";"10:35";"1";"06";"06155";"1";"1";"2";"6";"A8 PK 170.200 Nord";"43,60177600";"7,05848000"
"202300005721";"24";"10";"2023";"01:00";"3";"13";"13068";"2";"1";"1";"7";"Route des arcades";"43,71344100";"4,77707900"
"202300005722";"14";"10";"2023";"07:00";"3";"38";"38530";"1";"1";"3";"2";"A43, PK 026.000";"45,62520300";"5,17567600"
"202300005723";"23";"10";"2023";"11:00";"1";"77";"77339";"1";"1";"2";"3";"A6 PK 55+300 direction PARIS";"48,38013200";"2,56071800"
"202300005724";"22";"10";"2023";"06:00";"1";"986";"98613";"2";"1";"1";"1";"Mata'Utu";" -13,27774900";" -176,17212300"
"202300005725";"24";"10";"2023";"10:00";"1";"44";"44020";"2";"1";"1";"1";"Rue des Pontreaux";"47,17788100";" -1,60112300"
"202300005726";"23";"10";"2023";"09:00";"1";"34";"34026";"1";"1";"3";"6";"D910";"43,30566200";"2,76724000"
"202300005727";"23";"10";"2023";"15:52";"1";"21";"21038";"2";"2";"2";"3";"Rue du Colonel Redoutey";"47,19212900";"5,39057000"
"202300005728";"23";"10";"2023";"11:00";"1";"63";"63383";"1";"1";"2";"6";"D978";"45,53602240";"2,97722906"
"202300005729";"24";"10";"2023";"18:06";"1";"38";"38537";"2";"1";"1";"3";"Avenue de la Gare";"45,62797400";"5,15093300"
"202300005730";"24";"10";"2023";"05:34";"3";"19";"19146";"1";"1";"3";"2";"Route départementale 1120";"45,33308251";"1,76110258"
"202300005731";"11";"10";"2023";"09:05";"1";"33";"33449";"2";"1";"1";"3";"Avenue Paul Berniard";"44,88340805";" -0,70792347"
"202300005732";"23";"10";"2023";"18:30";"2";"44";"44026";"1";"3";"2";"3";"N/A";"47,28444000";" -1,50788400"
"202300005733";"24";"10";"2023";"11:30";"1";"22";"22035";"1";"1";"1";"5";"D794";"48,43831200";" -1,95363500"
"202300005734";"23";"10";"2023";"12:30";"1";"27";"27016";"2";"1";"1";"6";"30 avenue de la république";"49,24503800";"1,41015500"
"202300005735";"24";"10";"2023";"19:35";"3";"80";"80561";"1";"1";"1";"1";"D935";"49,65578000";"2,56942700"
"202300005736";"22";"10";"2023";"20:30";"3";"13";"13005";"1";"1";"1";"2";"A52-Sens Pont de l'Etoile vers Toulon";"43,29390000";"5,58792000"
"202300005737";"21";"10";"2023";"17:05";"1";"62";"62193";"1";"1";"2";"7";"A16";"50,93872000";"1,83788000"
"202300005738";"22";"10";"2023";"11:35";"1";"59";"59560";"1";"1";"1";"5";"AUTOROUTE A1";"50,53793000";"3,05096000"
"202300005739";"23";"10";"2023";"19:30";"3";"92";"92002";"1";"1";"2";"4";"RN 385";"48,76012157";"2,28083073"
"202300005740";"23";"10";"2023";"09:20";"1";"91";"91377";"1";"1";"1";"2";"RN20";"48,72250000";"2,29919000"
"202300005741";"23";"10";"2023";"08:24";"1";"78";"78117";"1";"1";"1";"3";"RN12";"48,78758500";"2,14542400"
"202300005742";"21";"10";"2023";"21:00";"3";"78";"78640";"1";"1";"2";"4";"A86 EXT";"48,77775300";"2,21756700"
"202300005743";"23";"10";"2023";"18:25";"3";"93";"93064";"1";"1";"2";"6";"AUTOROUTE A103";"48,88676000";"2,47699000"
"202300005744";"23";"10";"2023";"16:30";"1";"95";"95582";"1";"1";"3";"6";"A115";"48,97789000";"2,24081000"
"202300005745";"23";"10";"2023";"01:15";"3";"95";"95252";"1";"1";"1";"2";"A15";"48,97622779";"2,23643124"
"202300005746";"22";"10";"2023";"02:20";"3";"94";"94022";"1";"1";"8";"6";"A86";"48,77610897";"2,41417148"
"202300005747";"21";"10";"2023";"21:50";"3";"94";"94073";"1";"1";"2";"4";"A86";"48,77000825";"2,38147652"
"202300005748";"21";"10";"2023";"02:15";"3";"94";"94073";"1";"1";"2";"4";"A86";"48,75424833";"2,38105273"
"202300005749";"2";"03";"2023";"18:00";"1";"14";"14712";"1";"1";"1";"2";"Rue de Rouen";"49,17936100";" -0,19676700"
"202300005750";"9";"07";"2023";"19:50";"1";"13";"13081";"2";"1";"1";"2";"D113";"43,48362100";"5,22386000"
"202300005751";"31";"07";"2023";"10:00";"1";"13";"13100";"2";"6";"1";"3";"Av du Gal Goislard de Monsabert";"43,79041800";"4,84715900"
"202300005752";"22";"10";"2023";"23:35";"5";"974";"97416";"2";"6";"1";"1";"RN2 (1)";" -21,32818000";"55,47059000"
"202300005753";"21";"10";"2023";"18:50";"5";"974";"97411";"1";"1";"1";"6";"VINH-SAN (BLD 1 DU PRINCE)";" -20,88808000";"55,44318000"
"202300005754";"22";"10";"2023";"17:10";"1";"974";"97407";"1";"1";"1";"3";"MARINE(BOULEVARD)";" -20,95113000";"55,28682000"
"202300005755";"21";"10";"2023";"19:15";"5";"974";"97407";"2";"2";"1";"3";"MASCAREIGNES(BOULEVARD)";" -20,94651000";"55,30432000"
"202300005756";"7";"10";"2023";"22:50";"5";"973";"97302";"2";"1";"1";"2";"BOUDINOT (AUGUSTE) CITE THEMIRE";"4,93416393";" -52,31922269"
"202300005757";"19";"10";"2023";"15:00";"1";"973";"97302";"2";"1";"1";"2";"CABASSOU (ROUTE DE)";"4,91990455";" -52,31946677"
"202300005758";"22";"10";"2023";"19:05";"5";"69";"69388";"2";"1";"1";"2";"Rue Général Gouraud";"45,73470000";"4,85280000"
"202300005759";"22";"10";"2023";"14:00";"1";"69";"69383";"2";"1";"1";"3";"Cours Lafayette";"45,76361197";"4,85649066"
"202300005760";"22";"10";"2023";"02:30";"5";"95";"95450";"2";"6";"2";"7";"DAGNAUDES (CHEMIN DES)";"49,01468000";"2,05773000"
"202300005761";"22";"10";"2023";"20:00";"5";"91";"91377";"2";"6";"1";"3";"RUE DE PARIS";"48,72453000";"2,26857000"
"202300005762";"20";"10";"2023";"07:30";"5";"89";"89387";"2";"1";"8";"6";"EMILE ZOLA (RUE)";"48,19777000";"3,27311000"
"202300005763";"22";"10";"2023";"05:19";"3";"82";"82033";"1";"1";"1";"6";"3 bis chemin de Taillefer";"44,07583000";"1,14152000"
"202300005764";"21";"10";"2023";"14:00";"1";"81";"81021";"1";"1";"1";"6";"CD 612";"43,51600000";"2,37200000"
"202300005765";"21";"10";"2023";"19:45";"5";"80";"80001";"2";"1";"3";"6";"AMIENS (d')";"50,10208000";"1,85509000"
"202300005766";"4";"10";"2023";"20:00";"1";"77";"77373";"2";"1";"1";"1";"AV CHARLES ROUXEL";"48,79143067";"2,60404940"
"202300005767";"21";"10";"2023";"22:00";"3";"77";"77458";"1";"1";"2";"1";"D207";"48,18048000";"2,72155000"
"202300005768";"22";"10";"2023";"19:20";"4";"76";"76599";"2";"6";"1";"1";"Route de Lyons";"49,43524000";"1,14633000"
"202300005769";"22";"10";"2023";"14:35";"1";"74";"74118";"1";"1";"1";"1";"18 AOUT (RUE DU)";"46,16642000";"6,19424000"
"202300005770";"21";"10";"2023";"17:15";"1";"69";"69115";"2";"1";"1";"3";"Avenue Edouard Herriot";"45,97866888";"4,72618551"
"202300005771";"10";"10";"2023";"10:30";"1";"68";"68376";"1";"1";"1";"3";"RD 430";"47,80900000";"7,30100000"
"202300005772";"22";"10";"2023";"09:30";"1";"64";"64335";"1";"6";"1";"3";"NOVELLA";"43,32302000";" -0,42073000"
"202300005773";"22";"10";"2023";"21:50";"5";"62";"62498";"2";"9";"8";"3";"D58E1";"50,42986264";"2,82247728"
"202300005774";"22";"10";"2023";"10:15";"1";"59";"59560";"2";"1";"8";"6";"LILLE ROUTE DE";"50,56454000";"3,04134000"
"202300005775";"23";"10";"2023";"02:21";"3";"54";"54382";"2";"1";"5";"6";"rue Jacques Prévert";"49,54213000";"5,80765000"
"202300005776";"22";"10";"2023";"11:10";"1";"51";"51454";"2";"1";"1";"6";"CERISAIE (RUE)";"49,23051000";"4,05699000"
"202300005777";"21";"10";"2023";"23:00";"3";"51";"51573";"2";"1";"2";"6";"SOISSONS (ROUTE DE)";"49,25317400";"3,97750600"
"202300005778";"22";"10";"2023";"11:35";"1";"49";"49328";"2";"6";"1";"3";"rond point du general arnold";"47,26290000";" -0,09041000"
"202300005779";"11";"10";"2023";"13:30";"1";"46";"46042";"2";"6";"1";"6";"PONT NEUF (OU PONT  DE CABESSUT)";"44,44874500";"1,44347500"
"202300005780";"22";"10";"2023";"22:20";"5";"43";"43089";"2";"1";"1";"6";"84 Avenue de la Bernarde";"45,04767000";"3,85468000"
"202300005781";"22";"10";"2023";"05:50";"5";"35";"35238";"2";"5";"1";"6";"LESAGE";"48,11724000";" -1,67760000"
"202300005782";"21";"10";"2023";"18:10";"2";"35";"35238";"2";"3";"8";"3";"MULLER (CHARLES)";"48,09892439";" -1,67130187"
"202300005783";"21";"10";"2023";"18:10";"1";"31";"31344";"1";"1";"1";"1";"POINTIS INARD (ROUTE DE)";"43,09700000";"0,76000000"
"202300005784";"21";"10";"2023";"15:00";"1";"27";"27681";"1";"1";"2";"7";"ROUTE DEPARTEMENTALE 313 Route de Magny";"49,09832000";"1,50855000"
"202300005785";"22";"10";"2023";"00:35";"3";"27";"27681";"1";"1";"2";"7";"RELIGIEUSES (CHEMIN)";"49,07316000";"1,46875000"
"202300005786";"21";"10";"2023";"01:00";"3";"22";"22113";"1";"1";"2";"6";"TREBEURDEN (ROUTE DE)";"48,74617000";" -3,47977000"
"202300005787";"22";"10";"2023";"14:50";"1";"13";"13071";"2";"1";"1";"3";"QUICK (CD6)";"43,41438000";"5,34877000"
"202300005788";"22";"10";"2023";"18:45";"2";"13";"13205";"2";"3";"1";"3";"SAKAKINI (BOULEVARD)";"43,29570000";"5,40060000"
"202300005789";"22";"10";"2023";"18:25";"2";"13";"13215";"2";"3";"1";"3";"LYON (RUE DE)";"43,33552000";"5,36332000"
"202300005790";"22";"10";"2023";"19:20";"2";"13";"13209";"2";"1";"1";"6";"SCHLOESING (BOULEVARD)";"43,27089000";"5,40228000"
"202300005791";"22";"10";"2023";"01:52";"5";"13";"13210";"2";"1";"1";"1";"CAPELETTE (AVENUE DE LA)";"43,28177000";"5,40434000"
"202300005792";"8";"02";"2023";"15:50";"1";"13";"13212";"2";"1";"1";"3";"SAINT JULIEN (AVENUE DE )";"43,30614807";"5,41991203"
"202300005793";"10";"02";"2023";"09:15";"1";"13";"13047";"1";"4";"1";"3";"D.5";"43,56042000";"4,96287000"
"202300005794";"10";"02";"2023";"15:30";"1";"11";"11069";"2";"1";"1";"2";"61 Avenue Georges Guille";"43,22972668";"2,36263990"
"202300005795";"9";"02";"2023";"09:00";"1";"10";"10191";"2";"6";"1";"3";"JEAN JAURES (RUE)";"48,32970000";"4,10000000"
"202300005796";"10";"02";"2023";"23:15";"5";"07";"07281";"2";"1";"1";"7";"Avenue du 8 Mai";"44,94654000";"4,85138000"
"202300005797";"8";"02";"2023";"22:15";"5";"974";"97416";"2";"6";"1";"1";"HUBERT DE LISLE(BOULEVARD)";" -21,34059000";"55,46115000"
"202300005798";"9";"02";"2023";"08:20";"1";"974";"97416";"1";"1";"7";"3";"RECHERCHANT(RUE ADRIEN)";" -21,28971000";"55,48610000"
"202300005799";"9";"02";"2023";"17:46";"2";"973";"97302";"2";"9";"8";"6";"MONTABO (ROUTE DE) 2";"4,94327000";" -52,30700000"
"202300005800";"9";"02";"2023";"08:00";"1";"973";"97302";"2";"3";"2";"3";"MONTABO (ROUTE DE) 1";"4,92978000";" -52,29035000"
"202300005801";"9";"02";"2023";"07:30";"1";"973";"97302";"2";"1";"1";"6";"BADUEL (ROUTE DE)";"4,93513000";" -52,31218000"
"202300005802";"9";"02";"2023";"09:03";"1";"69";"69383";"2";"1";"1";"6";"16 Rue Claudius Pionchon";"45,76099000";"4,87086000"
"202300005803";"9";"02";"2023";"15:35";"1";"972";"97209";"1";"1";"1";"6";"RN9";"14,60480000";" -61,04217000"
"202300005804";"7";"02";"2023";"07:10";"1";"972";"97209";"2";"1";"1";"7";"SAINTE CATHERINE (BOULEVARD)";"14,61606000";" -61,05878000"
"202300005805";"9";"02";"2023";"11:22";"1";"2A";"2A004";"2";"1";"8";"2";"NAPOLEON COURS AVANT BEVERINI";"41,92227000";"8,73746000"
"202300005806";"8";"02";"2023";"12:55";"1";"91";"91228";"2";"1";"1";"7";"RUE DE L ECOLE";"48,61997000";"2,43096000"
"202300005807";"8";"02";"2023";"19:24";"5";"91";"91228";"2";"6";"1";"6";"RUE DE MONTESPAN";"48,63624000";"2,43867000"
"202300005808";"8";"02";"2023";"17:22";"1";"87";"87050";"2";"2";"1";"3";"GARDE (RUE DE LA)";"45,88063000";"1,22626000"
"202300005809";"8";"02";"2023";"14:45";"1";"87";"87085";"2";"1";"1";"6";"BUXEROLLES (RUE DE)";"45,86414000";"1,26386000"
"202300005810";"9";"02";"2023";"13:45";"1";"82";"82121";"2";"6";"1";"3";"Avenue Henri Dunant";"44,00279000";"1,35980000"
"202300005811";"9";"02";"2023";"08:30";"1";"81";"81004";"2";"1";"1";"6";"TEILLET (RTE DE)";"43,92066000";"2,17089000"
"202300005812";"3";"02";"2023";"08:15";"5";"80";"80021";"2";"1";"2";"6";"JEAN MOULIN (RUE)";"49,87971000";"2,27542000"
"202300005813";"9";"02";"2023";"20:15";"5";"77";"77243";"2";"4";"1";"2";"D10";"48,87549000";"2,70167000"
"202300005814";"9";"02";"2023";"08:50";"2";"77";"77186";"1";"1";"1";"2";"D138";"48,44005000";"2,72646000"
"202300005815";"9";"02";"2023";"19:40";"5";"76";"76498";"2";"1";"1";"6";"Avenue Jean Jaurès";"49,42716000";"1,06461000"
"202300005816";"8";"02";"2023";"14:50";"1";"73";"73065";"1";"1";"1";"1";"N201 - VOIE RAPIDE URBAINE";"45,59343000";"5,89579000"
"202300005817";"8";"02";"2023";"16:55";"1";"73";"73011";"1";"1";"7";"6";"N90";"45,66298000";"6,38701000"
"202300005818";"9";"02";"2023";"19:05";"5";"72";"72181";"2";"1";"1";"6";"WILBUR WRIGHT (RUE)";"48,00900000";"0,19570000"
"202300005819";"8";"02";"2023";"16:00";"1";"69";"69266";"2";"3";"1";"6";"8 Rue Jules Kumer";"45,76733000";"4,89072000"
"202300005820";"8";"02";"2023";"16:10";"1";"69";"69256";"2";"3";"1";"3";"Avenue Eugénie Cotton";"45,77396000";"4,92296000"
"202300005821";"9";"02";"2023";"21:00";"4";"69";"69199";"1";"3";"1";"3";"Boulevard Pierre Sémard";"45,69453000";"4,84419000"
"202300005822";"9";"02";"2023";"13:20";"1";"67";"67482";"2";"1";"1";"2";"JESUITES (RUE DES)";"48,54031000";"7,76188000"
"202300005823";"8";"02";"2023";"09:00";"1";"63";"63113";"2";"1";"1";"1";"VIEILLARDS (RUE DES)";"45,77940000";"3,07910000"
"202300005824";"9";"02";"2023";"18:50";"5";"62";"62160";"2";"1";"1";"1";"Rue du Chemin Vert";"50,73752000";"1,61484700"
"202300005825";"8";"02";"2023";"09:15";"1";"60";"60175";"2";"1";"1";"3";"";"49,24522000";"2,48231000"
"202300005826";"8";"02";"2023";"15:38";"1";"57";"57012";"2";"1";"1";"6";"CLEMENCEAU (RUE)";"49,35835000";"6,04792000"
"202300005827";"8";"02";"2023";"18:48";"5";"54";"54304";"2";"2";"1";"3";"EUROPE (AVENUE DE L')";"48,68040300";"6,15352100"
"202300005828";"9";"02";"2023";"08:15";"1";"54";"54099";"2";"1";"1";"6";"SCHUMAN (RUE ROBERT)";"49,26049400";"5,93154300"
"202300005829";"9";"02";"2023";"10:25";"1";"51";"51454";"2";"2";"9";"6";"ROBESPIERRE (BOULEVARD)";"49,27073000";"4,02642000"
"202300005830";"7";"02";"2023";"12:10";"1";"49";"49099";"2";"2";"1";"6";"CALINS (AVENUE DES)";"47,05940000";" -0,87410000"
"202300005831";"9";"02";"2023";"09:26";"1";"49";"49007";"2";"1";"1";"7";"ROI RENE BOULEVARD";"47,46692000";" -0,55444000"
"202300005832";"8";"02";"2023";"22:45";"5";"49";"49007";"2";"2";"1";"1";"GASNIER AVENUE";"47,48756000";" -0,57355000"
"202300005833";"8";"02";"2023";"11:10";"1";"47";"47323";"2";"6";"1";"3";"AGEN (AVENUE D')";"44,39163843";"0,71045977"
"202300005834";"9";"02";"2023";"17:00";"1";"45";"45234";"2";"2";"1";"2";"Avenue Roger Secrétain";"47,87967000";"1,90848000"
"202300005835";"9";"02";"2023";"08:10";"1";"45";"45234";"2";"1";"1";"6";"2 Quai du Fort des Tourelles";"47,89482600";"1,90517700"
"202300005836";"9";"02";"2023";"01:10";"3";"45";"45232";"1";"9";"1";"6";"Avenue de Sologne";"47,86239000";"1,91245000"
"202300005837";"9";"02";"2023";"12:20";"1";"37";"37122";"2";"1";"1";"3";"RD 86 DE MONTS à TOURS";"47,32937000";"0,66403000"
"202300005838";"9";"02";"2023";"09:15";"1";"35";"35051";"2";"1";"1";"3";"FOUGERES (ROUTE DE)";"48,13616763";" -1,62371546"
"202300005839";"4";"02";"2023";"18:30";"5";"35";"35115";"2";"3";"1";"3";"RECOLLETS (RUE DES)";"48,35738000";" -1,19556000"
"202300005840";"5";"02";"2023";"01:10";"5";"35";"35150";"2";"2";"1";"2";"BUTTE (RUE DE LA)";"48,36167000";" -1,22392000"
"202300005841";"9";"02";"2023";"20:10";"5";"33";"33069";"2";"1";"1";"3";"Place Ravesies";"44,86578000";" -0,57621000"
"202300005842";"3";"05";"2023";"04:30";"3";"19";"19028";"2";"4";"1";"6";"Avenue du Cantal";"45,38047110";"2,48683446"
"202300005843";"9";"02";"2023";"08:00";"1";"33";"33281";"2";"1";"1";"1";"Avenue Pierre Mendès-France";"44,81841000";" -0,63449000"
"202300005844";"8";"02";"2023";"19:30";"5";"33";"33032";"2";"6";"1";"6";"Avenue de la Somme";"44,90599818";" -0,51717550"
"202300005845";"9";"02";"2023";"08:53";"1";"33";"33529";"2";"1";"1";"2";"AERODROME (AVE DE L')";"44,60443000";" -1,12634000"
"202300005846";"3";"05";"2023";"14:35";"1";"77";"77467";"1";"1";"1";"2";"D75";"48,39444600";"3,09269500"
"202300005847";"9";"02";"2023";"22:35";"5";"31";"31555";"2";"3";"1";"6";"47 Rue de Metz";"43,60046300";"1,45171900"
"202300005848";"4";"05";"2023";"15:45";"1";"76";"76075";"2";"1";"1";"2";"Route de Criquetot";"49,76921200";"1,05284200"
"202300005849";"8";"02";"2023";"13:39";"1";"31";"31069";"1";"1";"1";"1";"CORNEBARRIEU (ROUTE DE)";"43,64538000";"1,35478000"
"202300005850";"3";"05";"2023";"23:20";"3";"69";"69006";"1";"1";"1";"6";"Route de Ronno";"45,97380700";"4,35931900"
"202300005851";"8";"02";"2023";"18:05";"2";"29";"29232";"1";"1";"1";"2";"D100";"48,00100000";" -4,14553000"
"202300005852";"3";"05";"2023";"14:30";"1";"71";"71310";"2";"1";"1";"6";"Rue du Cimetière";"46,74706900";"4,46122700"
"202300005853";"9";"02";"2023";"14:10";"1";"28";"28134";"2";"1";"1";"3";"VIEUX PRE (PLACE DU)";"48,73164000";"1,36445000"
"202300005854";"9";"02";"2023";"08:10";"1";"28";"28134";"2";"1";"1";"6";"LIEVRE D'OR (RUE DU)";"48,72983000";"1,38308000"
"202300005855";"3";"05";"2023";"15:45";"1";"61";"61394";"1";"1";"7";"6";"D211";"48,28301000";"0,58043500"
"202300005856";"9";"02";"2023";"10:39";"1";"26";"26362";"2";"9";"1";"3";"GAUMONT RUE LEON";"44,92131000";"4,92711000"
"202300005857";"3";"05";"2023";"21:00";"3";"42";"42134";"1";"1";"1";"6";"Route de Germanieux";"45,66972500";"3,99614800"
"202300005858";"30";"01";"2023";"19:15";"3";"26";"26064";"1";"3";"1";"1";"Route de Montelier";"44,94024815";"4,95399714"
"202300005859";"3";"05";"2023";"17:30";"1";"34";"34216";"1";"9";"1";"7";"D22E5";"43,62774300";"3,09010900"
"202300005860";"7";"02";"2023";"12:30";"1";"25";"25539";"2";"9";"1";"1";"PALE (RUE DE LA)";"47,46268000";"6,85632000"
"202300005861";"3";"05";"2023";"10:20";"1";"22";"22219";"2";"1";"1";"6";"14 Rue d'Enfer";"48,28156100";" -2,69939100"
"202300005862";"9";"02";"2023";"08:00";"1";"17";"17415";"2";"1";"1";"3";"ORMEAU DE PIED RUE DE L'";"45,74318000";" -0,66639000"
"202300005863";"3";"05";"2023";"17:50";"1";"38";"38108";"1";"1";"1";"1";"route départementale 531";"45,06132100";"5,40648800"
"202300005864";"9";"02";"2023";"19:40";"5";"13";"13209";"2";"1";"1";"2";"CATHERINE BLUM (BOULEVARD)";"43,26347111";"5,41799371"
"202300005865";"3";"05";"2023";"01:20";"3";"14";"14371";"1";"1";"1";"6";"3906 Route de la Pierre Tournante";"49,02692800";"0,20061200"
"202300005866";"8";"02";"2023";"14:30";"1";"13";"13204";"2";"3";"1";"6";"CHARTREUX (AVENUE DES)";"43,30964000";"5,40065000"
"202300005867";"9";"02";"2023";"01:00";"5";"13";"13208";"2";"3";"1";"2";"MAZARGUES (AVENUE DE)";"43,25916347";"5,39416278"
"202300005868";"8";"02";"2023";"12:50";"1";"12";"12089";"1";"1";"1";"7";"ESTAQUES (LES)";"44,58571000";"2,24793000"
"202300005869";"3";"05";"2023";"19:45";"2";"60";"60579";"1";"9";"1";"3";"D85";"49,34914300";"2,84393500"
"202300005870";"9";"02";"2023";"08:25";"1";"09";"09122";"2";"1";"1";"4";"BARCELONE (AVENUE DE)";"42,96404800";"1,61166500"
"202300005871";"8";"02";"2023";"11:55";"1";"04";"04070";"2";"1";"1";"6";"SAINT CHRISTOPHE (AVENUE)";"44,07726000";"6,18844000"
"202300005872";"3";"05";"2023";"15:25";"1";"60";"60354";"1";"1";"1";"7";"chemin des Miselines";"49,68604000";"1,99397600"