"Num_Acc";"jour";"mois";"an";"hrmn";"lum";"dep";"com";"agg";"int";"atm";"col";"adr";"lat";"long"
"202300005873";"6";"02";"2023";"11:15";"1";"02";"02408";"2";"3";"1";"1";"183 Boulevard Pierre Brossolette";"49,56947000";"3,61282000"
"202300005874";"9";"02";"2023";"11:40";"1";"75";"75120";"2";"1";"1";"6";"square emmanuel fleury";"48,86990436";"2,41220713"
"202300005875";"4";"05";"2023";"12:00";"1";"36";"36009";"1";"1";"1";"7";"les baudets";"46,65612100";"1,72173300"
"202300005876";"9";"02";"2023";"00:44";"5";"75";"75111";"2";"2";"1";"1";"AVENUE PHILIPPE AUGUSTE";"48,85355741";"2,39269942"
"202300005877";"3";"05";"2023";"17:05";"1";"21";"21101";"1";"3";"1";"3";"D970";"47,40850100";"4,41536700"
"202300005878";"10";"02";"2023";"15:40";"1";"75";"75118";"2";"2";"8";"3";"RUE D AUBERVILLIERS";"48,89670713";"2,37060070"
"202300005879";"4";"05";"2023";"13:41";"1";"40";"40001";"2";"2";"1";"3";"RD02 PK52+16";"43,68959400";" -0,28015700"
"202300005880";"10";"02";"2023";"11:25";"1";"75";"75118";"2";"2";"1";"3";"BOULEVARD BARBES";"48,88656227";"2,34956011"
"202300005881";"4";"05";"2023";"10:50";"1";"04";"04076";"2";"1";"1";"2";"Avenue vauban - PK 50+210";"43,94928900";"6,80990300"
"202300005882";"9";"02";"2023";"21:20";"5";"75";"75117";"2";"2";"1";"3";"AVENUE DE LA PORTE D ASNIERES";"48,89227500";"2,30110800"
"202300005883";"3";"05";"2023";"08:33";"1";"17";"17253";"1";"1";"1";"7";"D911";"46,00451500";" -0,88223200"
"202300005884";"9";"02";"2023";"18:00";"5";"75";"75117";"2";"3";"1";"3";"AVENUE DES TERNES";"48,87973800";"2,28937700"
"202300005885";"4";"05";"2023";"09:00";"1";"30";"30294";"2";"1";"1";"6";"140 Route de Saint Privat";"44,13933700";"4,12750700"
"202300005886";"10";"02";"2023";"08:50";"1";"75";"75116";"2";"3";"1";"7";"RUE DE PASSY";"48,85794300";"2,28118600"
"202300005887";"10";"02";"2023";"10:15";"1";"75";"75116";"2";"2";"1";"5";"AVENUE FOCH";"48,87360000";"2,29281600"
"202300005888";"10";"02";"2023";"06:30";"3";"75";"75116";"2";"3";"1";"3";"ALLEE DE LA REINE MARGUERITE";"48,86346080";"2,24812299"
"202300005889";"10";"02";"2023";"06:35";"5";"75";"75116";"2";"7";"1";"2";"PLACE DE VARSOVIE";"48,86036576";"2,29122072"
"202300005890";"3";"05";"2023";"13:40";"1";"68";"68072";"1";"1";"1";"6";"A35";"47,70368300";"7,43986800"
"202300005891";"10";"02";"2023";"08:04";"1";"75";"75114";"2";"5";"1";"3";"AVENUE REILLE";"48,82649133";"2,34159261"
"202300005892";"3";"05";"2023";"08:45";"1";"76";"76391";"1";"1";"1";"2";"A13";"49,34065400";"0,93886400"
"202300005893";"10";"02";"2023";"21:45";"5";"75";"75112";"2";"2";"1";"3";"AVENUE DAUMESNIL";"48,84111422";"2,38895103"
"202300005894";"3";"05";"2023";"19:05";"1";"77";"77216";"1";"1";"1";"2";"Autoroute A6 PK 69+500 direction LYON";"48,29149407";"2,67922794"
"202300005895";"8";"02";"2023";"11:55";"1";"75";"75102";"2";"7";"1";"5";"PLACE DE L OPERA";"48,87062800";"2,33207400"
"202300005896";"10";"02";"2023";"17:48";"1";"94";"94081";"2";"1";"1";"6";"Rue du Gal Malleret Joinville";"48,77481935";"2,40692116"
"202300005897";"3";"05";"2023";"15:00";"1";"45";"45082";"1";"1";"1";"1";"D2060 PR 69 + 1";"47,88455400";"2,24446200"
"202300005898";"9";"02";"2023";"16:30";"1";"94";"94080";"2";"1";"1";"4";"Avenue de Paris";"48,84500000";"2,43384000"
"202300005899";"4";"05";"2023";"08:30";"1";"78";"78601";"1";"1";"1";"2";"N10";"48,58222000";"1,83229000"
"202300005900";"9";"02";"2023";"07:20";"5";"94";"94080";"2";"1";"1";"6";"Rue Defrance";"48,84890721";"2,45490620"
"202300005901";"9";"02";"2023";"08:55";"1";"94";"94021";"2";"2";"1";"6";"Rue du Béarn";"48,77285300";"2,36097200"
"202300005902";"16";"04";"2023";"16:08";"1";"78";"78206";"2";"9";"1";"7";"Rue du Beauregard";"48,95233200";"1,91473800"
"202300005903";"8";"02";"2023";"14:05";"1";"94";"94028";"2";"6";"1";"3";"Car de Pompadour";"48,77413000";"2,43959000"
"202300005904";"10";"02";"2023";"08:26";"1";"94";"94022";"2";"3";"1";"6";"Avenue d'Alfortville / Avenue du Docteur Charcot";"48,76864252";"2,41386339"
"202300005905";"4";"05";"2023";"08:00";"1";"66";"66069";"1";"1";"1";"3";"N/A";"42,77443400";"2,83020700"
"202300005906";"10";"02";"2023";"15:25";"1";"94";"94055";"2";"1";"1";"6";"Route de Provins";"48,79342000";"2,55471000"
"202300005907";"10";"02";"2023";"03:00";"5";"94";"94017";"2";"1";"2";"6";"Avenue Henri-Marie le Boursicaud";"48,81517000";"2,52325000"
"202300005908";"4";"05";"2023";"11:00";"1";"66";"66065";"1";"3";"1";"3";"N/A";"42,59962100";"2,96316500"
"202300005909";"9";"02";"2023";"11:15";"1";"94";"94017";"2";"1";"1";"3";"Avenue du Général de Gaulle";"48,82533900";"2,50229000"
"202300005910";"10";"02";"2023";"08:20";"2";"94";"94047";"2";"1";"8";"3";"35 Rue François Coppée";"48,71085000";"2,53929000"
"202300005911";"4";"05";"2023";"08:27";"1";"52";"52449";"2";"1";"1";"3";"Route de Dijon";"47,83513900";"5,33057400"
"202300005912";"9";"02";"2023";"22:20";"5";"93";"93064";"2";"2";"1";"3";"Rue de Strasbourg / Rue du Rhin";"48,86686000";"2,49767000"
"202300005913";"10";"02";"2023";"18:15";"5";"93";"93051";"2";"1";"1";"2";"Chemin de Halage";"48,85107000";"2,51666000"
"202300005914";"4";"05";"2023";"16:00";"1";"68";"68063";"2";"3";"1";"3";"Faubourg de Colmar";"47,81349300";"7,19189000"
"202300005915";"10";"02";"2023";"15:10";"1";"93";"93048";"2";"1";"1";"3";"33 Boulevard Rouget de Lisle";"48,85985106";"2,43882403"
"202300005916";"10";"02";"2023";"15:20";"1";"93";"93029";"2";"1";"1";"6";"Rue Sadi Carnot";"48,92556000";"2,44060000"
"202300005917";"3";"05";"2023";"18:55";"1";"03";"03242";"2";"1";"1";"2";"58 Route Nationale 7";"46,34995580";"3,37915260"
"202300005918";"10";"02";"2023";"09:10";"1";"93";"93013";"2";"3";"1";"3";"Avenue John Fitzgerald Kennedy / Rue du Docteur Roux";"48,93834000";"2,42749000"
"202300005919";"4";"05";"2023";"16:30";"1";"74";"74018";"2";"1";"1";"1";"25 Route de Bonneville";"46,10524900";"6,33402000"
"202300005920";"10";"02";"2023";"19:25";"5";"93";"93047";"2";"9";"1";"3";"Avenue des 7 Iles";"48,90042700";"2,54971300"
"202300005921";"4";"05";"2023";"08:04";"1";"42";"42010";"2";"4";"1";"1";"Route de la Gimond";"45,57422000";"4,37603500"
"202300005922";"10";"02";"2023";"20:05";"5";"93";"93007";"2";"1";"1";"5";"Avenue Paul Vaillant Couturier";"48,92750772";"2,47373405"
"202300005923";"8";"02";"2023";"22:20";"3";"92";"92046";"2";"1";"1";"3";"BROSSOLETTE AVENUE PIERRE";"48,82089000";"2,31217000"
"202300005924";"4";"05";"2023";"07:15";"1";"38";"38067";"1";"4";"1";"3";"départementale 75, route de vienne";"45,67673800";"5,16155200"
"202300005925";"10";"02";"2023";"07:55";"1";"92";"92025";"2";"2";"1";"3";"VERDUN (RUE DE)";"48,92322200";"2,25233700"
"202300005926";"3";"05";"2023";"16:20";"1";"64";"64430";"2";"1";"7";"6";"1 Avenue de la Moutète";"43,48883300";" -0,77554500"
"202300005927";"31";"01";"2023";"16:15";"1";"33";"33187";"2";"3";"1";"3";"route de Beauséjour.";"44,58772000";" -0,08260100"
"202300005928";"17";"04";"2023";"10:30";"1";"64";"64430";"2";"1";"1";"3";"641 Avenue Adrien Planté";"43,48164300";" -0,75218100"
"202300005929";"10";"02";"2023";"12:50";"1";"31";"31044";"2";"1";"1";"3";"31 Avenue des Arenes";"43,61359300";"1,48843900"
"202300005930";"11";"02";"2023";"07:35";"1";"62";"62645";"1";"1";"1";"6";"D940";"50,98246745";"2,07371664"
"202300005931";"4";"05";"2023";"15:55";"1";"85";"85092";"2";"1";"1";"7";"162 Boulevard du maréchal de lattre de tassigny";"46,47194200";" -0,79185800"
"202300005932";"10";"02";"2023";"17:25";"1";"27";"27360";"1";"1";"1";"7";"D547";"48,91856500";"1,20549200"
"202300005933";"4";"05";"2023";"15:20";"1";"59";"59660";"1";"1";"1";"7";"Chaussee de Verdun";"50,63615200";"3,23599400"
"202300005934";"10";"02";"2023";"19:50";"3";"35";"35085";"1";"2";"1";"3";"La galonnière";"48,36994847";" -1,76275045"
"202300005935";"3";"05";"2023";"09:50";"1";"13";"13055";"1";"1";"1";"1";"A50 - Sens Aubagne vers Marseille";"43,28611100";"5,42992200"
"202300005936";"10";"02";"2023";"10:15";"1";"46";"46201";"2";"1";"1";"1";"2127 avenue de saint jean";"44,33977200";"1,20161900"
"202300005937";"11";"02";"2023";"11:08";"1";"44";"44071";"1";"6";"1";"7";"Rue de la Châtaigneraie";"47,19009100";" -1,43523590"
"202300005938";"11";"02";"2023";"06:20";"2";"29";"29278";"1";"1";"5";"6";"D82";"48,20285800";" -3,68775500"
"202300005939";"3";"05";"2023";"14:05";"1";"33";"33122";"1";"1";"1";"2";"AUTOROUTE A 63";"44,75007000";" -0,69555000"
"202300005940";"11";"02";"2023";"02:10";"3";"19";"19237";"2";"1";"1";"6";"Rue de Bellevue";"45,13807500";"2,09248200"
"202300005941";"2";"05";"2023";"19:10";"1";"33";"33039";"1";"1";"1";"3";"ROCADE A 630";"44,78921000";" -0,54071000"
"202300005942";"10";"02";"2023";"16:35";"1";"71";"71014";"2";"4";"7";"3";"Place du General Brosset";"46,96753100";"4,31459100"
"202300005943";"10";"02";"2023";"15:20";"1";"89";"89262";"1";"9";"1";"3";"";"47,92054800";"4,01887200"
"202300005944";"2";"05";"2023";"17:00";"1";"59";"59646";"1";"1";"1";"4";"ROUTE DEPARTEMENTALE 656";"50,67439000";"3,11886000"
"202300005945";"11";"02";"2023";"16:00";"1";"49";"49155";"2";"6";"1";"2";"Rue du Lionnais";"47,61398000";" -0,70844100"
"202300005946";"3";"05";"2023";"18:10";"1";"91";"91136";"1";"1";"1";"3";"AUTOROUTE A126";"48,71262000";"2,28271000"
"202300005947";"11";"02";"2023";"00:35";"3";"49";"49259";"2";"1";"1";"6";"Rue René Gasnier";"47,35740800";" -0,65540900"
"202300005948";"3";"05";"2023";"16:00";"1";"92";"92002";"1";"1";"1";"2";"AUTOROUTE A10";"48,73260000";"2,31148000"
"202300005949";"11";"02";"2023";"00:40";"3";"34";"34114";"1";"1";"1";"6";"D32 PR 27+100";"43,63663800";"3,53424500"
"202300005950";"10";"02";"2023";"12:25";"1";"25";"25515";"1";"1";"1";"6";"D47";"46,87820600";"6,29136800"
"202300005951";"3";"05";"2023";"11:15";"1";"91";"91471";"1";"1";"1";"3";"RN 118";"48,71436000";"2,17609000"
"202300005952";"11";"02";"2023";"02:55";"3";"29";"29030";"1";"1";"1";"6";"Lieu Dit Kerfiat";"48,69083910";" -4,10126900"
"202300005953";"3";"05";"2023";"07:00";"1";"91";"91363";"1";"1";"1";"2";"RN 104";"48,64906000";"2,18649000"
"202300005954";"10";"02";"2023";"18:17";"2";"02";"02648";"2";"1";"1";"1";"3 Rue Condorcet";"49,79714300";"3,46126200"
"202300005955";"11";"02";"2023";"16:30";"1";"02";"02014";"1";"1";"2";"1";"N/A";"49,59991900";"3,30866600"
"202300005956";"10";"02";"2023";"18:45";"3";"60";"60660";"1";"4";"1";"1";"D166";"49,33589000";"1,87701000"
"202300005957";"2";"05";"2023";"09:00";"1";"974";"97416";"1";"1";"1";"2";"ENTRE DEUX (CHEMIN) CD26";" -21,30346000";"55,43043000"
"202300005958";"10";"02";"2023";"22:30";"3";"07";"07337";"1";"1";"1";"6";"D370a";"45,24334200";"4,71124300"
"202300005959";"14";"01";"2023";"01:30";"3";"17";"17332";"1";"1";"1";"7";"D142";"45,50469300";" -0,45451600"
"202300005960";"9";"02";"2023";"06:50";"5";"69";"69244";"2";"2";"9";"6";"23ter Avenue Général Brosset";"45,75738900";"4,77824900"
"202300005961";"2";"05";"2023";"20:15";"3";"974";"97411";"2";"2";"1";"3";"VICTOIRE (AVENUE DE LA)";" -20,87661000";"55,44789000"
"202300005962";"11";"02";"2023";"03:45";"3";"30";"30123";"1";"1";"1";"4";"N/A";"43,72507379";"4,17372233"
"202300005963";"2";"05";"2023";"10:00";"1";"69";"69383";"2";"8";"1";"6";"Avenue Félix Faure";"45,75418000";"4,86358000"
"202300005964";"10";"02";"2023";"23:54";"3";"59";"59244";"1";"1";"1";"1";"A2 PK 28.200";"50,16914602";"3,17810688"
"202300005965";"31";"01";"2023";"02:45";"2";"973";"97305";"1";"1";"1";"3";"Route Departementale 5";"4,95143191";" -52,43111640"
"202300005966";"2";"05";"2023";"19:45";"1";"69";"69382";"2";"2";"1";"3";"Quai Jean Moulin";"45,76360000";"4,83819000"
"202300005967";"10";"02";"2023";"18:05";"2";"78";"78380";"2";"9";"1";"6";"Route de Mantes";"48,91757800";"1,85114800"
"202300005968";"2";"05";"2023";"16:10";"1";"69";"69149";"2";"1";"1";"6";"Boulevard Emile Zola";"45,71811000";"4,80831000"
"202300005969";"10";"02";"2023";"17:00";"1";"30";"30027";"1";"1";"1";"5";"2762a Route de Lézan";"44,06040388";"4,06594992"
"202300005970";"2";"05";"2023";"08:00";"1";"69";"69389";"2";"2";"1";"3";"Rue de Bourgogne";"45,78051042";"4,80090580"
"202300005971";"11";"02";"2023";"10:30";"1";"83";"83071";"1";"1";"1";"3";"D88";"43,17279500";"6,21575700"
"202300005972";"10";"02";"2023";"16:15";"1";"05";"05079";"1";"1";"1";"1";"RD1091";"45,04293700";"6,42164300"
"202300005973";"2";"05";"2023";"18:45";"1";"2A";"2A004";"2";"1";"1";"3";"RECCO ABBE BOULEVARD";"41,93760000";"8,73898000"
"202300005974";"10";"02";"2023";"20:15";"3";"13";"13076";"1";"1";"1";"7";"Route du Pas de Lanciers";"43,81494300";"5,01770500"
"202300005975";"11";"02";"2023";"10:00";"1";"13";"13079";"2";"1";"7";"2";"Avenue Henri Froidfond";"43,52317600";"5,67723100"
"202300005976";"2";"05";"2023";"16:39";"1";"2A";"2A004";"2";"1";"1";"5";"NAPOLEON COURS AVANT BEVERINI";"41,92648500";"8,73829600"
"202300005977";"8";"02";"2023";"13:40";"1";"57";"57582";"1";"1";"1";"2";"D60";"49,29841000";"6,16897900"
"202300005978";"10";"02";"2023";"20:15";"5";"38";"38455";"1";"1";"1";"2";"130 Route du Bugey";"45,62402200";"5,28328400"
"202300005979";"2";"05";"2023";"14:00";"1";"2A";"2A004";"2";"1";"1";"2";"CAMPI LOUIS BD";"41,94270100";"8,75044700"
"202300005980";"11";"02";"2023";"01:45";"5";"01";"01249";"2";"3";"1";"6";"1687 Grande Rue";"45,82648600";"4,96094000"
"202300005981";"2";"05";"2023";"16:45";"1";"91";"91477";"2";"1";"1";"6";"GUTEMBERG (RUE)";"48,70839000";"2,25629000"
"202300005982";"10";"02";"2023";"12:00";"1";"64";"64376";"2";"1";"1";"6";"27 Route de Pau";"43,27203800";" -0,31955300"
"202300005983";"2";"05";"2023";"01:00";"5";"91";"91027";"2";"9";"1";"6";"RUE DU VERCORS";"48,69690000";"2,38407000"
"202300005984";"10";"02";"2023";"13:20";"1";"85";"85088";"1";"4";"1";"7";"VC Route des brandes";"46,70695500";" -1,88740600"
"202300005985";"28";"04";"2023";"18:15";"1";"87";"87085";"2";"1";"1";"2";"CARNOT (BOULEVARD)";"45,83282000";"1,25934000"
"202300005986";"7";"02";"2023";"09:10";"1";"14";"14166";"2";"2";"7";"6";"40 Rue des Petites Rues";"49,27247000";" -0,29969400"
"202300005987";"7";"02";"2023";"16:20";"1";"14";"14228";"2";"9";"1";"3";"Rue de Bourgogne";"49,29427900";" -0,36950400"
"202300005988";"2";"05";"2023";"17:15";"1";"85";"85194";"2";"1";"1";"3";"79 Avenue de bretagne";"46,50660000";" -1,77746000"
"202300005989";"6";"02";"2023";"10:20";"1";"35";"35090";"2";"1";"1";"6";"Rue de Chanteloup";"47,93746000";" -1,65735300"
"202300005990";"2";"05";"2023";"17:45";"1";"84";"84087";"2";"3";"6";"4";"ROUTE DE ROQUEMAURE";"44,08813000";"4,78220000"
"202300005991";"11";"02";"2023";"15:15";"1";"27";"27022";"2";"3";"2";"3";"Rue de la Chartreuse";"49,17001800";"1,34786400"
"202300005992";"2";"05";"2023";"08:55";"1";"83";"83137";"2";"3";"1";"6";"15EME CORPS (AVE DU)";"43,12827000";"5,90859000"
"202300005993";"10";"02";"2023";"16:10";"1";"60";"60346";"2";"9";"1";"3";"Chaussée de Bertinval";"49,15312700";"2,42917500"
"202300005994";"10";"02";"2023";"00:00";"3";"69";"69199";"1";"1";"1";"6";"Autoroute 7";"45,69363000";"4,84366000"
"202300005995";"10";"02";"2023";"16:20";"1";"33";"33535";"1";"1";"1";"2";"ROUTE NATIONALE 230";"44,83044310";" -0,50163209"
"202300005996";"29";"04";"2023";"22:00";"2";"76";"76351";"2";"2";"1";"3";"CONCORDE (DE LA)";"49,50792100";"0,15896300"
"202300005997";"10";"02";"2023";"02:05";"5";"33";"33122";"1";"1";"1";"6";"AUTOROUTE A 63";"44,74232000";" -0,70635000"
"202300005998";"1";"05";"2023";"00:50";"3";"76";"76351";"1";"1";"1";"6";"RD 6382";"49,50162000";"0,19341300"
"202300005999";"8";"02";"2023";"08:40";"1";"59";"59179";"1";"1";"1";"4";"AUTOROUTE A2";"50,30219000";"3,37256000"
"202300006000";"2";"05";"2023";"09:00";"1";"76";"76114";"2";"1";"1";"4";"PASSAS JULES (BOULEVARD)";"49,56877000";"0,47510000"
"202300006001";"10";"02";"2023";"08:50";"1";"78";"78208";"1";"1";"1";"3";"RN12 EXT";"48,80011500";"1,98043700"
"202300006002";"10";"02";"2023";"07:44";"2";"92";"92036";"1";"1";"1";"3";"A86";"48,93650752";"2,29084397"
"202300006003";"2";"05";"2023";"21:15";"3";"73";"73029";"1";"3";"1";"3";"D5 / N201";"45,55954000";"5,94952000"
"202300006004";"10";"02";"2023";"14:00";"1";"92";"92036";"1";"1";"1";"2";"AUTOROUTE A15";"48,94067835";"2,29263081"
"202300006005";"28";"04";"2023";"23:25";"5";"72";"72181";"2";"8";"1";"6";"LECLERC GENERAL (AV) PAIRS DE 2 A 68";"48,00011000";"0,19621000"
"202300006006";"10";"02";"2023";"08:00";"1";"93";"93064";"1";"1";"1";"2";"AUTOROUTE A86";"48,87665786";"2,47771427"
"202300006007";"8";"02";"2023";"02:40";"3";"93";"93066";"1";"1";"1";"2";"AUTOROUTE A1";"48,92790000";"2,35770000"
"202300006008";"1";"05";"2023";"12:30";"1";"71";"71497";"2";"2";"1";"3";"GENERAL DE GAULLE (BOULEVARD DU)";"46,33128000";"4,84288000"
"202300006009";"10";"02";"2023";"17:05";"1";"94";"94046";"1";"1";"1";"2";"A86";"48,80856288";"2,44905786"
"202300006010";"2";"05";"2023";"18:35";"1";"69";"69266";"2";"1";"1";"6";"36 Avenue Antoine de Saint-Exupéry";"45,75861000";"4,87932000"
"202300006011";"8";"02";"2023";"18:10";"2";"75";"75114";"2";"1";"1";"3";"BD PERIPHERIQUE EXTERIEUR";"48,82192200";"2,31673300"
"202300006012";"2";"05";"2023";"09:35";"1";"69";"69286";"2";"1";"1";"6";"66 Avenue Général Leclerc";"45,81324291";"4,89570634"
"202300006013";"8";"02";"2023";"18:25";"5";"75";"75113";"2";"1";"1";"3";"BD PERIPHERIQUE EXTERIEUR";"48,82608100";"2,38793700"
"202300006014";"8";"02";"2023";"16:10";"2";"75";"75120";"2";"1";"1";"3";"BD PERIPHERIQUE INTERIEUR";"48,85356800";"2,41404000"
"202300006015";"27";"04";"2023";"15:18";"1";"67";"67218";"2";"1";"1";"3";"LYON (RTE DE)";"48,52125000";"7,70545000"
"202300006016";"7";"02";"2023";"21:20";"2";"75";"75113";"2";"1";"1";"3";"BD PERIPHERIQUE INTERIEUR";"48,82483800";"2,38428600"
"202300006017";"1";"05";"2023";"17:10";"1";"65";"65417";"2";"9";"1";"7";"Avenue Francois Mitterrand";"43,22425181";"0,10172412"
"202300006018";"2";"05";"2023";"14:03";"1";"64";"64445";"2";"1";"1";"2";"CATHERINE DE BOURBON";"43,32465000";" -0,35734000"
"202300006019";"7";"02";"2023";"20:40";"5";"75";"75116";"2";"4";"1";"2";"BD PERIPHERIQUE EXTERIEUR";"48,83500600";"2,26134700"
"202300006020";"14";"04";"2023";"02:41";"4";"59";"59650";"2";"1";"8";"6";"LIBERTE (BOULEVARD DE LA)";"50,70840113";"3,18805754"
"202300006021";"1";"05";"2023";"12:00";"1";"59";"59507";"2";"1";"1";"3";"CARNOT SADI RUE";"50,60763000";"3,10761000"
"202300006022";"8";"02";"2023";"12:25";"1";"75";"75119";"2";"1";"1";"4";"BD PERIPHERIQUE EXTERIEUR porte des lilas";"48,88151400";"2,40269100"
"202300006023";"8";"02";"2023";"08:20";"1";"75";"75113";"2";"1";"1";"3";"BD PERIPHERIQUE INTERIEUR";"48,81646700";"2,34455000"
"202300006024";"2";"05";"2023";"07:05";"1";"56";"56162";"2";"3";"1";"3";"DOUET NEUF (RUE DU)";"47,70854000";" -3,43857000"
"202300006025";"9";"02";"2023";"07:21";"5";"75";"75110";"2";"2";"1";"3";"RUE DU FAUBOURG SAINT MARTIN";"48,88110800";"2,36516600"
"202300006026";"9";"02";"2023";"13:36";"1";"75";"75119";"2";"1";"1";"3";"QUAI DE LA GIRONDE";"48,89495700";"2,38409100"
"202300006027";"2";"05";"2023";"19:05";"1";"51";"51454";"2";"1";"1";"2";"avenue Henri Farman";"49,23765000";"4,06669000"
"202300006028";"9";"02";"2023";"14:36";"1";"75";"75117";"2";"7";"1";"6";"PLACE DE CLICHY";"48,88347395";"2,32717976"
"202300006029";"9";"02";"2023";"08:20";"1";"75";"75116";"2";"1";"1";"7";"BOULEVARD SUCHET";"48,85805200";"2,26512600"
"202300006030";"2";"05";"2023";"16:50";"1";"51";"51454";"2";"3";"1";"2";"rue des Moulins";"49,24466373";"4,03345495"
"202300006031";"9";"02";"2023";"08:15";"1";"75";"75116";"2";"2";"1";"7";"BOULEVARD SUCHET";"48,85735877";"2,26465613"
"202300006032";"1";"05";"2023";"12:22";"1";"51";"51454";"2";"2";"1";"6";"boulevard de la Paix";"49,25506000";"4,04033000"
"202300006033";"9";"02";"2023";"16:50";"1";"75";"75114";"2";"3";"1";"3";"RUE DE LA SANTE";"48,83157200";"2,34125400"
"202300006034";"30";"04";"2023";"18:25";"1";"50";"50129";"2";"2";"1";"3";"MENDES FRANCE (BOULEVARD)";"49,63451000";" -1,62610000"
"202300006035";"7";"02";"2023";"12:55";"1";"75";"75114";"2";"7";"1";"3";"PLACE DU VINGT CINQ AOUT 1944";"48,82208600";"2,32531700"
"202300006036";"8";"02";"2023";"23:00";"5";"75";"75113";"2";"1";"1";"6";"RUE EUGENE OUDINE";"48,82524800";"2,37316900"
"202300006037";"28";"04";"2023";"18:45";"2";"49";"49007";"2";"9";"1";"3";"GEOFFRAY";"47,45835000";" -0,54501000"
"202300006038";"9";"02";"2023";"08:55";"1";"75";"75109";"2";"2";"1";"6";"RUE DE LONDRES";"48,87654114";"2,33095497"
"202300006039";"2";"05";"2023";"07:35";"2";"47";"47001";"2";"9";"1";"3";"PAGANEL (RUE)";"44,19768000";"0,63299000"
"202300006040";"9";"02";"2023";"08:55";"1";"75";"75109";"2";"1";"1";"3";"RUE DE MONTHOLON";"48,87659000";"2,34523600"
"202300006041";"2";"05";"2023";"16:30";"1";"45";"45284";"2";"6";"1";"3";"52 Avenue Charles Péguy";"47,90512000";"1,94499000"
"202300006042";"9";"02";"2023";"08:00";"1";"93";"93072";"2";"2";"1";"3";"Rue d'Amiens / Rue Jean Durand";"48,95246789";"2,36920327"
"202300006043";"2";"05";"2023";"13:24";"1";"45";"45147";"2";"2";"1";"1";"20 Rue André Dessaux";"47,92734000";"1,89845000"
"202300006044";"8";"02";"2023";"14:15";"1";"93";"93006";"2";"1";"1";"6";"5 Rue de la Noue";"48,86424000";"2,42834000"
"202300006045";"2";"05";"2023";"11:45";"1";"45";"45232";"2";"1";"1";"6";"parking Leclerc";"47,84297000";"1,91675000"
"202300006046";"1";"05";"2023";"10:05";"1";"45";"45208";"2";"1";"1";"6";"parking centre commercial ";"47,99735000";"2,74196000"
"202300006047";"9";"02";"2023";"10:00";"1";"93";"93014";"2";"1";"1";"3";"Boulevard du Temple";"48,90278239";"2,53132611"
"202300006048";"9";"02";"2023";"09:20";"1";"93";"93005";"2";"1";"1";"6";"Rue Edgar Degas";"48,95650700";"2,49553700"
"202300006049";"1";"05";"2023";"17:45";"2";"42";"42218";"2";"3";"1";"1";"Rue Docteur Poty";"45,42048000";"4,38628000"
"202300006050";"9";"02";"2023";"19:30";"3";"93";"93001";"2";"1";"1";"3";"Avenue Jean Jaurès";"48,91336100";"2,40253500"
"202300006051";"9";"02";"2023";"11:20";"1";"93";"93001";"2";"1";"1";"1";"4bis Rue Waldeck Rochet";"48,91468000";"2,36820000"
"202300006052";"2";"05";"2023";"20:30";"1";"37";"37261";"2";"2";"1";"5";"HEURTELOUP (BOULEVARD)";"47,39242000";"0,70039000"
"202300006053";"9";"02";"2023";"07:50";"1";"93";"93001";"2";"1";"1";"6";"Rue du Clos Bénard";"48,91159800";"2,38602700"
"202300006054";"9";"02";"2023";"19:20";"5";"92";"92051";"2";"1";"1";"2";"VICTOR HUGO (BOULEVARD, N° 51 A 75 ET 62";"48,89131587";"2,27518782"
"202300006055";"1";"05";"2023";"21:33";"5";"37";"37261";"2";"2";"1";"3";"GIRAUDEAU (RUE)";"47,37973000";"0,67738000"
"202300006056";"9";"02";"2023";"19:40";"5";"92";"92044";"2";"1";"1";"6";"PDT WILSON(RUE)107A131 ET 110A130";"48,89676310";"2,28619024"
"202300006057";"2";"05";"2023";"19:50";"2";"35";"35238";"2";"2";"1";"6";"LIBERTE (BD DE LA)";"48,11019524";" -1,67779416"
"202300006058";"8";"02";"2023";"22:00";"5";"92";"92036";"2";"2";"1";"3";"CHANDON (AVENUE) (1/63)";"48,92412000";"2,29538000"
"202300006059";"2";"02";"2023";"13:15";"1";"92";"92036";"2";"6";"1";"3";"MARCEL PAUL (AVENUE) (2/50)";"48,93353900";"2,30246100"
"202300006060";"2";"05";"2023";"18:10";"1";"35";"35238";"2";"6";"1";"3";"BIGNON (DU)";"48,09684000";" -1,63522000"
"202300006061";"9";"02";"2023";"19:00";"5";"92";"92026";"2";"1";"1";"2";"PRÉSIDENT PAUL DOUMER (QUAI DU)";"48,89132000";"2,25795000"
"202300006062";"1";"05";"2023";"17:55";"1";"34";"34172";"2";"1";"1";"6";"9 Rue du Faubourg de la Saunerie";"43,60611900";"3,87565800"
"202300006063";"9";"02";"2023";"18:20";"5";"92";"92026";"2";"1";"1";"3";"MARECHAL JOFFRE (QUAI DU)";"48,90019391";"2,27373449"
"202300006064";"2";"05";"2023";"08:22";"1";"29";"29019";"2";"1";"1";"3";"rue Mirabeau";"48,40781600";" -4,48783300"
"202300006065";"9";"02";"2023";"12:15";"1";"92";"92012";"2";"1";"1";"3";"BELLEVUE (RUE DE) 73/FIN - 80/FIN";"48,83105877";"2,23262116"
"202300006066";"9";"02";"2023";"11:00";"1";"92";"92004";"2";"1";"1";"3";"DOCTEUR DERVAUX  ( QUAI DU )";"48,90779000";"2,29221000"
"202300006067";"9";"02";"2023";"17:30";"1";"35";"35333";"2";"3";"1";"3";"Rue Amand de Léon des Ormeaux";"47,91974500";" -1,42971100"