"Num_Acc";"jour";"mois";"an";"hrmn";"lum";"dep";"com";"agg";"int";"atm";"col";"adr";"lat";"long"
"202300006068";"10";"02";"2023";"07:10";"5";"37";"37077";"2";"4";"1";"5";"22 Route de Mazieres";"47,34970000";"0,44949000"
"202300006069";"9";"02";"2023";"16:30";"1";"12";"12300";"1";"1";"7";"1";"départementale 1";"44,38306000";"2,03383000"
"202300006070";"10";"02";"2023";"10:45";"1";"44";"44014";"1";"1";"1";"1";"Land Jard";"47,12154868";" -1,49270833"
"202300006071";"2";"05";"2023";"18:40";"1";"25";"25056";"2";"7";"1";"6";"N/A";"47,22932300";"5,99607900"
"202300006072";"10";"02";"2023";"07:25";"2";"28";"28088";"2";"1";"1";"6";"66 Boulevard Jean-jaurès";"48,06651800";"1,34602000"
"202300006073";"9";"02";"2023";"19:30";"3";"51";"51559";"2";"1";"1";"7";"D79";"49,11393684";"4,53695118"
"202300006074";"2";"05";"2023";"17:00";"1";"25";"25056";"2";"1";"1";"6";"TREMOLIERES RUE";"47,25454300";"6,02849600"
"202300006075";"2";"05";"2023";"11:20";"1";"25";"25056";"2";"8";"1";"6";"MITTERAND AVENUE FRANCOIS";"47,22318000";"5,98401000"
"202300006076";"10";"02";"2023";"12:15";"1";"26";"26160";"2";"1";"1";"3";"Avenue de la Croix des Mailles";"45,19911400";"4,81469900"
"202300006077";"10";"02";"2023";"17:41";"2";"68";"68315";"2";"1";"1";"6";"Route de Wuenheim";"47,87887600";"7,22189600"
"202300006078";"4";"04";"2023";"17:55";"1";"19";"19031";"2";"1";"1";"7";"RIVET (AVENUE JEAN CHARLES)";"45,15052000";"1,49789000"
"202300006079";"9";"02";"2023";"22:10";"5";"85";"85153";"2";"1";"1";"6";"20 Rue du Commandant Guilbaud";"46,77874200";" -1,06288400"
"202300006080";"20";"04";"2023";"19:30";"1";"19";"19031";"2";"1";"1";"3";"PARIS (AVENUE DE)";"45,16161000";"1,53273000"
"202300006081";"9";"02";"2023";"18:40";"3";"34";"34095";"1";"1";"8";"5";"M613";"43,55341600";"3,78736500"
"202300006082";"10";"02";"2023";"07:20";"5";"91";"91573";"2";"1";"1";"6";"Avenue Louis Lachenal";"48,61081700";"2,51078900"
"202300006083";"2";"05";"2023";"19:01";"1";"17";"17028";"1";"3";"1";"3";"GRASSET   AVENUE EDMOND";"46,13045000";" -1,08605000"
"202300006084";"10";"02";"2023";"08:00";"1";"79";"79079";"1";"3";"1";"3";"";"46,93400500";" -0,83267400"
"202300006085";"1";"05";"2023";"18:30";"1";"16";"16015";"2";"1";"1";"1";"LATTRE DE TASSIGNY (AVENUE DE)";"45,65678900";"0,17058500"
"202300006086";"8";"02";"2023";"13:55";"1";"11";"11270";"1";"1";"1";"6";"";"42,86621000";"2,68446700"
"202300006087";"2";"05";"2023";"20:20";"2";"13";"13103";"2";"2";"1";"3";"BOULEVARD DU ROY RENE";"43,63187000";"5,10002000"
"202300006088";"2";"05";"2023";"18:30";"1";"13";"13103";"2";"1";"1";"4";"BOULEVARD DANTON";"43,63586000";"5,08908000"
"202300006089";"1";"05";"2023";"17:45";"1";"13";"13103";"1";"1";"1";"4";"Avenue du 18 Juin 1940";"43,62817376";"5,11103986"
"202300006090";"3";"05";"2023";"00:35";"5";"13";"13208";"2";"1";"1";"3";"PRADO (AVENUE DU)";"43,27075000";"5,38875000"
"202300006091";"2";"05";"2023";"12:55";"1";"13";"13215";"2";"1";"1";"3";"HENRI BARNIER (BOULEVARD)";"43,37319000";"5,35352000"
"202300006092";"2";"05";"2023";"23:53";"5";"13";"13001";"2";"1";"1";"3";"ROI RENE (BD DU)";"43,52401564";"5,44998748"
"202300006093";"2";"05";"2023";"08:25";"2";"07";"07186";"2";"1";"1";"6";"SAINT LOUIS (COURS)";"44,73513000";"4,59575000"
"202300006094";"2";"05";"2023";"13:30";"1";"06";"06029";"2";"1";"1";"1";"COTEAUX (AVENUE DES)";"43,56582000";"7,02154000"
"202300006095";"2";"05";"2023";"08:45";"1";"75";"75112";"2";"1";"1";"2";"BD PERIPHERIQUE INTERIEUR";"48,83520300";"2,41140900"
"202300006096";"2";"05";"2023";"07:05";"1";"75";"75120";"2";"1";"1";"2";"BD PERIPHERIQUE EXTERIEUR";"48,87737700";"2,40915700"
"202300006097";"2";"05";"2023";"22:10";"5";"75";"75118";"2";"2";"1";"3";"AVENUE DE SAINT OUEN";"48,89042600";"2,32658900"
"202300006098";"2";"05";"2023";"19:45";"1";"75";"75118";"2";"2";"1";"6";"RUE JACQUES CARTIER";"48,89433400";"2,32988000"
"202300006099";"2";"05";"2023";"18:30";"1";"75";"75111";"2";"3";"1";"3";"PLACE DE LA REPUBLIQUE";"48,86671800";"2,36516200"
"202300006100";"2";"05";"2023";"13:20";"1";"75";"75111";"2";"3";"1";"6";"RUE DE CHARONNE";"48,85556300";"2,39012900"
"202300006101";"2";"05";"2023";"00:50";"5";"75";"75111";"2";"3";"1";"3";"BOULEVARD VOLTAIRE";"48,85164500";"2,39049900"
"202300006102";"1";"05";"2023";"19:40";"1";"75";"75109";"2";"2";"1";"3";"RUE LA FAYETTE";"48,87504164";"2,34085500"
"202300006103";"2";"05";"2023";"16:55";"1";"75";"75108";"2";"2";"1";"2";"COURS LA REINE";"48,86500500";"2,31371200"
"202300006104";"1";"05";"2023";"18:35";"1";"75";"75107";"2";"2";"1";"3";"QUAI BRANLY";"48,86063200";"2,29548700"
"202300006105";"2";"05";"2023";"17:55";"1";"75";"75101";"2";"7";"1";"3";"QUAI DE LA MEGISSERIE";"48,85730800";"2,34692000"
"202300006106";"2";"05";"2023";"01:10";"5";"94";"94081";"2";"1";"1";"2";"Rue Camille Blanc";"48,78473027";"2,39559594"
"202300006107";"2";"05";"2023";"19:15";"1";"75";"75112";"2";"2";"1";"3";"Avenue Gallieni";"48,84657500";"2,41585900"
"202300006108";"1";"05";"2023";"12:35";"1";"94";"94068";"2";"2";"1";"3";"Avenue de l’Alma";"48,78904808";"2,49527004"
"202300006109";"2";"05";"2023";"00:30";"5";"94";"94016";"2";"1";"1";"6";"Avenue Aristide Briand";"48,79128900";"2,32003100"
"202300006110";"2";"05";"2023";"19:00";"1";"94";"94041";"2";"2";"1";"6";"Rue Lénine / Rue Molière";"48,81570165";"2,39351347"
"202300006111";"29";"04";"2023";"21:20";"5";"94";"94073";"2";"1";"1";"2";"Rue du Bas Marin";"48,75494376";"2,38590565"
"202300006112";"1";"05";"2023";"12:00";"1";"94";"94060";"2";"3";"8";"3";"Rue du Général de Gaulle";"48,78086000";"2,57342000"
"202300006113";"2";"05";"2023";"14:56";"1";"93";"93059";"2";"2";"1";"1";"Boulevard Pasteur / Boulevard Jean Mermoz";"48,96572000";"2,36313000"
"202300006114";"2";"05";"2023";"18:45";"1";"93";"93066";"2";"1";"1";"3";"Rue du Landy";"48,91484855";"2,34915644"
"202300006115";"1";"05";"2023";"23:17";"5";"93";"93051";"2";"6";"1";"3";"Boulevard du Ru de Nesles / Boulevard du Champy Richardets";"48,83780000";"2,58190000"
"202300006116";"2";"05";"2023";"18:47";"1";"93";"93031";"2";"3";"1";"3";"Route de Saint-leu / Rue Pierre Curie";"48,94964142";"2,34137937"
"202300006117";"2";"05";"2023";"08:10";"1";"93";"93005";"2";"1";"1";"4";"Rue Charles Gouppy";"48,94161651";"2,49845048"
"202300006118";"2";"05";"2023";"10:30";"1";"92";"92078";"2";"3";"1";"3";"VERDUN (AVENUE) (N° PAIRS 40 A 90)";"48,93488800";"2,32485000"
"202300006119";"2";"05";"2023";"19:20";"1";"92";"92064";"2";"1";"1";"6";"VAL D' OR";"48,85964026";"2,21530616"
"202300006120";"2";"05";"2023";"17:59";"1";"92";"92049";"2";"7";"1";"3";"BRIAND AVENUE ARISTIDE N°1 A 129";"48,81114563";"2,32640326"
"202300006121";"2";"05";"2023";"13:04";"1";"92";"92049";"2";"2";"1";"1";"BROSSOLETTE AVENUE PIERRE";"48,81750000";"2,30790000"
"202300006122";"2";"05";"2023";"08:32";"1";"92";"92049";"2";"1";"1";"6";"BROSSOLETTE AVENUE PIERRE";"48,81955258";"2,31041998"
"202300006123";"1";"05";"2023";"14:40";"1";"92";"92036";"2";"1";"3";"6";"GABRIEL PERI (AVENUE) (101/129)";"48,92097000";"2,29498000"
"202300006124";"28";"04";"2023";"14:45";"1";"92";"92036";"2";"6";"1";"3";"MARCEL PAUL (AVENUE) (1/103)";"48,93350633";"2,30243236"
"202300006125";"2";"05";"2023";"20:05";"2";"92";"92024";"2";"2";"1";"3";"VICTOR HUGO (BD)";"48,89794989";"2,31125683"
"202300006126";"2";"05";"2023";"10:25";"1";"92";"92002";"2";"1";"1";"6";"ONZE NOVEMBRE (AVENUE DU)";"48,75066438";"2,30676614"
"202300006127";"2";"05";"2023";"12:30";"1";"39";"39130";"1";"1";"1";"6";"N/A";"46,49153800";"5,83293000"
"202300006128";"12";"07";"2023";"16:35";"1";"83";"83001";"1";"1";"1";"6";"A8 PK 148.400 Nord";"43,53860270";"6,83902845"
"202300006129";"2";"05";"2023";"17:00";"1";"22";"22172";"1";"3";"1";"3";"La Ville Martin";"48,53748000";" -2,22417400"
"202300006130";"9";"07";"2023";"19:55";"1";"38";"38170";"1";"1";"1";"6";"A48";"45,25318943";"5,64832408"
"202300006131";"30";"04";"2023";"19:55";"1";"33";"33138";"1";"2";"1";"3";"3 Lieu Dit les Mougneaux";"45,05946800";" -0,10367300"
"202300006132";"2";"05";"2023";"15:00";"1";"11";"11067";"1";"2";"1";"3";"N/A";"43,21902000";"2,84589400"
"202300006133";"13";"07";"2023";"21:10";"5";"988";"98821";"2";"3";"1";"3";"Route du Mont Mou/Rue du Bougainvillier";" -22,12295100";"166,37464600"
"202300006134";"2";"05";"2023";"20:30";"2";"54";"54138";"1";"1";"1";"6";"Rue Cote du Val";"49,52703293";"5,71932793"
"202300006135";"12";"07";"2023";"18:20";"1";"971";"97117";"1";"1";"1";"6";"route de l'écluse";"16,31208700";" -61,38396300"
"202300006136";"2";"05";"2023";"16:20";"1";"974";"97410";"1";"1";"1";"2";"RN2";" -21,05252300";"55,72027400"
"202300006137";"9";"07";"2023";"20:20";"1";"33";"33527";"1";"1";"1";"7";"D216";"44,52740700";" -1,01792800"
"202300006138";"25";"11";"2023";"08:25";"1";"91";"91027";"2";"1";"1";"6";"AV JULES VALLES";"48,69991000";"2,37579000"
"202300006139";"3";"05";"2023";"19:00";"1";"59";"59487";"1";"2";"1";"3";"103 Rue du Bas";"50,63543500";"2,89093900"
"202300006140";"25";"11";"2023";"17:03";"1";"86";"86041";"2";"3";"1";"6";"Rue Maurice Ravel";"46,59780800";"0,35318500"
"202300006141";"22";"04";"2023";"22:25";"3";"34";"34325";"1";"1";"1";"2";"A75 PK 320+9691";"43,41156700";"3,37224500"
"202300006142";"13";"07";"2023";"05:00";"2";"91";"91200";"2";"1";"1";"3";"22 Rue de Bonniveau";"48,53230300";"2,00685300"
"202300006143";"25";"11";"2023";"17:44";"1";"84";"84007";"2";"3";"1";"3";"SOULIER (BD Denis)";"43,94235000";"4,81668000"
"202300006144";"3";"05";"2023";"15:30";"1";"62";"62281";"2";"1";"7";"6";"Route de Tournes";"50,69390900";"1,67161700"
"202300006145";"13";"07";"2023";"13:00";"1";"83";"83016";"1";"3";"1";"3";"Dn8";"43,18651400";"5,81822600"
"202300006146";"10";"03";"2023";"17:05";"1";"51";"51029";"2";"1";"1";"6";"Avenue de Sulzfeld";"48,97509800";"4,03118800"
"202300006147";"25";"11";"2023";"06:45";"2";"84";"84007";"2";"3";"1";"1";"CHARLES DE GAULLE";"43,94087000";"4,79036000"
"202300006148";"2";"05";"2023";"11:33";"1";"74";"74208";"2";"3";"1";"3";"Avenue rené raffort deruttet";"45,92330800";"6,68559900"
"202300006149";"13";"07";"2023";"14:58";"1";"83";"83053";"2";"1";"1";"1";"Dn8";"43,17508000";"5,82799500"
"202300006150";"25";"11";"2023";"02:05";"3";"78";"78372";"2";"1";"1";"6";"GEORGES TATTEVIN";"48,86510000";"2,08805000"
"202300006151";"2";"05";"2023";"21:00";"2";"76";"76315";"1";"6";"1";"6";"D50";"49,76213800";"0,62100900"
"202300006152";"24";"11";"2023";"17:35";"3";"71";"71153";"2";"9";"8";"6";"ABATTOIRS (boulevard des)";"46,78777000";"4,44393000"
"202300006153";"11";"07";"2023";"16:55";"1";"83";"83068";"2";"2";"1";"3";"Route du Littoral";"43,28765200";"6,60239700"
"202300006154";"3";"05";"2023";"08:30";"1";"2B";"2B343";"2";"1";"1";"2";"Diceppo";"42,49281100";"9,47364800"
"202300006155";"25";"11";"2023";"06:00";"3";"71";"71445";"1";"1";"1";"1";"RD673";"46,78017000";"4,88327000"
"202300006156";"13";"07";"2023";"16:00";"1";"06";"06146";"2";"1";"1";"1";"La Courbaisse (Arrêt de bus)";"43,92538500";"7,18572400"
"202300006157";"2";"05";"2023";"17:40";"1";"80";"80130";"1";"2";"1";"3";"D211";"49,89001700";"2,13634700"
"202300006158";"2";"05";"2023";"09:53";"1";"82";"82087";"1";"1";"1";"6";"D68";"44,15836300";"1,24398700"
"202300006159";"25";"11";"2023";"16:00";"1";"69";"69290";"2";"2";"1";"2";"126 Route de Grenoble";"45,71030411";"4,97778611"
"202300006160";"13";"07";"2023";"15:30";"1";"03";"03179";"2";"3";"1";"1";"16 Rue du Docteur Chirol";"46,29723300";"3,50741200"
"202300006161";"1";"05";"2023";"21:15";"3";"69";"69267";"1";"1";"1";"7";"Route de Lancie";"46,16550600";"4,70023300"
"202300006162";"20";"11";"2023";"17:45";"3";"67";"67462";"2";"1";"8";"6";"EBERMUNSTER (RUE D)";"48,26956000";"7,45837000"
"202300006163";"12";"07";"2023";"23:00";"5";"44";"44035";"2";"1";"1";"7";"5 Boulevard Jacques Demy";"47,26814600";" -1,54943700"
"202300006164";"2";"05";"2023";"17:40";"1";"42";"42047";"1";"1";"1";"1";"D53";"45,86101100";"3,82845600"
"202300006165";"6";"07";"2023";"20:30";"1";"44";"44045";"1";"1";"1";"6";"34 La Peille";"47,27667800";" -1,85563300"
"202300006166";"24";"11";"2023";"17:52";"3";"63";"63300";"1";"1";"2";"2";"CHATELGUYON-GUYON (ROUTE DE)";"45,90568679";"3,09814185"
"202300006167";"2";"05";"2023";"18:45";"1";"41";"41126";"1";"1";"1";"1";"Route d'Orbigny";"47,25903800";"1,32566600"
"202300006168";"13";"07";"2023";"08:20";"1";"17";"17304";"1";"2";"1";"3";"Rue du Petit Loubet";"45,67896000";" -0,49317800"
"202300006169";"1";"05";"2023";"14:40";"1";"41";"41132";"1";"9";"1";"6";"Route de Saint-clair";"47,34256700";"1,44915500"
"202300006170";"24";"04";"2023";"08:20";"1";"33";"33449";"2";"1";"1";"6";"Avenue Blaise Pascal";"44,89459750";" -0,76823696"
"202300006171";"25";"11";"2023";"01:43";"3";"62";"62573";"1";"1";"3";"1";"D165";"50,49528000";"2,91205000"
"202300006172";"2";"05";"2023";"18:14";"1";"39";"39526";"2";"3";"1";"3";"65 Rue de l’Abergement";"47,03901700";"5,40169800"
"202300006173";"25";"11";"2023";"02:50";"5";"62";"62119";"2";"9";"3";"6";"Avenue du President Kennedy";"50,53704000";"2,64915000"
"202300006174";"11";"07";"2023";"13:50";"1";"14";"14228";"2";"2";"1";"3";"1 Rue du General de Gaulle";"49,29697300";" -0,37522100"
"202300006175";"2";"05";"2023";"14:30";"1";"25";"25527";"1";"1";"1";"6";"D13";"47,19192700";"5,80790700"
"202300006176";"12";"07";"2023";"17:00";"1";"76";"76610";"2";"1";"1";"1";"Rue Jean Mermoz";"49,62804500";"0,76242300"
"202300006177";"3";"05";"2023";"17:00";"1";"29";"29171";"1";"3";"1";"3";"D785 - Ti Boutig";"47,84917400";" -4,25001400"
"202300006178";"11";"07";"2023";"21:20";"2";"69";"69256";"1";"1";"1";"2";"Autoroute 42";"45,80086163";"4,92764020"
"202300006179";"16";"11";"2023";"18:50";"5";"62";"62041";"2";"4";"2";"6";"Rue Abel Bergaigne";"50,28663954";"2,77731049"
"202300006180";"3";"05";"2023";"15:30";"1";"31";"31275";"1";"1";"1";"6";"D29";"43,74005700";"1,02539800"
"202300006181";"25";"11";"2023";"16:35";"2";"57";"57487";"1";"1";"2";"1";"FRESCATY (RUE DE )";"49,08904472";"6,14320278"
"202300006182";"12";"07";"2023";"11:50";"1";"33";"33122";"1";"1";"2";"4";"AUTOROUTE A 63";"44,74250000";" -0,70800000"
"202300006183";"2";"05";"2023";"19:15";"1";"02";"02352";"1";"9";"1";"3";"N/A";"50,00266000";"3,27016500"
"202300006184";"12";"07";"2023";"10:00";"1";"94";"94043";"1";"1";"1";"1";"A6B";"48,81449566";"2,35556902"
"202300006185";"25";"11";"2023";"22:20";"5";"54";"54578";"2";"6";"8";"3";"Boulevard du Marechal Foch";"48,67730000";"6,15645000"
"202300006186";"3";"05";"2023";"12:35";"1";"58";"58020";"1";"1";"1";"7";"Beaugy";"46,81783000";"3,39434600"
"202300006187";"2";"05";"2023";"08:10";"1";"06";"06023";"1";"9";"1";"7";"Route du Col de Brouis,";"43,95442900";"7,51406400"
"202300006188";"25";"11";"2023";"18:54";"5";"54";"54395";"2";"1";"2";"2";"Rue des Carmes";"48,69132624";"6,18066251"
"202300006189";"12";"07";"2023";"10:35";"1";"92";"92064";"1";"1";"1";"2";"A13";"48,83963957";"2,19735978"
"202300006190";"2";"05";"2023";"18:35";"1";"64";"64133";"1";"6";"1";"2";"D938";"43,22570900";" -0,25045400"
"202300006191";"22";"11";"2023";"17:17";"2";"54";"54099";"2";"1";"2";"3";"Rue Raymond Mondon";"49,25005000";"5,94121400"
"202300006192";"2";"05";"2023";"21:40";"3";"16";"16128";"1";"1";"1";"6";"ROUTE DE PRESSAC";"46,07813500";"0,55169800"
"202300006193";"12";"07";"2023";"15:40";"1";"93";"93048";"1";"1";"1";"2";"AUTOROUTE A3";"48,87275000";"2,43539000"
"202300006194";"1";"05";"2023";"14:45";"1";"07";"07165";"1";"1";"1";"1";"d578";"44,93137727";"4,48134899"
"202300006195";"25";"11";"2023";"12:35";"1";"49";"49007";"2";"6";"1";"3";"MONTAIGNE AVENUE";"47,46650000";" -0,52504000"
"202300006196";"3";"05";"2023";"07:20";"1";"53";"53007";"1";"1";"1";"3";"D32 - PK/PR 032.400";"48,09980500";" -0,62598500"
"202300006197";"24";"11";"2023";"14:25";"1";"46";"46042";"2";"1";"1";"2";"ZOLA (RUE EMILE)";"44,45176000";"1,43700000"
"202300006198";"21";"04";"2023";"15:10";"1";"21";"21016";"1";"1";"1";"7";"D28d";"47,35831100";"5,16329500"
"202300006199";"11";"07";"2023";"01:25";"3";"93";"93005";"1";"1";"1";"5";"AUTOROUTE A1";"48,95961163";"2,46644694"
"202300006200";"25";"11";"2023";"18:55";"5";"45";"45147";"2";"4";"1";"3";"294 Rue Marcellin Berthelot";"47,93985000";"1,91939000"
"202300006201";"12";"07";"2023";"20:00";"2";"77";"77450";"1";"1";"1";"2";"RN104";"48,71727600";"2,59911700"
"202300006202";"1";"05";"2023";"09:05";"1";"24";"24547";"2";"1";"1";"1";"Route des Fours à Chaux";"45,11657300";"1,30736700"
"202300006203";"11";"07";"2023";"20:30";"2";"77";"77373";"1";"1";"1";"3";"RN104";"48,78724200";"2,61724100"
"202300006204";"25";"11";"2023";"12:35";"1";"45";"45232";"2";"2";"1";"3";"Rue de Châteauroux-Boulevard Duhamel du Monceau ";"47,84620000";"1,92760000"
"202300006205";"26";"04";"2023";"17:15";"1";"04";"04209";"2";"1";"1";"1";"D4085";"44,20083600";"5,94006300"
"202300006206";"23";"03";"2023";"16:23";"1";"75";"75120";"2";"1";"1";"3";"BOULEVARD DE BELLEVILLE";"48,86809100";"2,38196900"
"202300006207";"3";"05";"2023";"14:25";"1";"28";"28120";"1";"1";"1";"7";"D4";"48,70298500";"1,16031800"
"202300006208";"25";"11";"2023";"10:32";"1";"41";"41269";"2";"1";"1";"6";"POTERIE (RUE)";"47,79400000";"1,06489000"
"202300006209";"29";"04";"2023";"23:00";"5";"74";"74012";"2";"2";"1";"1";"MOLE (RUE DU)";"46,19742000";"6,23706000"
"202300006210";"3";"05";"2023";"11:00";"1";"87";"87117";"1";"1";"1";"7";"Tramonteil";"45,84851700";"1,75476600"
"202300006211";"26";"04";"2023";"02:00";"3";"74";"74012";"2";"1";"1";"1";"ARVE (QUAI D')";"46,18531000";"6,22602000"
"202300006212";"22";"11";"2023";"02:20";"5";"37";"37195";"2";"3";"1";"1";"MAIRIE (RUE DE LA)";"47,38957196";"0,66168487"
"202300006213";"2";"05";"2023";"20:45";"2";"49";"49301";"1";"9";"1";"1";"N249";"47,12202300";" -1,09959800"
"202300006214";"23";"03";"2023";"08:20";"1";"75";"75117";"2";"2";"8";"7";"BOULEVARD PEREIRE";"48,88215400";"2,29168000"
"202300006215";"25";"04";"2023";"07:30";"1";"74";"74123";"1";"1";"2";"1";"N/A";"45,75536700";"6,29937200"
"202300006216";"3";"05";"2023";"14:35";"1";"38";"38249";"1";"1";"1";"6";"A41";"45,21898200";"5,81816700"
"202300006217";"23";"03";"2023";"08:00";"1";"75";"75117";"2";"2";"1";"6";"AVENUE NIEL";"48,87964300";"2,29470800"
"202300006218";"16";"03";"2023";"07:10";"1";"74";"74224";"2";"3";"1";"6";"Rue du champ laitier";"46,06924900";"6,29897000"
"202300006219";"24";"11";"2023";"15:40";"1";"37";"37233";"2";"1";"1";"4";"DUCLOS (AVENUE JACQUES)";"47,38116000";"0,73898000"
"202300006220";"1";"05";"2023";"04:00";"3";"30";"30123";"1";"1";"1";"2";"A9 PK 73+000";"43,72528500";"4,17506800"
"202300006221";"23";"03";"2023";"15:05";"1";"75";"75116";"2";"2";"1";"2";"RUE DE LA POMPE";"48,86411955";"2,27759778"
"202300006222";"10";"03";"2023";"13:05";"1";"74";"74081";"1";"2";"2";"3";"D1205";"46,05106800";"6,58829900"
"202300006223";"25";"11";"2023";"12:35";"1";"35";"35238";"2";"2";"1";"3";"CHATEAUBRIAND (QUAI)";"48,11021911";" -1,67777941"
"202300006224";"22";"03";"2023";"21:30";"5";"75";"75116";"2";"2";"1";"3";"AVENUE DU PRESIDENT WILSON";"48,86379100";"2,29065200"
"202300006225";"7";"11";"2023";"20:14";"5";"35";"35115";"2";"1";"8";"3";"VERRERIE (AVENUE DE LA)";"48,36517000";" -1,18641000"
"202300006226";"1";"05";"2023";"04:00";"3";"987";"98740";"2";"1";"1";"7";"Tiputa";" -14,97560100";" -147,62399900"
"202300006227";"28";"04";"2023";"22:30";"5";"13";"13026";"2";"5";"1";"3";"CD 48 A";"43,38354000";"5,16053000"
"202300006228";"22";"03";"2023";"19:10";"5";"75";"75114";"2";"3";"1";"6";"RUE DU DEPART";"48,84196200";"2,32265900"
"202300006229";"25";"11";"2023";"11:20";"1";"34";"34172";"2";"1";"1";"6";"VILLENEUVE-ANGOULEME (AVENUE DE";"43,59519000";"3,86774000"
"202300006230";"29";"04";"2023";"14:15";"1";"987";"98747";"1";"1";"1";"6";"Taravao route de la dorsale";" -17,75600000";" -148,73600000"
"202300006231";"22";"03";"2023";"11:38";"1";"75";"75114";"2";"2";"2";"6";"BOULEVARD JOURDAN";"48,82326000";"2,32554000"
"202300006232";"2";"05";"2023";"16:40";"1";"77";"77196";"2";"1";"1";"7";"Rue Henri de Guenegaud";"48,93941900";"2,74428600"
"202300006233";"25";"11";"2023";"16:46";"2";"33";"33162";"2";"2";"1";"3";"Avenue du Taillan-Médoc";"44,87712000";" -0,64236000"
"202300006234";"22";"03";"2023";"19:49";"5";"75";"75107";"2";"1";"1";"3";"RUE DE BELLECHASSE";"48,85977300";"2,32433500"
"202300006235";"3";"05";"2023";"08:30";"1";"83";"83071";"1";"1";"1";"2";"D98";"43,15001800";"6,28262400"
"202300006236";"10";"07";"2023";"08:00";"1";"974";"97411";"2";"1";"1";"2";"EUCALYPTUS (ROUTE DES)";" -20,88517000";"55,43902000"
"202300006237";"25";"11";"2023";"07:00";"5";"33";"33063";"2";"1";"1";"3";"Quai Richelieu";"44,83903408";" -0,56775659"
"202300006238";"23";"03";"2023";"11:45";"1";"75";"75104";"2";"3";"1";"6";"RUE DE RIVOLI";"48,85508300";"2,36166300"
"202300006239";"9";"07";"2023";"09:45";"1";"974";"97411";"2";"4";"1";"3";"BOUGAINVILLEES (ROUTE DES)";" -20,89107000";"55,42121000"
"202300006240";"25";"11";"2023";"05:10";"3";"30";"30243";"1";"1";"6";"6";"MOULIN (AVENUE J.)";"44,05901000";"4,09149000"
"202300006241";"2";"05";"2023";"18:47";"1";"89";"89350";"1";"1";"1";"2";"autoroute A6 sens Lyon vers Paris";"48,01623800";"3,14410700"
"202300006242";"23";"03";"2023";"10:00";"1";"75";"75109";"2";"2";"1";"3";"RUE DE ROCHECHOUART";"48,87842400";"2,34511500"
"202300006243";"2";"05";"2023";"12:45";"1";"03";"03104";"1";"1";"1";"6";"D156";"46,33018700";"2,80288200"
"202300006244";"11";"07";"2023";"06:55";"1";"973";"97302";"2";"9";"1";"2";"FLAMBOYANTS (RUE DES)";"4,92460159";" -52,31781185"
"202300006245";"2";"05";"2023";"13:15";"1";"38";"38468";"2";"2";"1";"7";"Route de Chanas";"45,33649800";"4,81505900"
"202300006246";"25";"11";"2023";"19:35";"5";"27";"27375";"2";"3";"1";"3";"PARIS (CHAUSSEE DE)";"49,20691000";"1,18803000"
"202300006247";"22";"03";"2023";"17:00";"1";"94";"94081";"2";"1";"8";"2";"Avenue Rouget de Lisle";"48,78390329";"2,39337373"
"202300006248";"11";"07";"2023";"00:15";"3";"973";"97302";"2";"1";"2";"1";"TROUBIRAN (CHEMIN DE)";"4,93277168";" -52,29674846"
"202300006249";"3";"05";"2023";"14:50";"1";"07";"07268";"1";"1";"1";"7";"RD290";"44,30186200";"4,59451700"
"202300006250";"22";"03";"2023";"13:45";"1";"94";"94068";"2";"2";"1";"3";"28 Avenue des Falonnières";"48,78627000";"2,50367000"
"202300006251";"25";"11";"2023";"09:30";"1";"22";"22278";"2";"1";"7";"2";"TREGUEUX (DE)";"48,50019000";" -2,75691000"
"202300006252";"11";"07";"2023";"04:00";"5";"69";"69387";"2";"3";"1";"1";"Avenue Tony Garnier";"45,72983000";"4,82379000"
"202300006253";"22";"03";"2023";"00:40";"5";"94";"94052";"2";"2";"1";"3";"Boulevard Albert 1er";"48,83554000";"2,49386000"
"202300006254";"25";"04";"2023";"19:40";"1";"33";"33312";"2";"3";"8";"3";"Rue de Landegrand";"44,96030400";" -0,62097400"
"202300006255";"11";"07";"2023";"01:35";"5";"972";"97209";"2";"1";"2";"6";"SOLEIL LEVANT (BOULEVARD DU)";"14,62378000";" -61,03898000"
"202300006256";"25";"11";"2023";"19:30";"5";"14";"14715";"2";"1";"1";"2";"Route d'Aguesseau";"49,37249000";"0,12358000"
"202300006257";"11";"07";"2023";"21:45";"4";"2B";"2B033";"1";"1";"1";"6";"11 - RT";"42,66295000";"9,44204000"
"202300006258";"25";"11";"2023";"02:40";"5";"13";"13071";"2";"1";"1";"7";"RD 543";"43,41951000";"5,36686000"
"202300006259";"5";"06";"2023";"18:00";"1";"91";"91201";"2";"3";"1";"6";"BD HENRI BARBUSSE";"48,66478000";"2,41955000"
"202300006260";"22";"03";"2023";"19:08";"5";"94";"94046";"2";"1";"2";"6";"18 Avenue de la Liberté";"48,79612100";"2,43123100"
"202300006261";"6";"06";"2023";"11:40";"1";"91";"91421";"2";"1";"1";"7";"GARENNE (RUE DE LA)";"48,70047000";"2,44760000"
"202300006262";"23";"03";"2023";"13:30";"1";"94";"94011";"2";"1";"1";"6";"Chemin de la Pompadour";"48,76574000";"2,47619000"
"202300006263";"19";"10";"2023";"19:40";"5";"13";"13056";"2";"1";"2";"3";"RAYETTES";"43,41218000";"5,04337000"
"202300006264";"10";"07";"2023";"16:50";"1";"971";"97113";"1";"1";"1";"4";"GRAND BAIE ( RN4)";"16,21921000";" -61,51526000"