"Num_Acc";"jour";"mois";"an";"hrmn";"lum";"dep";"com";"agg";"int";"atm";"col";"adr";"lat";"long"
"202300006265";"4";"06";"2023";"22:00";"2";"91";"91027";"2";"1";"1";"3";"AV FRANCOIS MITTERRAND";"48,70194000";"2,37183000"
"202300006266";"23";"03";"2023";"12:20";"1";"94";"94022";"2";"3";"1";"3";"Avenue Léon Gourdault";"48,76240000";"2,40670000"
"202300006267";"11";"07";"2023";"18:45";"1";"2A";"2A004";"2";"1";"1";"6";"GRANDVAL COURS PAIR";"41,91810263";"8,73362929"
"202300006268";"25";"11";"2023";"23:30";"5";"13";"13208";"2";"1";"1";"2";"PARADIS (RUE)";"43,27133000";"5,38613000"
"202300006269";"4";"06";"2023";"12:00";"1";"91";"91479";"2";"1";"7";"6";"PL HENRI BARBUSSE";"48,71358000";"2,36314000"
"202300006270";"10";"07";"2023";"18:45";"1";"2A";"2A004";"2";"1";"1";"3";"MEZZAVIA ROUTE DE";"41,95199000";"8,77819000"
"202300006271";"25";"11";"2023";"09:30";"1";"13";"13005";"2";"1";"1";"1";"GOUMS (AVENUE DES)";"43,29281000";"5,56340000"
"202300006272";"23";"03";"2023";"13:15";"1";"94";"94069";"2";"6";"1";"2";"Rue du Maréchal Leclerc";"48,81499000";"2,46150000"
"202300006273";"29";"05";"2023";"00:15";"5";"91";"91174";"2";"3";"1";"7";"AV DU 8 MAI 1945";"48,61091000";"2,45329000"
"202300006274";"11";"07";"2023";"17:00";"1";"91";"91692";"2";"1";"1";"6";"CHAMPS LASNIERS (AVENUE)";"48,68683000";"2,16853000"
"202300006275";"24";"11";"2023";"15:15";"1";"06";"06159";"1";"1";"1";"1";"CONDAMINE (AVENUE DE LA)";"43,72159770";"7,33423040"
"202300006276";"23";"03";"2023";"19:00";"4";"93";"93071";"2";"1";"2";"3";"Boulevard Westinghouse";"48,92692700";"2,52005400"
"202300006277";"5";"06";"2023";"07:50";"1";"91";"91223";"2";"1";"7";"1";"PASTEUR (BOULEVARD)";"48,42881000";"2,14180000"
"202300006278";"23";"03";"2023";"12:30";"1";"93";"93070";"2";"9";"1";"2";"Rue du Landy Prolongée";"48,91791438";"2,33060762"
"202300006279";"10";"07";"2023";"19:50";"1";"91";"91477";"2";"2";"1";"6";"PASTEUR (RUE)";"48,71535000";"2,24841000"
"202300006280";"1";"11";"2023";"18:30";"5";"05";"05061";"2";"5";"2";"3";"TRAUNSTEIN (AVENUE DE)";"44,54249000";"6,05951000"
"202300006281";"21";"03";"2023";"12:20";"1";"93";"93053";"2";"9";"1";"1";"Rue de Brément";"48,88750224";"2,46488422"
"202300006282";"25";"11";"2023";"15:00";"1";"04";"04070";"2";"1";"7";"6";"TAMPINET (PL. DU)";"44,09152100";"6,23137300"
"202300006283";"10";"07";"2023";"12:45";"1";"91";"91657";"2";"3";"1";"3";"RUE DE LA LONGUERAIE";"48,71585900";"2,43673100"
"202300006284";"2";"06";"2023";"19:10";"1";"89";"89024";"2";"2";"1";"3";"JOFFRE (AVENUE)";"47,79838000";"3,55651000"
"202300006285";"23";"03";"2023";"23:05";"5";"93";"93048";"2";"3";"2";"1";"Rue de Rosny / Rue Saint Antoine";"48,86501300";"2,45364800"
"202300006286";"6";"07";"2023";"14:11";"1";"87";"87085";"2";"3";"1";"3";"PERRIN (RUE FRANCOIS)";"45,82674000";"1,23806000"
"202300006287";"24";"11";"2023";"23:00";"5";"75";"75112";"2";"1";"1";"2";"BD PERIPHERIQUE EXTERIEUR";"48,83134400";"2,40407800"
"202300006288";"4";"06";"2023";"01:00";"5";"88";"88209";"2";"2";"1";"3";"MOSELLE (RUE DE LA)";"48,19338000";"6,44157000"
"202300006289";"17";"03";"2023";"19:30";"5";"93";"93032";"2";"1";"2";"6";"Avenue Jean Jaurès";"48,88329579";"2,52826765"
"202300006290";"10";"07";"2023";"10:35";"1";"84";"84007";"2";"2";"1";"6";"C.De GAULLE (Rocade)";"43,93102000";"4,82563000"
"202300006291";"3";"06";"2023";"13:54";"1";"87";"87085";"2";"1";"1";"2";"BEAUBREUIL (PLACE DE)";"45,88029000";"1,29437000"
"202300006292";"23";"03";"2023";"07:50";"1";"93";"93031";"2";"1";"1";"1";"Avenue Jean Jaurès";"48,95411000";"2,31717000"
"202300006293";"11";"07";"2023";"08:25";"1";"83";"83137";"2";"1";"1";"6";"INFANTERIE DE MARINE (AVE D')";"43,11752000";"5,93590000"
"202300006294";"23";"11";"2023";"18:50";"5";"75";"75117";"2";"1";"1";"5";"PORTE DE CLICHY";"48,89503100";"2,30658900"
"202300006295";"22";"03";"2023";"16:05";"1";"93";"93010";"2";"1";"1";"2";"Avenue Galliéni";"48,90662200";"2,48563800"
"202300006296";"11";"07";"2023";"18:50";"1";"83";"83126";"2";"1";"1";"1";"PACHA (CORNICHE MICHEL)";"43,09313000";"5,90691000"
"202300006297";"3";"06";"2023";"01:57";"5";"87";"87085";"2";"2";"1";"3";"DUMAS (AVENUE GEORGES)";"45,82603000";"1,26801000"
"202300006298";"11";"07";"2023";"09:30";"1";"83";"83009";"2";"1";"1";"1";"LIBERATION (AVENUE DE LA)";"43,13873500";"5,76528200"
"202300006299";"23";"03";"2023";"07:00";"2";"93";"93008";"2";"3";"2";"6";"Chemin des Vignes / Rue Benoit Frachon";"48,90056188";"2,42881932"
"202300006300";"2";"06";"2023";"15:46";"1";"87";"87085";"1";"1";"1";"4";"AUTOROUTE A20";"45,85079000";"1,27624000"
"202300006301";"23";"11";"2023";"10:24";"1";"75";"75114";"2";"7";"1";"6";"AVENUE DU GENERAL LECLERC";"48,82802000";"2,32694900"
"202300006302";"23";"03";"2023";"19:00";"2";"93";"93005";"2";"1";"2";"2";"Boulevard Marc Chagall";"48,95260800";"2,49751700"
"202300006303";"7";"07";"2023";"11:20";"1";"83";"83123";"2";"1";"1";"6";"HUIDE (CHEMIN DE) N° IMPAIRS";"43,12540500";"5,80121500"
"202300006304";"3";"06";"2023";"06:25";"2";"86";"86194";"2";"1";"1";"2";"Boulevard Chasseigne";"46,58939300";"0,34679800"
"202300006305";"25";"11";"2023";"16:00";"1";"75";"75105";"2";"2";"8";"6";"BOULEVARD SAINT MICHEL";"48,85062100";"2,34281200"
"202300006306";"23";"03";"2023";"09:55";"1";"92";"92040";"2";"1";"1";"3";"PDT ROOSEVELT (QUAI DU)";"48,83165000";"2,26239000"
"202300006307";"11";"07";"2023";"11:00";"1";"83";"83061";"2";"1";"1";"1";"RUE DU DOCTEUR LOUIS TURCAN";"43,43358309";"6,73921466"
"202300006308";"6";"06";"2023";"15:20";"1";"83";"83137";"2";"3";"1";"3";"BRUNET (AVE DE)";"43,13003000";"5,96245000"
"202300006309";"23";"03";"2023";"08:02";"1";"92";"92026";"2";"1";"2";"6";"SAINT DENIS BD (120 A 174 / 199 A 315)";"48,89791657";"2,26342571"
"202300006310";"6";"06";"2023";"08:30";"1";"83";"83069";"2";"1";"1";"6";"STRASBOURG (COURS DE)";"43,12183006";"6,13105729"
"202300006311";"25";"11";"2023";"07:48";"2";"75";"75120";"2";"2";"1";"3";"AVENUE DE LA PORTE DE MONTREUIL";"48,85352900";"2,41079100"
"202300006312";"11";"07";"2023";"17:45";"1";"81";"81018";"1";"1";"1";"1";"RD 100";"43,96477000";"2,24111000"
"202300006313";"23";"03";"2023";"07:50";"1";"92";"92012";"2";"1";"8";"6";"JEAN BAPTISTE CLEMENT (AVENUE) 49/FIN -";"48,84237000";"2,23067000"
"202300006314";"25";"11";"2023";"14:15";"1";"75";"75115";"2";"1";"1";"6";"BOULEVARD DE GRENELLE";"48,85363500";"2,28988100"
"202300006315";"5";"06";"2023";"17:30";"1";"83";"83061";"1";"1";"2";"1";"D8";"43,42220000";"6,70532000"
"202300006316";"20";"01";"2023";"13:00";"1";"51";"51531";"1";"1";"4";"7";"D216";"48,77150450";"4,90179598"
"202300006317";"11";"07";"2023";"14:00";"1";"79";"79329";"2";"2";"1";"3";"N/A";"46,98083000";" -0,21420000"
"202300006318";"25";"11";"2023";"07:00";"5";"75";"75115";"2";"7";"1";"6";"PLACE D ALLERAY";"48,83627800";"2,30651100"
"202300006319";"6";"06";"2023";"18:20";"1";"78";"78502";"2";"1";"1";"3";"SAINT GERMAIN (AVENUE DE)";"48,88032000";"2,10862000"
"202300006320";"15";"03";"2023";"13:00";"1";"91";"91235";"2";"2";"1";"3";"Av du Dr Louis Francois Fichez";"48,63929100";"2,36189200"
"202300006321";"5";"06";"2023";"15:49";"1";"78";"78029";"2";"4";"1";"3";"PLATEAU (RUE DU)";"48,96007000";"1,85959000"
"202300006322";"24";"11";"2023";"02:15";"5";"75";"75115";"2";"2";"1";"3";"RUE DE LA CONVENTION";"48,83724000";"2,29641400"
"202300006323";"20";"03";"2023";"15:39";"1";"06";"06161";"2";"1";"1";"3";"2040 Route Départementale 6007";"43,63148600";"7,13460000"
"202300006324";"11";"07";"2023";"16:25";"1";"77";"77143";"2";"2";"7";"7";"D330";"48,97549000";"2,86545000"
"202300006325";"11";"07";"2023";"19:30";"1";"76";"76484";"2";"3";"1";"6";"Rue Emile Zola";"49,34660700";"1,09600000"
"202300006326";"24";"11";"2023";"23:10";"5";"75";"75114";"2";"2";"1";"2";"BOULEVARD BRUNE";"48,82465100";"2,31957600"
"202300006327";"20";"01";"2023";"15:00";"1";"974";"97412";"1";"1";"1";"6";"Rue de la Passerelle";" -21,37519100";"55,64965700"
"202300006328";"6";"06";"2023";"09:35";"1";"77";"77468";"2";"1";"7";"6";"EGLISE (PLACE DE L')";"48,85027000";"2,65322000"
"202300006329";"11";"07";"2023";"10:15";"1";"69";"69029";"2";"3";"1";"3";"Boulevard Pinel";"45,73512000";"4,88987000"
"202300006330";"17";"01";"2023";"19:00";"3";"972";"97210";"1";"1";"1";"1";"croix mission";"14,60645600";" -60,89478100"
"202300006331";"25";"11";"2023";"18:10";"5";"75";"75113";"2";"3";"1";"3";"BOULEVARD KELLERMANN";"48,82000600";"2,34709000"
"202300006332";"6";"06";"2023";"08:05";"1";"77";"77482";"2";"2";"1";"3";"VC";"48,37598000";"2,94481000"
"202300006333";"24";"02";"2023";"08:30";"1";"86";"86254";"1";"1";"1";"7";"D729";"46,39108600";"0,85134697"
"202300006334";"10";"07";"2023";"16:15";"1";"69";"69091";"2";"1";"1";"3";"Place Port du Bief";"45,58073000";"4,77872000"
"202300006335";"11";"07";"2023";"18:50";"1";"67";"67482";"2";"8";"1";"6";"COLMAR (AVENUE DE)";"48,55330000";"7,74434000"
"202300006336";"25";"11";"2023";"15:07";"1";"75";"75113";"2";"2";"1";"3";"RUE DE TOLBIAC";"48,82598900";"2,35365000"
"202300006337";"23";"03";"2023";"22:20";"3";"14";"14475";"1";"1";"3";"6";"A84";"49,11841019";" -0,57802970"
"202300006338";"5";"06";"2023";"09:55";"1";"77";"77255";"1";"8";"1";"3";"VC GARE  (AVENUE DE LA )";"48,50945000";"2,67944000"
"202300006339";"8";"04";"2023";"10:00";"1";"74";"74210";"1";"2";"1";"3";"D35_";"46,29712200";"6,45318600"
"202300006340";"11";"07";"2023";"07:30";"1";"67";"67204";"2";"6";"7";"3";"STADE (RUE DU)";"48,62640000";"7,76970000"
"202300006341";"23";"03";"2023";"15:30";"1";"80";"80792";"1";"4";"1";"1";"6 Rue du Chateau d?Eau";"50,07132100";"2,33135200"
"202300006342";"7";"12";"2023";"14:40";"1";"74";"74012";"2";"7";"1";"6";"MARCHES (PLACE DES)";"46,19130000";"6,23560000"
"202300006343";"6";"06";"2023";"07:30";"1";"77";"77014";"2";"1";"1";"3";"GARE (PLACE DE LA)";"48,41590000";"2,72571000"
"202300006344";"25";"11";"2023";"11:36";"1";"75";"75113";"2";"5";"1";"3";"RUE BOBILLOT";"48,82581100";"2,35036200"
"202300006345";"24";"03";"2023";"13:26";"1";"71";"71585";"1";"1";"2";"6";"D19";"46,84286400";"4,85265300"
"202300006346";"10";"07";"2023";"18:55";"1";"67";"67482";"2";"1";"1";"3";"LONDRES (RUE DE)";"48,57850000";"7,77308000"
"202300006347";"6";"06";"2023";"23:02";"5";"76";"76540";"2";"2";"1";"1";"Rue Henri Dunant";"49,46076000";"1,13549000"
"202300006348";"8";"07";"2023";"07:42";"1";"66";"66136";"2";"1";"1";"2";"N/A";"42,66218000";"2,92157000"
"202300006349";"14";"03";"2023";"21:15";"3";"89";"89074";"2";"1";"1";"3";"10 Rue du Vau";"48,31733000";"3,13192000"
"202300006350";"25";"11";"2023";"02:00";"5";"75";"75112";"2";"4";"1";"1";"AVENUE DU TREMBLAY";"48,83406200";"2,45493600"
"202300006351";"26";"10";"2023";"19:15";"5";"50";"50341";"2";"3";"1";"3";"D974";"49,48771200";" -1,38141300"
"202300006352";"4";"06";"2023";"11:45";"1";"76";"76540";"2";"1";"1";"2";"Route de Neufchâtel";"49,45260000";"1,09977000"
"202300006353";"7";"07";"2023";"09:28";"1";"66";"66136";"2";"3";"1";"3";"N/A";"42,69116000";"2,88189000"
"202300006354";"24";"11";"2023";"17:50";"5";"75";"75110";"2";"2";"1";"6";"RUE DU FAUBOURG SAINT MARTIN";"48,87176300";"2,35718400"
"202300006355";"10";"07";"2023";"06:10";"2";"64";"64483";"2";"3";"1";"2";"RD810";"43,40170000";" -1,63696000"
"202300006356";"29";"11";"2023";"11:40";"1";"971";"97118";"1";"1";"1";"2";"N1";"16,17803700";" -61,59493400"
"202300006357";"5";"06";"2023";"18:05";"1";"76";"76351";"2";"4";"1";"2";"AUGUSTE BLANQUI (PONT)";"49,50047000";"0,16248000"
"202300006358";"24";"03";"2023";"05:15";"3";"68";"68291";"1";"1";"2";"6";"D8";"47,84357900";"7,47739800"
"202300006359";"11";"07";"2023";"22:25";"5";"64";"64102";"2";"6";"2";"3";"COMPAGNET (GIRATOIRE DE)";"43,46041000";" -1,49551000"
"202300006360";"24";"11";"2023";"22:10";"5";"75";"75110";"2";"3";"1";"4";"RUE LA FAYETTE";"48,88061600";"2,36199900"
"202300006361";"23";"03";"2023";"15:17";"1";"25";"25532";"1";"1";"8";"6";"RN57";"47,20639200";"6,12337600"
"202300006362";"5";"06";"2023";"18:30";"1";"76";"76351";"2";"3";"1";"6";"PIERRE FARCIS";"49,51712000";"0,09783000"
"202300006363";"31";"01";"2023";"13:50";"1";"64";"64284";"2";"2";"1";"3";"VALLEES DES";"43,29298000";" -0,38668000"
"202300006364";"24";"03";"2023";"00:59";"3";"29";"29170";"1";"1";"2";"6";"Route de Pont l'Abbe";"47,94561100";" -4,17184100"
"202300006365";"11";"07";"2023";"20:43";"1";"64";"64102";"2";"1";"1";"6";"SALA (QUAI AMIRAL ANTOINE)";"43,49559000";" -1,47149000"
"202300006366";"24";"11";"2023";"21:50";"5";"75";"75104";"2";"1";"1";"2";"QUAI HENRI IV";"48,84772500";"2,36432000"
"202300006367";"3";"06";"2023";"02:50";"5";"76";"76351";"2";"1";"1";"2";"REPUBLIQUE (COURS DE LA)";"49,49123000";"0,12111000"
"202300006368";"22";"03";"2023";"17:30";"2";"38";"38547";"1";"1";"1";"7";"Avenue des Papeteries";"45,24104500";"5,89558700"
"202300006369";"10";"07";"2023";"19:30";"1";"63";"63300";"1";"3";"1";"3";"RD224 /chemin de Mariol";"45,88876000";"3,16372000"
"202300006370";"2";"06";"2023";"15:35";"1";"76";"76351";"2";"1";"1";"7";"JULES LECESNE (RUE)";"49,49265133";"0,11739492"
"202300006371";"25";"11";"2023";"12:40";"1";"75";"75103";"2";"4";"1";"6";"RUE SAINT MARTIN";"48,86900400";"2,35562000"
"202300006372";"24";"03";"2023";"08:00";"1";"03";"03103";"2";"1";"2";"6";"21 Place de la République";"46,35053400";"3,79388800"
"202300006373";"20";"10";"2023";"11:35";"1";"38";"38318";"1";"1";"1";"5";"LAVERLOCHERE(RUE)";"45,52083000";"4,92007000"
"202300006374";"24";"03";"2023";"03:30";"3";"01";"01230";"1";"1";"1";"6";"D975";"46,43663300";"5,09317200"
"202300006375";"4";"07";"2023";"22:30";"3";"59";"59369";"1";"1";"2";"6";"RD 40";"50,30754900";"3,47031600"
"202300006376";"2";"06";"2023";"20:20";"2";"76";"76351";"2";"2";"1";"4";"LENINGRAD (BD DE)";"49,49707000";"0,15077000"
"202300006377";"25";"11";"2023";"19:45";"5";"94";"94080";"2";"2";"1";"3";"Rue de Fontenay";"48,84822000";"2,43710000"
"202300006378";"20";"01";"2023";"02:00";"3";"58";"58278";"1";"1";"1";"6";"D13";"46,96733100";"3,17507000"
"202300006379";"3";"10";"2023";"10:22";"1";"38";"38544";"2";"1";"7";"6";"JEAN MOULIN(RUE)";"45,51032000";"4,85640000"
"202300006380";"10";"07";"2023";"17:10";"1";"59";"59279";"2";"1";"1";"1";"LEMIRE (RUE DE L'ABBE)";"50,78547000";"3,13990000"
"202300006381";"25";"11";"2023";"14:45";"1";"94";"94042";"2";"1";"1";"3";"Rue Charles Pathe";"48,82001300";"2,47146600"
"202300006382";"24";"03";"2023";"07:45";"2";"66";"66098";"2";"1";"1";"1";"20 Rue de la Quillane";"42,52778400";"2,12267900"
"202300006383";"3";"06";"2023";"23:30";"5";"76";"76447";"2";"1";"1";"2";"MARECHAL FOCH";"49,53270000";"0,18912000"
"202300006384";"23";"09";"2023";"10:20";"1";"38";"38544";"1";"1";"1";"5";"CD 41";"45,52173000";"4,90531000"
"202300006385";"24";"11";"2023";"18:20";"5";"94";"94046";"2";"1";"1";"6";"Rue de Mesly";"48,79714400";"2,44090900"
"202300006386";"10";"07";"2023";"07:04";"1";"59";"59512";"2";"2";"1";"3";"ARMENTIERES (BOULEVARD D')";"50,70015000";"3,16132000"
"202300006387";"23";"03";"2023";"15:30";"1";"54";"54135";"1";"1";"2";"6";"D4";"48,52996800";"5,88497600"
"202300006388";"30";"05";"2023";"14:30";"1";"76";"76351";"2";"2";"1";"6";"GUSTAVE BRINDEAU (RUE)";"49,49354000";"0,13901000"
"202300006389";"20";"09";"2023";"18:03";"2";"38";"38544";"2";"3";"1";"3";"JEAN MOULIN(RUE)";"45,50818000";"4,85966000"
"202300006390";"11";"07";"2023";"08:00";"1";"59";"59328";"2";"6";"1";"3";"ALLIANCE NORD OUEST BVD DE L";"50,65650308";"3,01464200"
"202300006391";"3";"06";"2023";"20:30";"1";"76";"76351";"2";"9";"1";"3";"VERDUN (RUE DE)";"49,50223000";"0,15802000"
"202300006392";"24";"03";"2023";"15:50";"1";"54";"54312";"1";"1";"1";"6";"RD 910 ";"48,92418800";"6,09615800"
"202300006393";"25";"11";"2023";"09:55";"1";"94";"94041";"2";"5";"1";"3";"Boulevard Paul Vaillant Couturier";"48,81662938";"2,39962703"
"202300006394";"16";"09";"2023";"15:53";"1";"38";"38544";"2";"1";"8";"6";"BRILLIER(COUR)";"45,52165000";"4,87314000"
"202300006395";"6";"07";"2023";"16:00";"1";"59";"59350";"2";"7";"1";"2";"Avenue Le Corbusier";"50,63761000";"3,07150000"
"202300006396";"5";"06";"2023";"20:30";"1";"74";"74298";"2";"1";"1";"6";"MAIRIE (PLACE DE LA )";"46,17448700";"6,25750100"
"202300006397";"4";"08";"2023";"18:05";"2";"38";"38544";"2";"1";"1";"6";"ST MARCEL(MONTEE)";"45,51880000";"4,88000000"
"202300006398";"24";"03";"2023";"14:00";"1";"50";"50453";"1";"2";"8";"3";"Rue des Etangs";"48,81726200";" -1,19665100"
"202300006399";"10";"07";"2023";"16:05";"1";"59";"59476";"2";"1";"7";"3";"PARIS (ROUTE DE)";"50,15662221";"3,22314084"
"202300006400";"4";"12";"2023";"08:38";"1";"74";"74305";"2";"1";"1";"6";"VOIRONS (RUE DES)";"46,20104000";"6,26195000"
"202300006401";"25";"11";"2023";"00:10";"5";"94";"94038";"2";"3";"1";"3";"Avenue Henri Barbusse";"48,78334000";"2,32805000"
"202300006402";"21";"03";"2023";"08:30";"1";"60";"60686";"1";"1";"1";"2";"D92";"49,20502227";"2,38538303"
"202300006403";"5";"06";"2023";"22:12";"5";"72";"72181";"2";"1";"1";"7";"NEGRIER GENERAL (BD) N° IMP";"48,01020000";"0,20691000"
"202300006404";"11";"07";"2023";"07:30";"1";"51";"51454";"2";"1";"7";"6";"WITRY (ROUTE DE)";"49,26510000";"4,06036000"
"202300006405";"25";"11";"2023";"03:55";"5";"94";"94077";"2";"1";"1";"6";"Avenue de la République";"48,73111364";"2,42209241"
"202300006406";"3";"12";"2023";"10:10";"1";"74";"74010";"2";"1";"1";"6";"FINS (SECTEUR 410)";"45,91936000";"6,12117000"
"202300006407";"25";"11";"2023";"03:30";"5";"94";"94018";"2";"1";"1";"6";"Av du Mal de Lattre de Tassigny";"48,82291900";"2,41980400"
"202300006408";"5";"06";"2023";"15:10";"1";"72";"72181";"2";"9";"1";"3";"ANGEVINIERE (RUE DE L')";"47,98306000";"0,17338000"
"202300006409";"10";"07";"2023";"19:52";"1";"51";"51454";"2";"1";"1";"2";"CHALONS (ROUTE DE) RN 44";"49,23619300";"4,07190100"
"202300006410";"3";"06";"2023";"16:35";"1";"72";"72181";"1";"1";"1";"2";"PATTON GENERAL RTE ST-AUBIN A AV RUBILLA";"48,03102741";"0,17897844"
"202300006411";"24";"03";"2023";"06:20";"3";"64";"64211";"1";"2";"1";"6";"42";"43,28974100";" -0,12967900"
"202300006412";"25";"11";"2023";"06:40";"5";"93";"93059";"2";"1";"1";"1";"Avenue Laënnec";"48,96220200";"2,37165100"
"202300006413";"8";"07";"2023";"18:33";"1";"49";"49007";"2";"3";"1";"3";"ARAGON AVENUE";"47,47255000";" -0,56585000"
"202300006414";"5";"06";"2023";"12:40";"1";"71";"71076";"2";"1";"1";"3";"RICHARD (RUE ANTONIN)";"46,79370000";"4,83750000"
"202300006415";"30";"11";"2023";"18:20";"5";"56";"56260";"2";"2";"1";"3";"RESISTANCE(BLD DE LA) 4 A DDASS";"47,64623000";" -2,78005000"
"202300006416";"6";"07";"2023";"19:50";"1";"48";"48095";"2";"1";"1";"7";"GORGES DU TARN (AVENUE DES)";"44,51167600";"3,47111300"
"202300006417";"24";"11";"2023";"21:40";"5";"93";"93051";"2";"3";"1";"6";"Rue de la République / Rue de la Comédie";"48,84620000";"2,55217000"
"202300006418";"14";"03";"2023";"15:15";"1";"36";"36064";"1";"2";"1";"3";"N/A";"46,82961600";"1,81179500"
"202300006419";"6";"06";"2023";"19:50";"1";"69";"69282";"2";"1";"1";"6";"8 Rue du 8 Mai 1945";"45,76986000";"5,00171000"
"202300006420";"24";"03";"2023";"02:58";"3";"07";"07204";"2";"1";"1";"6";"lotissement lichessol";"44,98362100";"4,42887400"
"202300006421";"11";"07";"2023";"19:00";"1";"44";"44109";"2";"1";"1";"1";"14 Rue de la Bottière";"47,23798100";" -1,52234670"
"202300006422";"24";"11";"2023";"16:45";"2";"93";"93033";"2";"7";"1";"3";"Place Churchill / Rue Henri Guèrin";"48,85908000";"2,58139000"
"202300006423";"23";"03";"2023";"22:30";"3";"24";"24526";"1";"1";"2";"7";"Bois Quatre Routes du Breu";"45,37792400";"1,18164700"
"202300006424";"6";"06";"2023";"16:24";"1";"69";"69266";"2";"6";"1";"3";"Cours André Philip";"45,77237035";"4,86590666"
"202300006425";"20";"10";"2023";"06:35";"5";"94";"94028";"2";"1";"2";"6";"Place des Alizes";"48,77024000";"2,46137000"
"202300006426";"10";"07";"2023";"15:20";"1";"42";"42207";"2";"2";"1";"3";"Rue Victor Hugo";"45,47435000";"4,51421000"
"202300006427";"25";"11";"2023";"18:30";"5";"93";"93032";"2";"1";"8";"2";"Rue Contant";"48,88668000";"2,53306000"
"202300006428";"18";"01";"2023";"01:10";"3";"85";"85273";"1";"9";"8";"6";"RD948";"46,88887000";" -1,97546000"
"202300006429";"6";"07";"2023";"11:16";"1";"83";"83019";"1";"1";"1";"7";"N/A";"43,15038105";"6,30673447"
"202300006430";"27";"12";"2023";"15:55";"1";"65";"65083";"2";"1";"1";"7";"N/A";"43,16512240";"0,11017040"
"202300006431";"25";"11";"2023";"19:35";"5";"93";"93031";"2";"3";"1";"3";"Avenue de la République / Rue Henri Dunant";"48,95163000";"2,32086000"
"202300006432";"19";"03";"2023";"15:30";"1";"17";"17466";"1";"9";"1";"3";"N11";"46,21388700";" -0,99030900"
"202300006433";"5";"06";"2023";"08:15";"1";"67";"67482";"2";"3";"1";"3";"LEBLOIS (BOULEVARD)";"48,58220000";"7,77140000"
"202300006434";"10";"07";"2023";"16:45";"1";"37";"37208";"2";"1";"1";"1";"GRAND COUR (RUE DE)";"47,36296000";"0,71552000"
"202300006435";"16";"09";"2023";"14:15";" -1";"65";"65239";"1";"1";" -1";"7";"RD 26 Route du Col de Coupe";"43,03030481";"0,34006161"
"202300006436";"22";"03";"2023";"12:10";"1";"87";"87041";"1";"1";"1";"1";"D44";"46,14729800";"1,29057200"
"202300006437";"4";"06";"2023";"14:30";"1";"67";"67482";"2";"1";"1";"3";"CHEMIN DE FER (RUE DU)";"48,58693000";"7,71064000"
"202300006438";"25";"11";"2023";"14:25";"1";"93";"93029";"2";"1";"1";"2";"Avenue Henri Barbusse";"48,91954300";"2,45084500"
"202300006439";"18";"01";"2023";"06:35";"3";"35";"35210";"1";"1";"8";"6";"N/A";"48,14345400";" -1,77888300"
"202300006440";"10";"10";"2023";"08:00";"1";"69";"69264";"2";"2";"1";"5";"Rue Loyson de Chastelus";"45,98661000";"4,72497000"
"202300006441";"4";"06";"2023";"00:45";"5";"67";"67482";"2";"1";"1";"2";"DOUBS (RUE DU)";"48,55534000";"7,73354000"
"202300006442";"25";"11";"2023";"08:20";"1";"93";"93029";"2";"1";"1";"3";"Avenue Henri Barbusse";"48,92280000";"2,45761000"
"202300006443";"11";"07";"2023";"17:10";"1";"35";"35238";"1";"1";"1";"4";"RN136";"48,14214000";" -1,65598000"
"202300006444";"24";"03";"2023";"17:40";"2";"06";"06067";"1";"1";"1";"1";"Tunnel de la Coupière - A8 - PK 216.300";"43,77757000";"7,44905200"
"202300006445";"24";"10";"2023";"09:30";"1";"75";"75107";"2";"4";"8";"3";"RUE DU BAC";"48,85661500";"2,32686400"
"202300006446";"4";"06";"2023";"19:20";"1";"67";"67482";"2";"3";"1";"3";"LA FONTAINE (BOULEVARD)";"48,58882000";"7,70648000"
"202300006447";"25";"11";"2023";"19:50";"5";"93";"93030";"2";"1";"1";"2";"Avenue du Général de Gaulle";"48,94796000";"2,41400000"
"202300006448";"24";"03";"2023";"13:00";"1";"69";"69026";"1";"1";"8";"1";"14 Route de Fontmartin";"45,89472800";"4,59552500"
"202300006449";"11";"07";"2023";"19:35";"2";"33";"33192";"2";"2";"1";"1";"Rue du Marais";"44,77469000";" -0,59720000"
"202300006450";"30";"12";"2023";"23:25";"3";"49";"49301";"1";"1";"1";"1";"D158";"47,09133959";" -1,03498469"
"202300006451";"2";"06";"2023";"08:21";"1";"66";"66172";"1";"1";"1";"2";"";"42,70068000";"2,86473000"
"202300006452";"25";"11";"2023";"10:45";"1";"93";"93008";"2";"2";"1";"6";"Avenue Louis Aragon / Rue de la Paix";"48,91491000";"2,44090000"
"202300006453";"28";"02";"2023";"08:27";"1";"76";"76484";"1";"1";"1";"2";"A13";"49,34123700";"1,06598500"
"202300006454";"11";"07";"2023";"10:35";"1";"33";"33550";"2";"2";"1";"2";"Avenue des Pyrénées";"44,76222000";" -0,55885000"
"202300006455";"29";"10";"2023";"14:00";"1";"14";"14715";"2";"1";"1";"6";"19 Route de Honfleur";"49,37778800";"0,09702800"
"202300006456";"21";"03";"2023";"17:50";"1";"971";"97125";"2";"1";"1";"6";"avenue de l'europe";"16,27423700";" -61,26789800"
"202300006457";"1";"06";"2023";"17:07";"1";"66";"66136";"2";"1";"1";"2";"";"42,70192000";"2,89572000"
"202300006458";"24";"11";"2023";"17:45";"5";"93";"93005";"2";"2";"1";"3";"Route de Mitry / Allee du Docteur Claude Bernard";"48,95034100";"2,52321400"
"202300006459";"25";"11";"2023";"05:55";"5";"84";"84035";"1";"1";"1";"2";"DUNANT (AVENUE HENRY)";"43,81511000";"5,04447000"