"Num_Acc";"jour";"mois";"an";"hrmn";"lum";"dep";"com";"agg";"int";"atm";"col";"adr";"lat";"long"
"202300006655";"26";"09";"2023";"16:55";"1";"25";"25200";"2";"2";"1";"2";"Route de Vesoul";"47,33112300";"6,01166700"
"202300006656";"11";"07";"2023";"17:50";"1";"93";"93072";"2";"1";"1";"2";"Avenue de Stalingrad";"48,95179174";"2,38825265"
"202300006657";"22";"11";"2023";"09:00";"2";"45";"45234";"2";"1";"1";"6";"Place du Martroi";"47,90265000";"1,90356000"
"202300006658";"6";"06";"2023";"08:50";"1";"35";"35238";"2";"2";"1";"3";"VITRE (BLD DE)";"48,11571000";" -1,64838000"
"202300006659";"11";"07";"2023";"16:52";"1";"93";"93070";"2";"1";"1";"2";"Rue du Docteur Bauer";"48,90799000";"2,34051000"
"202300006660";"25";"11";"2023";"01:20";"3";"45";"45137";"1";"1";"1";"6";"D2152 PR 29 + 470";"48,12859400";"2,19742000"
"202300006661";"19";"08";"2023";"10:05";"1";"13";"13213";"2";"3";"1";"3";"ALBERT EINSTEIN (RUE)";"43,33710584";"5,43532788"
"202300006662";"5";"06";"2023";"17:20";"1";"35";"35238";"2";"1";"1";"6";"NANTES (DE)";"48,09122000";" -1,69223000"
"202300006663";"1";"10";"2023";"13:15";"1";"38";"38185";"2";"3";"1";"3";"LIBERATION ET DU GENERAL DE GAULLE (COUR";"45,17773000";"5,71545000"
"202300006664";"20";"03";"2023";"08:10";"1";"974";"97411";"2";"1";"1";"3";"RAMBAUD (LEOPOLD)";" -20,88641000";"55,49250000"
"202300006665";"11";"07";"2023";"08:00";"1";"93";"93070";"2";"1";"1";"3";"Rue du Landy";"48,91659223";"2,33424484"
"202300006666";"18";"08";"2023";"10:00";"1";"13";"13210";"2";"1";"1";"3";"L ARMEE D AFRIQUE (CHEMIN DE L')";"43,28594713";"5,41866879"
"202300006667";"22";"03";"2023";"12:45";"1";"974";"97407";"2";"1";"1";"6";"20 DECEMBRE 1948(AVENUE DU)";" -20,93781000";"55,29865000"
"202300006668";"5";"06";"2023";"09:00";"1";"34";"34301";"2";"1";"1";"3";"21 Rue Montmorency";"43,40650000";"3,69288000"
"202300006669";"11";"07";"2023";"14:45";"1";"93";"93053";"2";"3";"1";"6";"Boulevard Michelet / Rue Condorcet";"48,88870000";"2,45749000"
"202300006670";"24";"11";"2023";"19:45";"5";"74";"74305";"2";"3";"2";"6";"COTES (CHEMIN DES)";"46,20520000";"6,26530000"
"202300006671";"28";"06";"2023";"06:40";"2";"13";"13215";"2";"1";"1";"3";"PADOUANE (BD DE LA )";"43,35330000";"5,36590000"
"202300006672";"5";"06";"2023";"15:40";"1";"34";"34172";"2";"1";"1";"6";"RM66";"43,60743000";"3,91640000"
"202300006673";"22";"03";"2023";"08:32";"1";"973";"97302";"2";"1";"1";"6";"VOLTAIRE(AVENUE)";"4,94170343";" -52,32515359"
"202300006674";"11";"07";"2023";"13:17";"1";"93";"93053";"2";"9";"1";"3";"Boulevard Michelet";"48,88993068";"2,45867848"
"202300006675";"21";"03";"2023";"09:24";"1";"973";"97302";"2";"6";"1";"6";"MONTABO (ROUTE DE) 2";"4,92722000";" -52,28985000"
"202300006676";"25";"11";"2023";"23:20";"3";"13";"13105";"1";"1";"6";"6";"Chemin des Brayettes";"43,74773100";"5,08599400"
"202300006677";"4";"06";"2023";"16:55";"1";"34";"34336";"2";"3";"1";"3";"49 Rue Jean Laurès";"43,31751000";"3,28035000"
"202300006678";"24";"10";"2023";"14:30";"1";"13";"13028";"2";"3";"1";"3";"CARDINAL MAURIN (AVENUE )";"43,17128000";"5,60281000"
"202300006679";"17";"08";"2023";"19:24";"1";"13";"13211";"2";"6";"1";"2";"VALENTINE (ROUTE DE LA)";"43,29004000";"5,47624000"
"202300006680";"11";"07";"2023";"18:30";"1";"93";"93048";"2";"2";"1";"6";"Rue de Stalingrad / Rue Désiré Chevalier";"48,85692108";"2,44480401"
"202300006681";"22";"03";"2023";"18:20";"1";"69";"69383";"2";"2";"1";"6";"Rue de la Bannière";"45,75330000";"4,85640000"
"202300006682";"15";"10";"2023";"19:24";"3";"13";"13033";"1";"1";"6";"7";"D5";"43,34735500";"5,18314400"
"202300006683";"24";"11";"2023";"17:30";"3";"89";"89257";"2";"7";"2";"6";"Place Henri Dunant";"47,96331600";"3,51084900"
"202300006684";"17";"08";"2023";"15:45";"1";"13";"13208";"2";"9";"1";"3";"PIERRE GUERRE (ROND-POINT)";"43,25010000";"5,38886000"
"202300006685";"10";"07";"2023";"22:35";"5";"93";"93046";"2";"9";"1";"1";"Av du Consul General Nordling";"48,91721200";"2,53317905"
"202300006686";"26";"11";"2023";"04:40";"3";"89";"89050";"2";"1";"1";"6";"Rue du Seche Bouteille";"47,92710600";"3,54090600"
"202300006687";"22";"03";"2023";"17:30";"1";"69";"69388";"2";"1";"1";"6";"Avenue Berthelot";"45,73948000";"4,86030000"
"202300006688";"5";"06";"2023";"02:15";"3";"34";"34003";"2";"6";"1";"3";"1 Rond Point des Vignerons";"43,30879000";"3,47679000"
"202300006689";"25";"06";"2023";"11:45";"1";"22";"22077";"1";"1";"1";"7";"Le Maupas";"48,53433300";" -2,47304000"
"202300006690";"17";"08";"2023";"01:37";"5";"13";"13215";"2";"2";"1";"3";"MADRAGUE VILLE (RUE)";"43,34110000";"5,35189000"
"202300006691";"25";"11";"2023";"23:15";"3";"38";"38529";"1";"1";"1";"6";"Route de Prémol";"45,10188400";"5,84700600"
"202300006692";"22";"03";"2023";"18:10";"1";"69";"69388";"2";"1";"1";"1";"27 Avenue Jean Mermoz";"45,73541000";"4,87243000"
"202300006693";"23";"11";"2023";"07:30";"2";"74";"74118";"2";"1";"8";"3";"DE GAULLE (RUE CHARLES)";"46,16563000";"6,18789000"
"202300006694";"10";"07";"2023";"23:45";"5";"93";"93007";"2";"2";"1";"3";"Avenue Henri Barbusse / Rue Joseph Darriet";"48,94198000";"2,46452000"
"202300006695";"6";"06";"2023";"08:15";"1";"33";"33249";"2";"1";"1";"3";"Avenue de Paris";"44,88515000";" -0,50821000"
"202300006696";"16";"08";"2023";"20:40";"2";"13";"13214";"2";"1";"1";"6";"SIMON BOLIVAR (BOULEVARD)";"43,34443089";"5,37820676"
"202300006697";"22";"03";"2023";"12:05";"1";"69";"69387";"2";"7";"1";"6";"8 Place Jean Macé";"45,74565000";"4,84272000"
"202300006698";"23";"11";"2023";"08:53";"1";"47";"47001";"2";"6";"1";"6";"1019 avenue de cahors";"44,21393666";"0,65104937"
"202300006699";"25";"11";"2023";"10:15";"1";"69";"69206";"1";"1";"1";"1";"Route Départementale 306";"46,04261600";"4,71689000"
"202300006700";"5";"06";"2023";"12:45";"1";"33";"33318";"2";"1";"1";"6";"Avenue du Maréchal Juin";"44,79408000";" -0,62895000"
"202300006701";"16";"08";"2023";"13:50";"1";"13";"13210";"2";"9";"1";"1";"CAPELETTE (AVENUE DE LA)";"43,27959000";"5,41061000"
"202300006702";"11";"07";"2023";"19:00";"1";"93";"93001";"2";"2";"1";"3";"Avenue du Président Roosevelt / Rue Schaeffer";"48,91705000";"2,37972000"
"202300006703";"22";"03";"2023";"11:30";"1";"972";"97209";"2";"1";"1";"2";"BISHOP (Avenue Maurice)";"14,60903000";" -61,05570000"
"202300006704";"25";"11";"2023";"23:02";"3";"31";"31318";"1";"1";"1";"6";"D10";"43,22415300";"0,97393200"
"202300006705";"16";"08";"2023";"12:20";"1";"13";"13203";"2";"1";"1";"6";"CAMILLE PELLETAN (AVENUE)";"43,30629000";"5,37327000"
"202300006706";"6";"10";"2023";"10:20";"1";"13";"13051";"1";"1";"1";"2";"A7, PK 242+900 sens nord-sud";"43,58653000";"5,20103900"
"202300006707";"22";"03";"2023";"12:00";"1";"95";"95019";"2";"1";"2";"6";"Rue Jean Jaurès";"48,98727000";"2,41956000"
"202300006708";"26";"11";"2023";"14:00";"1";"40";"40301";"2";"1";"1";"7";"D72";"43,65016000";" -1,13421600"
"202300006709";"10";"07";"2023";"17:05";"1";"92";"92050";"2";"1";"1";"2";"JOFFRE MARECHAL AVENUE DU";"48,88556036";"2,19624585"
"202300006710";"16";"08";"2023";"12:15";"1";"13";"13206";"2";"1";"1";"6";"BRETEUIL (RUE)";"43,28598398";"5,37756868"
"202300006711";"5";"06";"2023";"09:30";"1";"33";"33039";"2";"2";"1";"3";"Boulevard Jean-Jacques Bosc";"44,81695230";" -0,54850370"
"202300006712";"16";"08";"2023";"12:15";"1";"13";"13214";"2";"1";"1";"2";"LAVOISIER (BOULEVARD)";"43,33859018";"5,36853100"
"202300006713";"25";"10";"2023";"19:30";"5";"33";"33449";"2";"1";"2";"6";"Avenue Descartes";"44,88490700";" -0,69176300"
"202300006714";"16";"06";"2023";"00:59";"5";"92";"92007";"2";"1";"1";"6";"REPUBLIQUE AV. AUTRES N° ET METRO";"48,81029000";"2,30207000"
"202300006715";"5";"06";"2023";"11:40";"1";"33";"33529";"2";"1";"1";"3";"RD 1250 (Camicas - Sortie Dune)";"44,64744000";" -1,15803000"
"202300006716";"21";"03";"2023";"17:50";"1";"91";"91471";"2";"1";"1";"7";"DUBREUIL (BOULEVARD)";"48,69839000";"2,18716000"
"202300006717";"29";"12";"2023";"09:15";"1";"69";"69286";"1";"1";"2";"3";"Autoroute 46";"45,84937000";"4,91135000"
"202300006718";"17";"08";"2023";"14:25";"1";"13";"13063";"1";"2";"1";"3";"BELVAL CHEMIN DE";"43,58263000";"5,03559000"
"202300006719";"11";"07";"2023";"19:10";"1";"92";"92026";"2";"2";"1";"3";"COLOMBES";"48,89883888";"2,25665385"
"202300006720";"21";"03";"2023";"17:14";"1";"87";"87085";"2";"2";"1";"7";"LATTRE-DE-TASSIGNY (AVENUE DU MARECHAL)";"45,82560000";"1,27881000"
"202300006721";"25";"11";"2023";"18:55";"2";"44";"44026";"1";"1";"1";"5";"Chemin de la Pintinière";"47,30154500";" -1,47654000"
"202300006722";"6";"06";"2023";"07:19";"1";"31";"31555";"2";"1";"1";"1";"ROSTAND (RUE EDMOND) DU 2AU 187";"43,64407890";"1,46394700"
"202300006723";"7";"08";"2023";"09:00";"1";"10";"10238";"1";"1";"1";"7";"14 rue du lac";"48,25684000";"4,33857600"
"202300006724";"16";"08";"2023";"17:05";"1";"13";"13047";"2";"2";"1";"3";"ASPIC RUE DE L'";"43,50986069";"4,99739332"
"202300006725";"20";"08";"2023";"09:00";"1";"44";"44128";"1";"1";"1";"7";"N/A";"47,55680298";" -1,94260729"
"202300006726";"21";"03";"2023";"15:08";"1";"87";"87085";"2";"1";"1";"7";"VANTEAUX (BOULEVARD DE)";"45,82139000";"1,24095000"
"202300006727";"11";"07";"2023";"10:25";"1";"92";"92026";"2";"1";"1";"3";"VERDUN (DE 62 A FIN)";"48,90142398";"2,25981966"
"202300006728";"26";"11";"2023";"11:20";"1";"35";"35107";"1";"1";"1";"6";"D26";"48,25551152";" -1,53031021"
"202300006729";"6";"06";"2023";"19:00";"1";"29";"29232";"1";"1";"1";"3";"Route de Rosporden";"47,98593400";" -4,04400587"
"202300006730";"21";"12";"2023";"15:25";"1";"44";"44069";"2";"1";" -1";"7";"Route des Paludiers";"47,33321700";" -2,46855000"
"202300006731";"11";"07";"2023";"13:15";"1";"92";"92012";"2";"1";"1";"7";"VICTOR HUGO (AVENUE) DEBUT/47 BIS- DEBUT";"48,83425105";"2,24393874"
"202300006732";"14";"08";"2023";"17:00";"1";"13";"13028";"2";"3";"1";"3";"DULAC (AVENUE GUILLAUME)";"43,18678000";"5,60769000"
"202300006733";"6";"06";"2023";"15:35";"1";"29";"29232";"2";"6";"1";"6";"Boulevard Louis le Guennec";"47,97940000";" -4,09536000"
"202300006734";"25";"11";"2023";"23:50";"3";"62";"62235";"1";"1";"1";"6";"D940";"50,63746854";"1,64443162"
"202300006735";"21";"03";"2023";"13:31";"1";"87";"87085";"2";"2";"1";"3";"SABLARD (AVENUE DE)";"45,82817000";"1,28218000"
"202300006736";"10";"06";"2023";"13:15";"1";"92";"92002";"2";"4";"1";"3";"RAYMON ARON (AVENUE)";"48,77048880";"2,31201857"
"202300006737";"16";"08";"2023";"11:15";"1";"13";"13005";"2";"4";"1";"3";"GOUMS (AVENUE DES)";"43,29305000";"5,56313000"
"202300006738";"24";"11";"2023";"18:40";"5";"13";"13213";"1";"1";"1";"3";"A507 sens Marseille - Aubagne";"43,32982403";"5,40543437"
"202300006739";"5";"06";"2023";"20:20";"1";"28";"28134";"2";"1";"1";"2";"ROND POINT DES LIVRAINDIERES";"48,74808000";"1,35110000"
"202300006740";"12";"07";"2023";"11:02";"1";"2A";"2A174";"1";"1";"1";"6";"Bocca di Sorrù (Col de montagne)";"42,17565300";"8,86032900"
"202300006741";"18";"08";"2023";"17:35";"1";"13";"13001";"2";"9";"1";"3";"ROI RENE (BD DU)";"43,52401114";"5,45008597"
"202300006742";"25";"11";"2023";"17:00";"2";"91";"91689";"1";"1";"1";"6";"AUTOROUTE A6B";"48,74112000";"2,32109000"
"202300006743";"21";"12";"2023";"20:00";"3";"61";"61348";"1";"3";"1";"3";"D938";"48,47323400";"0,54691300"
"202300006744";"11";"07";"2023";"11:00";"1";"91";"91340";"1";"1";"1";"3";"9 Rue des Pyrénées";"48,60711000";"2,43148700"
"202300006745";"5";"06";"2023";"19:15";"1";"27";"27229";"2";"3";"1";"1";"Place de la République";"49,02596800";"1,15709300"
"202300006746";"16";"08";"2023";"19:42";"1";"10";"10387";"2";"3";"1";"6";"BLANQUI (RUE)";"48,30600000";"4,05000000"
"202300006747";"31";"12";"2023";"16:00";"1";"59";"59357";"1";"1";"1";"2";"D649";"50,28964400";"3,86887300"
"202300006748";"25";"11";"2023";"11:25";"1";"91";"91589";"1";"1";"1";"4";"AUTOROUTE A6";"48,67440000";"2,34235000"
"202300006749";"21";"04";"2023";"15:00";"1";"41";"41147";"2";"1";"1";"1";"D764";"47,50442800";"1,29907400"
"202300006750";"17";"08";"2023";"21:50";"5";"09";"09122";"1";"1";"1";"6";"RD 919";"42,98574800";"1,61556700"
"202300006751";"5";"06";"2023";"17:15";"1";"27";"27229";"2";"1";"1";"3";"BECQUEREL (RUE HENRI)";"48,99620000";"1,14514000"
"202300006752";"12";"07";"2023";"11:00";"1";"28";"28073";"1";"9";"1";"6";"Autoroute A11 dans le sens Paris vers Province au PK 047+000";"48,48535300";"1,65499800"
"202300006753";"20";"08";"2023";"05:30";"5";"07";"07186";"2";"1";"1";"6";"AUBENAS (ROUTE D')";"44,73205000";"4,58709000"
"202300006754";"11";"08";"2023";"02:45";"3";"60";"60480";"1";"1";"1";"2";"A16 - PK 079.000";"49,48864268";"2,16607046"
"202300006755";"22";"03";"2023";"04:20";"5";"71";"71076";"2";"1";"1";"6";"PARIS (AVENUE DE)";"46,80248000";"4,84579000"
"202300006756";"16";"08";"2023";"09:50";"1";"07";"07281";"1";"1";"1";"7";"TASSINI (AVENUE VICTOR)";"44,94900000";"4,82806000"
"202300006757";"24";"11";"2023";"20:30";"3";"91";"91174";"1";"1";"1";"2";"RN 104";"48,62000000";"2,46000000"
"202300006758";"12";"07";"2023";"16:15";"1";"83";"83036";"1";"1";"1";"1";"D559";"43,16344630";"6,50609084"
"202300006759";"5";"06";"2023";"16:00";"1";"27";"27229";"2";"3";"7";"3";"MARNIERE RIGA (RUE DE LA)";"49,01357000";"1,16550000"
"202300006760";"25";"07";"2023";"09:35";"1";"60";"60139";"1";"1";"2";"2";"D1001";"49,16473080";"2,23180926"
"202300006761";"22";"03";"2023";"14:45";"1";"69";"69290";"2";"9";"1";"3";"261 Route de Grenoble";"45,71815888";"4,95117362"
"202300006762";"19";"08";"2023";"11:00";"1";"06";"06088";"2";"1";"1";"6";"PENETRANTE DU PAILLON";"43,74368700";"7,30652100"
"202300006763";"11";"07";"2023";"20:40";"1";"51";"51147";"1";"1";"1";"7";"D66";"49,04559400";"4,50632700"
"202300006764";"24";"11";"2023";"19:05";"3";"92";"92036";"1";"1";"1";"3";"A86";"48,93512928";"2,28395155"
"202300006765";"5";"08";"2023";"19:15";"1";"05";"05061";"2";"3";"1";"3";"JEAN JAURES ( AVENUE )";"44,54998792";"6,06866688"
"202300006766";"5";"06";"2023";"16:20";"1";"26";"26362";"2";"1";"1";"1";"Rue de la Forêt";"44,92140000";"4,90903000"
"202300006767";"19";"08";"2023";"11:30";"1";"06";"06088";"2";"1";"1";"6";"DABRAY (RUE ET IMP.)";"43,70720000";"7,25688000"
"202300006768";"21";"03";"2023";"15:50";"1";"67";"67447";"2";"1";"2";"3";"NOYER (RUE DU)";"48,60403000";"7,72365000"
"202300006769";"11";"07";"2023";"13:00";"1";"72";"72124";"1";"1";"1";"6";"Départementale 110";"47,81358700";"0,27221200"
"202300006770";"25";"11";"2023";"02:40";"3";"92";"92036";"1";"1";"1";"2";"A86";"48,93480505";"2,28150149"
"202300006771";"18";"08";"2023";"19:20";"1";"06";"06088";"1";"1";"1";"1";"MERCANTOUR (BD)";"43,71885000";"7,18635000"
"202300006772";"1";"12";"2023";"10:35";"1";"93";"93001";"2";"3";"1";"3";"Rue du Landy";"48,91537288";"2,36805677"
"202300006773";"5";"06";"2023";"17:25";"1";"26";"26198";"2";"1";"1";"2";"GOURNIER (Avenue de)";"44,53297230";"4,73633051"
"202300006774";"22";"03";"2023";"17:32";"1";"64";"64348";"2";"3";"1";"3";"MARTYRS DU PONT LONG DES";"43,34475000";" -0,37985000"
"202300006775";"11";"07";"2023";"13:15";"1";"72";"72200";"1";"1";"1";"3";"7 Route de Mulsanne";"47,89893000";"0,21036000"
"202300006776";"18";"08";"2023";"03:10";"5";"06";"06088";"2";"1";"1";"6";"ANGLAIS (DU N° 45 AU N° 112)";"43,69382000";"7,25607000"
"202300006777";"8";"10";"2023";"09:10";"1";"93";"93051";"2";"1";"1";"1";"Route de Neuilly";"48,85127305";"2,53429592"
"202300006778";"5";"06";"2023";"07:23";"1";"24";"24138";"1";"3";"1";"3";"La Rampinsolle RD6021";"45,16867000";"0,71631000"
"202300006779";"24";"11";"2023";"22:00";"3";"92";"92048";"1";"1";"1";"5";"N118";"48,80864650";"2,21195337"
"202300006780";"17";"08";"2023";"01:30";"5";"06";"06088";"2";"1";"1";"1";"MONZIE (R. ANATOLE DE)";"43,73844000";"7,30470000"
"202300006781";"2";"10";"2023";"10:20";"1";"93";"93066";"1";"1";"1";"2";"AUTOROUTE A1";"48,92863623";"2,35847443"
"202300006782";"22";"03";"2023";"14:40";"1";"64";"64445";"2";"1";"1";"7";"PAIX";"43,32120000";" -0,35851000"
"202300006783";"12";"07";"2023";"13:45";"1";"51";"51312";"2";"1";"1";"6";"allée du lac";"49,01382900";"4,26981900"
"202300006784";"6";"06";"2023";"22:55";"3";"22";"22278";"2";"1";"1";"7";"COURSES (CHEM. DES)";"48,51813000";" -2,72046000"
"202300006785";"5";"08";"2023";"22:50";"5";"06";"06088";"2";"1";"1";"2";"NAPOLEON III (PONT)";"43,66387000";"7,19891400"
"202300006786";"25";"11";"2023";"11:45";"1";"77";"77294";"1";"1";"1";"2";"A104";"48,96826485";"2,60209057"
"202300006787";"12";"07";"2023";"08:30";"1";"59";"59164";"2";"9";"1";"6";"11 Chaussée Brunehaut";"50,14636400";"3,57920400"
"202300006788";"11";"02";"2023";"20:00";"3";"22";"22113";"2";"1";"8";"6";"TREBEURDEN (ROUTE DE)";"48,74796000";" -3,48392000"
"202300006789";"21";"03";"2023";"15:20";"1";"64";"64102";"2";"1";"1";"6";"BAB (Boulevard)";"43,49803000";" -1,49048000"
"202300006790";"25";"11";"2023";"04:35";"5";"77";"77517";"1";"9";"2";"6";"A104.INT";"48,90676269";"2,64007446"
"202300006791";"16";"08";"2023";"10:45";"1";"06";"06104";"2";"1";"1";"6";"GROTTES (CHEMIN DES)";"43,75366000";"7,44037000"
"202300006792";"22";"04";"2023";"18:20";"1";"62";"62108";"2";"2";"1";"6";"Rue du Docteur Victor Ménard";"50,40466040";"1,56316665"
"202300006793";"6";"06";"2023";"08:33";"1";"18";"18279";"2";"1";"1";"1";"62 avenue maréchal philippe leclerc de hauteclocque";"47,20836000";"2,05175000"
"202300006794";"25";"11";"2023";"02:45";"3";"94";"94017";"1";"1";"1";"6";"A4";"48,83020089";"2,49576700"
"202300006795";"21";"03";"2023";"18:10";"1";"63";"63113";"2";"6";"1";"3";"Rd-pt Brézet (Brézet/Blériot)";"45,78829375";"3,13949883"
"202300006796";"18";"08";"2023";"10:05";"1";"06";"06030";"2";"1";"1";"3";"VALBONNE (ROUTE  DE)";"43,57827000";"7,01718000"
"202300006797";"11";"07";"2023";"15:50";"1";"56";"56232";"1";"2";"1";"5";"La Grae";"47,67739100";" -2,12647700"
"202300006798";"14";"11";"2023";"17:53";"2";"74";"74118";"2";"1";"2";"2";"DEPORTES (ROUTE DES )";"46,18210000";"6,23003000"
"202300006799";"5";"06";"2023";"17:52";"1";"18";"18033";"2";"1";"1";"6";"36 Rue Pasteur John Bost";"47,11966000";"2,41265000"
"202300006800";"19";"08";"2023";"01:30";"5";"06";"06027";"2";"9";"1";"6";"PLAGE BOULEVARD DE LA";"43,65027300";"7,15125600"
"202300006801";"11";"03";"2023";"18:10";"1";"59";"59350";"2";"1";"1";"2";"Avenue Beethoven";"50,62052000";"3,03486000"
"202300006802";"20";"10";"2023";"20:15";"3";"74";"74208";"1";"1";"2";"6";"Rn 205";"45,91404410";"6,71776573"
"202300006803";"24";"11";"2023";"20:00";"3";"94";"94065";"1";"1";"1";"5";"N186";"48,75372695";"2,35565731"
"202300006804";"11";"07";"2023";"18:30";"1";"80";"80019";"1";"1";"1";"6";"D936";"49,95995300";"1,90985800"
"202300006805";"20";"03";"2023";"22:11";"5";"52";"52121";"2";"1";"1";"1";"REPUBLIQUE (AVENUE)";"48,10079157";"5,14476849"
"202300006806";"17";"08";"2023";"22:40";"5";"06";"06123";"2";"1";"1";"5";"MER AVENUE DE LA";"43,65664000";"7,17858000"
"202300006807";"23";"05";"2023";"19:30";"1";"15";"15014";"2";"6";"1";"2";"CARMES (RUE DES)";"44,92331900";"2,44036000"
"202300006808";"17";"11";"2023";"15:55";"1";"74";"74012";"2";"6";"1";"2";"AMOUREUX (RUE DES)";"46,19022000";"6,23300000"
"202300006809";"10";"07";"2023";"20:20";"2";"65";"65467";"1";"1";"1";"6";"route du hautacam";"42,98271400";" -0,03703600"
"202300006810";"24";"11";"2023";"12:36";"1";"987";"98735";"2";"1";"1";"6";"DESTREMEAU (RUE URANIE)";"17,54629000";"149,50000000"
"202300006811";"11";"07";"2023";"22:30";"4";"33";"33193";"1";"1";"1";"6";"Route de l?Ocean";"45,43431300";" -1,15088200"
"202300006812";"22";"03";"2023";"16:00";"1";"51";"51454";"2";"3";"1";"6";"rue des Crayères";"49,24307000";"4,05831000"
"202300006813";"16";"08";"2023";"09:31";"1";"06";"06027";"2";"3";"1";"6";"JUIN BOULEVARD MARECHAL";"43,66129900";"7,15067600"
"202300006814";"17";"11";"2023";"16:45";"2";"74";"74012";"2";"1";"1";"2";"THONON (ROUTE DE)";"46,19745000";"6,26719000"
"202300006815";"10";"07";"2023";"20:30";"1";"11";"11116";"1";"1";"1";"7";"D1118";"43,24449200";"3,02251700"
"202300006816";"24";"11";"2023";"08:45";"1";"976";"97611";"1";"1";"1";"3";"tsoundzou-Mangadzia  Tsoundzou 2 (rue )";" -12,81512300";"45,19811300"
"202300006817";"13";"08";"2023";"14:06";"1";"04";"04070";"1";"4";"1";"6";"chaffaut ( route du )";"44,06244000";"6,17950000"
"202300006818";"6";"11";"2023";"07:30";"1";"54";"54149";"1";"3";"8";"2";"D27";"49,44739000";"5,91872000"
"202300006819";"10";"07";"2023";"09:48";"1";"11";"11014";"1";"1";"1";"3";"D31";"43,19496200";"3,06952000"
"202300006820";"28";"10";"2023";"20:51";"3";"54";"54096";"1";"1";"2";"7";"D27";"49,44664000";"5,90054000"
"202300006821";"19";"08";"2023";"10:28";"1";"03";"03185";"2";"1";"1";"6";"Rue Stephane Servant";"46,33722000";"2,59996000"
"202300006822";"12";"07";"2023";"07:10";"1";"12";"12203";"1";"1";"1";"6";"RD 999";"43,97878400";"2,96505300"
"202300006823";"24";"11";"2023";"06:30";"1";"974";"97416";"2";"3";"1";"3";"L'ENTRE DEUX(ROUTE DE)";" -21,30313000";"55,43065000"
"202300006824";"6";"06";"2023";"12:55";"1";"13";"13203";"2";"1";"1";"3";"PLOMBIERES (BOULEVARD DES)";"43,31620000";"5,38359000"
"202300006825";"8";"12";"2023";"17:30";"1";"971";"97106";"1";"1";"1";"1";"Section Thomas, RN2";"16,11108100";" -61,77257700"
"202300006826";"17";"08";"2023";"17:40";"1";"75";"75112";"2";"1";"1";"2";"PORTE DE CHARENTON";"48,82835300";"2,39759600"
"202300006827";"11";"07";"2023";"14:15";"1";"42";"42224";"2";"1";"1";"6";"Rue du Feuillage";"45,34304000";"4,42491300"
"202300006828";"31";"05";"2023";"08:15";"1";"11";"11262";"2";"1";"1";"6";"18 Boulevard de 1830";"43,19032000";"3,01784000"
"202300006829";"21";"03";"2023";"07:20";"1";"51";"51454";"2";"1";"1";"4";"boulevard Joffre";"49,26160000";"4,02929000"
"202300006830";"16";"08";"2023";"16:50";"1";"75";"75115";"2";"1";"1";"2";"BOULEVARD PERIPHERIQUE EXTERIEUR";"48,82797300";"2,29083600"
"202300006831";"13";"12";"2023";"20:35";"3";"13";"13026";"1";"1";"1";"2";"A55-Sens Marseille vers Martigues";"43,38346000";"5,15308000"
"202300006832";"24";"11";"2023";"08:00";"1";"974";"97411";"2";"1";"1";"3";"JAURES (BLD 2 JEAN)";" -20,89191000";"55,46759000"
"202300006833";"10";"07";"2023";"19:00";"1";"47";"47052";"2";"2";"1";"3";"Rue de Veyries";"44,31469100";"0,08820200"
"202300006834";"20";"11";"2023";"08:30";"1";"91";"91114";"1";"9";"1";"7";"RTE NATIONALE 6";"48,68413100";"2,48932500"
"202300006835";"23";"05";"2023";"16:15";"1";"11";"11262";"2";"2";"8";"3";"6 Rue D 'Alger";"43,18584000";"3,01001000"
"202300006836";"22";"03";"2023";"22:55";"3";"49";"49099";"1";"1";"2";"2";"RN 249";"47,05966000";" -0,92413000"
"202300006837";"16";"08";"2023";"18:22";"1";"75";"75106";"2";"3";"1";"2";"BOULEVARD SAINT GERMAIN";"48,85228500";"2,33875300"
"202300006838";"24";"11";"2023";"16:00";"1";"973";"97302";"2";"1";"1";"7";"BOULEVARD DES CITES";"4,92071000";" -52,31717000"
"202300006839";"11";"07";"2023";"16:00";"1";"34";"34028";"1";"1";"1";"1";"D908";"43,59819000";"3,14977200"
"202300006840";"22";"03";"2023";"01:54";"5";"49";"49007";"2";"1";"1";"7";"BEAUSSIER BOULEVARD";"47,47745000";" -0,59871000"
"202300006841";"24";"11";"2023";"17:00";"1";"973";"97302";"2";"1";"1";"7";"MARINGOUINS (ROND-POINT)";"4,90768834";" -52,32206780"
"202300006842";"6";"06";"2023";"02:01";"5";"10";"10081";"2";"6";"1";"6";"JEAN BAPTISTE COLBERT (RUE)";"48,31794000";"4,02224000"
"202300006843";"18";"08";"2023";"14:40";"1";"75";"75120";"2";"4";"1";"3";"RUE SORBIER";"48,86553500";"2,39329500"
"202300006844";"18";"12";"2023";"17:45";"3";"59";"59009";"2";"9";"1";"1";"Rue Jean Jaures";"50,65574000";"3,13275000"
"202300006845";"11";"07";"2023";"17:50";"1";"31";"31017";"1";"1";"1";"6";"Coumanios";"42,89790800";"0,69894200"
"202300006846";"6";"06";"2023";"15:00";"1";"09";"09122";"1";"1";"1";"6";"20 (R.N.) COTE NORD DU TUNNEL";"42,97784900";"1,62242000"
"202300006847";"24";"11";"2023";"10:30";"1";"973";"97302";"2";"1";"2";"7";"14 ET 22 JUIN 1962";"4,93341231";" -52,32696962"
"202300006848";"18";"08";"2023";"16:40";"1";"75";"75119";"2";"1";"1";"6";"BOULEVARD MACDONALD";"48,89670400";"2,39225400"