"Num_Acc";"jour";"mois";"an";"hrmn";"lum";"dep";"com";"agg";"int";"atm";"col";"adr";"lat";"long"
"202300006849";"22";"03";"2023";"00:06";"5";"49";"49007";"2";"2";"1";"3";"DESJARDIN";"47,46796000";" -0,54651000"
"202300006850";"19";"01";"2023";"14:45";"1";"92";"92048";"2";"1";"1";"2";"BANES (RUE) N° 3 A 19";"48,80821540";"2,24006720"
"202300006851";"10";"07";"2023";"11:00";"1";"02";"02575";"2";"1";"1";"6";"50 Rue Pasteur";"49,84004400";"3,48858800"
"202300006852";"6";"06";"2023";"09:00";"1";"06";"06069";"2";"1";"1";"6";"CARNOT (BOULEVARD ET TRAVERSE)";"43,65668900";"6,92294200"
"202300006853";"17";"08";"2023";"21:50";"5";"75";"75119";"2";"1";"1";"6";"AVENUE DE FLANDRE";"48,88958700";"2,37526700"
"202300006854";"21";"12";"2023";"14:50";"1";"26";"26369";"1";"1";"1";"1";"rd 94";"44,37683576";"5,43228865"
"202300006855";"24";"11";"2023";"08:00";"1";"973";"97302";"2";"2";"1";"3";"ROUGET DE L ' ISLE";"4,93989646";" -52,32733369"
"202300006856";"22";"03";"2023";"20:28";"3";"35";"35238";"2";"4";"2";"3";"PORTE ALMA";"48,08176000";" -1,67616000"
"202300006857";"18";"08";"2023";"14:35";"1";"75";"75117";"2";"3";"1";"6";"BOULEVARD MALESHERBES";"48,88901200";"2,30421100"
"202300006858";"12";"07";"2023";"18:00";"1";"14";"14685";"1";"3";"1";"3";"Route de Creully";"49,24442600";" -0,46036700"
"202300006859";"6";"06";"2023";"22:25";"5";"06";"06029";"2";"2";"1";"1";"REPUBLIQUE (BOULEVARD DE LA)";"43,55778000";"7,02229000"
"202300006860";"22";"03";"2023";"12:15";"1";"35";"35238";"2";"1";"2";"2";"VERDUN (BD DE)";"48,11649886";" -1,69082433"
"202300006861";"24";"11";"2023";"18:35";"5";"69";"69387";"2";"3";"2";"3";"Avenue Félix Faure";"45,75211000";"4,84679000"
"202300006862";"11";"12";"2023";"09:50";"1";"94";"94052";"2";"1";"1";"4";"8bis Avenue de Joinville";"48,83384000";"2,47196700"
"202300006863";"5";"06";"2023";"16:30";"1";"06";"06030";"2";"1";"2";"3";"BORDE (AVENUE DE LA)";"43,56696480";"6,96627070"
"202300006864";"16";"08";"2023";"12:10";"1";"75";"75117";"2";"3";"1";"5";"BOULEVARD DES BATIGNOLLES";"48,88198500";"2,31919100"
"202300006865";"12";"07";"2023";"17:10";"1";"05";"05132";"1";"1";"1";"7";"Route des Combes";"44,68879300";"6,13637900"
"202300006866";"21";"03";"2023";"21:54";"5";"33";"33522";"2";"6";"1";"3";"Cours Maréchal Gallieni";"44,81849000";" -0,60219000"
"202300006867";"6";"11";"2023";"19:20";"5";"62";"62239";"2";"6";"2";"6";"Avenue Charles de Gaulle";"50,92955000";"1,79793000"
"202300006868";"24";"11";"2023";"16:10";"1";"69";"69388";"2";"4";"1";"6";"Rue de l'Eternité";"45,74100000";"4,85860000"
"202300006869";"5";"06";"2023";"16:00";"1";"06";"06027";"2";"1";"2";"7";"CANNES AVENUE DE (RN7)";"43,65078000";"7,14139000"
"202300006870";"18";"08";"2023";"17:40";"1";"75";"75115";"2";"2";"1";"3";"RUE LECOURBE";"48,83860500";"2,28942500"
"202300006871";"22";"03";"2023";"08:05";"1";"28";"28134";"2";"1";"2";"6";"SAINT JEAN (RUE)";"48,73944000";"1,37083000"
"202300006872";"12";"07";"2023";"07:45";"1";"50";"50589";"1";"2";"1";"3";"Rue de la Carrière";"48,60052300";" -1,43646200"
"202300006873";"24";"11";"2023";"08:00";"1";"972";"97213";"2";"1";"1";"2";"ROUTE DEPARTEMENTALE 14";"14,61981000";" -61,00266000"
"202300006874";"16";"08";"2023";"23:50";"5";"75";"75114";"2";"2";"1";"3";"RUE D ALESIA";"48,83274100";"2,31150900"
"202300006875";"6";"06";"2023";"10:40";"1";"06";"06004";"2";"1";"1";"6";"MAS ENSOLEILLE AV.DU";"43,58623000";"7,11793000"
"202300006876";"11";"07";"2023";"22:35";"3";"18";"18035";"1";"1";"1";"1";"N/A";"47,11200600";"2,59674300"
"202300006877";"7";"10";"2023";"19:30";"5";"42";"42218";"2";"3";"1";"6";"Rue Paul Bert";"45,44076000";"4,38387000"
"202300006878";"24";"11";"2023";"22:40";"5";"69";"69389";"2";"1";"8";"6";"31 Rue Marietton";"45,77539000";"4,80482000"
"202300006879";"19";"08";"2023";"04:10";"5";"75";"75113";"2";"1";"1";"6";"BOULEVARD ARAGO";"48,83485500";"2,34266200"
"202300006880";"19";"03";"2023";"12:50";"1";"22";"22113";"1";"3";"1";"1";"TREBEURDEN (ROUTE DE)";"48,74876000";" -3,48678000"
"202300006881";"7";"09";"2023";"16:30";"1";"01";"01354";"2";"1";"1";"3";"Rue de Genève";"46,24004300";"6,03204700"
"202300006882";"24";"11";"2023";"08:50";"1";"69";"69034";"2";"1";"8";"3";"95 Quai Clemenceau";"45,80928000";"4,84438000"
"202300006883";"2";"06";"2023";"18:00";"1";"03";"03095";"2";"2";"1";"2";"Rue Antoinette Mizon";"46,13638000";"3,45052000"
"202300006884";"11";"07";"2023";"19:34";"1";"43";"43257";"1";"3";"1";"3";"N102";"45,03760100";"3,75795700"
"202300006885";"16";"08";"2023";"18:10";"1";"75";"75113";"2";"3";"1";"1";"RUE NEUVE TOLBIAC";"48,83181700";"2,37913200"
"202300006886";"24";"11";"2023";"14:50";"1";"2A";"2A004";"2";"1";"1";"3";"MEZZAVIA ROUTE DE";"41,94900000";"8,76681000"
"202300006887";"8";"12";"2023";"09:20";"1";"91";"91228";"2";"2";"1";"2";"BD DES COQUIBUS";"48,62483000";"2,43696000"
"202300006888";"22";"03";"2023";"13:25";"1";"15";"15012";"1";"3";"1";"2";"RD 990";"44,89341000";"2,45887000"
"202300006889";"2";"06";"2023";"13:50";"1";"01";"01053";"2";"3";"1";"3";"VERNE (AVENUE JEAN MARIE )";"46,19938000";"5,22599000"
"202300006890";"18";"08";"2023";"20:15";"1";"75";"75112";"2";"1";"1";"4";"AVENUE DE LA PORTE DE VINCENNES";"48,84680600";"2,41315100"
"202300006891";"8";"10";"2023";"17:50";"3";"84";"84022";"1";"6";"1";"2";"d20";"44,27824000";"4,99856200"
"202300006892";"11";"07";"2023";"16:00";"1";"27";"27377";"1";"1";"1";"5";"D6";"49,37896400";"1,52152100"
"202300006893";"24";"11";"2023";"07:45";"1";"2A";"2A004";"2";"1";"1";"5";"CALVI  ROUTE";"41,95305000";"8,78341000"
"202300006894";"22";"03";"2023";"14:45";"1";"13";"13103";"2";"6";"1";"3";"ALLEE  DE SZENTENDRE";"43,63360438";"5,07646572"
"202300006895";"18";"08";"2023";"18:13";"1";"75";"75120";"2";"3";"1";"3";"RUE DES ORTEAUX";"48,85693400";"2,39880000"
"202300006896";"6";"06";"2023";"15:00";"1";"75";"75117";"2";"1";"1";"3";"BOULEVARD BERTHIER";"48,89206000";"2,30784200"
"202300006897";"12";"07";"2023";"01:30";"3";"27";"27502";"1";"1";"1";"6";"D54";"48,83007700";"0,68752500"
"202300006898";"24";"11";"2023";"07:05";"1";"2A";"2A004";"2";"1";"1";"6";"GEORGES POMPIDOU AVENUE";"41,93082000";"8,75706000"
"202300006899";"16";"12";"2023";"18:15";"3";"35";"35225";"1";"2";"1";"3";"Pilleverte";"48,43371700";" -1,93139400"
"202300006900";"22";"03";"2023";"13:30";"1";"13";"13212";"2";"2";"1";"3";"RAMPAL (AVENUE)";"43,31788395";"5,44555288"
"202300006901";"17";"08";"2023";"21:40";"5";"75";"75112";"2";"3";"1";"3";"BOULEVARD SOULT";"48,84254100";"2,40985900"
"202300006902";"24";"11";"2023";"18:30";"5";"95";"95427";"2";"3";"1";"3";"JULES FERRY (RUE)";"48,95705000";"2,33460000"
"202300006903";"30";"12";"2023";"12:35";"1";"40";"40313";"1";"2";"1";"1";"Route de Pomiro";"43,83245300";" -0,78970700"
"202300006904";"19";"12";"2023";"16:55";"2";"06";"06018";"2";"1";"1";"6";"Avenue Roumanille";"43,61752200";"7,07447600"
"202300006905";"6";"06";"2023";"00:15";"5";"75";"75105";"2";"3";"1";"3";"QUAI DE MONTEBELLO";"48,85143200";"2,35042200"
"202300006906";"22";"03";"2023";"11:40";"1";"13";"13203";"2";"1";"1";"6";"GUIGOU (BOULEVARD)";"43,31000000";"5,39000000"
"202300006907";"11";"07";"2023";"09:55";"1";"23";"23168";"1";"1";"1";"6";"RD 940 / PK 17";"46,01344600";"1,85149700"
"202300006908";"16";"08";"2023";"19:05";"1";"75";"75112";"2";"3";"1";"2";"BOULEVARD DIDEROT";"48,84581000";"2,37245100"
"202300006909";"24";"11";"2023";"14:05";"1";"95";"95018";"2";"3";"2";"3";"RESISTANCE (BOULEVARD DE LA)";"48,95045523";"2,22433180"
"202300006910";"10";"12";"2023";"22:30";"3";"988";"98830";"1";"4";"1";"6";"Pont de la Tiwaka";" -20,86668000";"165,24988000"
"202300006911";"22";"03";"2023";"03:50";"5";"13";"13211";"2";"1";"1";"7";"JEAN MONDET (ROND POINT )";"43,29000000";"5,48118000"
"202300006912";"11";"07";"2023";"13:00";"1";"987";"98733";"1";"1";"1";"7";"PK 10.500 C/MT Route du Lotissement TAAPUNA SOCIAL";" -17,61800000";" -149,54900000"
"202300006913";"5";"06";"2023";"12:15";"1";"75";"75106";"2";"1";"1";"3";"BOULEVARD SAINT MICHEL";"48,84922200";"2,34200700"
"202300006914";"13";"11";"2023";"10:00";"1";"74";"74010";"2";"1";"1";"6";"ALERY (GRANDE RUE D')";"45,89880000";"6,11010000"
"202300006915";"16";"08";"2023";"17:50";"1";"75";"75111";"2";"4";"1";"6";"BOULEVARD RICHARD LENOIR";"48,85477600";"2,36954100"
"202300006916";"17";"11";"2023";"20:40";"4";"91";"91552";"2";"6";"2";"6";"RTE DE CORBEIL";"48,59458000";"2,26426000"
"202300006917";"22";"03";"2023";"00:00";"4";"13";"13214";"2";"1";"1";"6";"CLAUDE MONET (avenue)";"43,32545000";"5,39358000"
"202300006918";"6";"06";"2023";"16:10";"1";"75";"75119";"2";"1";"1";"1";"AVENUE SIMON BOLIVAR";"48,87441300";"2,38337500"
"202300006919";"13";"11";"2023";"07:00";"5";"74";"74010";"2";"9";"2";"2";"ANJOT (AVENUE DU CAPITAINE)";"45,89570000";"6,09010000"
"202300006920";"23";"11";"2023";"10:39";"1";"91";"91667";"2";"1";"2";"6";"CORBEIL (ROUTE)";"48,66572000";"2,33761000"
"202300006921";"18";"08";"2023";"06:30";"1";"75";"75110";"2";"2";"1";"3";"BOULEVARD DE LA CHAPELLE";"48,88427100";"2,36465100"
"202300006922";"22";"03";"2023";"08:00";"1";"13";"13001";"1";"1";"1";"2";"RD9";"43,50611000";"5,40272000"
"202300006923";"6";"06";"2023";"14:30";"1";"75";"75119";"2";"2";"1";"6";"RUE DE CRIMEE";"48,87957800";"2,38950500"
"202300006924";"11";"07";"2023";"15:15";"1";"47";"47238";"1";"1";"1";"4";"autoroute A.62, pk 117.400";"44,18820409";"0,53054579"
"202300006925";"23";"11";"2023";"06:22";"5";"91";"91685";"2";"1";"1";"7";"PERI (RUE GABRIEL)";"48,65757000";"2,30837000"
"202300006926";"16";"08";"2023";"17:39";"1";"75";"75109";"2";"3";"1";"6";"RUE AUBER";"48,87175700";"2,33056600"
"202300006927";"27";"10";"2023";"05:50";"5";"74";"74010";"2";"2";"2";"3";"FRANCE (AVENUE)(SECTEUR 310)";"45,91039000";"6,13780000"
"202300006928";"22";"03";"2023";"10:07";"1";"06";"06088";"2";"1";"1";"3";"VOIE RAPIDE";"43,69000000";"7,24000000"
"202300006929";"6";"06";"2023";"20:00";"1";"75";"75118";"2";"1";"1";"3";"BOULEVARD PERIPHERIQUE INTERIEUR NORD  ";"48,90103600";"2,35329500"
"202300006930";"12";"07";"2023";"07:00";"1";"77";"77534";"2";"6";"1";"6";"N36";"48,63570900";"2,78746200"
"202300006931";"5";"11";"2023";"02:30";"3";"11";"11262";"1";"1";"2";"7";"N/A";"43,17790000";"2,96955000"
"202300006932";"6";"06";"2023";"09:40";"1";"75";"75118";"2";"1";"1";"6";"BOULEVARD ORNANO";"48,89696400";"2,34518300"
"202300006933";"24";"11";"2023";"19:30";"5";"91";"91589";"2";"9";"1";"2";"RUE DES ROSSAYS";"48,67337300";"2,35263100"
"202300006934";"15";"08";"2023";"23:15";"5";"75";"75109";"2";"2";"1";"3";"BOULEVARD POISSONNIERE";"48,87149200";"2,34306600"
"202300006935";"11";"07";"2023";"21:25";"2";"66";"66217";"2";"1";"1";"1";"N/A";"42,60873700";"2,81301000"
"202300006936";"21";"03";"2023";"21:30";"5";"75";"75118";"2";"1";"1";"3";"PORTE DE LA CHAPELLE";"48,90089900";"2,36160800"
"202300006937";"24";"11";"2023";"12:30";"1";"91";"91432";"2";"1";"1";"7";"AV ARISTIDE BRIAND";"48,70065000";"2,32467000"
"202300006938";"6";"06";"2023";"00:15";"5";"75";"75118";"2";"2";"1";"3";"BOULEVARD NEY";"48,89773300";"2,33751300"
"202300006939";"27";"08";"2023";"17:45";"1";"73";"73257";"1";"1";"3";"3";"D117 - PK 15+600 - PONT DE LA COMBE";"45,40801930";"6,49030223"
"202300006940";"20";"08";"2023";"21:40";"5";"75";"75108";"2";"2";"1";"3";"RUE DES MATHURINS";"48,87330700";"2,32430400"
"202300006941";"12";"07";"2023";"12:35";"1";"83";"83071";"2";"3";"1";"1";"Route de Collobrieres";"43,14759366";"6,22849300"
"202300006942";"20";"03";"2023";"12:30";"1";"75";"75114";"2";"1";"1";"2";"PORTE DE CHATILLON";"48,82284700";"2,31286500"
"202300006943";"22";"08";"2023";"13:20";"1";"32";"32207";"1";"1";"1";"3";"D175";"43,66507800";"0,66254900"
"202300006944";"6";"06";"2023";"14:50";"1";"75";"75117";"2";"3";"1";"3";"RUE DE COURCELLES";"48,88009000";"2,30224600"
"202300006945";"12";"07";"2023";"13:30";"1";"06";"06099";"2";"1";"1";"6";"Avenue Alexandre Bottin";"43,95490400";"6,89900100"
"202300006946";"16";"08";"2023";"00:08";"5";"75";"75108";"2";"7";"1";"3";"PLACE SAINT AUGUSTIN";"48,87488603";"2,31987870"
"202300006947";"23";"11";"2023";"13:19";"1";"87";"87085";"1";"2";"1";"2";"RN520";"45,89093000";"1,28020000"
"202300006948";"5";"06";"2023";"16:00";"1";"75";"75117";"2";"7";"1";"3";"AVENUE MAC MAHON";"48,87438000";"2,29494900"
"202300006949";"27";"12";"2023";"19:40";"5";"40";"40279";"2";"1";"1";"3";"RESISTANCE (AVE DE LA)";"43,73330000";" -1,05000000"
"202300006950";"21";"03";"2023";"23:40";"5";"75";"75113";"2";"2";"1";"3";"BOULEVARD AUGUSTE BLANQUI";"48,83196100";"2,34106700"
"202300006951";"12";"07";"2023";"08:33";"1";"26";"26124";"1";"1";"1";"2";"autoroute A7 PK 83.983 sens Nord-Sud";"44,84089900";"4,86368200"
"202300006952";"23";"11";"2023";"08:52";"1";"87";"87085";"2";"1";"1";"2";"LECLERC (AVENUE DU GENERAL)";"45,84665000";"1,26099000"
"202300006953";"14";"08";"2023";"21:50";"5";"75";"75108";"2";"2";"8";"3";"PLACE DE LA CONCORDE";"48,86666200";"2,32201400"
"202300006954";"25";"11";"2023";"19:00";"5";"11";"11262";"2";"3";"1";"6";"35 Avenue d'Espagne";"43,17088000";"2,99005000"
"202300006955";"5";"06";"2023";"15:14";"1";"75";"75117";"2";"3";"1";"2";"RUE CARDINET";"48,88326300";"2,30719000"
"202300006956";"21";"03";"2023";"08:40";"1";"75";"75112";"2";"2";"1";"3";"QUAI DE BERCY";"48,83351100";"2,38210300"
"202300006957";"20";"08";"2023";"08:53";"1";"75";"75109";"2";"2";"7";"6";"RUE DE PROVENCE";"48,87419700";"2,32839900"
"202300006958";"24";"11";"2023";"10:45";"1";"84";"84007";"2";"1";"1";"3";"C.De GAULLE (Rocade)";"43,93640000";"4,83222000"
"202300006959";"27";"12";"2023";"18:15";"5";"05";"05061";"2";"1";"1";"7";"EMILE DIDIER ( AV )";"44,56420000";"6,08940000"
"202300006960";"6";"06";"2023";"14:50";"1";"75";"75115";"2";"2";"1";"3";"RUE DE VAUGIRARD";"48,84040000";"2,30425000"
"202300006961";"18";"08";"2023";"00:30";"5";"75";"75101";"2";"4";"1";"3";"RUE DE TURBIGO";"48,86370500";"2,34820200"
"202300006962";"21";"03";"2023";"02:50";"5";"75";"75115";"2";"2";"1";"3";"RUE CASTAGNARY";"48,83356400";"2,30921600"
"202300006963";"9";"07";"2023";"19:40";"1";"73";"73099";"1";"1";"1";"6";"D925 - Pont de Détrier";"45,44044346";"6,09604731"
"202300006964";"19";"12";"2023";"20:30";"5";"92";"92060";"2";"2";"2";"3";"EDOUARD HERRIOT (AVENUE) RD60";"48,78236494";"2,25911826"
"202300006965";"23";"11";"2023";"16:11";"1";"84";"84007";"1";"4";"1";"3";"BONPAS ( Pont)-MONTFAVET";"43,89102000";"4,91632000"
"202300006966";"21";"03";"2023";"16:00";"1";"75";"75116";"2";"1";"1";"6";"RUE DE L ANNONCIATION";"48,85672400";"2,27920800"
"202300006967";"13";"07";"2023";"08:55";"1";"84";"84019";"2";"1";"1";"6";"Avenue Salvador Allende";"44,28810400";"4,75572800"
"202300006968";"6";"06";"2023";"07:55";"1";"75";"75115";"2";"2";"1";"2";"BOULEVARD PASTEUR";"48,84512300";"2,31112100"
"202300006969";"12";"07";"2023";"13:15";"1";"38";"38349";"1";"2";"1";"3";"Rue des Granges";"45,32823900";"4,78160600"
"202300006970";"16";"08";"2023";"17:30";"1";"75";"75103";"2";"2";"1";"3";"RUE DES ARCHIVES";"48,86125300";"2,35820600"
"202300006971";"23";"11";"2023";"17:30";"5";"83";"83144";"2";"9";"1";"3";"Rond point de l'Université";"43,13660694";"6,00025946"
"202300006972";"21";"03";"2023";"13:39";"1";"75";"75114";"2";"2";"1";"6";"RUE DE LA LEGION ETRANGERE";"48,82178200";"2,32502300"
"202300006973";"22";"09";"2023";"07:45";"1";"19";"19130";"1";"1";"2";"1";"D1089";"45,45651673";"2,11570583"
"202300006974";"6";"06";"2023";"01:50";"5";"75";"75115";"2";"3";"1";"6";"QUAI DE GRENELLE";"48,85169700";"2,28535700"
"202300006975";"16";"08";"2023";"10:08";"1";"75";"75103";"2";"2";"1";"6";"RUE BEAUBOURG";"48,86122200";"2,35349300"
"202300006976";"24";"11";"2023";"18:50";"5";"83";"83069";"2";"2";"1";"3";"AVENUE RITONDALE LEOPOLD";"43,11553492";"6,13951010"
"202300006977";"22";"03";"2023";"11:15";"1";"75";"75110";"2";"4";"2";"3";"RUE DU FAUBOURG SAINT MARTIN";"48,87489600";"2,35900300"
"202300006978";"6";"06";"2023";"07:50";"1";"75";"75114";"2";"1";"1";"3";"BOULEVARD BRUNE";"48,82653100";"2,31095600"
"202300006979";"27";"06";"2023";"18:20";"1";"26";"26235";"1";"1";"1";"4";"route departementale 59";"44,36798100";"4,65434100"
"202300006980";"31";"10";"2023";"19:00";"5";"30";"30269";"2";"1";"1";"1";"departementale 983";"44,10662800";"3,88608100"
"202300006981";"16";"08";"2023";"19:17";"1";"94";"94081";"1";"1";"1";"2";"A86";"48,77433000";"2,40512000"
"202300006982";"30";"09";"2023";"13:00";"1";"976";"97611";"2";"1";"1";"6";"m'tsapere-Maeventana (rue)";" -12,78901000";"45,21926900"
"202300006983";"22";"03";"2023";"02:50";"5";"75";"75104";"2";" -1";"1";"7";"RUE DE LA CITE";"48,85359506";"2,34711528"
"202300006984";"5";"06";"2023";"12:15";"1";"75";"75114";"2";"7";"1";"2";"AVENUE DU COLONEL HENRI ROL TANGUY";"48,83405000";"2,33214600"
"202300006985";"12";"07";"2023";"12:35";"1";"01";"01187";"2";"3";"2";"1";"Route des Lesines";"45,97327700";"5,70145900"
"202300006986";"24";"11";"2023";"09:59";"1";"77";"77186";"2";"2";"8";"3";"D210";"48,41296000";"2,70692000"
"202300006987";"20";"06";"2023";"19:45";"1";"94";"94080";"2";"2";"1";"3";"Rue de Fontenay";"48,84841200";"2,43453800"
"202300006988";"6";"09";"2023";"16:45";"1";"976";"97611";"2";"7";"1";"3";"kaweni-Kaweni sud  (Z I)";" -12,76513000";"45,22595000"
"202300006989";"11";"07";"2023";"14:40";"1";"17";"17089";"1";"1";"1";"1";"D131";"45,76661000";" -0,51467300"
"202300006990";"22";"03";"2023";"08:38";"1";"94";"94041";"2";"5";"1";"3";"Rue Hoche / Avenue du Général Leclerc";"48,81073000";"2,38007000"
"202300006991";"24";"11";"2023";"17:45";"5";"76";"76366";"2";"2";"1";"6";"Rue du Général de Gaulle";"49,50857000";"1,03934000"
"202300006992";"6";"06";"2023";"04:20";"5";"75";"75113";"2";"2";"1";"2";"RUE DE TOLBIAC";"48,82616900";"2,35995700"
"202300006993";"16";"08";"2023";"18:30";"1";"94";"94078";"2";"1";"1";"6";"Rue de Verdun";"48,73024000";"2,44780000"
"202300006994";"6";"06";"2023";"18:45";"1";"75";"75112";"2";"1";"1";"6";"RUE EUGENIE EBOUE";"48,84569600";"2,38654900"
"202300006995";"14";"12";"2023";"08:10";"5";"89";"89387";"2";"6";"1";"3";"BARBIER (ROND POINT)";"48,20546000";"3,27762000"
"202300006996";"12";"07";"2023";"15:00";"1";"17";"17121";"1";"9";"1";"4";"PK019+550 RD735";"46,19833200";" -1,42625700"
"202300006997";"16";"08";"2023";"11:00";"1";"94";"94076";"2";"1";"7";"6";"Rue de Chevilly";"48,78727200";"2,35422800"
"202300006998";"22";"03";"2023";"19:45";"5";"94";"94043";"2";"6";"2";"3";"Avenue de Fontainebleau";"48,80969000";"2,36264000"
"202300006999";"24";"11";"2023";"08:20";"1";"74";"74012";"2";"1";"1";"6";"CURIOZ (RUE ALBERT)";"46,18578000";"6,24607000"
"202300007000";"6";"06";"2023";"19:05";"1";"75";"75111";"2";"1";"1";"6";"RUE DE CHARONNE";"48,85527500";"2,38811400"
"202300007001";"22";"12";"2023";"18:00";"5";"62";"62041";"2";"1";"1";"6";"Rue des Hirondelles";"50,28950000";"2,74243000"
"202300007002";"19";"08";"2023";"11:00";"1";"94";"94041";"2";"9";"2";"3";"Boulevard de Stalingrad";"48,80531133";"2,37644564"
"202300007003";"24";"11";"2023";"07:45";"1";"71";"71270";"2";"1";"8";"6";"LYON (ROUTE DE)";"46,28724000";"4,80986000"
"202300007004";"11";"07";"2023";"18:15";"1";"60";"60589";"2";"2";"7";"2";"Route de Gouvieux";"49,21369400";"2,44732300"
"202300007005";"6";"06";"2023";"15:25";"1";"75";"75110";"2";"3";"1";"6";"RUE DU FAUBOURG SAINT DENIS";"48,88127600";"2,35811700"
"202300007006";"22";"03";"2023";"13:40";"1";"94";"94076";"2";"2";"1";"3";"Rue François Billoux";"48,80221000";"2,35495000"
"202300007007";"18";"08";"2023";"06:35";"1";"94";"94041";"2";"1";"1";"2";"Avenue de Verdun";"48,81297000";"2,37032000"
"202300007008";"26";"12";"2023";"05:04";"4";"59";"59179";"2";"1";"1";"6";"RUE DE DENAIN";"50,30914000";"3,38319000"
"202300007009";"12";"07";"2023";"13:00";"1";"60";"60088";"2";"1";"1";"1";"29 Rue Pasteur";"49,19533000";"2,20780100"
"202300007010";"6";"06";"2023";"18:15";"1";"75";"75108";"2";"1";"1";"6";"AVENUE DE MARIGNY";"48,86999500";"2,31551000"
"202300007011";"23";"11";"2023";"08:20";"2";"71";"71270";"2";"3";"1";"6";"JAURES (QUAI)";"46,30769000";"4,83704000"
"202300007012";"22";"03";"2023";"17:50";"1";"94";"94073";"2";"1";"1";"3";"Avenue de Versailles";"48,75756000";"2,38976000"
"202300007013";"11";"07";"2023";"18:30";"1";"60";"60461";"1";"1";"1";"7";"D513";"49,44657500";"2,17196700"
"202300007014";"16";"08";"2023";"19:50";"1";"94";"94041";"2";"1";"1";"3";"Avenue Maurice Thorez";"48,81857000";"2,37369000"
"202300007015";"6";"06";"2023";"11:10";"1";"75";"75115";"2";"2";"1";"3";"RUE DE L ABBE GROULT";"48,84046100";"2,29571900"
"202300007016";"10";"07";"2023";"16:26";"1";"13";"13106";"1";"1";"1";"3";"A7-Sens Lyon vers Marseille";"43,38871837";"5,35090093"
"202300007017";"31";"03";"2023";"22:10";"3";"972";"97210";"2";"1";"1";"5";"N6";"14,61265400";" -60,91657200"
"202300007018";"22";"03";"2023";"21:40";"4";"94";"94022";"2";"1";"1";"3";"7 Rue Alphonse Brault";"48,76122000";"2,41045000"
"202300007019";"24";"11";"2023";"12:12";"1";"71";"71153";"2";"2";"2";"4";"EUROPE (AVENUE DE L')";"46,80672000";"4,41712000"
"202300007020";"6";"06";"2023";"09:40";"1";"75";"75107";"2";"1";"1";"6";"RUE VANEAU";"48,85121600";"2,31924900"
"202300007021";"25";"03";"2023";"22:55";"5";"972";"97221";"2";"1";"1";"7";"Medecin";"14,50511400";" -60,98338000"
"202300007022";"11";"07";"2023";"11:45";"1";"13";"13071";"1";"1";"1";"3";"A7-Sens Lyon vers Marseille";"43,40656000";"5,33330000"
"202300007023";"19";"08";"2023";"16:00";"1";"94";"94021";"1";"1";"1";"4";"Avenue de Stalingrad";"48,75892000";"2,36848000"
"202300007024";"22";"03";"2023";"17:30";"1";"94";"94017";"2";"1";"8";"3";"Avenue du Général de Gaulle";"48,82114506";"2,48801789"
"202300007025";"24";"11";"2023";"10:40";"1";"71";"71153";"2";"3";"9";"7";"PRESIDENT WILSON (RUE DU)";"46,79688000";"4,43107000"
"202300007026";"6";"06";"2023";"12:00";"1";"75";"75104";"2";"2";"1";"2";"BOULEVARD HENRI IV";"48,85105100";"2,36229200"
"202300007027";"23";"06";"2023";"22:30";"5";"972";"97216";"1";"9";"1";"3";"route nationale 1";"14,82762800";" -61,03357000"
"202300007028";"17";"08";"2023";"16:25";"1";"94";"94028";"2";"9";"1";"2";"Route de Choisy";"48,77966000";"2,44360600"
"202300007029";"5";"06";"2023";"22:50";"5";"94";"94080";"2";"1";"1";"3";"Avenue de Nogent";"48,84456034";"2,43964760"
"202300007030";"10";"07";"2023";"11:00";"1";"13";"13015";"1";"1";"1";"4";"A515CD-Gardanne vers A51-Marseille";"43,43001000";"5,39673000"
"202300007031";"5";"06";"2023";"06:30";"1";"972";"97213";"1";"9";"1";"7";"AUTOROUTE A1";"14,61810000";" -61,03027000"
"202300007032";"22";"03";"2023";"09:40";"1";"94";"94017";"2";"2";"2";"3";"Avenue Charles Baudin";"48,81752000";"2,55521000"
"202300007033";"24";"11";"2023";"13:50";"1";"67";"67365";"2";"3";"1";"3";"ALFRED KASTLER (RUE)";"48,53776700";"7,69518400"
"202300007034";"11";"08";"2023";"19:00";"2";"94";"94079";"2";"6";"2";"3";"Boulevard Jean Monnet";"48,83168764";"2,53342983"
"202300007035";"6";"06";"2023";"13:25";"1";"94";"94046";"2";"1";"1";"3";"279 Avenue du Général Leclerc";"48,80256800";"2,44709400"
"202300007036";"11";"07";"2023";"00:50";"5";"13";"13213";"1";"1";"1";"2";"A507 sens Aubagne- Marseille";"43,32994000";"5,40539000"
"202300007037";"4";"06";"2023";"04:40";"4";"972";"97213";"1";"1";"1";"6";"ROUTE DEPARTEMENTALE 3_";"14,60057500";" -60,99737700"
"202300007038";"24";"11";"2023";"14:30";"1";"67";"67482";"2";"1";"1";"3";"COLMAR (AVENUE DE)";"48,55681000";"7,74766000"
"202300007039";"22";"03";"2023";"09:20";"1";"93";"93066";"2";"5";"2";"3";"Boulevard Anatole France / Rue Jules Saulnier";"48,92553638";"2,35066384"
"202300007040";"3";"06";"2023";"20:30";"5";"972";"97213";"1";"1";"1";"6";"ROUTE NATIONALE 1_";"14,62051100";" -60,99270600"
"202300007041";"6";"06";"2023";"18:50";"1";"94";"94034";"2";"2";"1";"3";"Boulevard Pasteur";"48,75756995";"2,31638711"
"202300007042";"18";"08";"2023";"16:40";"1";"93";"93078";"2";"2";"9";"3";"Avenue Georges Clémenceau / Avenue Charles de Gaulle";"48,95812000";"2,55828000"
"202300007043";"24";"11";"2023";"06:11";"5";"64";"64129";"1";"9";"1";"6";"BAYONNE DE";"43,30456000";" -0,40121000"