"Num_Acc";"jour";"mois";"an";"hrmn";"lum";"dep";"com";"agg";"int";"atm";"col";"adr";"lat";"long"
"202300007239";"10";"10";"2023";"08:54";"1";"26";"26362";"2";"2";"1";"3";"CHABEUIL AVENUE DE (102)";"44,92732000";"4,91495000"
"202300007240";"18";"10";"2023";"16:30";"1";"13";"13108";"1";"1";"1";"3";"ARLES (PETITE ROUTE D ARLES CD 35)";"43,75896000";"4,66677000"
"202300007241";"20";"08";"2023";"04:55";"2";"84";"84137";"1";"1";"1";"2";"route d'orange";"44,25103600";"5,06109800"
"202300007242";"17";"12";"2023";"07:45";"5";"69";"69387";"2";"1";"1";"6";"20 Quai Claude Bernard";"45,74988000";"4,83535000"
"202300007243";"19";"08";"2023";"17:40";"1";"21";"21171";"2";"3";"1";"3";"Rue de la Toison d'Or";"47,30282500";"5,12468200"
"202300007244";"18";"08";"2023";"08:20";"1";"21";"21261";"1";"1";"7";"6";"A31 pk: 038.200";"47,27062800";"5,13769600"
"202300007245";"17";"08";"2023";"22:30";"3";"83";"83023";"1";"1";"1";"1";"A8";"43,42170600";"6,07430800"
"202300007246";"18";"08";"2023";"07:35";"1";"68";"68026";"1";"2";"1";"6";"Croisement entre 2 chemins de vigne";"48,14120900";"7,33943600"
"202300007247";"16";"08";"2023";"18:45";"1";"68";"68076";"1";"1";"1";"7";"canal de colmar";"48,10751000";"7,50816300"
"202300007248";"18";"08";"2023";"17:35";"2";"974";"97422";"2";"6";"1";"2";"Rue Paul Hermann";" -21,26981600";"55,51784800"
"202300007249";"17";"08";"2023";"11:20";"1";"974";"97422";"2";"1";"1";"6";"Avenue de l'Europe";" -21,27715300";"55,50325200"
"202300007250";"15";"08";"2023";"19:50";"5";"972";"97225";"2";"1";"1";"2";"135 Rue Bouille";"14,74235700";" -61,17627400"
"202300007251";"19";"08";"2023";"23:20";"3";"83";"83086";"1";"1";"1";"6";"D1555";"43,47376808";"6,53657476"
"202300007252";"10";"08";"2023";"17:15";"1";"11";"11360";"1";"9";"1";"6";"Route de Saint Pons";"43,26374100";"2,90292300"
"202300007253";"13";"08";"2023";"02:50";"3";"63";"63206";"1";"1";"1";"6";"Lieu Dit les Noyers";"45,96950400";"2,97857700"
"202300007254";"18";"08";"2023";"14:30";"1";"28";"28048";"1";"1";"1";"3";"route nationale 10";"48,32269500";"1,43081400"
"202300007255";"19";"08";"2023";"11:55";"1";"12";"12057";"1";"1";"1";"6";"D902";"44,17464800";"2,53458000"
"202300007256";"15";"08";"2023";"14:50";"1";"86";"86191";"1";"2";"1";"3";"D54";"46,48689400";"0,78723400"
"202300007257";"19";"08";"2023";"00:15";"3";"21";"21247";"1";"1";"1";"6";"a6";"47,48187200";"4,17740100"
"202300007258";"17";"08";"2023";"14:57";"1";"21";"21676";"1";"1";"1";"2";"Auroute A6";"47,45330500";"4,26685800"
"202300007259";"17";"08";"2023";"16:40";"1";"67";"67302";"2";"3";"1";"2";"Rue du Maréchal Joffre";"48,74603100";"7,37836000"
"202300007260";"25";"07";"2023";"17:00";"1";"54";"54314";"1";"3";"8";"6";"D171";"49,49551100";"5,71307800"
"202300007261";"19";"08";"2023";"23:00";"5";"01";"01419";"1";"1";"1";"6";"D89k";"46,23423100";"6,00690100"
"202300007262";"17";"08";"2023";"19:00";"1";"29";"29189";"2";"1";"1";"3";"RN165";"48,38606900";" -4,39595300"
"202300007263";"19";"08";"2023";"12:55";"1";"91";"91363";"1";"1";"1";"3";"D446";"48,66355900";"2,19941100"
"202300007264";"10";"08";"2023";"22:45";"3";"84";"84037";"1";"1";"1";"1";"D17";"44,05993200";"4,80180100"
"202300007265";"16";"08";"2023";"15:40";"1";"62";"62261";"2";"6";"1";"3";"D940";"50,48813048";"1,62338207"
"202300007266";"19";"08";"2023";"11:20";"1";"65";"65153";"1";"1";"1";"7";"D21";"43,23762900";"0,20153000"
"202300007267";"20";"08";"2023";"23:50";"3";"50";"50535";"1";"1";"1";"6";"a84 pr 180.080";"48,75543900";" -1,27872700"
"202300007268";"20";"08";"2023";"03:20";"3";"44";"44209";"1";"1";"1";"5";"N/A";"47,33813200";" -1,65422600"
"202300007269";"16";"08";"2023";"18:18";"1";"48";"48099";"1";"1";"1";"2";"N/A";"44,56949000";"3,25119100"
"202300007270";"20";"08";"2023";"03:30";"3";"30";"30315";"1";"1";"1";"6";"N/A";"43,95053000";"4,70897200"
"202300007271";"20";"08";"2023";"15:35";"1";"50";"50295";"1";"2";"7";"3";"La Croix Mariee";"48,95674200";" -1,20062100"
"202300007272";"22";"07";"2023";"06:00";"2";"47";"47121";"1";"1";"1";"1";"D933";"44,35586571";"0,10721139"
"202300007273";"18";"08";"2023";"09:25";"1";"34";"34270";"2";"9";"1";"1";"26 Route de Montpellier";"43,57717300";"3,83439500"
"202300007274";"24";"06";"2023";"15:00";"1";"35";"35197";"1";"1";"1";"7";"La Bourjauderie";"48,21771630";" -1,62313610"
"202300007275";"19";"08";"2023";"14:50";"1";"57";"57067";"2";"1";"1";"7";"8 Route de Thionville";"49,31146300";"6,18550100"
"202300007276";"18";"08";"2023";"16:50";"1";"57";"57302";"1";"1";"1";"1";"D90";"48,63449683";"6,95898056"
"202300007277";"18";"08";"2023";"10:40";"1";"57";"57253";"1";"1";"1";"6";"D89";"48,68138400";"6,89542300"
"202300007278";"20";"08";"2023";"08:00";"1";"57";"57695";"1";"1";"1";"7";"D19";"49,13066400";"6,46377800"
"202300007279";"17";"08";"2023";"00:45";"3";"51";"51412";"1";"1";"1";"7";"Route départementale 05 OGNES";"48,70064800";"3,91500600"
"202300007280";"10";"08";"2023";"19:40";"1";"51";"51069";"1";"1";"1";"7";"D980";"49,18596700";"3,85549300"
"202300007281";"16";"08";"2023";"17:50";"1";"59";"59464";"1";"3";"1";"2";"chaussee brunehaut";"50,17272400";"3,61566100"
"202300007282";"19";"08";"2023";"15:20";"1";"95";"95527";"1";"1";"1";"2";"D317";"49,02242000";"2,49758700"
"202300007283";"10";"08";"2023";"11:15";"1";"56";"56102";"1";"2";"1";"3";"bocneuf la rivière";"47,96515100";" -2,61787900"
"202300007284";"18";"08";"2023";"12:00";"1";"56";"56249";"1";"1";"1";"4";"Les Alleux D8";"47,99584900";" -2,46079800"
"202300007285";"15";"08";"2023";"11:00";"1";"56";"56078";"1";"1";"1";"6";"Kergaher";"47,75561300";" -3,50074100"
"202300007286";"12";"08";"2023";"09:15";"1";"56";"56243";"2";"1";"1";"6";"Le Poulfanc";"47,65168600";" -2,72400900"
"202300007287";"19";"08";"2023";"16:15";"1";"56";"56155";"2";"3";"1";"5";"Bilaire";"47,47154240";" -2,46734620"
"202300007288";"17";"08";"2023";"16:55";"1";"56";"56221";"1";"3";"1";"1";"Le Bois Guy";"47,65063100";" -2,21854100"
"202300007289";"19";"08";"2023";"00:00";"4";"59";"59663";"2";"1";"1";"6";"Route de Steenvoorde";"50,87681400";"2,47329700"
"202300007290";"16";"08";"2023";"18:40";"1";"78";"78346";"1";"2";"1";"3";"D928";"48,92844500";"1,60961800"
"202300007291";"21";"08";"2023";"16:10";"1";"67";"67277";"1";"1";"1";"1";"Route du Rhin";"48,18797800";"7,56262800"
"202300007292";"19";"08";"2023";"12:45";"1";"76";"76260";"2";"3";"1";"3";"Promenade En Pays de Bray";"49,47866500";"1,74017400"
"202300007293";"17";"08";"2023";"22:16";"3";"76";"76146";"1";"1";"1";"6";"D919";"49,58806900";"1,38768900"
"202300007294";"18";"08";"2023";"02:00";"3";"76";"76123";"2";"3";"1";"3";"D47";"49,54306300";"1,11027600"
"202300007295";"20";"09";"2023";"15:20";"1";"62";"62178";"2";"3";"1";"2";"Rue de la République";"50,47936186";"2,54099572"
"202300007296";"13";"08";"2023";"19:40";"1";"79";"79007";"1";"1";"1";"7";"N/A";"46,56417200";" -0,41430500"
"202300007297";"20";"09";"2023";"11:25";"1";"59";"59476";"1";"1";"1";"1";"RD 643";"50,14377000";"3,20966000"
"202300007298";"19";"08";"2023";"12:45";"1";"2A";"2A271";"1";"9";"1";"1";"Gare de Mezzana";"41,97959200";"8,83397400"
"202300007299";"21";"09";"2023";"14:30";"1";"58";"58194";"2";"2";"2";"3";"PERE DE FOUCAULD";"46,99494000";"3,12701100"
"202300007300";"18";"08";"2023";"15:45";"1";"2B";"2B283";"1";"1";"1";"5";"RT 10";"41,86922900";"9,39733900"
"202300007301";"21";"08";"2023";"17:46";"1";"80";"80240";"2";"4";"7";"1";"rue de peronne";"49,93313300";"2,95229400"
"202300007302";"20";"09";"2023";"21:42";"5";"55";"55029";"2";"3";"1";"3";"VERDUN ( RUE DE )";"48,77048626";"5,16799986"
"202300007303";"20";"09";"2023";"12:10";"1";"54";"54304";"2";"1";"1";"6";"MOSELLE (RUE DE LA)";"48,69914400";"6,13555100"
"202300007304";"18";"08";"2023";"00:20";"3";"80";"80167";"1";"1";"1";"1";"D928";"50,19542700";"1,87957700"
"202300007305";"21";"09";"2023";"17:45";"1";"54";"54382";"2";"1";"3";"6";"Route de Longwy";"49,53551000";"5,76699000"
"202300007306";"17";"08";"2023";"22:20";"3";"80";"80008";"2";"1";"1";"6";"grand rue";"50,03331400";"1,61836400"
"202300007307";"21";"09";"2023";"13:00";"1";"54";"54036";"1";"1";"1";"7";"RD139";"49,29278200";"5,98017900"
"202300007308";"17";"08";"2023";"13:54";"1";"82";"82186";"2";"1";"1";"1";"Avenue du Quercy";"44,11453500";"0,89541800"
"202300007309";"21";"09";"2023";"12:50";"1";"51";"51454";"2";"1";"2";"7";"CHAMPAGNE   (  AVENUE DE)";"49,22480000";"4,02606000"
"202300007310";"17";"08";"2023";"13:24";"1";"82";"82112";"1";"9";"1";"6";"1638 Côte de Saint-Julien";"44,15421800";"1,09785500"
"202300007311";"21";"09";"2023";"08:30";"1";"50";"50502";"1";"1";"1";"6";"FUMICHON (lieu dit)";"49,09732000";" -1,05828000"
"202300007312";"21";"08";"2023";"08:40";"1";"82";"82002";"1";"1";"1";"1";"Route de Daynes";"44,06568700";"1,45164900"
"202300007313";"20";"09";"2023";"13:00";"1";"50";"50129";"2";"3";"1";"3";"MARITIME (BOULEVARD)";"49,64721000";" -1,59376000"
"202300007314";"19";"08";"2023";"03:45";"3";"82";"82087";"1";"1";"1";"7";"Route de Vazerac";"44,15397200";"1,22373600"
"202300007315";"29";"07";"2023";"19:15";"1";"82";"82087";"2";"1";"1";"3";"lieu dit camparnaud";"44,13470600";"1,19575600"
"202300007316";"19";"09";"2023";"12:10";"1";"49";"49099";"2";"2";"1";"3";"MARCEL DOUTRELIGNE";"47,04740000";" -0,84767000"
"202300007317";"18";"08";"2023";"15:45";"1";"65";"65195";"1";"1";"1";"7";"Route de Val Louron";"42,80840000";"0,40122300"
"202300007318";"20";"09";"2023";"16:13";"1";"49";"49007";"2";"1";"1";"7";"BARANGE BOULEVARD";"47,45508000";" -0,56879000"
"202300007319";"17";"08";"2023";"09:30";"1";"65";"65039";"1";"1";"1";"3";"Route du Col D918";"42,92559300";"0,34785000"
"202300007320";"21";"09";"2023";"20:10";"4";"45";"45298";"2";"1";"2";"2";"Rue des Hautes Levées";"47,88866000";"1,86156000"
"202300007321";"20";"08";"2023";"08:20";"1";"65";"65452";"1";"1";"1";"6";"Route de Bonnefont";"43,30127670";"0,36253582"
"202300007322";"21";"09";"2023";"12:15";"1";"45";"45302";"2";"1";"3";"6";"D2701 PR 2 + 1";"47,94224000";"1,88433000"
"202300007323";"21";"08";"2023";"12:15";"1";"33";"33316";"1";"2";"1";"3";"Saint Laurent";"44,75584200";"0,12347300"
"202300007324";"21";"09";"2023";"09:40";"1";"45";"45298";"1";"1";"3";"1";"D951 PR 96 + 730";"47,87569797";"1,84913939"
"202300007325";"19";"08";"2023";"15:10";"1";"33";"33400";"1";"1";"1";"6";"D16";"44,67220100";"0,06311200"
"202300007326";"21";"09";"2023";"09:05";"1";"45";"45234";"2";"1";"3";"2";"206 Rue du Faubourg Bannier";"47,92053000";"1,89820000"
"202300007327";"18";"08";"2023";"02:00";"3";"32";"32079";"1";"1";"1";"7";"D264";"43,92159100";"0,13194300"
"202300007328";"21";"09";"2023";"19:35";"1";"44";"44109";"2";"1";"3";"3";"Quai de la Fosse";"47,20863000";" -1,56795000"
"202300007329";"17";"08";"2023";"13:30";"1";"32";"32127";"2";"1";"1";"6";"4 Rue de l'Armagnac";"43,86660400";" -0,10831100"
"202300007330";"20";"08";"2023";"17:45";"1";"71";"71314";"1";"1";"1";"6";"route de saint germain du bois";"46,80481500";"5,30684700"
"202300007331";"21";"09";"2023";"15:40";"1";"38";"38169";"2";"9";"1";"3";"BOULEVARD PAUL LANGEVIN";"45,19724500";"5,67173900"
"202300007332";"19";"08";"2023";"01:45";"3";"89";"89428";"2";"1";"8";"6";"1 Route de Courtenay";"48,22533900";"3,03138500"
"202300007333";"21";"09";"2023";"18:00";"1";"37";"37261";"2";"3";"2";"6";"SAINT VINCENT DE PAUL (AVENUE)";"47,35901000";"0,70480000"
"202300007334";"20";"08";"2023";"04:45";"3";"89";"89436";"1";"1";"1";"7";"24 Rue des Roches";"48,01633800";"3,71901800"
"202300007335";"20";"09";"2023";"14:00";"1";"37";"37261";"2";"1";"1";"6";"VICTOIRE (RUE DE LA)";"47,39275000";"0,67867000"
"202300007336";"18";"08";"2023";"16:45";"1";"89";"89158";"1";"1";"1";"6";"D6";"47,51853400";"3,29997500"
"202300007337";"20";"09";"2023";"10:20";"1";"35";"35238";"2";"2";"1";"3";"TOUR D'AUVERGNE (BD DE LA)";"48,10544000";" -1,68464000"
"202300007338";"20";"08";"2023";"10:40";"1";"63";"63097";"1";"1";"1";"7";"D23 PK 18+500";"45,49128896";"3,06965785"
"202300007339";"19";"09";"2023";"04:45";"3";"35";"35238";"1";"1";"1";"2";"RN136";"48,08412000";" -1,69870000"
"202300007340";"20";"08";"2023";"14:15";"1";"63";"63010";"2";"1";"1";"6";"Route de Dore l'Eglise";"45,40721800";"3,72789500"
"202300007341";"20";"09";"2023";"12:10";"1";"34";"34003";"2";"6";"1";"3";"SOLEIL (G15 A J18";"43,30326100";"3,48567700"
"202300007342";"20";"09";"2023";"18:20";"2";"31";"31555";"2";"1";"1";"1";"LAUNAGUET (RTE DE) DU 1AU 109";"43,64700000";"1,43900000"
"202300007343";"19";"09";"2023";"18:15";"1";"30";"30007";"2";"3";"1";"3";"Quai Boissier de Sauvages";"44,12728000";"4,07709000"
"202300007344";"21";"09";"2023";"17:05";"1";"26";"26198";"1";"3";"1";"3";"Route du Teil";"44,55392000";"4,71145000"
"202300007345";"21";"09";"2023";"02:00";"5";"13";"13208";"2";"2";"2";"3";"LIANDIER (RUE)";"43,27844000";"5,39230000"
"202300007346";"20";"09";"2023";"17:20";"1";"13";"13209";"2";"1";"2";"2";"LANCIER (CHEMIN DU)";"43,24652133";"5,39568030"
"202300007347";"20";"09";"2023";"17:50";"1";"11";"11069";"2";"9";"8";"3";"3 Route de Montreal";"43,21193000";"2,33005000"
"202300007348";"20";"09";"2023";"14:05";"1";"11";"11069";"2";"1";"2";"7";"690 Boulevard Denis Papin";"43,20921500";"2,32315000"
"202300007349";"20";"09";"2023";"17:28";"1";"10";"10387";"2";"1";"1";" -1";"EDOUARD HERRIOT (RUE)";"48,27415000";"4,08350000"
"202300007350";"21";"09";"2023";"15:15";"1";"07";"07281";"1";"1";"3";"6";"C.D.533";"44,93268000";"4,81451000"
"202300007351";"19";"09";"2023";"12:35";"1";"06";"06069";"2";"1";"2";"2";"SIDI BRAHIM (AVENUE)";"43,64965000";"6,93231000"
"202300007352";"20";"09";"2023";"18:50";"2";"05";"05023";"2";"6";"2";"7";"MAISONS BLANCHES (RUE DES)";"44,88205700";"6,62271100"
"202300007353";"20";"09";"2023";"14:29";"1";"02";"02722";"2";"1";"1";"6";"39 Rue Saint Christophe";"49,38196000";"3,32173000"
"202300007354";"21";"09";"2023";"16:19";"1";"75";"75113";"2";"1";"1";"3";"PORTE D ITALIE";"48,81788400";"2,35351000"
"202300007355";"20";"09";"2023";"22:20";"5";"75";"75118";"2";"1";"1";"2";"BD PERIPHERIQUE EXTERIEUR";"48,90120800";"2,35347600"
"202300007356";"20";"09";"2023";"22:20";"3";"75";"75114";"2";"1";"1";"7";"BD PERIPHERIQUE INTERIEUR";"48,81721200";"2,33498200"
"202300007357";"20";"09";"2023";"20:15";"5";"75";"75120";"2";"1";"1";"2";"BD PERIPHERIQUE INTERIEUR";"48,84742800";"2,41456000"
"202300007358";"20";"09";"2023";"18:30";"1";"75";"75116";"2";"1";"1";"2";"BD PERIPHERIQUE INTEREIUR";"48,86193400";"2,26460000"
"202300007359";"20";"09";"2023";"14:03";"1";"75";"75116";"2";"1";"1";"2";"ECHANGEUR MAILLOT";"48,87827311";"2,28020364"
"202300007360";"21";"09";"2023";"05:51";"5";"75";"75108";"2";"5";"2";"6";"BOULEVARD HAUSSMANN";"48,87378000";"2,32702500"
"202300007361";"21";"09";"2023";"18:25";"2";"75";"75105";"2";"1";"1";"3";"BOULEVARD DE PORT ROYAL";"48,83870600";"2,34056600"
"202300007362";"21";"09";"2023";"17:05";"1";"75";"75106";"2";"2";"1";"6";"BOULEVARD DU MONTPARNASSE";"48,84312500";"2,32643400"
"202300007363";"21";"09";"2023";"12:00";"1";"75";"75105";"2";"2";"2";"6";"AVENUE DE L OBSERVATOIRE";"48,83968373";"2,33668149"
"202300007364";"21";"09";"2023";"07:45";"2";"75";"75105";"2";"7";"2";"3";"PLACE VALHUBERT";"48,84441300";"2,36502500"
"202300007365";"21";"09";"2023";"02:15";"5";"75";"75117";"2";"3";"2";"3";"AVENUE DE CLICHY";"48,88998500";"2,32124900"
"202300007366";"21";"09";"2023";"18:40";"1";"75";"75116";"2";"1";"1";"3";"AVENUE VICTOR HUGO";"48,87002000";"2,28618300"
"202300007367";"21";"09";"2023";"15:30";"1";"75";"75115";"2";"2";"2";"3";"QUAI DE GRENELLE";"48,84933000";"2,28162500"
"202300007368";"21";"09";"2023";"15:00";"1";"75";"75115";"2";"2";"2";"3";"RUE LECOURBE";"48,83686100";"2,28358400"
"202300007369";"21";"09";"2023";"09:15";"1";"75";"75115";"2";"1";"2";"2";"BOULEVARD DE VAUGIRARD";"48,84079700";"2,31627400"
"202300007370";"21";"09";"2023";"08:10";"1";"75";"75115";"2";"1";"2";"3";"RUE BALARD";"48,83903200";"2,27828300"
"202300007371";"21";"09";"2023";"09:45";"1";"75";"75115";"2";"1";"2";"7";"BOULEVARD LEFEBVRE";"48,82787806";"2,30417848"
"202300007372";"20";"09";"2023";"11:50";"1";"75";"75114";"2";"2";"1";"6";"RUE D ALESIA";"48,82653100";"2,34159000"
"202300007373";"21";"09";"2023";"08:05";"1";"75";"75113";"2";"2";"2";"3";"AVENUE DES GOBELINS";"48,83341400";"2,35421000"
"202300007374";"21";"09";"2023";"17:38";"1";"75";"75107";"2";"1";"1";"3";"RUE SAINT DOMINIQUE";"48,85994900";"2,31620500"
"202300007375";"21";"09";"2023";"14:55";"1";"75";"75107";"2";"7";"2";"3";"PLACE VAUBAN";"48,85327600";"2,31301800"
"202300007376";"21";"09";"2023";"08:40";"1";"75";"75102";"2";"1";"2";"7";"BOULEVARD DES ITALIENS";"48,87180800";"2,33904500"
"202300007377";"21";"09";"2023";"07:50";"1";"75";"75101";"2";"2";"2";"7";"BOULEVARD DE SEBASTOPOL";"48,86198500";"2,35016300"
"202300007378";"19";"09";"2023";"17:45";"1";"75";"75104";"2";"2";"1";"3";"PONT DE SULLY";"48,85080200";"2,36143700"
"202300007379";"21";"09";"2023";"11:25";"1";"94";"94068";"2";"1";"2";"2";"Avenue du Bac";"48,79555000";"2,50881000"
"202300007380";"21";"09";"2023";"20:40";"3";"94";"94041";"2";"9";"1";"6";"Avenue de Verdun";"48,80785069";"2,37493944"
"202300007381";"21";"09";"2023";"01:15";"3";"94";"94073";"2";"9";"1";"3";"Avenue de Fontainebleau";"48,74808600";"2,36933000"
"202300007382";"20";"09";"2023";"21:20";"5";"94";"94028";"2";"1";"1";"6";"Rue du Docteur Ramon";"48,77289781";"2,46571465"
"202300007383";"21";"09";"2023";"19:45";"2";"94";"94077";"2";"1";"2";"6";"Route d’Orly";"48,73962720";"2,40680710"
"202300007384";"21";"09";"2023";"18:50";"1";"94";"94069";"2";"1";"1";"2";"Avenue Saint Maurice du Valais";"48,81679000";"2,45947000"
"202300007385";"21";"09";"2023";"11:20";"1";"94";"94017";"2";"1";"2";"6";"Avenue du Général de Gaulle";"48,82492000";"2,50092000"
"202300007386";"21";"09";"2023";"11:35";"1";"94";"94070";"2";"1";"3";"2";"Rte de Paris";"48,72001600";"2,56607100"
"202300007387";"21";"09";"2023";"16:50";"1";"94";"94002";"2";"1";"2";"2";"43 Rue Emile Zola";"48,79966592";"2,42591147"
"202300007388";"21";"09";"2023";"17:48";"1";"93";"93073";"2";"2";"1";"3";"Avenue Diderot / Avenue Jacques Debris";"48,95619243";"2,57665034"
"202300007389";"21";"09";"2023";"13:45";"1";"93";"93073";"1";"9";"3";"6";"Rue du Chapitre";"49,00207000";"2,53705000"
"202300007390";"21";"09";"2023";"16:35";"1";"93";"93079";"2";"1";"1";"2";"Avenue Jean-baptiste Clément";"48,95750200";"2,33789000"
"202300007391";"21";"09";"2023";"13:40";"1";"93";"93079";"2";"1";"2";"7";"Route de Saint-leu";"48,95048673";"2,34042853"
"202300007392";"21";"09";"2023";"20:15";"5";"93";"93027";"2";"3";"8";"5";"Avenue Paul Vaillant Couturier / Rue Jean Vernet";"48,92354884";"2,41391985"
"202300007393";"21";"09";"2023";"14:56";"1";"93";"93008";"2";"1";"2";"2";"Rue de Paris";"48,90106770";"2,45520696"
"202300007394";"20";"09";"2023";"14:10";"1";"93";"93008";"2";"1";"2";"6";"Avenue Jean Jaures";"48,90500900";"2,43947800"
"202300007395";"21";"09";"2023";"10:20";"1";"93";"93008";"2";"2";"2";"3";"Rue de Paris";"48,89854000";"2,44187000"
"202300007396";"20";"09";"2023";"20:40";"5";"92";"92051";"2";"1";"1";"6";"CHARLES DE GAULLE (AVENUE, N° 18 A 116)";"48,88127679";"2,27171302"
"202300007397";"21";"09";"2023";"09:15";"1";"92";"92050";"2";"3";"3";"6";"FONTANOT RUE DES TROIS";"48,89460170";"2,22532332"
"202300007398";"21";"09";"2023";"13:40";"1";"92";"92049";"2";"1";"3";"6";"BARBES RUE";"48,81746000";"2,32664000"
"202300007399";"21";"09";"2023";"13:00";"1";"92";"92020";"2";"2";"2";"3";"PERI RUE GABRIEL";"48,80189000";"2,28738000"
"202300007400";"21";"09";"2023";"13:33";"1";"92";"92040";"2";"1";"3";"6";"GAMBETTA (BOULEVARD)";"48,82745264";"2,27702820"
"202300007401";"21";"09";"2023";"16:00";"1";"92";"92004";"2";"2";"1";"3";"EMILE ZOLA ( RUE )";"48,92460758";"2,28409876"
"202300007402";"20";"09";"2023";"18:00";"1";"92";"92036";"2";"1";"1";"3";"BAS ( RUE DES )";"48,91434000";"2,29697000"
"202300007403";"21";"09";"2023";"18:15";"1";"92";"92002";"2";"2";"1";"6";"MIRABEAU (RUE)";"48,74771059";"2,29932368"
"202300007404";"21";"09";"2023";"12:00";"1";"92";"92002";"2";"3";"2";"3";"BOIS DE VERRIERES (AVENUE DU)";"48,75657189";"2,28166580"
"202300007405";"22";"09";"2023";"07:15";"1";"2A";"2A065";"1";"1";"2";"6";"Pont de chiuni, D81";"42,18025790";"8,61484382"
"202300007406";"20";"09";"2023";"20:20";"5";"06";"06161";"2";"1";"1";"3";"Route Départementale 6007";"43,63335300";"7,13418100"
"202300007407";"22";"09";"2023";"07:55";"1";"974";"97412";"2";"1";"1";"3";"Rue Juliette Dodu";" -21,37878900";"55,61329300"
"202300007408";"22";"09";"2023";"10:15";"1";"972";"97212";"2";"1";"1";"6";"les Deux Terres";"14,70145300";" -61,01383900"
"202300007409";"21";"09";"2023";"17:30";"1";"44";"44051";"1";"1";"1";"3";"Le Tertre";"47,66544900";" -1,68932000"
"202300007410";"21";"09";"2023";"10:00";"1";"30";"30334";"2";"3";"2";"7";"N/A";"43,99070300";"4,42874000"
"202300007411";"22";"08";"2023";"19:40";"1";"91";"91560";"1";"6";"1";"3";"D35";"48,67501200";"2,16807200"
"202300007412";"22";"09";"2023";"09:45";"1";"56";"56204";"1";"1";"1";"6";"La Ville Bretonne";"47,91832300";" -2,73029000"
"202300007413";"14";"09";"2023";"14:30";"1";"67";"67088";"2";"1";"1";"7";"Dehlingen";"48,98673000";"7,19138900"
"202300007414";"19";"09";"2023";"16:30";"1";"2B";"2B123";"2";"6";"1";"3";"Intersection D 344 et rue du Renosu";"42,01704200";"9,40420000"
"202300007415";"15";"09";"2023";"21:20";"3";"80";"80649";"1";"2";"1";"3";"D32d";"50,31665500";"1,63024700"
"202300007416";"21";"09";"2023";"20:50";"3";"65";"65161";"1";"1";"9";"2";"N21";"43,34513915";"0,13458095"
"202300007417";"22";"09";"2023";"14:30";"1";"63";"63132";"1";"1";"2";"3";"N/A";"45,61750400";"3,55030100"
"202300007418";"21";"09";"2023";"12:20";"1";"49";"49345";"1";"9";"1";"3";"D120";"47,28615800";" -0,52094900"
"202300007419";"21";"09";"2023";"17:40";"1";"34";"34140";"2";"9";"1";"6";"Avenue Ingarrigues";"43,37646200";"3,17767700"
"202300007420";"21";"09";"2023";"09:56";"1";"68";"68138";"2";"1";"1";"6";"16 Rue de Bettendorf";"47,58558600";"7,25911300"
"202300007421";"22";"09";"2023";"09:20";"1";"39";"39470";"1";"1";"8";"1";"N/A";"46,49901700";"6,09929200"
"202300007422";"20";"09";"2023";"13:45";"1";"44";"44129";"1";"1";"1";"6";"l'Île Bayon";"47,38179090";" -2,05165740"
"202300007423";"21";"09";"2023";"20:05";"2";"44";"44146";"1";"1";"2";"6";"12 Arche";"47,77435576";" -1,41385674"
"202300007424";"19";"09";"2023";"19:55";"5";"29";"29235";"2";"4";"2";"3";"rue Brizeux";"48,40617200";" -4,39107900"
"202300007425";"22";"09";"2023";"09:50";"1";"29";"29174";"1";"1";"1";"7";"Route de Quelordan";"47,87240100";" -4,24038200"
"202300007426";"21";"09";"2023";"15:00";"1";"03";"03062";"2";"1";"2";"1";"D35";"46,18309900";"3,16496400"
"202300007427";"22";"09";"2023";"11:45";"1";"15";"15074";"1";"1";"2";"1";"N 122 ";"44,93194900";"2,49254500"
"202300007428";"20";"09";"2023";"23:45";"3";"26";"26113";"1";"1";"1";"7";"D93";"44,76648100";"5,33081500"
"202300007429";"22";"09";"2023";"03:40";"3";"50";"50273";"1";"1";"3";"2";"Route de la Haye du Puits";"49,29249700";" -1,52164900"
"202300007430";"22";"09";"2023";"00:35";"3";"18";"18008";"1";"1";"2";"7";"N/A";"46,95282600";"2,34907900"
"202300007431";"18";"09";"2023";"15:00";"1";"43";"43051";"2";"2";"1";"3";"Route de Saint-Agrève";"45,05566700";"4,31346400"
"202300007432";"19";"09";"2023";"18:35";"1";"36";"36088";"2";"3";"1";"6";"Chemin du Postillon";"46,95174652";"1,99873388"
"202300007433";"20";"09";"2023";"22:42";"5";"30";"30307";"1";"1";"3";"6";"N/A";"44,19419000";"4,04360200"
"202300007434";"22";"09";"2023";"16:45";"1";"30";"30061";"1";"9";"1";"6";"N/A";"43,93495100";"4,25450400"
"202300007435";"21";"09";"2023";"18:56";"1";"48";"48074";"1";"1";"8";"6";"pk 13 D996";"44,20437400";"3,33669500"
"202300007436";"21";"09";"2023";"18:20";"1";"63";"63370";"1";"9";"2";"7";"Autoroute A89";"45,66632100";"2,68244500"
"202300007437";"22";"09";"2023";"15:45";"1";"06";"06018";"2";"1";"1";"6";"Chemin Neuf";"43,62780000";"7,09546100"