"Num_Acc";"jour";"mois";"an";"hrmn";"lum";"dep";"com";"agg";"int";"atm";"col";"adr";"lat";"long"
"202300007833";"8";"02";"2023";"17:30";"1";"93";"93010";"2";"1";"1";"3";"Chemin du Pont";"48,90823062";"2,48985512"
"202300007834";"8";"02";"2023";"17:30";"1";"93";"93001";"2";"2";"1";"6";"Avenue Victor Hugo / Boulevard Félix Faure";"48,90850663";"2,37785795"
"202300007835";"7";"02";"2023";"16:30";"1";"93";"93001";"2";"1";"1";"6";"Rue Madeleine Vionnet";"48,90312000";"2,37410000"
"202300007836";"7";"02";"2023";"12:00";"1";"93";"93001";"2";"2";"1";"6";"Rue Trevet / Rue Lécuyer";"48,90592936";"2,39245125"
"202300007837";"8";"02";"2023";"12:54";"1";"92";"92078";"2";"1";"1";"3";"GALLIENI (BD) (154 ET 214)";"48,92795000";"2,33113000"
"202300007838";"8";"02";"2023";"03:25";"5";"92";"92046";"2";"1";"1";"6";"DOUZE FEVRIER 1934 (AVENUE DU)";"48,81864000";"2,30702000"
"202300007839";"8";"02";"2023";"17:31";"1";"92";"92051";"2";"2";"1";"6";"CHEZY (RUE DE, N° 21 A 99)";"48,89002522";"2,27379978"
"202300007840";"8";"02";"2023";"15:50";"1";"92";"92020";"2";"2";"1";"6";"VERDUN AVENUE DE N°2 A 28";"48,80253199";"2,28615135"
"202300007841";"8";"02";"2023";"14:40";"1";"92";"92044";"2";"9";"1";"3";"VIC. HUGO(RUE)091A113 ET 112A146";"48,89699418";"2,29552835"
"202300007842";"8";"02";"2023";"20:25";"5";"92";"92026";"2";"1";"8";"6";"BEZONS  (DE 01 A 22)";"48,89298663";"2,25264108"
"202300007843";"8";"02";"2023";"21:30";"5";"92";"92024";"2";"1";"1";"6";"GENERAL ROGUET (RUE DU) DE (1 A 57)   (2";"48,90463000";"2,31291000"
"202300007844";"8";"02";"2023";"11:15";"1";"92";"92024";"2";"9";"1";"6";"HUNTZINGER (RUE)";"48,90025000";"2,30218000"
"202300007845";"8";"02";"2023";"15:30";"1";"92";"92012";"2";"3";"1";"7";"VIEUX PONT DE SEVRES (RUE DU) 100/170 -";"48,83169000";"2,24250000"
"202300007846";"8";"02";"2023";"12:30";"1";"92";"92012";"2";"1";"1";"3";"JEAN JAURES (BOULEVARD) 217/FIN - 210/FI";"48,83036319";"2,24536031"
"202300007847";"9";"02";"2023";"16:25";"1";"73";"73330";"2";"2";"1";"3";"D921A - Rue capitaine Simon";"45,70391700";"5,77019900"
"202300007848";"9";"02";"2023";"09:00";"1";"57";"57650";"2";"1";"1";"6";"Quai des Ducs de Lorraine";"49,44153300";"6,35618900"
"202300007849";"7";"02";"2023";"17:00";"1";"06";"06044";"2";"1";"1";"7";"1463 Route de Cagnes";"43,67326600";"7,12055800"
"202300007850";"8";"02";"2023";"20:40";"3";"10";"10263";"1";"1";"1";"1";"";"48,24142400";"3,75359100"
"202300007851";"9";"02";"2023";"12:15";"1";"38";"38239";"1";"1";"1";"1";"D1085";"45,31660700";"5,60300600"
"202300007852";"8";"02";"2023";"13:10";"1";"59";"59278";"2";"1";"1";"6";"119 Rue du General de Gaulle";"50,61023300";"2,96541300"
"202300007853";"9";"02";"2023";"18:10";"3";"71";"71355";"1";"1";"1";"6";"D73";"46,91242800";"5,12213900"
"202300007854";"9";"02";"2023";"17:54";"2";"76";"76136";"2";"1";"1";"6";"route de la mer";"49,81467800";"0,95076400"
"202300007855";"9";"02";"2023";"17:40";"1";"63";"63178";"2";"1";"1";"2";"Avenue Pierre Mendes-France";"45,55149280";"3,25338274"
"202300007856";"7";"02";"2023";"09:26";"1";"34";"34119";"1";"1";"4";"1";"D160";"43,58559800";"3,11614800"
"202300007857";"8";"02";"2023";"22:10";"5";"44";"44152";"1";"1";"1";"1";"";"47,43642000";" -2,07911200"
"202300007858";"8";"02";"2023";"16:40";"2";"34";"34344";"1";"1";"7";"3";"Avenue de Carnon";"43,55728788";"4,03968573"
"202300007859";"8";"02";"2023";"07:50";"2";"29";"29105";"2";"1";"1";"6";"Rue du Ponant";"48,51935300";" -4,08066700"
"202300007860";"9";"02";"2023";"18:42";"2";"29";"29020";"1";"1";"1";"6";"D72 - Rue Amiral de la Grandiere";"48,09949300";" -3,99143800"
"202300007861";"3";"02";"2023";"02:45";"4";"29";"29176";"1";"1";"1";"6";"Lanzent";"48,14260400";" -4,23144300"
"202300007862";"18";"01";"2023";"21:15";"3";"26";"26305";"1";"1";"1";"1";"RD134 PK 7+195";"44,57491300";"4,87654600"
"202300007863";"9";"02";"2023";"07:45";"1";"54";"54433";"1";"1";"7";"1";"RD 120";"48,88558700";"6,15528300"
"202300007864";"8";"02";"2023";"20:20";"3";"36";"36018";"2";"6";"1";"1";"Place André Gasnier";"46,63332300";"1,06326500"
"202300007865";"7";"02";"2023";"07:55";"2";"53";"53276";"1";"1";"1";"1";"La Piarderie";"48,15228500";" -0,23802500"
"202300007866";"8";"02";"2023";"13:48";"1";"04";"04122";"1";"1";"1";"7";"N85";"44,04022600";"6,07406600"
"202300007867";"8";"02";"2023";"16:16";"1";"27";"27045";"2";"1";"1";"7";"Chemin du Buisson de Bleu";"49,31922100";"1,76598200"
"202300007868";"8";"02";"2023";"18:10";"3";"28";"28033";"1";"1";"1";"6";"RD 349.2";"48,49554200";"1,06256800"
"202300007869";"9";"02";"2023";"09:45";"1";"52";"52492";"1";"1";"7";"1";"N19";"47,82055000";"5,48324000"
"202300007870";"7";"02";"2023";"20:30";"5";"35";"35210";"2";"1";"1";"6";"le Pont Amelin";"48,15470576";" -1,78432480"
"202300007871";"8";"02";"2023";"15:00";"1";"35";"35210";"2";"1";"1";"6";"Rue Charles Tillon";"48,14857200";" -1,77222400"
"202300007872";"9";"02";"2023";"15:55";"1";"13";"13037";"2";"6";"1";"3";"Les Guigues";"43,55023900";"5,18158800"
"202300007873";"9";"02";"2023";"13:30";"1";"74";"74010";"2";"1";"1";"7";"Avenue jean clerc";"45,88507100";"6,09513300"
"202300007874";"7";"02";"2023";"18:55";"3";"34";"34129";"1";"1";"1";"7";"A709 - PK016.500 - BRETELLE ACCES SENS 1";"43,57301900";"3,87600700"
"202300007875";"8";"02";"2023";"21:35";"3";"28";"28363";"1";"1";"1";"2";"A10";"48,39091400";"1,89153700"
"202300007876";"8";"02";"2023";"20:45";"3";"77";"77257";"1";"1";"1";"7";"D147";"49,04900800";"3,01643400"
"202300007877";"3";"02";"2023";"16:30";"1";"66";"66088";"1";"1";"1";"6";"";"42,67821600";"2,62803910"
"202300007878";"8";"02";"2023";"13:15";"1";"66";"66212";"1";"1";"1";"1";"RD 11 E";"42,76095600";"3,01469600"
"202300007879";"26";"01";"2023";"16:50";"1";"13";"13066";"1";"1";"1";"2";"D7n - route de St andiol";"43,86617500";"4,91362500"
"202300007880";"31";"01";"2023";"04:55";"5";"69";"69190";"1";"1";"1";"7";"72 Rue Marcel Mérieux";"45,76487296";"4,69884293"
"202300007881";"8";"02";"2023";"11:20";"1";"33";"33445";"1";"2";"1";"3";"D120";"45,03404400";" -0,26420800"
"202300007882";"5";"02";"2023";"05:15";"3";"13";"13106";"1";"1";"1";"3";"A7-Sens Marseille vers Lyon";"43,38974000";"5,35119000"
"202300007883";"8";"02";"2023";"08:06";"1";"83";"83137";"1";"1";"1";"2";"A57";"43,12267000";"5,95710000"
"202300007884";"8";"02";"2023";"19:10";"3";"91";"91589";"1";"1";"1";"4";"AUTOROUTE A6";"48,67112000";"2,34679000"
"202300007885";"8";"02";"2023";"13:15";"1";"91";"91345";"1";"1";"1";"2";"AUTOROUTE A6";"48,68943000";"2,32435000"
"202300007886";"8";"02";"2023";"11:00";"1";"91";"91589";"1";"1";"1";"4";"AUTOROUTE A6";"48,68558000";"2,32726000"
"202300007887";"8";"02";"2023";"18:10";"2";"92";"92050";"1";"1";"1";"6";"A86";"48,89355695";"2,18863069"
"202300007888";"7";"02";"2023";"12:03";"1";"92";"92048";"1";"1";"1";"2";"N118";"48,80359917";"2,21419888"
"202300007889";"7";"02";"2023";"08:02";"1";"78";"78297";"1";"1";"1";"3";"RN12";"48,78859100";"2,06837700"
"202300007890";"7";"02";"2023";"10:10";"1";"93";"93066";"1";"1";"1";"3";"AUTOROUTE A1";"48,92610000";"2,35695000"
"202300007891";"7";"02";"2023";"09:10";"1";"95";"95582";"1";"1";"1";"2";" A15";"48,96526067";"2,25973884"
"202300007892";"7";"02";"2023";"07:45";"1";"93";"93066";"1";"1";"1";"3";"AUTOROUTE A1";"48,93114000";"2,36801000"
"202300007893";"7";"02";"2023";"06:30";"2";"95";"95252";"1";"1";"1";"5";"A15";"48,97685891";"2,23427744"
"202300007894";"7";"02";"2023";"11:05";"1";"77";"77379";"2";"1";"1";"6";"D1E";"48,54850735";"3,29338227"
"202300007895";"7";"02";"2023";"09:58";"1";"27";"27229";"2";"3";"7";"6";"FORET (RUE DE LA)";"49,01163299";"1,15983576"
"202300007896";"6";"02";"2023";"11:30";"1";"17";"17415";"2";"3";"1";"3";"GUILLET MAILLET 1-65";"45,74814700";" -0,62261800"
"202300007897";"4";"02";"2023";"10:10";"1";"83";"83126";"2";"9";"1";"6";"EUROPE (BD DE L')";"43,11076000";"5,85914000"
"202300007898";"2";"02";"2023";"18:07";"1";"63";"63113";"2";"1";"1";"6";"LIMOUSIN (AVENUE DU)";"45,79128101";"3,05946440"
"202300007899";"2";"05";"2023";"15:00";"1";"85";"85160";"1";"2";"1";"3";"RD36";"46,59354100";" -1,44317100"
"202300007900";"2";"05";"2023";"15:05";"1";"50";"50288";"1";"1";"1";"6";"D973";"48,71138000";" -1,39873000"
"202300007901";"30";"04";"2023";"12:30";"1";"22";"22040";"1";"1";"7";"7";"D8";"48,52294000";" -3,16876200"
"202300007902";"3";"05";"2023";"13:50";"1";"59";"59126";"2";"1";"7";"3";"Rue de Cambrai";"50,30915500";"3,12791200"
"202300007903";"3";"05";"2023";"12:15";"1";"59";"59129";"1";"3";"1";"3";"D549";"50,50313700";"3,17766700"
"202300007904";"2";"05";"2023";"09:45";"1";"33";"33448";"1";"1";"1";"4";"AUTOROUTE A 62";"44,72223263";" -0,52385688"
"202300007905";"2";"05";"2023";"17:50";"1";"92";"92050";"1";"1";"1";"2";"A86";"48,90425000";"2,20717000"
"202300007906";"2";"05";"2023";"16:55";"1";"78";"78640";"1";"1";"1";"2";"A86 INT";"48,78047300";"2,18152900"
"202300007907";"2";"05";"2023";"10:40";"1";"92";"92064";"1";"1";"1";"1";"A13";"48,83822910";"2,19103797"
"202300007908";"1";"05";"2023";"18:55";"1";"78";"78140";"1";"1";"1";"6";"A13";"48,96087000";"1,93015000"
"202300007909";"1";"05";"2023";"14:30";"1";"78";"78466";"1";"1";"8";"2";"A13";"48,91975000";"2,00348000"
"202300007910";"2";"05";"2023";"09:50";"1";"95";"95218";"1";"1";"1";"5";"A15";"49,03546598";"2,09715486"
"202300007911";"2";"05";"2023";"06:30";"2";"93";"93010";"1";"1";"1";"2";"AUTOROUTE A3";"48,91557000";"2,47787000"
"202300007912";"28";"02";"2023";"10:30";"1";"43";"43040";"2";"3";"1";"3";"Rue Andocede Carrot";"45,29799200";"3,38076900"
"202300007913";"1";"05";"2023";"22:25";"4";"974";"97411";"1";"1";"1";"2";"Boulevard Lancastel";" -20,88128767";"55,46216011"
"202300007914";"1";"05";"2023";"15:45";"1";"972";"97213";"2";"6";"1";"6";"ROUTE DEPARTEMENTALE 3";"14,61944000";" -60,99433000"
"202300007915";"1";"05";"2023";"08:20";"1";"972";"97213";"1";"1";"1";"6";"ROUTE DEPARTEMENTALE 14";"14,63286800";" -61,01667800"
"202300007916";"30";"04";"2023";"20:15";"5";"972";"97213";"1";"6";"1";"3";"ROUTE NATIONALE 1";"14,61843000";" -61,00521000"
"202300007917";"1";"05";"2023";"19:27";"2";"2B";"2B120";"2";"1";"2";"1";"LAGUNE (Route de la) D107";"42,65000000";"9,45000000"
"202300007918";"1";"05";"2023";"12:20";"1";"2A";"2A004";"2";"1";"1";"2";"PIETRI NICOLAS AVENUE";"41,91658000";"8,72308000"
"202300007919";"1";"05";"2023";"19:35";"2";"95";"95280";"2";"1";"1";"6";"GEORGES PITARD (RUE)";"49,03417300";"2,45352900"
"202300007920";"29";"04";"2023";"11:40";"1";"91";"91421";"2";"1";"1";"2";"REPUBLIQUE (AVENUE DE LA)";"48,70027000";"2,46783000"
"202300007921";"1";"05";"2023";"18:30";"1";"91";"91027";"2";"2";"7";"3";"AV LEON BLUM";"48,71012000";"2,38545000"
"202300007922";"1";"05";"2023";"09:20";"1";"83";"83126";"2";"6";"1";"3";"RENOIR (AV AUGUSTE)";"43,08415000";"5,86618000"
"202300007923";"1";"05";"2023";"10:45";"1";"78";"78481";"2";"9";"8";"3";"CHARLES DE GAULLE (AVENUE)";"48,88941000";"2,10373000"
"202300007924";"1";"05";"2023";"19:35";"1";"73";"73008";"2";"1";"1";"2";"D1201 CHARCOT  BOULEVARD JEAN";"45,69104000";"5,89592000"
"202300007925";"27";"04";"2023";"16:45";"1";"69";"69271";"1";"1";"1";"1";"Chemin de Meyzieu";"45,75179000";"4,98278000"
"202300007926";"1";"05";"2023";"13:20";"1";"69";"69290";"2";"1";"1";"6";"45 Rue Anatole France";"45,69353025";"4,93188636"
"202300007927";"1";"05";"2023";"02:30";"3";"62";"62065";"1";"9";"1";"6";"N17";"50,41263100";"2,82294900"
"202300007928";"1";"05";"2023";"20:36";"1";"59";"59599";"2";"2";"7";"3";"DUNKERQUE (RUE DE)";"50,71727000";"3,14781000"
"202300007929";"1";"05";"2023";"10:50";"1";"54";"54099";"2";"3";"1";"3";"Rue Louis Bertrand";"49,24244700";"5,93824500"
"202300007930";"1";"05";"2023";"16:50";"1";"51";"51454";"2";"6";"1";"6";"avenue Paul Marchandeau";"49,24210000";"4,02432000"
"202300007931";"1";"05";"2023";"11:46";"1";"49";"49267";"2";"2";"1";"3";"GEMMETRIE";"47,46129000";" -0,49252000"
"202300007932";"1";"05";"2023";"20:25";"1";"44";"44184";"2";"1";"1";"6";"34 Avenue Albert de Mun";"47,27832000";" -2,20905000"
"202300007933";"1";"05";"2023";"06:30";"2";"38";"38516";"2";"3";"2";"3";"VERDUN (AV. DE)OUEST PASSAGE RICOU";"45,19227000";"5,74619000"
"202300007934";"1";"05";"2023";"07:15";"1";"38";"38185";"1";"9";"8";"6";"A480";"45,17129000";"5,70200000"
"202300007935";"1";"05";"2023";"14:00";"1";"31";"31483";"1";"1";"1";"3";"3875 Route de la Serre de Cazaux";"43,14636000";"0,74155000"
"202300007936";"1";"05";"2023";"16:20";"1";"29";"29051";"1";"1";"1";"6";"RN 165";"48,00591002";" -4,06221804"
"202300007937";"1";"05";"2023";"02:59";"5";"17";"17300";"2";"2";"1";"3";"DENFERT-ROCHEREAU   AVENUE (59)";"46,16428000";" -1,20180000"
"202300007938";"1";"05";"2023";"10:00";"1";"13";"13205";"2";"2";"1";"6";"SAKAKINI (BOULEVARD)";"43,29573000";"5,40017000"
"202300007939";"27";"04";"2023";"17:30";"1";"13";"13001";"2";"9";"1";"3";"ANCIENNE ROUTE DES ALPES (RTE)";"43,54840000";"5,45559000"
"202300007940";"1";"05";"2023";"18:30";"1";"06";"06027";"2";"2";"3";"3";"VAL FLEURI CHEMIN DU";"43,66456000";"7,17165000"
"202300007941";"30";"04";"2023";"14:00";"1";"75";"75116";"2";"2";"1";"3";"AVENUE KLEBER";"48,86899700";"2,29156900"
"202300007942";"29";"04";"2023";"21:28";"5";"75";"75101";"2";"3";"1";"6";"QUAI FRANCOIS MITTERRAND";"48,86007500";"2,33339400"
"202300007943";"29";"04";"2023";"03:30";"5";"75";"75101";"2";"1";"1";"3";"QUAI DES TUILERIES";"48,86367200";"2,32158500"
"202300007944";"1";"05";"2023";"18:10";"1";"75";"75120";"2";"1";"1";"2";"BOULEVARD DAVOUT";"48,85945400";"2,40943900"
"202300007945";"1";"05";"2023";"01:00";"5";"75";"75119";"2";"3";"1";"3";"QUAI DE L OISE";"48,89051000";"2,38312300"
"202300007946";"30";"04";"2023";"01:00";"5";"75";"75116";"2";"3";"1";"6";"RUE DE L ASSOMPTION";"48,85555000";"2,26610200"
"202300007947";"1";"05";"2023";"15:55";"1";"75";"75115";"2";"2";"1";"3";"AVENUE DE LA PORTE BRANCION";"48,82586500";"2,30022400"
"202300007948";"1";"05";"2023";"16:45";"1";"75";"75113";"2";"1";"2";"1";"RUE REGNAULT";"48,82305500";"2,36939200"
"202300007949";"1";"05";"2023";"13:15";"1";"94";"94074";"2";"6";"1";"3";"Rue Théodule Jourdain / Avenue Julien Duranton";"48,77044400";"2,44688200"
"202300007950";"1";"05";"2023";"20:04";"1";"94";"94028";"2";"1";"1";"3";"Rue du Général Leclerc";"48,78886200";"2,46662600"
"202300007951";"1";"05";"2023";"08:13";"1";"94";"94017";"2";"1";"1";"5";"Pont de Nogent";"48,83103000";"2,49304000"
"202300007952";"1";"05";"2023";"13:00";"1";"94";"94021";"2";"1";"1";"2";"Avenue du Général de Gaulle";"48,77306769";"2,33827485"
"202300007953";"1";"05";"2023";"20:30";"1";"94";"94002";"2";"3";"1";"2";"Quai Blanqui / Rue des Essertes";"48,80156602";"2,41639875"
"202300007954";"1";"05";"2023";"18:45";"1";"93";"93066";"2";"2";"1";"3";"Rue de Villiers / Rue d'Andilly";"48,94212782";"2,37708566"
"202300007955";"1";"05";"2023";"01:30";"5";"93";"93066";"2";"2";"1";"3";"Rue du Fort de la Briche / Quai de Seine";"48,94190858";"2,34164810"
"202300007956";"1";"05";"2023";"08:20";"1";"93";"93048";"2";"2";"1";"3";"Rue Galilée / Rue de Rosny";"48,86185000";"2,44665000"
"202300007957";"1";"05";"2023";"17:50";"1";"93";"93057";"2";"3";"1";"3";"Allée des Platanes / Allée de Bougainville";"48,91638538";"2,49564326"
"202300007958";"1";"05";"2023";"19:15";"1";"93";"93008";"2";"2";"1";"6";"Promenade Jean Rostand / Rue Marguerite Yourcenar";"48,90876000";"2,45371000"
"202300007959";"1";"05";"2023";"17:10";"1";"92";"92012";"2";"1";"1";"3";"JEAN JAURES (BOULEVARD) 63/215 - 70/208";"48,83575100";"2,24229200"
"202300007960";"1";"05";"2023";"16:00";"1";"92";"92012";"2";"1";"1";"6";"CHARLES DE GAULLE (AVENUE) COTE IMPAIR";"48,84951000";"2,23750000"
"202300007961";"1";"05";"2023";"02:00";"5";"92";"92014";"2";"3";"1";"1";"GALOIS (AVENUE)";"48,77678171";"2,31919080"
"202300007962";"30";"04";"2023";"17:30";"1";"40";"40304";"2";"1";"1";"6";"124 Avenue de Paris";"43,66746700";" -1,41300400"
"202300007963";"2";"05";"2023";"04:30";"3";"21";"21016";"1";"1";"1";"5";"Autoroute A 31- PK 52.200";"47,38734293";"5,17240043"
"202300007964";"1";"05";"2023";"13:15";"1";"62";"62390";"2";"1";"1";"7";"D940";"50,39130100";"1,60488400"
"202300007965";"1";"05";"2023";"18:15";"2";"974";"97413";"1";"1";"1";"7";"Rue du Musee";" -21,18790300";"55,28754300"
"202300007966";"30";"04";"2023";"16:40";"1";"87";"87201";"1";"3";"1";"7";"Rue de Limoges";"45,85565400";"1,15128500"
"202300007967";"1";"05";"2023";"15:45";"1";"34";"34095";"1";"1";"6";"7";"M114 PR 21+833";"43,51626900";"3,76772300"
"202300007968";"1";"05";"2023";"19:10";"1";"57";"57106";"2";"6";"1";"7";"Rue du Luxembourg";"49,29807400";"6,53091100"
"202300007969";"29";"04";"2023";"15:40";"1";"19";"19095";"1";"1";"1";"6";"D940";"45,63546400";"1,84226400"
"202300007970";"1";"05";"2023";"11:50";"1";"59";"59536";"1";"3";"1";"3";"D53";"50,77385900";"2,50830500"
"202300007971";"2";"05";"2023";"14:00";"1";"79";"79174";"1";"1";"1";"2";"N/A";"46,22814000";" -0,08781600"
"202300007972";"2";"05";"2023";"16:35";"1";"2B";"2B286";"2";"1";"1";"2";"RT 10";"42,48571500";"9,47982800"
"202300007973";"1";"05";"2023";"15:05";"1";"2B";"2B281";"1";"1";"2";"7";"Sagro";"42,79608200";"9,48982200"
"202300007974";"2";"05";"2023";"15:00";"1";"82";"82079";"1";"1";"1";"1";"1025 Route de Montauban";"43,93767000";"1,35823000"
"202300007975";"2";"05";"2023";"11:00";"1";"41";"41229";"1";"1";"1";"2";"A85 PK 153.200 sens 2";"47,30689500";"1,36743300"
"202300007976";"1";"05";"2023";"15:35";"1";"69";"69012";"1";"1";"2";"1";"207 Chemin des Valettes";"46,17297963";"4,54660199"
"202300007977";"2";"05";"2023";"17:00";"1";"12";"12012";"2";"2";"1";"3";"avenue de rodez";"44,54474400";"2,14203400"
"202300007978";"30";"04";"2023";"06:30";"2";"41";"41097";"1";"1";"1";"6";"D724";"47,31065000";"1,66690700"
"202300007979";"1";"05";"2023";"13:00";"1";"34";"34101";"1";"1";"1";"1";"D32 PR 53+276";"43,41596700";"3,43349600"
"202300007980";"1";"05";"2023";"19:00";"1";"34";"34267";"1";"1";"1";"7";"251 Chemin des Plos";"43,70009300";"3,54142300"
"202300007981";"30";"04";"2023";"20:40";"2";"68";"68273";"1";"1";"1";"7";"D463";"47,53934000";"7,27724100"
"202300007982";"2";"05";"2023";"13:45";"1";"68";"68374";"1";"1";"1";"4";"D83";"48,08280300";"7,31210900"
"202300007983";"1";"05";"2023";"16:20";"1";"44";"44155";"1";"1";"1";"7";"N/A";"47,04858274";" -1,56493705"
"202300007984";"2";"05";"2023";"11:30";"1";"35";"35179";"1";"1";"1";"4";"route départementale 137";"48,54623800";" -1,92290800"
"202300007985";"30";"04";"2023";"23:00";"3";"29";"29076";"1";"1";"1";"6";"Lieu Dit les 3 Cures";"48,47267900";" -4,52503100"
"202300007986";"2";"05";"2023";"09:00";"1";"29";"29160";"2";"1";"1";"2";"D788";"48,49358414";" -4,43165312"
"202300007987";"2";"05";"2023";"14:58";"1";"02";"02502";"2";"3";"1";"6";"6 Place de l’Hotel de Ville";"49,69530900";"4,01440300"
"202300007988";"1";"05";"2023";"11:16";"1";"70";"70120";"2";"1";"1";"7";"29 avenue de France";"47,69297000";"6,65899700"
"202300007989";"2";"05";"2023";"17:50";"1";"26";"26327";"1";"3";"1";"1";"route déprtementale 539 - route de chatillon";"44,68385000";"5,44409000"
"202300007990";"2";"05";"2023";"09:25";"1";"58";"58095";"2";"1";"1";"6";"Route de Champvert";"46,83543800";"3,46925700"
"202300007991";"1";"05";"2023";"19:45";"1";"18";"18230";"1";"2";"1";"3";"Route des Brulis";"46,66373700";"2,30323400"
"202300007992";"2";"05";"2023";"16:00";"1";"40";"40224";"2";"8";"1";"3";"Route de Bayonne";"43,54645200";" -1,11207600"
"202300007993";"1";"05";"2023";"07:00";"2";"85";"85146";"1";"3";"1";"3";"VC la brunelière";"46,99160800";" -1,31988300"
"202300007994";"21";"03";"2023";"19:20";"4";"27";"27547";"2";"9";"1";"1";"route d'orbec";"49,04653200";"0,40497100"
"202300007995";"2";"05";"2023";"00:10";"3";"88";"88116";"1";"1";"2";"6";"Le Rond Champ";"47,96596471";"6,84802026"
"202300007996";"1";"05";"2023";"03:17";"3";"06";"06029";"1";"1";"1";"4";"A8, PK 160.800 voie nord";"43,56092600";"6,96867900"
"202300007997";"2";"05";"2023";"07:45";"1";"45";"45155";"1";"1";"1";"1";"D952 PR 7 + 150";"47,67797300";"2,66375500"
"202300007998";"2";"05";"2023";"13:05";"1";"67";"67300";"2";"1";"1";"6";"11 Avenue du General de Gaulle";"48,54276000";"7,48886400"
"202300007999";"1";"05";"2023";"05:28";"2";"67";"67098";"1";"1";"2";"6";"D392";"48,53953700";"7,40392200"
"202300008000";"1";"05";"2023";"15:00";"1";"42";"42168";"1";"1";"2";"6";"5 Route du Col de l'Oeillon";"45,42617800";"4,65942300"
"202300008001";"2";"05";"2023";"14:15";"1";"81";"81105";"1";"1";"1";"7";"La plaine";"43,77831000";"1,98577900"
"202300008002";"1";"05";"2023";"16:30";"1";"17";"17452";"1";"1";"1";"7";"D25";"45,72016600";" -1,22978200"
"202300008003";"1";"05";"2023";"19:30";"2";"16";"16355";"1";"1";"1";"6";"RD 55";"45,77551557";" -0,36462189"
"202300008004";"1";"05";"2023";"17:40";"1";"33";"33463";"2";"1";"1";"6";"85 Avenue de la Libération";"44,57172700";" -0,19072600"
"202300008005";"1";"05";"2023";"16:20";"1";"33";"33019";"2";"1";"1";"3";"Allée des Chèvres";"44,69178931";" -1,01953179"
"202300008006";"1";"05";"2023";"08:55";"1";"53";"53157";"1";"9";"1";"7";"rond point du port sec";"48,03114900";" -0,80846071"
"202300008007";"30";"04";"2023";"21:05";"3";"61";"61213";"1";"3";"2";"3";"RN12";"48,47307400";" -0,13086700"
"202300008008";"9";"04";"2023";"16:45";"1";"50";"50239";"1";"1";"1";"6";"D900";"49,12965900";" -1,17034500"
"202300008009";"30";"04";"2023";"20:25";"1";"29";"29058";"1";"1";"1";"6";"Route du Grand Large";"47,84778800";" -4,03619300"
"202300008010";"2";"05";"2023";"17:20";"1";"27";"27015";"2";"1";"1";"6";"Route Nationale";"49,23133100";"1,23928800"
"202300008011";"30";"04";"2023";"17:10";"1";"76";"76001";"2";"1";"1";"6";"9 Rue du Docteur Patenotre";"49,59630600";"0,67633500"
"202300008012";"30";"04";"2023";"16:30";"1";"62";"62609";"1";"1";"1";"6";"D55";"50,37508544";"2,76883976"
"202300008013";"30";"04";"2023";"16:00";"1";"59";"59136";"1";"6";"1";"3";"CD932";"50,10804300";"3,52314600"
"202300008014";"1";"05";"2023";"18:25";"1";"78";"78165";"1";"1";"1";"5";"RN12 INT";"48,79924000";"1,99066000"
"202300008015";"1";"05";"2023";"13:45";"1";"93";"93005";"1";"1";"2";"6";"AUTOROUTE A104";"48,97269957";"2,49253392"
"202300008016";"1";"05";"2023";"05:44";"3";"77";"77373";"1";"1";"1";"6";"RN104";"48,78224800";"2,61627700"
"202300008017";"30";"04";"2023";"15:05";"1";"974";"97416";"2";"1";"1";"7";"RUBEL (CHEMIN LAURENT)";" -21,28450000";"55,46764000"
"202300008018";"30";"04";"2023";"19:30";"5";"974";"97409";"1";"1";"1";"6";"RN2 SENS ST BENOIT ST DENIS";" -20,94382000";"55,64946000"
"202300008019";"30";"04";"2023";"13:20";"1";"974";"97407";"2";"1";"1";"1";"LONDRES(RUE)";" -20,94190000";"55,29444000"
"202300008020";"30";"04";"2023";"04:53";"5";"69";"69386";"2";"2";"1";"3";"45 Rue Duquesne";"45,77284000";"4,84653000"
"202300008021";"30";"04";"2023";"04:45";"5";"69";"69387";"2";"3";"1";"6";"Boulevard Chambaud de la Bruyère";"45,72285000";"4,84236000"
"202300008022";"6";"06";"2023";"18:50";"1";"34";"34047";"1";"1";"1";"6";"RD32";"43,54130800";"3,48552700"
"202300008023";"29";"04";"2023";"12:35";"1";"972";"97213";"1";"9";"1";"3";"ROUTE DEPARTEMENTALE 3";"14,65055000";" -60,98756000"
"202300008024";"1";"06";"2023";"02:45";"3";"22";"22258";"1";"1";"1";"6";"Le Beau Fréro";"48,42211300";" -2,69982000"
"202300008025";"7";"06";"2023";"16:40";"1";"44";"44067";"2";"1";"1";"7";"2 Rue de l'Hotel de Ville";"47,62852200";" -1,83424100"
"202300008026";"30";"04";"2023";"16:10";"1";"972";"97209";"1";"9";"1";"1";"BALATA (ROUTE DE)";"14,61725000";" -61,07122000"
"202300008027";"7";"06";"2023";"04:58";"2";"29";"29236";"1";"1";"1";"6";"Moulin Helou";"47,83305615";" -3,68301210"
"202300008028";"7";"06";"2023";"16:45";"1";"02";"02067";"2";"1";"1";"6";"rue du general de gaulle";"50,03203500";"3,71054600"
"202300008029";"30";"04";"2023";"03:30";"5";"972";"97209";"2";"3";"1";"6";"BISHOP (Avenue Maurice)";"14,60873000";" -61,05628000"
"202300008030";"7";"06";"2023";"08:05";"1";"02";"02360";"1";"1";"7";"6";"D62";"49,42809300";"3,96042100"