"Num_Acc";"jour";"mois";"an";"hrmn";"lum";"dep";"com";"agg";"int";"atm";"col";"adr";"lat";"long"
"202300008423";"4";"06";"2023";"19:00";"1";"92";"92064";"2";"1";"1";"2";"DAILLY";"48,84190000";"2,22138000"
"202300008424";"20";"08";"2023";"14:00";"1";"61";"61463";"1";"1";"1";"1";"Voie Communale";"48,59369700";" -0,38544400"
"202300008425";"21";"03";"2023";"07:55";"1";"92";"92064";"1";"1";"1";"3";"A13";"48,83681424";"2,18677838"
"202300008426";"9";"07";"2023";"20:50";"2";"13";"13047";"1";"3";"1";"3";"FOS (ROUTE DE) - RN 569";"43,48903000";"4,96522000"
"202300008427";"25";"11";"2023";"10:40";"1";"23";"23030";"2";"3";"1";"3";"intersection avenue de la gare et avenue du docteur butaud";"45,95669200";"1,76055400"
"202300008428";"31";"12";"2023";"23:50";"3";"05";"05161";"1";"1";"1";"6";"RD1091 pk 040+500";"44,93785000";"6,57857600"
"202300008429";"20";"08";"2023";"15:30";"1";"61";"61018";"1";"1";"1";"1";"Voie Communale";"48,93178900";"0,29500000"
"202300008430";"5";"06";"2023";"20:00";"1";"92";"92051";"2";"1";"1";"3";"ACHILLE PERETTI (AVENUE,  N° 98 A 166 ET";"48,88435308";"2,26939827"
"202300008431";"25";"12";"2023";"18:00";"3";"84";"84017";"1";"1";"1";"1";"D19";"44,10392000";"5,22743200"
"202300008432";"9";"07";"2023";"20:30";"1";"10";"10387";"2";"2";"1";"3";"EDOUARD HERRIOT (RUE)";"48,27600000";"4,07787000"
"202300008433";"24";"11";"2023";"13:30";"1";"30";"30227";"1";"3";"1";"1";"la croisee";"44,26925800";"4,19584400"
"202300008434";"20";"08";"2023";"03:40";"3";"55";"55365";"1";"1";"5";"7";"D102";"49,39391000";"5,24949100"
"202300008435";"22";"03";"2023";"13:45";"1";"93";"93007";"1";"1";"1";"4";"AUTOROUTE A3";"48,94263000";"2,47816000"
"202300008436";"5";"06";"2023";"17:50";"1";"92";"92049";"2";"1";"1";"3";"BROSSOLETTE AVENUE PIERRE";"48,81276000";"2,30156000"
"202300008437";"8";"07";"2023";"16:27";"1";"10";"10060";"2";"2";"1";"6";"GENERAL LECLERC (RUE DU)";"48,25858000";"4,09502000"
"202300008438";"5";"01";"2023";"00:00";"3";"92";"92036";"1";"1";"1";"2";"RN315 Y";"48,92997970";"2,30228269"
"202300008439";"18";"08";"2023";"11:20";"1";"55";"55010";"2";"3";"1";"3";"Rue Emile Debraux";"48,63478400";"5,02060200"
"202300008440";"24";"11";"2023";"19:15";"5";"95";"95678";"2";"1";"1";"6";"17 Rue des Echelettes";"49,06759300";"2,22860000"
"202300008441";"10";"07";"2023";"07:55";"1";"06";"06088";"2";"1";"1";"3";"SAINT-AUGUSTIN (AV. DE)";"43,67220000";"7,22038000"
"202300008442";"21";"03";"2023";"22:30";"4";"93";"93006";"1";"1";"1";"2";"AUTOROUTE A3";"48,86612000";"2,42228000"
"202300008443";"5";"06";"2023";"18:00";"1";"92";"92040";"2";"3";"1";"3";"GENERAL DE GAULLE (AVE DU) 78 A 158";"48,81954298";"2,27892458"
"202300008444";"31";"12";"2023";"16:50";"2";"73";"73008";"2";"1";"2";"3";"ANGLAIS BOULEVARD DES";"45,69886000";"5,91462000"
"202300008445";"10";"07";"2023";"10:50";"1";"06";"06069";"2";"1";"1";"2";"POMPIDOU (AVENUE GEORGES) -RD 6085";"43,64602800";"6,93923100"
"202300008446";"17";"08";"2023";"13:00";"1";"49";"49311";"1";"2";"1";"3";"D53";"47,38382300";" -0,08135700"
"202300008447";"24";"11";"2023";"20:30";"3";"82";"82119";"1";"1";"2";"2";"A20";"44,23329300";"1,52942800"
"202300008448";"31";"12";"2023";"14:15";"1";"71";"71486";"1";"1";"1";"7";"RN 70 (ROUTE EXPRESS)";"46,63287000";"4,31928000"
"202300008449";"9";"07";"2023";"19:45";"1";"06";"06029";"2";"1";"1";"6";"TONNER (AVENUE FRANCIS)";"43,54950000";"6,97652000"
"202300008450";"21";"03";"2023";"08:50";"1";"93";"93053";"1";"1";"1";"4";"AUTOROUTE A3";"48,89636832";"2,47001756"
"202300008451";"5";"06";"2023";"12:40";"1";"92";"92026";"2";"1";"1";"3";"COLOMBES";"48,90334368";"2,25606501"
"202300008452";"20";"12";"2023";"08:30";"2";"27";"27229";"2";"1";"1";"6";"LAVOISIER (RUE)";"49,00069000";"1,15011000"
"202300008453";"30";"06";"2023";"14:15";"1";"05";"05061";"1";"1";"2";"1";"route de Rabou";"44,55829000";"6,02065000"
"202300008454";"17";"08";"2023";"19:20";"1";"49";"49182";"1";"1";"1";"2";"D761";"47,22802000";" -0,30860400"
"202300008455";"25";"11";"2023";"20:30";"5";"974";"97418";"2";"4";"1";"1";"Rue Noel Tessier";" -20,89702500";"55,55752300"
"202300008456";"20";"03";"2023";"18:30";"1";"95";"95527";"1";"1";"1";"4";"A1";"48,99381000";"2,51490800"
"202300008457";"16";"06";"2023";"18:20";"1";"01";"01451";"2";"9";"1";"3";"SOURCE (RUE DE LA)";"46,21483000";"5,21692000"
"202300008458";"17";"08";"2023";"13:20";"1";"49";"49369";"1";"1";"1";"7";"route de la combauderie";"47,38363600";"0,10119100"
"202300008459";"4";"06";"2023";"23:50";"5";"92";"92012";"2";"3";"1";"3";"GALLIENI (RUE) 159/FIN";"48,83466000";"2,22607000"
"202300008460";"31";"12";"2023";"17:50";"2";"75";"75120";"2";"3";"8";"3";"AVENUE DE LA PORTE DE MONTREUIL";"48,85354418";"2,41079852"
"202300008461";"24";"11";"2023";"11:10";"1";"77";"77010";"1";"1";"1";"1";"D227";"48,62554000";"2,88697300"
"202300008462";"16";"08";"2023";"13:15";"1";"12";"12299";"2";"1";"1";"6";"24 Route de Granouillac";"44,09380000";"2,70556600"
"202300008463";"10";"07";"2023";"17:30";"1";"75";"75120";"2";"4";"1";"2";"AVENUE CARTELLIER";"48,86475900";"2,41207500"
"202300008464";"3";"06";"2023";"18:25";"1";"92";"92004";"2";"1";"1";"6";"DIX HUIT JUIN 40 ( RUE DU )";"48,93101113";"2,27704391"
"202300008465";"20";"03";"2023";"07:30";"1";"95";"95582";"1";"1";"1";"3";"A15";"48,97538183";"2,24142420"
"202300008466";"28";"11";"2023";"11:30";"1";"75";"75116";"2";"7";"1";"2";"PLACE CHARLES DE GAULLE";"48,87355500";"2,29414900"
"202300008467";"25";"11";"2023";"16:40";"1";"2B";"2B303";"1";"1";"1";"5";"route territoriale 10";"42,29396100";"9,54687000"
"202300008468";"3";"06";"2023";"05:10";"2";"75";"75118";"2";"1";"2";"7";"BOULEVARD DE LA CHAPELLE";"48,88452700";"2,36266700"
"202300008469";"19";"08";"2023";"20:00";"2";"12";"12220";"1";"1";"7";"1";"D77";"43,98188400";"3,14839800"
"202300008470";"20";"03";"2023";"01:00";"3";"93";"93078";"1";"1";"1";"6";"AUTOROUTE A104";"48,96300436";"2,52239723"
"202300008471";"10";"07";"2023";"14:10";"1";"75";"75116";"2";"1";"1";"6";"RUE JEAN DE LA FONTAINE";"48,84853700";"2,26535600"
"202300008472";"2";"10";"2023";"15:20";"1";"44";"44092";"1";"3";"1";"3";"Le Petit Marais";"47,68872000";" -1,87490700"
"202300008473";"2";"06";"2023";"11:32";"1";"60";"60024";"1";"2";"1";"3";"N31";"49,40326600";"2,67598600"
"202300008474";"16";"08";"2023";"11:30";"1";"12";"12043";"1";"3";"1";"2";"D888";"44,28453671";"2,54443377"
"202300008475";"10";"07";"2023";"20:15";"1";"75";"75115";"2";"5";"1";"2";"RUE PEGOUD";"48,83540600";"2,26688500"
"202300008476";"28";"12";"2023";"18:35";"3";"59";"59244";"1";"1";"1";"3";"A2";"50,16599500";"3,17446800"
"202300008477";"5";"06";"2023";"19:10";"1";"01";"01434";"1";"1";"1";"6";"D61";"45,99085000";"5,09690000"
"202300008478";"22";"03";"2023";"16:00";"1";"94";"94028";"1";"1";"1";"4";"A86";"48,77702802";"2,43912685"
"202300008479";"10";"07";"2023";"19:45";"1";"75";"75114";"2";"1";"1";"6";"RUE PERNETY";"48,83340500";"2,31903700"
"202300008480";"23";"11";"2023";"19:50";"3";"11";"11426";"1";"1";"1";"1";"CD 620 - PR 29 + 700";"43,27723700";"2,42837500"
"202300008481";"28";"12";"2023";"22:29";"5";"13";"13014";"2";"1";"1";"1";"Boulevard Denis Padovani";"43,47288500";"5,16523200"
"202300008482";"16";"08";"2023";"19:40";"1";"12";"12133";"1";"2";"1";"3";"Route Départementale 911 Les Caumettes";"44,29075800";"2,57103700"
"202300008483";"3";"01";"2023";"14:55";"1";"45";"45187";"1";"1";"1";"6";"D961 PR 21 + 950";"47,86656300";"2,47826900"
"202300008484";"6";"06";"2023";"11:45";"1";"71";"71477";"1";"1";"1";"6";"Route de la Croix Racot";"46,63625100";"4,40869300"
"202300008485";"9";"07";"2023";"10:20";"1";"75";"75114";"2";"3";"1";"1";"RUE D ALESIA";"48,83010400";"2,32041700"
"202300008486";"19";"08";"2023";"10:00";"1";"46";"46045";"1";"1";"1";"6";"D19";"44,45355700";"1,81943900"
"202300008487";"6";"06";"2023";"05:15";"5";"40";"40304";"2";"1";"1";"7";"Avenue de Bordeaux";"43,66463100";" -1,40337500"
"202300008488";"30";"12";"2023";"17:46";"3";"13";"13106";"1";"1";"1";"2";"A7-Sens Lyon vers Marseille";"43,38970000";"5,35100000"
"202300008489";"25";"11";"2023";"10:30";"1";"63";"63284";"2";"1";"2";"1";"chemin de la Banche";"45,78893100";"3,22546900"
"202300008490";"21";"03";"2023";"17:13";"1";"38";"38185";"2";"1";"1";"1";"COURS LA FONTAINE";"45,18786000";"5,72508000"
"202300008491";"10";"07";"2023";"08:25";"1";"75";"75113";"2";"2";"1";"3";"BOULEVARD MASSENA";"48,81888300";"2,35953900"
"202300008492";"6";"06";"2023";"15:45";"1";"42";"42166";"2";"1";"1";"7";"188 Rue de la Prévoté";"45,99130800";"4,09841500"
"202300008493";"24";"11";"2023";"19:40";"3";"86";"86074";"1";"1";"1";"6";"RN149";"46,65431600";"0,11396200"
"202300008494";"18";"08";"2023";"17:50";"1";"46";"46247";"2";"2";"1";"3";"route de saint-projet";"44,33302700";"1,76425000"
"202300008495";"21";"03";"2023";"09:05";"1";"27";"27299";"2";"1";"8";"6";"BRIAND (AVENUE ARISTIDE)";"49,04397000";"1,16053000"
"202300008496";"10";"07";"2023";"21:35";"5";"75";"75112";"2";"2";"1";"3";"AVENUE LEDRU ROLLIN";"48,85130300";"2,37614800"
"202300008497";"20";"11";"2023";"14:35";"1";"64";"64430";"2";"1";"1";"6";"Rue du Moulin";"43,48664000";" -0,77034000"
"202300008498";"6";"06";"2023";"12:15";"1";"31";"31065";"2";"1";"1";"6";"Place Edmond Lassalle";"43,37897300";"1,17768900"
"202300008499";"20";"03";"2023";"07:40";"2";"68";"68224";"2";"1";"1";"6";"Rue Léon Jouhaux";"47,74808000";"7,30393000"
"202300008500";"16";"08";"2023";"19:58";"2";"46";"46268";"1";"4";"1";"3";"D653";"44,46792300";"1,54487200"
"202300008501";"10";"07";"2023";"17:30";"1";"75";"75112";"2";"1";"1";"6";"AVENUE DU GENERAL MICHEL BIZOT";"48,83911000";"2,40414000"
"202300008502";"19";"08";"2023";"05:10";"3";"41";"41059";"1";"1";"1";"6";"Les Colleries";"47,43974900";"1,37120100"
"202300008503";"22";"11";"2023";"12:15";"1";"29";"29181";"1";"6";"1";"3";"ZA de Saint-Eloy (Zone industrielle)";"48,47846789";" -4,28707768"
"202300008504";"10";"07";"2023";"15:00";"1";"75";"75112";"2";"1";"1";"2";"COURS DE VINCENNES";"48,84752200";"2,40218200"
"202300008505";"5";"06";"2023";"18:10";"1";"01";"01143";"1";"1";"1";"5";"D1005";"46,41457700";"6,06112200"
"202300008506";"30";"12";"2023";"20:50";"5";"50";"50129";"2";"3";"1";"3";"ATLANTIQUE (BOULEVARD DE L')";"49,62093000";" -1,64228000"
"202300008507";"21";"03";"2023";"23:20";"5";"69";"69387";"2";"4";"1";"3";"Rue de l'Epargne";"45,74543051";"4,85094589"
"202300008508";"20";"08";"2023";"16:00";"1";"22";"22349";"1";"1";"1";"3";"7 Route de Morlaix";"48,69176800";" -3,55400000"
"202300008509";"4";"06";"2023";"19:10";"1";"17";"17222";"1";"1";"1";"7";"D105";"46,24259600";" -1,12163500"
"202300008510";"10";"07";"2023";"08:50";"1";"75";"75110";"2";"2";"1";"3";"RUE LA FAYETTE";"48,88061600";"2,36203100"
"202300008511";"25";"11";"2023";"01:00";"3";"22";"22008";"1";"1";"1";"3";"D793";"48,41838600";" -2,10785200"
"202300008512";"11";"08";"2023";"13:20";"1";"22";"22046";"1";"1";"1";"6";"RD792";"48,22999000";" -2,56367700"
"202300008513";"31";"12";"2023";"22:50";"5";"94";"94002";"2";"2";"2";"3";"Rue Etienne Dolet";"48,79878900";"2,42342000"
"202300008514";"10";"07";"2023";"09:20";"1";"75";"75108";"2";"1";"1";"3";"AVENUE HOCHE";"48,87578900";"2,29958600"
"202300008515";"21";"03";"2023";"20:15";"5";"69";"69383";"2";"2";"1";"3";"Rue Duguesclin";"45,76357133";"4,84830739"
"202300008516";"5";"06";"2023";"13:00";"1";"14";"14120";"1";"1";"1";"2";"Autoroute des Estuaires";"49,05060500";" -0,74198200"
"202300008517";"19";"08";"2023";"18:10";"1";"39";"39160";"1";"1";"1";"6";"N/A";"46,78212500";"5,44675900"
"202300008518";"10";"07";"2023";"18:30";"1";"75";"75101";"2";"2";"1";"6";"RUE DE TURBIGO";"48,86444100";"2,35153500"
"202300008519";"26";"12";"2023";"18:15";"5";"92";"92024";"1";"1";"1";"3";"JEAN JAURES (BD) DE (111 A 159)";"48,90746000";"2,30019000"
"202300008520";"16";"08";"2023";"19:50";"1";"39";"39535";"1";"1";"7";"7";"N/A";"46,86149400";"5,66970800"
"202300008521";"21";"03";"2023";"11:05";"1";"69";"69383";"2";"1";"1";"2";"Rue Feuillat";"45,75433000";"4,87716000"
"202300008522";"10";"07";"2023";"17:00";"1";"94";"94081";"2";"1";"1";"6";"Avenue Eugène Pelletan";"48,79266332";"2,38662395"
"202300008523";"24";"11";"2023";"07:10";"2";"13";"13215";"1";"1";"1";"2";"A7-Sens Lyon vers Marseille";"43,34930000";"5,36930000"
"202300008524";"2";"06";"2023";"11:24";"1";"71";"71215";"2";"3";"1";"3";"20 Route de Virey";"46,87338000";"4,93514100"
"202300008525";"19";"08";"2023";"06:38";"2";"25";"25351";"1";"1";"1";"6";"D41";"47,17994200";"6,69243300"
"202300008526";"10";"07";"2023";"14:00";"1";"94";"94043";"2";"1";"1";"3";"19 Avenue de Fontainebleau";"48,81467400";"2,36091200"
"202300008527";"3";"06";"2023";"15:50";"1";"57";"57623";"1";"1";"1";"7";"Départementale 96";"48,61926100";"7,08850400"
"202300008528";"21";"03";"2023";"08:00";"2";"69";"69383";"2";"3";"1";"1";"Avenue Lacassagne";"45,74936000";"4,87670000"
"202300008529";"23";"11";"2023";"13:50";"1";"13";"13071";"1";"1";"1";"2";"A55-Sens Martigues vers Marseille";"43,39251174";"5,27676698"
"202300008530";"31";"12";"2023";"19:17";"3";"38";"38434";"1";"1";"1";"5";"Route de la Vallée";"45,51977400";"5,53759200"
"202300008531";"19";"08";"2023";"05:45";"2";"25";"25470";"1";"1";"1";"3";"Route départementale 663";"47,44697700";"6,61354400"
"202300008532";"10";"07";"2023";"19:45";"1";"94";"94041";"2";"3";"1";"6";"HENRI POURCHASSE (QU)";"48,80844600";"2,40774500"
"202300008533";"30";"12";"2023";"19:00";"3";"64";"64123";"1";"1";"1";"7";"Avenue des Chaisiers";"43,47392151";" -1,11543855"
"202300008534";"21";"11";"2023";"21:50";"5";"83";"83090";"1";"1";"1";"6";"A50";"43,12514105";"5,87488639"
"202300008535";"20";"08";"2023";"19:15";"1";"44";"44220";"1";"1";"1";"6";"N/A";"47,19159400";" -1,91447500"
"202300008536";"21";"03";"2023";"18:30";"1";"2B";"2B033";"2";"3";"1";"2";"CITE AURORE";"42,68135000";"9,44050000"
"202300008537";"10";"07";"2023";"19:20";"1";"94";"94073";"1";"1";"1";"6";"rdpt des halles";"48,75949598";"2,37090064"
"202300008538";"6";"06";"2023";"11:55";"1";"59";"59384";"1";"2";"1";"3";"Route de Landrecies";"50,12884600";"3,74941700"
"202300008539";"18";"08";"2023";"11:20";"1";"35";"35010";"1";"1";"1";"7";"N176";"48,55897200";" -1,69691600"
"202300008540";"10";"07";"2023";"20:20";"1";"94";"94011";"2";"9";"1";"3";"Avenue du 19 Mars 1962";"48,77485100";"2,48986800"
"202300008541";"24";"11";"2023";"18:30";"3";"33";"33080";"1";"1";"2";"2";"AUTOROUTE A 62";"44,75170374";" -0,54212004"
"202300008542";"27";"12";"2023";"20:58";"5";"60";"60505";"2";"9";"2";"3";"D1017";"49,15222600";"2,54812000"
"202300008543";"6";"06";"2023";"17:55";"1";"56";"56061";"1";"1";"1";"6";"PR 29 - RD773";"47,74415100";" -2,11866800"
"202300008544";"21";"03";"2023";"09:55";"1";"971";"97101";"1";"9";"1";"2";"Secteur Pont de la Gabarre";"16,25326000";" -61,54690000"
"202300008545";"19";"08";"2023";"03:00";"3";"29";"29204";"1";"1";"2";"7";"KER EOL";"48,51472300";" -4,23108100"
"202300008546";"9";"07";"2023";"02:55";"5";"94";"94041";"2";"9";"1";"1";"Avenue Georges Gosnat";"48,81482000";"2,39087000"
"202300008547";"19";"08";"2023";"17:00";"1";"29";"29024";"1";"1";"1";"6";"53 Route de Lannouënnec";"48,26299800";" -3,59211100"
"202300008548";"6";"06";"2023";"08:30";"1";"56";"56061";"2";"1";"1";"6";"Avenue des Archers";"47,76767800";" -2,13040800"
"202300008549";"21";"03";"2023";"12:35";"1";"91";"91161";"2";"1";"1";"3";"RTE DE LONGJUMEAU";"48,71288500";"2,29797700"
"202300008550";"31";"12";"2023";"23:10";"3";"78";"78073";"1";"1";"1";"3";"N12Y";"48,79756600";"2,01527100"
"202300008551";"23";"11";"2023";"18:50";"3";"59";"59646";"1";"1";"1";"4";"ROUTE NATIONALE 356";"50,66838000";"3,11448000"
"202300008552";"16";"08";"2023";"20:45";"2";"29";"29117";"2";"6";"1";"1";"La Gare";"48,57018300";" -4,51209400"
"202300008553";"10";"07";"2023";"20:25";"1";"93";"93055";"2";"2";"1";"6";"Avenue Jean Lolive / Rue Etienne Marcel";"48,89175000";"2,40497000"
"202300008554";"5";"06";"2023";"16:00";"1";"82";"82026";"1";"4";"1";"1";"route départementale 115";"44,05640100";"1,67070000"
"202300008555";"2";"08";"2023";"22:40";"3";"73";"73099";"1";"1";"2";"6";"D925";"45,44048600";"6,09603300"
"202300008556";"20";"03";"2023";"18:00";"1";"91";"91345";"2";"1";"1";"3";"RUE MICHEL DE GAILLARD";"48,69769500";"2,29013000"
"202300008557";"10";"07";"2023";"21:15";"1";"93";"93007";"2";"1";"1";"1";"Rue d’Altrincham Sandwell";"48,94772882";"2,44840190"
"202300008558";"16";"08";"2023";"11:20";"1";"29";"29171";"1";"1";"1";"5";"D53";"47,82124265";" -4,27988291"
"202300008559";"5";"06";"2023";"10:20";"1";"11";"11358";"1";"1";"1";"3";"";"42,82985800";"2,21182500"
"202300008560";"24";"11";"2023";"08:50";"1";"91";"91216";"1";"1";"1";"4";"AUTOROUTE A6";"48,68520000";"2,32742000"
"202300008561";"10";"07";"2023";"02:00";"5";"93";"93066";"2";"1";"1";"6";"Avenue du Président Wilson";"48,92726011";"2,35679933"
"202300008562";"18";"06";"2023";"06:30";"1";"91";"91216";"1";"1";"1";"2";"AUTOROUTE A6";"48,68343300";"2,32892600"
"202300008563";"17";"08";"2023";"10:55";"1";"31";"31107";"2";"6";"1";"3";"Route de l'Arize";"43,29469000";"1,21597100"
"202300008564";"10";"07";"2023";"18:54";"1";"92";"92051";"2";"1";"1";"6";"BINEAU (BOULEVARD, N°53 A 131 ET 52 A 13";"48,88919986";"2,27313459"
"202300008565";"3";"06";"2023";"03:10";"3";"71";"71187";"1";"1";"1";"6";"Rue des Pinsons";"46,74694800";"4,51799900"
"202300008566";"21";"03";"2023";"11:20";"1";"91";"91434";"2";"2";"1";"3";"HENRI BARBUSSE (AVENUE)";"48,65419000";"2,34942000"
"202300008567";"19";"08";"2023";"15:45";"1";"31";"31145";"2";"1";"1";"6";"Avenue de la Gare";"43,30683500";"1,53126100"
"202300008568";"24";"11";"2023";"18:40";"3";"92";"92025";"1";"1";"1";"3";"A86";"48,92441410";"2,23084474"
"202300008569";"9";"07";"2023";"18:19";"1";"92";"92025";"2";"1";"1";"1";"PRESIDENT SALVADOR ALLENDE (RUE DU)";"48,92221322";"2,23554906"
"202300008570";"4";"06";"2023";"14:50";"1";"63";"63430";"2";"1";"1";"6";"Route de Baruptel (Pont)";"45,84623400";"3,51284100"
"202300008571";"18";"08";"2023";"20:00";"2";"31";"31574";"1";"6";"7";"6";"D820";"43,44209800";"1,41565700"
"202300008572";"20";"08";"2023";"18:35";"1";"18";"18096";"2";"1";"1";"6";"45 Les Tournis";"47,19442600";"2,14203400"
"202300008573";"17";"03";"2023";"18:20";"2";"91";"91228";"2";"1";"2";"3";"MONTESPAN (RUE DE)";"48,63267000";"2,43517000"
"202300008574";"10";"07";"2023";"03:29";"5";"92";"92024";"2";"1";"1";"7";"REPUBLIQUE (PLACE DE LA)";"48,90338406";"2,31280178"
"202300008575";"24";"11";"2023";"17:35";"3";"93";"93010";"1";"1";"1";"2";"AUTOROUTE A3";"48,89213000";"2,47323000"
"202300008576";"5";"06";"2023";"19:30";"1";"12";"12288";"1";"1";"1";"6";"RD840 virage du prefet";"44,44941048";"2,42621130"
"202300008577";"19";"08";"2023";"14:35";"1";"38";"38189";"1";"2";"7";"3";"D53A";"45,63607400";"5,06133400"
"202300008578";"10";"07";"2023";"10:10";"1";"92";"92007";"2";"1";"1";"3";"HUGO (AVENUE VICTOR)";"48,80480311";"2,32221127"
"202300008579";"20";"03";"2023";"17:30";"1";"91";"91223";"2";"1";"1";"6";"REPUBLIQUE (RUE DE LA)";"48,43320000";"2,16719000"
"202300008580";"24";"11";"2023";"06:35";"3";"95";"95277";"1";"1";"1";"2";"D170 ";"48,97697542";"2,47517467"
"202300008581";"6";"06";"2023";"06:50";"1";"68";"68025";"1";"2";"1";"3";"D432";"47,48095900";"7,29103800"
"202300008582";"23";"11";"2023";"05:00";"3";"95";"95241";"1";"1";"1";"6";"N104";"49,04997000";"2,43100000"
"202300008583";"6";"06";"2023";"14:45";"1";"68";"68155";"2";"1";"1";"6";"50 Rue de la Promenade";"48,09187900";"7,29684800"
"202300008584";"11";"07";"2023";"10:00";"1";"60";"60180";"2";"2";"1";"3";"D133";"49,52088300";"1,93003200"
"202300008585";"19";"08";"2023";"22:05";"3";"38";"38012";"1";"1";"1";"6";"D592";"45,60967000";"5,60967900"
"202300008586";"18";"03";"2023";"16:00";"1";"77";"77296";"2";"2";"2";"2";"AV JEAN JAURES";"48,62738000";"2,58036000"
"202300008587";"6";"08";"2023";"11:50";"1";"22";"22266";"1";"3";"1";"3";"D790";"48,25106200";" -3,30464200"
"202300008588";"5";"06";"2023";"11:35";"1";"38";"38439";"1";"3";"7";"1";"D525";"45,36663500";"6,02644400"
"202300008589";"19";"08";"2023";"10:00";"1";"38";"38043";"2";"3";"1";"3";"Route de Charavines";"45,44496900";"5,53406800"
"202300008590";"11";"07";"2023";"13:55";"1";"85";"85137";"1";"4";"1";"3";"coq joyeux";"46,53715200";" -0,86285100"
"202300008591";"24";"11";"2023";"17:40";"2";"94";"94069";"1";"1";"1";"3";"A4";"48,81739242";"2,43622472"
"202300008592";"21";"03";"2023";"14:50";"1";"77";"77296";"1";"3";"1";"1";"D402";"48,63014000";"2,61773000"
"202300008593";"5";"06";"2023";"18:45";"1";"38";"38422";"1";"1";"1";"6";"D111";"45,14931900";"5,86423500"
"202300008594";"10";"07";"2023";"16:00";"1";"40";"40065";"2";"3";"7";"3";"Boulevard du Docteur Junqua";"43,64272200";" -1,42806700"
"202300008595";"17";"08";"2023";"17:55";"1";"38";"38082";"1";"1";"1";"5";"Route de Vers Ars";"45,44364800";"5,51322700"
"202300008596";"29";"12";"2023";"19:03";"5";"973";"97302";"2";"3";"1";"3";"ZEPHIR (ROCADE)";"4,93797000";" -52,30633000"
"202300008597";"5";"06";"2023";"17:20";"1";"38";"38543";"1";"1";"1";"1";"D1075";"45,64707100";"5,49108300"
"202300008598";"22";"11";"2023";"08:30";"1";"976";"97611";"1";"1";"1";"5";"passamanty-Vahibé ( route )";" -12,79870638";"45,20204544"
"202300008599";"18";"08";"2023";"19:45";"2";"15";"15130";"1";"2";"1";"3";"D990";"45,06351800";"3,23920700"
"202300008600";"10";"07";"2023";"15:30";"1";"68";"68331";"1";"3";"1";"3";"carrefour D415/D208";"48,04301300";"7,47053300"
"202300008601";"20";"03";"2023";"15:00";"1";"77";"77288";"2";"2";"1";"6";"D606";"48,53406280";"2,65460290"
"202300008602";"4";"06";"2023";"17:15";"1";"02";"02003";"2";"1";"1";"6";"1 Rue du Jury";"49,35301400";"3,42013100"
"202300008603";"22";"11";"2023";"10:45";"1";"974";"97416";"2";"1";"1";"6";"LORION(RUE LUC)";" -21,33731000";"55,47007000"
"202300008604";"18";"08";"2023";"21:40";"3";"15";"15092";"1";"1";"1";"6";"RD922";"45,41912000";"2,50056000"
"202300008605";"28";"12";"2023";"04:10";"5";"972";"97209";"1";"1";"1";"6";"BEAUSEJOUR JAMBETTE (ROUTE DE )";"14,63963000";" -61,04151000"
"202300008606";"10";"07";"2023";"23:45";"3";"10";"10363";"1";"1";"1";"1";"Route Departementale 671";"48,22386134";"4,13617810"
"202300008607";"6";"06";"2023";"10:10";"1";"03";"03112";"1";"1";"1";"1";"D223";"46,21524600";"3,21154300"
"202300008608";"20";"03";"2023";"11:40";"1";"74";"74281";"1";"1";"1";"1";"THONON (AVENUE DE)";"46,38000000";"6,50800000"
"202300008609";"23";"11";"2023";"17:50";"1";"974";"97411";"2";"1";"1";"6";"DIGUE (ROUTE)";" -20,89223000";"55,46989000"
"202300008610";"8";"07";"2023";"04:45";"5";"972";"97221";"1";"6";"2";"6";"D7";"14,52623700";" -60,98889900"
"202300008611";"15";"08";"2023";"12:10";"1";"01";"01314";"2";"6";"8";"7";"Grande Rue de la Cotiere";"45,99707000";"5,28136600"
"202300008612";"5";"06";"2023";"15:20";"1";"15";"15104";"1";"1";"1";"6";"D151 ";"44,72078200";"2,24674700"
"202300008613";"30";"12";"2023";"08:35";"2";"87";"87050";"1";"1";"5";"1";"CAMPANELLE (RUE)";"45,89242000";"1,24900000"
"202300008614";"5";"07";"2023";"06:50";"1";"84";"84056";"1";"1";"1";"1";"Route de Courthézon";"44,11079200";"4,89511200"
"202300008615";"5";"06";"2023";"13:30";"1";"06";"06090";"1";"1";"1";"6";"Route de Tanneron";"43,56382800";"6,90828700"
"202300008616";"19";"08";"2023";"11:15";"1";"70";"70507";"1";"1";"1";"3";"Grande Rue";"47,44756100";"6,03298500"
"202300008617";"22";"11";"2023";"18:10";"1";"974";"97411";"2";"4";"1";"3";"SAINT-FRANCOIS (BOULEVARD DE)";" -20,89766000";"55,46254000"
"202300008618";"5";"06";"2023";"20:30";"2";"09";"09324";"1";"1";"3";"7";"laborie";"43,05371200";"1,65018100"
"202300008619";"10";"07";"2023";"16:00";"1";"26";"26116";"1";"1";"1";"2";"A7";"44,43434300";"4,74632400"
"202300008620";"30";"12";"2023";"17:30";"5";"76";"76351";"2";"6";"3";"7";"MICHEL FERE (QUAI)";"49,48928000";"0,11114000"
"202300008621";"20";"03";"2023";"19:10";"5";"72";"72181";"2";"1";"1";"4";"BROSSOLETTE PIERRE (BD) N° IMP";"47,97883000";"0,20531000"