"Num_Acc";"jour";"mois";"an";"hrmn";"lum";"dep";"com";"agg";"int";"atm";"col";"adr";"lat";"long"
"202300008622";"16";"08";"2023";"12:30";"1";"26";"26162";"1";"9";"1";"7";"RD 538";"45,29903700";"5,03975300"
"202300008623";"5";"06";"2023";"16:05";"1";"24";"24159";"1";"1";"1";"1";"Route du Docteur Piotay";"45,12880400";"0,23079900"
"202300008624";"11";"07";"2023";"07:30";"1";"12";"12169";"1";"1";"1";"2";"Naucelle (Gare)";"44,19219800";"2,36436200"
"202300008625";"20";"03";"2023";"16:05";"1";"72";"72181";"2";"6";"1";"6";"MESSIAEN OLIVIER (AV) PAIRS";"48,01440000";"0,16211000"
"202300008626";"31";"12";"2023";"06:43";"5";"76";"76341";"2";"6";"3";"7";"BELLEVUE";"49,51192000";"0,19938000"
"202300008627";"23";"11";"2023";"21:35";"5";"69";"69387";"2";"8";"1";"3";"Avenue Tony Garnier";"45,73150000";"4,82390000"
"202300008628";"12";"08";"2023";"15:00";"1";"26";"26148";"1";"2";"1";"3";"Route de Beaurepaire";"45,27400900";"5,03498600"
"202300008629";"8";"07";"2023";"14:20";"1";"65";"65270";"2";"1";"1";"6";"Route départementale 5";"43,21486100";"0,17155400"
"202300008630";"20";"03";"2023";"12:05";"1";"72";"72181";"1";"9";"1";"6";"PATTON GENERAL RTE BAUGE A CHEMIN RONDE";"48,02800000";"0,17500000"
"202300008631";"6";"06";"2023";"16:30";"1";"85";"85280";"1";"1";"1";"1";"D205";"46,85163000";" -1,90707000"
"202300008632";"17";"08";"2023";"19:30";"2";"58";"58079";"2";"1";"1";"6";"Route de Surgy";"47,46870800";"3,52057300"
"202300008633";"10";"07";"2023";"13:34";"1";"57";"57721";"2";"1";"1";"1";"Haut Pont";"48,78103900";"7,24536300"
"202300008634";"30";"12";"2023";"08:00";"2";"76";"76447";"2";"6";"1";"3";"RD 31";"49,54715000";"0,18896000"
"202300008635";"20";"08";"2023";"11:44";"1";"58";"58223";"1";"1";"1";"6";"chatenay";"47,03746200";"3,55373400"
"202300008636";"23";"11";"2023";"06:50";"5";"69";"69387";"2";"2";"1";"6";"Rue Pré Gaudry";"45,73823000";"4,83760000"
"202300008637";"21";"03";"2023";"20:55";"5";"69";"69264";"2";"1";"1";"6";"Rue d’Anse";"45,98506000";"4,71808000"
"202300008638";"4";"06";"2023";"18:00";"1";"28";"28098";"1";"1";"1";"3";"route nationale 12";"48,75285700";"1,46025400"
"202300008639";"10";"07";"2023";"18:25";"1";"19";"19063";"1";"3";"1";"3";"RD 921 / RD162";"45,15780200";"1,60112900"
"202300008640";"17";"08";"2023";"11:30";"1";"58";"58177";"1";"1";"1";"6";"D161";"47,14374100";"3,87123200"
"202300008641";"30";"12";"2023";"17:30";"5";"76";"76351";"2";"3";"1";"6";"VOLTAIRE";"49,48999000";"0,10355000"
"202300008642";"23";"11";"2023";"10:15";"1";"972";"97209";"2";"1";"1";"2";"BISHOP (Avenue Maurice)";"14,60607000";" -61,05889000"
"202300008643";"20";"03";"2023";"17:25";"1";"69";"69264";"2";"1";"1";"6";"173 Rue Thimonnier";"45,99865000";"4,71405000"
"202300008644";"4";"07";"2023";"09:20";"1";"19";"19123";"2";"6";"1";"3";"rond point Simone VEIL";"45,16899600";"1,56015200"
"202300008645";"6";"06";"2023";"12:15";"1";"30";"30161";"1";"1";"1";"6";"";"44,02066000";"4,10464000"
"202300008646";"30";"12";"2023";"00:05";"5";"14";"14366";"2";"1";"1";"6";"Route d'Orbec";"49,13634000";"0,24041000"
"202300008647";"17";"08";"2023";"18:10";"1";"58";"58088";"1";"1";"1";"3";"D977";"47,01248600";"3,20287400"
"202300008648";"10";"07";"2023";"21:39";"2";"77";"77325";"2";"1";"1";"7";"Rue d'Henrien";"48,42318300";"3,24894600"
"202300008649";"21";"03";"2023";"14:00";"1";"69";"69259";"2";"1";"1";"1";"34 Boulevard Marcel Sembat";"45,71385000";"4,87830000"
"202300008650";"29";"12";"2023";"18:45";"5";"92";"92026";"2";"1";"1";"7";"GAMBETTA";"48,89435000";"2,24903000"
"202300008651";"5";"06";"2023";"12:00";"1";"988";"98825";"1";"3";"1";"3";"RT1, en face du motel de Tia";" -21,14951000";"164,87821000"
"202300008652";"23";"11";"2023";"17:00";"5";"69";"69389";"2";"2";"1";"3";"Quai du Commerce";"45,78054000";"4,80905000"
"202300008653";"11";"07";"2023";"02:45";"3";"76";"76360";"1";"1";"1";"6";"Rue du Pont Rouge";"49,75136000";"1,09905000"
"202300008654";"17";"08";"2023";"11:50";"1";"58";"58303";"2";"1";"1";"3";"Boulevard Camille Dagonneau";"47,01909900";"3,14798000"
"202300008655";"20";"03";"2023";"19:30";"2";"67";"67447";"2";"3";"1";"3";"Carrefour des quatre vents";"48,60449000";"7,74740000"
"202300008656";"11";"07";"2023";"10:00";"1";"2B";"2B305";"2";"1";"1";"3";"D 131";"42,72126700";"9,45172900"
"202300008657";"5";"06";"2023";"22:30";"3";"988";"98832";"1";"1";"2";"7";"Touaourou (Tribu)";" -22,23256000";"167,00461100"
"202300008658";"22";"11";"2023";"09:45";"1";"69";"69389";"2";"4";"8";"6";"Avenue Joannès Masset";"45,77354000";"4,80042000"
"202300008659";"6";"12";"2023";"11:55";"1";"57";"57269";"2";"1";"1";"3";"Rue Galla";"49,30239800";"6,21488200"
"202300008660";"20";"08";"2023";"11:30";"1";"58";"58095";"2";"1";"1";"3";"2 Rue Marèchal Foch";"46,82809400";"3,46009500"
"202300008661";"11";"07";"2023";"09:11";"1";"19";"19274";"1";"1";"1";"7";"autoroute A89 - PK 182+800";"45,16940290";"1,46646792"
"202300008662";"17";"03";"2023";"22:30";"5";"67";"67482";"2";"1";"1";"6";"MELANIE (RUE)";"48,60298000";"7,79258000"
"202300008663";"3";"06";"2023";"19:50";"5";"974";"97422";"2";"1";"1";"7";"Chemin Notre Dame de la Salette";" -21,23832200";"55,52054100"
"202300008664";"23";"11";"2023";"06:50";"5";"69";"69382";"2";"1";"1";"7";"16 Quai Perrache";"45,74498492";"4,82721716"
"202300008665";"10";"07";"2023";"19:10";"1";"41";"41002";"1";"1";"1";"3";"A85";"47,29548700";"1,24379400"
"202300008666";"30";"12";"2023";"10:10";"1";"34";"34237";"1";"1";"1";"3";"départementale 15";"43,50076000";"3,30269000"
"202300008667";"17";"08";"2023";"14:50";"1";"58";"58151";"2";"1";"1";"1";"11 Rue Clémence Bonde";"46,89580400";"3,46677100"
"202300008668";"5";"06";"2023";"01:30";"5";"978";"97801";"1";"1";"1";"6";"RD 208, les Terres Basses";"18,06875900";" -63,12139000"
"202300008669";"23";"11";"2023";"13:00";"1";"971";"97105";"2";"1";"1";"6";"MAURICE MARIE-CLAIRE(RUE)";"15,99609521";" -61,73097074"
"202300008670";"20";"03";"2023";"09:45";"1";"66";"66136";"2";"1";"1";"3";"N/A";"42,69696000";"2,90556000"
"202300008671";"10";"07";"2023";"18:30";"1";"11";"11165";"1";"1";"1";"7";"";"42,87228600";"2,15397700"
"202300008672";"21";"08";"2023";"02:50";"3";"66";"66024";"2";"1";"1";"6";"Bretelle d'accès D618/D900";"42,51693500";"2,83037400"
"202300008673";"30";"12";"2023";"18:30";"2";"988";"98805";"1";"1";"1";"1";"Col de Tonghoué (Arrêt de bus)";" -22,18969000";"166,48144400"
"202300008674";"11";"07";"2023";"12:30";"1";"42";"42262";"1";"1";"1";"6";"Route de Rozier";"45,39333400";"4,17852500"
"202300008675";"16";"03";"2023";"06:15";"3";"63";"63103";"1";"1";"1";"7";"RD 227";"45,91289339";"3,08069676"
"202300008676";"22";"11";"2023";"09:00";"1";"95";"95539";"2";"1";"1";"6";"JEAN MOULIN (AVENUE)";"48,99489410";"2,36513972"
"202300008677";"4";"06";"2023";"20:45";"3";"971";"97121";"1";"1";"1";"1";"RN2";"16,20596400";" -61,78058600"
"202300008678";"21";"08";"2023";"14:45";"1";"54";"54206";"1";"1";"1";"6";"Rue du Haut Meix";"48,52425070";"6,55021191"
"202300008679";"30";"12";"2023";"08:00";"1";"986";"98613";"2";"1";"1";"3";"RT1 Mata'Utu ";" -13,28182400";" -176,17629900"
"202300008680";"17";"07";"2023";"09:50";"1";"72";"72180";"2";"1";"1";"7";"20 Rue Châtelaine";"48,35167100";"0,37020300"
"202300008681";"23";"11";"2023";"17:15";"5";"91";"91689";"2";"6";"1";"2";"RUE DES AVERNAISES";"48,73654000";"2,34798000"
"202300008682";"19";"03";"2023";"14:27";"1";"63";"63113";"2";"5";"1";"3";"FLAUBERT/ Oradou/Schuman";"45,76452000";"3,12553000"
"202300008683";"6";"06";"2023";"08:30";"1";"91";"91318";"2";"1";"1";"3";"D17";"48,51661700";"2,26807900"
"202300008684";"10";"07";"2023";"21:30";"1";"39";"39432";"2";"3";"1";"3";"Place de la Liberte";"47,22352800";"5,50177900"
"202300008685";"30";"12";"2023";"17:40";"3";"77";"77029";"1";"1";"1";"6";"D211";"48,63765900";"2,86275400"
"202300008686";"5";"06";"2023";"18:55";"1";"11";"11433";"1";"1";"1";"6";"D620";"43,30410600";"2,47510500"
"202300008687";"11";"07";"2023";"09:25";"1";"44";"44007";"1";"1";"1";"7";"";"47,63711400";" -1,97020100"
"202300008688";"17";"08";"2023";"18:38";"1";"72";"72111";"1";"2";"1";"3";"lieu dit la grande grouas";"48,08108200";"0,01765400"
"202300008689";"22";"11";"2023";"20:30";"3";"91";"91433";"2";"6";"8";"2";"R.D.20";"48,45802000";"2,17706000"
"202300008690";"9";"07";"2023";"17:15";"1";"29";"29163";"1";"1";"1";"7";"D785";"48,52413840";" -3,86919123"
"202300008691";"6";"06";"2023";"13:15";"1";"84";"84078";"1";"1";"1";"3";"N7";"44,22989500";"4,71266300"
"202300008692";"20";"08";"2023";"11:30";"1";"06";"06086";"1";"1";"1";"7";"Route de Turini";"43,97685700";"7,39248600"
"202300008693";"18";"03";"2023";"09:35";"1";"60";"60159";"2";"1";"1";"2";"Place du Général De Gaulle";"49,41800000";"2,82955000"
"202300008694";"22";"11";"2023";"18:00";"4";"88";"88484";"2";"1";"1";"6";"CD417";"48,11740000";"6,36580000"
"202300008695";"19";"08";"2023";"07:25";"1";"14";"14005";"1";"1";"1";"6";"Route de Paris";"49,12214100";" -0,12686800"
"202300008696";"21";"03";"2023";"14:15";"1";"56";"56121";"2";"1";"1";"6";"4 Rue colonel Le Barillec";"47,76261000";" -3,39717000"
"202300008697";"9";"07";"2023";"16:45";"1";"01";"01098";"1";"4";"1";"3";"D1504";"45,82072300";"5,64280600"
"202300008698";"6";"06";"2023";"06:45";"1";"83";"83065";"1";"3";"1";"3";"D 559, face Mas St-Martin";"43,25149000";"6,57342900"
"202300008699";"22";"11";"2023";"18:50";"5";"87";"87085";"2";"1";"1";"6";"PERRIN (RUE FRANCOIS)";"45,82815000";"1,24140000"
"202300008700";"31";"12";"2023";"15:30";"1";"84";"84150";"1";"1";"1";"1";"D976";"44,34834300";"4,95591800"
"202300008701";"16";"08";"2023";"16:50";"1";"14";"14145";"1";"3";"7";"3";"N/A";"49,04131300";" -0,27921600"
"202300008702";"10";"07";"2023";"21:00";"2";"01";"01451";"1";"6";"1";"3";"Route de Paris";"46,25938500";"5,17653700"
"202300008703";"21";"03";"2023";"08:50";"1";"56";"56121";"2";"1";"1";"2";"40bis Rue de Lanveur";"47,74297000";" -3,38874000"
"202300008704";"6";"06";"2023";"08:45";"1";"05";"05079";"1";"1";"1";"1";"RD 1091";"45,04275500";"6,41714200"
"202300008705";"23";"11";"2023";"21:55";"3";"84";"84080";"1";"1";"1";"2";"BEAUCHAMP CHEMIN DE";"44,02962000";"4,96762000"
"202300008706";"10";"07";"2023";"17:10";"1";"70";"70134";"1";"1";"1";"1";"cd 13";"47,63170600";"6,07732800"
"202300008707";"30";"12";"2023";"14:30";"1";"62";"62476";"2";"2";"1";"3";"D40";"50,36055700";"2,94755700"
"202300008708";"20";"03";"2023";"15:15";"1";"54";"54265";"2";"1";"1";"2";"RD 570";"48,64473000";"6,18187000"
"202300008709";"5";"06";"2023";"18:15";"1";"07";"07245";"1";"1";"1";"3";"D86";"45,09273200";"4,81895300"
"202300008710";"16";"08";"2023";"16:45";"1";"14";"14041";"1";"1";"1";"5";"Route du Bois du Breuil";"49,39413300";"0,18990000"
"202300008711";"9";"07";"2023";"00:20";"3";"70";"70163";"1";"1";"1";"6";"D119";"47,65661500";"6,21957100"
"202300008712";"19";"08";"2023";"02:05";"3";"50";"50003";"2";"1";"1";"7";"72 avenue de la mer";"49,04523800";" -1,59091700"
"202300008713";"19";"12";"2023";"20:37";"3";"13";"13005";"1";"1";"1";"2";"A50-Sens Aubagne vers Marseille";"43,28252000";"5,57942000"
"202300008714";"5";"06";"2023";"16:10";"1";"17";"17027";"1";"1";"1";"1";"D142";"45,53774900";" -0,48858600"
"202300008715";"8";"07";"2023";"09:15";"1";"26";"26146";"1";"3";"1";"3";"Route de Montélimar";"44,41905300";"4,89800300"
"202300008716";"24";"11";"2023";"01:30";"3";"82";"82121";"2";"1";"1";"6";"avenue d'ardus";"44,03796000";"1,35657000"
"202300008717";"20";"03";"2023";"12:30";"1";"54";"54395";"2";"1";"1";"4";"KENNEDY (VIADUC)";"48,68782039";"6,17381752"
"202300008718";"17";"12";"2023";"03:45";"3";"54";"54232";"1";"1";"1";"2";"Autoroute A 31";"48,68915700";"5,98749200"
"202300008719";"10";"07";"2023";"00:30";"3";"58";"58151";"1";"1";"1";"7";"Rue de Decize";"46,87504500";"3,46086500"
"202300008720";"2";"06";"2023";"12:10";"1";"33";"33273";"1";"3";"1";"3";"2 Chemin de Monfaucon";"44,84763000";" -0,75683400"
"202300008721";"21";"08";"2023";"12:30";"1";"50";"50471";"1";"2";"1";"1";"D650";"49,36847900";" -1,72326600"
"202300008722";"11";"07";"2023";"20:00";"1";"66";"66052";"1";"1";"1";"6";"";"42,59210200";"2,41870300"
"202300008723";"30";"12";"2023";"22:43";"5";"67";"67482";"1";"1";"1";"6";"N/A";"48,59530000";"7,74207000"
"202300008724";"20";"03";"2023";"17:10";"1";"54";"54329";"2";"1";"1";"3";"RUE SAINTE ANNE";"48,58800000";"6,48453000"
"202300008725";"5";"06";"2023";"22:05";"5";"33";"33029";"2";"4";"1";"7";"Rue Hector Berlioz";"44,60983600";" -0,76571700"
"202300008726";"17";"08";"2023";"19:02";"1";"50";"50031";"2";"3";"1";"3";"Avenue de la Mer";"49,37418600";" -1,75883200"
"202300008727";"22";"11";"2023";"16:30";"1";"77";"77350";"2";"1";"1";"5";"AV MAURICE CHEVALIER";"48,76597000";"2,68237000"
"202300008728";"18";"03";"2023";"15:45";"1";"52";"52448";"2";"1";"1";"6";"LOUBERT (AVENUE DE LA) CORA";"48,64769000";"4,96312000"
"202300008729";"10";"07";"2023";"22:25";"2";"50";"50058";"1";"4";"1";"3";"D651";"49,06666800";" -1,59533500"
"202300008730";"30";"10";"2023";"18:00";"5";"05";"05061";"2";"1";"3";"4";"PROVENCE (AVENUE DE)";"44,54209312";"6,05898142"
"202300008731";"17";"08";"2023";"16:20";"1";"50";"50452";"1";"1";"1";"1";"La Fosse";"48,55085800";" -1,13966000"
"202300008732";"6";"06";"2023";"07:40";"1";"50";"50535";"2";"9";"1";"2";"Route Nationale";"48,75843100";" -1,29236300"
"202300008733";"11";"07";"2023";"18:15";"1";"60";"60029";"2";"1";"1";"7";"Avenue du Maréchal Foch";"49,37106300";"1,99384200"
"202300008734";"26";"07";"2023";"17:50";"1";"14";"14520";"2";"1";"1";"6";"Chemin des Vatines";"49,14356600";"0,15077200"
"202300008735";"21";"11";"2023";"11:30";"1";"76";"76447";"2";"2";"2";"3";"FAUBOURG ASSIQUET";"49,54702900";"0,19570500"
"202300008736";"13";"03";"2023";"21:20";"5";"50";"50129";"2";"4";"2";"1";"FONTAINE (PLACE DE LA)";"49,63980000";" -1,62569000"
"202300008737";"30";"05";"2023";"08:10";"1";"35";"35273";"1";"1";"1";"1";"D19";"48,40064500";" -1,29312500"
"202300008738";"10";"07";"2023";"23:10";"3";"10";"10259";"1";"1";"1";"7";"D951";"48,46963800";"3,45141100"
"202300008739";"28";"09";"2023";"15:50";"1";"14";"14054";"1";"1";"8";"6";"2 la lande";"48,89715300";" -0,96108400"
"202300008740";"9";"07";"2023";"10:45";"1";"36";"36022";"1";"1";"2";"6";"Les Patras";"46,62604611";"1,71199350"
"202300008741";"23";"11";"2023";"00:01";"5";"72";"72181";"2";"9";"1";"3";"CHANZY (RUE)  N° IMP 1 A 71 BIS";"47,99835000";"0,20310000"
"202300008742";"21";"03";"2023";"15:10";"1";"45";"45234";"2";"1";"1";"6";"67 Rue de la Bécasse";"47,82945000";"1,92830000"
"202300008743";"9";"07";"2023";"11:46";"1";"40";"40243";"1";"1";"1";"7";"D380";"43,88138500";" -0,91493400"
"202300008744";"30";"12";"2023";"16:25";"1";"84";"84007";"2";"1";"1";"3";"SAINT ROCH (Boulevard)";"43,94263000";"4,80457000"
"202300008745";"10";"07";"2023";"21:40";"5";"24";"24296";"1";"1";"1";"6";"Avenue de la Graviere - D660";"44,85188700";"0,61477800"
"202300008746";"21";"03";"2023";"11:55";"1";"37";"37261";"2";"1";"1";"6";"PREFECTURE (RUE DE LA)";"47,39235000";"0,68911000"
"202300008747";"23";"11";"2023";"05:50";"5";"71";"71486";"2";"1";"2";"3";"MAURICE THOREZ (RUE)";"46,64603989";"4,37018333"
"202300008748";"31";"12";"2023";"07:05";"1";"971";"97105";"2";"1";"1";"6";"PAUL LACAVE (AVENUE )";"15,99174290";" -61,72140598"
"202300008749";"19";"08";"2023";"16:45";"1";"50";"50413";"1";"1";"1";"5";"Précey";"48,61140600";" -1,37374200"
"202300008750";"6";"06";"2023";"19:55";"2";"80";"80176";"1";"3";"1";"3";"D930";"49,70951600";"2,82713900"
"202300008751";"10";"07";"2023";"18:50";"1";"85";"85025";"1";"1";"1";"7";"la Basse Grange";"46,94858400";" -1,17550300"
"202300008752";"29";"12";"2023";"06:20";"5";"74";"74012";"2";"2";"1";"2";"AMOUREUX (RUE DES)";"46,19043000";"6,23456000"
"202300008753";"21";"08";"2023";"09:30";"1";"83";"83074";"1";"4";"1";"2";"D6085";"43,77559600";"6,64400600"
"202300008754";"8";"07";"2023";"16:00";"1";"27";"27679";"1";"5";"1";"3";"route national 12";"48,73247400";"0,92813000"
"202300008755";"22";"11";"2023";"14:50";"1";"69";"69264";"2";"3";"1";"3";"Rue Ernest Renan";"45,99292000";"4,70724000"
"202300008756";"21";"03";"2023";"11:35";"1";"37";"37261";"2";"2";"8";"4";"JOLIVET (RUE)";"47,38979000";"0,70566000"
"202300008757";"6";"06";"2023";"06:48";"1";"80";"80670";"1";"2";"1";"3";"D1029";"49,84499000";"2,14985000"
"202300008758";"8";"07";"2023";"15:27";"1";"23";"23061";"2";"1";"1";"6";"17 Rue Alcide Sarre";"46,11357400";"2,17330600"
"202300008759";"9";"12";"2023";"19:15";"5";"42";"42218";"2";"3";"2";"3";"Boulevard Alexandre de Fraissinette";"45,41780000";"4,41554000"
"202300008760";"5";"06";"2023";"11:00";"1";"83";"83137";"1";"1";"1";"3";"A50";"43,12660000";"5,91139000"
"202300008761";"23";"11";"2023";"11:50";"1";"69";"69290";"2";"2";"1";"3";"Boulevard de la Porte des Alpes";"45,71486000";"4,92552000"
"202300008762";"19";"08";"2023";"17:30";"1";"83";"83044";"2";"4";"1";"3";"D955";"43,71023800";"6,50730200"
"202300008763";"11";"07";"2023";"19:40";"1";"37";"37014";"1";"3";"1";"3";"pr4, d39";"47,28469261";"0,46943665"
"202300008764";"20";"03";"2023";"16:50";"1";"37";"37261";"2";"3";"1";"3";"MAINE (RUE DU)";"47,42618000";"0,68447000"
"202300008765";"4";"06";"2023";"16:52";"1";"57";"57445";"1";"1";"1";"7";"N/A";"48,99949770";"6,10537291"
"202300008766";"19";"08";"2023";"10:35";"1";"83";"83121";"2";"1";"1";"6";"Boulevard de la Libération";"43,56090300";"6,24003100"
"202300008767";"23";"11";"2023";"17:30";"5";"67";"67482";"2";"8";"1";"6";"ROMAINS (ROUTE DES)";"48,57957654";"7,71509796"
"202300008768";"10";"07";"2023";"08:49";"1";"37";"37050";"1";"1";"1";"3";"Route de Loches";"47,33593600";"0,73668500"
"202300008769";"21";"03";"2023";"16:43";"1";"35";"35278";"2";"1";"1";"6";"CHESNAIS BEAUREGARD (RUE DU)";"48,13684000";" -1,69067000"
"202300008770";"31";"12";"2023";"20:00";"3";"31";"31555";"1";"1";"1";"5";"VA007500 CROIX DAURADE A62 Sortie 14";"43,64760000";"1,44037000"
"202300008771";"23";"11";"2023";"08:45";"1";"67";"67482";"2";"1";"8";"3";"BAN DE LA ROCHE (RUE DU)";"48,57754000";"7,72771000"
"202300008772";"20";"08";"2023";"05:55";"2";"83";"83046";"1";"1";"1";"6";"D13";"43,51062000";"6,15974700"
"202300008773";"21";"03";"2023";"12:20";"1";"35";"35238";"2";"6";"1";"3";"ALBERT 1ER (BD)";"48,09010445";" -1,69091552"
"202300008774";"5";"06";"2023";"13:20";"1";"33";"33013";"1";"1";"1";"4";"ROUTE NATIONALE 89";"44,86853563";" -0,50264060"
"202300008775";"10";"07";"2023";"12:00";"1";"31";"31216";"1";"1";"1";"2";"A68 Pk  17+500";"43,74307300";"1,59906900"
"202300008776";"19";"08";"2023";"04:00";"5";"09";"09285";"2";"1";"1";"6";"Avenue de la Baraque";"42,86548600";"1,20489300"
"202300008777";"19";"12";"2023";"20:45";"5";"27";"27229";"2";"3";"1";"2";"Rue Jacquard";"49,00195300";"1,13869700"
"202300008778";"22";"11";"2023";"13:55";"1";"67";"67482";"2";"4";"1";"3";"RHIN (AVENUE DU)";"48,57089000";"7,78656000"
"202300008779";"5";"06";"2023";"20:45";"2";"91";"91377";"1";"1";"1";"7";"AUTOROUTE A10";"48,72719000";"2,30306000"
"202300008780";"11";"07";"2023";"07:50";"2";"33";"33380";"1";"9";"1";"2";"A10";"45,28049326";" -0,55079699"
"202300008781";"21";"03";"2023";"17:20";"1";"34";"34301";"2";"1";"1";"3";"1026 Boulevard de Verdun";"43,41144000";"3,68019000"
"202300008782";"23";"11";"2023";"18:30";"5";"64";"64125";"2";"1";"1";"3";"Avenue Cumba";"43,44693000";" -1,57763000"
"202300008783";"5";"06";"2023";"08:10";"1";"91";"91477";"1";"1";"1";"2";"AUTOROUTE A10";"48,70834000";"2,25078000"
"202300008784";"31";"12";"2023";"18:50";"5";"75";"75114";"2";"1";"1";"4";"BD PERIPHERIQUE INTERIEUR";"48,82115200";"2,31793200"
"202300008785";"17";"08";"2023";"13:50";"1";"09";"09032";"1";"1";"1";"1";"N20";"42,68930800";"1,82470700"
"202300008786";"10";"07";"2023";"17:10";"1";"38";"38027";"2";"6";"1";"3";"D1090";"45,43491500";"6,00140000"
"202300008787";"21";"03";"2023";"18:09";"1";"33";"33529";"2";"1";"1";"3";"INDUSTRIE (BD DE L') DU 01 ET +";"44,61012000";" -1,12968000"
"202300008788";"5";"06";"2023";"09:00";"1";"92";"92050";"1";"1";"1";"3";"A86";"48,91543030";"2,22022680"
"202300008789";"21";"08";"2023";"08:37";"1";"60";"60513";"2";"1";"1";"1";"30 Rue Saint-Germer";"49,20645000";"2,37736200"
"202300008790";"23";"11";"2023";"08:00";"1";"63";"63300";"2";"3";"1";"1";"Rue Virlogeux/ rue Grégoire de Tours";"45,89004795";"3,11985165"
"202300008791";"31";"12";"2023";"22:19";"5";"75";"75101";"2";"3";"1";"3";"QUAI DE LA MEGISSERIE";"48,85773700";"2,34545500"
"202300008792";"21";"03";"2023";"10:00";"1";"31";"31555";"2";"3";"1";"1";"RUE MARIA MONBIOLA";"43,57899057";"1,43694252"
"202300008793";"31";"07";"2023";"14:40";"1";"64";"64188";"2";"1";"1";"6";"route de Barragary";"43,23336200";" -0,87349900"
"202300008794";"5";"06";"2023";"10:30";"1";"78";"78640";"1";"1";"1";"4";"N118";"48,78593647";"2,22286766"
"202300008795";"31";"12";"2023";"21:45";"5";"75";"75101";"2";"3";"1";"6";"BOULEVARD DU PALAIS";"48,85534000";"2,34598900"
"202300008796";"23";"11";"2023";"14:06";"1";"63";"63113";"2";"2";"1";"3";"CLEMENTEL (BD ETIENNE)";"45,80984000";"3,10943000"
"202300008797";"19";"08";"2023";"10:30";"1";"64";"64371";"2";"1";"1";"1";"Avenue de Belzunce";"43,22575500";" -0,87861100"
"202300008798";"22";"11";"2023";"17:15";"2";"62";"62083";"2";"1";"8";"6";"Boulevard Marcel Wacheux";"50,45198000";"2,61189000"
"202300008799";"3";"06";"2023";"18:30";"1";"95";"95218";"1";"1";"1";"3";"A15";"49,03513188";"2,09841549"
"202300008800";"31";"12";"2023";"20:10";"5";"75";"75101";"2";"4";"1";"6";"AVENUE DE L OPERA";"48,86495943";"2,33476639"
"202300008801";"21";"03";"2023";"08:15";"1";"25";"25056";"2";"1";"1";"6";"SCHUMANN RUE ROBERT";"47,22319500";"5,97702700"
"202300008802";"16";"08";"2023";"19:00";"1";"64";"64495";"2";"3";"1";"3";"D3- Route de Bayonne";"43,36475600";" -1,54491500"
"202300008803";"4";"06";"2023";"01:00";"3";"93";"93053";"1";"1";"1";"2";"AUTOROUTE A3";"48,89544000";"2,47107000"
"202300008804";"3";"11";"2023";"19:45";"5";"62";"62498";"2";"2";"1";"6";"D947";"50,43780161";"2,82133077"
"202300008805";"21";"03";"2023";"16:00";"1";"24";"24037";"1";"1";"1";"6";"GAUFFRE (IMPASSE JEAN-LOUIS)";"44,84024300";"0,46652300"
"202300008806";"31";"12";"2023";"22:45";"5";"92";"92004";"2";"2";"1";"3";"AULAGNIER ( QUAI )";"48,91432506";"2,31078565"
"202300008807";"3";"06";"2023";"01:40";"3";"95";"95277";"1";"1";"1";"6";"A3";"48,97462627";"2,48970687"
"202300008808";"23";"11";"2023";"07:20";"3";"62";"62193";"2";"1";"1";"6";"Rue Costes et Bellonte";"50,95439000";"1,91057000"
"202300008809";"21";"03";"2023";"10:50";"1";"13";"13215";"2";"1";"1";"6";"MILLIE MATHYS (AVENUE)";"43,36563457";"5,35026225"
"202300008810";"17";"08";"2023";"09:05";"1";"64";"64516";"1";"1";"1";"4";"Route de Montaner";"43,32915000";" -0,17366800"
"202300008811";"23";"11";"2023";"11:40";"1";"62";"62764";"2";"9";"1";"2";"D63";"50,30153248";"2,78227879"
"202300008812";"5";"06";"2023";"17:15";"1";"94";"94028";"1";"1";"1";"5";"A86";"48,79983715";"2,44627859"
"202300008813";"19";"08";"2023";"16:45";"1";"73";"73059";"1";"4";"7";"3";"D991 - Boulevard gaston mollex";"45,72801500";"5,88141900"
"202300008814";"10";"07";"2023";"10:50";"1";"18";"18029";"1";"4";"1";"1";"N/A";"46,73494100";"2,79176100"
"202300008815";"11";"07";"2023";"03:02";"3";"60";"60682";"1";"1";"1";"6";"Autoroute A1 - PK 47+000 sens LILLE/PARIS";"49,23301909";"2,65677107"
"202300008816";"17";"08";"2023";"07:55";"1";"73";"73010";"2";"2";"1";"3";"D991C Rue de la Chambotte";"45,78510000";"5,94075000"
"202300008817";"21";"01";"2023";"20:00";"3";"05";"05061";"1";"1";"1";"1";"COL DE MANSE ( ROUTE DU )";"44,61172000";"6,13330000"
"202300008818";"23";"11";"2023";"13:55";"1";"61";"61006";"2";"6";"1";"3";"D158";"48,73899000";" -0,02416000"
"202300008819";"13";"12";"2023";"12:15";"1";"31";"31157";"2";"1";"1";"6";"Avenue du général joseph bares";"43,53647800";"1,36506200"
"202300008820";"20";"03";"2023";"17:19";"1";"03";"03101";"1";"3";"1";"3";"CD943";"46,39085000";"2,54612000"