"Num_Acc";"jour";"mois";"an";"hrmn";"lum";"dep";"com";"agg";"int";"atm";"col";"adr";"lat";"long"
"202300008821";"18";"08";"2023";"15:50";"1";"18";"18148";"1";"1";"1";"7";"42bis Avenue de Vierzon";"47,20135500";"2,05896000"
"202300008822";"22";"11";"2023";"21:35";"5";"59";"59041";"2";"3";"1";"3";"MAUBEUGE (RUE DE)";"50,21349735";"3,86531746"
"202300008823";"30";"12";"2023";"19:40";"5";"62";"62908";"2";"3";"8";"6";"D237";"50,73148800";"1,70763400"
"202300008824";"21";"08";"2023";"15:15";"1";"18";"18031";"2";"9";"7";"1";"Route de Sancoins";"46,89565500";"2,73475600"
"202300008825";"21";"03";"2023";"17:25";"1";"75";"75113";"2";"1";"1";"2";"PORTE D IVRY";"48,81919700";"2,37179300"
"202300008826";"9";"07";"2023";"21:00";"3";"973";"97313";"2";"1";"1";"3";"Avenue des 2 Fromagers";"4,88934400";" -52,49892000"
"202300008827";"3";"06";"2023";"09:20";"1";"988";"98818";"2";"9";"1";"3";"RUE GEORGES LEQUES";" -22,22373000";"166,48550000"
"202300008828";"30";"12";"2023";"15:30";"1";"51";"51432";"2";"1";"1";"6";"12 Rue du General Leclerc";"48,69034600";"3,87117300"
"202300008829";"23";"11";"2023";"08:00";"2";"59";"59507";"2";"9";"1";"6";"MARGUERITOIS CHEMIN DES";"50,60506918";"3,07414658"
"202300008830";"19";"08";"2023";"12:15";"1";"43";"43032";"1";"1";"1";"6";"D988A";"45,05907000";"3,99082100"
"202300008831";"9";"07";"2023";"17:00";"1";"971";"97129";"2";"1";"1";"1";"Desbonnes";"16,32979700";" -61,75332400"
"202300008832";"23";"11";"2023";"21:43";"3";"57";"57463";"1";"1";"8";"7";"POUILLY (RUE DE )";"49,06741350";"6,18515253"
"202300008833";"19";"08";"2023";"09:30";"1";"43";"43215";"1";"1";"1";"7";"Route nationale 88";"44,81064400";"3,87971900"
"202300008834";"4";"06";"2023";"11:30";"1";"974";"97416";"2";"1";"1";"2";"BOEUF(CHEMIN)";" -21,29778799";"55,45526147"
"202300008835";"21";"03";"2023";"15:40";"1";"75";"75113";"2";"1";"1";"5";"PORTE D ITALIE";"48,81778700";"2,35337800"
"202300008836";"31";"12";"2023";"13:00";"1";"22";"22232";"1";"1";"2";"1";"D21";"48,62611200";" -2,86266800"
"202300008837";"14";"08";"2023";"22:00";"2";"36";"36178";"1";"1";"1";"7";"Rue de Saint-Aigny";"46,65079973";"1,01646603"
"202300008838";"11";"07";"2023";"13:30";"1";"978";"97801";"2";"2";"1";"3";"R LOUIS CONSTANT FLEMING";"18,06870800";" -63,08110400"
"202300008839";"22";"11";"2023";"17:24";"5";"57";"57283";"2";"1";"1";"6";"DE GAULLE (RUE DU GENERAL)";"49,25014000";"6,15527000"
"202300008840";"30";"12";"2023";"16:30";"1";"29";"29199";"1";"1";"2";"2";"D64";"48,59747424";" -3,69031742"
"202300008841";"20";"03";"2023";"19:30";"4";"75";"75119";"2";"1";"1";"2";"PORTE DES LILAS";"48,88143800";"2,40247300"
"202300008842";"21";"08";"2023";"11:40";"1";"36";"36003";"2";"1";"1";"7";"Rue du Paré";"46,77960451";"1,95981368"
"202300008843";"3";"06";"2023";"20:20";"5";"974";"97416";"2";"3";"1";"1";"CAYENNE (RUE DE LA)";" -21,33785000";"55,46752000"
"202300008844";"10";"07";"2023";"07:15";"1";"13";"13087";"1";"1";"1";"3";"D7N";"43,48774700";"5,61727500"
"202300008845";"31";"12";"2023";"15:55";"1";"84";"84050";"1";"1";"8";"7";"D156";"43,90177300";"5,23028600"
"202300008846";"19";"08";"2023";"16:57";"1";"36";"36021";"1";"1";"7";"6";"N/A";"46,96843345";"1,96498716"
"202300008847";"11";"07";"2023";"10:20";"1";"77";"77318";"1";"1";"1";"1";"D231";"48,77446200";"2,90210700"
"202300008848";"4";"06";"2023";"05:08";"5";"973";"97302";"2";"1";"2";"1";"BADUEL (ROUTE DE)";"4,93222992";" -52,30788267"
"202300008849";"22";"11";"2023";"20:50";"5";"54";"54304";"2";"4";"1";"1";"Rue de Maréville";"48,68460000";"6,15398000"
"202300008850";"20";"03";"2023";"18:00";"2";"75";"75116";"2";"1";"1";"3";"ECHANGEUR MUETTE";"48,86659300";"2,26861500"
"202300008851";"15";"08";"2023";"18:20";"1";"36";"36171";"2";"1";"1";"3";"N/A";"47,06424382";"2,03303935"
"202300008852";"9";"07";"2023";"17:35";"1";"2B";"2B350";"1";"1";"1";"2";"funtanone";"42,52398900";"9,41706400"
"202300008853";"22";"11";"2023";"08:25";"1";"54";"54304";"2";"4";"1";"3";"Rue Ernest Renan";"48,68402000";"6,15008000"
"202300008854";"29";"12";"2023";"20:15";"5";"01";"01093";"2";"3";"1";"1";"Route de Relevant";"46,11355300";"4,95170100"
"202300008855";"21";"03";"2023";"05:15";"5";"75";"75118";"2";"3";"2";"3";"RUE JOSEPH DE MAISTRE";"48,88617600";"2,33380400"
"202300008856";"3";"06";"2023";"10:35";"1";"973";"97302";"2";"1";"1";"4";"CABASSOU (ROUTE DE)";"4,91957478";" -52,31861186"
"202300008857";"10";"07";"2023";"11:23";"1";"66";"66065";"2";"1";"7";"6";"";"42,60312699";"2,97929317"
"202300008858";"20";"08";"2023";"06:35";"2";"16";"16205";"1";"1";"1";"1";"D16";"45,93710700";"0,63393700"
"202300008859";"29";"12";"2023";"16:00";"1";"66";"66205";"1";"1";"1";"1";"RD 117";"42,78768500";"2,68182300"
"202300008860";"23";"11";"2023";"21:00";"5";"51";"51454";"2";"1";"1";"1";"MARIN LA MESLEE (RUE)";"49,24705000";"4,04988000"
"202300008861";"4";"06";"2023";"02:15";"5";"69";"69383";"2";"2";"2";"3";"Rue Paul Bert";"45,75710000";"4,86161000"
"202300008862";"11";"07";"2023";"10:10";"1";"11";"11433";"1";"3";"1";"3";"D620";"43,30029800";"2,46452100"
"202300008863";"21";"03";"2023";"19:50";"5";"75";"75117";"2";"1";"1";"4";"BOULEVARD BERTHIER";"48,88995000";"2,30346900"
"202300008864";"31";"12";"2023";"17:35";"3";"54";"54455";"1";"1";"2";"6";"Chemin de Rétimont";"48,45640945";"6,45887732"
"202300008865";"20";"08";"2023";"16:15";"1";"53";"53147";"2";"3";"1";"6";"Impasse Yvette Cauchois";"48,28405100";" -0,62436500"
"202300008866";"6";"07";"2023";"15:00";"1";"84";"84129";"2";"6";"7";"3";"Route de Châteauneuf-du-pape";"44,01839200";"4,86899300"
"202300008867";"31";"12";"2023";"00:43";"3";"07";"07334";"1";"1";"1";"6";"D104a";"44,41438700";"4,15247300"
"202300008868";"22";"11";"2023";"15:50";"1";"51";"51454";"1";"1";"1";"3";"POMPIDOU (AVENUE GEORGES)";"49,21912000";"4,02405000"
"202300008869";"4";"06";"2023";"14:25";"1";"972";"97209";"1";"2";"1";"3";"RAYMOND ROY-CAMILLE (RUE DU PROFESSEUR)";"14,61224000";" -61,04686000"
"202300008870";"21";"03";"2023";"18:30";"5";"75";"75116";"2";"2";"1";"3";"PORTE DAUPHINE";"48,87256100";"2,27366200"
"202300008871";"10";"07";"2023";"16:50";"1";"06";"06099";"1";"1";"1";"3";"Route du Col de Saint Raphael";"43,94704900";"6,90918800"
"202300008872";"31";"12";"2023";"13:40";"1";"07";"07199";"1";"1";"2";"7";"RD212";"44,49453900";"4,27059200"
"202300008873";"19";"08";"2023";"12:10";"1";"53";"53086";"1";"2";"1";"3";"Belle Fontaine";"48,20648400";" -1,07185500"
"202300008874";"10";"07";"2023";"18:15";"1";"05";"05081";"1";"1";"1";"6";"D994";"44,41883500";"5,69391700"
"202300008875";"4";"06";"2023";"20:25";"2";"91";"91477";"1";"1";"1";"3";"CD 36";"48,71966000";"2,22301000"
"202300008876";"11";"12";"2023";"05:20";"4";"78";"78356";"1";"1";"1";"6";"D36";"48,74835100";"2,07418400"
"202300008877";"18";"08";"2023";"14:16";"1";"53";"53015";"1";"1";"1";"7";"route de la croix verte";"48,16344500";" -0,88213600"
"202300008878";"22";"11";"2023";"07:55";"1";"51";"51454";"2";"2";"1";"3";"VINCI (RUE LEONARD)";"49,27009000";"4,01152000"
"202300008879";"9";"07";"2023";"09:30";"1";"05";"05126";"1";"1";"1";"7";"Route de Nyons";"44,37741300";"5,44398300"
"202300008880";"21";"03";"2023";"18:30";"1";"75";"75112";"2";"1";"1";"5";"ROUTE DE LA PYRAMIDE";"48,83674611";"2,44132787"
"202300008881";"20";"08";"2023";"10:30";"1";"21";"21695";"2";"1";"1";"7";"rue de la corvée";"47,57061200";"4,58025300"
"202300008882";"29";"12";"2023";"11:50";"1";"71";"71176";"2";"3";"8";"6";"Lotissement les Peupliers";"46,48348600";"3,98270000"
"202300008883";"4";"06";"2023";"23:00";"4";"91";"91687";"2";"1";"1";"1";"VICTOR SCHOELCHER (AVENUE)";"48,64999000";"2,36865000"
"202300008884";"11";"07";"2023";"14:55";"1";"04";"04195";"1";"1";"1";"2";"RD 900";"44,38630000";"6,61728900"
"202300008885";"21";"08";"2023";"06:46";"1";"21";"21247";"1";"1";"1";"6";"RD 954 PK 3";"47,50288100";"4,15287500"
"202300008886";"21";"03";"2023";"11:30";"1";"75";"75112";"2";"1";"1";"6";"BOULEVARD DE LA GUYANE";"48,83760058";"2,41325051"
"202300008887";"23";"11";"2023";"09:55";"1";"37";"37261";"2";"1";"8";"3";"DOUETS (RUE DES)";"47,43456000";"0,68540000"
"202300008888";"30";"12";"2023";"01:15";"5";"68";"68154";"2";"2";"1";"3";"Rue de Sausheim";"47,77211300";"7,36095800"
"202300008889";"11";"07";"2023";"16:25";"1";"21";"21106";"2";"2";"1";"1";"Rue du Canal";"47,23529100";"5,11385700"
"202300008890";"4";"06";"2023";"17:15";"1";"84";"84087";"2";"9";"2";"6";"DELSUC (RUE ALBERT)";"44,14333000";"4,81093000"
"202300008891";"20";"03";"2023";"17:30";"1";"75";"75104";"2";"3";"1";"6";"RUE SAINT ANTOINE";"48,85430923";"2,36373693"
"202300008892";"20";"08";"2023";"18:00";"1";"21";"21284";"1";"1";"1";"1";"Francheville";"47,42393400";"4,86104400"
"202300008893";"23";"11";"2023";"16:15";"1";"35";"35238";"2";"1";"8";"6";"LORRAINE (DE)";"48,12261000";" -1,70591000"
"202300008894";"11";"07";"2023";"10:30";"1";"54";"54429";"1";"1";"1";"7";"D50b";"48,55440800";"6,12018900"
"202300008895";"12";"12";"2023";"12:00";"1";"67";"67098";"2";"3";"1";"1";"70 Rue du Général de Gaulle";"48,54258000";"7,42739900"
"202300008896";"3";"06";"2023";"18:00";"1";"83";"83129";"2";"1";"1";"3";"CABRY (BD DE)";"43,11668000";"5,81171000"
"202300008897";"21";"08";"2023";"11:30";"1";"40";"40022";"1";"1";"1";"1";"D2";"43,66839900";" -0,34353200"
"202300008898";"11";"07";"2023";"07:15";"1";"63";"63204";"1";"1";"1";"3";"D2";"45,80429106";"3,20082178"
"202300008899";"23";"11";"2023";"16:30";"2";"34";"34172";"2";"3";"1";"1";"VIEILLE POSTE (RUE DE LA";"43,61616000";"3,91036000"
"202300008900";"21";"03";"2023";"17:00";"1";"94";"94081";"2";"2";"1";"2";"Avenue Maximilien de Robespierre / Avenue de l'Abbé Roger Derry";"48,78943537";"2,38922918"
"202300008901";"17";"11";"2023";"12:00";"1";"67";"67348";"2";"1";"2";"6";"Rue du General Gouraud";"48,46219100";"7,48382200"
"202300008902";"10";"08";"2023";"09:37";"1";"40";"40326";"2";"1";"1";"6";"ROUTE DE L'ÉTANG";"43,90492300";" -1,30988400"
"202300008903";"10";"07";"2023";"14:00";"1";"73";"73232";"2";"1";"1";"6";"Sainte-Foy-Tarentaise";"45,59714200";"6,87963500"
"202300008904";"4";"06";"2023";"08:50";"1";"83";"83123";"1";"6";"1";"3";"TOULON (ANCIEN CHEMIN DE)";"43,12899600";"5,80231600"
"202300008905";"28";"12";"2023";"17:40";"5";"27";"27016";"2";"2";"8";"6";"Avenue de la République";"49,24343200";"1,40319800"
"202300008906";"20";"03";"2023";"23:45";"5";"94";"94081";"2";"1";"2";"2";"Rue Edouard Til";"48,78793000";"2,38554400"
"202300008907";"23";"11";"2023";"13:40";"1";"31";"31555";"2";"1";"1";"3";"CHE DE LA FLAMBERE";"43,61709000";"1,39575000"
"202300008908";"20";"08";"2023";"15:05";"1";"04";"04178";"1";"1";"1";"2";"RD 113";"44,09086800";"5,79269200"
"202300008909";"11";"07";"2023";"12:36";"1";"73";"73179";"2";"2";"1";"3";"Rue des allobroges";"45,59722100";"5,87651100"
"202300008910";"24";"12";"2023";"19:40";"5";"13";"13210";"1";"1";"1";"6";"A50-Sens Aubagne vers Marseille";"43,28432000";"5,40470000"
"202300008911";"3";"06";"2023";"11:35";"1";"83";"83009";"2";"1";"1";"6";"CHEMIN DES ROUMPINAS";"43,14568100";"5,76507000"
"202300008912";"19";"11";"2023";"13:30";"1";"31";"31555";"2";"1";"1";"6";"SAINT SIMON (RTE DE) DU 276 AU 389";"43,59014270";"1,41606420"
"202300008913";"21";"03";"2023";"17:25";"1";"94";"94078";"2";"2";"1";"6";"Rue Fernand Pelloutier / Avenue de Valenton";"48,74013167";"2,45704174"
"202300008914";"8";"07";"2023";"05:50";"2";"01";"01249";"2";"1";"1";"3";"343 Route de Strasbourg";"45,86732900";"4,91283900"
"202300008915";"18";"08";"2023";"20:37";"2";"04";"04045";"2";"3";"1";"6";"Route des Pres";"43,85917900";"5,59863900"
"202300008916";"14";"08";"2023";"15:50";"1";"38";"38563";"2";"3";"1";"3";"LEPRINCE-RINGUET (RUE L.)";"45,38270745";"5,57774790"
"202300008917";"22";"11";"2023";"08:20";"1";"29";"29019";"2";"2";"1";"6";"98 boulevard de l'Europe";"48,41306300";" -4,49589100"
"202300008918";"21";"03";"2023";"15:00";"1";"94";"94078";"2";"1";"1";"2";"Avenue du Champ Saint-julien";"48,74776000";"2,46068000"
"202300008919";"16";"08";"2023";"12:30";"1";"85";"85234";"2";"6";"7";"3";"16 Rue des moulins";"46,78961500";" -2,07495700"
"202300008920";"10";"07";"2023";"13:45";"1";"81";"81271";"2";"3";"1";"3";"758 route de saint lieux";"43,77196500";"1,69767700"
"202300008921";"3";"06";"2023";"02:10";"5";"81";"81065";"2";"4";"1";"3";"VITTOZ (BD.RAYMOND)";"43,60222000";"2,24360000"
"202300008922";"22";"11";"2023";"18:20";"3";"27";"27681";"1";"1";"1";"6";"GISORS (ROUTE DE)";"49,11023600";"1,48985100"
"202300008923";"17";"09";"2023";"19:30";"3";"38";"38225";"1";"1";"1";"1";"département  106 meaudre";"45,10587900";"5,52972800"
"202300008924";"3";"07";"2023";"16:45";"1";"81";"81099";"2";"1";"1";"7";"Chemin des Perdrix";"43,91242500";"1,92304700"
"202300008925";"16";"08";"2023";"22:34";"3";"27";"27156";"1";"1";"1";"6";"D54";"48,80167000";"0,76482700"
"202300008926";"21";"03";"2023";"00:10";"5";"94";"94065";"1";"1";"1";"2";"N186B";"48,75325273";"2,35606366"
"202300008927";"3";"06";"2023";"19:40";"1";"78";"78517";"2";"1";"1";"6";"POMPIDOU (AVENUE GEORGES)";"48,63794500";"1,83405000"
"202300008928";"9";"07";"2023";"06:50";"1";"17";"17460";"1";"1";"1";"1";"RD 142";"45,69449000";" -0,76462300"
"202300008929";"23";"11";"2023";"19:35";"5";"27";"27229";"2";"6";"1";"6";"SEPTIEME CHASSEUR (RUE DU)";"49,02701000";"1,15136000"
"202300008930";"14";"08";"2023";"13:51";"1";"27";"27198";"1";"1";"1";"6";"D833 route fleurie";"48,85364700";"1,02417500"
"202300008931";"6";"09";"2023";"07:50";"1";"38";"38563";"2";"2";"1";"6";"PRAIRIES (RUE DES)";"45,36344000";"5,59134000"
"202300008932";"10";"07";"2023";"14:45";"1";"17";"17225";"1";"1";"1";"3";"D268";"45,74000500";" -1,16849900"
"202300008933";"23";"11";"2023";"16:15";"1";"26";"26198";"1";"1";"1";"6";"Boulevard Charles Andre";"44,52559914";"4,74426985"
"202300008934";"21";"03";"2023";"07:52";"1";"94";"94073";"2";"1";"2";"5";"Boulevard de Stalingrad";"48,76922800";"2,40229100"
"202300008935";"11";"07";"2023";"08:20";"1";"17";"17207";"1";"3";"1";"1";"D 102";"46,21659000";" -1,46049500"
"202300008936";"4";"06";"2023";"15:30";"1";"77";"77373";"2";"1";"7";"6";"CHE DES QUATRE CHENES";"48,77574000";"2,58651000"
"202300008937";"18";"08";"2023";"16:00";"1";"28";"28008";"1";"1";"1";"2";"rd 928";"48,55595000";"1,19593300"
"202300008938";"2";"09";"2023";"11:00";"1";"38";"38563";"2";"3";"1";"3";"BRUNERIE (AVENUE DE LA)";"45,38278996";"5,57769800"
"202300008939";"23";"11";"2023";"10:00";"1";"25";"25056";"2";"3";"1";"6";"DUCHAILLUT RUE LIEUTENANT";"47,25347300";"6,02947800"
"202300008940";"10";"07";"2023";"17:50";"1";"86";"86115";"2";"3";"1";"3";"D20";"46,69296800";"0,37502600"
"202300008941";"20";"08";"2023";"11:20";"1";"17";"17466";"1";"1";"1";"3";"D107 - RUE DES GUES";"46,17840400";" -0,93819400"
"202300008942";"4";"06";"2023";"16:30";"1";"77";"77371";"2";"1";"7";"6";"ECLUSES (RUE DES)";"48,81380900";"2,99552000"
"202300008943";"21";"03";"2023";"09:20";"1";"94";"94002";"2";"2";"2";"3";"Rue Louis Blanc / Rue Paul Vaillant Couturier";"48,80629000";"2,41850000"
"202300008944";"23";"09";"2023";"03:15";"3";"29";"29165";"1";"2";"1";"3";"Lieu Dit Quelarn";"47,82146100";" -4,25230400"
"202300008945";"23";"11";"2023";"08:30";"1";"25";"25056";"2";"5";"1";"6";"place de la liberté";"47,24757000";"6,02833000"
"202300008946";"8";"07";"2023";"10:40";"1";"85";"85035";"2";"1";"1";"1";"Avenue de la corniche";"46,63047800";" -1,87947600"
"202300008947";"17";"08";"2023";"16:50";"1";"87";"87117";"2";"1";"1";"7";"d222";"45,80182000";"1,84345000"
"202300008948";"21";"03";"2023";"20:30";"5";"93";"93039";"2";"1";"1";"6";"Quai du Châtelier";"48,92446118";"2,33343216"
"202300008949";"4";"06";"2023";"10:00";"1";"72";"72003";"2";"1";"1";"1";"BEAU SOLEIL (RUE DE)";"47,95596000";"0,16667000"
"202300008950";"17";"08";"2023";"10:25";"1";"37";"37050";"2";"1";"1";"3";"7 Rue Rolland Pilain";"47,34052700";"0,70628600"
"202300008951";"9";"06";"2023";"07:40";"1";"22";"22136";"1";"1";"2";"1";"D778";"48,16077500";" -2,72702300"
"202300008952";"23";"11";"2023";"08:39";"1";"14";"14536";"1";"1";"8";"3";"D580";"49,41243000";"0,28287000"
"202300008953";"11";"07";"2023";"15:15";"1";"29";"29001";"1";"1";"2";"5";"D791";"48,26299590";" -4,30747665"
"202300008954";"3";"06";"2023";"15:12";"1";"69";"69256";"2";"2";"1";"3";"Rue Emile Zola";"45,77733000";"4,91970000"
"202300008955";"21";"03";"2023";"19:00";"5";"93";"93066";"2";"2";"1";"3";"Rue des Fillettes / Avenue de la Métallurgie";"48,90902840";"2,36563727"
"202300008956";"20";"08";"2023";"02:30";"5";"30";"30033";"2";"1";"1";"6";"Chemin de l?Esquillon";"43,71758200";"4,31600700"
"202300008957";"7";"07";"2023";"14:00";"1";"22";"22162";"2";"1";"1";"7";"48 Rue des 8 Patriotes";"48,78174100";" -3,04767100"
"202300008958";"23";"11";"2023";"07:50";"1";"13";"13208";"2";"1";"1";"2";"CLOT BEY (AVENUE)";"43,25594000";"5,38167000"
"202300008959";"31";"12";"2023";"13:15";"1";"974";"97407";"2";"9";"1";"1";"LONDRES (RUE)";" -20,94290000";"55,29530000"
"202300008960";"3";"06";"2023";"16:20";"1";"64";"64483";"2";"1";"1";"3";"THIERS ADOLPHE (BOULEVARD)";"43,39040000";" -1,65906000"
"202300008961";"16";"08";"2023";"03:20";"5";"30";"30037";"2";"1";"1";"6";"Route de Revety";"44,27710500";"4,13294500"
"202300008962";"22";"11";"2023";"17:15";"5";"13";"13204";"2";"1";"1";"6";"HENRI BARBUSSE (RUE)";"43,30000000";"5,40000000"
"202300008963";"21";"03";"2023";"15:00";"1";"93";"93048";"2";"3";"1";"1";"Boulevard de la Boissière / Rue Edouard Branly";"48,87686000";"2,46511000"
"202300008964";"31";"12";"2023";"21:57";"3";"973";"97302";"1";"1";"1";"2";"COLLERY (ZONE INDUSTRIELLE)";"4,90349000";" -52,31629000"
"202300008965";"4";"06";"2023";"12:00";"1";"59";"59332";"2";"1";"1";"6";"TOURNAI (RUE DE)";"50,66728000";"3,21126000"
"202300008966";"8";"07";"2023";"11:50";"1";"59";"59557";"1";"1";"1";"5";"AUTOROUTE A2";"50,35063170";"3,57725100"
"202300008967";"19";"08";"2023";"01:20";"3";"30";"30248";"1";"2";"1";"3";"D982";"43,98580600";"4,27213700"
"202300008968";"31";"12";"2023";"01:39";"3";"2B";"2B033";"1";"1";"1";"7";"ST FLORENT-ANCIENNE RT DE";"42,68127000";"9,39946000"
"202300008969";"21";"03";"2023";"18:20";"1";"93";"93006";"2";"1";"1";"3";"Rue des Loriettes";"48,87188000";"2,41942100"
"202300008970";"10";"07";"2023";"21:15";"2";"75";"75114";"1";"1";"1";"6";"A6A";"48,81899400";"2,33117000"
"202300008971";"22";"11";"2023";"11:50";"1";"10";"10357";"2";"9";"7";"2";"ROCADE EST (RD 610)";"48,29564700";"4,13734500"
"202300008972";"31";"12";"2023";"17:00";"1";"971";"97101";"1";"1";"1";"7";"RN1 ROCADE DE CHAUVEL";"16,23902030";" -61,52378082"
"202300008973";"4";"06";"2023";"17:35";"1";"59";"59636";"2";"1";"1";"7";"BONDUES RUE DE";"50,69635000";"3,06628000"
"202300008974";"21";"03";"2023";"20:00";"5";"93";"93079";"2";"1";"1";"6";"Rue Pasteur";"48,96085400";"2,35165300"
"202300008975";"17";"08";"2023";"16:20";"1";"48";"48065";"1";"1";"7";"1";"N/A";"44,21577000";"3,52897700"
"202300008976";"13";"10";"2023";"16:17";"1";"06";"06069";"2";"1";"1";"6";"CAPUCINS (CHEMIN ET IMPASSE DES)";"43,65212000";"6,92987000"
"202300008977";"31";"12";"2023";"05:50";"2";"971";"97101";"1";"1";"1";"2";"RN1 ROCADE DE CHAUVEL";"16,23599000";" -61,52320000"
"202300008978";"10";"07";"2023";"17:05";"1";"91";"91228";"1";"1";"1";"4";"AUTOROUTE A6";"48,62418000";"2,41915000"
"202300008979";"20";"03";"2023";"17:05";"1";"93";"93057";"2";"1";"1";"6";"Avenue Aristide Briand";"48,90766920";"2,49332920"
"202300008980";"4";"06";"2023";"12:00";"1";"54";"54431";"1";"9";"1";"3";"Rue du Bois le Prêtre";"48,92157000";"6,04018000"
"202300008981";"19";"08";"2023";"03:50";"3";"48";"48070";"1";"1";"1";"6";"D985";"44,79834100";"3,62606300"
"202300008982";"31";"12";"2023";"02:50";"5";"971";"97113";"1";"1";"1";"7";"GRAND BAIE ( RN4)";"16,21822000";" -61,51276000"
"202300008983";"21";"11";"2023";"10:20";"1";"06";"06069";"2";"1";"1";"6";"GRAND CHENE (CHEMIN DU)";"43,66667000";"6,91667000"
"202300008984";"10";"07";"2023";"19:00";"1";"91";"91161";"1";"1";"1";"2";"AUTOROUTE A6";"48,69896000";"2,31265000"
"202300008985";"31";"12";"2023";"14:57";"1";"2A";"2A004";"2";"1";"1";"3";"DIAMANT I RCE AV PASCAL ROSSINI";"41,91695202";"8,73679563"
"202300008986";"16";"08";"2023";"11:30";"1";"08";"08218";"1";"1";"1";"3";"N/A";"49,86920000";"4,84341500"
"202300008987";"22";"11";"2023";"09:35";"1";"06";"06027";"2";"1";"1";"6";"ALPES AVENUE DES";"43,66220000";"7,13222000"
"202300008988";"21";"03";"2023";"16:25";"1";"92";"92033";"2";"3";"1";"3";"DIX NEUF JANVIER";"48,84998600";"2,19777700"
"202300008989";"10";"07";"2023";"16:40";"1";"91";"91377";"2";"2";"1";"2";"RN20";"48,72988000";"2,30042000"
"202300008990";"20";"08";"2023";"17:30";"1";"88";"88426";"2";"1";"1";"7";"Rue du Ballon d'Alsace";"47,83664500";"6,83454800"
"202300008991";"30";"12";"2023";"17:55";"2";"95";"95280";"2";"7";"1";"3";"D47A";"49,01118077";"2,48385832"
"202300008992";"21";"03";"2023";"02:40";"3";"92";"92051";"2";"1";"1";"6";"CHARLES DE GAULLE (AVENUE,N°118 A 192 +";"48,88263572";"2,26741299"
"202300008993";"23";"11";"2023";"11:30";"1";"06";"06004";"1";"1";"1";"6";"VAUTRIN BD DU GENERAL";"43,58395300";"7,11819000"
"202300008994";"10";"07";"2023";"18:30";"1";"91";"91286";"1";"1";"1";"3";"AUTOROUTE A6";"48,65744000";"2,37643000"
"202300008995";"16";"08";"2023";"12:15";"1";"68";"68252";"1";"1";"1";"2";"RD83";"48,15338200";"7,37459400"
"202300008996";"31";"12";"2023";"18:20";"5";"95";"95428";"2";"1";"1";"6";"CHARLES DE GAULLE (AVENUE DE)";"48,97349500";"2,31083500"
"202300008997";"21";"03";"2023";"07:06";"1";"92";"92050";"2";"3";"2";"6";"FONTANOT RUE DES TROIS";"48,89567167";"2,22208411"
"202300008998";"22";"11";"2023";"18:30";"5";"05";"05061";"2";"1";"1";"4";"COMMANDANT DUMONT ( AVENUE)";"44,56902000";"6,08331000"
"202300008999";"9";"07";"2023";"12:03";"1";"78";"78498";"1";"1";"2";"5";"A13";"48,90572700";"2,00514800"
"202300009000";"20";"08";"2023";"13:38";"1";"10";"10240";"1";"1";"1";"6";"A5";"48,27135400";"3,93605600"
"202300009001";"30";"12";"2023";"11:35";"1";"84";"84087";"2";"9";"7";"6";"GAULLE (AVENUE CHARLES DE)";"44,13600000";"4,80400000"
"202300009002";"8";"07";"2023";"19:17";"1";"78";"78498";"1";"1";"1";"3";"A13";"48,91444000";"2,00557000"
"202300009003";"22";"11";"2023";"07:44";"1";"05";"05061";"2";"1";"1";"6";"GEORGES POMPIDOU ( BD)";"44,55636000";"6,07923000"
"202300009004";"18";"08";"2023";"17:10";"1";"24";"24086";"1";"1";"1";"7";"combe longue";"44,79454400";"1,13517500"
"202300009005";"21";"03";"2023";"17:15";"1";"92";"92026";"2";"1";"1";"3";"GEORGES CLEMENCEAU";"48,90282815";"2,27320218"
"202300009006";"8";"07";"2023";"01:50";"3";"78";"78322";"1";"1";"1";"6";"RN12";"48,78705000";"2,14857000"
"202300009007";"31";"12";"2023";"18:40";"5";"83";"83034";"2";"9";"1";"1";"AVENUE DE FONT BRUN";"43,08537000";"6,09948000"
"202300009008";"20";"11";"2023";"18:30";"5";"03";"03310";"2";"1";"2";"6";"Avenue des Célestins";"46,12250000";"3,42797000"
"202300009009";"10";"07";"2023";"02:43";"3";"95";"95572";"1";"1";"1";"1";"A15";"49,03327000";"2,11153000"
"202300009010";"21";"08";"2023";"04:51";"3";"45";"45036";"1";"1";"1";"7";"A77 PR 54 + 511";"47,76661800";"2,71576900"
"202300009011";"20";"03";"2023";"07:40";"1";"92";"92025";"2";"1";"1";"6";"GABRIEL PERI (RUE)";"48,92314448";"2,25123435"
"202300009012";"30";"12";"2023";"09:45";"1";"83";"83069";"2";"1";"1";"3";"SERE DE RIVIERE (RUE)";"43,11836000";"6,12234000"
"202300009013";"10";"07";"2023";"09:15";"1";"94";"94069";"1";"1";"1";"2";"A4";"48,81743988";"2,42118259"
"202300009014";"19";"08";"2023";"11:30";"1";"03";"03104";"1";"1";"1";"2";"Autoroute A71, PK307+200, sens 1";"46,34894900";"2,84033100"
"202300009015";"23";"11";"2023";"17:45";"2";"75";"75117";"2";"1";"1";"3";"PORTE D ASNIERES";"48,89261000";"2,30246200"
"202300009016";"21";"03";"2023";"11:05";"1";"92";"92019";"2";"1";"1";"6";"RENOIR AUGUSTE (ALLEE)";"48,76505788";"2,26496726"
"202300009017";"20";"08";"2023";"13:45";"1";"65";"65389";"1";"1";"1";"6";"A64 ";"43,10667000";"0,46603400"