"Num_Acc";"jour";"mois";"an";"hrmn";"lum";"dep";"com";"agg";"int";"atm";"col";"adr";"lat";"long"
"202300009217";"11";"09";"2023";"16:00";"1";"42";"42095";"2";"1";"7";"6";"Rue Verdié";"45,38972489";"4,28416014"
"202300009218";"11";"07";"2023";"11:50";"1";"26";"26116";"2";"1";"1";"1";"Avenue des Dolia";"44,43885100";"4,71286100"
"202300009219";"21";"03";"2023";"09:40";"1";"94";"94073";"1";"1";"1";"2";"A86";"48,77122081";"2,38978389"
"202300009220";"30";"12";"2023";"13:50";"1";"54";"54274";"2";"1";"1";"1";"Rue de la République";"48,66879958";"6,20775282"
"202300009221";"15";"08";"2023";"21:30";"3";"07";"07156";"1";"1";"1";"6";"departementale 536";"44,67107414";"4,28713091"
"202300009222";"29";"12";"2023";"20:00";"5";"52";"52121";"2";"1";"1";"6";"REPUBLIQUE (AVENUE)";"48,10395000";"5,14376000"
"202300009223";"21";"03";"2023";"09:25";"1";"94";"94018";"1";"1";"1";"4";"A4";"48,81980862";"2,40430844"
"202300009224";"20";"09";"2023";"20:20";"5";"38";"38421";"2";"3";"1";"3";"AVENUE GABRIEL PÉRI";"45,18212660";"5,77808709"
"202300009225";"30";"12";"2023";"19:40";"5";"33";"33069";"2";"1";"1";"6";"Avenue d'Eysines";"44,85962000";" -0,60803000"
"202300009226";"18";"08";"2023";"08:40";"1";"69";"69206";"1";"3";"1";"3";"Route Départementale 306";"46,04970899";"4,72207808"
"202300009227";"7";"09";"2023";"10:15";"1";"38";"38053";"2";"1";"1";"6";"REPUBLIQUE";"45,58500000";"5,27300000"
"202300009228";"20";"03";"2023";"11:10";"1";"93";"93073";"2";"3";"1";"1";"Rue de l'Orme Benoit / Rue de l'Estrelle";"48,97796000";"2,56298000"
"202300009229";"17";"08";"2023";"14:30";"1";"69";"69032";"1";"1";"1";"1";"Route de Paris";"45,84383395";"4,57947313"
"202300009230";"14";"09";"2023";"20:30";"5";"35";"35288";"2";"6";"1";"6";"JUIN MARECHAL  (AVENUE)";"48,64903000";" -1,97716000"
"202300009231";"30";"12";"2023";"20:20";"5";"31";"31555";"2";"3";"1";"3";"AV DE MURET";"43,59083000";"1,43303000"
"202300009232";"18";"03";"2023";"07:40";"2";"76";"76351";"2";"1";"2";"6";"HUIT MAI 1945 (AVENUE DU)";"49,51576000";"0,17093000"
"202300009233";"16";"08";"2023";"08:35";"1";"65";"65006";"1";"1";"1";"7";"hourquette d'ancizan";"42,91018000";"0,28687300"
"202300009234";"20";"09";"2023";"12:10";"1";"33";"33249";"2";"6";"1";"3";"Rue François Villon";"44,87135000";" -0,51640000"
"202300009235";"13";"08";"2023";"12:20";"1";"65";"65059";"1";"1";"1";"3";"RD 918 - Lieu-dit LA MONGIE - PR 045.100";"42,91053300";"0,17573800"
"202300009236";"18";"03";"2023";"11:30";"1";"973";"97302";"2";"1";"1";"2";"14 ET 22 JUIN 1962";"4,93451124";" -52,32724750"
"202300009237";"20";"09";"2023";"19:45";"1";"31";"31555";"2";"1";"1";"6";"Avenue Jacques Chirac";"43,60692000";"1,47317000"
"202300009238";"17";"03";"2023";"22:00";"5";"973";"97302";"2";"1";"1";"3";"CABASSOU (ROUTE DE)";"4,92030000";" -52,32047000"
"202300009239";"18";"08";"2023";"14:50";"1";"46";"46070";"1";"1";"1";"6";"AUTOROUROUTE A20 PK 370+000 SENS PARIS - TOUTE";"44,37656738";"1,50748602"
"202300009240";"30";"12";"2023";"18:30";"5";"22";"22360";"2";"1";"2";"1";"SEGUIN (RUE MARC)";"48,48582000";" -2,71617000"
"202300009241";"20";"09";"2023";"11:57";"1";"31";"31483";"1";"1";"1";"6";"GAULLE (BOULEVARD CHARLES DE)";"43,10923000";"0,72371000"
"202300009242";"20";"03";"2023";"17:30";"1";"69";"69383";"1";"3";"1";"1";"80 Rue du Dauphiné";"45,75263552";"4,86882820"
"202300009243";"20";"09";"2023";"13:45";"1";"30";"30007";"2";"1";"1";"7";"Chemin des Sports";"44,11209000";"4,09291000"
"202300009244";"20";"08";"2023";"13:30";"1";"31";"31324";"2";"1";"1";"3";"La Riviere";"43,18300100";"0,97402800"
"202300009245";"20";"03";"2023";"18:10";"1";"69";"69383";"2";"1";"1";"4";"Pont Lafayette";"45,76355000";"4,84031000"
"202300009246";"17";"08";"2023";"18:40";"1";"17";"17452";"2";"1";"7";"4";"D25";"45,79252900";" -1,17844500"
"202300009247";"11";"08";"2023";"21:30";"5";"17";"17452";"2";"1";"1";"7";"74 Rue Bouffard";"45,76241700";" -1,15096200"
"202300009248";"20";"08";"2023";"12:54";"1";"27";"27681";"1";"1";"1";"7";"EVREUX (ROUTE D')";"49,07691000";"1,46337000"
"202300009249";"20";"03";"2023";"08:30";"1";"972";"97213";"1";"1";"3";"2";"ROUTE NATIONALE 1";"14,61422200";" -61,01032500"
"202300009250";"20";"08";"2023";"08:00";"1";"17";"17240";"1";"1";"7";"2";"Allée du Lac";"45,27347100";" -0,40227800"
"202300009251";"19";"03";"2023";"11:50";"1";"972";"97213";"1";"1";"1";"6";"VIEUX CHEMIN CALIFORNIE (RUE DU)";"14,62158000";" -61,03284000"
"202300009252";"20";"09";"2023";"19:47";"1";"27";"27229";"2";"1";"1";"3";"BART (RUE JEAN)";"49,02760000";"1,17131000"
"202300009253";"17";"08";"2023";"21:40";"3";"86";"86079";"1";"2";"1";"6";"voie communale 5";"46,96771200";"0,14876600"
"202300009254";"17";"03";"2023";"23:30";"5";"972";"97213";"1";"1";"1";"7";"AUTOROUTE A1";"14,61795000";" -61,03119000"
"202300009255";"20";"09";"2023";"20:25";"5";"25";"25056";"2";"1";"1";"6";"MIRABEAU RUE";"47,24959600";"6,05846100"
"202300009256";"19";"08";"2023";"11:38";"1";"33";"33293";"1";"1";"1";"6";"5 Route de la Poste";"44,87780600";" -0,41142900"
"202300009257";"21";"03";"2023";"00:30";"5";"69";"69382";"2";"1";"1";"4";"Quai Docteur Gailleton";"45,75110000";"4,83249000"
"202300009258";"24";"07";"2023";"13:30";"1";"33";"33492";"2";"2";"1";"3";"D250";"45,14241200";" -0,38673200"
"202300009259";"20";"09";"2023";"12:00";"1";"25";"25056";"2";"4";"1";"3";"PONTARLIER RUE DE";"47,23606000";"6,02997000"
"202300009260";"18";"03";"2023";"16:30";"1";"69";"69034";"2";"1";"1";"6";"47 Quai Clémenceau";"45,79587000";"4,83081000"
"202300009261";"17";"08";"2023";"10:50";"1";"33";"33284";"1";"1";"1";"6";"Route de Villemore";"44,54951200";" -0,98728800"
"202300009262";"19";"08";"2023";"19:15";"1";"33";"33436";"1";"1";"7";"3";"24 route de bordeaux";"44,54308800";" -0,64512500"
"202300009263";"20";"03";"2023";"14:58";"1";"2A";"2A004";"2";"1";"2";"4";"ROUTE DU STILETTO";"41,94608000";"8,76844000"
"202300009264";"16";"08";"2023";"18:00";"1";"85";"85226";"2";"1";"1";"6";"159 Avenue de la Foret";"46,71546300";" -1,97376800"
"202300009265";"20";"09";"2023";"17:30";"2";"22";"22106";"2";"1";"3";"4";"RN12";"48,50132000";" -2,72846000"
"202300009266";"20";"03";"2023";"14:00";"1";"2A";"2A004";"2";"1";"1";"3";"BONAPARTE LUCIEN  COURS";"41,91163000";"8,72227000"
"202300009267";"19";"08";"2023";"20:30";"1";"85";"85003";"1";"1";"1";"7";"la grelerie";"46,73812500";" -1,53274300"
"202300009268";"20";"09";"2023";"16:14";"1";"22";"22278";"2";"9";"2";"6";"SAINT-BENOIT (ET ESPACE)";"48,51484000";" -2,75720000"
"202300009269";"20";"03";"2023";"10:49";"1";"2A";"2A004";"2";"3";"1";"1";"MONT THABOR RUE DU";"41,93681000";"8,75728000"
"202300009270";"17";"03";"2023";"19:30";"2";"88";"88160";"2";"1";"1";"6";"5 Route de Jeuxey";"48,19317000";"6,45322000"
"202300009271";"19";"08";"2023";"00:00";"3";"49";"49301";"1";"1";"1";"6";"D158";"47,08904903";" -1,03638321"
"202300009272";"19";"09";"2023";"18:00";"1";"19";"19031";"2";"1";"1";"5";"ROCHE (RUE MARCELIN)";"45,16492000";"1,53100000"
"202300009273";"18";"03";"2023";"20:23";"5";"87";"87085";"2";"6";"1";"7";"FOCH (RUE DU MARECHAL)";"45,84464000";"1,23082000"
"202300009274";"20";"03";"2023";"12:15";"1";"85";"85191";"2";"3";"1";"6";"RD37 Rue abbé pierre arnaud";"46,67961000";" -1,42161000"
"202300009275";"20";"09";"2023";"12:00";"1";"13";"13103";"2";"2";"1";"3";"CHEMIN DU QUINTIN";"43,63489000";"5,09029000"
"202300009276";"20";"03";"2023";"19:32";"5";"79";"79191";"2";"3";"1";"2";"N/A";"46,32942000";" -0,45392000"
"202300009277";"20";"09";"2023";"21:07";"5";"13";"13211";"2";"3";"2";"2";"EMMANUEL ALLARD (RUE)";"43,29005188";"5,44103025"
"202300009278";"16";"03";"2023";"08:10";"1";"73";"73011";"2";"3";"1";"3";"CAMPING (AVENUE DU)";"45,67727130";"6,39516771"
"202300009279";"20";"09";"2023";"11:50";"1";"13";"13203";"2";"2";"8";"1";"DOCTEUR LÉON PERRIN (RUE)";"43,31500000";"5,38900000"
"202300009280";"20";"03";"2023";"17:03";"1";"64";"64445";"2";"6";"1";"3";"LEON BERARD";"43,31322000";" -0,36887000"
"202300009281";"20";"03";"2023";"00:10";"5";"64";"64102";"2";"9";"1";"6";"SAINT LEON (ROND POINT)";"43,48783000";" -1,48233000"
"202300009282";"20";"09";"2023";"07:30";"1";"13";"13216";"2";"1";"1";"2";"RUISSEAU MI (RUE)";"43,35016000";"5,34874000"
"202300009283";"19";"09";"2023";"21:58";"5";"13";"13206";"2";"9";"1";"3";"ROME (RUE DE)";"43,29087000";"5,38093000"
"202300009284";"20";"09";"2023";"18:50";"1";"12";"12145";"2";"2";"1";"3";"TARRAL JEAN (BOULEVARD)";"44,09636568";"3,06255296"
"202300009285";"19";"09";"2023";"18:45";"1";"10";"10340";"2";"1";"1";"4";"AUXERRE (ROUTE )";"48,26146469";"4,03488708"
"202300009286";"15";"09";"2023";"09:00";"1";"06";"06088";"2";"9";"1";"3";"NAPOLEON III (BD)";"43,67452600";"7,22108900"
"202300009287";"19";"09";"2023";"08:08";"1";"06";"06012";"2";"1";"1";"3";"GUYNEMER (BOULEVARD)";"43,75046200";"7,43042200"
"202300009288";"20";"09";"2023";"12:15";"1";"06";"06069";"2";"1";"8";"1";"SAINT LAURENT (AVENUE)";"43,67992000";"6,95438000"
"202300009289";"20";"09";"2023";"07:40";"2";"06";"06029";"2";"9";"1";"3";"BROUSSAILLES (AVENUE DES)";"43,56576000";"7,00653000"
"202300009290";"18";"09";"2023";"11:30";"1";"03";"03094";"1";"1";"1";"3";"Rue de Boutiron";"46,14695000";"3,42661000"
"202300009291";"19";"09";"2023";"17:45";"1";"75";"75112";"2";"1";"1";"3";"PORTE DE VINCENNES";"48,84315800";"2,41370700"
"202300009292";"20";"09";"2023";"16:39";"1";"75";"75113";"2";"1";"1";"5";"BD PERIPHERIQUE INTERIEUR";"48,81704500";"2,34840200"
"202300009293";"19";"09";"2023";"13:50";"1";"75";"75114";"2";"4";"1";"3";"BOULEVARD PERIPHERIQUE INTERIEUR SUD";"48,81922800";"2,32961400"
"202300009294";"19";"09";"2023";"17:50";"1";"75";"75120";"2";"1";"1";"6";"BOULEVARD MORTIER";"48,87206700";"2,40848500"
"202300009295";"19";"09";"2023";"14:40";"1";"75";"75120";"2";"3";"1";"6";"AVENUE GAMBETTA";"48,86969300";"2,40263600"
"202300009296";"20";"09";"2023";"06:05";"3";"75";"75118";"2";"3";"1";"6";"RUE DU MONT CENIS";"48,89121500";"2,34366200"
"202300009297";"20";"09";"2023";"13:20";"1";"75";"75117";"2";"1";"1";"3";"BOULEVARD DU FORT DE VAUX";"48,89321700";"2,30257200"
"202300009298";"19";"09";"2023";"17:15";"1";"75";"75116";"2";"1";"1";"1";"ALLEE DE LA REINE MARGUERITE";"48,86629000";"2,24715100"
"202300009299";"20";"09";"2023";"14:45";"1";"75";"75113";"2";"3";"1";"3";"BOULEVARD VINCENT AURIOL";"48,83270500";"2,36221100"
"202300009300";"20";"09";"2023";"01:45";"3";"75";"75113";"2";"3";"1";"6";"BOULEVARD VINCENT AURIOL";"48,83401500";"2,36470500"
"202300009301";"20";"09";"2023";"14:55";"1";"75";"75112";"2";"4";"1";"3";"AVENUE DE LA PORTE DE CHARENTON";"48,83079800";"2,39948200"
"202300009302";"20";"09";"2023";"15:10";"1";"75";"75112";"2";"7";"1";"1";"AVENUE DU POLYGONE";"48,83511500";"2,43138200"
"202300009303";"19";"09";"2023";"20:50";"5";"75";"75112";"2";"2";"1";"1";"QUAI DE LA RAPEE";"48,84339600";"2,37071200"
"202300009304";"19";"09";"2023";"15:20";"1";"75";"75112";"2";"2";"1";"6";"AVENUE LEDRU ROLLIN";"48,84961300";"2,37428700"
"202300009305";"20";"09";"2023";"16:00";"1";"75";"75111";"2";"3";"1";"3";"BOULEVARD RICHARD LENOIR";"48,86400800";"2,37067600"
"202300009306";"20";"09";"2023";"12:55";"1";"75";"75112";"2";"3";"1";"6";"RUE DU FAUBOURG SAINT ANTOINE";"48,85035700";"2,38134800"
"202300009307";"20";"09";"2023";"10:25";"1";"75";"75111";"2";"3";"8";"6";"BOULEVARD VOLTAIRE";"48,85216600";"2,38974500"
"202300009308";"20";"09";"2023";"13:32";"1";"75";"75110";"2";"7";"1";"1";"PLACE DU COLONEL FABIEN";"48,87765983";"2,37001115"
"202300009309";"20";"09";"2023";"12:50";"1";"94";"94068";"2";"1";"1";"6";"4 Boulevard du Général Giraud";"48,79872000";"2,47368000"
"202300009310";"10";"10";"2023";"09:15";"1";"94";"94046";"2";"1";"1";"3";"Avenue du Professeur Cadiot";"48,80383000";"2,43310000"
"202300009311";"18";"09";"2023";"17:50";"1";"94";"94011";"2";"6";"2";"3";"Avenue du Bicentenaire 1789 1989";"48,76578000";"2,48876000"
"202300009312";"20";"09";"2023";"11:05";"1";"94";"94022";"2";"1";"1";"3";"Avenue Léon Gourdault";"48,76304000";"2,40618000"
"202300009313";"20";"09";"2023";"10:00";"1";"94";"94002";"2";"9";"1";"6";"63 Rue Victor Hugo";"48,80413900";"2,42215300"
"202300009314";"20";"09";"2023";"22:20";"5";"93";"93071";"2";"5";"1";"3";"Avenue du Commandant Charcot / Avenue John Fitzgerald Kennedy";"48,93635000";"2,51532000"
"202300009315";"20";"09";"2023";"18:00";"1";"93";"93053";"2";"1";"1";"3";"Avenue du 18 Avril 1944";"48,88627000";"2,45689100"
"202300009316";"20";"09";"2023";"09:00";"1";"93";"93051";"2";"3";"1";"3";"Route de Neuilly / Rue de la Plaine";"48,85160000";"2,53393000"
"202300009317";"20";"09";"2023";"10:00";"1";"93";"93048";"2";"5";"1";"3";"Rue de Stalingrad / Rue Molière";"48,85765000";"2,44408000"
"202300009318";"20";"09";"2023";"18:10";"1";"93";"93029";"2";"1";"1";"1";"Avenue Henri Barbusse";"48,91800537";"2,44756159"
"202300009319";"20";"09";"2023";"18:28";"1";"92";"92075";"2";"1";"1";"6";"VICTOR HUGO (AVENUE)";"48,82405063";"2,28994846"
"202300009320";"20";"09";"2023";"12:50";"1";"92";"92064";"2";"1";"1";"3";"REPUBLIQUE";"48,85039000";"2,21344000"
"202300009321";"20";"09";"2023";"12:26";"1";"92";"92064";"2";"1";"1";"7";"ALPHONSE MOGUEZ";"48,85331907";"2,21760454"
"202300009322";"20";"09";"2023";"13:10";"1";"92";"92063";"2";"1";"1";"2";"RICHELIEU (BOULEVARD)";"48,86974000";"2,18530000"
"202300009323";"20";"09";"2023";"11:25";"1";"92";"92063";"2";"9";"1";"2";"MONTBRISON (RUE DU LIEUTENANT COLONEL DE";"48,86120701";"2,19570833"
"202300009324";"20";"09";"2023";"14:45";"1";"92";"92050";"2";"1";"1";"6";"JOILIOT CURIE F. ET IRENE AVENUE N°IMPAI";"48,89144158";"2,20786840"
"202300009325";"20";"09";"2023";"16:20";"1";"92";"92040";"2";"1";"1";"7";"HOCHE (ALLEE)";"48,82349949";"2,26967740"
"202300009326";"2";"10";"2023";"15:30";"1";"92";"92036";"2";"3";"1";"7";"MARCEL PAUL (AVENUE) (1/103)";"48,94263000";"2,30295000"
"202300009327";"18";"09";"2023";"20:00";"1";"92";"92036";"2";"1";"1";"2";"BAS (RUE DES) (78   +)";"48,91937762";"2,29001820"
"202300009328";"20";"09";"2023";"12:30";"1";"92";"92026";"2";"3";"1";"2";"COLOMBES";"48,90190039";"2,25619760"
"202300009329";"17";"09";"2023";"20:03";"2";"92";"92025";"2";"1";"1";"3";"HENRI BARBUSSE (AV)";"48,91937483";"2,25266978"
"202300009330";"19";"09";"2023";"23:19";"5";"92";"92046";"2";"2";"1";"1";"CAMELINAT";"48,81694210";"2,29406744"
"202300009331";"20";"09";"2023";"17:45";"1";"91";"91086";"2";"1";"1";"3";"Rue des Trois Parts";"48,61432800";"2,36899700"
"202300009332";"17";"09";"2023";"18:00";"1";"21";"21485";"1";"1";"1";"4";"A38";"47,33647400";"4,96940400"
"202300009333";"21";"09";"2023";"14:10";"1";"87";"87122";"1";"1";"3";"6";"A20";"46,05090500";"1,35769100"
"202300009334";"20";"09";"2023";"21:30";"3";"24";"24139";"1";"1";"1";"1";"A89";"45,14784500";"0,63145600"
"202300009335";"1";"09";"2023";"03:45";"3";"95";"95352";"1";"1";"2";"6";"D316";"49,10669100";"2,42644400"
"202300009336";"15";"09";"2023";"17:09";"1";"56";"56028";"1";"2";"1";"1";"Le Huet";"47,66780300";" -2,31253000"
"202300009337";"14";"09";"2023";"17:05";"1";"76";"76034";"1";"3";"1";"1";"Rue de Chamacourt";"49,72307500";"1,15038900"
"202300009338";"17";"09";"2023";"19:00";"2";"69";"69209";"1";"1";"1";"5";"Route de la Clayette";"46,26080900";"4,40062500"
"202300009339";"16";"06";"2023";"08:35";"1";"61";"61369";"2";"1";"1";"6";"D962";"48,64652800";" -0,62157700"
"202300009340";"20";"09";"2023";"23:50";"3";"61";"61153";"1";"1";"2";"6";"D924";"48,71813500";" -0,07679700"
"202300009341";"19";"09";"2023";"18:00";"1";"55";"55533";"2";"1";"1";"3";"Rue de Tusey";"48,61271100";"5,66929900"
"202300009342";"21";"09";"2023";"10:25";"1";"12";"12026";"1";"3";"1";"5";"Avenue Claude Salles";"44,39548900";"2,76500300"
"202300009343";"20";"09";"2023";"14:15";"1";"46";"46253";"1";"1";"1";"7";"Lieu Dit l?Estampe";"44,68484200";"1,48569700"
"202300009344";"21";"09";"2023";"06:50";"3";"29";"29079";"1";"1";"2";"6";"Kerveguen Huella";"48,63858000";" -3,92564400"
"202300009345";"21";"09";"2023";"17:00";"1";"15";"15268";"1";"1";"2";"6";"RD 20";"44,85704400";"2,24614600"
"202300009346";"8";"09";"2023";"00:10";"5";"06";"06079";"2";"1";"1";"6";"av de la mer";"43,53334600";"6,94623900"
"202300009347";"21";"09";"2023";"08:00";"1";"50";"50093";"1";"1";"2";"7";"Lieu Dit Hotel Caudel";"49,08813700";" -1,26305000"
"202300009348";"20";"09";"2023";"08:30";"1";"43";"43163";"1";"1";"1";"1";"D 503";"45,24387800";"4,43053700"
"202300009349";"20";"09";"2023";"18:27";"1";"40";"40273";"1";"3";"1";"2";"1110 Route de l'Adour";"43,52118900";" -1,38205600"
"202300009350";"19";"09";"2023";"19:35";"1";"85";"85006";"1";"1";"1";"6";"16 Route de saint-paul";"46,77890900";" -1,76497630"
"202300009351";"13";"09";"2023";"09:30";"1";"37";"37280";"1";"1";"1";"1";"La Henauderie";"47,10359400";"0,85699800"
"202300009352";"24";"08";"2023";"16:15";"1";"08";"08283";"1";"1";"1";"6";"D987";"49,62177600";"4,61198300"
"202300009353";"21";"09";"2023";"08:59";"1";"974";"97415";"2";"1";"1";"1";"27 Rue Joseph Hubert - Saint Gilles Les Hauts";" -21,04723900";"55,26723600"
"202300009354";"20";"09";"2023";"14:40";"1";"68";"68242";"1";"1";"1";"2";"A 35 PK 77.700";"47,97891893";"7,37421155"
"202300009355";"20";"09";"2023";"12:55";"1";"31";"31424";"1";"1";"1";"1";"Route de Lamasquère";"43,53687400";"1,28042700"
"202300009356";"21";"09";"2023";"07:20";"1";"55";"55122";"2";"2";"1";"3";"avenue de verdun";"48,75894700";"5,58332900"
"202300009357";"20";"09";"2023";"21:00";"3";"06";"06104";"1";"4";"2";"2";"A8, PK 214+300 , sens FRANCE-ITALIE";"43,76106000";"7,44666000"
"202300009358";"21";"09";"2023";"00:00";"3";"34";"34135";"1";"1";"1";"2";"A9 point kilométrique 170+314";"43,27792400";"3,18427600"
"202300009359";"21";"09";"2023";"17:40";"1";"976";"97617";"1";"1";"1";"1";"route de coconi";" -12,79849900";"45,12896100"
"202300009360";"21";"09";"2023";"09:10";"1";"91";"91111";"1";"9";"3";"3";"A10 PK 008.200 DIRECTION PARIS";"48,62310700";"2,13542700"
"202300009361";"19";"09";"2023";"12:15";"1";"988";"98817";"2";"2";"3";"3";"Rue de la Tribu de Saint Louis/RPS1";" -22,23177500";"166,54593800"
"202300009362";"20";"09";"2023";"17:55";"2";"971";"97117";"1";"1";"1";"3";"Route d?Angerville";"16,30546800";" -61,42926100"
"202300009363";"16";"09";"2023";"21:45";"3";"91";"91482";"1";"7";"1";"6";"D24";"48,65125500";"2,03282700"
"202300009364";"20";"09";"2023";"09:25";"1";"78";"78575";"2";"1";"1";"2";"74 Avenue du Général Leclerc";"48,70664200";"2,06260800"
"202300009365";"16";"09";"2023";"16:20";"1";"67";"67104";"1";"1";"1";"7";"Fort de Schoenenbourg";"48,96871700";"7,90908300"
"202300009366";"21";"09";"2023";"02:50";"4";"54";"54053";"2";"1";"1";"6";"Route d'Einville";"48,67337900";"6,52518700"
"202300009367";"20";"09";"2023";"18:50";"1";"57";"57032";"2";"1";"1";"4";"Rue du Bois le Prêtre";"49,07490300";"6,07478000"
"202300009368";"14";"09";"2023";"18:00";"2";"69";"69040";"2";"6";"1";"6";"Chemin du Tronchon";"45,80151302";"4,78500085"
"202300009369";"21";"09";"2023";"17:52";"1";"64";"64422";"2";"6";"3";"3";"Boulevard Francois Mitterrand";"43,18453800";" -0,62212800"
"202300009370";"13";"09";"2023";"10:00";"1";"33";"33243";"2";"1";"1";"6";"Cours Tourny";"44,91304500";" -0,24063200"
"202300009371";"21";"09";"2023";"07:30";"2";"14";"14258";"2";"6";"8";"6";"D658";"48,90289400";" -0,20407900"
"202300009372";"20";"09";"2023";"08:24";"2";"59";"59256";"1";"1";"8";"3";"M145";"50,56426000";"3,12694100"
"202300009373";"19";"09";"2023";"19:17";"1";"59";"59256";"2";"1";"1";"3";"Rue du Mont de Sainghin";"50,58216900";"3,13186900"
"202300009374";"20";"09";"2023";"01:10";"3";"69";"69290";"1";"1";"1";"6";"Autoroute 43";"45,71444528";"4,94418000"
"202300009375";"15";"09";"2023";"22:30";"5";"59";"59599";"1";"1";"1";"4";"ROUTE DEPARTEMENTALE 656";"50,69555000";"3,14783000"
"202300009376";"19";"09";"2023";"08:10";"1";"59";"59350";"1";"1";"1";"5";"ROUTE NATIONALE 356";"50,62184000";"3,08303000"
"202300009377";"20";"09";"2023";"17:50";"1";"75";"75113";"1";"1";"1";"3";"A6B";"48,81630481";"2,36078148"
"202300009378";"20";"09";"2023";"16:10";"1";"78";"78321";"1";"1";"1";"6";"RN12 INT";"48,79868100";"1,91517900"
"202300009379";"20";"09";"2023";"08:54";"1";"92";"92012";"1";"1";"1";"2";"A13";"48,84817532";"2,23384674"
"202300009380";"20";"09";"2023";"17:50";"1";"93";"93053";"1";"1";"1";"2";"AUTOROUTE A86";"48,90368296";"2,46667840"
"202300009381";"29";"04";"2023";"23:59";"3";"82";"82033";"1";"1";"2";"6";"SAINT AIGNAN (ROUTE DE) ";"44,02350000";"1,08078000"
"202300009382";"18";"04";"2023";"19:35";"1";"82";"82033";"1";"1";"1";"6";"Route de Lafrançaise d45";"44,05771000";"1,13074000"
"202300009383";"15";"04";"2023";"04:42";"3";"82";"82115";"1";"1";"2";"6";"Route de Vaissac";"44,01916000";"1,58373700"
"202300009384";"19";"09";"2023";"11:00";"1";"974";"97416";"2";"1";"1";"6";"LORION(RUE LUC)";" -21,33052000";"55,47241000"
"202300009385";"18";"09";"2023";"20:35";"5";"974";"97416";"2";"1";"1";"6";"BANK (BOULEVARD)";" -21,33031000";"55,47375000"
"202300009386";"19";"09";"2023";"06:15";"1";"974";"97411";"2";"9";"1";"3";"JAURES (BLD 1 JEAN)";" -20,88988000";"55,45285000"
"202300009387";"19";"09";"2023";"08:15";"1";"973";"97302";"2";"2";"1";"3";"FELIX EBOUE(ROCADE)";"4,92958409";" -52,31511086"
"202300009388";"19";"09";"2023";"06:57";"1";"973";"97302";"2";"3";"1";"3";"EAU-LISETTE (CITE)";"4,92912000";" -52,32115000"
"202300009389";"18";"09";"2023";"22:10";"5";"973";"97302";"2";"3";"1";"5";"LIBERTE (AVENUE DE LA)";"4,93670793";" -52,32780308"
"202300009390";"18";"09";"2023";"20:33";"5";"973";"97302";"2";"1";"1";"6";"MONT LUCAS  2 (CITE)";"4,92458000";" -52,30016000"
"202300009391";"19";"09";"2023";"14:40";"1";"69";"69387";"2";"1";"1";"4";"Boulevard des Tchécoslovaques";"45,74177000";"4,85700000"
"202300009392";"19";"09";"2023";"09:40";"1";"69";"69383";"2";"9";"1";"6";"Boulevard Marius Vivier-Merle";"45,76093000";"4,85788000"
"202300009393";"19";"09";"2023";"07:48";"1";"972";"97209";"1";"6";"1";"3";"BISHOP (Avenue Maurice)";"14,61390000";" -61,05160000"
"202300009394";"19";"09";"2023";"14:25";"1";"2B";"2B033";"2";"3";"1";"2";"ROUTE ROYALE";"42,67736000";"9,43394000"
"202300009395";"19";"09";"2023";"06:15";"1";"971";"97113";"1";"1";"1";"3";"Section Port Blanc";"16,23193666";" -61,45603895"
"202300009396";"19";"09";"2023";"00:30";"5";"971";"97101";"1";"9";"1";"2";"RN1-  HAUTEUR DE SORTIE LAURICISQUE";"16,25289000";" -61,53329000"
"202300009397";"19";"09";"2023";"13:25";"1";"91";"91201";"2";"1";"1";"6";"BD HENRI BARBUSSE";"48,66503900";"2,41908900"
"202300009398";"19";"09";"2023";"07:25";"1";"91";"91223";"2";"1";"1";"6";"MAI 1945 (AVENUE DU 8)";"48,43740000";"2,16303000"
"202300009399";"18";"09";"2023";"12:31";"1";"87";"87085";"2";"1";"1";"7";"FRACHON ( ave Benoit)";"45,85064000";"1,29830000"
"202300009400";"19";"09";"2023";"10:52";"1";"85";"85194";"2";"6";"8";"3";"Boulevard du vendée globe";"46,50202000";" -1,75908000"
"202300009401";"13";"09";"2023";"17:00";"1";"84";"84035";"2";"9";"1";"2";"VERDUN (AVENUE DE)";"43,83156000";"5,03928000"
"202300009402";"19";"09";"2023";"14:42";"1";"83";"83090";"2";"3";"1";"2";"RESISTANCE (AVE DE LA)";"43,13320000";"5,84608000"
"202300009403";"19";"09";"2023";"20:20";"5";"77";"77243";"2";"6";"1";"3";"JACQUES LEPAIRE  (RUE   )";"48,87818000";"2,70148000"
"202300009404";"18";"09";"2023";"14:00";"1";"76";"76329";"1";"1";"2";"1";"RD 487";"49,54495000";"0,49486000"
"202300009405";"18";"09";"2023";"17:40";"1";"71";"71306";"2";"6";"1";"3";"MARECHAL LECLERC (AVENUE DU)";"46,68117000";"4,37015000"
"202300009406";"13";"09";"2023";"17:00";"1";"69";"69264";"2";"6";"1";"3";"Avenue de l’Europe";"45,99810000";"4,73899000"
"202300009407";"17";"09";"2023";"01:34";"3";"67";"67180";"1";"9";"1";"7";"MARIENTHAL (ROUTE DE)";"48,79907000";"7,81926000"
"202300009408";"18";"09";"2023";"11:01";"1";"66";"66136";"2";"1";"1";"6";"N/A";"42,68669949";"2,90737510"
"202300009409";"16";"09";"2023";"17:47";"1";"66";"66136";"2";"3";"1";"3";"N/A";"42,72472000";"2,88193000"