"Num_Acc";"jour";"mois";"an";"hrmn";"lum";"dep";"com";"agg";"int";"atm";"col";"adr";"lat";"long"
"202300009410";"15";"09";"2023";"12:06";"1";"66";"66136";"2";"1";"1";"6";"N/A";"42,69067000";"2,90118000"
"202300009411";"19";"09";"2023";"12:15";"1";"64";"64260";"2";"5";"1";"3";"BEHOBIE (RUE DE)";"43,34963000";" -1,77493000"
"202300009412";"19";"09";"2023";"12:40";"1";"64";"64445";"2";"3";"1";"3";"TOURASSE";"43,31130000";" -0,35418000"
"202300009413";"18";"09";"2023";"10:15";"1";"64";"64122";"2";"6";"1";"3";"ROND POINT DE L EUROPE";"43,48073000";" -1,54088000"
"202300009414";"18";"09";"2023";"06:50";"5";"64";"64102";"2";"6";"1";"3";"LEGION TCHEQUE (AVENUE DE LA)";"43,49383000";" -1,49187000"
"202300009415";"18";"09";"2023";"21:35";"5";"62";"62178";"2";"2";"1";"3";"Avenue Augustin Flament";"50,47070762";"2,55630720"
"202300009416";"15";"09";"2023";"16:35";"1";"57";"57672";"2";"2";"1";"3";"FOCH (BOULEVARD)";"49,35844000";"6,16122000"
"202300009417";"18";"09";"2023";"13:17";"1";"54";"54339";"2";"2";"1";"3";"Rue de la République";"48,70898000";"6,18468000"
"202300009418";"17";"09";"2023";"13:20";"1";"49";"49099";"2";"2";"1";"6";"TURBAUDIERES (BOULEVARD DES )";"47,04641000";" -0,89591000"
"202300009419";"19";"09";"2023";"11:50";"1";"49";"49007";"2";"2";"1";"6";"AYRAULT";"47,47594000";" -0,55001000"
"202300009420";"18";"09";"2023";"13:02";"1";"49";"49007";"2";"6";"1";"3";"VISITATION PLACE";"47,46641000";" -0,55724000"
"202300009421";"19";"09";"2023";"13:45";"1";"47";"47031";"2";"6";"1";"2";"Avenue de Bigorre";"44,17595000";"0,63543000"
"202300009422";"19";"09";"2023";"07:45";"1";"47";"47001";"2";"6";"1";"2";"STALINGRAD (AVENUE DE )";"44,20875042";"0,62855981"
"202300009423";"19";"09";"2023";"15:45";"1";"37";"37261";"2";"1";"1";"6";"BUNEL (RUE JACOB)";"47,37606000";"0,68929000"
"202300009424";"19";"09";"2023";"17:55";"1";"35";"35238";"2";"1";"1";"6";"JANVIER (AVENUE JEAN)";"48,10950000";" -1,67390000"
"202300009425";"14";"09";"2023";"17:00";"1";"34";"34172";"2";"2";"1";"3";"HENRI (RUE)";"43,61720000";"3,88074000"
"202300009426";"19";"09";"2023";"21:50";"5";"33";"33063";"2";"1";"1";"3";"Cours Georges Clémenceau";"44,84453000";" -0,57851000"
"202300009427";"19";"09";"2023";"08:50";"1";"31";"31069";"2";"1";"1";"1";"BD DE L'EUROPE";"43,65243800";"1,37424500"
"202300009428";"19";"09";"2023";"04:40";"3";"29";"29232";"1";"6";"1";"6";"Rond-Point Gutenberg";"47,97994000";" -4,07930000"
"202300009429";"18";"09";"2023";"18:25";"1";"29";"29019";"2";"3";"1";"3";"83 rue Anatole France";"48,38205000";" -4,52457000"
"202300009430";"18";"09";"2023";"17:10";"1";"27";"27285";"2";"1";"1";"6";"CROQUET (RUE DU)";"49,07559000";"1,52877000"
"202300009431";"18";"09";"2023";"17:40";"1";"26";"26004";"1";"1";"1";"2";"LACRA RN532";"44,98749000";"4,98221000"
"202300009432";"19";"09";"2023";"08:00";"1";"26";"26198";"2";"3";"1";"3";"Chemin de la Resse";"44,55299000";"4,76304000"
"202300009433";"19";"09";"2023";"22:50";"3";"25";"25056";"1";"1";"1";"6";"CHAILLUZ  CHEMIN DES BAS";"47,27368900";"6,02696000"
"202300009434";"19";"09";"2023";"10:05";"1";"25";"25056";"2";"3";"1";"3";"MARCEAU  AV. COMMANDANT";"47,24659000";"6,01714000"
"202300009435";"12";"09";"2023";"18:30";"1";"22";"22278";"1";"1";"1";"4";"RN12";"48,52104141";" -2,74826628"
"202300009436";"26";"08";"2023";"21:15";"5";"15";"15014";"2";"1";"2";"7";"EGALITE (RUE DE L')";"44,93153900";"2,44301500"
"202300009437";"19";"09";"2023";"16:55";"1";"14";"14333";"2";"1";"1";"7";"1 Cours Jean de Vienne";"49,41511466";"0,24564034"
"202300009438";"19";"09";"2023";"20:05";"2";"13";"13212";"2";"1";"1";"3";"GENERAL NOLLET (BOULEVARD DU)";"43,30373000";"5,43050000"
"202300009439";"19";"09";"2023";"07:35";"1";"13";"13211";"2";"1";"1";"3";"JEAN LOMBARD (AVENUE)";"43,28902541";"5,43304127"
"202300009440";"19";"09";"2023";"12:20";"1";"13";"13206";"2";"2";"1";"6";"AUGUSTE BLANQUI (RUE)";"43,29231000";"5,38600000"
"202300009441";"18";"09";"2023";"16:09";"1";"13";"13208";"2";"1";"1";"3";"PRADO (AVENUE DU)";"43,27060981";"5,38832144"
"202300009442";"19";"09";"2023";"20:00";"5";"13";"13063";"2";"3";"1";"3";"ARISTIDE BRIAND BOULEVARD";"43,58296000";"5,00381000"
"202300009443";"18";"09";"2023";"08:04";"2";"11";"11069";"1";"1";"8";"7";"MONTQUIER -CHEMIN DE-";"43,20397000";"2,30105000"
"202300009444";"18";"09";"2023";"12:06";"1";"10";"10387";"2";"1";"1";"3";"JEAN MOULIN (RUE)";"48,30522000";"4,07419000"
"202300009445";"18";"09";"2023";"14:00";"1";"03";"03185";"2";"9";"1";"6";"EINSTEIN ( RUE ALBERT )";"46,34800000";"2,59900000"
"202300009446";"19";"09";"2023";"16:25";"1";"75";"75116";"2";"1";"1";"3";"PORTE MAILLOT";"48,87436400";"2,27595500"
"202300009447";"19";"09";"2023";"15:30";"1";"75";"75116";"2";"2";"1";"1";"ALLEE DE LONGCHAMP";"48,87251800";"2,26442400"
"202300009448";"22";"10";"2023";"14:45";"1";"49";"49069";"1";"1";"1";"1";"RD751 Orée d'Anjou";"47,33498400";" -1,28031500"
"202300009449";"22";"10";"2023";"06:00";"3";"47";"47310";"1";"1";"8";"7";"Route des Roches Reculé";"44,38285100";"0,30702800"
"202300009450";"22";"10";"2023";"12:58";"1";"39";"39101";"1";"1";"1";"1";"N/A";"47,10872000";"5,42964900"
"202300009451";"22";"10";"2023";"15:30";"1";"84";"84017";"1";"1";"1";"7";"cd 164 bedoin";"44,14909500";"5,31776900"
"202300009452";"21";"10";"2023";"01:50";"3";"72";"72126";"1";"1";"2";"6";"l'étang";"48,03777400";" -0,11952800"
"202300009453";"21";"10";"2023";"19:30";"5";"14";"14431";"2";"1";"3";"6";"52 Avenue Jean Jaurès";"49,07548800";" -0,06621800"
"202300009454";"16";"10";"2023";"16:15";"1";"14";"14475";"2";"2";"1";"3";"1756 Route de Bretagne (Noyers-Bocage)";"49,12108800";" -0,56612200"
"202300009455";"22";"10";"2023";"20:14";"3";"50";"50277";"1";"1";"1";"7";"D114";"48,85311000";" -1,52615500"
"202300009456";"22";"10";"2023";"08:20";"2";"50";"50292";"1";"1";"2";"6";"11 Rue de Saint Sauveur Lendelin";"49,09926700";" -1,25673300"
"202300009457";"21";"10";"2023";"16:00";"1";"07";"07227";"1";"1";"1";"6";"D82";"45,25585000";"4,72069900"
"202300009458";"22";"10";"2023";"07:15";"3";"53";"53219";"1";"1";"1";"6";"RN12";"48,30975000";" -0,68029000"
"202300009459";"22";"10";"2023";"11:30";"1";"17";"17267";"1";"2";"1";"3";"D109";"46,22911900";" -0,92353800"
"202300009460";"21";"10";"2023";"13:30";"1";"30";"30344";"1";"1";"1";"1";"Route Nationale 113";"43,73365800";"4,23314300"
"202300009461";"20";"10";"2023";"20:30";"3";"67";"67429";"1";"1";"2";"6";"PK426.700";"48,38374600";"7,47834200"
"202300009462";"22";"10";"2023";"19:00";"3";"38";"38239";"1";"1";"1";"4";"A48 PK075.550 direction LYON";"45,34505000";"5,56433400"
"202300009463";"22";"10";"2023";"07:35";"1";"973";"97305";"1";"2";"1";"1";"Route Nationale 1";"4,97410900";" -52,44181000"
"202300009464";"21";"10";"2023";"14:20";"1";"45";"45268";"1";"1";"8";"6";"Route départementale 951";"47,75534600";"2,41757200"
"202300009465";"13";"10";"2023";"15:20";"1";"2B";"2B134";"2";"1";"1";"3";"Allée Charles de Gaulle";"42,63113700";"8,93727100"
"202300009466";"21";"10";"2023";"18:30";"1";"34";"34299";"1";"6";"1";"6";"route de la maire";"43,28136100";"3,28808800"
"202300009467";"22";"10";"2023";"14:00";"1";"04";"04092";"1";"1";"1";"1";"D4085";"43,82358300";"6,58152400"
"202300009468";"21";"10";"2023";"17:50";"1";"13";"13014";"1";"1";"1";"7";"Route de Saint Chamas";"43,50402100";"5,14967000"
"202300009469";"19";"10";"2023";"07:25";"2";"13";"13092";"2";"3";"1";"3";"D16b";"43,55170500";"5,03984700"
"202300009470";"21";"10";"2023";"19:12";"2";"13";"13097";"1";"3";"1";"3";"Route nationale 568";"43,58465000";"4,76510500"
"202300009471";"22";"10";"2023";"16:30";"1";"71";"71342";"2";"4";"1";"3";"Route de Poisson";"46,44536800";"4,11692300"
"202300009472";"22";"10";"2023";"15:00";"1";"55";"55496";"1";"1";"1";"1";"pk 30 D964";"48,71497800";"5,61051600"
"202300009473";"21";"10";"2023";"13:15";"1";"01";"01386";"1";"3";"1";"2";"D20a";"45,88577800";"5,34768100"
"202300009474";"21";"10";"2023";"21:50";"5";"69";"69140";"1";"1";"1";"5";"Route de Chazay";"45,89355500";"4,69998100"
"202300009475";"22";"10";"2023";"11:45";"1";"31";"31291";"2";"3";"1";"3";"62 Avenue de Bouconne";"43,60461900";"1,22310900"
"202300009476";"22";"10";"2023";"14:50";"1";"64";"64315";"1";"1";"1";"6";"D802";"43,30093100";" -0,42780700"
"202300009477";"21";"10";"2023";"11:25";"1";"14";"14040";"1";"2";"2";"3";"2 Route du Pont Roch";"49,26687300";" -0,74395400"
"202300009478";"21";"10";"2023";"21:30";"3";"22";"22136";"1";"9";"2";"1";"Belle Joie";"48,20527000";" -2,75550800"
"202300009479";"20";"10";"2023";"18:32";"2";"13";"13215";"1";"1";"1";"2";"A7-Sens Marseille vers Lyon";"43,34994821";"5,36891233"
"202300009480";"20";"10";"2023";"04:00";"3";"13";"13210";"1";"1";"2";"6";"A507 sens Marseille - Aubagne";"43,28425000";"5,40300000"
"202300009481";"18";"09";"2023";"08:00";"1";"69";"69382";"1";"1";"1";"7";"Route de Métropole 6";"45,75087618";"4,82290372"
"202300009482";"21";"10";"2023";"16:40";"1";"33";"33318";"1";"1";"1";"6";"AUTOROUTE A 63";"44,78742000";" -0,62397000"
"202300009483";"21";"10";"2023";"11:50";"1";"91";"91689";"1";"1";"1";"2";"AUTOROUTE A6B";"48,74468000";"2,32288000"
"202300009484";"20";"10";"2023";"12:00";"1";"91";"91661";"1";"1";"8";"3";"RD 188 CHEVREUSE";"48,69671000";"2,21463000"
"202300009485";"21";"10";"2023";"07:10";"3";"92";"92050";"1";"1";"1";"2";"A14";"48,90183264";"2,20286349"
"202300009486";"21";"10";"2023";"17:08";"1";"95";"95572";"1";"1";"1";"3";"N184";"49,03385054";"2,11133838"
"202300009487";"21";"10";"2023";"17:15";"1";"93";"93013";"1";"1";"8";"4";"AUTOROUTE A1";"48,94036000";"2,42343000"
"202300009488";"21";"10";"2023";"01:25";"3";"93";"93051";"1";"1";"2";"6";"A4";"48,83646500";"2,54783200"
"202300009489";"20";"10";"2023";"22:45";"3";"94";"94073";"1";"1";"2";"6";"A86";"48,76906913";"2,37939164"
"202300009490";"21";"08";"2023";"08:38";"1";"87";"87075";"2";"1";"1";"6";"MARS 1962 (RUE DU 19)";"45,80841000";"1,22530000"
"202300009491";"20";"08";"2023";"11:10";"1";"78";"78138";"1";"1";"1";"6";"POISSY (AVENUE DE)";"48,96930700";"2,03233100"
"202300009492";"21";"08";"2023";"09:20";"1";"45";"45234";"2";"1";"1";"3";"Avenue Roger Secrétain";"47,88621000";"1,89647000"
"202300009493";"21";"08";"2023";"01:41";"5";"13";"13203";"2";"3";"1";"1";"NATIONAL (BOULEVARD)";"43,31281000";"5,37573000"
"202300009494";"20";"10";"2023";"11:00";"1";"988";"98818";"2";"1";"1";"4";"RUE LUCIEN HERVOUET";" -22,23630000";"166,44951000"
"202300009495";"20";"10";"2023";"17:00";"1";"69";"69388";"2";"2";"2";"6";"Rue Professeur Joseph Nicolas";"45,73213000";"4,88077000"
"202300009496";"20";"10";"2023";"18:00";"3";"972";"97213";"1";"1";"1";"2";"AUTOROUTE A1";"14,61800000";" -61,03215000"
"202300009497";"20";"10";"2023";"06:50";"1";"972";"97209";"2";"1";"2";"2";"ARAWAKS (AVENUE DES)";"14,61650000";" -61,04480000"
"202300009498";"20";"10";"2023";"17:35";"2";"69";"69384";"2";"2";"1";"3";"Place Marcel Bertone";"45,77758000";"4,83485000"
"202300009499";"18";"10";"2023";"07:35";"2";"69";"69034";"2";"1";"1";"2";"Montée de la Boucle";"45,78273149";"4,83672432"
"202300009500";"20";"10";"2023";"19:50";"3";"95";"95539";"2";"1";"8";"2";"D301";"48,99732000";"2,36062000"
"202300009501";"19";"10";"2023";"12:06";"1";"95";"95555";"2";"1";"1";"1";"PARMENTIER (RUE)";"48,96790978";"2,28082216"
"202300009502";"19";"10";"2023";"20:05";"5";"89";"89387";"2";"2";"2";"3";"LIBERTE (BOULEVARD DE LA )";"48,19142000";"3,27654000"
"202300009503";"19";"10";"2023";"14:06";"1";"87";"87085";"2";"1";"2";"1";"PUY IMBERT (RUE DU)";"45,83887000";"1,27864000"
"202300009504";"19";"10";"2023";"19:55";"1";"84";"84007";"2";"1";"8";"7";"neuf peyres (chemin des)";"43,94190000";"4,83121000"
"202300009505";"19";"10";"2023";"08:30";"1";"83";"83126";"2";"3";"8";"3";"CARMILLE ( AV DU GENERAL)";"43,09713525";"5,88828027"
"202300009506";"20";"10";"2023";"07:45";"2";"82";"82121";"2";"2";"1";"3";"GASSERAS (AVENUE DE)";"44,01757000";"1,32032000"
"202300009507";"18";"10";"2023";"19:10";"2";"80";"80131";"2";"1";"2";"2";"COMMANDANT JAN (RUE DU)";"49,84451000";"2,39706000"
"202300009508";"20";"10";"2023";"08:25";"2";"78";"78401";"2";"1";"2";"2";"GENERAL LECLERC (AVENUE DU )";"49,01157200";"1,90692200"
"202300009509";"20";"10";"2023";"23:20";"5";"77";"77479";"2";"1";"2";"1";"RUE DE TORCY";"48,86911000";"2,64598000"
"202300009510";"6";"10";"2023";"15:30";"1";"77";"77249";"2";"1";"1";"6";"AV DES HYVERNEAUX";"48,73940000";"2,60738000"
"202300009511";"19";"10";"2023";"14:00";"1";"76";"76351";"2";"2";"1";"6";"INGOUVILLE (RUE)";"49,49742000";"0,10949000"
"202300009512";"19";"10";"2023";"17:05";"1";"72";"72181";"2";"1";"1";"6";"JACOBINS (QUINCONCE DES)";"48,00871000";"0,20298000"
"202300009513";"19";"10";"2023";"09:00";"1";"72";"72181";"2";"1";"1";"6";"OYON ALEXANDRE (BD)";"47,99505000";"0,18780000"
"202300009514";"19";"10";"2023";"07:00";"5";"72";"72181";"2";"9";"2";"3";"BONNETABLE (RTE) N° IMP";"48,02078000";"0,22614000"
"202300009515";"20";"10";"2023";"11:15";"1";"71";"71040";"2";"3";"1";"3";"MACON (ROUTE DE)";"46,68650815";"4,39066647"
"202300009516";"20";"10";"2023";"17:30";"1";"71";"71076";"2";"9";"2";"6";"PARIS (AVENUE DE)";"46,80697000";"4,84404000"
"202300009517";"19";"10";"2023";"15:45";"1";"69";"69029";"2";"1";"1";"6";"Avenue du 8 Mai 1945";"45,72755000";"4,91559000"
"202300009518";"19";"10";"2023";"12:15";"1";"69";"69029";"2";"2";"3";"1";"Avenue Franklin Roosvelt";"45,73066000";"4,91737000"
"202300009519";"28";"07";"2023";"10:05";"1";"69";"69091";"2";"2";"1";"3";"Avenue Youri Gagarine";"45,60195000";"4,77039000"
"202300009520";"20";"10";"2023";"10:50";"1";"67";"67043";"2";"1";"3";"6";"PERIGUEUX (AVENUE DE)";"48,61484100";"7,74213900"
"202300009521";"20";"10";"2023";"11:30";"1";"66";"66136";"1";"6";"1";"3";"N/A";"42,69416000";"2,85022000"
"202300009522";"19";"10";"2023";"18:25";"2";"64";"64129";"2";"1";"2";"3";"GASTON PHOEBUS";"43,29841000";" -0,38672000"
"202300009523";"10";"10";"2023";"08:50";"1";"64";"64445";"2";"2";"1";"3";"PAIX";"43,31644000";" -0,33955000"
"202300009524";"17";"10";"2023";"21:45";"5";"62";"62510";"2";"1";"1";"3";"Rue Hoche";"50,41706000";"2,77183000"
"202300009525";"20";"10";"2023";"07:50";"2";"62";"62263";"2";"1";"3";"6";"Avenue de l'Hippodrome";"50,29224696";"2,72809607"
"202300009526";"20";"10";"2023";"21:10";"5";"60";"60057";"2";"1";"1";"2";"Rue d'Amiens";"49,43725000";"2,08774000"
"202300009527";"20";"10";"2023";"19:30";"5";"59";"59378";"2";"3";"8";"3";"CLEMENCEAU BLVD (N°168-294)";"50,66207000";"3,09644000"
"202300009528";"20";"10";"2023";"07:00";"5";"59";"59350";"2";"1";"2";"6";"DUNKERQUE AVENUE DE";"50,63426000";"3,03057000"
"202300009529";"20";"10";"2023";"08:00";"2";"59";"59509";"2";"1";"2";"6";"FERRER (RUE FRANCISCO)";"50,40504000";"3,10687000"
"202300009530";"19";"10";"2023";"11:35";"1";"59";"59390";"2";"3";"1";"3";"COMPIEGNE (RUE)";"50,33756000";"3,19095000"
"202300009531";"19";"10";"2023";"19:00";"5";"58";"58194";"2";"1";"2";"5";"GUSTAVE MATHIEU";"46,98623000";"3,14496000"
"202300009532";"18";"10";"2023";"19:05";"5";"57";"57757";"2";"1";"3";"6";"Nations (Avenue)";"49,35513000";"6,18241000"
"202300009533";"16";"10";"2023";"12:40";"1";"56";"56260";"2";"6";"1";"3";"KERANGUEN(GIRATOIRE DE)";"47,65937300";" -2,79411800"
"202300009534";"20";"10";"2023";"14:20";"1";"56";"56162";"2";"1";"2";"6";"SAINTE  ANNE (RUE)";"47,73749000";" -3,42306000"
"202300009535";"20";"10";"2023";"08:10";"2";"56";"56098";"2";"1";"2";"1";"STOSSKOPF ( AV. INGEN.-GAL )";"47,75040000";" -3,33980000"
"202300009536";"18";"10";"2023";"07:30";"2";"55";"55029";"2";"6";"1";"3";"REPUBLIQUE ( PLACE DE LA )";"48,77326297";"5,16618449"
"202300009537";"19";"10";"2023";"16:10";"1";"54";"54395";"2";"1";"3";"6";"Place de la République";"48,68873406";"6,17561996"
"202300009538";"20";"10";"2023";"08:50";"1";"51";"51454";"2";"3";"3";"6";"rue Raoul Dufy";"49,22550300";"4,01426500"
"202300009539";"20";"10";"2023";"08:25";"2";"51";"51573";"2";"1";"3";"6";"PERI (RUE GABRIEL)";"49,24567800";"3,99742800"
"202300009540";"20";"10";"2023";"08:00";"5";"51";"51454";"2";"4";"3";"3";"boulevard Dieu Lumière";"49,23930000";"4,03873000"
"202300009541";"20";"10";"2023";"07:30";"5";"51";"51573";"2";"1";"3";"6";"VINGT NEUF AOUT 44 (AVENUE DU)";"49,24795000";"3,99706000"
"202300009542";"19";"10";"2023";"17:15";"1";"51";"51454";"2";"1";"1";"6";"LECLERC (BOULEVARD DU GENERAL)";"49,25312000";"4,02192000"
"202300009543";"19";"10";"2023";"08:09";"2";"51";"51454";"2";"1";"1";"4";"ARNOULD (BOULEVARD CHARLES)";"49,26024000";"4,00893000"
"202300009544";"20";"10";"2023";"09:47";"1";"49";"49328";"2";"1";"2";"6";"PRESSOIR (RUE DU)";"47,25155686";" -0,07744811"
"202300009545";"19";"10";"2023";"10:45";"1";"49";"49099";"2";"6";"8";"3";"DOROHOI (PLACE DE)";"47,05080000";" -0,87165000"
"202300009546";"20";"10";"2023";"05:14";"5";"49";"49267";"2";"1";"1";"6";"A87N";"47,46628000";" -0,51612000"
"202300009547";"8";"02";"2023";"11:49";"1";"988";"98818";"2";"2";"1";"3";"Rue CHARLES DE VERNEILH/RUE AUGUSTE BRUN";" -22,27613000";"166,44660000"
"202300009548";"20";"10";"2023";"04:10";"5";"47";"47001";"2";"1";"1";"6";"GRAVIER (ESPL. ET PERYST. DU )";"44,20239000";"0,61110000"
"202300009549";"12";"10";"2023";"18:25";"1";"46";"46042";"2";"1";"1";"2";"Départementale 820";"44,46650000";"1,42617000"
"202300009550";"6";"02";"2023";"13:10";"1";"988";"98818";"2";"3";"1";"3";"RUE AUER";" -22,24128000";"166,45409000"
"202300009551";"20";"10";"2023";"20:20";"3";"45";"45302";"1";"1";"2";"4";"D2701 PR 2 + 130";"47,94148000";"1,88579000"
"202300009552";"7";"02";"2023";"17:20";"1";"974";"97416";"2";"1";"1";"3";"ANCIENNE RN 1";" -21,30807000";"55,43129000"
"202300009553";"20";"10";"2023";"08:30";"1";"41";"41047";"2";"1";"1";"1";"RD 50";"47,62196000";"1,35239000"
"202300009554";"6";"02";"2023";"15:55";"1";"974";"97416";"1";"1";"1";"3";"CD 26";" -21,29870000";"55,43780000"
"202300009555";"20";"10";"2023";"00:40";"5";"41";"41018";"2";"1";"3";"2";"SAUSSAYE (QUAI DE LA)";"47,58546000";"1,33523800"
"202300009556";"7";"02";"2023";"23:00";"5";"974";"97411";"2";"1";"3";"6";"LECONTE DE LISLE (AVENUE)";" -20,89555000";"55,48945000"
"202300009557";"20";"10";"2023";"16:05";"1";"38";"38185";"2";"1";"1";"3";"AVENUE JULES VALLÈS";"45,18583000";"5,74690000"
"202300009558";"7";"02";"2023";"17:01";"1";"973";"97302";"1";"6";"1";"7";"ROUTE NATIONALE 1";"4,92065725";" -52,33026803"
"202300009559";"7";"02";"2023";"07:00";"1";"973";"97302";"2";"1";"2";"6";"TIGRE (ROUTE DU)";"4,91557000";" -52,31132000"
"202300009560";"7";"02";"2023";"20:20";"5";"69";"69387";"2";"1";"1";"6";"Boulevard Yves Farge";"45,73740000";"4,82880000"
"202300009561";"20";"10";"2023";"18:00";"1";"37";"37261";"2";"9";"3";"3";"GRANDIERE (RUE DE LA)";"47,39096000";"0,68386000"
"202300009562";"7";"02";"2023";"18:55";"5";"69";"69387";"2";"1";"1";"6";"Grande Rue de la Guillotière";"45,74733566";"4,85858387"
"202300009563";"20";"10";"2023";"12:20";"1";"37";"37122";"2";"1";"1";"3";"JEAN JAURES";"47,34862000";"0,66215000"
"202300009564";"20";"10";"2023";"11:10";"1";"35";"35238";"2";"7";"8";"6";"SOUVENIR (PLACE DU)";"48,09409600";" -1,66302500"
"202300009565";"7";"02";"2023";"13:30";"1";"69";"69383";"2";"1";"1";"5";"Boulevard Marius Vivier-Merle";"45,75862000";"4,85844000"
"202300009566";"7";"02";"2023";"14:00";"1";"2A";"2A004";"2";"1";"1";"6";"MEZZAVIA ROUTE DE";"41,95012572";"8,77179980"
"202300009567";"20";"10";"2023";"23:55";"5";"34";"34172";"2";"1";"1";"2";"FONTAINE DE CELLENEUVE (RUE DE LA)";"43,61173000";"3,82765000"
"202300009568";"7";"02";"2023";"11:00";"1";"2A";"2A004";"2";"3";"1";"3";"AVENUE DU DOCTEUR NOEL FRANCHINI";"41,93650356";"8,75354290"
"202300009569";"20";"10";"2023";"21:22";"5";"33";"33192";"2";"3";"2";"3";"Cours du Général de Gaulle";"44,78641000";" -0,60497000"
"202300009570";"6";"02";"2023";"12:20";"1";"2A";"2A004";"2";"3";"1";"3";"Route de Mezzavia";"41,94895000";"8,76671000"
"202300009571";"6";"02";"2023";"15:30";"1";"95";"95277";"2";"1";"1";"4";"AVENUE GEORGES KERDAVID";"48,99421000";"2,44111000"
"202300009572";"20";"10";"2023";"17:45";"1";"33";"33063";"2";"3";"3";"5";"Cours de l'Yser";"44,82165000";" -0,57143000"
"202300009573";"7";"02";"2023";"09:21";"1";"91";"91432";"2";"6";"7";"3";"AV FERDINAND DE LESSEPS";"48,70166600";"2,33929300"
"202300009574";"20";"10";"2023";"10:00";"1";"33";"33063";"2";"3";"6";"3";"Avenue Charles de Gaulle";"44,84886000";" -0,59905000"
"202300009575";"7";"02";"2023";"08:55";"1";"91";"91027";"2";"1";"1";"3";"AV ARISTIDE BRIAND";"48,70603000";"2,39147000"
"202300009576";"4";"02";"2023";"11:03";"1";"87";"87085";"2";"2";"1";"3";"BORIE (BOULEVARD DE LA)";"45,83982000";"1,23636000"
"202300009577";"20";"10";"2023";"11:13";"1";"31";"31555";"2";"1";"2";"1";"RTE D ALBI";"43,64307606";"1,46778524"
"202300009578";"4";"02";"2023";"07:45";"5";"87";"87085";"2";"2";"1";"3";"BAUDIN (AVENUE) ( RN21)";"45,81737000";"1,25259000"
"202300009579";"19";"10";"2023";"11:30";"1";"29";"29019";"2";"1";"1";"4";"20 avenue Victor Le Gorgeu";"48,40017079";" -4,49808732"
"202300009580";"7";"02";"2023";"19:00";"3";"84";"84087";"1";"3";"1";"3";"LYON (ROUTE DE)";"44,15907000";"4,79715000"
"202300009581";"20";"10";"2023";"06:50";"5";"27";"27229";"2";"1";"8";"6";"SAINT GERMAIN (RUE)";"49,01719000";"1,12720000"
"202300009582";"7";"02";"2023";"16:00";"1";"83";"83137";"2";"1";"1";"6";"BESAGNE (AVE DE)";"43,12134000";"5,93648000"
"202300009583";"2";"02";"2023";"07:45";"1";"83";"83050";"2";"9";"1";"6";"VERDUN( AVENUE DE)";"43,53371000";"6,47743000"
"202300009584";"7";"02";"2023";"19:00";"5";"79";"79191";"2";"2";"1";"3";"";"46,30977000";" -0,48204000"
"202300009585";"20";"10";"2023";"09:55";"1";"25";"25388";"2";"1";"2";"6";"Rue Charles Contejean";"47,50888000";"6,79404000"
"202300009586";"7";"02";"2023";"12:40";"1";"77";"77464";"1";"1";"1";"7";"D105B";"48,89578000";"2,72412000"
"202300009587";"6";"02";"2023";"18:35";"5";"77";"77243";"2";"1";"1";"1";"MAL DE LATTRE DE TASSIGNY (AVENUE DU)";"48,87654000";"2,68286000"
"202300009588";"20";"10";"2023";"08:15";"2";"25";"25056";"2";"1";"3";"6";"121a rue de dole";"47,22841700";"5,98602700"
"202300009589";"7";"02";"2023";"05:50";"5";"76";"76540";"2";"2";"1";"3";"Route de Neufchâtel";"49,45110300";"1,09845800"
"202300009590";"20";"10";"2023";"04:00";"5";"25";"25056";"2";"9";"3";"6";"KENNEDY  BOULEVARD J.F.";"47,22954600";"5,98110100"
"202300009591";"6";"02";"2023";"10:45";"1";"72";"72181";"2";"1";"1";"6";"GENESLAY FELIX (AV) N° IMP 265 A 383";"47,97429000";"0,20651000"
"202300009592";"6";"02";"2023";"07:45";"5";"72";"72181";"2";"1";"1";"6";"ALLEGRET MARC (RUE)";"48,01345000";"0,16442000"
"202300009593";"19";"10";"2023";"07:55";"2";"19";"19031";"2";"3";"1";"3";"ROYER (BOULEVARD GONTRAN)";"45,16717000";"1,52518000"
"202300009594";"7";"02";"2023";"11:15";"1";"69";"69266";"2";"1";"1";"6";"4 Rue Léon Blum";"45,75944775";"4,89096062"
"202300009595";"13";"01";"2023";"12:37";"1";"67";"67482";"2";"4";"1";"3";"MEINAU (ROUTE DE LA)";"48,55280000";"7,74869000"
"202300009596";"15";"10";"2023";"19:01";"3";"15";"15014";"2";"1";"1";"3";"RD 117";"44,91406100";"2,45114700"
"202300009597";"7";"02";"2023";"17:45";"1";"65";"65440";"2";"2";"1";"3";"Rue Saint-jean";"43,23702000";"0,08189100"
"202300009598";"20";"10";"2023";"00:26";"5";"13";"13071";"1";"6";"3";"3";"VERSAILLES (ROND POINT DIT DE)";"43,40980000";"5,32494000"
"202300009599";"1";"02";"2023";"12:25";"1";"65";"65440";"2";"1";"1";"3";" ROND-POINT DE LA SEDE";"43,23267300";"0,06128000"
"202300009600";"7";"02";"2023";"11:00";"1";"65";"65286";"2";"1";"1";"2";"Avenue Antoine Béguère";"43,10432000";" -0,06080000"
"202300009601";"20";"10";"2023";"13:40";"1";"13";"13005";"1";"1";"1";"2";"GEMENOS (ROUTE DE CD2)";"43,29820000";"5,60364000"
"202300009602";"7";"02";"2023";"09:10";"1";"64";"64483";"2";"1";"8";"6";"CHANTACO (AVENUE DE )";"43,38907000";" -1,65367000"
"202300009603";"12";"10";"2023";"19:10";"2";"10";"10387";"2";"1";"1";"2";"PASTEUR (RUE)";"48,30267000";"4,06306000"