"Num_Acc";"jour";"mois";"an";"hrmn";"lum";"dep";"com";"agg";"int";"atm";"col";"adr";"lat";"long"
"202300009797";"6";"02";"2023";"08:50";"1";"01";"01053";"2";"6";"1";"6";"PIGNIER ( rue François )";"46,22022000";"5,24465000"
"202300009798";"6";"02";"2023";"16:10";"1";"75";"75119";"2";"1";"1";"2";"PORTE DE PANTIN";"48,88651400";"2,39705400"
"202300009799";"6";"02";"2023";"07:40";"1";"75";"75116";"2";"1";"1";"2";"PORTE DE SAINT CLOUD";"48,83511200";"2,25999000"
"202300009800";"6";"02";"2023";"08:00";"1";"75";"75116";"2";"1";"1";"2";"ECHANGEUR MUETTE";"48,86423900";"2,26664100"
"202300009801";"7";"02";"2023";"09:05";"1";"75";"75120";"2";"3";"1";"6";"AVENUE GAMBETTA";"48,86412600";"2,39227200"
"202300009802";"7";"02";"2023";"22:05";"5";"75";"75119";"2";"2";"1";"6";"AVENUE DE FLANDRE";"48,88438000";"2,36920900"
"202300009803";"7";"02";"2023";"22:30";"5";"75";"75118";"2";"2";"1";"3";"RUE ORDENER";"48,89337200";"2,33826100"
"202300009804";"7";"02";"2023";"08:35";"1";"75";"75117";"2";"4";"1";"6";"BOULEVARD PEREIRE";"48,88773600";"2,31255800"
"202300009805";"7";"02";"2023";"13:45";"1";"75";"75115";"2";"3";"1";"3";"RUE DE VAUGIRARD";"48,84231200";"2,31055300"
"202300009806";"6";"02";"2023";"14:00";"1";"75";"75114";"2";"2";"1";"3";"RUE FERRUS";"48,83168600";"2,34087800"
"202300009807";"7";"02";"2023";"11:10";"1";"75";"75113";"2";"1";"1";"6";"RUE PINEL";"48,83369300";"2,36057500"
"202300009808";"7";"02";"2023";"10:20";"1";"75";"75112";"2";"1";"1";"6";"RUE DE CHARENTON";"48,83766200";"2,39077600"
"202300009809";"7";"02";"2023";"15:50";"1";"75";"75103";"2";"2";"1";"3";"RUE DE TURENNE";"48,85815600";"2,36449600"
"202300009810";"7";"02";"2023";"18:44";"5";"94";"94077";"2";"6";"1";"6";"Place Amédée Soupault /  Avenue Sadi Carnot";"48,73490000";"2,41773000"
"202300009811";"7";"02";"2023";"18:40";"5";"94";"94076";"2";"2";"1";"3";"Avenue Paul Vaillant-couturier";"48,79457000";"2,36024000"
"202300009812";"7";"02";"2023";"10:30";"1";"94";"94003";"2";"2";"1";"1";"Rue Emile Bougard";"48,81011900";"2,34070400"
"202300009813";"7";"02";"2023";"08:20";"1";"94";"94041";"2";"1";"1";"3";"Avenue Maurice Thorez";"48,81143000";"2,38293900"
"202300009814";"7";"02";"2023";"19:30";"5";"94";"94034";"2";"9";"1";"2";"Rond-Point Roosevelt";"48,75767100";"2,32945300"
"202300009815";"7";"02";"2023";"14:15";"1";"93";"93066";"2";"9";"1";"6";"Rue du Pont Saint-Lazare";"48,94463200";"2,34838000"
"202300009816";"7";"02";"2023";"10:30";"1";"93";"93039";"2";"1";"1";"6";"29 Quai de Seine";"48,94067200";"2,33869600"
"202300009817";"7";"02";"2023";"08:20";"1";"93";"93048";"2";"9";"1";"3";"13 Avenue Jean Moulin";"48,85867800";"2,44900800"
"202300009818";"7";"02";"2023";"13:10";"1";"93";"93046";"2";"1";"1";"3";"Boulevard Robert Schuman";"48,92736000";"2,54753000"
"202300009819";"7";"02";"2023";"09:30";"1";"93";"93010";"2";"2";"1";"3";"Avenue Galliéni / Route d'Aulnay";"48,90603200";"2,48038200"
"202300009820";"7";"02";"2023";"22:15";"5";"92";"92063";"2";"9";"1";"3";"JONCHERE (CHEMIN DE LA)";"48,86817316";"2,15723366"
"202300009821";"7";"02";"2023";"17:00";"1";"92";"92062";"2";"1";"1";"6";"GENERAL DE GAULLE (AV) DU 63 AU 107";"48,88749000";"2,23324000"
"202300009822";"6";"02";"2023";"10:21";"1";"92";"92049";"2";"1";"1";"3";"MARNE AVENUE DE LA";"48,81452605";"2,30564699"
"202300009823";"7";"02";"2023";"18:20";"5";"92";"92026";"2";"1";"1";"4";"JEAN-PIERRE TIMBAUD";"48,89837000";"2,25286000"
"202300009824";"7";"02";"2023";"16:00";"1";"92";"92024";"2";"1";"1";"3";"JEAN JAURES (BD) DE (1 A 45)   (2 A 54)";"48,89863700";"2,30739400"
"202300009825";"7";"02";"2023";"08:30";"1";"92";"92014";"2";"3";"1";"3";"LYCEE LAKANAL (AVENUE DU)";"48,77702000";"2,31018000"
"202300009826";"8";"02";"2023";"11:15";"1";"08";"08362";"2";"1";"1";"6";"28 Rue Pierre Curie";"49,50973000";"4,36485300"
"202300009827";"7";"02";"2023";"12:55";"1";"95";"95313";"2";"1";"1";"3";"RD 64";"49,11200130";"2,21980065"
"202300009828";"7";"02";"2023";"18:20";"3";"95";"95313";"2";"1";"1";"6";"Avenue du Chemin Vert";"49,11918949";"2,22598135"
"202300009829";"8";"02";"2023";"12:20";"1";"62";"62852";"2";"8";"1";"3";"D219";"50,96039629";"2,04663400"
"202300009830";"8";"02";"2023";"07:24";"2";"11";"11172";"1";"3";"1";"3";"";"43,26611300";"2,73562800"
"202300009831";"8";"02";"2023";"12:35";"1";"29";"29020";"1";"1";"7";"2";"Impasse de Kerhoantien";"48,13237250";" -4,02506687"
"202300009832";"29";"04";"2023";"20:30";"1";"95";"95582";"1";"1";"1";"1";"D170";"48,96409500";"2,26789200"
"202300009833";"28";"04";"2023";"23:20";"3";"95";"95151";"1";"1";"1";"6";"N104";"49,06442000";"2,26269000"
"202300009834";"29";"04";"2023";"17:45";"1";"94";"94042";"1";"1";"1";"2";"A4";"48,82728643";"2,46925563"
"202300009835";"28";"04";"2023";"13:20";"1";"94";"94017";"1";"1";"1";"3";"A4";"48,82678408";"2,51416833"
"202300009836";"29";"04";"2023";"18:50";"5";"988";"98818";"2";"3";"1";"6";"Rue du 18 JUIN/Rue des TOURS";" -22,27040000";"166,46408000"
"202300009837";"29";"04";"2023";"19:50";"5";"976";"97611";"2";"1";"1";"3";"vahibe-Departementale 3 ( route )";" -12,78981000";"45,17889000"
"202300009838";"11";"04";"2023";"07:30";"1";"973";"97302";"2";"2";"1";"3";"EBOUE (ROCADE FELIX)";"4,92957207";" -52,31509227"
"202300009839";"29";"04";"2023";"00:30";"5";"69";"69266";"2";"9";"2";"3";"Quai Charles de Gaulle";"45,78567000";"4,86228000"
"202300009840";"28";"04";"2023";"04:00";"3";"972";"97209";"1";"1";"1";"6";"Bretelle sortie A1";"14,61838000";" -61,03637000"
"202300009841";"25";"04";"2023";"19:40";"2";"972";"97209";"2";"1";"3";"2";"RD 41 (ROCADE)";"14,61283000";" -61,07055000"
"202300009842";"29";"04";"2023";"09:50";"1";"69";"69385";"2";"1";"8";"7";"29 Montée de Choulans";"45,75250000";"4,82051000"
"202300009843";"29";"04";"2023";"22:24";"3";"2B";"2B120";"1";"1";"1";"3";"11 - RT";"42,63600000";"9,43800000"
"202300009844";"29";"04";"2023";"00:05";"5";"95";"95268";"2";"1";"1";"6";"D84";"48,96507800";"2,40730900"
"202300009845";"29";"04";"2023";"14:50";"1";"91";"91657";"2";"1";"8";"6";"AV HENRI BARBUSSE";"48,70510000";"2,43739000"
"202300009846";"29";"04";"2023";"01:15";"3";"85";"85194";"2";"9";"1";"2";"28 Avenue charles de gaulle";"46,50554000";" -1,77182000"
"202300009847";"29";"04";"2023";"10:20";"1";"83";"83098";"2";"1";"1";"3";"LE LEAP (AVENUE ALAIN)";"43,11019000";"6,02124300"
"202300009848";"29";"04";"2023";"15:29";"1";"83";"83129";"2";"1";"1";"2";"KENNEDY (AVENUE J.)N°PAIRS 2A2560";"43,10760000";"5,81933000"
"202300009849";"29";"04";"2023";"04:40";"5";"83";"83069";"1";"1";"1";"6";"ALMANARRE (ROUTE DE L')";"43,08492000";"6,12872000"
"202300009850";"29";"04";"2023";"09:10";"1";"77";"77122";"2";"6";"1";"3";"RUE DE VARENNES";"48,66584600";"2,55192900"
"202300009851";"29";"04";"2023";"23:45";"4";"76";"76108";"2";"3";"1";"1";"Route de Neufchâtel";"49,46410000";"1,11404000"
"202300009852";"29";"04";"2023";"19:00";"1";"76";"76540";"2";"1";"1";"4";"Quai du Havre";"49,44030000";"1,08408000"
"202300009853";"29";"04";"2023";"18:15";"1";"76";"76540";"2";"1";"1";"3";"Rue des Faulx";"49,44173000";"1,10095000"
"202300009854";"29";"04";"2023";"10:40";"1";"76";"76540";"2";"1";"1";"3";"Quai de Boisguilbert";"49,44315400";"1,07487800"
"202300009855";"29";"04";"2023";"13:40";"1";"72";"72003";"2";"6";"1";"6";"19 MARS 1962 (AV)";"47,96396000";"0,16318000"
"202300009856";"29";"04";"2023";"21:25";"5";"71";"71076";"2";"3";"1";"3";"KENNEDY (AVENUE JOHN FITZGERALD)";"46,79649000";"4,86276000"
"202300009857";"29";"04";"2023";"12:52";"1";"64";"64129";"2";"9";"2";"2";"BAYONNE DE";"43,30161266";" -0,39534688"
"202300009858";"29";"04";"2023";"11:27";"1";"64";"64024";"2";"1";"2";"3";"ADOUR (AVENUE DE L')";"43,51193000";" -1,50026000"
"202300009859";"29";"04";"2023";"19:15";"1";"61";"61001";"2";"2";"1";"2";"Avenue de Quakenbrück";"48,43838900";"0,10261600"
"202300009860";"29";"04";"2023";"07:10";"1";"59";"59512";"2";"1";"8";"6";"NATIONS UNIES (AVENUE DES)";"50,69443800";"3,17288200"
"202300009861";"29";"04";"2023";"21:45";"5";"59";"59350";"2";"3";"1";"3";"FERRER FRANCISCO RUE";"50,62953324";"3,09100986"
"202300009862";"29";"04";"2023";"03:50";"5";"59";"59350";"2";"2";"1";"3";"ROYALE RUE";"50,64291000";"3,05580000"
"202300009863";"29";"04";"2023";"16:08";"1";"57";"57660";"2";"1";"8";"6";"SAINT FRANCOIS (RUE)";"49,20114000";"6,92830000"
"202300009864";"29";"04";"2023";"17:20";"1";"51";"51454";"2";"1";"1";"3";"rue des Thiolettes";"49,25044000";"4,05512000"
"202300009865";"29";"04";"2023";"16:18";"1";"49";"49007";"2";"2";"1";"3";"STRASBOURG BOULEVARD";"47,45710000";" -0,55407000"
"202300009866";"28";"04";"2023";"19:00";"1";"46";"46042";"2";"1";"1";"1";"BEYNE (AVENUE DE LA) N°PAIR";"44,42959000";"1,44213000"
"202300009867";"29";"04";"2023";"04:10";"5";"38";"38185";"2";"2";"2";"3";"EDMOND ESMONIN (AVENUE)";"45,15946297";"5,72414745"
"202300009868";"29";"04";"2023";"04:15";"5";"37";"37261";"2";"9";"1";"6";"GRAMMONT (AVENUE DE)";"47,38648000";"0,69026000"
"202300009869";"29";"04";"2023";"12:30";"1";"33";"33281";"2";"1";"1";"3";"Rue Rouget de Lisle";"44,84508000";" -0,68737000"
"202300009870";"29";"04";"2023";"13:45";"1";"33";"33063";"2";"2";"2";"2";"Boulevard Antoine Gautier";"44,83663638";" -0,59887826"
"202300009871";"28";"04";"2023";"16:00";"1";"33";"33119";"2";"1";"1";"3";"Boulevard Joliot-Curie";"44,85081000";" -0,53782000"
"202300009872";"28";"04";"2023";"19:35";"1";"33";"33009";"2";"1";"1";"6";"TARTAS (CRS) DU 02 AU 92";"44,66024000";" -1,16927000"
"202300009873";"28";"03";"2023";"18:05";"1";"29";"29232";"2";"6";"1";"3";"Rond-Point Philippe Lebon";"47,99463000";" -4,07310000"
"202300009874";"28";"04";"2023";"07:30";"2";"29";"29019";"2";"6";"1";"2";"Place des Formes";"48,38615200";" -4,47519100"
"202300009875";"29";"04";"2023";"21:40";"3";"28";"28085";"2";"1";"1";"6";"MERMOZ (RUE JEAN)";"48,45153000";"1,51521000"
"202300009876";"29";"04";"2023";"18:00";"1";"26";"26198";"1";"1";"1";"7";"Rue Marceau Bres";"44,54938000";"4,71379000"
"202300009877";"29";"04";"2023";"05:40";"5";"25";"25056";"2";"6";"1";"2";"CHURCHILL BD WINSTON";"47,24633300";"5,99797400"
"202300009878";"28";"04";"2023";"17:13";"1";"10";"10387";"2";"3";"1";"3";"DAMPIERRE (QUAI)";"48,30316000";"4,07571000"
"202300009879";"29";"04";"2023";"13:10";"1";"03";"03190";"2";"6";"1";"3";"Pont Régemortes";"46,56254000";"3,32507000"
"202300009880";"28";"04";"2023";"18:30";"1";"03";"03101";"2";"2";"7";"3";"Rue du Chat-Huant";"46,37061000";"2,56788000"
"202300009881";"29";"04";"2023";"08:05";"1";"75";"75112";"2";"1";"1";"2";"PORTE DOREE";"48,83356900";"2,40834100"
"202300009882";"29";"04";"2023";"18:30";"1";"75";"75118";"2";"3";"1";"3";"PLACE DE LA CHAPELLE";"48,88478700";"2,35924900"
"202300009883";"29";"04";"2023";"16:30";"1";"75";"75117";"2";"1";"1";"3";"BOULEVARD DU FORT DE VAUX";"48,89311500";"2,30239900"
"202300009884";"29";"04";"2023";"14:20";"1";"75";"75116";"2";"1";"1";"2";"AVENUE DE NEW YORK";"48,86020400";"2,29090700"
"202300009885";"29";"04";"2023";"10:30";"1";"75";"75115";"2";"4";"1";"3";"QUAI D ISSY LES MOULINEAUX";"48,83540300";"2,26688500"
"202300009886";"29";"04";"2023";"16:45";"1";"75";"75104";"2";"2";"1";"6";"RUE SAINT MARTIN";"48,85806900";"2,34968500"
"202300009887";"29";"04";"2023";"11:50";"1";"75";"75102";"2";"2";"1";"6";"BOULEVARD SAINT DENIS";"48,86932700";"2,35426500"
"202300009888";"28";"04";"2023";"17:55";"1";"75";"75112";"2";"2";"1";"3";"Avenue de Paris";"48,84457231";"2,43877172"
"202300009889";"29";"04";"2023";"12:10";"1";"94";"94068";"2";"2";"1";"3";"Avenue Gambetta";"48,79800638";"2,49129742"
"202300009890";"29";"04";"2023";"08:40";"1";"94";"94002";"2";"1";"2";"6";"40 Quai Blanqui";"48,80466000";"2,41149000"
"202300009891";"28";"04";"2023";"21:40";"5";"94";"94002";"2";"6";"1";"2";"Place d’Ochagan";"48,78706000";"2,42287000"
"202300009892";"29";"04";"2023";"05:00";"3";"93";"93073";"2";"1";"1";"2";"Aeroport Charles de Gaulle";"48,99478616";"2,54284859"
"202300009893";"29";"04";"2023";"19:50";"1";"93";"93048";"2";"2";"1";"3";"Bd Paul Vaillant Couturier / Rue des Epernons";"48,86806483";"2,44662416"
"202300009894";"29";"04";"2023";"19:10";"1";"93";"93031";"2";"1";"1";"4";"Avenue de Lattre de Tassigny";"48,95535300";"2,31222100"
"202300009895";"28";"04";"2023";"18:30";"1";"93";"93047";"2";"3";"1";"3";"Avenue Jean Jaurés / Avenue des Rosiers";"48,89865000";"2,54887000"
"202300009896";"29";"04";"2023";"21:00";"2";"93";"93005";"2";"1";"1";"6";"Rue du Préfet Chaleil";"48,93987180";"2,50605640"
"202300009897";"29";"04";"2023";"20:00";"1";"93";"93001";"2";"1";"1";"1";"Quai Adrien Agnès";"48,91879500";"2,36905500"
"202300009898";"29";"04";"2023";"18:50";"1";"92";"92063";"2";"1";"1";"2";"DIX-HUIT JUIN 1940 (AVENUE DU) EST";"48,86790900";"2,19434400"
"202300009899";"29";"04";"2023";"17:30";"1";"92";"92051";"2";"9";"1";"3";"GENERAL KOENIG (BOULEVARD DU)";"48,88489000";"2,25507000"
"202300009900";"1";"05";"2023";"15:25";"1";"60";"60223";"2";"1";"1";"6";"Rue de la Ganterie";"49,42754581";"2,63555199"
"202300009901";"29";"04";"2023";"14:40";"1";"45";"45334";"1";"1";"8";"7";"D88 PR 9 + 590";"47,87305100";"2,43809600"
"202300009902";"30";"04";"2023";"16:50";"1";"06";"06044";"2";"6";"2";"4";"Boulevard Pierre Sauvaigo";"43,68370000";"7,11509000"
"202300009903";"23";"04";"2023";"19:20";"2";"28";"28021";"1";"3";"2";"3";"D921";"48,35326700";"1,30861500"
"202300009904";"1";"05";"2023";"02:30";"3";"972";"97221";"1";"1";"1";"1";"RN5";"14,52669700";" -60,98227500"
"202300009905";"1";"05";"2023";"02:08";"5";"974";"97413";"1";"1";"1";"1";"4 rue rolland garros";" -21,15055500";"55,30255800"
"202300009906";"30";"04";"2023";"16:30";"1";"19";"19148";"1";"1";"1";"6";"vent-bas, neuvic";"45,31125000";"2,29356800"
"202300009907";"29";"04";"2023";"20:30";"2";"59";"59135";"1";"1";"1";"7";"Route d'Oudezeele";"50,81524511";"2,49839187"
"202300009908";"29";"04";"2023";"11:30";"1";"76";"76208";"1";"1";"1";"3";"Route du Mont Louvet";"49,50661000";"1,66868800"
"202300009909";"30";"04";"2023";"05:30";"3";"76";"76067";"2";"1";"1";"7";"Route du Camp Caillot";"49,48484100";"1,61715700"
"202300009910";"29";"04";"2023";"17:10";"1";"63";"63234";"1";"1";"1";"6";"RD 978 PK21+200";"45,56402592";"3,06059341"
"202300009911";"30";"04";"2023";"16:30";"1";"49";"49125";"2";"2";"1";"1";"D69 - Intersection Boulevard Dr Lionet, Rue d'Argenton et Boulevard Jacques Savary";"47,18745600";" -0,27947800"
"202300009912";"28";"04";"2023";"15:30";"1";"12";"12171";"1";"1";"1";"7";"D901 ";"44,50625400";"2,43057500"
"202300009913";"29";"04";"2023";"23:00";"3";"46";"46183";"1";"1";"3";"7";"montredon";"44,54846000";"1,80038500"
"202300009914";"1";"05";"2023";"00:10";"3";"47";"47195";"1";"1";"1";"5";"PR 9+210, RD 930";"44,09178289";"0,36100287"
"202300009915";"30";"04";"2023";"11:11";"1";"86";"86290";"2";"3";"1";"3";"Route de Gizay";"46,45665600";"0,37476000"
"202300009916";"30";"04";"2023";"11:28";"1";"68";"68302";"1";"1";"1";"3";"D83";"47,74505200";"7,15079100"
"202300009917";"1";"05";"2023";"07:20";"1";"02";"02447";"1";"1";"1";"7";"D6";"49,30786100";"3,45567200"
"202300009918";"30";"04";"2023";"15:15";"1";"02";"02280";"1";"1";"1";"6";"N/A";"49,10098800";"3,45223900"
"202300009919";"30";"04";"2023";"18:10";"1";"01";"01236";"1";"1";"1";"6";"Route de Bâgé";"46,32879500";"5,06097400"
"202300009920";"1";"05";"2023";"15:00";"1";"58";"58210";"1";"1";"1";"7";"Ruisseau Morin";"47,12888500";"4,04650400"
"202300009921";"30";"04";"2023";"17:30";"1";"66";"66146";"1";"1";"5";"2";"N/A";"42,55573500";"1,74442300"
"202300009922";"30";"04";"2023";"16:10";"1";"72";"72080";"1";"9";"1";"1";"Route du mans, RD323";"48,15397800";"0,63125800"
"202300009923";"29";"04";"2023";"18:55";"1";"50";"50579";"2";"1";"1";"7";"D62 route de Valognes";"49,52572000";" -1,58953600"
"202300009924";"30";"04";"2023";"17:20";"1";"43";"43113";"2";"3";"1";"6";"57-59 Rue du Puy";"45,00388400";"3,99916600"
"202300009925";"30";"04";"2023";"16:30";"1";"16";"16347";"2";"1";"1";"1";"D2";"45,26729400";"0,16828200"
"202300009926";"1";"05";"2023";"08:30";"1";"24";"24443";"1";"1";"1";"7";"1445 Route des Lacets";"45,02188500";"1,09121900"
"202300009927";"1";"05";"2023";"10:57";"1";"85";"85020";"2";"1";"1";"3";"RD148";"46,37308000";" -0,58383000"
"202300009928";"30";"04";"2023";"20:05";"2";"37";"37257";"1";"1";"1";"1";"La Pinardiere";"47,24260800";"0,58233400"
"202300009929";"30";"04";"2023";"17:05";"1";"08";"08311";"1";"1";"1";"1";"D 19";"49,60896100";"5,10975300"
"202300009930";"29";"04";"2023";"17:50";"2";"987";"98745";"1";"1";"1";"3";"PK 8+800 à TAPUAMU";" -16,62000000";" -151,49600000"
"202300009931";"30";"04";"2023";"20:48";"2";"37";"37072";"1";"2";"1";"2";"les Pussinières";"47,18658209";"0,22459745"
"202300009932";"30";"04";"2023";"18:45";"1";"77";"77455";"1";"1";"1";"7";"D619";"48,63479000";"2,73685800"
"202300009933";"1";"05";"2023";"12:35";"1";"83";"83127";"1";"1";"1";"7";"D402";"43,24975312";"5,80656228"
"202300009934";"1";"05";"2023";"11:30";"1";"83";"83030";"1";"2";"1";"5";"RD43 intersection D12";"43,36329300";"6,09391500"
"202300009935";"30";"04";"2023";"23:30";"3";"67";"67345";"1";"1";"1";"7";"Rue des Champs";"48,77322200";"7,87464400"
"202300009936";"1";"05";"2023";"10:55";"1";"88";"88196";"1";"1";"1";"7";"Départementale 486 PK 029.695";"48,03088400";"6,86883700"
"202300009937";"1";"05";"2023";"15:50";"1";"38";"38467";"1";"4";"1";"1";"Route du Bugey";"45,67308300";"5,35986900"
"202300009938";"30";"04";"2023";"20:10";"2";"07";"07245";"1";"1";"1";"6";"RD86";"45,09215600";"4,81876000"
"202300009939";"19";"04";"2023";"21:00";"5";"69";"69157";"1";"6";"1";"3";"Route Nationale 7";"45,87910800";"4,47508900"
"202300009940";"1";"05";"2023";"12:50";"1";"33";"33207";"2";"1";"1";"6";"268 Avenue d'Uchamp";"44,90598800";" -0,36069500"
"202300009941";"30";"04";"2023";"23:45";"5";"76";"76533";"1";"9";"1";"7";"parc logistique du pont de normandie";"49,47605800";"0,26036700"
"202300009942";"30";"04";"2023";"19:40";"1";"80";"80176";"1";"2";"1";"3";"D1017";"49,70223800";"2,80848700"
"202300009943";"30";"04";"2023";"20:00";"1";"80";"80561";"1";"1";"1";"7";"822 Rue Pasteur Prolongee";"49,65433200";"2,59783200"
"202300009944";"30";"04";"2023";"17:45";"1";"62";"62693";"1";"1";"1";"6";"D72";"50,44451600";"2,56195200"
"202300009945";"29";"04";"2023";"17:09";"1";"13";"13071";"1";"1";"1";"3";"A7-Sens Marseille vers Lyon";"43,40572000";"5,29322000"
"202300009946";"29";"04";"2023";"06:00";"2";"13";"13211";"1";"1";"1";"6";"N/A";"43,29046000";"5,44828000"
"202300009947";"28";"04";"2023";"02:20";"3";"13";"13005";"1";"1";"1";"7";"A50-Sens Marseille vers Aubagne";"43,28858000";"5,56053000"
"202300009948";"28";"04";"2023";"10:45";"1";"13";"13022";"1";"1";"1";"6";"A50-Sens Aubagne vers Toulon";"43,23218900";"5,58666200"
"202300009949";"28";"04";"2023";"22:10";"5";"83";"83137";"1";"1";"1";"5";"A50";"43,12539500";"5,89918300"
"202300009950";"26";"04";"2023";"22:00";"3";"91";"91659";"1";"1";"1";"2";"AUTOROUTE A6";"48,58137000";"2,45951000"
"202300009951";"29";"04";"2023";"13:58";"1";"92";"92036";"1";"1";"1";"2";"A86";"48,93554103";"2,28513973"
"202300009952";"29";"04";"2023";"01:52";"3";"78";"78466";"1";"1";"1";"6";"A13";"48,92435000";"2,00000000"
"202300009953";"28";"04";"2023";"22:33";"5";"92";"92064";"1";"1";"1";"6";"A13";"48,83978493";"2,20977193"
"202300009954";"28";"04";"2023";"20:30";"1";"93";"93007";"1";"1";"1";"4";"AUTOROUTE A3";"48,93338000";"2,48078000"
"202300009955";"29";"04";"2023";"04:20";"3";"92";"92036";"1";"1";"1";"1";"AUTOROUTE A15";"48,94920532";"2,28069842"
"202300009956";"28";"04";"2023";"12:10";"1";"93";"93027";"1";"1";"1";"3";"AUTOROUTE A86";"48,92591590";"2,39833117"
"202300009957";"28";"04";"2023";"08:30";"1";"93";"93029";"1";"1";"2";"3";"AUTOROUTE A86";"48,92634273";"2,42216545"
"202300009958";"27";"04";"2023";"10:56";"1";"973";"97302";"2";"1";"2";"3";"CABASSOU (ROUTE DE)";"4,91758345";" -52,31308195"
"202300009959";"27";"04";"2023";"08:01";"1";"973";"97302";"2";"1";"1";"3";"BADUEL (ROUTE DE)";"4,92872000";" -52,29798000"
"202300009960";"28";"04";"2023";"19:00";"1";"69";"69382";"2";"3";"2";"3";"27 Quai Tilsitt";"45,75506000";"4,82588000"
"202300009961";"28";"04";"2023";"17:40";"1";"69";"69381";"2";"3";"1";"3";"Boulevard de la Croix-Rousse";"45,77230000";"4,81907000"
"202300009962";"28";"04";"2023";"12:25";"1";"69";"69385";"2";"2";"1";"3";"Pont Kitchener-Marchand";"45,75175289";"4,82148937"
"202300009963";"28";"04";"2023";"10:15";"1";"69";"69385";"2";"1";"1";"2";"143 Avenue Barthélémy Buyer";"45,76362608";"4,79811802"
"202300009964";"4";"06";"2023";"18:45";"1";"54";"54300";"2";"1";"1";"6";"Rue Raoul Cézard";"48,64972203";"6,23847887"
"202300009965";"4";"06";"2023";"19:27";"2";"54";"54575";"1";"1";"1";"6";"D26b";"49,47680000";"5,85592000"
"202300009966";"28";"04";"2023";"04:30";"5";"69";"69382";"2";"2";"1";"3";"Rue de la Bourse";"45,76499000";"4,83688000"
"202300009967";"4";"06";"2023";"17:05";"1";"53";"53130";"2";"1";"7";"6";"11 NOVEMBRE ( PLACE DU )";"48,07110500";" -0,77331800"
"202300009968";"26";"04";"2023";"18:08";"1";"69";"69034";"2";"5";"1";"3";"Grande rue de Saint Clair";"45,79104803";"4,86004720"
"202300009969";"4";"06";"2023";"20:00";"1";"44";"44109";"2";"1";"1";"3";"12 Boulevard Emile Gabory";"47,19662500";" -1,53122200"
"202300009970";"28";"04";"2023";"22:02";"5";"2B";"2B037";"2";"1";"1";"6";"TOUTES RUES";"42,61906000";"9,43697000"
"202300009971";"4";"06";"2023";"13:00";"1";"44";"44109";"2";"1";"1";"1";"22 Rue Paul Bellamy";"47,22199000";" -1,55633000"
"202300009972";"28";"04";"2023";"20:45";"2";"95";"95476";"1";"9";"1";"6";"D915";"49,06994601";"2,08295579"
"202300009973";"3";"06";"2023";"16:26";"1";"42";"42053";"1";"1";"1";"6";"Route de Sainte Croix";"45,50749000";"4,62951000"
"202300009974";"28";"04";"2023";"05:15";"3";"95";"95218";"2";"2";"2";"3";"N184";"49,01836520";"2,09600687"
"202300009975";"2";"06";"2023";"08:00";"1";"42";"42207";"2";"2";"1";"3";"Chemin de Grange Badet";"45,45847000";"4,50213900"
"202300009976";"3";"06";"2023";"14:30";"1";"38";"38053";"2";"3";"1";"3";"BARBUSSE";"45,59077000";"5,27207000"
"202300009977";"28";"04";"2023";"10:54";"1";"87";"87085";"2";"3";"1";"2";"RUBEN (AVENUE ERNEST)";"45,82135000";"1,25158000"
"202300009978";"4";"06";"2023";"15:45";"1";"35";"35051";"1";"9";"1";"2";"BEAULIEU (PORTE DE)";"48,10129005";" -1,61023468"
"202300009979";"27";"04";"2023";"17:27";"1";"87";"87065";"2";"6";"1";"3";"PLAISANCE ( rond point de )";"45,81830000";"1,29539000"
"202300009980";"4";"06";"2023";"03:45";"5";"35";"35238";"2";"1";"1";"6";"GUILLOUX (LOUIS)";"48,11065000";" -1,69997000"
"202300009981";"27";"04";"2023";"14:26";"1";"87";"87050";"1";"3";"1";"3";"POITIERS (RUE DE)";"45,89753000";"1,22866000"
"202300009982";"4";"06";"2023";"11:30";"1";"30";"30028";"2";"2";"1";"3";"Route de Saint-Gervais";"44,17820000";"4,61430000"
"202300009983";"28";"04";"2023";"08:10";"1";"83";"83137";"2";"3";"1";"1";"CLOVIS (AVE HUGUES)";"43,13894486";"5,90443897"
"202300009984";"3";"06";"2023";"06:50";"1";"29";"29232";"2";"1";"1";"6";"Rue President Sadate";"47,97765000";" -4,09777000"
"202300009985";"21";"04";"2023";"18:55";"1";"80";"80021";"2";"9";"1";"6";"PAIX (AVENUE DE LA)";"49,91164000";"2,30868000"
"202300009986";"4";"06";"2023";"05:45";"2";"29";"29019";"2";"1";"1";"6";"rue de Maissin";"48,38633000";" -4,50300000"
"202300009987";"4";"06";"2023";"10:00";"1";"28";"28134";"1";"1";"1";"2";"RN 12 (CITE AMERICAINE)";"48,74618000";"1,37952000"
"202300009988";"28";"04";"2023";"18:05";"1";"72";"72181";"2";"1";"1";"6";"CHAMPFLEURY (CHEMIN DE)";"48,02390000";"0,14403000"
"202300009989";"3";"06";"2023";"20:00";"1";"25";"25056";"2";"6";"1";"3";"rue boissy d'anglas";"47,24389300";"6,05257300"
"202300009990";"28";"04";"2023";"18:15";"1";"69";"69275";"2";"2";"1";"3";"Avenue Jean Jaurès";"45,77077000";"4,98250000"
"202300009991";"28";"04";"2023";"13:00";"1";"69";"69266";"2";"2";"1";"1";"Rue de la Doua";"45,77664000";"4,87415000"
"202300009992";"2";"06";"2023";"17:30";"1";"15";"15014";"2";"3";"1";"3";"FIRMINY (RUE DE)";"44,91564000";"2,43192000"