"Num_Acc";"jour";"mois";"an";"hrmn";"lum";"dep";"com";"agg";"int";"atm";"col";"adr";"lat";"long"
"202300009993";"4";"06";"2023";"18:40";"1";"13";"13208";"2";"1";"2";"7";"pointe rouge (ave)";"43,24813465";"5,37497163"
"202300009994";"26";"04";"2023";"21:12";"5";"68";"68066";"2";"2";"1";"2";"Route de Sélestat";"48,08479000";"7,36191000"
"202300009995";"26";"04";"2023";"19:35";"1";"66";"66136";"2";"2";"1";"1";"N/A";"42,69320000";"2,90380000"
"202300009996";"4";"06";"2023";"16:30";"1";"13";"13209";"2";"6";"1";"1";"LÉON LACHAMP (ROUTE)";"43,24496000";"5,42791000"
"202300009997";"28";"04";"2023";"12:22";"1";"65";"65047";"2";"2";"1";"3";"Avenue Jean Jaurès";"43,25540600";"0,10037000"
"202300009998";"4";"06";"2023";"11:10";"1";"06";"06029";"2";"1";"1";"3";"HIBERT (BOULEVARD JEAN)";"43,54809000";"7,01251000"
"202300009999";"28";"04";"2023";"12:10";"1";"64";"64445";"1";"9";"1";"4";"EUROPE DE L'";"43,32116100";" -0,31153400"
"202300010000";"27";"04";"2023";"19:54";"1";"63";"63113";"2";"2";"1";"2";"Oradou / Médicis";"45,76953000";"3,11210000"
"202300010001";"4";"06";"2023";"15:50";"1";"75";"75118";"2";"1";"1";"3";"PORTE DE SAINT OUEN";"48,90070100";"2,33445200"
"202300010002";"27";"04";"2023";"21:25";"3";"56";"56083";"2";"6";"2";"7";"LIBERATION ( AV. DE LA )";"47,80441000";" -3,27325000"
"202300010003";"27";"04";"2023";"16:50";"1";"54";"54395";"2";"2";"1";"6";"LOBAU (BOULEVARD)";"48,67962200";"6,19869700"
"202300010004";"4";"06";"2023";"13:30";"1";"75";"75116";"2";"1";"1";"2";"PORTE DE PASSY";"48,85392100";"2,25366800"
"202300010005";"26";"04";"2023";"10:06";"1";"51";"51108";"2";"5";"1";"3";"METZ (AVE DE)";"48,95923000";"4,38372000"
"202300010006";"4";"06";"2023";"12:04";"1";"75";"75120";"2";"2";"1";"3";"RUE DES PYRENEES";"48,85270700";"2,40612800"
"202300010007";"28";"04";"2023";"10:25";"1";"49";"49099";"2";"6";"1";"3";"D160";"47,05813000";" -0,85646000"
"202300010008";"27";"04";"2023";"17:11";"1";"49";"49007";"2";"9";"2";"7";"DAVIERS BOULEVARD";"47,47858000";" -0,55621000"
"202300010009";"4";"06";"2023";"05:55";"4";"75";"75120";"2";"2";"1";"3";"RUE DE BAGNOLET";"48,85914900";"2,40212900"
"202300010010";"27";"04";"2023";"13:51";"1";"49";"49015";"2";"1";"2";"1";"COPERNIC RUE";"47,51628000";" -0,61165000"
"202300010011";"4";"06";"2023";"20:10";"1";"75";"75118";"2";"2";"1";"3";"RUE BOUCRY";"48,89406200";"2,36175800"
"202300010012";"27";"04";"2023";"14:03";"1";"49";"49007";"2";"2";"1";"3";"COPERNIC";"47,48287000";" -0,52237000"
"202300010013";"28";"04";"2023";"22:19";"5";"45";"45234";"2";"1";"1";"3";"Avenue Roger Secrétain";"47,87219000";"1,91259000"
"202300010014";"3";"06";"2023";"18:17";"1";"75";"75117";"2";"3";"1";"3";"AVENUE DE VILLIERS";"48,88515400";"2,29565900"
"202300010015";"4";"06";"2023";"12:35";"1";"75";"75114";"2";"1";"1";"6";"BOULEVARD BRUNE";"48,82464400";"2,31952900"
"202300010016";"28";"04";"2023";"20:10";"1";"44";"44162";"2";"1";"1";"3";"57 Boulevard du Massacre";"47,23350000";" -1,59000000"
"202300010017";"28";"04";"2023";"13:45";"1";"38";"38151";"2";"1";"1";"6";"AVENUE PAUL VAILLANT-COUTURIER";"45,14896000";"5,70265000"
"202300010018";"4";"06";"2023";"20:30";"2";"75";"75112";"2";"2";"7";"3";"BOULEVARD PONIATOWSKI";"48,83182500";"2,39767000"
"202300010019";"4";"06";"2023";"06:30";"1";"75";"75103";"2";"7";"1";"2";"PLACE DE LA REPUBLIQUE";"48,86795500";"2,36239000"
"202300010020";"27";"04";"2023";"08:10";"1";"38";"38421";"2";"3";"7";"3";"RUE HENRI WALLON";"45,17284000";"5,75864000"
"202300010021";"4";"06";"2023";"06:20";"2";"75";"75111";"2";"1";"1";"6";"BOULEVARD DE BELLEVILLE";"48,87002100";"2,37909800"
"202300010022";"28";"04";"2023";"18:30";"1";"37";"37261";"2";"1";"1";"6";"VAILLANT (RUE EDOUARD)";"47,38025000";"0,70814000"
"202300010023";"4";"06";"2023";"01:00";"5";"75";"75108";"2";"2";"1";"3";"RUE DE MIROMESNIL";"48,87654400";"2,31568000"
"202300010024";"28";"04";"2023";"18:25";"1";"37";"37261";"2";"6";"1";"3";"POMPIDOU (AVENUE GEORGES)";"47,39484000";"0,70463000"
"202300010025";"28";"04";"2023";"14:05";"1";"33";"33063";"2";"2";"1";"6";"Cours de l'Yser";"44,82977479";" -0,56805700"
"202300010026";"3";"06";"2023";"16:30";"1";"75";"75116";"2";"2";"1";"3";"AVENUE DU MAHATMA GANDHI";"48,87584400";"2,26219600"
"202300010027";"22";"03";"2023";"13:40";"1";"30";"30189";"2";"2";"1";"1";"avenue kenndy";"43,82618000";"4,33236800"
"202300010028";"27";"04";"2023";"17:50";"1";"29";"29019";"2";"3";"2";"2";"rue de Kervao";"48,42217949";" -4,50025499"
"202300010029";"4";"06";"2023";"18:40";"1";"94";"94074";"2";"1";"1";"6";"Avenue Julien Duranton";"48,76087700";"2,44948200"
"202300010030";"28";"04";"2023";"15:20";"1";"28";"28134";"1";"1";"1";"2";"RN 12 (LES CHATELETS)";"48,74470000";"1,39165000"
"202300010031";"4";"06";"2023";"14:00";"1";"94";"94078";"2";"3";"7";"3";"Avenue du 8 Mai 1945";"48,72761782";"2,44548033"
"202300010032";"27";"04";"2023";"18:00";"1";"27";"27681";"2";"1";"2";"3";"BONNARD (RUE PIERRE)";"49,10130000";"1,48597000"
"202300010033";"28";"04";"2023";"18:20";"1";"25";"25580";"2";"1";"1";"6";"GEROME (ALLEE JEAN-LEON)";"47,47854500";"6,82944400"
"202300010034";"4";"06";"2023";"09:15";"1";"94";"94081";"2";"3";"1";"3";"Avenue de la République";"48,80242000";"2,39725000"
"202300010035";"28";"04";"2023";"01:30";"5";"25";"25056";"2";"1";"9";"6";"MALCOMBE  CHEMIN DE LA";"47,22446000";"5,98344000"
"202300010036";"3";"04";"2023";"23:33";"5";"94";"94077";"2";"9";"1";"6";"D136";"48,73082200";"2,42545800"
"202300010037";"28";"04";"2023";"10:35";"1";"13";"13103";"2";"9";"1";"6";"BOULEVARD JOLY - VICTOR";"43,63839616";"5,09529997"
"202300010038";"4";"06";"2023";"00:40";"5";"94";"94073";"2";"1";"1";"6";"Avenue du Luxembourg";"48,75648200";"2,37400500"
"202300010039";"27";"04";"2023";"19:58";"1";"10";"10333";"2";"1";"1";"6";"CROIX BLANCHE (RUE DE LA )";"48,27769000";"4,05440000"
"202300010040";"28";"04";"2023";"14:00";"1";"07";"07281";"1";"1";"1";"7";"C.D.533";"44,93862000";"4,83090000"
"202300010041";"4";"06";"2023";"12:40";"1";"94";"94019";"2";"1";"1";"4";"40 Rue de Sucy";"48,78771096";"2,52068156"
"202300010042";"28";"04";"2023";"12:00";"1";"07";"07102";"2";"1";"1";"7";"Chemin des MULETS";"44,93876000";"4,85839000"
"202300010043";"28";"04";"2023";"03:20";"5";"06";"06069";"2";"9";"1";"6";"BAUDOIN (AVENUE YVES EMMAUEL)  -D2085-";"43,65777000";"6,91879000"
"202300010044";"4";"06";"2023";"03:00";"5";"93";"93073";"2";"1";"1";"6";"Onzieme Avenue";"48,96540053";"2,57298276"
"202300010045";"27";"04";"2023";"23:30";"5";"75";"75116";"2";"1";"2";"2";"BD PERIPHERIQUE INTERIEUR";"48,87357800";"2,27529500"
"202300010046";"27";"04";"2023";"16:55";"1";"75";"75114";"2";"1";"1";"2";"BD PERIPHERIQUE INTERIEUR";"48,81922800";"2,32961400"
"202300010047";"4";"06";"2023";"15:30";"1";"93";"93072";"2";"1";"1";"3";"Avenue Gaston Monmousseau";"48,94889777";"2,39011497"
"202300010048";"27";"04";"2023";"08:20";"1";"75";"75118";"2";"1";"1";"3";"BD PERIPHERIQUE EXTERIEUR PORTE DE CLIGNANCOURT";"48,90119400";"2,35074700"
"202300010049";"26";"04";"2023";"13:20";"1";"75";"75116";"2";"1";"1";"5";"PORTE MAILLOT";"48,86978400";"2,27168400"
"202300010050";"3";"06";"2023";"23:15";"5";"93";"93064";"2";"1";"1";"2";"Avenue de la République";"48,86824977";"2,48504812"
"202300010051";"26";"04";"2023";"23:20";"5";"75";"75120";"2";"1";"1";"4";"PORTE DE BAGNOLET";"48,85187300";"2,41495800"
"202300010052";"28";"04";"2023";"00:05";"5";"75";"75119";"2";"9";"2";"7";"PLACE SKANDERBEG";"48,90122300";"2,37070300"
"202300010053";"3";"06";"2023";"23:45";"5";"93";"93055";"2";"3";"1";"3";"Avenue Jean Lolive / Rue Lépine";"48,89445000";"2,41976000"
"202300010054";"28";"04";"2023";"09:30";"1";"75";"75117";"2";"1";"1";"7";"BOULEVARD DE DOUAUMONT";"48,89536800";"2,30731900"
"202300010055";"28";"04";"2023";"02:20";"5";"75";"75116";"2";"1";"3";"7";"AVENUE DE VERSAILLES";"48,84323500";"2,26954200"
"202300010056";"4";"06";"2023";"18:40";"1";"93";"93053";"2";"4";"7";"1";"Rue de la Chasse / Boulevard Gabriel Péri";"48,88007000";"2,46079000"
"202300010057";"26";"04";"2023";"23:50";"5";"75";"75116";"2";"2";"8";"6";"AVENUE DES NATIONS UNIES";"48,86083800";"2,29132900"
"202300010058";"4";"06";"2023";"17:45";"1";"93";"93051";"2";"3";"1";"3";"Quai de la Rive Charmante / Rue Suzanne";"48,85384000";"2,54485000"
"202300010059";"27";"04";"2023";"21:10";"5";"75";"75114";"2";"7";"2";"3";"PLACE DENFERT ROCHEREAU";"48,83369600";"2,33179900"
"202300010060";"28";"04";"2023";"16:00";"1";"75";"75113";"2";"3";"1";"3";"PONT D AUSTERLITZ";"48,84442397";"2,36503243"
"202300010061";"4";"06";"2023";"14:30";"1";"93";"93051";"2";"2";"1";"3";"Avenue du Marechal Joffre / Rue de la République";"48,84663000";"2,55640000"
"202300010062";"28";"04";"2023";"14:40";"1";"75";"75112";"2";"1";"1";"5";"BOULEVARD DE PICPUS";"48,84210800";"2,40136500"
"202300010063";"28";"04";"2023";"12:05";"1";"75";"75111";"2";"2";"1";"3";"AVENUE DE LA REPUBLIQUE";"48,86616600";"2,36963200"
"202300010064";"27";"04";"2023";"23:20";"5";"75";"75110";"2";"2";"2";"3";"RUE D ENGHIEN";"48,87211800";"2,35004000"
"202300010065";"4";"06";"2023";"18:50";"1";"93";"93050";"2";"2";"1";"6";"Rue d'Avron / Rue des Glycines";"48,85918124";"2,52420041"
"202300010066";"28";"04";"2023";"02:55";"5";"75";"75116";"2";"3";"3";"2";"BOULEVARD DE BEAUSEJOUR";"48,85661500";"2,26632100"
"202300010067";"4";"06";"2023";"22:00";"2";"93";"93046";"2";"1";"1";"3";"Boulevard de l'Europe";"48,92818913";"2,55199513"
"202300010068";"4";"06";"2023";"20:30";"1";"93";"93029";"2";"1";"1";"3";"Avenue Henri Barbusse";"48,91558535";"2,44241148"
"202300010069";"4";"06";"2023";"18:30";"1";"93";"93057";"2";"1";"1";"4";"Avenue Aristide Briand";"48,91000623";"2,50878553"
"202300010070";"4";"06";"2023";"21:00";"1";"93";"93007";"2";"1";"1";"2";"Avenue du Marechal Foch";"48,92775000";"2,46653000"
"202300010071";"22";"11";"2023";"08:50";"1";"75";"75120";"2";"1";"1";"2";"BD PERIPHERIQUE INTERIEUR PORTE DE MONTREUIL";"48,85544700";"2,41382600"
"202300010072";"4";"06";"2023";"16:19";"1";"92";"92050";"2";"9";"1";"2";"USINE ELECTRIQUE CHEMIN D'ACCES";"48,90755226";"2,21192658"
"202300010073";"21";"11";"2023";"21:00";"5";"75";"75112";"2";"1";"1";"5";"PORTE DOREE";"48,83410200";"2,40929000"
"202300010074";"3";"06";"2023";"12:20";"1";"59";"59594";"2";"1";"1";"2";"Rue Alphonse Dussart";"50,49363300";"3,44754500"
"202300010075";"21";"11";"2023";"19:20";"5";"75";"75112";"2";"1";"8";"2";"PORTE DE VINCENNES";"48,84653800";"2,41435600"
"202300010076";"3";"06";"2023";"15:25";"1";"39";"39085";"1";"1";"8";"7";"N/A";"46,73356600";"6,10636000"
"202300010077";"23";"11";"2023";"16:55";"2";"75";"75119";"2";"2";"1";"2";"RUE DE MEAUX";"48,88281500";"2,37569200"
"202300010078";"3";"06";"2023";"15:15";"1";"35";"35328";"1";"1";"1";"3";"METAIRIE NEUVE";"47,78374400";" -2,07128700"
"202300010079";"23";"11";"2023";"10:00";"1";"75";"75119";"2";"5";"2";"2";"PLACE DE LA BATAILLE DE STALINGRAD";"48,88280600";"2,37030500"
"202300010080";"30";"05";"2023";"14:30";"1";"50";"50493";"2";"4";"1";"7";"route du village pestour";"48,79820300";" -1,47825100"
"202300010081";"23";"11";"2023";"16:03";"1";"75";"75117";"2";"3";"8";"3";"BOULEVARD PEREIRE";"48,88630000";"2,30058200"
"202300010082";"4";"06";"2023";"23:00";"3";"37";"37123";"1";"1";"1";"6";"L'Aurore";"47,36655002";"0,37259102"
"202300010083";"23";"11";"2023";"10:20";"1";"75";"75117";"2";"1";"8";"2";"RUE JOUFFROY D ABBANS";"48,88233600";"2,30208800"
"202300010084";"3";"06";"2023";"17:00";"1";"86";"86153";"2";"1";"1";"7";"Route de Poitiers";"46,40633300";"0,69466800"
"202300010085";"22";"11";"2023";"16:55";"2";"75";"75116";"2";"1";"1";"3";"AVENUE FOCH";"48,87261900";"2,27939700"
"202300010086";"4";"06";"2023";"07:30";"1";"2A";"2A211";"1";"1";"1";"6";"T40";"41,76493400";"8,95082100"
"202300010087";"23";"11";"2023";"22:00";"5";"75";"75115";"2";"1";"1";"6";"VILLA SAINT CHARLES";"48,84584400";"2,28368800"
"202300010088";"22";"11";"2023";"11:30";"1";"75";"75115";"2";"1";"1";"3";"QUAI BRANLY";"48,85588800";"2,28978600"
"202300010089";"3";"06";"2023";"17:10";"1";"38";"38336";"1";"3";"1";"3";"D4G";"45,49262300";"4,82856600"
"202300010090";"22";"11";"2023";"19:30";"2";"75";"75115";"2";"5";"1";"6";"BOULEVARD DU MONTPARNASSE";"48,84507500";"2,32004600"
"202300010091";"22";"11";"2023";"19:00";"2";"75";"75115";"2";"1";"1";"7";"VILLA THORETON";"48,83823300";"2,28369300"
"202300010092";"5";"06";"2023";"13:20";"1";"86";"86128";"2";"2";"1";"3";"Rue du Stade";"46,81863000";"0,33175700"
"202300010093";"23";"11";"2023";"13:50";"1";"75";"75114";"2";"2";"1";"5";"BOULEVARD BRUNE";"48,82368100";"2,32317200"
"202300010094";"23";"11";"2023";"17:35";"5";"75";"75111";"2";"1";"8";"6";"RUE DES TAILLANDIERS";"48,85366900";"2,37556500"
"202300010095";"4";"06";"2023";"18:45";"1";"66";"66190";"1";"1";"1";"5";"";"42,86007000";"2,96622300"
"202300010096";"23";"11";"2023";"15:35";"1";"75";"75111";"2";"1";"1";"3";"RUE DU FAUBOURG SAINT ANTOINE";"48,85282500";"2,37105200"
"202300010097";"3";"06";"2023";"14:35";"1";"66";"66144";"1";"1";"1";"3";"";"42,64391800";"2,86114500"
"202300010098";"23";"11";"2023";"06:40";"5";"75";"75111";"2";"3";"1";"3";"AVENUE PARMENTIER";"48,86861800";"2,37208500"
"202300010099";"23";"11";"2023";"20:00";"5";"75";"75108";"2";"3";"1";"6";"AVENUE DES CHAMPS ELYSEES";"48,86708900";"2,31604000"
"202300010100";"4";"06";"2023";"11:55";"1";"52";"52114";"1";"2";"1";"3";"D65";"47,98106000";"4,89387300"
"202300010101";"23";"11";"2023";"09:40";"1";"75";"75108";"2";"2";"2";"3";"RUE MARBEUF";"48,86723400";"2,30192700"
"202300010102";"4";"06";"2023";"19:40";"1";"95";"95052";"1";"1";"7";"1";"D922";"49,14674900";"2,29950600"
"202300010103";"22";"11";"2023";"13:30";"1";"94";"94028";"2";"2";"1";"3";"Rue Emmanuel Chabrier";"48,77780000";"2,46259000"
"202300010104";"30";"12";"2023";"04:00";"3";"13";"13206";"2";"1";"1";"2";"BRETEUIL (RUE)";"43,28634000";"5,37743000"
"202300010105";"22";"11";"2023";"09:35";"1";"94";"94028";"2";"1";"1";"3";"Avenue François Mitterrand";"48,76959000";"2,46441000"
"202300010106";"29";"12";"2023";"23:30";"3";"13";"13047";"1";"4";"1";"1";"LAVALDUC CHEMIN DE";"43,47461000";"4,97766000"
"202300010107";"5";"06";"2023";"09:03";"1";"57";"57469";"1";"1";"1";"6";"D38";"48,85688700";"6,95914100"
"202300010108";"22";"11";"2023";"22:30";"5";"94";"94022";"2";"9";"1";"3";"Avenue Léon Gourdault";"48,76418974";"2,40546727"
"202300010109";"30";"12";"2023";"23:36";"5";"06";"06155";"2";"3";"1";"3";"LIBERTE AV.DE LA";"43,56607800";"7,07020300"
"202300010110";"23";"11";"2023";"11:25";"1";"94";"94079";"2";"9";"2";"6";"Rue Jean Jaurès";"48,82793000";"2,53012000"
"202300010111";"30";"12";"2023";"22:46";"5";"75";"75106";"2";"3";"1";"6";"CARREFOUR ODEON";"48,85227964";"2,33873069"
"202300010112";"30";"05";"2023";"12:40";"1";"71";"71195";"1";"1";"1";"6";"A6, PK 364+400 sens L/P";"46,50676100";"4,90772600"
"202300010113";"30";"12";"2023";"05:15";"5";"75";"75120";"2";"2";"1";"3";"AVENUE DU DOCTEUR GLEY";"48,87799400";"2,40951000"
"202300010114";"23";"11";"2023";"07:45";"2";"94";"94004";"1";"1";"1";"4";"Av du Mal de Lattre de Tassigny";"48,73280000";"2,52205000"
"202300010115";"23";"11";"2023";"10:50";"2";"94";"94002";"1";"6";"1";"6";"Allée Jean-baptiste Preux";"48,77903000";"2,42554000"
"202300010116";"30";"12";"2023";"16:15";"1";"75";"75119";"2";"1";"1";"3";"AVENUE DE FLANDRE";"48,88664300";"2,37201100"
"202300010117";"23";"11";"2023";"18:15";"5";"93";"93046";"2";"1";"1";"6";"Chemin de la Mare au Chanvre";"48,92961177";"2,54050586"
"202300010118";"2";"06";"2023";"17:20";"1";"85";"85209";"2";"1";"1";"5";"Route de fontenay le comte";"46,52595000";" -0,99758800"
"202300010119";"30";"12";"2023";"15:40";"1";"75";"75111";"2";"2";"1";"3";"RUE RAMPON";"48,86627700";"2,36742700"
"202300010120";"22";"04";"2023";"11:15";"1";"88";"88075";"2";"3";"1";"1";"Rue Mougel Bey";"48,00624400";"6,87430300"
"202300010121";"23";"11";"2023";"09:45";"1";"92";"92064";"2";"1";"2";"3";"MARCEL DASSAULT";"48,85953344";"2,22421771"
"202300010122";"4";"06";"2023";"16:14";"1";"974";"97404";"2";"1";"1";"6";"Rue Lambert";" -21,25655700";"55,37427500"
"202300010123";"30";"12";"2023";"16:10";"1";"75";"75110";"2";"5";"1";"3";"RUE LA FAYETTE";"48,87852400";"2,35404800"
"202300010124";"9";"07";"2023";"13:05";"1";"976";"97611";"2";"3";"1";"3";"kaweni-Poste ( rue de la )";" -12,77166000";"45,22306000"
"202300010125";"23";"11";"2023";"18:45";"5";"92";"92051";"2";"2";"1";"3";"BINEAU (BOULEVARD, N°133 A 217 ET 134 A";"48,89234567";"2,26893461"
"202300010126";"4";"06";"2023";"17:20";"1";"26";"26337";"1";"1";"8";"3";"Autoroute A7";"44,71728600";"4,78551700"
"202300010127";"30";"12";"2023";"14:45";"1";"75";"75108";"2";"2";"1";"6";"RUE MARBEUF";"48,86796300";"2,30279700"
"202300010128";"9";"07";"2023";"13:00";"1";"974";"97411";"1";"1";"1";"5";"MONTAGNE (ROUTE DE LA)";" -20,88784000";"55,44097000"
"202300010129";"23";"11";"2023";"13:50";"1";"92";"92026";"2";"2";"1";"3";"VERDUN (DE 62 A FIN)";"48,90042737";"2,26079598"
"202300010130";"30";"12";"2023";"17:15";"2";"94";"94028";"2";"1";"1";"2";"Avenue du Chemin-de-mesly";"48,78410529";"2,45985147"
"202300010131";"9";"07";"2023";"12:10";"1";"974";"97407";"2";"1";"1";"2";"VERGES(AVENUE)";" -20,93956000";"55,30443000"
"202300010132";"27";"05";"2023";"11:50";"1";"26";"26106";"1";"1";"1";"4";"A7";"44,64629200";"4,79257100"
"202300010133";"22";"11";"2023";"07:50";"5";"35";"35088";"2";"2";"1";"3";"37 Boulevard de la Gare";"47,98142700";" -1,58235300"
"202300010134";"30";"12";"2023";"13:35";"1";"94";"94019";"2";"1";"8";"2";"Rue de Sucy";"48,78993000";"2,52225000"
"202300010135";"4";"06";"2023";"19:45";"1";"86";"86268";"1";"1";"1";"7";"La Nivardière";"46,51827200";"0,53876600"
"202300010136";"8";"07";"2023";"16:15";"1";"974";"97407";"2";"1";"1";"3";"19 MARS 1946(AVENUE DU)";" -20,94976000";"55,29790000"
"202300010137";"23";"11";"2023";"15:25";"1";"17";"17373";"1";"1";"8";"7";"N/A";"46,15628900";" -0,95974500"
"202300010138";"4";"06";"2023";"09:20";"1";"21";"21463";"1";"1";"1";"6";"autoroute A6 pk 248.700 sens Paris - Lyon";"47,35591900";"4,43579800"
"202300010139";"30";"12";"2023";"13:50";"1";"93";"93053";"2";"3";"1";"6";"Rue Condorcet / Rue Marcellin Berthelot";"48,88902000";"2,45677000"
"202300010140";"8";"07";"2023";"11:20";"1";"973";"97302";"2";"2";"1";"3";"MONTABO (ROUTE DE) 1";"4,94437459";" -52,30984300"
"202300010141";"23";"11";"2023";"21:00";"5";"57";"57592";"2";"1";"2";"2";"D43";"48,83091000";"7,01987700"
"202300010142";"4";"06";"2023";"13:45";"1";"42";"42182";"1";"2";"1";"3";"D8";"46,04536100";"3,93365800"
"202300010143";"9";"07";"2023";"19:00";"1";"69";"69387";"2";"3";"1";"6";"Rue de Marseille";"45,75259000";"4,84070000"
"202300010144";"30";"12";"2023";"01:00";"5";"93";"93049";"2";"3";"1";"7";"Boulevard Galliéni / Boulevard Ferdinand Buisson";"48,85345085";"2,51619588"
"202300010145";"4";"06";"2023";"20:02";"1";"91";"91458";"1";"6";"7";"7";"D35";"48,66079500";"2,22445800"
"202300010146";"24";"11";"2023";"07:45";"1";"974";"97404";"2";"3";"1";"3";"Route des Canots";" -21,25841600";"55,36093400"
"202300010147";"8";"07";"2023";"23:35";"3";"972";"97213";"1";"1";"2";"3";"ROUTE DEPARTEMENTALE 15";"14,63896440";" -61,01030970"
"202300010148";"23";"11";"2023";"16:30";"2";"83";"83086";"1";"1";"1";"6";"D47";"43,51437400";"6,62573200"
"202300010149";"30";"12";"2023";"22:15";"5";"93";"93046";"2";"9";"1";"3";"Avenue Aristide Briand";"48,91127000";"2,51669300"
"202300010150";"3";"06";"2023";"18:55";"3";"974";"97414";"1";"1";"1";"4";"RN1";" -21,28471100";"55,39465700"
"202300010151";"24";"11";"2023";"10:30";"1";"59";"59653";"2";"1";"1";"6";"Rue Roger Salengro";"50,56748700";"2,94109000"
"202300010152";"9";"07";"2023";"19:15";"4";"972";"97209";"2";"2";"1";"3";"LEOPOLD SEDAR SENGOR (AVENUE)";"14,61361000";" -61,04673000"
"202300010153";"3";"06";"2023";"09:00";"1";"58";"58086";"2";"1";"1";"2";"61 Rue Fontaine Saint Laurent";"47,41895200";"2,93716200"
"202300010154";"30";"12";"2023";"07:30";"2";"93";"93046";"2";"3";"1";"2";"Place de la Libération / Rue de l'Eglise";"48,92255000";"2,54411000"
"202300010155";"4";"06";"2023";"19:24";"1";"59";"59257";"1";"1";"1";"7";"Rue du Vert Touquet";"50,61822500";"2,85178900"
"202300010156";"30";"12";"2023";"00:30";"5";"93";"93074";"2";"9";"2";"7";"Rue de Sevran / Rue de Meaux";"48,93377000";"2,56049000"
"202300010157";"8";"07";"2023";"04:30";"3";"971";"97101";"1";"9";"1";"4";"PERRIN";"16,29410000";" -61,50140000"
"202300010158";"23";"11";"2023";"20:35";"3";"60";"60101";"2";"1";"1";"3";"Rue de la Croix Blanche";"49,08860900";"2,86560800"
"202300010159";"3";"06";"2023";"16:10";"1";"72";"72260";"1";"1";"1";"3";"Route de Brette les Pins";"47,93164000";"0,28393000"
"202300010160";"8";"07";"2023";"23:30";"5";"971";"97107";"2";"3";"1";"7";"DUMANOIR ( ALLEE )";"16,03437600";" -61,57839190"
"202300010161";"30";"12";"2023";"17:45";"2";"93";"93032";"2";"1";"2";"3";"Rue Paul Vaillant Couturier";"48,87260838";"2,55373518"
"202300010162";"23";"11";"2023";"18:35";"5";"30";"30047";"2";"1";"1";"3";"Route de Nîmes";"43,80078900";"4,42102500"
"202300010163";"4";"06";"2023";"17:50";"1";"44";"44113";"1";"1";"1";"1";"";"47,60284300";" -1,56278900"
"202300010164";"8";"07";"2023";"21:16";"2";"91";"91347";"2";"1";"1";"3";"RUE DE LORMOY";"48,63763000";"2,28992000"
"202300010165";"23";"11";"2023";"10:00";"1";"51";"51169";"1";"1";"1";"6";"D55";"48,57253200";"4,43561200"
"202300010166";"5";"06";"2023";"01:50";"3";"14";"14120";"1";"1";"1";"6";"A84";"49,05059000";" -0,74167400"
"202300010167";"30";"12";"2023";"18:15";"5";"93";"93031";"2";"1";"1";"4";"Avenue d'Enghien";"48,95927000";"2,30823000"
"202300010168";"8";"07";"2023";"15:55";"1";"91";"91201";"2";"2";"1";"3";"AV DE L EUROPE";"48,68353000";"2,43204000"
"202300010169";"23";"11";"2023";"18:30";"5";"56";"56186";"2";"1";"1";"3";"Avenue du General de Gaulle";"47,49102400";" -3,12151300"
"202300010170";"30";"12";"2023";"13:15";"1";"93";"93014";"2";"1";"2";"3";"Allée de Montfermeil";"48,89931500";"2,54063800"
"202300010171";"3";"06";"2023";"11:05";"1";"44";"44089";"1";"1";"1";"5";"";"47,34425700";" -1,85151300"
"202300010172";"30";"12";"2023";"20:45";"5";"92";"92078";"2";"1";"1";"6";"PROMENADE (VOIE) (90 A 114)";"48,93417924";"2,32900947"
"202300010173";"7";"07";"2023";"18:45";"1";"91";"91433";"1";"1";"1";"4";"R.D. 20";"48,45897000";"2,17764000"
"202300010174";"23";"11";"2023";"16:45";"1";"76";"76673";"1";"1";"8";"5";"RN31";"49,46134368";"1,27359366"
"202300010175";"3";"06";"2023";"12:45";"1";"50";"50592";"1";"4";"1";"3";"La Hoguette - Pont Farcy";"48,93472900";" -1,04294500"
"202300010176";"9";"07";"2023";"19:15";"1";"81";"81060";"2";"1";"1";"2";"JAURES ( AVENUE JEAN )";"44,04971000";"2,15599000"
"202300010177";"24";"11";"2023";"01:45";"3";"2A";"2A271";"1";"1";"1";"6";"D1";"42,00074000";"8,84030300"
"202300010178";"29";"12";"2023";"17:45";"3";"92";"92078";"2";"3";"2";"3";"VIEUX CHEMIN DE ST DENIS (AVENUE)";"48,92975170";"2,32603356"
"202300010179";"3";"06";"2023";"20:55";"2";"63";"63116";"1";"1";"3";"6";"A89 PK357+150 vers CLERMONT-FERRAND";"45,97316391";"3,07937367"
"202300010180";"9";"07";"2023";"18:20";"1";"71";"71475";"1";"1";"1";"1";"BUXY (ROUTE DE )";"46,76456000";"4,84151000"
"202300010181";"24";"11";"2023";"11:15";"1";"80";"80360";"1";"1";"1";"2";"D925";"50,07410800";"1,56915700"
"202300010182";"30";"12";"2023";"11:53";"1";"92";"92049";"2";"1";"1";"6";"BARBES RUE";"48,81729000";"2,32882000"
"202300010183";"4";"06";"2023";"16:10";"1";"62";"62306";"1";"1";"1";"6";"D9E2";"50,16222700";"2,81751900"
"202300010184";"9";"07";"2023";"01:20";"3";"67";"67482";"2";"1";"1";"6";"RHIN TORTU (RUE DU)";"48,55245000";"7,75795000"
"202300010185";"23";"11";"2023";"22:01";"4";"82";"82149";"1";"1";"1";"4";"Réalville";"44,13651500";"1,50710100"
"202300010186";"3";"06";"2023";"17:25";"1";"34";"34088";"1";"3";"1";"3";"RM5";"43,56016500";"3,72874300"