"Num_Acc";"jour";"mois";"an";"hrmn";"lum";"dep";"com";"agg";"int";"atm";"col";"adr";"lat";"long"
"202300010784";"29";"12";"2023";"17:20";"5";"12";"12026";"2";"1";"1";"4";"Avenue Claude Salles";"44,39375600";"2,77761300"
"202300010785";"9";"07";"2023";"13:00";"1";"34";"34143";"1";"1";"1";"5";"RD 613";"43,43909273";"3,62463559"
"202300010786";"4";"06";"2023";"15:40";"1";"34";"34327";"2";"3";"1";"1";"8 Chemin des 4 Coins";"43,65615900";"3,96217000"
"202300010787";"21";"03";"2023";"12:30";"1";"53";"53121";"2";"1";"1";"1";"route des rabelais";"48,41535900";" -0,34012600"
"202300010788";"12";"12";"2023";"09:00";"1";"34";"34332";"2";"3";"1";"3";"Boulevard de la Liberte";"43,31092400";"3,41868500"
"202300010789";"9";"07";"2023";"17:50";"1";"83";"83035";"1";"3";"7";"1";"5471Route des Hauts du Camp";"43,25513500";"5,75874600"
"202300010790";"15";"08";"2023";"19:45";"1";"33";"33529";"1";"1";"1";"4";"RD 1250 (OUSTALET - BONNEVAL)";"44,61483000";" -1,14306000"
"202300010791";"21";"11";"2023";"19:30";"5";"10";"10387";"2";"4";"2";"3";"GAMBETTA (RUE)";"48,29771000";"4,06709000"
"202300010792";"30";"12";"2023";"16:35";"1";"68";"68216";"2";"1";"1";"7";"29 Rue Principale";"47,51137800";"7,21598400"
"202300010793";"4";"06";"2023";"17:45";"1";"13";"13015";"2";"1";"3";"1";"D6b";"43,42356500";"5,38877200"
"202300010794";"14";"08";"2023";"16:55";"1";"17";"17415";"2";"9";"1";"7";"FENETRE RUE DE LA";"45,75535400";" -0,63450800"
"202300010795";"9";"07";"2023";"21:10";"2";"83";"83042";"2";"6";"1";"1";"D558";"43,25658400";"6,53211800"
"202300010796";"20";"03";"2023";"20:15";"3";"27";"27019";"1";"2";"1";"3";"pk 37 N12";"48,67851900";"0,79907600"
"202300010797";"21";"11";"2023";"17:45";"5";"10";"10387";"2";"3";"1";"3";"ST DOMINIQUE (MAIL)";"48,29474000";"4,08261000"
"202300010798";"14";"12";"2023";"17:00";"3";"70";"70405";"1";"1";"2";"1";"N57";"47,49699500";"6,10955700"
"202300010799";"3";"06";"2023";"22:00";"5";"13";"13041";"2";"9";"1";"6";"rue Franklin";"43,45623300";"5,46912800"
"202300010800";"15";"08";"2023";"23:52";"5";"17";"17306";"2";"2";"1";"3";"CLEMENCEAU  GEORGES (BD)";"45,63143000";" -1,02969000"
"202300010801";"9";"07";"2023";"11:30";"1";"04";"04039";"1";"1";"1";"1";"RD 952";"43,83483600";"6,49326300"
"202300010802";"21";"03";"2023";"01:50";"3";"87";"87028";"1";"1";"1";"6";"D4";"46,17471600";"0,85327500"
"202300010803";"29";"12";"2023";"16:53";"1";"14";"14406";"1";"1";"1";"6";"D93";"49,25572700";" -0,52026400"
"202300010804";"21";"11";"2023";"16:53";"2";"10";"10387";"2";"1";"8";"2";"FAUBOURG CRONCELS (RUE DU)";"48,28181000";"4,07966000"
"202300010805";"15";"08";"2023";"22:30";"3";"14";"14715";"1";"1";"1";"6";"47 Route de Honfleur";"49,38106000";"0,10093000"
"202300010806";"8";"07";"2023";"07:42";"1";"13";"13007";"2";"1";"1";"2";"D560";"43,36939200";"5,65730500"
"202300010807";"3";"06";"2023";"21:20";"2";"70";"70081";"1";"1";"1";"1";"D143";"47,69293000";"6,42531300"
"202300010808";"29";"12";"2023";"11:30";"1";"64";"64294";"1";"1";"1";"7";"lieu-dit le chäteau";"43,38486600";" -1,05784500"
"202300010809";"20";"03";"2023";"14:30";"1";"30";"30018";"1";"1";"1";"1";"N/A";"43,81950000";"4,05240000"
"202300010810";"21";"11";"2023";"13:17";"1";"10";"10387";"2";"3";"1";"1";"MARGUERITE BOURGEOYS (RUE)";"48,29699000";"4,08441000"
"202300010811";"15";"08";"2023";"00:55";"5";"13";"13213";"2";"3";"1";"3";"BARA (BOULEVARD)";"43,34763000";"5,44881000"
"202300010812";"5";"06";"2023";"00:55";"3";"89";"89067";"2";"1";"1";"6";"Rue du Moulin d'En Haut";"47,99207200";"3,33999400"
"202300010813";"29";"12";"2023";"19:00";"3";"04";"04121";"1";"1";"1";"6";"D907";"44,01125700";"6,20729700"
"202300010814";"9";"07";"2023";"11:15";"1";"13";"13022";"1";"1";"1";"1";"CD559";"43,23486875";"5,51200505"
"202300010815";"16";"03";"2023";"14:15";"1";"67";"67324";"2";"1";"7";"6";"Rue Clemenceau";"48,95071100";"7,64206400"
"202300010816";"22";"11";"2023";"14:50";"1";"06";"06088";"2";"1";"1";"6";"KLEIN (PL. YVES)";"43,70172000";"7,27848000"
"202300010817";"29";"05";"2023";"18:27";"1";"67";"67160";"1";"1";"7";"6";"D28";"48,93958500";"7,76369700"
"202300010818";"8";"07";"2023";"17:00";"1";"71";"71193";"1";"1";"1";"6";"D67";"46,60245700";"4,80207700"
"202300010819";"7";"10";"2023";"02:00";"3";"35";"35275";"1";"1";"1";"1";"la Croix Denieul";"48,16853743";" -1,84158862"
"202300010820";"15";"08";"2023";"15:20";"1";"13";"13209";"2";"1";"1";"3";"COL DE LA GINESTE D559";"43,23782304";"5,49341257"
"202300010821";"5";"06";"2023";"09:30";"1";"55";"55178";"1";"1";"1";"6";"D6";"48,80092800";"5,29335000"
"202300010822";"22";"11";"2023";"09:27";"1";"06";"06088";"2";"3";"1";"3";"ANGLAIS (DU N° 114 AU N° 263)";"43,67832000";"7,22948000"
"202300010823";"7";"07";"2023";"17:10";"1";"21";"21352";"2";"1";"1";"6";"N/A";"47,21034992";"5,25269788"
"202300010824";"30";"12";"2023";"03:10";"3";"06";"06085";"2";"1";"1";"7";"333 Boulevard Georges Courteline";"43,59837400";"6,99670300"
"202300010825";"29";"12";"2023";"22:00";"3";"987";"98715";"1";"1";"1";"7";"Sortie RDO PUURAI dans le sens faaa - papeete";" -17,58400000";" -149,56000000"
"202300010826";"8";"07";"2023";"11:55";"1";"68";"68199";"2";"1";"1";"6";"12 Allee de la Filature";"47,86438000";"7,03825000"
"202300010827";"20";"11";"2023";"08:00";"1";"06";"06027";"2";"6";"1";"6";"ALPES AVENUE DES";"43,66277910";"7,13176660"
"202300010828";"14";"08";"2023";"09:57";"1";"13";"13202";"2";"1";"1";"1";"REPUBLIQUE (RUE DE LA)";"43,29780000";"5,37270000"
"202300010829";"2";"06";"2023";"10:55";"1";"54";"54176";"1";"3";"7";"3";"D914";"48,64799134";"6,48262560"
"202300010830";"21";"03";"2023";"14:25";"1";"33";"33042";"1";"1";"1";"2";"A63 - PK043.500";"44,47105500";" -0,82287200"
"202300010831";"30";"12";"2023";"03:05";"5";"38";"38382";"1";"1";"8";"6";"a.48 pk 090.500 direction lyon";"45,24200400";"5,65903200"
"202300010832";"22";"11";"2023";"14:30";"1";"04";"04070";"2";"1";"7";"6";"SOUSTRE (BD)";"44,09155000";"6,23689000"
"202300010833";"27";"07";"2023";"11:11";"1";"11";"11262";"2";"6";"1";"2";"N/A";"43,17583200";"3,02620000"
"202300010834";"29";"06";"2023";"13:30";"1";"67";"67046";"1";"2";"1";"1";"Rue de Rohrwiller";"48,76069400";"7,86944000"
"202300010835";"15";"08";"2023";"08:00";"1";"03";"03321";"1";"1";"2";"6";"RD 779";"46,57996000";"3,38602000"
"202300010836";"17";"11";"2023";"16:20";"2";"03";"03023";"1";"1";"1";"1";"Avenue Fernand Auberger";"46,10286300";"3,40162100"
"202300010837";"4";"06";"2023";"12:00";"1";"54";"54111";"1";"1";"1";"2";"chemin du charbonnier";"48,64390119";"6,07972026"
"202300010838";"6";"07";"2023";"18:20";"1";"88";"88078";"2";"4";"1";"3";"20bis Avenue de Lattre de Tassigny";"48,20617100";"6,71551100"
"202300010839";"15";"08";"2023";"03:20";"5";"75";"75120";"2";"4";"1";"6";"BOULEVARD PERIPHERIQUE EXTERIEUR";"48,87570100";"2,41014400"
"202300010840";"29";"12";"2023";"20:11";"3";"83";"83097";"1";"1";"1";"4";"autoroute A8 point routier 46+700 sens Est-Ouest";"43,47942500";"5,76074100"
"202300010841";"20";"03";"2023";"13:50";"1";"69";"69024";"1";"1";"1";"5";"L'Azergues";"45,93970600";"4,54386600"
"202300010842";"22";"11";"2023";"08:22";"1";"75";"75119";"2";"7";"1";"3";"AVENUE DE LA PORTE CHAUMONT";"48,88646000";"2,39440100"
"202300010843";"4";"06";"2023";"00:40";"3";"42";"42065";"1";"1";"3";"6";"Route de Rozier en Donzy";"45,78141600";"4,25373100"
"202300010844";"7";"07";"2023";"09:40";"1";"38";"38474";"2";"2";"1";"3";"Rue des Grands Champs";"45,21968300";"5,66107000"
"202300010845";"29";"12";"2023";"22:05";"3";"38";"38053";"1";"1";"1";"2";"A43";"45,60208900";"5,26228000"
"202300010846";"21";"03";"2023";"07:25";"1";"13";"13118";"1";"1";"7";"2";"A8 sens nord sud PK 005+000";"43,55509138";"5,27911986"
"202300010847";"7";"07";"2023";"17:50";"1";"01";"01276";"1";"1";"1";"1";"Rue du pont de jons";"45,81432000";"5,08568300"
"202300010848";"15";"08";"2023";"15:00";"1";"75";"75105";"2";"3";"1";"1";"QUAI SAINT MICHEL";"48,85331700";"2,34590500"
"202300010849";"22";"11";"2023";"16:00";"1";"75";"75116";"2";"3";"1";"3";"AVENUE VICTOR HUGO";"48,87196000";"2,29074200"
"202300010850";"30";"12";"2023";"11:15";"1";"973";"97305";"1";"1";"1";"3";"Route Nationale 1";"4,99159500";" -52,44990000"
"202300010851";"9";"07";"2023";"05:40";"2";"81";"81099";"1";"1";"1";"7";"12 Chemin de la Mousse";"43,91410600";"1,91897600"
"202300010852";"15";"08";"2023";"15:00";"1";"75";"75118";"2";"1";"1";"3";"BOULEVARD ORNANO";"48,89309700";"2,34840700"
"202300010853";"10";"07";"2023";"13:40";"1";"65";"65006";"1";"1";"1";"7";"D113 PK 19+500";"42,93894260";"0,28476415"
"202300010854";"12";"03";"2023";"11:56";"1";"988";"98821";"2";"3";"1";"3";"RT1/Entrée parking du magasin Korail";" -22,12960000";"166,36437400"
"202300010855";"22";"11";"2023";"09:40";"1";"75";"75116";"2";"3";"1";"3";"BOULEVARD SUCHET";"48,86263400";"2,26808200"
"202300010856";"9";"07";"2023";"11:50";"1";"29";"29057";"1";"1";"1";"7";"ZA la Grande Halte";"47,92545585";" -3,97493117"
"202300010857";"15";"08";"2023";"20:10";"2";"75";"75108";"2";"3";"1";"3";"BOULEVARD HAUSSMANN";"48,87408200";"2,32459300"
"202300010858";"29";"12";"2023";"16:40";"1";"44";"44020";"2";"1";"2";"7";"8 Rue Eugène Pottier";"47,17616000";" -1,62500600"
"202300010859";"15";"03";"2023";"16:30";"1";"06";"06147";"2";"1";"1";"1";"645 Boulevard Léon Sauvan";"43,78555400";"7,27162400"
"202300010860";"22";"11";"2023";"11:15";"1";"75";"75113";"2";"1";"1";"6";"RUE DU CHATEAU DES RENTIERS";"48,82708600";"2,36869600"
"202300010861";"15";"08";"2023";"12:00";"1";"93";"93046";"2";"2";"1";"3";"Boulevard Roger Salengro / Rue de Simiane";"48,91337000";"2,53023000"
"202300010862";"21";"03";"2023";"08:00";"1";"57";"57482";"1";"1";"8";"5";"D603";"49,11700600";"6,26490800"
"202300010863";"10";"07";"2023";"08:00";"1";"60";"60313";"2";"3";"1";"3";"D12";"49,36786000";"2,24623200"
"202300010864";"22";"11";"2023";"12:08";"1";"75";"75110";"2";"3";"1";"6";"QUAI DE JEMMAPES";"48,87105500";"2,36594400"
"202300010865";"15";"08";"2023";"15:30";"1";"93";"93001";"2";"2";"1";"3";"Avenue Victor Hugo / Rue des Gardinoux";"48,90604433";"2,37514222"
"202300010866";"30";"12";"2023";"03:15";"3";"77";"77153";"1";"1";"2";"5";"N2";"49,05439000";"2,69953100"
"202300010867";"21";"11";"2023";"23:20";"4";"75";"75117";"2";"9";"1";"2";"AVENUE DE LA GRANDE ARMEE";"48,87718700";"2,28372000"
"202300010868";"7";"07";"2023";"17:00";"1";"59";"59416";"2";"2";"1";"3";"Avenue des Flandres";"50,70380700";"2,52409800"
"202300010869";"15";"08";"2023";"18:30";"1";"92";"92033";"2";"2";"1";"3";"GEORGES CLEMENCEAU";"48,84268649";"2,18641520"
"202300010870";"18";"03";"2023";"13:00";"1";"38";"38562";"1";"1";"1";"4";"N85";"45,08064100";"5,76625600"
"202300010871";"22";"11";"2023";"18:30";"5";"75";"75107";"2";"1";"9";"7";"PORT DE LA BOURDONNAIS";"48,86276000";"2,29990000"
"202300010872";"12";"08";"2023";"21:30";"5";"13";"13028";"1";"1";"1";"3";"A50-Sens Aubagne vers Toulon";"43,20577000";"5,58847000"
"202300010873";"8";"07";"2023";"19:00";"1";"13";"13215";"1";"9";"1";"2";"A7-Sens Lyon vers Marseille";"43,37555188";"5,35995209"
"202300010874";"30";"12";"2023";"05:40";"3";"04";"04106";"1";"3";"1";"3";"D4096";"43,96116200";"5,89991000"
"202300010875";"22";"11";"2023";"14:30";"1";"75";"75107";"2";"2";"1";"7";"AVENUE DE LA MOTTE PICQUET";"48,85722000";"2,30993900"
"202300010876";"9";"03";"2023";"11:30";"1";"69";"69238";"2";"1";"1";"6";"Rue Andre Loste";"45,63131400";"4,45827700"
"202300010877";"15";"08";"2023";"19:40";"1";"83";"83144";"1";"1";"1";"2";"A57";"43,13372646";"5,98554601"
"202300010878";"22";"11";"2023";"13:25";"1";"75";"75107";"2";"1";"1";"6";"AVENUE DE LA MOTTE PICQUET";"48,85496400";"2,30654700"
"202300010879";"8";"07";"2023";"04:50";"2";"13";"13023";"1";"1";"1";"2";"A50";"43,20918000";"5,62056000"
"202300010880";"11";"12";"2023";"07:40";"2";"67";"67046";"2";"3";"1";"6";"Rue des Violettes";"48,77462500";"7,85187200"
"202300010881";"22";"11";"2023";"23:15";"5";"75";"75102";"2";"3";"1";"6";"RUE MONTMARTRE";"48,87085800";"2,34284900"
"202300010882";"30";"12";"2023";"02:20";"3";"07";"07247";"2";"9";"1";"6";"920 Route de la Gare";"44,58709200";"4,53330300"
"202300010883";"10";"08";"2023";"15:15";"1";"69";"69142";"1";"1";"1";"3";"Route de Métropole 7";"45,72926000";"4,81600000"
"202300010884";"18";"03";"2023";"18:40";"2";"69";"69250";"2";"1";"1";"3";"41 Avenue de la Poterie";"45,82214400";"4,71616700"
"202300010885";"8";"07";"2023";"18:00";"1";"83";"83137";"1";"1";"1";"4";"A57";"43,12665296";"5,97393251"
"202300010886";"29";"12";"2023";"19:15";"3";"85";"85302";"1";"1";"2";"3";"la maucarière";"46,91552900";" -0,97903800"
"202300010887";"14";"08";"2023";"22:30";"3";"91";"91136";"1";"1";"2";"6";"AUTOROUTE A10";"48,71057000";"2,28708000"
"202300010888";"20";"11";"2023";"21:34";"5";"75";"75103";"2";"3";"2";"6";"BOULEVARD BEAUMARCHAIS";"48,86008400";"2,36740400"
"202300010889";"9";"07";"2023";"00:20";"3";"69";"69266";"1";"1";"1";"6";"Boulevard Périphérique Nord";"45,79161000";"4,88266000"
"202300010890";"19";"03";"2023";"11:00";"1";"17";"17219";"2";"2";"1";"3";"Avenue de Lattre de Tassigny";"45,82860100";" -1,11584200"
"202300010891";"14";"08";"2023";"04:45";"3";"95";"95424";"1";"1";"1";"6";"A15";"48,99077818";"2,19376802"
"202300010892";"8";"07";"2023";"10:55";"1";"69";"69276";"1";"1";"1";"6";"Autoroute 7 ";"45,66338000";"4,84270000"
"202300010893";"29";"12";"2023";"01:10";"5";"59";"59400";"1";"1";"6";"7";"168 Rue Barra";"50,64617800";"2,65877800"
"202300010894";"22";"11";"2023";"17:15";"5";"94";"94041";"2";"1";"1";"3";"Avenue de l’Industrie";"48,81015582";"2,40687838"
"202300010895";"15";"08";"2023";"13:15";"1";"77";"77438";"1";"1";"1";"6";"A104";"48,85991343";"2,66661070"
"202300010896";"8";"07";"2023";"08:50";"1";"67";"67482";"1";"1";"1";"4";"M35";"48,56597000";"7,73276000"
"202300010897";"22";"12";"2023";"17:40";"3";"59";"59603";"1";"1";"1";"2";"AUTOROUTE A2";"50,34100000";"3,48705200"
"202300010898";"22";"11";"2023";"21:15";"5";"94";"94016";"2";"9";"1";"1";"Avenue Cousin de Méricourt";"48,79587000";"2,33535000"
"202300010899";"14";"08";"2023";"21:48";"3";"94";"94073";"1";"1";"1";"2";"A86";"48,76965562";"2,38000814"
"202300010900";"9";"07";"2023";"13:00";"1";"91";"91689";"1";"1";"1";"2";"A6";"48,73929900";"2,31874400"
"202300010901";"19";"03";"2023";"01:00";"3";"85";"85003";"1";"1";"1";"4";"RD948";"46,72371000";" -1,55666000"
"202300010902";"22";"11";"2023";"14:10";"1";"94";"94038";"2";"1";"1";"6";"Avenue du Général de Gaulle";"48,78322000";"2,34537000"
"202300010903";"14";"08";"2023";"05:05";"5";"94";"94004";"1";"1";"1";"6";"N19";"48,76092035";"2,49734715"
"202300010904";"29";"12";"2023";"17:45";"3";"91";"91136";"1";"1";"2";"4";"AUTOROUTE A10";"48,71328000";"2,27794000"
"202300010905";"22";"11";"2023";"10:20";"1";"94";"94077";"2";"1";"1";"6";"Avenue Paul Painlevé";"48,73933499";"2,41697107"
"202300010906";"8";"07";"2023";"13:30";"1";"94";"94034";"1";"1";"1";"5";"A86";"48,75843710";"2,32563827"
"202300010907";"21";"03";"2023";"17:50";"1";"49";"49301";"2";"6";"1";"3";"Rue du Carrefour Rouge (St André-de-la-Marche)";"47,10833000";" -0,99206300"
"202300010908";"29";"12";"2023";"15:05";"1";"91";"91570";"1";"1";"1";"2";"RN 104";"48,62504000";"2,30934000"
"202300010909";"15";"06";"2023";"19:20";"1";"94";"94017";"2";"1";"1";"6";"Voie Sonia Delaunay";"48,81258992";"2,53187596"
"202300010910";"29";"12";"2023";"18:00";"3";"78";"78217";"1";"1";"2";"7";"A13";"48,96461700";"1,82272500"
"202300010911";"20";"03";"2023";"17:00";"1";"35";"35240";"2";"6";"1";"6";"Rue Jean Châtel";"48,09876437";" -1,78834409"
"202300010912";"22";"11";"2023";"07:15";"3";"94";"94022";"2";"2";"1";"6";"Voie de l'Epinette";"48,77215045";"2,40688774"
"202300010913";"9";"07";"2023";"15:05";"1";"93";"93006";"1";"1";"1";"3";"AUTOROUTE A3";"48,86919000";"2,42968000"
"202300010914";"14";"06";"2023";"22:49";"5";"92";"92049";"2";"3";"1";"7";"GUESDE RUE JULES AUTRES N°";"48,81415169";"2,30533451"
"202300010915";"22";"11";"2023";"00:30";"5";"94";"94071";"2";"1";"1";"6";"Boulevard Louis Boon";"48,77699800";"2,51352300"
"202300010916";"29";"12";"2023";"04:00";"5";"92";"92026";"1";"1";"1";"2";"RN192";"48,89400206";"2,24078538"
"202300010917";"8";"07";"2023";"04:40";"3";"75";"75112";"1";"1";"1";"2";"A4";"48,81980700";"2,45959800"
"202300010918";"15";"06";"2023";"16:30";"1";"91";"91689";"1";"1";"1";"3";"AUTOROUTE A6B";"48,74400000";"2,32400000"
"202300010919";"20";"03";"2023";"09:15";"1";"33";"33143";"1";"1";"1";"4";"AUTOROUTE A 10";"44,95552593";" -0,45241356"
"202300010920";"22";"11";"2023";"08:35";"1";"93";"93066";"2";"2";"1";"6";"Avenue Marcel Cachin / Avenue Romain Rolland";"48,93736000";"2,37194000"
"202300010921";"28";"12";"2023";"21:40";"3";"92";"92036";"1";"1";"1";"5";"AUTOROUTE A86";"48,93851705";"2,30001759"
"202300010922";"15";"06";"2023";"05:15";"2";"91";"91312";"1";"1";"1";"2";"RD 444";"48,73636000";"2,22862000"
"202300010923";"7";"07";"2023";"17:00";"1";"77";"77373";"1";"1";"1";"2";"RN104";"48,79710400";"2,62228700"
"202300010924";"22";"11";"2023";"08:50";"1";"93";"93079";"2";"9";"8";"6";"Route de Saint-leu";"48,95346271";"2,33626097"
"202300010925";"29";"12";"2023";"18:30";"3";"77";"77373";"1";"1";"1";"3";"RN104";"48,76322073";"2,61587980"
"202300010926";"27";"04";"2023";"17:20";"1";"43";"43046";"2";"1";"1";"6";"12 Rue de l'Aubette";"45,06681000";"3,90344000"
"202300010927";"22";"11";"2023";"08:35";"1";"92";"92064";"1";"1";"1";"3";"MARCEL DASSAULT";"48,85303000";"2,22279000"
"202300010928";"20";"03";"2023";"19:40";"3";"91";"91161";"1";"1";"1";"5";"AUTOROUTE A6";"48,69407000";"2,31969000"
"202300010929";"14";"08";"2023";"18:30";"5";"974";"97411";"2";"2";"8";"3";"GIMART (AVENUE STANISLAS)";" -20,89442000";"55,47496000"
"202300010930";"28";"04";"2023";"14:30";"1";"62";"62160";"2";"1";"1";"6";"Rue Nationale";"50,72204500";"1,60760600"
"202300010931";"28";"12";"2023";"21:25";"3";"77";"77337";"1";"1";"1";"2";"RN104";"48,82814833";"2,61805928"
"202300010932";"22";"11";"2023";"15:05";"1";"92";"92051";"2";"3";"1";"6";"GENERAL LECLERC (BOULEVARD DU, N° 1 A 27";"48,88915483";"2,25919783"
"202300010933";"11";"08";"2023";"17:50";"1";"974";"97409";"1";"1";"1";"2";"PATELIN (chemin)";" -20,97250000";"55,67892000"
"202300010934";"20";"03";"2023";"14:55";"1";"94";"94003";"1";"1";"1";"4";"A6B";"48,80197950";"2,34359623"
"202300010935";"8";"09";"2023";"19:30";"1";"47";"47086";"1";"1";"1";"1";"Taminage";"44,69045414";"0,20585217"
"202300010936";"16";"04";"2023";"19:40";"1";"62";"62667";"2";"1";"1";"3";"Boulevard d'Arras";"50,71287797";"1,58141667"
"202300010937";"22";"11";"2023";"21:30";"5";"92";"92050";"2";"3";"1";"3";"SARTROUVILLE RUE DE";"48,90987000";"2,21565000"
"202300010938";"14";"08";"2023";"07:15";"1";"973";"97302";"2";"6";"1";"3";"SUZINI (CARREFOUR)";"4,92698000";" -52,28996000"
"202300010939";"20";"03";"2023";"12:20";"1";"94";"94038";"1";"1";"1";"4";"A6A";"48,77662426";"2,34629943"
"202300010940";"28";"12";"2023";"13:55";"1";"988";"98818";"2";"2";"1";"3";"ROUTE DU PORT DESPOINTES/RUE DE METZ";" -22,27752000";"166,45048000"
"202300010941";"8";"07";"2023";"01:25";"5";"75";"75107";"2";"2";"1";"3";"AVENUE DE BRETEUIL";"48,85164700";"2,31253200"
"202300010942";"5";"08";"2023";"14:23";"1";"973";"97302";"2";"1";"1";"7";"MADELEINE (ROUTE DE LA)";"4,90792000";" -52,32201000"
"202300010943";"22";"11";"2023";"14:30";"1";"92";"92050";"2";"3";"1";"4";"CLEMENCEAU GEORGES AVENUE N° PAIR";"48,88661694";"2,20676243"
"202300010944";"14";"08";"2023";"09:28";"1";"972";"97213";"1";"1";"1";"6";"ROUTE DEPARTEMENTALE 3";"14,61223000";" -60,99944000"
"202300010945";"28";"12";"2023";"07:15";"1";"976";"97611";"2";"1";"1";"6";"tsoundzou-Maternelle ( rue de la )";" -12,80746000";"45,20520000"
"202300010946";"20";"03";"2023";"07:35";"1";"95";"95252";"1";"1";"1";"3";"A15";"48,97685891";"2,23427744"
"202300010947";"8";"07";"2023";"09:00";"1";"976";"97611";"2";"6";"1";"2";"mgombani-Mahabou (rond point)";" -12,78312000";"45,23434000"
"202300010948";"22";"11";"2023";"09:50";"1";"92";"92020";"2";"1";"1";"7";"PARIS AVENUE DE N° IMPAIRS";"48,80768217";"2,29479736"
"202300010949";"14";"08";"2023";"12:15";"1";"69";"69149";"2";"3";"1";"3";"Grande Rue";"45,71508000";"4,80803000"
"202300010950";"27";"12";"2023";"16:40";"1";"974";"97416";"1";"1";"1";"3";"BOIS NOIRS(ALLEE DES)";" -21,29541000";"55,45006000"
"202300010951";"20";"03";"2023";"06:45";"2";"77";"77337";"1";"1";"1";"6";"A4";"48,83006000";"2,61699000"
"202300010952";"22";"11";"2023";"11:15";"1";"92";"92044";"2";"1";"1";"6";"BAUDIN (RUE) 27A83 ET 36 A84";"48,89799380";"2,28483617"
"202300010953";"19";"09";"2023";"00:05";"5";"75";"75116";"2";"3";"1";"3";"AVENUE PAUL DOUMER";"48,86067200";"2,28235900"
"202300010954";"8";"07";"2023";"14:15";"1";"974";"97416";"1";"1";"1";"4";"RN02";" -21,32977000";"55,47241000"
"202300010955";"28";"12";"2023";"17:45";"5";"69";"69383";"2";"9";"1";"6";"Rue de Bonnel";"45,76171000";"4,84630000"
"202300010956";"13";"08";"2023";"23:45";"5";"971";"97113";"1";"1";"1";"6";"BAS DU FORT";"16,21940000";" -61,51708000"
"202300010957";"21";"11";"2023";"21:10";"5";"92";"92044";"2";"1";"1";"6";"CAMILLE PELLETAN(RUE)17 + ET 14+";"48,89645971";"2,29172677"
"202300010958";"18";"03";"2023";"21:45";"3";"77";"77122";"1";"1";"1";"6";"RN104";"48,65222063";"2,61326769"
"202300010959";"8";"07";"2023";"22:20";"5";"974";"97411";"2";"3";"1";"3";"PLESSIS (RUE DU)";" -20,89711000";"55,48682000"
"202300010960";"22";"11";"2023";"09:11";"1";"92";"92026";"2";"1";"1";"6";"ALMA";"48,89651555";"2,25139618"
"202300010961";"13";"08";"2023";"20:30";"4";"971";"97113";"2";"1";"1";"3";"SECTION MARE-GAILLARD";"16,21359000";" -61,43942000"
"202300010962";"19";"09";"2023";"21:50";"3";"75";"75112";"2";"2";"1";"3";"COURS DE VINCENNES";"48,84715500";"2,40623800"
"202300010963";"22";"11";"2023";"19:30";"5";"92";"92025";"2";"9";"1";"3";"EDGARD QUINET (BD)";"48,92400523";"2,24811388"
"202300010964";"14";"08";"2023";"10:40";"1";"95";"95268";"2";"3";"1";"6";"D84";"48,96215508";"2,40214348"
"202300010965";"28";"12";"2023";"08:35";"1";"69";"69387";"2";"4";"1";"3";"Avenue Félix Faure";"45,75215549";"4,84695821"
"202300010966";"7";"07";"2023";"18:10";"3";"974";"97411";"2";"2";"1";"3";"BOYER DE LA GIRODAY (RUE)";" -20,90614000";"55,50215000"
"202300010967";"19";"03";"2023";"17:00";"1";"988";"98818";"2";"9";"1";"3";"RUE JACQUES IEKAWE";" -22,22986000";"166,48132000"
"202300010968";"19";"09";"2023";"18:30";"1";"75";"75110";"2";"2";"1";"6";"BOULEVARD DE STRASBOURG";"48,87227100";"2,35590800"
"202300010969";"7";"07";"2023";"16:50";"1";"974";"97409";"2";"1";"1";"6";"Grand Canal ( chemin)";" -20,95876000";"55,68835000"
"202300010970";"23";"11";"2023";"17:40";"2";"35";"35136";"1";"2";"2";"3";"Les Landes de Bellevue";"47,91930100";" -1,53409500"
"202300010971";"10";"08";"2023";"21:03";"1";"91";"91228";"2";"1";"1";"3";"AV DU LAC";"48,62152000";"2,42459000"
"202300010972";"28";"12";"2023";"12:20";"1";"972";"97209";"2";"3";"1";"3";"BALATA (ROUTE DE)";"14,63433000";" -61,07303000"
"202300010973";"22";"11";"2023";"17:15";"2";"39";"39427";"1";"1";"1";"6";"N/A";"46,81196800";"6,03570600"
"202300010974";"19";"09";"2023";"07:50";"2";"75";"75109";"2";"2";"1";"6";"RUE DE CHATEAUDUN";"48,87588900";"2,33987200"
"202300010975";"19";"03";"2023";"11:30";"1";"974";"97416";"1";"2";"1";"3";"D'EQUERRE (LIGNE)";" -21,29538000";"55,46146000"
"202300010976";"8";"07";"2023";"14:30";"1";"973";"97302";"2";"2";"1";"3";"BADUEL (ROUTE DE)";"4,93924968";" -52,31833085"
"202300010977";"9";"08";"2023";"15:30";"1";"91";"91228";"2";"2";"1";"3";"BD MAL DE LATTRE DE TASSIGNY";"48,62493000";"2,45198000"
"202300010978";"17";"11";"2023";"07:58";"2";"83";"83072";"2";"6";"7";"6";"Rond-Point 19 Mars 1962 (Arrêt de bus)";"43,49012900";"6,36354100"
"202300010979";"28";"12";"2023";"08:35";"1";"972";"97209";"2";"1";"1";"1";"VICTOR SEVERE (RUE)";"14,60635000";" -61,07041000"