"Num_Acc";"jour";"mois";"an";"hrmn";"lum";"dep";"com";"agg";"int";"atm";"col";"adr";"lat";"long"
"202300011173";"6";"09";"2023";"08:20";"1";"67";"67117";"1";"4";"7";"2";"D1004";"48,76699500";"7,31680900"
"202300011174";"19";"03";"2023";"15:30";"1";"35";"35126";"1";"1";"1";"6";"23 Chauvignac";"47,95280000";" -1,78405500"
"202300011175";"16";"08";"2023";"09:30";"1";"35";"35338";"1";"1";"1";"1";"Lieu Dit la Favrie";"48,05867800";" -1,27884500"
"202300011176";"20";"09";"2023";"02:30";"3";"51";"51422";"2";"3";"1";"6";"Rue de la Gare";"49,21837800";"3,93125500"
"202300011177";"20";"03";"2023";"12:15";"1";"95";"95116";"1";"1";"8";"3";"RD 924";"49,16121100";"2,33860200"
"202300011178";"15";"08";"2023";"02:40";"5";"83";"83036";"2";"1";"1";"6";"Boulevard de l'Eau Blanche";"43,18187500";"6,53638800"
"202300011179";"19";"03";"2023";"15:43";"1";"21";"21638";"1";"9";"3";"6";"A31 PK 071.500";"47,53123895";"5,19905176"
"202300011180";"14";"08";"2023";"15:15";"1";"35";"35098";"1";"1";"1";"6";"RN137";"47,77338000";" -1,70530000"
"202300011181";"20";"09";"2023";"10:40";"1";"33";"33314";"2";"2";"1";"1";"Rue Jeanne d'Arc";"45,20225500";" -0,74831500"
"202300011182";"20";"03";"2023";"08:40";"1";"52";"52282";"1";"1";"5";"7";"A5";"47,97941500";"5,13404300"
"202300011183";"15";"08";"2023";"01:10";"4";"91";"91665";"2";"6";"1";"7";"Route de Nozay";"48,66246000";"2,25593100"
"202300011184";"16";"09";"2023";"19:00";"2";"11";"11436";"1";"4";"1";"6";"Lieu dit Ripaud";"43,04097900";"2,83395800"
"202300011185";"20";"03";"2023";"09:30";"1";"52";"52432";"1";"1";"1";"7";"PK127.000, autoroute A31, sens DIJON/NANCY";"47,95399000";"5,36899400"
"202300011186";"16";"08";"2023";"15:15";"1";"62";"62677";"1";"1";"1";"1";"D124";"50,33755200";"2,04988400"
"202300011187";"20";"09";"2023";"12:40";"1";"49";"49140";"1";"1";"1";"3";"D145";"47,19103536";"0,01700161"
"202300011188";"19";"03";"2023";"18:25";"1";"14";"14061";"1";"1";"1";"1";"Le Bourg Bures les Monts (Bures-les-Monts)";"48,94846361";" -0,96747165"
"202300011189";"15";"08";"2023";"19:10";"1";"51";"51416";"1";"1";"1";"1";"Chemin du Moulin de la Ville";"48,95632300";"3,69281700"
"202300011190";"19";"09";"2023";"11:37";"1";"12";"12208";"1";"1";"1";"1";"D999";"43,94685600";"2,90822300"
"202300011191";"16";"03";"2023";"14:30";"1";"87";"87020";"1";"1";"1";"2";"autoroute A20 PR171+295 SUD/NORD";"45,92846800";"1,30363900"
"202300011192";"15";"08";"2023";"08:06";"1";"59";"59528";"2";"4";"7";"3";"30 Rue Camille Desmoulins";"50,20554500";"3,40742500"
"202300011193";"16";"03";"2023";"17:10";"1";"34";"34270";"1";"1";"1";"3";"2260 Route de Sete";"43,56327800";"3,85014500"
"202300011194";"16";"09";"2023";"14:50";"1";"34";"34031";"1";"1";"1";"1";"D612a";"43,33338800";"3,42412900"
"202300011195";"15";"08";"2023";"22:40";"3";"56";"56214";"1";"1";"1";"2";"la Saline";"47,52535900";" -2,84492300"
"202300011196";"19";"03";"2023";"16:00";"1";"62";"62440";"2";"1";"1";"6";"Rue du Cimetière";"50,10899200";"3,04126000"
"202300011197";"20";"09";"2023";"17:55";"1";"34";"34018";"1";"1";"8";"7";"D909";"43,49614500";"3,18798800"
"202300011198";"30";"07";"2023";"04:45";"3";"2B";"2B150";"1";"1";"1";"7";"Route Territoriale 30";"42,58456700";"8,83122100"
"202300011199";"19";"03";"2023";"18:25";"1";"56";"56177";"1";"1";"1";"1";"Lann Miséricorde";"47,76177200";" -2,96614800"
"202300011200";"19";"09";"2023";"16:00";"1";"68";"68082";"2";"3";"1";"1";"Rue des Platanes";"47,86745100";"7,34252600"
"202300011201";"19";"03";"2023";"16:15";"1";"78";"78192";"1";"1";"1";"5";"D928";"48,92927400";"1,61333800"
"202300011202";"19";"09";"2023";"17:01";"1";"25";"25245";"1";"2";"1";"2";"D104";"47,20870900";"6,05361700"
"202300011203";"19";"03";"2023";"23:35";"3";"79";"79185";"1";"1";"1";"7";"N/A";"46,27518300";" -0,24133400"
"202300011204";"20";"03";"2023";"10:30";"1";"89";"89005";"2";"1";"1";"6";"Place de Clermont Tonnerre";"47,77530400";"4,16357700"
"202300011205";"18";"09";"2023";"19:20";"1";"35";"35299";"1";"3";"1";"1";"les champs élus";"48,64182800";" -1,93921000"
"202300011206";"17";"09";"2023";"05:32";"3";"31";"31109";"1";"1";"1";"6";"D81";"43,24023200";"0,80020000"
"202300011207";"18";"03";"2023";"15:00";"1";"34";"34085";"1";"1";"8";"1";"D15";"43,45629900";"3,26899100"
"202300011208";"19";"09";"2023";"16:27";"1";"01";"01269";"2";"2";"1";"2";"Rue du Docteur Mercier";"46,15377200";"5,60474400"
"202300011209";"16";"03";"2023";"09:50";"1";"34";"34130";"1";"1";"1";"7";"2 Rue des Granges";"43,52267800";"3,19867400"
"202300011210";"19";"03";"2023";"19:10";"3";"25";"25321";"1";"1";"3";"6";"Rue du Bois de Ban";"47,07479500";"6,68800200"
"202300011211";"20";"09";"2023";"07:45";"1";"01";"01134";"1";"1";"7";"1";"D51c";"46,28290200";"4,87524200"
"202300011212";"19";"03";"2023";"10:15";"1";"29";"29074";"2";"6";"1";"3";"Route de Kermat";"48,48671800";" -3,99566500"
"202300011213";"19";"09";"2023";"15:00";"1";"01";"01108";"1";"1";"1";"6";"rte du suran";"46,37290048";"5,36460042"
"202300011214";"20";"03";"2023";"16:30";"1";"38";"38517";"2";"1";"1";"6";"Avenue de la Gare";"45,29861900";"5,48518200"
"202300011215";"20";"09";"2023";"11:00";"1";"70";"70467";"2";"4";"1";"6";"16 Avenue Michel Leroy";"47,88904500";"6,27198900"
"202300011216";"20";"03";"2023";"14:00";"1";"58";"58180";"1";"1";"1";"1";"Nataloup";"47,23524000";"4,03395700"
"202300011217";"20";"09";"2023";"18:50";"2";"54";"54359";"1";"1";"1";"6";"RD 9 ";"48,50506868";"6,36478543"
"202300011218";"3";"03";"2023";"07:50";"1";"14";"14582";"1";"1";"1";"6";"D103";"49,06824294";"0,17406464"
"202300011219";"20";"03";"2023";"07:20";"2";"14";"14455";"1";"1";"1";"6";"Route de la Ballière";"48,99500900";" -0,36022100"
"202300011220";"20";"09";"2023";"07:30";"1";"06";"06079";"2";"1";"1";"6";"99 Avenue Auguste Renoir";"43,52724000";"6,92542400"
"202300011221";"18";"09";"2023";"16:30";"1";"07";"07005";"1";"1";"1";"1";"d107";"44,56125000";"4,59746700"
"202300011222";"17";"03";"2023";"18:45";"2";"50";"50378";"1";"2";"1";"3";"le clos Dumont";"48,97621700";" -1,24117600"
"202300011223";"19";"03";"2023";"13:30";"1";"50";"50442";"1";"1";"1";"7";"Vge de Cleville";"49,48039400";" -1,81651000"
"202300011224";"18";"09";"2023";"17:25";"1";"53";"53185";"1";"2";"8";"3";"D144";"48,44283700";" -0,17296500"
"202300011225";"20";"03";"2023";"09:30";"1";"85";"85102";"1";"1";"1";"6";"RD81 les Boisselières";"46,85526100";" -1,63056900"
"202300011226";"5";"09";"2023";"17:15";"1";"21";"21580";"1";"1";"1";"7";"D26";"47,43723200";"4,64112300"
"202300011227";"16";"09";"2023";"10:45";"1";"24";"24087";"1";"1";"7";"7";"la couture";"44,84941900";"1,07700300"
"202300011228";"19";"03";"2023";"18:00";"1";"30";"30006";"1";"2";"1";"5";"N/A";"43,68710100";"4,19914200"
"202300011229";"15";"09";"2023";"10:59";"1";"27";"27565";"1";"5";"1";"3";"Rue du Bois";"48,90059200";"0,80669100"
"202300011230";"20";"03";"2023";"08:00";"1";"73";"73213";"1";"1";"1";"4";"A43 PK 98+700";"45,53959346";"5,96537363"
"202300011231";"19";"09";"2023";"19:40";"2";"30";"30103";"2";"3";"1";"6";"8 Rue de l?Alambic";"43,92990000";"4,65069800"
"202300011232";"18";"03";"2023";"14:30";"1";"13";"13112";"1";"1";"1";"7";"D55";"43,51288400";"5,24400800"
"202300011233";"20";"03";"2023";"04:45";"3";"01";"01029";"1";"1";"1";"6";"A39";"46,44242353";"5,27382374"
"202300011234";"19";"09";"2023";"18:15";"1";"06";"06085";"1";"1";"1";"5";"A8, PK 167.000 voie NORD";"43,58458240";"7,02516960"
"202300011235";"6";"03";"2023";"19:50";"3";"91";"91037";"1";"1";"1";"7";"Ferme de Portes";"48,51978800";"2,48308200"
"202300011236";"20";"09";"2023";"12:45";"1";"45";"45317";"1";"1";"1";"7";"A10 PR 123 + 210";"47,78007336";"1,59095120"
"202300011237";"19";"03";"2023";"17:11";"1";"72";"72105";"1";"1";"1";"2";"A11, PK 125+700";"48,17109400";"0,74700600"
"202300011238";"15";"09";"2023";"18:45";"5";"987";"98725";"1";"9";"2";"5";"PK 9 + 400";" -17,50752900";" -149,49683500"
"202300011239";"19";"03";"2023";"13:30";"1";"976";"97604";"1";"1";"1";"1";"CCD6";" -12,92391600";"45,09505700"
"202300011240";"18";"09";"2023";"15:40";"1";"91";"91200";"1";"1";"1";"7";"Autoroute A10, PK 22+000, Direction Province";"48,55789900";"1,94144000"
"202300011241";"20";"03";"2023";"08:50";"1";"971";"97103";"1";"1";"1";"6";"Nationale 1 Pk 55 vers Pointe à Pitre";"16,25440600";" -61,55489400"
"202300011242";"20";"03";"2023";"08:00";"1";"68";"68278";"2";"1";"1";"3";"37 Rue de Mulhouse";"47,75298400";"7,39648600"
"202300011243";"20";"09";"2023";"18:00";"1";"33";"33234";"1";"1";"1";"4";"D113";"44,78657531";" -0,50656333"
"202300011244";"20";"09";"2023";"17:15";"1";"77";"77266";"1";"1";"1";"6";"D40";"48,43509500";"2,84979300"
"202300011245";"19";"03";"2023";"09:52";"1";"971";"97121";"2";"1";"2";"6";"Lieu Dit Baillargent";"16,25618200";" -61,78980800"
"202300011246";"19";"03";"2023";"07:00";"2";"45";"45217";"1";"1";"1";"6";"5 Rue du Parc";"48,25103392";"2,17254236"
"202300011247";"20";"09";"2023";"06:45";"2";"84";"84016";"2";"4";"1";"3";"Route de Sarrians";"44,03883000";"4,90968700"
"202300011248";"19";"03";"2023";"16:30";"1";"34";"34060";"1";"1";"1";"1";"D122";"43,81639500";"3,64101400"
"202300011249";"20";"09";"2023";"14:00";"1";"06";"06134";"2";"1";"3";"6";"Villaute";"43,76395800";"6,65637900"
"202300011250";"20";"03";"2023";"09:15";"1";"84";"84141";"2";"1";"1";"3";"Route de Morieres";"43,95620700";"4,90107000"
"202300011251";"19";"09";"2023";"16:45";"1";"13";"13030";"1";"1";"1";"1";"D8n";"43,26820600";"5,73514200"
"202300011252";"18";"03";"2023";"12:15";"1";"13";"13064";"1";"6";"1";"7";"CD99";"43,80355600";"4,95020100"
"202300011253";"20";"09";"2023";"12:00";"1";"03";"03031";"1";"1";"7";"1";"D 33";"46,36911300";"2,72287100"
"202300011254";"19";"03";"2023";"06:38";"2";"38";"38388";"1";"1";"2";"1";"ZA des Isles";"45,05274900";"5,71204300"
"202300011255";"19";"09";"2023";"17:05";"1";"86";"86222";"2";"1";"1";"7";"62 Route de la Moussie";"46,65972700";"0,42331800"
"202300011256";"19";"03";"2023";"21:37";"3";"33";"33196";"1";"1";"1";"2";"D128    PK 31+300";"44,80021200";" -0,21034400"
"202300011257";"19";"09";"2023";"15:45";"1";"85";"85071";"1";"2";"1";"3";"RD 21";"46,79952500";" -1,79172030"
"202300011258";"20";"03";"2023";"08:55";"1";"60";"60559";"1";"1";"1";"2";"N31";"49,41379705";"2,27984692"
"202300011259";"18";"09";"2023";"13:50";"1";"27";"27602";"2";"3";"1";"3";"D830";"49,00880800";"1,09211000"
"202300011260";"19";"03";"2023";"12:23";"1";"83";"83137";"2";"1";"2";"2";"A50 Sortie Tunnel Tube Sud";"43,12093276";"5,95201534"
"202300011261";"20";"09";"2023";"09:00";"1";"60";"60107";"2";"1";"1";"3";"Rue André Oudin";"49,37487800";"2,42736700"
"202300011262";"19";"03";"2023";"03:20";"3";"33";"33162";"1";"1";"2";"2";"ROCADE A 630";"44,86760000";" -0,64800000"
"202300011263";"16";"07";"2023";"05:20";"3";"69";"69259";"1";"1";"2";"2";"Route Départementale 383";"45,71675290";"4,85246166"
"202300011264";"19";"03";"2023";"19:25";"3";"92";"92048";"1";"1";"1";"2";"N118";"48,79819142";"2,21667127"
"202300011265";"16";"09";"2023";"00:50";"3";"59";"59378";"1";"1";"1";"6";"AUTOROUTE A22";"50,67923000";"3,11304000"
"202300011266";"18";"03";"2023";"19:05";"3";"77";"77122";"1";"1";"1";"6";"N/A";"48,65870955";"2,61286308"
"202300011267";"19";"09";"2023";"19:43";"1";"91";"91689";"1";"1";"1";"3";"AUTOROUTE A6B";"48,73880000";"2,31810000"
"202300011268";"18";"03";"2023";"16:40";"1";"77";"77294";"1";"1";"1";"2";"A104";"48,97215800";"2,59268000"
"202300011269";"17";"03";"2023";"12:30";"1";"77";"77294";"1";"1";"1";"2";"A104";"48,95655271";"2,62589792"
"202300011270";"19";"09";"2023";"18:00";"1";"91";"91216";"1";"1";"1";"6";"AUTOROUTE A6";"48,68634000";"2,32650000"
"202300011271";"10";"01";"2023";"22:40";"3";"74";"74137";"2";"1";"1";"6";"Chemin des crêts blancs";"46,00112000";"6,17017700"
"202300011272";"9";"01";"2023";"20:28";"3";"74";"74281";"1";"1";"3";"6";"CONTOURNEMENT";"46,34711000";"6,44756000"
"202300011273";"19";"09";"2023";"11:08";"1";"91";"91687";"1";"1";"1";"5";"AUTOROUTE A6";"48,66245000";"2,36852000"
"202300011274";"7";"01";"2023";"13:20";"1";"74";"74010";"2";"1";"1";"1";"NANFRAY (ROUTE DE)";"45,89410000";"6,08803000"
"202300011275";"19";"09";"2023";"08:35";"1";"94";"94034";"1";"1";"1";"3";"A86";"48,76020129";"2,32061692"
"202300011276";"19";"09";"2023";"08:10";"1";"91";"91432";"1";"1";"1";"3";"AUTOROUTE A6";"48,69170000";"2,32209000"
"202300011277";"19";"09";"2023";"18:00";"1";"93";"93066";"1";"1";"1";"5";"AUTOROUTE A1";"48,92812889";"2,35797590"
"202300011278";"19";"09";"2023";"11:35";"1";"93";"93001";"1";"1";"1";"6";"AUTOROUTE A86";"48,92126000";"2,37568000"
"202300011279";"19";"09";"2023";"08:30";"1";"95";"95582";"1";"1";"1";"5";"A15";"48,96886500";"2,25120200"
"202300011280";"19";"09";"2023";"07:10";"1";"93";"93066";"1";"1";"1";"3";"AUTOROUTE A1";"48,92902000";"2,35988000"
"202300011281";"19";"09";"2023";"04:00";"3";"95";"95018";"1";"1";"1";"6";"A15";"48,95727000";"2,27600000"
"202300011282";"19";"09";"2023";"00:56";"3";"93";"93027";"1";"1";"1";"6";"AUTOROUTE A86";"48,92736000";"2,40711000"
"202300011283";"18";"09";"2023";"20:30";"3";"95";"95042";"1";"1";"3";"6";"N104";"49,05741000";"2,29748000"
"202300011284";"18";"09";"2023";"17:45";"5";"93";"93066";"1";"1";"1";"4";"AUTOROUTE A1";"48,90844090";"2,35836017"
"202300011285";"18";"09";"2023";"08:10";"1";"92";"92024";"2";"3";"1";"3";"VICTOR HUGO (BD)";"48,89992162";"2,31448352"
"202300011286";"30";"04";"2023";"12:00";"1";"14";"14143";"1";"2";"1";"3";"2113 Route de Saint Germain";"49,10498500";" -0,76338900"
"202300011287";"16";"06";"2023";"11:20";"1";"13";"13047";"1";"1";"1";"1";"D.5";"43,59069000";"4,94554000"
"202300011288";"18";"06";"2023";"15:00";"1";"75";"75119";"2";"3";"1";"1";"RUE D AUBERVILLIERS";"48,89449800";"2,37060300"
"202300011289";"17";"06";"2023";"13:50";"1";"75";"75119";"2";"9";"1";"2";"BOULEVARD SERURIER";"48,87853500";"2,40251200"
"202300011290";"16";"06";"2023";"19:45";"1";"75";"75119";"2";"4";"1";"6";"RUE DE CRIMEE";"48,88421100";"2,38427800"
"202300011291";"16";"06";"2023";"12:49";"1";"75";"75119";"2";"7";"1";"7";"BOULEVARD DE LA VILLETTE";"48,87846900";"2,37043600"
"202300011292";"16";"06";"2023";"12:45";"1";"75";"75119";"2";"2";"1";"2";"RUE DE CRIMEE";"48,88298800";"2,38560900"
"202300011293";"15";"06";"2023";"19:00";"1";"75";"75119";"2";"2";"1";"3";"AVENUE CORENTIN CARIOU";"48,89818200";"2,38602200"
"202300011294";"15";"06";"2023";"17:35";"1";"75";"75119";"2";"2";"1";"3";"AVENUE JEAN JAURES";"48,88607900";"2,38308900"
"202300011295";"15";"06";"2023";"15:55";"1";"75";"75119";"2";"3";"1";"6";"BOULEVARD DE LA VILLETTE";"48,88148700";"2,37040700"
"202300011296";"18";"06";"2023";"01:20";"5";"75";"75118";"2";"2";"1";"3";"RUE ORDENER";"48,89239200";"2,34506100"
"202300011297";"17";"06";"2023";"20:43";"1";"75";"75110";"2";"2";"1";"6";"RUE DE LA GRANGE AUX BELLES";"48,87600300";"2,36835800"
"202300011298";"16";"06";"2023";"19:30";"1";"75";"75118";"2";"1";"1";"2";"BOULEVARD DE ROCHECHOUART";"48,88298700";"2,34409500"
"202300011299";"16";"06";"2023";"11:02";"1";"75";"75118";"2";"9";"1";"6";"RUE DE LA CHAPELLE";"48,89083700";"2,35996400"
"202300011300";"15";"06";"2023";"15:45";"1";"75";"75117";"2";"3";"1";"6";"BOULEVARD MALESHERBES";"48,88470900";"2,30782700"
"202300011301";"15";"06";"2023";"01:00";"5";"75";"75117";"2";"2";"1";"6";"AVENUE DE CLICHY";"48,88912400";"2,32274700"
"202300011302";"17";"06";"2023";"16:45";"1";"75";"75116";"2";"1";"3";"6";"RUE CHANEZ";"48,84691000";"2,25967200"
"202300011303";"16";"06";"2023";"02:07";"5";"75";"75116";"2";"2";"1";"3";"AVENUE DE NEW YORK";"48,86024324";"2,29048052"
"202300011304";"13";"06";"2023";"21:00";"1";"75";"75116";"2";"2";"1";"2";"AVENUE DE LA PORTE DE SAINT CLOUD";"48,83869000";"2,25395000"
"202300011305";"13";"06";"2023";"20:35";"1";"75";"75116";"2";"3";"1";"6";"RUE D AUTEUIL";"48,84752800";"2,26910500"
"202300011306";"17";"06";"2023";"18:20";"1";"75";"75115";"2";"1";"1";"2";"RUE LINOIS";"48,84732000";"2,28473200"
"202300011307";"17";"06";"2023";"02:12";"5";"75";"75115";"2";"3";"1";"6";"BOULEVARD LEFEBVRE";"48,83117800";"2,29188500"
"202300011308";"16";"06";"2023";"16:50";"1";"75";"75115";"2";"3";"1";"6";"RUE DE VOUILLE";"48,83511900";"2,30379000"
"202300011309";"16";"06";"2023";"00:30";"5";"75";"75115";"2";"3";"1";"1";"QUAI DE GRENELLE";"48,85370200";"2,28768000"
"202300011310";"15";"06";"2023";"09:15";"1";"75";"75115";"2";"2";"1";"6";"BOULEVARD VICTOR";"48,83429100";"2,28390900"
"202300011311";"17";"06";"2023";"19:30";"1";"75";"75113";"2";"1";"1";"2";"BOULEVARD DU GENERAL JEAN SIMON";"48,82619900";"2,38331700"
"202300011312";"16";"06";"2023";"00:35";"5";"75";"75113";"2";"3";"1";"1";"AVENUE DE FRANCE";"48,83364600";"2,37360600"
"202300011313";"17";"06";"2023";"20:43";"1";"75";"75110";"2";"2";"1";"6";"RUE DE LA GRANGE AUX BELLES";"48,87601000";"2,36832300"
"202300011314";"15";"06";"2023";"15:10";"1";"75";"75110";"2";"2";"1";"6";"QUAI DE JEMMAPES";"48,87325200";"2,36421700"
"202300011315";"14";"06";"2023";"23:09";"5";"75";"75110";"2";"2";"1";"7";"QUAI DE JEMMAPES";"48,86883000";"2,36764800"
"202300011316";"18";"06";"2023";"10:15";"1";"75";"75109";"2";"2";"1";"3";"RUE DE LA CHAUSSEE D ANTIN";"48,87526300";"2,33230800"
"202300011317";"14";"06";"2023";"19:30";"1";"75";"75109";"2";"2";"1";"2";"RUE SCRIBE";"48,87021000";"2,32989000"
"202300011318";"16";"06";"2023";"13:50";"1";"75";"75108";"2";"7";"1";"3";"PLACE DE LA CONCORDE";"48,86586400";"2,31985300"
"202300011319";"16";"06";"2023";"11:33";"1";"75";"75108";"2";"2";"1";"3";"PLACE DE LA CONCORDE";"48,86586900";"2,31990200"
"202300011320";"17";"06";"2023";"13:03";"1";"75";"75107";"2";"2";"1";"7";"BOULEVARD DES INVALIDES";"48,84797400";"2,31614600"
"202300011321";"16";"06";"2023";"08:50";"1";"75";"75114";"2";"1";"1";"6";"RUE PIERRE LAROUSSE";"48,82866300";"2,31470000"
"202300011322";"16";"06";"2023";"09:00";"1";"75";"75107";"2";"2";"1";"3";"RUE DE L UNIVERSITE";"48,86113948";"2,30547819"
"202300011323";"16";"06";"2023";"10:15";"1";"75";"75104";"2";"3";"1";"7";"QUAI DES CELESTINS";"48,85135700";"2,36228500"
"202300011324";"15";"06";"2023";"09:20";"1";"75";"75109";"2";"3";"1";"7";"BOULEVARD DE CLICHY";"48,88409700";"2,33082100"
"202300011325";"14";"06";"2023";"17:40";"1";"75";"75101";"2";"2";"1";"3";"RUE DE RICHELIEU";"48,86561200";"2,33662200"
"202300011326";"14";"06";"2023";"11:22";"1";"75";"75104";"2";"2";"1";"3";"BOULEVARD DE SEBASTOPOL";"48,86058100";"2,34937600"
"202300011327";"14";"06";"2023";"04:50";"5";"75";"75104";"2";"2";"1";"7";"BOULEVARD DU PALAIS";"48,85433800";"2,34491900"
"202300011328";"26";"04";"2023";"15:20";"1";"32";"32156";"1";"3";"1";"3";"D2";"43,52572900";"0,45814300"
"202300011329";"14";"06";"2023";"16:00";"1";"60";"60676";"2";"1";"1";"7";"15 Rue de Dives le Franc";"49,56059500";"2,94737900"
"202300011330";"9";"09";"2023";"23:45";"4";"976";"97611";"2";"1";"1";"7";"kaweni-Kaweni nord ( Z I )";" -12,76926000";"45,22404000"
"202300011331";"18";"09";"2023";"10:20";"1";"69";"69386";"2";"2";"3";"3";"Rue Vendôme";"45,76803000";"4,84540000"
"202300011332";"18";"09";"2023";"12:00";"1";"69";"69383";"2";"2";"2";"6";"Cours Lafayette";"45,76360000";"4,85526000"
"202300011333";"18";"09";"2023";"09:50";"1";"69";"69381";"2";"1";"2";"6";"2 Place Rouville";"45,76962000";"4,82506000"
"202300011334";"17";"09";"2023";"23:40";"3";"971";"97101";"1";"1";"1";"7";"RN5-BOISRIPEAUX";"16,28952000";" -61,50406000"
"202300011335";"18";"09";"2023";"18:30";"1";"95";"95197";"2";"2";"1";"6";"PAUL FLEURY (AVENUE)";"48,96986014";"2,31668293"
"202300011336";"18";"09";"2023";"08:30";"1";"95";"95210";"2";"1";"1";"6";"COUSSAYE (RUE DE LA)";"48,96441000";"2,30466000"
"202300011337";"18";"09";"2023";"23:30";"5";"91";"91097";"2";"1";"1";"7";"RUE DU VIEUX PONT";"48,68806000";"2,53348000"
"202300011338";"14";"09";"2023";"17:20";"1";"91";"91027";"2";"1";"1";"3";"RTE DE FONTAINEBLEAU";"48,69964300";"2,37183200"
"202300011339";"18";"09";"2023";"20:30";"2";"91";"91223";"2";"1";"2";"2";"PORTEREAUX (SENTE DES)";"48,42801800";"2,15190300"
"202300011340";"16";"09";"2023";"15:00";"1";"89";"89387";"2";"2";"1";"3";"PIERRE DE COUBERTIN (AVENUE)";"48,19544000";"3,30166000"
"202300011341";"8";"09";"2023";"13:25";"1";"89";"89346";"2";"6";"1";"3";"GENERAL DE BILLY ( RUE )";"47,80338000";"3,53564000"
"202300011342";"16";"09";"2023";"23:21";"5";"87";"87085";"2";"1";"1";"6";"NEXON (RUE DE)";"45,81693000";"1,26132000"
"202300011343";"18";"09";"2023";"12:20";"1";"81";"81004";"2";"1";"1";"3";"CENTRE VILLE";"43,91898000";"2,10925000"
"202300011344";"12";"09";"2023";"09:30";"1";"80";"80021";"2";"1";"1";"6";"VALLEE (RUE DE LA )";"49,89183000";"2,30944000"
"202300011345";"7";"09";"2023";"00:30";"5";"80";"80021";"2";"1";"1";"6";"JULES FERRY (CHAUSSEE)";"49,87723000";"2,34202000"
"202300011346";"17";"09";"2023";"11:35";"1";"76";"76351";"2";"3";"1";"7";"FRISSARD (QUAI)";"49,48967000";"0,12468000"
"202300011347";"15";"09";"2023";"17:40";"1";"76";"76447";"2";"1";"1";"6";"ANCIENNE HUILERIE (PLACE)";"49,54451200";"0,18786100"
"202300011348";"15";"09";"2023";"16:45";"1";"76";"76447";"1";"1";"1";"2";"RD 489";"49,53966202";"0,20851065"
"202300011349";"18";"09";"2023";"11:40";"1";"72";"72181";"2";"9";"2";"6";"FRESNELLERIE BD DE LA N° IMP";"47,96981000";"0,20614000"
"202300011350";"18";"09";"2023";"15:10";"1";"69";"69266";"2";"2";"1";"3";"Rue Alexis Perroncel";"45,77480246";"4,87406835"
"202300011351";"18";"09";"2023";"22:30";"5";"69";"69264";"2";"1";"2";"6";"Avenue Theodore Braun";"45,97911000";"4,73903000"
"202300011352";"17";"09";"2023";"16:20";"1";"69";"69029";"2";"1";"1";"3";"Avenue Franklin Roosevelt";"45,73777000";"4,89581000"
"202300011353";"15";"09";"2023";"09:34";"1";"67";"67462";"2";"1";"7";"3";"GENERAL CASTELNAU (BOULEVARD DU)";"48,26098000";"7,45713000"
"202300011354";"17";"09";"2023";"06:35";"2";"62";"62033";"2";"1";"1";"6";"D917";"50,45285000";"2,87563000"
"202300011355";"14";"09";"2023";"13:10";"1";"62";"62193";"2";"2";"1";"3";"Rue du Général Chanzy";"50,94850312";"1,85868680"
"202300011356";"18";"09";"2023";"16:45";"1";"59";"59512";"2";"2";"1";"6";"MONTGOLFIER (RUE)";"50,68116000";"3,18539000"
"202300011357";"18";"09";"2023";"12:15";"1";"59";"59350";"2";"1";"1";"3";"SALENGRO ROGER RUE";"50,62900000";"3,10219000"
"202300011358";"16";"09";"2023";"08:20";"1";"57";"57672";"2";"1";"1";"6";"BRUYERES (RUE DES)";"49,35602000";"6,11201000"
"202300011359";"17";"09";"2023";"01:30";"3";"56";"56121";"2";"1";"1";"7";"SAINT-CHRISTOPHE ( PONT )";"47,76144000";" -3,36417000"
"202300011360";"18";"09";"2023";"07:25";"1";"51";"51454";"2";"1";"1";"6";"CERNAY (RUE DE ) DU N° 39 A FIN ET DU N°";"49,25729000";"4,06272000"
"202300011361";"17";"09";"2023";"21:05";"5";"51";"51454";"2";"1";"1";"7";"THIOLETTES (RUE DES)";"49,25041100";"4,05540300"
"202300011362";"15";"09";"2023";"23:20";"5";"50";"50129";"2";"1";"1";"6";"BELGIQUE (RUE DE)";"49,64675000";" -1,65264000"
"202300011363";"18";"09";"2023";"22:30";"5";"41";"41047";"2";"1";"1";"2";"N152";"47,60289100";"1,34925700"
"202300011364";"3";"08";"2023";"18:50";"1";"40";"40088";"2";"2";"8";"3";"SAINT-VINCENT DE PAUL (AVENUE)";"43,71584000";" -1,05383000"
"202300011365";"18";"09";"2023";"14:17";"1";"37";"37261";"2";"2";"1";"3";"MIRABEAU (RUE)";"47,39759000";"0,69947000"
"202300011366";"17";"09";"2023";"18:30";"2";"37";"37122";"2";"1";"3";"7";"RD 37";"47,34097000";"0,65374000"
"202300011367";"18";"09";"2023";"18:10";"1";"35";"35238";"2";"1";"1";"2";"RN24";"48,10727955";" -1,71871394"
"202300011368";"18";"09";"2023";"09:55";"1";"35";"35238";"2";"6";"1";"3";"LANGEVIN (PAUL)";"48,09153055";" -1,65824085"
"202300011369";"18";"09";"2023";"17:50";"1";"33";"33249";"2";"1";"7";"6";"Rue des Gravières";"44,87178000";" -0,51806000"
"202300011370";"18";"09";"2023";"11:55";"1";"31";"31555";"2";"1";"1";"1";"CHE DE LA SAUDRUNE";"43,54036000";"1,39153200"
"202300011371";"17";"09";"2023";"12:25";"1";"27";"27229";"2";"1";"1";"2";"SAINT LEGER (RUE DU FAUBOURG)";"49,03450000";"1,15609000"