"Num_Acc";"jour";"mois";"an";"hrmn";"lum";"dep";"com";"agg";"int";"atm";"col";"adr";"lat";"long"
"202300011372";"18";"09";"2023";"21:45";"5";"25";"25056";"2";"2";"2";"3";"BLUM BOULEVARD LEON (sup 90)";"47,26257000";"6,04007000"
"202300011373";"16";"09";"2023";"12:55";"1";"19";"19031";"2";"2";"1";"3";"DE JOUVENEL (BOULEVARD HENRI)";"45,16065000";"1,52319000"
"202300011374";"17";"09";"2023";"11:00";"1";"13";"13202";"2";"9";"1";"3";"LAZARET (QUAI DU)";"43,31095000";"5,36725000"
"202300011375";"17";"09";"2023";"06:00";"5";"13";"13206";"2";"1";"1";"2";"LIEUTAUD (COURS)";"43,28856000";"5,38426000"
"202300011376";"18";"09";"2023";"13:35";"1";"02";"02304";"2";"1";"1";"6";"1 Rue de la République";"49,66228000";"3,36591000"
"202300011377";"18";"09";"2023";"09:20";"1";"75";"75117";"2";"1";"1";"2";"PORTE D ASNIERES";"48,89261000";"2,30246200"
"202300011378";"18";"09";"2023";"07:10";"2";"75";"75120";"2";"1";"1";"5";"PORTE DE BAGNOLET";"48,86258700";"2,41376700"
"202300011379";"18";"09";"2023";"00:25";"5";"75";"75120";"2";"1";"1";"3";"PORTE DE BAGNOLET";"48,86427400";"2,41349900"
"202300011380";"15";"09";"2023";"23:35";"5";"75";"75116";"2";"1";"1";"5";"BOULEVARD PERIPHERIQUE INTERIEUR OUEST";"48,84143400";"2,25413900"
"202300011381";"17";"09";"2023";"22:50";"5";"75";"75107";"2";"3";"1";"6";"QUAI BRANLY";"48,86064300";"2,29547900"
"202300011382";"20";"10";"2023";"16:30";"1";"54";"54102";"1";"1";"2";"7";"D904";"48,72589000";"5,86783900"
"202300011383";"20";"10";"2023";"22:30";"4";"14";"14288";"1";"1";"3";"6";"Route de Creully";"49,26425700";" -0,48292400"
"202300011384";"7";"09";"2023";"18:00";"1";"83";"83046";"2";"1";"1";"3";"D13";"43,53056874";"6,15225918"
"202300011385";"20";"10";"2023";"20:05";"3";"73";"73128";"1";"1";"1";"1";"D911 Route des Bauges";"45,72712400";"5,94574900"
"202300011386";"20";"10";"2023";"20:30";"3";"10";"10034";"1";"1";"3";"3";"D671";"48,09439830";"4,38012258"
"202300011387";"21";"10";"2023";"19:50";"5";"07";"07010";"2";"1";"1";"6";"montée du quebec";"45,25215700";"4,68211800"
"202300011388";"21";"10";"2023";"12:20";"1";"07";"07234";"1";"1";"1";"3";"départementale 82";"45,24940000";"4,77421400"
"202300011389";"20";"10";"2023";"16:40";"1";"53";"53096";"2";"4";"8";"1";"Milieu Pannard";"48,30614500";" -0,94269500"
"202300011390";"20";"10";"2023";"20:00";"3";"21";"21044";"1";"1";"3";"6";"CD21";"47,82478997";"4,41408189"
"202300011391";"21";"10";"2023";"15:06";"1";"24";"24496";"1";"1";"8";"6";"D707";"45,41416600";"0,86314000"
"202300011392";"21";"10";"2023";"18:10";"1";"85";"85047";"1";"1";"2";"2";"RD 948";"46,83284800";" -1,82282520"
"202300011393";"21";"10";"2023";"12:50";"1";"85";"85182";"1";"1";"2";"6";"RD 43";"46,79006000";" -0,83240600"
"202300011394";"21";"10";"2023";"15:00";"1";"48";"48002";"1";"1";"1";"6";"D809";"44,87240100";"3,25044000"
"202300011395";"20";"10";"2023";"21:45";"3";"24";"24331";"1";"1";"2";"6";"Route Henri de Navarre";"44,78512500";"0,39370500"
"202300011396";"9";"10";"2023";"09:45";"1";"06";"06152";"2";"1";"1";"6";"18 Boulevard Carnot";"43,64242000";"7,00916600"
"202300011397";"20";"10";"2023";"16:05";"1";"72";"72105";"1";"1";"3";"2";"A11";"48,17374399";"0,75320005"
"202300011398";"20";"10";"2023";"20:30";"3";"51";"51569";"1";"1";"3";"5";"A4 - PK130+950 sens PARIS vers METZ";"49,24654388";"3,93545998"
"202300011399";"21";"10";"2023";"08:15";"2";"62";"62476";"1";"1";"1";"3";"A1";"50,35586600";"2,95549400"
"202300011400";"26";"08";"2023";"08:05";"1";"988";"98822";"1";"3";"1";"6";"Tribu d'Ina - CR13/RT3";" -20,93881500";"165,35797100"
"202300011401";"20";"10";"2023";"15:00";"1";"976";"97607";"2";"9";"1";"2";"Route de l'est , Hajangoua";" -12,86299600";"45,19803300"
"202300011402";"21";"10";"2023";"01:15";"3";"974";"97422";"1";"1";"5";"6";"Route Nat 3 PR 32 + 800";" -21,18550700";"55,57984500"
"202300011403";"19";"10";"2023";"17:30";"2";"974";"97420";"2";"1";"8";"2";"Rue Raymond Verges";" -20,93723200";"55,63814000"
"202300011404";"20";"10";"2023";"10:35";"1";"33";"33535";"2";"1";"3";"6";"Avenue des Bons Enfants";"44,84175100";" -0,44765000"
"202300011405";"21";"10";"2023";"09:00";"1";"45";"45155";"2";"1";"1";"6";"Parking Auchan";"47,68908100";"2,62119400"
"202300011406";"19";"10";"2023";"09:12";"1";"77";"77466";"1";"1";"1";"1";"Rue de la Forêt";"48,82090900";"2,89114200"
"202300011407";"20";"10";"2023";"16:15";"1";"30";"30128";"1";"1";"2";"1";"D14";"43,71152500";"4,36803100"
"202300011408";"20";"10";"2023";"23:15";"5";"13";"13086";"2";"1";"1";"7";"D96";"43,35206400";"5,60519500"
"202300011409";"14";"10";"2023";"14:30";"1";"21";"21699";"1";"1";"1";"7";"Route Departementale 905";"47,20299900";"5,34379700"
"202300011410";"20";"10";"2023";"13:40";"1";"38";"38317";"2";"1";"8";"6";"Place du 8 Mai 1945";"45,12326300";"5,69776300"
"202300011411";"20";"10";"2023";"11:55";"1";"33";"33449";"2";"6";"3";"6";"Avenue Anatole France";"44,89380400";" -0,74721000"
"202300011412";"20";"10";"2023";"07:15";"3";"85";"85119";"2";"1";"2";"6";"Rue du stade";"46,96654200";" -1,12093900"
"202300011413";"20";"10";"2023";"18:50";"3";"60";"60065";"1";"1";"2";"2";"Rue du Moulin de Conflans";"49,34089400";"2,20912800"
"202300011414";"21";"10";"2023";"01:30";"3";"60";"60542";"1";"1";"1";"6";"D513";"49,41438700";"2,19168700"
"202300011415";"20";"10";"2023";"09:55";"1";"02";"02596";"1";"9";"2";"6";"Route de Nogent";"48,96344100";"3,29168200"
"202300011416";"20";"10";"2023";"19:00";"3";"59";"59619";"1";"9";"2";"3";"D951";"50,25830100";"3,66173600"
"202300011417";"20";"10";"2023";"05:50";"3";"13";"13085";"1";"1";"3";"7";"A50-Sens Toulon vers Aubagne";"43,24380000";"5,59510000"
"202300011418";"20";"10";"2023";"00:55";"3";"33";"33013";"1";"1";"2";"6";"ROUTE NATIONALE 89";"44,86862814";" -0,49783677"
"202300011419";"18";"10";"2023";"17:51";"1";"33";"33192";"1";"1";"1";"3";"ROCADE A 630";"44,78946000";" -0,61969000"
"202300011420";"14";"10";"2023";"10:03";"1";"59";"59606";"1";"1";"1";"6";"AUTOROUTE A23";"50,36328000";"3,48473000"
"202300011421";"20";"10";"2023";"18:00";"1";"91";"91286";"1";"1";"1";"2";"AUTOROUTE A6";"48,65571000";"2,37873000"
"202300011422";"3";"02";"2023";"11:25";"1";"59";"59123";"1";"1";"1";"5";"D41";"50,49614900";"3,00789400"
"202300011423";"20";"10";"2023";"18:45";"3";"91";"91347";"1";"1";"3";"2";"RN 104";"48,62268100";"2,28964700"
"202300011424";"8";"02";"2023";"08:05";"1";"06";"06033";"2";"1";"1";"6";"13 Rue de la Beilouno";"43,77662100";"7,18992500"
"202300011425";"8";"02";"2023";"09:00";"1";"83";"83054";"2";"3";"1";"6";"Avenue Gaspard Monge";"43,16471600";"6,04114500"
"202300011426";"8";"02";"2023";"15:40";"1";"57";"57329";"2";"1";"1";"6";"Rue du Maréchal Foch";"49,26148600";"6,49576300"
"202300011427";"20";"10";"2023";"07:52";"2";"94";"94038";"1";"1";"2";"4";"A6A";"48,77222023";"2,34575745"
"202300011428";"8";"02";"2023";"07:37";"1";"59";"59159";"1";"1";"9";"1";"D300";"50,96827500";"2,22897500"
"202300011429";"20";"10";"2023";"08:11";"2";"91";"91645";"1";"1";"2";"2";"RN 385";"48,75976855";"2,26225240"
"202300011430";"7";"02";"2023";"13:20";"1";"67";"67434";"2";"1";"1";"7";"30 Rue du Maréchal Foch";"48,94150300";"7,08443500"
"202300011431";"20";"10";"2023";"08:10";"1";"92";"92063";"1";"1";"2";"6";"A86";"48,89000239";"2,17016741"
"202300011432";"7";"02";"2023";"18:45";"2";"80";"80196";"1";"1";"1";"3";"D53";"49,98100600";"1,83594000"
"202300011433";"8";"02";"2023";"13:25";"1";"55";"55065";"2";"1";"1";"6";"21 Route de Varennes";"49,19775600";"5,04170200"
"202300011434";"19";"10";"2023";"22:15";"5";"92";"92050";"1";"1";"1";"3";"A14";"48,89453775";"2,22945678"
"202300011435";"7";"02";"2023";"16:30";"1";"49";"49160";"1";"3";"7";"3";"D723";"47,40886800";" -0,94264600"
"202300011436";"19";"10";"2023";"14:10";"1";"78";"78640";"1";"9";"1";"6";"A86 INT";"48,78053600";"2,18004400"
"202300011437";"7";"02";"2023";"18:00";"3";"12";"12208";"1";"1";"1";"1";"D50";"43,98208466";"2,90252388"
"202300011438";"8";"02";"2023";"14:30";"1";"46";"46028";"1";"1";"1";"6";"D 803";"44,93187400";"1,75746900"
"202300011439";"19";"10";"2023";"08:25";"1";"78";"78545";"1";"1";"2";"4";"A12 Y";"48,81034600";"2,05561300"
"202300011440";"1";"02";"2023";"21:40";"5";"47";"47179";"2";"1";"1";"7";"Avenue de la Gare";"44,48476100";"0,94348300"
"202300011441";"6";"02";"2023";"20:10";"5";"34";"34079";"2";"1";"1";"7";"4 Rue Descartes";"43,63493800";"3,43399500"
"202300011442";"19";"10";"2023";"08:00";"1";"78";"78090";"1";"1";"2";"5";"A13";"48,97032600";"1,90264600"
"202300011443";"7";"02";"2023";"15:30";"1";"22";"22250";"2";"1";"1";"6";"pont neuf";"48,70125300";" -3,16037400"
"202300011444";"7";"02";"2023";"17:00";"1";"29";"29259";"2";"1";"1";"7";"Lieu Dit Penarth";"48,68353800";" -3,95909100"
"202300011445";"18";"10";"2023";"20:45";"3";"78";"78466";"1";"1";"2";"4";"A13";"48,91954000";"2,00471100"
"202300011446";"7";"02";"2023";"08:00";"2";"29";"29044";"1";"1";"9";"7";"D60 PR 4+400";"48,22265000";" -4,17154800"
"202300011447";"5";"02";"2023";"17:50";"1";"84";"84123";"1";"1";"1";"7";"CD 30 route de st christol";"44,06470500";"5,46966800"
"202300011448";"18";"10";"2023";"17:18";"2";"78";"78640";"1";"1";"2";"3";"N118";"48,77866800";"2,22255100"
"202300011449";"20";"10";"2023";"14:15";"1";"93";"93053";"1";"1";"1";"4";"AUTOROUTE A3";"48,88065000";"2,45189000"
"202300011450";"6";"02";"2023";"06:32";"3";"66";"66125";"1";"1";"1";"6";"";"42,56116300";"2,28791110"
"202300011451";"7";"02";"2023";"11:15";"1";"06";"06103";"2";"2";"1";"6";"14 Avenue Philippe Corniglion";"44,01169100";"7,30755200"
"202300011452";"20";"10";"2023";"09:45";"1";"92";"92036";"1";"1";"2";"2";"AUTOROUTE A15";"48,94920532";"2,28069842"
"202300011453";"14";"01";"2023";"16:00";"1";"14";"14098";"1";"1";"2";"1";"D83";"49,20497674";" -0,51028369"
"202300011454";"5";"02";"2023";"16:30";"1";"07";"07193";"1";"1";"1";"1";"ROUTE DE PRUNET";"44,57940700";"4,27992600"
"202300011455";"8";"02";"2023";"06:00";"5";"27";"27125";"2";"1";"8";"6";"Rue Jules Quatrenoix";"49,19018100";"0,75234900"
"202300011456";"20";"10";"2023";"06:55";"3";"93";"93027";"1";"1";"3";"4";"AUTOROUTE A86";"48,92739000";"2,40738000"
"202300011457";"15";"01";"2023";"20:15";"3";"87";"87028";"1";"1";"9";"6";"RD 942";"46,23093000";"0,91979400"
"202300011458";"19";"10";"2023";"22:10";"3";"92";"92036";"1";"1";"2";"5";"AUTOROUTE A15";"48,94815749";"2,28119607"
"202300011459";"8";"02";"2023";"11:20";"1";"68";"68266";"1";"9";"1";"3";"Rue de Munchhouse";"47,89230500";"7,37603200"
"202300011460";"6";"02";"2023";"18:57";"3";"73";"73151";"1";"1";"1";"2";"A41";"45,47181300";"6,01722400"
"202300011461";"6";"02";"2023";"02:40";"3";"01";"01274";"1";"1";"1";"6";"Autoroute A40 - PK 115+200 - sens GENEVE-MACON";"46,16084700";"5,65244400"
"202300011462";"19";"10";"2023";"04:25";"3";"93";"93063";"1";"1";"1";"5";"AUTOROUTE A3";"48,87973000";"2,44963000"
"202300011463";"4";"02";"2023";"05:02";"3";"01";"01373";"1";"1";"1";"3";"A40 PK 123+300 direction GENEVE";"46,12739500";"5,56584400"
"202300011464";"20";"10";"2023";"06:10";"3";"77";"77146";"1";"1";"2";"6";"A4";"48,83225661";"2,66501136"
"202300011465";"8";"02";"2023";"16:40";"1";"37";"37003";"1";"2";"1";"3";"Grande Allée de Jumeaux (Chemin)";"47,37647100";"1,04110500"
"202300011466";"5";"02";"2023";"06:15";"3";"59";"59010";"1";"1";"3";"5";"Autoroute A26";"50,16348400";"3,10398100"
"202300011467";"20";"08";"2023";"22:58";"5";"69";"69386";"2";"1";"1";"1";"Quai Charles de Gaulle";"45,77678961";"4,84378919"
"202300011468";"8";"02";"2023";"06:45";"1";"973";"97305";"1";"1";"1";"3";"Route Nationale 1";"4,98960700";" -52,44885900"
"202300011469";"7";"02";"2023";"22:10";"3";"37";"37088";"1";"1";"1";"6";"RD 751 - lieu dit les Vauclous";"47,19820800";"0,09206700"
"202300011470";"20";"08";"2023";"05:20";"5";"69";"69387";"2";"2";"1";"3";"Avenue Jean Jaurès";"45,74510000";"4,84185000"
"202300011471";"7";"02";"2023";"15:50";"1";"2B";"2B029";"2";"1";"1";"1";"lieu dit piazze";"42,68929100";"9,37841100"
"202300011472";"8";"02";"2023";"16:40";"1";"2A";"2A247";"1";"1";"2";"5";"RT10";"41,63756900";"9,29395600"
"202300011473";"20";"08";"2023";"01:10";"5";"77";"77379";"1";"3";"1";"1";"29 EME DRAGONS (PLACE DU)";"48,56550900";"3,30058800"
"202300011474";"5";"02";"2023";"13:00";"1";"34";"34299";"2";"6";"1";"7";"30 Avenue Georges Pompidou";"43,26906824";"3,27500671"
"202300011475";"5";"02";"2023";"08:30";"2";"83";"83104";"1";"1";"1";"7";"D3";"43,58995000";"5,74810300"
"202300011476";"20";"08";"2023";"21:27";"5";"74";"74008";"2";"3";"1";"1";"MARTINIERE (RUE DE LA)";"46,19937000";"6,22544000"
"202300011477";"8";"02";"2023";"16:45";"1";"73";"73284";"1";"1";"1";"1";"D117";"45,47027000";"6,52258100"
"202300011478";"20";"08";"2023";"02:20";"5";"69";"69259";"2";"2";"1";"3";"Rue Francisco Ferrer";"45,72123000";"4,89078000"
"202300011479";"7";"02";"2023";"16:55";"2";"73";"73006";"1";"1";"1";"5";"N90";"45,55011900";"6,62559900"
"202300011480";"19";"08";"2023";"19:55";"1";"65";"65440";"2";"1";"1";"6";"MARCADIEU (PLACE)";"43,23141312";"0,08417630"
"202300011481";"7";"02";"2023";"16:55";"1";"33";"33366";"1";"1";"1";"1";"D10e1";"45,00895200";" -0,42018900"
"202300011482";"19";"08";"2023";"14:05";"1";"35";"35238";"2";"2";"1";"3";"TOULLIER";"48,10939000";" -1,67396000"
"202300011483";"8";"02";"2023";"01:00";"5";"44";"44172";"2";"1";"1";"2";"146 Route de Paris";"47,26606380";" -1,48724730"
"202300011484";"7";"02";"2023";"17:10";"2";"29";"29124";"2";"6";"1";"3";"Rue de la Libération";"48,57273800";" -4,31655400"
"202300011485";"3";"06";"2023";"11:10";"1";"19";"19275";"2";"4";"1";"2";"R.D. 45";"45,53843901";"2,32655883"
"202300011486";"8";"02";"2023";"15:20";"1";"59";"59482";"2";"1";"1";"6";"Rue de Warneton";"50,71350400";"2,99919000"
"202300011487";"7";"02";"2023";"18:20";"2";"13";"13081";"1";"1";"1";"3";"A7-Sens Lyon vers Marseille";"43,48881066";"5,24058515"
"202300011488";"2";"02";"2023";"20:10";"5";"69";"69297";"1";"9";"1";"3";"Autoroute 47";"45,58805000";"4,78740000"
"202300011489";"24";"07";"2023";"01:25";"3";"13";"13040";"1";"1";"1";"1";"D96 - PK.23.100";"43,46618900";"5,54499500"
"202300011490";"5";"02";"2023";"12:15";"1";"57";"57672";"1";"1";"1";"2";"Autoroute A31";"49,39335000";"6,11054000"
"202300011491";"7";"02";"2023";"14:50";"1";"91";"91589";"1";"1";"1";"2";"AUTOROUTE A6";"48,67395000";"2,34260000"
"202300011492";"19";"10";"2023";"05:50";"2";"974";"97416";"1";"1";"1";"7";"ENTRE DEUX (CHEMIN) CD26";" -21,29732000";"55,43975000"
"202300011493";"7";"02";"2023";"18:59";"3";"78";"78466";"1";"1";"1";"4";"A13";"48,92836400";"1,98903200"
"202300011494";"19";"10";"2023";"07:15";"5";"69";"69386";"2";"2";"3";"1";"Rue Louis Blanc";"45,76458000";"4,84689000"
"202300011495";"7";"02";"2023";"18:30";"3";"78";"78640";"1";"1";"1";"3";"RN12 INT";"48,78159300";"2,16736800"
"202300011496";"7";"02";"2023";"09:05";"1";"92";"92023";"1";"1";"1";"6";"RN385";"48,77653794";"2,23443726"
"202300011497";"7";"02";"2023";"08:05";"2";"92";"92064";"1";"1";"1";"7";"A13";"48,83978058";"2,20456477"
"202300011498";"19";"10";"2023";"06:20";"4";"69";"69388";"2";"1";"2";"1";"Rue Feuillat";"45,74378000";"4,87436000"
"202300011499";"19";"10";"2023";"20:20";"5";"69";"69384";"2";"1";"2";"6";"47 Rue Philippe de Lassalle";"45,78046000";"4,82053000"
"202300011500";"6";"02";"2023";"17:00";"5";"92";"92050";"1";"1";"1";"4";"A86";"48,90687000";"2,21143000"
"202300011501";"18";"10";"2023";"13:10";"1";"69";"69389";"2";"2";"2";"3";"Rue Gorge de Loup";"45,76942000";"4,80096000"
"202300011502";"6";"02";"2023";"20:30";"5";"75";"75105";"2";"2";"1";"6";"RUE DES ECOLES";"48,84991800";"2,34360800"
"202300011503";"6";"02";"2023";"19:00";"5";"75";"75120";"2";"1";"1";"6";"RUE DES PYRENEES";"48,85962200";"2,40155300"
"202300011504";"19";"10";"2023";"21:54";"5";"2B";"2B033";"2";"9";"1";"3";"AV DE LA LIBERATION";"42,68394000";"9,44472000"
"202300011505";"6";"02";"2023";"09:40";"1";"75";"75117";"2";"1";"1";"3";"AVENUE DE WAGRAM";"48,87694900";"2,29724400"
"202300011506";"19";"10";"2023";"16:25";"1";"971";"97113";"2";"1";"1";"6";"MONTAUBAN (SECTEUR)";"16,21335592";" -61,50077820"
"202300011507";"6";"02";"2023";"10:20";"1";"75";"75116";"2";"1";"1";"3";"AVENUE GEORGES MANDEL";"48,86330700";"2,28341600"
"202300011508";"19";"10";"2023";"15:35";"1";"971";"97101";"1";"1";"3";"6";"RN11";"16,27675000";" -61,52171000"
"202300011509";"6";"02";"2023";"13:45";"1";"75";"75115";"2";"3";"1";"6";"RUE DE SEVRES";"48,84611000";"2,31423500"
"202300011510";"19";"10";"2023";"08:10";"1";"971";"97113";"1";"1";"1";"3";"RN4 - SECTION RIVIERA";"16,20911000";" -61,47114000"
"202300011511";"14";"10";"2023";"13:30";"1";"971";"97101";"2";"9";"9";"6";"PROVIDENCE";"16,27160000";" -61,51673000"
"202300011512";"6";"02";"2023";"09:50";"1";"75";"75115";"2";"2";"1";"6";"AVENUE DE LA PORTE DE SEVRES";"48,83604500";"2,27817800"
"202300011513";"19";"10";"2023";"18:15";"1";"95";"95585";"2";"3";"1";"3";"FERNAND LEGER (RUE)";"48,99323000";"2,38297000"
"202300011514";"5";"02";"2023";"17:45";"1";"75";"75115";"2";"2";"1";"3";"RUE DE LOURMEL";"48,84376400";"2,28635900"
"202300011515";"19";"10";"2023";"07:50";"2";"91";"91339";"2";"1";"8";"6";"AV GEORGES BOILLOT";"48,62584000";"2,25957000"
"202300011516";"5";"02";"2023";"14:55";"1";"75";"75114";"2";"2";"1";"3";"AVENUE PAUL VAILLANT COUTURIER";"48,81677800";"2,33494100"
"202300011517";"18";"10";"2023";"22:47";"5";"91";"91425";"2";"1";"2";"2";"RTE DEPARTEMENTALE 133";"48,64701000";"2,27664000"
"202300011518";"6";"02";"2023";"16:30";"1";"75";"75113";"2";"3";"1";"3";"AVENUE DE FRANCE";"48,83266300";"2,37460400"
"202300011519";"6";"02";"2023";"09:10";"1";"75";"75113";"2";"3";"1";"2";"QUAI FRANCOIS MAURIAC";"48,83294800";"2,37873300"
"202300011520";"18";"10";"2023";"15:00";"1";"89";"89387";"2";"9";"2";"6";"SENIGALLIA (AVENUE DE)";"48,18700000";"3,28500000"
"202300011521";"6";"02";"2023";"07:50";"5";"75";"75112";"2";"5";"1";"5";"AVENUE DU GENERAL MICHEL BIZOT";"48,83465300";"2,40076300"
"202300011522";"18";"10";"2023";"12:15";"1";"89";"89387";"2";"3";"1";"6";"PONT NEUF (BOULEVARD DU)";"48,20400000";"3,27100000"
"202300011523";"6";"02";"2023";"16:50";"1";"75";"75111";"2";"3";"1";"3";"AVENUE PARMENTIER";"48,86114800";"2,37788300"
"202300011524";"6";"02";"2023";"08:03";"2";"75";"75110";"2";"2";"1";"3";"RUE LA FAYETTE";"48,87852000";"2,35404400"
"202300011525";"18";"10";"2023";"19:00";"2";"87";"87085";"2";"3";"1";"3";"BRIAND (RUE ARISTIDE)";"45,83733000";"1,26640000"
"202300011526";"6";"02";"2023";"12:30";"1";"75";"75107";"2";"3";"1";"7";"QUAI D ORSAY";"48,86237100";"2,30965400"
"202300011527";"18";"10";"2023";"18:23";"1";"87";"87085";"2";"1";"1";"2";"ARMAND (AVE Z.A.C";"45,86743000";"1,26903000"
"202300011528";"6";"02";"2023";"01:45";"5";"75";"75102";"2";"2";"1";"6";"BOULEVARD DES ITALIENS";"48,87197800";"2,33999800"
"202300011529";"18";"10";"2023";"17:24";"1";"87";"87065";"1";"1";"1";"7";"BOISSEUIL (RUE DE)";"45,79577000";"1,32670000"
"202300011530";"6";"02";"2023";"16:58";"1";"94";"94078";"2";"2";"1";"3";"Rue Thimonnier / Rue Guynemer";"48,75082600";"2,44678800"
"202300011531";"6";"02";"2023";"08:10";"2";"94";"94077";"2";"2";"1";"3";"Avenue Victor Hugo";"48,73250000";"2,41824000"
"202300011532";"18";"10";"2023";"11:07";"1";"87";"87085";"2";"1";"2";"6";"BAUDIN ( AVENUE) (VC)";"45,81198739";"1,24345027"
"202300011533";"6";"02";"2023";"15:35";"1";"94";"94070";"2";"9";"1";"3";"Route de PARIS";"48,71988200";"2,56634700"
"202300011534";"18";"10";"2023";"13:39";"1";"87";"87085";"2";"6";"1";"7";"ROUGET DE LISLE (RUE)";"45,81620000";"1,27928000"
"202300011535";"6";"02";"2023";"11:30";"1";"93";"93078";"2";"6";"1";"2";"Avenue Georges Clémenceau";"48,96084017";"2,55624890"
"202300011536";"18";"10";"2023";"12:19";"1";"87";"87075";"1";"3";"1";"6";"BOULEAUX (RUE DES)";"45,80365000";"1,18883000"
"202300011537";"6";"02";"2023";"12:35";"1";"93";"93077";"2";"2";"7";"3";"Avenue Gustave Rodet / Avenue du General Leclerc";"48,88569000";"2,51182000"
"202300011538";"6";"02";"2023";"09:30";"1";"93";"93053";"2";"3";"1";"6";"Rue de Brément / Rue Pierre Brossolette";"48,88910000";"2,45484000"
"202300011539";"6";"02";"2023";"20:45";"5";"93";"93074";"2";"1";"1";"3";"Rue de Meaux";"48,93493000";"2,56887000"
"202300011540";"6";"02";"2023";"09:45";"1";"92";"92075";"2";"2";"1";"3";"JACQUES JEZEQUEL (AVENUE)";"48,81871000";"2,29169000"
"202300011541";"6";"02";"2023";"11:50";"1";"92";"92064";"2";"1";"1";"6";"FRANCIS CHAVETON";"48,85943000";"2,20961000"
"202300011542";"18";"10";"2023";"16:54";"1";"84";"84035";"1";"1";"8";"2";"VIGNERES-RD98 (ROUTE DES)";"43,86317000";"5,02108000"
"202300011543";"6";"02";"2023";"20:37";"5";"92";"92049";"2";"1";"1";"3";"JAURES AVENUE JEAN N°53 A FIN";"48,81186965";"2,30385929"
"202300011544";"6";"02";"2023";"16:50";"1";"92";"92040";"2";"2";"1";"3";"PONT D ISSY";"48,82985459";"2,26079777"
"202300011545";"19";"10";"2023";"06:50";"5";"83";"83137";"2";"6";"1";"3";"PONT DE BOIS (CHEMIN DU)";"43,13196000";"5,90431000"
"202300011546";"6";"02";"2023";"20:05";"3";"92";"92025";"2";"3";"1";"1";"STALINGRAD (AV DE)";"48,93172500";"2,26660600"
"202300011547";"6";"02";"2023";"12:25";"1";"92";"92025";"2";"3";"1";"3";"STALINGRAD (AV DE)";"48,92828200";"2,27023600"
"202300011548";"18";"10";"2023";"22:21";"5";"83";"83137";"2";"2";"1";"3";"JOFFRE (BD MARECHAL)";"43,12346000";"5,94811000"
"202300011549";"6";"02";"2023";"10:30";"1";"92";"92023";"2";"2";"1";"3";"COQUELICOTS (RUE DES)";"48,79213000";"2,25944000"
"202300011550";"17";"10";"2023";"18:10";"1";"83";"83137";"2";"2";"1";"3";"JUIN (AVE ALPHONSE)";"43,12033726";"5,94728708"
"202300011551";"6";"02";"2023";"19:20";"2";"92";"92012";"2";"1";"1";"7";"YVES KERMEN (RUE) 51/FIN - 40/FIN";"48,82970989";"2,23577410"
"202300011552";"17";"10";"2023";"20:30";"5";"78";"78133";"2";"9";"1";"3";"MANTES (ROUTE DE)";"48,90964000";"2,03433000"
"202300011553";"4";"02";"2023";"15:50";"1";"62";"62812";"2";"1";"1";"6";"Rue de Cloquant";"50,62466500";"2,06546700"
"202300011554";"4";"02";"2023";"21:00";"3";"988";"98812";"2";"1";"1";"6";"RT1";" -20,56283000";"164,28656000"
"202300011555";"7";"02";"2023";"06:00";"3";"77";"77235";"1";"1";"1";"2";"PK 58.700 - AUTOROUTE A4";"48,98241400";"3,07943300"
"202300011556";"21";"01";"2023";"04:45";"3";"51";"51592";"1";"1";"1";"7";"D1";"49,10111400";"3,74039400"
"202300011557";"6";"02";"2023";"16:05";"1";"59";"59067";"2";"1";"1";"6";"Rue du 16 Septembre 1944";"50,96910300";"2,43584300"
"202300011558";"19";"10";"2023";"13:30";"1";"77";"77284";"2";"1";"7";"6";"D603";"48,95740000";"2,89691000"
"202300011559";"3";"02";"2023";"19:10";"5";"71";"71578";"2";"1";"1";"5";"Route Nationale (Clux)";"46,96362700";"5,17386300"
"202300011560";"18";"10";"2023";"14:50";"1";"76";"76351";"2";"3";"2";"6";"FRERE CONSTANCE";"49,49022105";"0,10063836"
"202300011561";"5";"02";"2023";"06:00";"3";"62";"62717";"1";"1";"1";"2";"D939";"50,36684100";"2,37106200"
"202300011562";"6";"02";"2023";"16:15";"1";"91";"91600";"1";"1";"1";"7";"Route Forestière de Soisy (Chemin)";"48,65942700";"2,45607700"
"202300011563";"13";"10";"2023";"15:10";"1";"71";"71270";"2";"2";"1";"3";"Carf rue des Lilas-rue des Anémones";"46,30976000";"4,82687000"
"202300011564";"7";"02";"2023";"08:45";"1";"2B";"2B319";"1";"1";"1";"4";"Penticchie";"42,43094600";"9,52339200"
"202300011565";"6";"02";"2023";"21:35";"2";"11";"11255";"1";"1";"1";"2";"";"43,18517272";"2,92986638"
"202300011566";"19";"10";"2023";"08:10";"1";"71";"71059";"1";"1";"8";"7";"R.D 290";"46,79074000";"4,48110000"
"202300011567";"7";"02";"2023";"10:15";"1";"89";"89419";"2";"9";"7";"6";"Avenue du Général de Gaulle";"47,72166600";"3,31320500"
"202300011568";"18";"10";"2023";"14:00";"1";"71";"71076";"2";"1";"1";"3";"134 EME RI  (RUE)";"46,78974000";"4,84317000"
"202300011569";"6";"02";"2023";"17:15";"1";"35";"35039";"2";"1";"1";"3";"Clos de la Hache";"48,10735200";" -1,48465600"
"202300011570";"4";"02";"2023";"14:45";"1";"35";"35096";"1";"3";"1";"1";"L?Epine";"48,06340000";" -1,36489000"