"Num_Acc";"jour";"mois";"an";"hrmn";"lum";"dep";"com";"agg";"int";"atm";"col";"adr";"lat";"long"
"202300011571";"6";"02";"2023";"22:45";"3";"35";"35116";"1";"1";"1";"6";"zone artisanale de la folleville";"48,58395700";" -1,83235100"
"202300011572";"20";"10";"2023";"01:15";"5";"69";"69264";"2";"6";"3";"6";"Avenue de l’Europe";"45,99506000";"4,74152000"
"202300011573";"5";"02";"2023";"05:45";"3";"29";"29017";"2";"1";"1";"6";"Rue de Plourin";"48,47827000";" -4,71605300"
"202300011574";"6";"02";"2023";"14:18";"1";"29";"29190";"1";"3";"1";"2";"Route de Brest";"48,35823800";" -4,70776000"
"202300011575";"18";"10";"2023";"10:20";"1";"69";"69290";"2";"9";"2";"2";"Route de Lyon";"45,70470000";"4,91286000"
"202300011576";"6";"02";"2023";"17:50";"1";"02";"02173";"2";"6";"1";"3";"22 Place du Brouage";"49,61484600";"3,21393000"
"202300011577";"18";"10";"2023";"11:15";"1";"69";"69388";"2";"1";"2";"2";"Avenue Jean Mermoz";"45,73068000";"4,88673000"
"202300011578";"6";"02";"2023";"14:36";"1";"83";"83011";"1";"9";"1";"3";"Route de Claviers";"43,61819000";"6,55749700"
"202300011579";"18";"10";"2023";"18:50";"2";"67";"67482";"2";"3";"3";"3";"CHARLES PEGUY (RUE)";"48,58657000";"7,70368000"
"202300011580";"7";"02";"2023";"02:20";"3";"45";"45148";"2";"1";"1";"6";"D2007 PR 8 + 944";"48,08422900";"2,76917200"
"202300011581";"18";"10";"2023";"17:15";"1";"67";"67482";"2";"1";"2";"6";"ANCIENNE ECOLE (RUE DE L )";"48,56157800";"7,76375500"
"202300011582";"11";"01";"2023";"19:15";"3";"64";"64282";"1";"1";"2";"1";"route des cimes";"43,41941900";" -1,41414600"
"202300011583";"6";"02";"2023";"20:50";"3";"18";"18204";"1";"1";"1";"7";"";"46,93528700";"2,55176800"
"202300011584";"17";"10";"2023";"20:10";"5";"67";"67043";"2";"9";"1";"3";"MAIRES SCHAUB (RUE DES)";"48,61443000";"7,76393000"
"202300011585";"7";"02";"2023";"11:45";"1";"07";"07295";"1";"1";"1";"7";"RD120";"44,81674800";"4,60258500"
"202300011586";"7";"02";"2023";"09:50";"1";"04";"04001";"1";"1";"9";"6";"RN 85";"44,05254600";"6,15185000"
"202300011587";"19";"10";"2023";"20:50";"5";"62";"62771";"2";"2";"1";"6";"Avenue de la Fosse 4";"50,41797000";"2,86679000"
"202300011588";"6";"02";"2023";"16:40";"1";"85";"85095";"2";"1";"1";"3";"58 Rue de l'océan";"46,86917700";" -1,75927200"
"202300011589";"19";"10";"2023";"20:41";"5";"62";"62637";"2";"1";"1";"3";"Rue des 80 Fusillés";"50,47065000";"2,98432000"
"202300011590";"6";"02";"2023";"16:50";"1";"87";"87151";"1";"1";"1";"6";"D15";"45,68035500";"1,29299600"
"202300011591";"7";"02";"2023";"08:15";"1";"30";"30083";"1";"1";"1";"6";"Route du Grau du Roi";"43,71975300";"4,22341700"
"202300011592";"18";"10";"2023";"10:05";"1";"62";"62193";"2";"1";"1";"2";"Rue de Toul";"50,94069472";"1,84536213"
"202300011593";"7";"02";"2023";"06:30";"3";"34";"34240";"1";"1";"3";"4";"A709 pk 005+300";"43,64222400";"3,97400800"
"202300011594";"19";"10";"2023";"22:35";"3";"62";"62400";"2";"1";"8";"7";"D86";"50,46967785";"2,57193768"
"202300011595";"19";"10";"2023";"15:30";"1";"59";"59346";"2";"1";"1";"6";"COUTURIER PAUL-VAILLANT RUE";"50,61418000";"3,11302000"
"202300011596";"7";"02";"2023";"10:15";"1";"988";"98821";"2";"1";"1";"6";"Rue du Notou";" -22,11958200";"166,36753800"
"202300011597";"6";"02";"2023";"18:00";"2";"45";"45229";"1";"2";"1";"3";"1 Rue de Montbouy";"47,85013200";"2,74782700"
"202300011598";"18";"10";"2023";"21:10";"5";"56";"56098";"2";"3";"2";"7";"73 Avenue Ambroise Croizat";"47,77522000";" -3,34622000"
"202300011599";"6";"02";"2023";"16:30";"1";"68";"68309";"2";"1";"1";"2";"60 Rue Poincaré";"47,66348000";"7,44578000"
"202300011600";"18";"10";"2023";"20:25";"3";"56";"56121";"2";"1";"2";"7";"Rue amiral de Spitz";"47,76334000";" -3,37016000"
"202300011601";"31";"01";"2023";"17:30";"5";"69";"69121";"2";"9";"1";"6";"73 Route de Lyon";"45,85498885";"4,68118503"
"202300011602";"6";"02";"2023";"09:10";"1";"69";"69204";"2";"6";"1";"3";"Chemin du Grand Revoyet";"45,69598500";"4,80722700"
"202300011603";"18";"10";"2023";"18:16";"1";"56";"56121";"2";"1";"1";"2";"Rue René Lote";"47,77234000";" -3,40456000"
"202300011604";"5";"02";"2023";"08:45";"1";"69";"69204";"2";"1";"1";"1";"16 Route du Millénaire";"45,67300376";"4,78897461"
"202300011605";"4";"02";"2023";"11:37";"1";"09";"09108";"1";"1";"1";"6";"1 la materette";"43,02171400";"1,36639200"
"202300011606";"19";"10";"2023";"22:20";"5";"54";"54395";"2";"1";"2";"6";"Rue Alfred Krug";"48,68213000";"6,20309000"
"202300011607";"5";"02";"2023";"18:30";"5";"44";"44094";"1";"1";"1";"7";"Quai des Mariniers ";"47,29434565";" -1,38331309"
"202300011608";"5";"02";"2023";"15:30";"1";"60";"60024";"1";"1";"1";"7";"D60";"49,40840400";"2,68169400"
"202300011609";"18";"10";"2023";"13:40";"1";"54";"54395";"2";"1";"1";"6";"Rue Jeanne d'Arc";"48,68894000";"6,17018000"
"202300011610";"6";"02";"2023";"09:00";"1";"59";"59636";"1";"1";"1";"6";"ROUTE DEPARTEMENTALE 652";"50,68203000";"3,06081000"
"202300011611";"6";"02";"2023";"08:30";"1";"91";"91340";"1";"1";"1";"3";"RN 104";"48,60835000";"2,43520000"
"202300011612";"19";"10";"2023";"06:50";"3";"54";"54580";"2";"4";"1";"3";"RUE DE VERDUN";"49,46501000";"5,93347000"
"202300011613";"6";"02";"2023";"10:45";"1";"78";"78571";"1";"1";"1";"6";"A13";"48,87399500";"2,02405000"
"202300011614";"18";"10";"2023";"21:20";"5";"51";"51454";"2";"2";"2";"6";"BUIRETTE (RUE)";"49,25452000";"4,02538000"
"202300011615";"6";"02";"2023";"07:50";"2";"78";"78206";"1";"1";"1";"2";"A13";"48,94551700";"1,94897300"
"202300011616";"18";"10";"2023";"11:40";"1";"50";"50129";"2";"1";"3";"1";"LANSONNEUR (RUE LOUIS)";"49,61981000";" -1,62029000"
"202300011617";"5";"02";"2023";"13:47";"1";"92";"92036";"1";"1";"1";"4";"A86";"48,93408555";"2,27788505"
"202300011618";"16";"10";"2023";"08:20";"1";"50";"50129";"2";"2";"1";"3";"LECLERC (RUE DU GENERAL)";"49,64748000";" -1,65086000"
"202300011619";"4";"02";"2023";"11:50";"1";"93";"93027";"1";"1";"2";"2";"AUTOROUTE A86";"48,92470000";"2,39135000"
"202300011620";"18";"10";"2023";"16:35";"1";"49";"49007";"2";"1";"2";"6";"ROMANERIE BOULEVARD";"47,48599000";" -0,51193000"
"202300011621";"27";"10";"2023";"07:45";"5";"47";"47001";"2";"2";"3";"3";"GAMBETTA (COURS)";"44,20025000";"0,61188000"
"202300011622";"20";"10";"2023";"16:50";"1";"47";"47001";"2";"3";"2";"6";"BARBUSSE (AV. HENRI)";"44,20546098";"0,62859071"
"202300011623";"4";"02";"2023";"20:45";"5";"94";"94017";"1";"1";"1";"4";"A4";"48,82664869";"2,51379240"
"202300011624";"19";"10";"2023";"14:50";"1";"45";"45147";"2";"1";"1";"6";"RUE LOUIS LABONNE";"47,92660000";"1,90770000"
"202300011625";"4";"02";"2023";"18:40";"3";"94";"94028";"1";"1";"2";"4";"N406";"48,78200276";"2,44056815"
"202300011626";"10";"10";"2023";"10:40";"1";"42";"42187";"2";"6";"1";"3";"Boulevard Baron du Marais";"46,04356000";"4,06763000"
"202300011627";"5";"02";"2023";"06:00";"3";"73";"73011";"1";"1";"1";"6";"N90";"45,66123000";"6,38316000"
"202300011628";"5";"02";"2023";"22:15";"3";"974";"97411";"1";"9";"1";"7";"DORO (CHEMIN)";" -20,92239000";"55,40272000"
"202300011629";"5";"02";"2023";"16:30";"1";"974";"97411";"2";"1";"1";"3";"DIGUE (ROUTE)";" -20,89186000";"55,47060000"
"202300011630";"19";"10";"2023";"12:00";"1";"37";"37261";"2";"6";"1";"7";"MAGINOT (AV. ANDRE)";"47,41860000";"0,69269000"
"202300011631";"5";"02";"2023";"14:45";"1";"974";"97411";"2";"1";"1";"3";"NOTRE DAME DE LA TRINITE (BOULEVARD)";" -20,89647000";"55,46698000"
"202300011632";"19";"10";"2023";"08:45";"1";"37";"37261";"2";"1";"1";"6";"ALOUETTE (AVENUE)";"47,36380000";"0,69952000"
"202300011633";"19";"10";"2023";"07:50";"1";"37";"37261";"2";"1";"2";"2";"PORTILLON (QUAI DE)";"47,40095000";"0,68492000"
"202300011634";"5";"02";"2023";"10:30";"1";"974";"97411";"2";"1";"1";"6";"DORET 1 (BOULEVARD)";" -20,89010000";"55,46148000"
"202300011635";"4";"02";"2023";"23:20";"3";"973";"97309";"1";"1";"3";"1";"TIGRE (ROUTE DU)";"4,91356487";" -52,30847239"
"202300011636";"19";"10";"2023";"13:00";"1";"35";"35238";"2";"6";"3";"7";"FOUGERES (RUE DE)";"48,12755000";" -1,65134000"
"202300011637";"5";"02";"2023";"15:30";"1";"972";"97209";"2";"1";"1";"1";"CHATEAUBOEUF (ROUTE DE)";"14,62045000";" -61,04345000"
"202300011638";"4";"02";"2023";"13:20";"1";"972";"97209";"2";"1";"1";"6";"ABBE LAVIGNE (AVENUE)";"14,61239800";" -61,07171000"
"202300011639";"19";"10";"2023";"10:35";"1";"35";"35051";"1";"1";"2";"6";"LONGCHAMPS (PORTE DES)";"48,14168294";" -1,62781656"
"202300011640";"25";"01";"2023";"08:45";"1";"69";"69149";"2";"1";"1";"7";"34 Rue Narcisse Bertholey";"45,71555552";"4,80471163"
"202300011641";"4";"02";"2023";"18:10";"2";"69";"69389";"2";"1";"1";"3";"10bis Rue Saint Simon";"45,77940000";"4,79914000"
"202300011642";"19";"10";"2023";"07:45";"2";"35";"35238";"2";"6";"8";"2";"PAYS-BAS (AVENUE DES)";"48,08661000";" -1,66107000"
"202300011643";"5";"02";"2023";"04:51";"4";"90";"90010";"2";"1";"2";"7";"FRANCE BOULEVARD ANATOLE )";"47,63947300";"6,83923900"
"202300011644";"18";"10";"2023";"20:15";"5";"35";"35238";"2";"9";"2";"6";"VERN (DE)";"48,09294000";" -1,64758000"
"202300011645";"5";"02";"2023";"04:20";"5";"76";"76484";"1";"6";"1";"6";"D18 E";"49,34553641";"1,07718945"
"202300011646";"18";"10";"2023";"08:15";"2";"34";"34108";"1";"1";"1";"5";"RD 612";"43,42068000";"3,73614000"
"202300011647";"5";"02";"2023";"02:15";"5";"76";"76540";"2";"2";"1";"3";"Avenue de Bretagne";"49,43329000";"1,08529000"
"202300011648";"5";"02";"2023";"12:30";"1";"69";"69259";"2";"1";"1";"2";"16 Allée Picard";"45,70700984";"4,86515327"
"202300011649";"5";"02";"2023";"08:37";"1";"59";"59367";"2";"1";"8";"7";"CATINAT (RUE)";"50,67363581";"3,20262194"
"202300011650";"19";"10";"2023";"19:35";"5";"33";"33063";"2";"2";"2";"3";"Rue Lucien Faure";"44,86593000";" -0,56110000"
"202300011651";"5";"02";"2023";"14:30";"1";"59";"59009";"2";"2";"1";"3";"FUSILLES RUE DES DU N° 2-110";"50,61906000";"3,14224000"
"202300011652";"19";"10";"2023";"17:35";"2";"33";"33063";"2";"3";"1";"3";"Boulevard du Président Wilson";"44,83771000";" -0,59909000"
"202300011653";"5";"02";"2023";"13:05";"1";"51";"51230";"2";"1";"1";"3";"Rue Gallice";"49,04121104";"3,95319253"
"202300011654";"10";"10";"2023";"14:45";"1";"29";"29254";"1";"1";"1";"6";"RN12";"48,58699116";" -3,84789340"
"202300011655";"3";"02";"2023";"18:20";"2";"50";"50129";"2";"9";"1";"3";"SALENGRO (RUE ROGER)";"49,62902000";" -1,64118000"
"202300011656";"5";"02";"2023";"02:15";"3";"45";"45169";"2";"4";"1";"3";"10 Rue Pierre et Marie Curie";"47,90067000";"1,85099000"
"202300011657";"19";"10";"2023";"12:03";"1";"29";"29019";"2";"2";"1";"3";"avenue Victor Le Gorgeu";"48,41020300";" -4,51480200"
"202300011658";"5";"02";"2023";"03:50";"3";"37";"37195";"1";"1";"1";"1";"PERIPHERIQUE OUEST";"47,37690000";"0,65231000"
"202300011659";"19";"10";"2023";"07:25";"3";"29";"29019";"2";"3";"2";"3";"avenue de l'Ecole Navale";"48,37352100";" -4,52560300"
"202300011660";"4";"02";"2023";"16:40";"1";"34";"34172";"2";"3";"1";"3";"527 Avenue Saint Clément";"43,61805000";"3,84405000"
"202300011661";"4";"02";"2023";"16:45";"1";"31";"31483";"2";"1";"1";"6";"14bis Av du Pdt Francois Mitterrand";"43,10964000";"0,72945000"
"202300011662";"18";"10";"2023";"16:35";"1";"28";"28070";"1";"1";"3";"3";"D823";"48,46879000";"1,51855000"
"202300011663";"19";"10";"2023";"18:10";"1";"27";"27701";"1";"9";"2";"6";"RD6015";"49,25150000";"1,18510000"
"202300011664";"4";"02";"2023";"20:50";"5";"25";"25462";"1";"1";"2";"1";"ROCADE G.POMPIDOU ( DE 0 A 6)";"46,90496400";"6,33033000"
"202300011665";"19";"10";"2023";"08:15";"1";"27";"27701";"2";"1";"3";"6";"VILLAGE (CHAUSSEE DU)";"49,26155600";"1,20738800"
"202300011666";"2";"02";"2023";"23:30";"3";"22";"22187";"2";"1";"1";"6";"VIEUX MOULIN (RUE DU)";"48,52352000";" -2,75280000"
"202300011667";"19";"10";"2023";"05:40";"5";"26";"26362";"2";"1";"2";"3";"Avenue de la Libération";"44,90500000";"4,88400000"
"202300011668";"3";"02";"2023";"19:45";"5";"13";"13202";"2";"2";"1";"3";"ANTHOINE (RUE D')";"43,31650000";"5,36842000"
"202300011669";"19";"10";"2023";"13:15";"1";"25";"25056";"2";"1";"2";"2";"OUEST BOULEVARD";"47,25391000";"5,99002000"
"202300011670";"5";"02";"2023";"15:50";"1";"13";"13213";"2";"1";"1";"5";"SAINT JUST (AVENUE DE)";"43,31522866";"5,40362590"
"202300011671";"19";"10";"2023";"10:40";"1";"25";"25056";"2";"1";"2";"3";"CHAR  RUE RENE";"47,21748400";"5,94954100"
"202300011672";"5";"02";"2023";"13:30";"1";"13";"13212";"2";"1";"1";"6";"POILUS (AVENUE DES)";"43,31392389";"5,46293117"
"202300011673";"18";"10";"2023";"14:03";"1";"19";"19272";"2";"1";"2";"7";"Chammard (Quai)";"45,26786606";"1,77233827"
"202300011674";"5";"02";"2023";"11:50";"1";"13";"13208";"2";"6";"1";"3";"ALAIN SAVARY (ROND-POINT)";"43,24616100";"5,39458622"
"202300011675";"5";"02";"2023";"14:30";"1";"07";"07019";"2";"1";"1";"6";"LAZUEL ( ROUTE DE )";"44,62603000";"4,37883000"
"202300011676";"5";"02";"2023";"19:00";"5";"06";"06069";"2";"4";"2";"6";"ROTHSCHILD (BOULEVARD ALICE DE)";"43,66370900";"6,92757600"
"202300011677";"20";"10";"2023";"00:35";"5";"13";"13205";"2";"9";"2";"6";"JEAN MOULIN (BOULEVARD)";"43,28678478";"5,39988935"
"202300011678";"5";"02";"2023";"05:25";"5";"01";"01053";"2";"1";"1";"1";"LECLERC (BVD  MARECHAL COTE PAIR)";"46,20656000";"5,21972000"
"202300011679";"3";"02";"2023";"22:20";"5";"91";"91687";"2";"1";"1";"3";"GENERAL DE GAULLE (AVENUE DU)";"48,67953000";"2,38124000"
"202300011680";"3";"02";"2023";"09:45";"1";"13";"13028";"2";"1";"1";"6";"QUINET (RUE EDGARD)";"43,17514000";"5,61004000"
"202300011681";"19";"10";"2023";"23:30";"5";"13";"13205";"2";"9";"3";"1";"VERDUN (RUE DE)";"43,29650000";"5,39758000"
"202300011682";"4";"02";"2023";"16:15";"1";"988";"98818";"2";"2";"1";"3";"RUE JULES FERRY/AVENUE JAMES COOK";" -22,26752000";"166,43739000"
"202300011683";"4";"02";"2023";"13:00";"1";"976";"97611";"2";"9";"3";"6";"convalescence/vetivers-Seize Villas ( ru";" -12,77814000";"45,21931000"
"202300011684";"19";"10";"2023";"11:30";"1";"13";"13209";"2";"1";"1";"1";"RAYMOND TEISSERE (RUE)";"43,27342998";"5,39885805"
"202300011685";"4";"02";"2023";"07:20";"1";"973";"97309";"2";"3";"1";"3";"TIGRE (ROUTE DU)";"4,91520569";" -52,31077239"
"202300011686";"18";"10";"2023";"20:00";"5";"10";"10343";"2";"1";"2";"7";"DIJON (RUE DE)";"48,26740000";"4,08900000"
"202300011687";"4";"02";"2023";"12:30";"1";"972";"97209";"2";"3";"1";"3";"CHATEAUBOEUF (ROUTE DE)";"14,61451000";" -61,05131000"
"202300011688";"17";"10";"2023";"17:40";"1";"09";"09122";"2";"1";"1";"6";"ESPAGNE (ROUTE D')";"42,94786000";"1,62633000"
"202300011689";"3";"02";"2023";"16:50";"1";"2A";"2A004";"2";"1";"1";"2";"ROUTE DU STILETTO";"41,94567000";"8,77024000"
"202300011690";"19";"10";"2023";"17:20";"1";"06";"06069";"1";"1";"2";"3";"Route de PLASCASSIER";"43,65235500";"6,95156500"
"202300011691";"4";"02";"2023";"18:15";"2";"81";"81004";"2";"1";"1";"3";"TEYSSIER (AV DU COLONEL)";"43,92492000";"2,15064000"
"202300011692";"16";"10";"2023";"10:05";"1";"06";"06069";"2";"1";"1";"4";"PAGNOL (BOULEVARD MARCEL)";"43,64530700";"6,94364900"
"202300011693";"3";"02";"2023";"16:20";"1";"74";"74133";"2";"3";"1";"3";"CHATELET (RUE DU)";"46,19054445";"6,21144294"
"202300011694";"4";"02";"2023";"20:15";"5";"71";"71306";"2";"2";"1";"1";"CLUNY (RUE DE)";"46,67380000";"4,37389000"
"202300011695";"19";"10";"2023";"11:50";"1";"04";"04070";"1";"1";"1";"1";"MARCOUX ( rte de )";"44,10705000";"6,25766000"
"202300011696";"3";"02";"2023";"17:55";"2";"71";"71486";"2";"3";"1";"3";"8 MAI 1945 (RUE)";"46,64878000";"4,36598000"
"202300011697";"19";"10";"2023";"17:47";"5";"75";"75120";"2";"1";"2";"3";"BD PERIPHERIQUE INTERIEUR";"48,87142800";"2,41300200"
"202300011698";"30";"01";"2023";"14:00";"1";"69";"69266";"2";"6";"8";"6";"92 Cours André Philip";"45,77235382";"4,86639037"
"202300011699";"3";"02";"2023";"18:16";"5";"68";"68166";"2";"1";"1";"6";"Rue d'Illzach";"47,79055000";"7,34325000"
"202300011700";"19";"10";"2023";"14:05";"1";"75";"75112";"2";"1";"1";"5";"BD PERIPHERIQUE EXTERIEUR";"48,82864200";"2,39888900"
"202300011701";"4";"02";"2023";"18:40";"1";"65";"65440";"2";"2";"1";"2";"Rue Saint-jean";"43,23843900";"0,08187300"
"202300011702";"19";"10";"2023";"07:50";"5";"75";"75120";"2";"1";"2";"2";"PORTE DE BAGNOLET";"48,86350200";"2,41340800"
"202300011703";"3";"02";"2023";"16:39";"1";"65";"65286";"2";"6";"1";"6";"Boulevard de la Grotte";"43,09945000";" -0,04550000"
"202300011704";"4";"02";"2023";"12:30";"1";"64";"64445";"2";"9";"1";"6";"20 rue monseigneur Campo";"43,32076000";" -0,34500000"
"202300011705";"4";"02";"2023";"21:30";"5";"62";"62826";"2";"2";"1";"3";"Boulevard Daloz";"50,51869000";"1,58587000"
"202300011706";"18";"10";"2023";"07:45";"2";"75";"75120";"2";"1";"2";"3";"PORTE DE VINCENNES";"48,84742800";"2,41456000"
"202300011707";"4";"02";"2023";"19:25";"5";"59";"59599";"2";"2";"1";"7";"GAND (RUE DE)";"50,73695000";"3,16218000"
"202300011708";"4";"02";"2023";"05:15";"3";"59";"59271";"1";"1";"8";"6";"RD 601";"51,02326988";"2,30754465"
"202300011709";"19";"10";"2023";"15:05";"1";"75";"75117";"2";"1";"1";"5";"BD PERIPHERIQUE INTERIEUR ";"48,88261200";"2,28349700"
"202300011710";"4";"02";"2023";"22:10";"5";"51";"51454";"2";"2";"1";"3";"rue Chanzy";"49,25213700";"4,03220800"
"202300011711";"17";"10";"2023";"09:00";"1";"75";"75116";"2";"3";"1";"3";"RUE DE BOULAINVILLIERS";"48,85515700";"2,27529600"
"202300011712";"30";"01";"2023";"16:40";"1";"38";"38179";"1";"9";"1";"7";"RUE DU MOIRON";"45,18518000";"5,79873000"
"202300011713";"4";"02";"2023";"19:15";"5";"33";"33063";"2";"1";"1";"2";"Boulevard Alienor d'Aquitaine";"44,87528000";" -0,56466000"
"202300011714";"19";"10";"2023";"10:30";"1";"75";"75119";"2";"3";"1";"6";"RUE MANIN";"48,88433150";"2,39129609"
"202300011715";"4";"02";"2023";"18:00";"5";"33";"33063";"2";"1";"1";"2";"Cours Aristide Briand";"44,83210000";" -0,57843000"
"202300011716";"3";"02";"2023";"15:05";"1";"33";"33522";"2";"1";"1";"2";"Cours de la Libération";"44,80952000";" -0,59129000"
"202300011717";"19";"10";"2023";"21:17";"5";"75";"75118";"2";"3";"2";"6";"RUE CAULAINCOURT";"48,88661700";"2,33263466"
"202300011718";"4";"02";"2023";"03:39";"5";"33";"33529";"2";"6";"1";"6";"LECLERC (AVE DU GAL) DU 02 ET +";"44,64811515";" -1,15267128"
"202300011719";"4";"02";"2023";"15:35";"1";"31";"31557";"2";"9";"1";"7";"BELBEZE (RUE DE)";"43,58068600";"1,33678300"
"202300011720";"3";"02";"2023";"16:20";"1";"31";"31555";"2";"1";"1";"6";"ALL HENRI SELLIER";"43,57713000";"1,44054000"
"202300011721";"18";"10";"2023";"16:40";"1";"75";"75117";"2";"1";"2";"4";"BOULEVARD DE DOUAUMONT";"48,89460100";"2,30512700"
"202300011722";"3";"02";"2023";"20:25";"3";"29";"29019";"2";"1";"1";"2";"rue de la Porte";"48,38423700";" -4,50085300"
"202300011723";"3";"02";"2023";"09:15";"1";"29";"29019";"2";"3";"1";"3";"rue Inkermann";"48,39943238";" -4,46795063"
"202300011724";"18";"10";"2023";"12:40";"1";"75";"75115";"2";"2";"1";"6";"RUE SAINT CHARLES";"48,84476400";"2,28390500"
"202300011725";"19";"10";"2023";"11:10";"1";"75";"75111";"2";"3";"1";"3";"AVENUE PARMENTIER";"48,85914000";"2,37946900"
"202300011726";"4";"02";"2023";"09:52";"1";"22";"22187";"1";"1";"1";"7";"RN12";"48,54499000";" -2,78762000"
"202300011727";"19";"10";"2023";"14:30";"1";"75";"75110";"2";"3";"1";"2";"RUE ROBERT BLACHE";"48,87705400";"2,36383600"
"202300011728";"31";"01";"2023";"16:50";"1";"16";"16089";"2";"1";"1";"6";"ANGOULEME (AVENUE D')";"45,68686600";" -0,30905200"
"202300011729";"19";"10";"2023";"15:30";"1";"75";"75108";"2";"3";"1";"6";"AVENUE BERTIE ALBRECHT";"48,87495400";"2,30104700"
"202300011730";"19";"10";"2023";"11:00";"1";"75";"75108";"2";"3";"8";"3";"PLACE DE LA CONCORDE";"48,86439000";"2,32031100"
"202300011731";"18";"10";"2023";"23:00";"5";"75";"75108";"2";"1";"2";"7";"AVENUE MONTAIGNE";"48,86721200";"2,30680400"
"202300011732";"19";"10";"2023";"15:00";"1";"75";"75101";"2";"3";"1";"7";"RUE DE RIVOLI";"48,86631000";"2,32416500"
"202300011733";"19";"10";"2023";"13:40";"1";"75";"75101";"2";"3";"1";"6";"RUE DES LAVANDIERES SAINTE OPPORTUNE";"48,85908900";"2,34639200"
"202300011734";"18";"10";"2023";"13:50";"1";"75";"75103";"2";"2";"2";"3";"RUE DE TURBIGO";"48,86546300";"2,35608800"
"202300011735";"19";"10";"2023";"20:10";"5";"94";"94078";"2";"1";"3";"3";"Avenue du 8 Mai 1945";"48,72735000";"2,44539000"
"202300011736";"18";"10";"2023";"21:20";"5";"94";"94068";"2";"3";"2";"3";"Boulevard de Champigny";"48,80776000";"2,50911000"
"202300011737";"19";"10";"2023";"20:00";"5";"94";"94046";"2";"9";"2";"3";"Avenue du Général Leclerc";"48,80747349";"2,43754399"
"202300011738";"19";"10";"2023";"14:40";"1";"94";"94043";"2";"9";"1";"1";"Rue Gabriel Péri";"48,80608900";"2,34591400"
"202300011739";"17";"10";"2023";"18:00";"1";"94";"94016";"2";"1";"1";"2";"Avenue Louis Georgeon";"48,79293490";"2,33603185"
"202300011740";"17";"10";"2023";"10:40";"1";"94";"94033";"2";"6";"1";"3";"Pl. de l'Amitié entre les Peuples";"48,85270000";"2,48160000"
"202300011741";"18";"10";"2023";"22:15";"3";"94";"94028";"1";"7";"2";"3";"Place des Jonquilles";"48,80418400";"2,45736100"
"202300011742";"19";"10";"2023";"19:52";"5";"94";"94079";"2";"1";"2";"6";"Rue de Noisy";"48,83298000";"2,54589000"
"202300011743";"19";"10";"2023";"03:45";"5";"94";"94069";"2";"1";"2";"7";"A4";"48,81693343";"2,45226055"
"202300011744";"18";"10";"2023";"13:05";"1";"93";"93032";"2";"1";"2";"6";"Chemin de Montguichet";"48,87933100";"2,54671600"
"202300011745";"19";"10";"2023";"20:15";"5";"93";"93031";"2";"3";"2";"1";"Boulevard Foch / Rue de l'Yser";"48,94440000";"2,33770000"
"202300011746";"19";"10";"2023";"07:51";"3";"93";"93031";"2";"2";"3";"6";"Avenue du 18 Juin 1940 /Avenue Salvador Allende";"48,95467000";"2,30798600"
"202300011747";"19";"10";"2023";"20:15";"5";"93";"93001";"2";"2";"2";"3";"Rue Nicolas Rayer / Rue du Port";"48,91776700";"2,37481300"
"202300011748";"18";"10";"2023";"17:00";"1";"92";"92078";"2";"1";"2";"2";"HENRI BARBUSSE (RUE) (PAIRS)";"48,93621918";"2,33317089"
"202300011749";"18";"10";"2023";"21:50";"5";"92";"92078";"2";"9";"2";"4";"MOULIN CAGE (QUAI)";"48,92423478";"2,32904471"
"202300011750";"19";"10";"2023";"11:40";"1";"92";"92076";"2";"6";"1";"3";"ROBERT CHEVALIER";"48,84331220";"2,17444217"
"202300011751";"19";"10";"2023";"08:05";"2";"92";"92063";"2";"2";"2";"6";"DIX-HUIT JUIN 1940 (AVENUE DU) EST";"48,86801640";"2,19307914"
"202300011752";"19";"10";"2023";"18:00";"1";"92";"92051";"2";"3";"1";"2";"GENERAL KOENIG (BOULEVARD DU)";"48,88155000";"2,25238000"
"202300011753";"17";"10";"2023";"11:39";"1";"92";"92050";"2";"1";"1";"3";"COMMUNE DE PARIS AVENUE DE LA";"48,90419000";"2,20635000"
"202300011754";"19";"10";"2023";"06:55";"5";"92";"92040";"2";"1";"1";"3";"GAMBETTA (BOULEVARD)";"48,82750204";"2,27680291"
"202300011755";"28";"04";"2023";"16:10";"1";"75";"75107";"2";"3";"1";"6";"QUAI D ORSAY";"48,86262800";"2,31903200"
"202300011756";"27";"04";"2023";"20:18";"5";"75";"75104";"2";"3";"2";"1";"RUE SAINT ANTOINE";"48,85430300";"2,36374800"
"202300011757";"28";"04";"2023";"05:15";"5";"94";"94081";"2";"3";"3";"3";"Boulevard de Stalingrad / Rue Germain Tailleferre";"48,80365300";"2,37743500"
"202300011758";"28";"04";"2023";"15:00";"1";"94";"94068";"2";"3";"1";"2";"Boulevard de la Marne";"48,78762000";"2,51791000"
"202300011759";"28";"04";"2023";"03:35";"5";"94";"94003";"2";"1";"3";"2";"Avenue de la Convention";"48,80071800";"2,33338800"
"202300011760";"28";"04";"2023";"15:50";"1";"94";"94021";"2";"1";"1";"2";"78 Avenue de Stalingrad";"48,77323000";"2,36745300"
"202300011761";"28";"04";"2023";"09:00";"1";"94";"94034";"2";"9";"2";"3";"Carrefour de la Déportation";"48,76055700";"2,31830809"
"202300011762";"27";"04";"2023";"22:45";"5";"94";"94073";"2";"1";"2";"5";"116 Avenue de Versailles";"48,75913511";"2,39506607"
"202300011763";"28";"04";"2023";"12:15";"1";"94";"94017";"2";"2";"1";"1";"Rue de Dunkerque / Avenue Marx Dormoy";"48,80632000";"2,53008300"
"202300011764";"27";"04";"2023";"12:35";"1";"94";"94017";"2";"1";"1";"3";"Avenue du Général de Gaulle";"48,82152251";"2,48903538"