"Num_Acc";"jour";"mois";"an";"hrmn";"lum";"dep";"com";"agg";"int";"atm";"col";"adr";"lat";"long"
"202300011765";"28";"04";"2023";"15:15";"1";"93";"93078";"2";"9";"1";"3";"Route de Tremblay";"48,96513400";"2,53919500"
"202300011766";"28";"04";"2023";"18:13";"1";"93";"93031";"2";"3";"1";"3";"Rue des Carrières / Rue de Rennes";"48,95824000";"2,29524000"
"202300011767";"28";"04";"2023";"09:25";"1";"93";"93066";"2";"1";"2";"7";"Avenue Lénine";"48,93891900";"2,37001700"
"202300011768";"27";"04";"2023";"01:00";"5";"93";"93005";"2";"2";"1";"1";"Boulevard Lefèvre / Rue Ordener";"48,94326000";"2,49322000"
"202300011769";"28";"04";"2023";"16:30";"1";"92";"92075";"2";"6";"1";"6";"VICTOR HUGO (AVENUE)";"48,82554000";"2,29261000"
"202300011770";"28";"04";"2023";"14:30";"1";"92";"92063";"2";"1";"1";"3";"MONTBRISON (RUE DU LIEUTENANT COLONEL DE";"48,86174000";"2,19604100"
"202300011771";"28";"04";"2023";"09:00";"1";"92";"92050";"2";"1";"8";"3";"PONS NOEL RUE";"48,90643783";"2,22437203"
"202300011772";"28";"04";"2023";"08:20";"1";"92";"92040";"2";"9";"2";"6";"HOCHE";"48,82456606";"2,27094457"
"202300011773";"27";"04";"2023";"18:15";"1";"92";"92036";"2";"3";"2";"6";"GENERAL DE GAULLE (AVENUE) (PAIRS)";"48,93369830";"2,31342539"
"202300011774";"28";"04";"2023";"20:13";"1";"92";"92025";"2";"2";"1";"2";"FELIX FAURE (RUE)";"48,91492200";"2,25288300"
"202300011775";"27";"04";"2023";"00:35";"3";"92";"92025";"2";"1";"1";"4";"KLEBER (AV)";"48,93358100";"2,25230900"
"202300011776";"28";"04";"2023";"12:26";"1";"92";"92012";"2";"2";"2";"3";"MARECHAL DE LATTRE DE TASSIGNY (AVENUE)";"48,84108692";"2,22511232"
"202300011777";"28";"04";"2023";"19:45";"1";"92";"92007";"2";"3";"1";"3";"EGALITE (RUE DE L') N° IMPAIRS";"48,80123700";"2,30743000"
"202300011778";"27";"04";"2023";"18:00";"1";"92";"92004";"2";"2";"1";"5";"PONT DE CLICHY";"48,91101000";"2,29858000"
"202300011779";"30";"04";"2023";"12:25";"1";"39";"39097";"1";"1";"1";"1";"N/A";"46,74209100";"5,92839300"
"202300011780";"30";"04";"2023";"03:10";"3";"50";"50237";"2";"3";"1";"6";"133 Rue de la Liberation";"48,80182900";" -1,39618100"
"202300011781";"30";"04";"2023";"20:35";"3";"51";"51141";"1";"1";"1";"7";"N44";"48,84244200";"4,50935100"
"202300011782";"29";"04";"2023";"22:50";"3";"83";"83023";"1";"1";"1";"3";"AUTOROUTE A 8";"43,42114466";"6,07659089"
"202300011783";"28";"04";"2023";"19:00";"5";"974";"97422";"2";"1";"1";"2";"114 Chemin Neuf";" -21,24519200";"55,51428100"
"202300011784";"29";"04";"2023";"12:55";"1";"51";"51217";"2";"1";"1";"7";"Le Gault";"49,06666100";"3,64581900"
"202300011785";"30";"04";"2023";"01:00";"3";"30";"30331";"1";"1";"1";"6";"RD6086";"44,12515000";"4,61452100"
"202300011786";"29";"04";"2023";"15:00";"1";"66";"66028";"2";"1";"1";"1";"N/A";"42,67502400";"2,93884800"
"202300011787";"30";"04";"2023";"05:30";"2";"51";"51009";"1";"1";"1";"7";"D5";"48,59123500";"3,82458900"
"202300011788";"30";"04";"2023";"01:25";"5";"51";"51117";"2";"1";"1";"7";"Rue de Jâlons";"48,97210329";"4,16700214"
"202300011789";"28";"04";"2023";"16:45";"1";"19";"19013";"1";"1";"1";"3";"ROUTE DU LAC";"45,17615674";"1,67319037"
"202300011790";"30";"04";"2023";"07:15";"2";"56";"56177";"1";"4";"1";"6";"Kerleano";"47,78243100";" -3,02189000"
"202300011791";"29";"04";"2023";"20:25";"1";"80";"80677";"1";"1";"1";"6";"D24";"49,94722900";"3,10131400"
"202300011792";"30";"04";"2023";"18:15";"1";"32";"32462";"1";"1";"1";"6";"Route de Mouchan";"43,79444600";"0,30515500"
"202300011793";"30";"04";"2023";"12:40";"1";"55";"55520";"1";"1";"1";"4";"D36";"48,69421500";"5,67608500"
"202300011794";"30";"04";"2023";"12:30";"1";"12";"12101";"1";"4";"1";"2";"départementale 963 - le crucifix";"44,59880200";"2,24815200"
"202300011795";"30";"04";"2023";"18:48";"1";"12";"12094";"1";"1";"1";"7";"La Montade";"44,65599300";"2,54508400"
"202300011796";"29";"04";"2023";"17:40";"1";"41";"41059";"1";"1";"1";"3";"route départementale 675";"47,40023700";"1,41358900"
"202300011797";"30";"04";"2023";"08:50";"2";"44";"44211";"2";"1";"2";"6";"47 Rue du Fan";"47,35026900";" -2,48077200"
"202300011798";"30";"04";"2023";"19:30";"1";"31";"31107";"1";"1";"1";"1";"Route de Lancon";"43,32364000";"1,21854900"
"202300011799";"30";"04";"2023";"11:15";"1";"03";"03045";"1";"1";"8";"6";"D995";"46,10044300";"3,51310400"
"202300011800";"29";"04";"2023";"16:35";"1";"70";"70490";"1";"1";"1";"1";"Le Pont Joly";"47,71926800";"6,30367400"
"202300011801";"30";"04";"2023";"02:15";"3";"50";"50452";"1";"1";"1";"6";"Le Bas Cerisier";"48,56567800";" -1,10172800"
"202300011802";"30";"04";"2023";"02:00";"3";"10";"10103";"1";"1";"1";"7";"D74";"48,24833700";"4,80084300"
"202300011803";"29";"04";"2023";"15:10";"1";"24";"24547";"2";"3";"1";"3";"Route du Périgord";"45,12706800";"1,29509700"
"202300011804";"30";"04";"2023";"02:40";"3";"30";"30341";"1";"1";"9";"6";"Route de Franquevaux";"43,64455000";"4,31161600"
"202300011805";"28";"04";"2023";"13:40";"1";"77";"77354";"1";"1";"1";"2";"PK 023+600 SENS 1";"48,47114400";"2,87408800"
"202300011806";"29";"04";"2023";"13:10";"1";"01";"01077";"1";"1";"2";"6";"A40, PK 132+300, SENS MACON/GENEVE";"46,11471000";"5,47196400"
"202300011807";"25";"04";"2023";"14:00";"1";"34";"34255";"2";"1";"1";"3";"60 Avenue du Clapas";"43,68995600";"3,80743100"
"202300011808";"30";"04";"2023";"14:28";"1";"69";"69288";"1";"1";"1";"6";"Autoroute 432";"45,69039400";"5,06201000"
"202300011809";"28";"04";"2023";"21:20";"3";"987";"98745";"1";"1";"1";"6";"PK 9 Ouest district de TAPUAMU";" -16,62000000";" -151,49600000"
"202300011810";"14";"04";"2023";"01:40";"3";"34";"34146";"1";"1";"1";"4";"Aire de Nabrigas (Embranchement d'autoroute)";"43,68957800";"4,06352000"
"202300011811";"30";"04";"2023";"03:50";"3";"78";"78003";"1";"1";"1";"6";"A11";"48,53056000";"1,85012300"
"202300011812";"29";"04";"2023";"05:40";"2";"987";"98733";"2";"1";"1";"6";"PK 21.900 coté montagne, vallée orofero, route principale";" -17,69041300";" -149,57971600"
"202300011813";"30";"04";"2023";"09:30";"1";"988";"98802";"2";"3";"1";"3";"RT1 intersection route de Bouraké (RM1)";" -21,86179000";"166,04642000"
"202300011814";"29";"04";"2023";"12:15";"1";"973";"97305";"1";"3";"1";"2";"Route Nationale 1";"4,93764900";" -52,40931300"
"202300011815";"29";"04";"2023";"20:15";"3";"84";"84136";"1";"1";"1";"7";"route de beaumes de venise D 7";"44,12907600";"4,99571100"
"202300011816";"21";"04";"2023";"19:30";"1";"13";"13110";"1";"1";"1";"1";"D7n";"43,48847800";"5,66958900"
"202300011817";"29";"04";"2023";"21:25";"3";"21";"21183";"1";"1";"1";"6";"Rue des Meix";"47,22402800";"5,25950600"
"202300011818";"29";"04";"2023";"13:30";"1";"67";"67544";"2";"3";"1";"3";"Rue de l'Industrie";"49,02952600";"7,94814700"
"202300011819";"29";"04";"2023";"11:20";"1";"67";"67101";"1";"3";"1";"3";"RD 392";"48,52282600";"7,50593100"
"202300011820";"30";"04";"2023";"14:30";"1";"63";"63203";"1";"1";"1";"3";"D796";"45,84387466";"3,05945544"
"202300011821";"29";"04";"2023";"10:30";"1";"38";"38087";"2";"2";"1";"3";"Avenue de Nor-hadjin";"45,58173500";"4,79771000"
"202300011822";"30";"04";"2023";"05:30";"2";"33";"33417";"1";"1";"1";"6";"Chemin de Cordes";"45,00516800";" -0,90096500"
"202300011823";"30";"04";"2023";"06:05";"5";"29";"29087";"1";"1";"2";"1";"la Croix Neuve";"48,03478234";" -4,24420650"
"202300011824";"30";"04";"2023";"11:00";"1";"27";"27448";"1";"1";"1";"6";"Route de Paris";"49,00819900";"1,40520400"
"202300011825";"28";"04";"2023";"15:00";"1";"33";"33122";"1";"1";"1";"4";"AUTOROUTE A 63";"44,74832000";" -0,69827000"
"202300011826";"27";"04";"2023";"13:03";"1";"33";"33550";"1";"1";"1";"3";"ROCADE A 630";"44,78215996";" -0,58431387"
"202300011827";"28";"04";"2023";"18:15";"1";"91";"91521";"1";"1";"1";"4";"RN 104";"48,63810600";"2,39665900"
"202300011828";"28";"04";"2023";"15:45";"1";"91";"91689";"1";"1";"1";"4";"AUTOROUTE A6A";"48,74810000";"2,32704000"
"202300011829";"28";"04";"2023";"15:00";"1";"78";"78545";"1";"1";"1";"2";"A12 W";"48,81954800";"2,06750000"
"202300011830";"27";"04";"2023";"22:00";"3";"78";"78466";"1";"1";"2";"3";"A13";"48,92757000";"1,99156000"
"202300011831";"28";"04";"2023";"17:25";"1";"93";"93053";"1";"1";"1";"3";"AUTOROUTE A3";"48,89605238";"2,47019827"
"202300011832";"28";"04";"2023";"00:10";"3";"77";"77384";"1";"1";"2";"2";"A5b";"48,60390200";"2,63366500"
"202300011833";"28";"04";"2023";"00:35";"3";"93";"93051";"1";"1";"2";"6";"A4";"48,83660000";"2,54514000"
"202300011834";"27";"04";"2023";"17:05";"1";"974";"97416";"1";"4";"1";"3";"LIGNE PARADIS(ROUTE DE LA)";" -21,32255000";"55,48497000"
"202300011835";"27";"04";"2023";"07:20";"1";"974";"97416";"2";"3";"1";"1";"BABET (RUE AUGUSTE)";" -21,33707000";"55,48016000"
"202300011836";"27";"04";"2023";"04:50";"5";"974";"97407";"2";"1";"1";"7";"RUE THEODORE DROUET";" -20,94548200";"55,31751800"
"202300011837";"27";"04";"2023";"18:20";"1";"69";"69388";"2";"2";"1";"6";"Avenue Jean Mermoz";"45,73256895";"4,88162773"
"202300011838";"26";"04";"2023";"10:25";"1";"972";"97209";"1";"1";"3";"6";"PASTEUR (AVENUE)";"14,61324000";" -61,06700000"
"202300011839";"27";"04";"2023";"15:55";"1";"69";"69385";"2";"1";"1";"3";"92 Rue Joliot Curie";"45,75446000";"4,78457000"
"202300011840";"26";"04";"2023";"09:15";"1";"2B";"2B033";"2";"6";"1";"3";"TOUTES RUES";"42,70296000";"9,44659000"
"202300011841";"26";"04";"2023";"17:10";"1";"971";"97101";"2";"1";"1";"3";"DE L'OUEST (AVENUE)";"16,25748000";" -61,53064000"
"202300011842";"25";"04";"2023";"10:10";"2";"95";"95598";"2";"6";"1";"3";"D109E";"48,99024000";"2,29648000"
"202300011843";"27";"04";"2023";"18:15";"1";"91";"91103";"2";"2";"2";"3";"RUE DU PETIT PARIS";"48,61253200";"2,27824300"
"202300011844";"21";"04";"2023";"16:40";"1";"83";"83126";"2";"6";"1";"6";"RENOIR (AV AUGUSTE)";"43,08513182";"5,85822657"
"202300011845";"27";"04";"2023";"20:15";"2";"83";"83069";"2";"1";"1";"6";"RENAUDEL (AVENUE PIERRE)";"43,10786000";"6,12670000"
"202300011846";"27";"04";"2023";"16:50";"1";"83";"83141";"1";"1";"1";"3";"RD 54";"43,49493600";"6,51023400"
"202300011847";"27";"04";"2023";"10:20";"1";"82";"82121";"2";"3";"2";"6";"ALBERT (RUE D')";"44,02097000";"1,35464000"
"202300011848";"23";"04";"2023";"23:54";"5";"80";"80021";"2";"1";"1";"6";"CAMBRESIS (RUE)";"49,91244000";"2,30986000"
"202300011849";"15";"04";"2023";"18:24";"1";"80";"80021";"2";"2";"1";"3";"JULES FERRY (CHAUSSEE)";"49,87911000";"2,33533000"
"202300011850";"26";"04";"2023";"14:46";"1";"78";"78146";"2";"2";"8";"3";"MARECHAL FOCH (AVENUE DU)";"48,88978800";"2,15638000"
"202300011851";"14";"04";"2023";"07:35";"1";"78";"78498";"2";"1";"1";"6";"MALADRERIE AV DE LA";"48,92228000";"2,03815000"
"202300011852";"27";"04";"2023";"14:00";"1";"77";"77083";"2";"1";"1";"3";"AMPERE (AVENUE)";"48,84421807";"2,58319509"
"202300011853";"25";"04";"2023";"23:10";"5";"76";"76351";"2";"1";"1";"7";"CLAUDE MONET";"49,50140000";"0,08878000"
"202300011854";"27";"04";"2023";"15:40";"1";"76";"76349";"1";"3";"1";"3";"OUVILLE (ROUTE D')";"49,89246200";"1,03999000"
"202300011855";"25";"03";"2023";"17:15";"1";"76";"76114";"2";"1";"1";"6";"PASSAS JULES (BOULEVARD)";"49,56755000";"0,47260000"
"202300011856";"26";"04";"2023";"19:25";"2";"71";"71040";"2";"3";"1";"1";"BOIS CLAIR (RUE DU )";"46,69876000";"4,37861000"
"202300011857";"27";"04";"2023";"23:17";"5";"69";"69266";"2";"1";"1";"4";"Cours Emile Zola";"45,77080000";"4,87238000"
"202300011858";"27";"04";"2023";"15:40";"1";"69";"69266";"2";"2";"1";"3";"Rue Francis de Pressensé";"45,77108000";"4,88700000"
"202300011859";"27";"04";"2023";"07:45";"1";"69";"69286";"2";"1";"1";"4";"Route du Mas-Rillier";"45,82321186";"4,90805676"
"202300011860";"27";"04";"2023";"12:30";"1";"69";"69013";"1";"1";"1";"2";"Avenue de Joux";"46,00975000";"4,72557000"
"202300011861";"27";"04";"2023";"11:50";"1";"69";"69029";"2";"1";"1";"2";"20 Avenue Jules Mas";"45,73685002";"4,91117209"
"202300011862";"27";"04";"2023";"07:23";"1";"69";"69259";"2";"2";"1";"6";"Avenue Jules Guesde";"45,70837000";"4,88704000"
"202300011863";"26";"04";"2023";"18:45";"2";"67";"67482";"2";"1";"1";"3";"VIENNE (ROUTE DE)";"48,57338000";"7,75540000"
"202300011864";"26";"04";"2023";"15:30";"1";"67";"67043";"2";"1";"1";"3";"GENERAL LECLERC (RUE DU)";"48,61379800";"7,75366900"
"202300011865";"26";"04";"2023";"17:00";"1";"67";"67462";"2";"1";"1";"6";"MARECHAL FOCH (BOULEVARD DU)";"48,25950000";"7,45069000"
"202300011866";"27";"04";"2023";"21:20";"5";"64";"64445";"2";"1";"1";"6";"JEAN MERMOZ";"43,30600000";" -0,37600000"
"202300011867";"27";"04";"2023";"10:55";"1";"64";"64335";"1";"2";"1";"3";"SAULT DE NAVAILLES DE";"43,34702000";" -0,43595000"
"202300011868";"27";"04";"2023";"20:20";"1";"64";"64024";"2";"1";"1";"7";"BAYONNE (AVENUE DE)";"43,48133000";" -1,51110000"
"202300011869";"26";"04";"2023";"14:45";"1";"64";"64102";"2";"1";"1";"2";"MAI 1945 (AVENUE DU 8)";"43,46378000";" -1,49554000"
"202300011870";"27";"04";"2023";"09:00";"1";"63";"63113";"2";"1";"1";"2";"QUINET (BD EDGAR)";"45,80334000";"3,11740000"
"202300011871";"26";"04";"2023";"16:56";"1";"63";"63113";"2";"1";"1";"6";"BLATIN (RUE)";"45,77639000";"3,07549000"
"202300011872";"22";"04";"2023";"16:30";"1";"62";"62587";"2";"1";"1";"3";"D46";"50,43100700";"2,92219700"
"202300011873";"27";"04";"2023";"22:20";"5";"59";"59350";"2";"3";"1";"3";"N/A";"50,63333000";"3,06666000"
"202300011874";"13";"04";"2023";"16:00";"1";"59";"59328";"2";"3";"1";"3";"DUNKERQUE AVENUE DE";"50,63690000";"3,02521000"
"202300011875";"26";"04";"2023";"16:20";"1";"57";"57566";"2";"9";"1";"7";"RUE DE NANCY";"48,74280931";"7,08814859"
"202300011876";"17";"04";"2023";"17:28";"1";"56";"56260";"2";"1";"1";"2";"Boulevard de la Résistance";"47,64774000";" -2,78178000"
"202300011877";"26";"04";"2023";"20:30";"2";"56";"56083";"2";"6";"1";"6";"ALLENDE ( AV. PRES. SALVADOR )";"47,80860000";" -3,25573000"
"202300011878";"26";"04";"2023";"10:30";"1";"56";"56121";"2";"1";"2";"1";"50 Rue de Kervénanec";"47,73751000";" -3,39190000"
"202300011879";"26";"04";"2023";"15:45";"1";"54";"54323";"1";"1";"1";"6";"RN52";"49,51696600";"5,75012800"
"202300011880";"27";"04";"2023";"10:40";"1";"51";"51454";"2";"1";"1";"3";"rue Libergier";"49,25168000";"4,02834000"
"202300011881";"28";"04";"2023";"02:25";"4";"47";"47201";"2";"9";"1";"6";"BENAZIE (RUE DE LA)";"44,19370000";"0,60723000"
"202300011882";"26";"04";"2023";"01:20";"5";"44";"44190";"2";"1";"1";"4";"87 Rue de la Jaunaie";"47,19717000";" -1,49879000"
"202300011883";"26";"04";"2023";"13:00";"1";"43";"43041";"2";"1";"1";"4";"Avenue Charles Dupuy";"45,05034000";"3,91338000"
"202300011884";"27";"04";"2023";"22:53";"5";"37";"37261";"2";"6";"8";"3";"HEURTELOUP (BOULEVARD)";"47,39465000";"0,70473000"
"202300011885";"27";"04";"2023";"19:35";"1";"35";"35278";"2";"9";"1";"3";"ROUTE DE ST MALO";"48,13670300";" -1,69232900"
"202300011886";"27";"04";"2023";"12:30";"1";"35";"35238";"2";"2";"2";"3";"CARTIER (BD JACQUES)";"48,09716500";" -1,67699400"
"202300011887";"26";"04";"2023";"08:20";"1";"33";"33281";"2";"1";"2";"6";"Allée de Pagneau";"44,81634000";" -0,69953000"
"202300011888";"24";"04";"2023";"23:20";"5";"33";"33522";"2";"3";"2";"1";"Cours de la Libération";"44,79830000";" -0,59987000"
"202300011889";"27";"04";"2023";"21:00";"5";"31";"31555";"2";"3";"1";"3";"ALBI (RTE D) DU 1AU 243";"43,64386000";"1,46848000"
"202300011890";"27";"04";"2023";"22:44";"2";"31";"31555";"1";"1";"1";"2";"ECHANGEUR SESQUIERES (A62-A620)";"43,65359900";"1,42694600"
"202300011891";"26";"04";"2023";"12:05";"2";"31";"31555";"2";"1";"2";"1";"AV DE LATTRE DE TASSIGNY";"43,57514900";"1,43613700"
"202300011892";"27";"04";"2023";"10:25";"1";"30";"30007";"2";"1";"1";"1";"GAGARINE (AVE YOURI)";"44,13120000";"4,09640000"
"202300011893";"27";"04";"2023";"18:10";"1";"25";"25031";"2";"1";"1";"1";"JAURES (AVENUE JEAN)";"47,48882000";"6,82785000"
"202300011894";"27";"04";"2023";"09:00";"1";"22";"22113";"2";"2";"2";"3";"SAINT ELIVET (RUE DE)";"48,72730000";" -3,44692000"
"202300011895";"26";"04";"2023";"15:45";"1";"17";"17306";"2";"6";"2";"6";"D25";"45,63945000";" -1,02560000"
"202300011896";"27";"04";"2023";"10:45";"1";"15";"15014";"2";"1";"1";"6";"BERTHOU (CHEMIN DE)";"44,91659000";"2,43661000"
"202300011897";"26";"04";"2023";"18:40";"1";"14";"14118";"2";"9";"1";"6";"144 Rue de Falaise";"49,16663800";" -0,35096500"
"202300011898";"27";"04";"2023";"00:30";"5";"14";"14118";"2";"2";"1";"1";"64 Rue Saint-Jean";"49,18151800";" -0,35889700"
"202300011899";"26";"04";"2023";"19:40";"1";"14";"14118";"2";"6";"1";"3";"28 Avenue Jean Monnet";"49,20142500";" -0,38373900"
"202300011900";"23";"04";"2023";"22:45";"3";"13";"13039";"2";"1";"1";"2";"ROUTE NATIONALE 569";"43,47146000";"4,95009000"
"202300011901";"27";"04";"2023";"22:15";"5";"13";"13208";"2";"1";"1";"1";"RABATAU (BOULEVARD)";"43,27616415";"5,39709346"
"202300011902";"27";"04";"2023";"23:50";"5";"13";"13211";"2";"1";"1";"1";"MAZENODE (AVENUE)";"43,28917755";"5,42664105"
"202300011903";"27";"04";"2023";"14:50";"1";"13";"13204";"2";"8";"1";"6";"MARÉCHAL FOCH (AVENUE)";"43,29892000";"5,40214000"
"202300011904";"27";"04";"2023";"06:20";"2";"13";"13047";"1";"1";"1";"1";"R.N 569";"43,54411000";"4,95543000"
"202300011905";"27";"04";"2023";"15:20";"1";"13";"13005";"2";"1";"8";"6";"BROSSOLETTE (AVENUE PIERRE)";"43,28687534";"5,55329029"
"202300011906";"13";"04";"2023";"11:00";"1";"11";"11262";"2";"3";"1";"3";"26 Avenue Pompidor";"43,18279000";"2,97916000"
"202300011907";"26";"04";"2023";"12:15";"1";"11";"11069";"1";"3";"1";"4";"295 Rue Andre Ampere";"43,21186000";"2,31741000"
"202300011908";"27";"04";"2023";"13:00";"1";"06";"06069";"2";"4";"1";"1";"VICTORIA (AVENUE ET TRAVERSE)";"43,66662300";"6,93640000"
"202300011909";"26";"04";"2023";"17:00";"1";"06";"06029";"2";"1";"1";"3";"JOURDAN (AVENUE MICHEL)";"43,55262800";"6,97679300"
"202300011910";"27";"04";"2023";"17:30";"1";"01";"01344";"2";"3";"1";"3";"TREVOUX (AVENUE DE)";"46,20121000";"5,20335000"
"202300011911";"25";"04";"2023";"12:50";"1";"75";"75114";"2";"1";"1";"2";"PORTE D ORLEANS";"48,82067800";"2,32314500"
"202300011912";"25";"04";"2023";"08:40";"1";"75";"75120";"2";"1";"1";"4";"PORTE DES LILAS";"48,87737700";"2,40915700"
"202300011913";"26";"04";"2023";"17:46";"1";"75";"75119";"2";"2";"1";"5";"RUE HENRI RIBIERE";"48,87677000";"2,39560000"
"202300011914";"26";"04";"2023";"22:55";"5";"75";"75120";"2";"3";"1";"6";"RUE DES PYRENEES";"48,86329200";"2,39971900"
"202300011915";"27";"04";"2023";"16:25";"1";"75";"75119";"2";"1";"2";"2";"RUE RIQUET";"48,88950800";"2,36955500"
"202300011916";"27";"04";"2023";"12:30";"1";"75";"75119";"2";"1";"1";"3";"PORTE DE PANTIN";"48,88888100";"2,39685400"
"202300011917";"27";"04";"2023";"20:34";"5";"75";"75118";"2";"1";"2";"2";"BOULEVARD NEY";"48,89861200";"2,36319300"
"202300011918";"27";"04";"2023";"09:25";"1";"75";"75118";"2";"2";"1";"3";"RUE DU POTEAU";"48,89479600";"2,34076000"
"202300011919";"26";"04";"2023";"13:35";"1";"75";"75117";"2";"1";"1";"7";"BOULEVARD BERTHIER";"48,89206500";"2,30782700"
"202300011920";"27";"04";"2023";"09:35";"1";"75";"75110";"2";"2";"1";"3";"RUE LA FAYETTE";"48,87973900";"2,35869600"
"202300011921";"27";"04";"2023";"05:15";"3";"75";"75109";"2";"3";"1";"2";"RUE DROUOT";"48,87201100";"2,34006300"
"202300011922";"27";"04";"2023";"09:30";"1";"75";"75107";"2";"3";"1";"3";"QUAI D ORSAY";"48,86260800";"2,31907500"
"202300011923";"27";"04";"2023";"11:15";"1";"75";"75101";"2";"3";"1";"6";"BOULEVARD DE SEBASTOPOL";"48,86198100";"2,35019100"
"202300011924";"26";"04";"2023";"20:46";"5";"75";"75104";"2";"2";"1";"3";"QUAI DES CELESTINS";"48,85333000";"2,35781200"
"202300011925";"26";"04";"2023";"13:57";"1";"75";"75104";"2";"1";"1";"6";"SOUTERRAIN HENRI IV";"48,84773200";"2,36426100"
"202300011926";"27";"04";"2023";"09:45";"1";"94";"94080";"2";"1";"1";"3";"Avenue du Général de Gaulle";"48,84226906";"2,43324798"
"202300011927";"27";"04";"2023";"00:10";"4";"93";"93066";"2";"1";"1";"2";"Rue Paul Eluard";"48,94181600";"2,34616800"
"202300011928";"27";"04";"2023";"08:30";"1";"93";"93053";"2";"1";"1";"3";"Rue de Brément";"48,88999530";"2,45350608"
"202300011929";"26";"04";"2023";"19:10";"1";"93";"93032";"2";"2";"1";"3";"Avenue Centrale / Avenue Charles Infroit";"48,86772200";"2,55928900"
"202300011930";"27";"04";"2023";"08:45";"1";"93";"93014";"2";"8";"1";"6";"Allée Romain Rolland / Allee Francoise Nguyen";"48,90449000";"2,55280000"
"202300011931";"27";"04";"2023";"21:15";"5";"93";"93070";"2";"2";"2";"3";"Quai de Seine / Rue Albert Dhalenne";"48,91792000";"2,32953000"
"202300011932";"27";"04";"2023";"20:27";"2";"92";"92022";"2";"2";"2";"3";"PAVE DES GARDES (ROUTE DU)";"48,80731233";"2,18786448"
"202300011933";"27";"04";"2023";"20:45";"5";"92";"92072";"2";"1";"2";"7";"GRANDE RUE";"48,82442833";"2,21219346"
"202300011934";"27";"04";"2023";"12:25";"1";"92";"92064";"2";"1";"1";"6";"MARECHAL FOCH";"48,84851000";"2,20302000"
"202300011935";"27";"04";"2023";"19:42";"2";"92";"92044";"2";"1";"2";"6";"MARIE-JEANNE BASSOT (PLACE)";"48,89763065";"2,28282407"
"202300011936";"26";"04";"2023";"19:50";"1";"92";"92036";"2";"2";"1";"3";"SQUARE (RUE DU)";"48,91710688";"2,30314784"
"202300011937";"27";"04";"2023";"08:47";"1";"92";"92026";"2";"9";"1";"2";"PRÉSIDENT PAUL DOUMER (QUAI DU)";"48,89199000";"2,25863000"
"202300011938";"26";"04";"2023";"17:00";"1";"92";"92025";"2";"1";"1";"6";"PAUL LANGEVIN (ALLEE)";"48,93322600";"2,26677100"
"202300011939";"27";"04";"2023";"17:00";"1";"92";"92002";"2";"4";"1";"3";"LEON JOUHAUX (AVENUE)";"48,73410600";"2,31314600"
"202300011940";"28";"04";"2023";"16:30";"1";"24";"24202";"1";"4";"1";"1";"232 Avenue de l'Europe";"45,20051000";"1,13833000"
"202300011941";"19";"04";"2023";"17:54";"1";"38";"38536";"1";"1";"1";"7";"D37";"45,42441900";"4,88375500"
"202300011942";"28";"04";"2023";"17:45";"1";"973";"97353";"2";"3";"1";"3";"Rue Simon Sacapou";"3,64167500";" -54,03244600"
"202300011943";"29";"04";"2023";"19:30";"1";"41";"41194";"2";"2";"1";"3";"Avenue Saint Exupery";"47,35332900";"1,74995900"
"202300011944";"28";"04";"2023";"20:10";"1";"28";"28088";"2";"1";"1";"7";"Carrefour Saint-médard";"48,07057300";"1,32242600"
"202300011945";"28";"04";"2023";"23:30";"4";"974";"97405";"1";"1";"1";"3";"N1002";" -21,36950100";"55,58163600"
"202300011946";"29";"04";"2023";"02:30";"5";"972";"97223";"2";"1";"1";"6";"29 Rue Gueydon";"14,55967000";" -60,94151600"
"202300011947";"29";"04";"2023";"04:35";"3";"52";"52312";"1";"1";"1";"2";"A31 PK 110.700 sens Nancy vers Dijon";"47,88281385";"5,22155151"
"202300011948";"16";"08";"2023";"17:50";"1";"71";"71391";"2";"1";"1";"3";"Rue du Pont";"46,82462100";"4,60019000"
"202300011949";"15";"08";"2023";"20:00";"2";"63";"63003";"1";"1";"1";"7";"lieu dit cleurette";"45,57912782";"3,73799505"
"202300011950";"15";"08";"2023";"17:40";"1";"61";"61241";"1";"4";"1";"1";"Intersection D36/D918";"48,46125400";"0,89277900"
"202300011951";"15";"08";"2023";"21:05";"2";"49";"49055";"2";"4";"1";"6";"2 Rue René Marion";"47,53559000";" -0,56847500"
"202300011952";"16";"08";"2023";"08:30";"1";"46";"46297";"1";"9";"2";"3";"route de Cazals D 673-";"44,68179000";"1,24340700"
"202300011953";"15";"08";"2023";"15:11";"1";"22";"22189";"1";"1";"1";"6";"le Pont du Trieux";"48,44276800";" -3,09591300"
"202300011954";"8";"07";"2023";"15:10";"1";"62";"62224";"1";"3";"1";"3";"D943";"50,54304000";"2,55081000"
"202300011955";"15";"08";"2023";"16:40";"1";"39";"39404";"1";"1";"1";"6";"N/A";"46,69193000";"5,61004400"
"202300011956";"13";"07";"2023";"21:00";"3";"35";"35018";"1";"1";"1";"6";"belle étoile";"48,44357666";" -1,08425081"
"202300011957";"8";"07";"2023";"18:00";"1";"59";"59426";"2";"2";"1";"3";"TOURCOING (RUE DE)";"50,74932298";"3,15491080"
"202300011958";"3";"07";"2023";"16:05";"1";"59";"59350";"2";"1";"1";"7";"MOLINEL RUE N°IMPAIRS";"50,63268000";"3,06412000"
"202300011959";"13";"08";"2023";"18:25";"1";"35";"35211";"1";"1";"1";"1";"D773";"47,98768100";" -2,14349300"