"Num_Acc";"jour";"mois";"an";"hrmn";"lum";"dep";"com";"agg";"int";"atm";"col";"adr";"lat";"long"
"202300011960";"15";"08";"2023";"21:20";"3";"15";"15003";"1";"1";"1";"7";"D 680";"45,15791800";"2,34445000"
"202300011961";"8";"07";"2023";"20:55";"1";"54";"54304";"2";"4";"1";"3";"QUATRE VENTS (AVENUE DES)";"48,69317000";"6,13000000"
"202300011962";"14";"08";"2023";"14:15";"1";"14";"14644";"1";"3";"1";"3";"Route de Norolles";"49,18765431";"0,29984686"
"202300011963";"8";"07";"2023";"16:30";"1";"54";"54395";"2";"1";"1";"6";"Rue Raymond Poincaré";"48,69018598";"6,17234766"
"202300011964";"16";"08";"2023";"17:00";"1";"43";"43224";"1";"3";"1";"1";"41 Chemin de Fey";"45,24373400";"4,21479100"
"202300011965";"7";"07";"2023";"11:50";"1";"51";"51454";"2";"9";"1";"3";"DIEU LUMIERE (BOULEVARD) COTE PAIR";"49,24016000";"4,04171000"
"202300011966";"7";"07";"2023";"20:00";"1";"49";"49328";"2";"1";"2";"7";"RENAULT (BOULEVARD LOUIS)";"47,25253000";" -0,08296000"
"202300011967";"2";"06";"2023";"21:20";"2";"01";"01160";"2";"2";"1";"3";"Chemin du Cache Malet";"46,25551300";"6,10206300"
"202300011968";"8";"07";"2023";"22:50";"3";"49";"49015";"2";"1";"1";"7";"TERNIERE RUE DE LA";"47,49557000";" -0,59829000"
"202300011969";"4";"06";"2023";"06:10";"2";"69";"69204";"2";"1";"1";"6";"23 Rue des Martyrs";"45,69551617";"4,79106225"
"202300011970";"15";"08";"2023";"23:25";"3";"40";"40206";"1";"3";"1";"3";"D19";"43,51907500";" -1,10666600"
"202300011971";"4";"06";"2023";"18:20";"1";"69";"69049";"2";"1";"1";"1";"167 Route de Saint-Germain";"45,87491900";"4,77386400"
"202300011972";"8";"07";"2023";"18:46";"1";"49";"49007";"2";"2";"1";"2";"CHAUMIN BOULEVARD";"47,45063000";" -0,55279000"
"202300011973";"3";"06";"2023";"03:00";"3";"81";"81142";"1";"3";"1";"6";"Chemin d'En Besset";"43,51453855";"2,06670642"
"202300011974";"8";"07";"2023";"03:15";"5";"47";"47001";"2";"3";"1";"3";"GAMBETTA (COURS)";"44,20136000";"0,61206000"
"202300011975";"16";"08";"2023";"15:30";"1";"87";"87012";"1";"1";"1";"1";"rn 147 pk";"46,07615600";"1,09638000"
"202300011976";"21";"11";"2023";"13:20";"1";"65";"65426";"1";"2";"2";"3";"D14";"43,21798200";"0,22260200"
"202300011977";"4";"06";"2023";"12:40";"1";"81";"81105";"1";"1";"7";"1";"la Frégère";"43,78546100";"2,03570900"
"202300011978";"8";"07";"2023";"13:20";"1";"45";"45068";"2";"1";"1";"2";"3 Avenue du Général Leclerc";"48,00666662";"2,73939988"
"202300011979";"21";"11";"2023";"08:10";"1";"66";"66141";"2";"1";"1";"6";"Chemin de la Poudriere";"42,73150500";"2,90954800"
"202300011980";"5";"06";"2023";"18:55";"1";"87";"87129";"1";"1";"1";"1";"vc1";"45,83018600";"1,42300800"
"202300011981";"7";"07";"2023";"18:05";"1";"44";"44184";"2";"1";"1";"1";"387 Route de la Côte d'Amour";"47,25883000";" -2,27763000"
"202300011982";"16";"09";"2023";"14:31";"1";"57";"57235";"1";"3";"1";"1";"D918";"49,29025500";"6,48230900"
"202300011983";"4";"06";"2023";"11:10";"1";"79";"79184";"1";"2";"7";"3";"";"46,35349600";" -0,11848400"
"202300011984";"3";"06";"2023";"17:35";"1";"17";"17308";"1";"1";"1";"7";"RD 123";"45,85959100";" -0,97701100"
"202300011985";"22";"11";"2023";"19:40";"5";"76";"76655";"2";"7";"1";"3";"Place de l'Hotel de Ville";"49,86887900";"0,71316700"
"202300011986";"15";"08";"2023";"18:50";"2";"978";"97801";"2";"3";"1";"2";"RN7";"18,08679600";" -63,06607800"
"202300011987";"8";"07";"2023";"04:30";"5";"44";"44109";"2";"3";"1";"3";"58bis Rue de Coulmiers";"47,22371000";" -1,53813000"
"202300011988";"22";"11";"2023";"11:45";"1";"80";"80318";"2";"1";"1";"6";"Rue Roger Godard";"50,01507500";"2,08085500"
"202300011989";"8";"07";"2023";"18:44";"1";"43";"43002";"2";"1";"1";"3";"Avenue de Bonneville";"45,05071192";"3,88258910"
"202300011990";"4";"06";"2023";"17:40";"1";"33";"33553";"2";"1";"1";"6";"Rue de l'Ancienne Commanderie";"45,02799000";" -0,44172200"
"202300011991";"23";"05";"2023";"12:40";"1";"42";"42218";"2";"1";"1";"6";"Rue de Chavassieux";"45,44405815";"4,36975569"
"202300011992";"23";"11";"2023";"18:55";"3";"63";"63227";"1";"1";"1";"1";"N/A";"45,68119400";"3,21618300"
"202300011993";"16";"08";"2023";"04:45";"3";"13";"13044";"1";"1";"1";"1";"D19";"43,60748600";"5,05658600"
"202300011994";"4";"06";"2023";"04:20";"3";"33";"33085";"1";"1";"1";"6";"41 Route de la Lande";"44,76846900";" -0,46002300"
"202300011995";"8";"07";"2023";"10:40";"1";"41";"41018";"2";"2";"1";"1";"BROSSELETTE (AVENUE PIERRE)";"47,56926000";"1,33876000"
"202300011996";"23";"11";"2023";"07:00";"5";"61";"61167";"2";"1";"2";"6";"D12 PR12+940";"48,84192600";"0,50845000"
"202300011997";"26";"05";"2023";"21:25";"1";"33";"33233";"1";"1";"1";"7";"la Maillerie";"45,10832400";" -0,35967500"
"202300011998";"7";"07";"2023";"18:50";"1";"41";"41018";"2";"9";"1";"6";"GAMBETTA (AVENUE)";"47,58400000";"1,32200000"
"202300011999";"8";"07";"2023";"15:10";"1";"38";"38185";"2";"2";"1";"3";"Allée des Deux Mondes";"45,16727000";"5,72673000"
"202300012000";"23";"11";"2023";"08:00";"1";"61";"61457";"1";"2";"2";"3";"D12 PR 3+679";"48,79061900";"0,59679100"
"202300012001";"8";"07";"2023";"22:30";"5";"35";"35238";"2";"3";"1";"6";"PAYS-BAS (AVENUE DES)";"48,08347000";" -1,66092000"
"202300012002";"16";"08";"2023";"05:30";"2";"30";"30344";"1";"1";"1";"5";"A9";"43,75116000";"4,21738200"
"202300012003";"4";"06";"2023";"16:15";"1";"61";"61433";"1";"1";"1";"3";"D2";"48,49903300";" -0,02686500"
"202300012004";"23";"11";"2023";"12:10";"1";"22";"22029";"1";"1";"8";"3";"Canac'h Bernard";"48,34489800";" -3,08343000"
"202300012005";"4";"06";"2023";"16:40";"1";"56";"56176";"1";"1";"1";"3";"lieu dit kerispert";"47,64041000";" -2,95891600"
"202300012006";"15";"08";"2023";"15:30";"1";"971";"97116";"1";"1";"1";"1";"Boulevard Toussaint Louverture";"16,35555600";" -61,45595300"
"202300012007";"22";"11";"2023";"17:00";"2";"22";"22251";"2";"1";"7";"6";"Rue Alexandre Ruellan";"48,57265100";" -2,81918400"
"202300012008";"4";"06";"2023";"12:15";"1";"29";"29066";"1";"1";"7";"1";"D56";"48,06394900";" -4,20116200"
"202300012009";"22";"11";"2023";"17:45";"2";"29";"29004";"1";"1";"8";"6";"coator";"47,93980300";" -3,67123100"
"202300012010";"8";"07";"2023";"10:20";"1";"35";"35238";"2";"1";"1";"4";"RN136";"48,10698940";" -1,71721190"
"202300012011";"2";"06";"2023";"14:57";"1";"22";"22259";"2";"1";"7";"6";"Zone Commerciale Les 4 Routes";"48,44726900";" -2,07593900"
"202300012012";"15";"08";"2023";"08:40";"1";"971";"97107";"2";"3";"8";"6";"RN 1 - Boulevard de Bananier";"16,00150500";" -61,60067200"
"202300012013";"22";"11";"2023";"09:15";"1";"29";"29105";"2";"6";"1";"3";"Moulin aux Prêtres";"48,51581803";" -4,05374394"
"202300012014";"8";"07";"2023";"09:45";"1";"34";"34172";"2";"1";"1";"3";"Passage Soixante Quinze";"43,59984900";"3,86667300"
"202300012015";"3";"06";"2023";"15:30";"1";"22";"22178";"1";"3";"1";"1";"D2.7";"48,68858800";" -3,02311800"
"202300012016";"16";"08";"2023";"10:30";"1";"2B";"2B332";"1";"1";"1";"1";"T30";"42,60920900";"9,13988500"
"202300012017";"15";"04";"2023";"16:45";"1";"84";"84133";"1";"1";"1";"3";"Route de Mirabeau";"43,72641300";"5,55852400"
"202300012018";"8";"07";"2023";"14:40";"1";"33";"33039";"2";"2";"1";"3";"Avenue Lucien Lerousseau";"44,80777000";" -0,55651000"
"202300012019";"16";"08";"2023";"08:30";"1";"2B";"2B169";"2";"1";"1";"2";"T30";"42,46225200";"9,20620000"
"202300012020";"22";"11";"2023";"07:00";"2";"72";"72115";"1";"1";"1";"3";"zone artisanale epinettes loir";"47,67967700";"0,47025600"
"202300012021";"3";"06";"2023";"18:55";"1";"22";"22210";"1";"3";"7";"2";"Route de Ploubazlanec";"48,79149300";" -3,04599200"
"202300012022";"8";"07";"2023";"11:20";"1";"29";"29039";"2";"1";"1";"3";"64 Avenue de la Gare";"47,87717300";" -3,91938800"
"202300012023";"15";"08";"2023";"17:40";"1";"2B";"2B182";"1";"1";"1";"3";"RT30 - San Vincensu";"42,63834700";"8,98270700"
"202300012024";"22";"11";"2023";"14:45";"1";"72";"72346";"2";"1";"1";"6";"13 place du Marché";"47,88939500";"0,02729700"
"202300012025";"8";"07";"2023";"05:25";"2";"25";"25056";"2";"1";"1";"6";"FRANCK RUE ANNE";"47,25459000";"6,04718000"
"202300012026";"2";"06";"2023";"10:00";"1";"62";"62366";"1";"1";"1";"1";"Rue du Calvaire";"50,40908755";"2,56886530"
"202300012027";"31";"05";"2023";"02:40";"3";"62";"62867";"1";"1";"1";"6";"A16";"50,78564400";"1,66677800"
"202300012028";"16";"08";"2023";"19:30";"1";"34";"34033";"1";"1";"1";"1";"D34";"43,74659900";"4,09154900"
"202300012029";"8";"07";"2023";"10:00";"1";"13";"13117";"2";"3";"1";"6";"CRAPONNE ( RUE ADAM DE )";"43,43886000";"5,26139000"
"202300012030";"22";"11";"2023";"17:55";"2";"18";"18054";"1";"1";"1";"4";"N/A";"46,88379400";"2,76606600"
"202300012031";"4";"06";"2023";"07:10";"1";"59";"59563";"1";"1";"1";"2";"N2";"50,16870000";"3,95349000"
"202300012032";"12";"08";"2023";"16:00";"1";"83";"83071";"1";"3";"1";"3";"D559 A";"43,12853600";"6,21279000"
"202300012033";"4";"06";"2023";"20:20";"2";"13";"13071";"1";"1";"3";"2";"A7-Sens Marseille vers Lyon";"43,40428488";"5,31541488"
"202300012034";"8";"07";"2023";"10:50";"1";"13";"13103";"1";"1";"1";"2";"RTE DE PELISSANNE-RD 572";"43,62914023";"5,12994491"
"202300012035";"22";"11";"2023";"23:10";"3";"43";"43018";"1";"1";"1";"6";"D589";"45,00535000";"3,76633600"
"202300012036";"4";"06";"2023";"13:38";"1";"92";"92002";"1";"1";"1";"2";"A10";"48,73209658";"2,31101274"
"202300012037";"8";"07";"2023";"01:20";"4";"13";"13210";"2";"1";"1";"3";"SAINT JEAN (BOULEVARD)";"43,27998058";"5,40960108"
"202300012038";"22";"11";"2023";"09:30";"1";"21";"21416";"2";"2";"1";"6";"19 Grande Rue";"47,39916600";"5,31725400"
"202300012039";"4";"06";"2023";"06:17";"1";"91";"91645";"1";"1";"1";"7";"RN 385";"48,75992000";"2,25677000"
"202300012040";"16";"08";"2023";"04:05";"3";"83";"83101";"1";"1";"1";"3";"Route des Plages Rd93";"43,24743800";"6,64772600"
"202300012041";"8";"07";"2023";"17:27";"1";"10";"10357";"2";"1";"7";"1";"GENERAL DE GAULLE (RUE DU)";"48,29870000";"4,11500000"
"202300012042";"22";"11";"2023";"19:30";"3";"04";"04094";"1";"1";"1";"1";"D4";"43,80002300";"5,83277500"
"202300012043";"3";"07";"2023";"08:12";"1";"05";"05061";"2";"1";"1";"1";"PROVENCE (AVENUE DE)";"44,54276221";"6,05954736"
"202300012044";"16";"08";"2023";"06:45";"1";"68";"68352";"2";"1";"1";"3";"Voie Romaine";"48,01440100";"7,53799400"
"202300012045";"22";"11";"2023";"17:45";"3";"27";"27198";"1";"9";"1";"2";"RD 140";"48,88065200";"1,05790100"
"202300012046";"7";"07";"2023";"15:00";"1";"04";"04112";"2";"1";"1";"7";"DEPARTEMENTALE 4096";"43,83791000";"5,80485000"
"202300012047";"4";"06";"2023";"12:01";"1";"78";"78455";"1";"1";"1";"5";"A13";"48,85897900";"2,05077400"
"202300012048";"16";"08";"2023";"07:54";"1";"54";"54303";"1";"6";"5";"2";"D590";"48,53950443";"6,57824635"
"202300012049";"23";"11";"2023";"13:50";"1";"28";"28280";"2";"5";"1";"3";"Rue de la Fuye";"48,32400700";"0,81214100"
"202300012050";"8";"07";"2023";"13:45";"1";"75";"75118";"2";"1";"1";"3";"AVENUE DE LA PORTE DE SAINT OUEN";"48,90046800";"2,33018200"
"202300012051";"8";"07";"2023";"08:45";"1";"75";"75117";"2";"1";"1";"7";"AVENUE DE LA GRANDE ARMEE";"48,87709900";"2,28517400"
"202300012052";"4";"06";"2023";"20:00";"1";"92";"92078";"1";"1";"1";"4";"AUTOROUTE A86";"48,93020885";"2,32579343"
"202300012053";"15";"08";"2023";"18:07";"1";"54";"54176";"1";"1";"1";"1";"Chemin de Rémonville";"48,63981424";"6,46867275"
"202300012054";"8";"11";"2023";"17:15";"5";"06";"06152";"1";"6";"1";"2";"ROND POINT DES BOUILLIDES";"43,61660400";"7,03813600"
"202300012055";"14";"08";"2023";"17:50";"1";"73";"73114";"1";"1";"1";"7";"D909";"45,83987400";"6,50707900"
"202300012056";"8";"07";"2023";"15:00";"1";"75";"75116";"2";"2";"1";"3";"PLACE DE LA PORTE DE PASSY";"48,85735800";"2,26468900"
"202300012057";"21";"11";"2023";"19:55";"3";"33";"33527";"1";"1";"1";"2";"A660 PK017+800";"44,61398486";" -1,04812682"
"202300012058";"4";"06";"2023";"19:00";"1";"94";"94073";"1";"1";"1";"5";"A86";"48,77093879";"2,38756083"
"202300012059";"11";"08";"2023";"16:29";"1";"01";"01160";"2";"1";"1";"2";"Route de Meyrin";"46,24470000";"6,09369500"
"202300012060";"8";"07";"2023";"08:10";"1";"75";"75116";"2";"3";"1";"6";"RUE JEAN DE LA FONTAINE";"48,84876780";"2,26569100"
"202300012061";"23";"11";"2023";"11:22";"1";"69";"69019";"1";"1";"1";"2";"Autoroute 6";"46,10146995";"4,75160136"
"202300012062";"3";"06";"2023";"15:10";"1";"94";"94018";"1";"1";"1";"2";"A4";"48,82535841";"2,39214184"
"202300012063";"8";"07";"2023";"20:38";"1";"75";"75113";"2";"1";"1";"6";"QUAI D AUSTERLITZ";"48,84307600";"2,36660900"
"202300012064";"16";"08";"2023";"11:50";"1";"60";"60695";"2";"1";"1";"7";"1 Rue de la Duchesse de Chartres";"49,19994900";"2,49144100"
"202300012065";"22";"11";"2023";"17:20";"1";"973";"97305";"1";"1";"1";"3";"877 Route Nationale 1";"4,95964400";" -52,43168900"
"202300012066";"8";"07";"2023";"17:00";"1";"75";"75113";"2";"3";"1";"3";"QUAI D AUSTERLITZ";"48,83817900";"2,37299400"
"202300012067";"3";"06";"2023";"18:30";"1";"93";"93048";"2";"7";"1";"6";"Bd Paul Vaillant Couturier / Boulevard Henri Barbusse";"48,86560697";"2,44378075"
"202300012068";"17";"11";"2023";"08:05";"2";"33";"33535";"1";"1";"1";"5";"Avenue de Branne";"44,82634800";" -0,45457300"
"202300012069";"3";"06";"2023";"04:30";"2";"93";"93032";"2";"1";"1";"6";"Rue de la Mare";"48,87580721";"2,55353554"
"202300012070";"8";"07";"2023";"05:40";"3";"75";"75111";"2";"2";"1";"6";"AVENUE PHILIPPE AUGUSTE";"48,85356000";"2,39271200"
"202300012071";"15";"08";"2023";"18:30";"1";"59";"59396";"1";"1";"1";"6";"D961";"50,27457636";"3,81622553"
"202300012072";"3";"06";"2023";"21:30";"5";"06";"06012";"2";"1";"1";"3";"PRINCE RAINIER III (AVENUE)";"43,75154100";"7,43015200"
"202300012073";"8";"07";"2023";"10:34";"1";"75";"75107";"2";"3";"1";"6";"BOULEVARD DES INVALIDES";"48,84827300";"2,31570500"
"202300012074";"21";"11";"2023";"15:00";"1";"84";"84119";"2";"1";"9";"2";"Route d'Avignon";"43,95522800";"4,92354300"
"202300012075";"3";"06";"2023";"20:50";"5";"974";"97407";"2";"1";"1";"6";"JACQUES DUCLOS (RUE) - RIVIERE DES GAL  ";" -20,96304000";"55,32012000"
"202300012076";"14";"08";"2023";"17:20";"1";"13";"13071";"1";"1";"1";"3";"A55-Sens Martigues vers Marseille";"43,38073534";"5,31560451"
"202300012077";"30";"10";"2023";"22:40";"3";"13";"13081";"1";"9";"3";"7";"D55";"43,49987300";"5,23274800"
"202300012078";"7";"07";"2023";"12:39";"1";"75";"75101";"2";"2";"1";"3";"BOULEVARD DE LA MADELEINE";"48,86985000";"2,32806000"
"202300012079";"3";"06";"2023";"15:15";"1";"69";"69388";"2";"2";"1";"3";"Rue Professeur Beauvisage";"45,73158000";"4,87392000"
"202300012080";"7";"07";"2023";"05:55";"1";"75";"75104";"2";"3";"1";"3";"PLACE DU CHATELET";"48,85718400";"2,34733700"
"202300012081";"7";"11";"2023";"17:15";"1";"86";"86294";"1";"2";"1";"3";"D40";"46,61825900";"0,16765800"
"202300012082";"3";"06";"2023";"09:35";"1";"69";"69386";"2";"2";"7";"3";"Rue Michel Rambaud";"45,76907000";"4,86050000"
"202300012083";"23";"11";"2023";"04:20";"5";"72";"72264";"2";"1";"2";"6";"13 Avenue Joël le Theule";"47,83901800";" -0,32532700"
"202300012084";"11";"08";"2023";"17:10";"1";"59";"59462";"1";"1";"1";"2";"AUTOROUTE A1";"50,51276968";"3,03211786"
"202300012085";"7";"07";"2023";"02:10";"5";"75";"75104";"2";"2";"1";"3";"QUAI DE LA CORSE";"48,85618000";"2,34647400"
"202300012086";"3";"06";"2023";"00:25";"3";"95";"95680";"1";"1";"1";"1";"D970";"49,01377977";"2,41339803"
"202300012087";"22";"11";"2023";"05:30";"3";"72";"72336";"1";"6";"1";"1";"Avenue Jean Monnet";"47,83830100";" -0,29612700"
"202300012088";"8";"07";"2023";"12:55";"1";"94";"94068";"2";"2";"1";"3";"CHEVALIER (R)";"48,78919600";"2,50361900"
"202300012089";"3";"06";"2023";"14:20";"1";"91";"91377";"2";"6";"1";"3";"RUE AMPERE";"48,72096000";"2,27268000"
"202300012090";"8";"07";"2023";"18:30";"1";"94";"94046";"2";"2";"1";"3";"Rue de la Convention";"48,81337800";"2,44678300"
"202300012091";"14";"08";"2023";"18:15";"1";"94";"94038";"1";"1";"1";"4";"A6B";"48,77727970";"2,34594496"
"202300012092";"20";"11";"2023";"16:50";"1";"80";"80685";"2";"6";"2";"1";"CD 34 (route d'Amiens)";"49,70662300";"2,77670900"
"202300012093";"3";"06";"2023";"15:40";"1";"91";"91421";"2";"3";"1";"3";"CORBEIL (ROUTE DE)";"48,71012000";"2,44175000"
"202300012094";"8";"07";"2023";"14:40";"1";"94";"94037";"2";"1";"1";"1";"Rue Albert Guilpin";"48,81644000";"2,34935000"
"202300012095";"26";"10";"2023";"07:00";"2";"67";"67218";"1";"1";"2";"3";"M35";"48,53262000";"7,69756000"
"202300012096";"1";"06";"2023";"13:40";"1";"86";"86066";"2";"6";"1";"3";"Avenue Robert Schuman";"46,81303000";"0,54420000"
"202300012097";"8";"07";"2023";"13:00";"1";"94";"94076";"2";"1";"1";"3";"PARIS (AV DE)";"48,80560546";"2,36377998"
"202300012098";"14";"08";"2023";"15:03";"1";"94";"94003";"1";"1";"1";"5";"A6A";"48,80488154";"2,34201558"
"202300012099";"22";"11";"2023";"18:30";"3";"91";"91617";"1";"1";"1";"2";"RN 104";"48,63470000";"2,53530000"
"202300012100";"8";"07";"2023";"02:00";"5";"94";"94022";"2";"1";"1";"3";"2 Avenue Victor Hugo";"48,76695000";"2,41485000"
"202300012101";"31";"05";"2023";"16:20";"1";"83";"83009";"1";"1";"1";"2";"BEAUSSET (ROUTE DU)";"43,15247400";"5,76377000"
"202300012102";"22";"11";"2023";"08:30";"1";"91";"91659";"1";"1";"1";"3";"AUTOROUTE A6";"48,58408000";"2,45520000"
"202300012103";"7";"07";"2023";"20:45";"2";"94";"94002";"2";"1";"7";"6";"Rue Nelson Mandela";"48,78418000";"2,42362000"
"202300012104";"13";"08";"2023";"23:43";"3";"77";"77251";"1";"1";"1";"2";"AUTOROUTE A5A";"48,60860000";"2,57868000"
"202300012105";"2";"06";"2023";"20:56";"1";"83";"83129";"2";"9";"1";"1";"PERTUADE (CHEMIN DE LA)";"43,11019000";"5,83786000"
"202300012106";"22";"11";"2023";"07:52";"1";"78";"78646";"1";"1";"1";"5";"RN12";"48,79120000";"2,07190100"
"202300012107";"8";"07";"2023";"18:15";"1";"93";"93064";"2";"1";"1";"2";"Rue du Général Leclerc";"48,86826562";"2,49189792"
"202300012108";"3";"06";"2023";"18:25";"1";"78";"78650";"2";"2";"1";"1";"MONTESSON (ROUTE DE)";"48,90268000";"2,13688000"
"202300012109";"21";"11";"2023";"18:05";"3";"78";"78291";"1";"1";"2";"2";"A13";"48,96515300";"1,75984100"
"202300012110";"21";"11";"2023";"14:00";"1";"78";"78640";"1";"1";"2";"6";"RN12 EXT";"48,78121400";"2,17032300"
"202300012111";"8";"07";"2023";"12:00";"1";"93";"93046";"2";"2";"1";"3";"Avenue Léon Blum / Boulevard Marx Dormoy";"48,91025000";"2,52762000"
"202300012112";"3";"06";"2023";"19:55";"1";"78";"78638";"2";"2";"1";"3";"CLOS (RUE DU)";"49,00392500";"1,96665470"
"202300012113";"8";"07";"2023";"19:30";"1";"93";"93029";"2";"1";"1";"3";"Avenue Henri Barbusse";"48,92072962";"2,45324136"
"202300012114";"13";"08";"2023";"02:07";"5";"94";"94043";"1";"1";"1";"2";"A6B";"48,81308429";"2,35419577"
"202300012115";"21";"11";"2023";"07:30";"5";"78";"78238";"1";"1";"3";"4";"A13";"48,97001500";"1,86979100"
"202300012116";"7";"07";"2023";"22:00";"4";"93";"93027";"2";"1";"1";"6";"Avenue Paul Vaillant Couturier";"48,92029000";"2,41025000"
"202300012117";"21";"11";"2023";"11:05";"1";"92";"92047";"1";"1";"2";"6";"A13";"48,83462607";"2,17191184"
"202300012118";"13";"08";"2023";"01:40";"3";"94";"94038";"1";"1";"1";"2";"A6A";"48,77633175";"2,34605055"
"202300012119";"8";"07";"2023";"12:38";"1";"92";"92075";"2";"9";"1";"7";"RAYMOND MARCHERON (RUE)";"48,81819270";"2,28459567"
"202300012120";"22";"11";"2023";"09:15";"1";"93";"93010";"1";"1";"1";"3";"AUTOROUTE A3";"48,90138002";"2,47016001"
"202300012121";"3";"06";"2023";"12:30";"1";"77";"77186";"1";"1";"1";"4";"D138";"48,43968000";"2,72727000"
"202300012122";"8";"07";"2023";"17:32";"1";"92";"92064";"2";"3";"1";"3";"MARCEL DASSAULT";"48,85411804";"2,22257406"
"202300012123";"28";"12";"2023";"17:18";"2";"43";"43041";"2";"9";"1";"3";"Rue de Genebret";"45,05080000";"3,90863000"
"202300012124";"3";"06";"2023";"23:00";"5";"76";"76681";"2";"3";"1";"1";"Rue Pierre Corneille";"49,42334100";"1,08977900"
"202300012125";"8";"07";"2023";"05:45";"2";"92";"92048";"2";"1";"2";"7";"CROIX DU VAL (RUE DE LA)";"48,81258763";"2,24003948"
"202300012126";"14";"06";"2023";"20:10";"1";"94";"94034";"1";"1";"1";"4";"A86";"48,75842000";"2,32572000"
"202300012127";"22";"11";"2023";"07:00";"3";"93";"93005";"1";"1";"1";"4";"AUTOROUTE A3";"48,94684000";"2,47625000"
"202300012128";"23";"12";"2023";"07:06";"5";"37";"37233";"2";"1";"1";"6";"DUCLOS (AVENUE JACQUES)";"47,37752400";"0,71606300"
"202300012129";"14";"08";"2023";"19:00";"1";"93";"93013";"1";"1";"3";"6";"AUTOROUTE A1";"48,94239000";"2,43039000"
"202300012130";"3";"06";"2023";"18:55";"1";"72";"72181";"2";"1";"1";"3";"BEETHOVEN (ALLEE)";"47,96992000";"0,20860000"
"202300012131";"8";"07";"2023";"10:15";"1";"92";"92040";"2";"2";"1";"1";"ROUGET DE L'ISLE";"48,82896352";"2,26428616"
"202300012132";"22";"11";"2023";"18:13";"3";"77";"77337";"1";"1";"1";"2";"A4.Y";"48,83027640";"2,61245605"
"202300012133";"14";"08";"2023";"06:55";"2";"93";"93064";"1";"1";"1";"3";"AUTOROUTE A86";"48,86256315";"2,48291334"
"202300012134";"27";"12";"2023";"19:50";"5";"35";"35238";"2";"2";"2";"2";"PATTON (AVENUE DU GENERAL SIR GEORGES)";"48,13503100";" -1,65964200"
"202300012135";"22";"09";"2023";"19:00";"2";"74";"74012";"2";"1";"3";"3";"DUPRAZ (RUE DU CP CHARLES)";"46,19155000";"6,23536000"
"202300012136";"9";"07";"2023";"10:45";"1";"40";"40296";"2";"3";"1";"3";"Avenue des Tucs";"43,69592700";" -1,43056600"
"202300012137";"3";"06";"2023";"13:45";"1";"72";"72095";"1";"2";"1";"3";"BALLON (RTE DE)";"48,04189000";"0,21417000"
"202300012138";"13";"08";"2023";"23:40";"3";"93";"93007";"1";"1";"1";"2";"AUTOROUTE A3";"48,93750165";"2,47995195"
"202300012139";"28";"12";"2023";"12:50";"1";"33";"33281";"2";"2";"1";"6";"Rue Raoul Amat";"44,84420000";" -0,64491000"
"202300012140";"8";"07";"2023";"20:50";"1";"62";"62265";"1";"1";"1";"7";"D341";"50,64770761";"2,21944781"
"202300012141";"13";"08";"2023";"22:00";"3";"93";"93006";"1";"1";"1";"2";"AUTOROUTE A3";"48,86611228";"2,41541368"
"202300012142";"27";"08";"2023";"12:09";"1";"74";"74309";"1";"5";"8";"6";"2360 Route de bellegarde";"46,11349000";"6,00761200"
"202300012143";"3";"06";"2023";"16:46";"1";"69";"69029";"2";"9";"1";"3";"Boulevard de l'Université";"45,72338000";"4,91878000"
"202300012144";"8";"07";"2023";"22:20";"4";"62";"62644";"2";"1";"1";"7";"D193E1";"50,64897400";"2,14186700"
"202300012145";"28";"12";"2023";"20:50";"4";"31";"31555";"2";"2";"1";"3";"BD SILVIO TRENTIN";"43,62563800";"1,43104400"
"202300012146";"9";"07";"2023";"06:50";"1";"22";"22065";"2";"1";"1";"7";"23 Rue d'Armor";"48,60648600";" -3,01474900"
"202300012147";"3";"06";"2023";"12:00";"1";"69";"69029";"2";"1";"1";"6";"Route de Genas";"45,74684862";"4,92440663"
"202300012148";"27";"08";"2023";"06:40";"2";"74";"74309";"1";"1";"3";"1";"2461 route de bellegarde";"46,11293800";"6,00311300"
"202300012149";"11";"08";"2023";"14:55";"1";"988";"98818";"2";"2";"1";"3";"RUE TARAGNAT/RUE DE LA SEINE";" -22,27687000";"166,45763000"
"202300012150";"21";"12";"2023";"19:20";"5";"18";"18033";"2";"1";"1";"6";"Boulevard de Strasbourg";"47,08161700";"2,40211000"
"202300012151";"12";"08";"2023";"01:30";"5";"987";"98735";"2";"7";"1";"6";"DESTREMEAU (RUE BLOC STATION TIPAERUI)";" -17,54634000";" -149,58053000"
"202300012152";"13";"08";"2023";"08:00";"1";"14";"14047";"2";"1";"1";"3";"19 Rue Royale";"49,27744600";" -0,70856900"
"202300012153";"8";"07";"2023";"18:10";"1";"22";"22004";"1";"1";"1";"7";"RD767, PR 40+474, SENS GUINGAMP LANNION";"48,64647800";" -3,32786000"
"202300012154";"2";"06";"2023";"20:10";"1";"67";"67482";"2";"3";"1";"3";"FRANÇOIS MITTERRAND (AVENUE)";"48,58497000";"7,69438000"
"202300012155";"28";"12";"2023";"17:00";"1";"17";"17415";"2";"1";"1";"6";"GUILLET MAILLET 1-65";"45,74699400";" -0,62838100"
"202300012156";"13";"08";"2023";"07:00";"1";"976";"97611";"2";"1";"1";"6";"mamoudzou centre-Commandant Passot (Plac";" -12,78226500";"45,23378820"
"202300012157";"28";"12";"2023";"18:30";"5";"15";"15012";"2";"1";"1";"6";"RD 320";"44,90255800";"2,45733600"