"Num_Acc";"jour";"mois";"an";"hrmn";"lum";"dep";"com";"agg";"int";"atm";"col";"adr";"lat";"long"
"202300012158";"2";"06";"2023";"20:15";"2";"67";"67180";"1";"1";"7";"2";"HAGUENAU (ROUTE DE)";"48,78649981";"7,81167090"
"202300012159";"13";"08";"2023";"20:30";"3";"974";"97416";"1";"1";"1";"6";"RN3 (ANCIENNE ROUTE)";" -21,30013000";"55,50227000"
"202300012160";"8";"07";"2023";"17:40";"1";"62";"62397";"2";"1";"1";"6";"D215E4";"50,86976300";"1,87391500"
"202300012161";"9";"08";"2023";"07:25";"1";"14";"14474";"1";"1";"2";"6";"D613";"49,13812600";" -0,00687700"
"202300012162";"9";"07";"2023";"14:10";"1";"30";"30288";"2";"1";"1";"6";"1434 Route Nationale";"44,20120100";"4,62662300"
"202300012163";"28";"12";"2023";"10:25";"1";"15";"15012";"2";"3";"1";"3";"RD 990";"44,89744000";"2,46835200"
"202300012164";"13";"08";"2023";"16:30";"1";"974";"97411";"2";"1";"1";"4";"JAURES (BOULEVARD JEAN)";" -20,89320000";"55,46972000"
"202300012165";"13";"08";"2023";"09:50";"1";"974";"97411";"2";"1";"1";"6";"NONGE (AVENUE EUDOXIE)";" -20,89863000";"55,49591000"
"202300012166";"21";"11";"2023";"11:15";"1";"974";"97416";"1";"1";"1";"5";"RN03";" -21,33061000";"55,46870000"
"202300012167";"8";"07";"2023";"16:15";"1";"19";"19234";"1";"3";"1";"3";"N/A";"45,32126266";"1,56891310"
"202300012168";"27";"12";"2023";"16:35";"1";"14";"14333";"1";"6";"1";"3";"CD 580";"49,41289000";"0,26936000"
"202300012169";"3";"06";"2023";"06:50";"1";"59";"59360";"2";"1";"1";"2";"DOUMER PAUL RUE";"50,59910000";"3,03863000"
"202300012170";"13";"08";"2023";"01:25";"5";"973";"97302";"2";"1";"1";"3";"VOLTAIRE(AVENUE)";"4,94153000";" -52,32580000"
"202300012171";"28";"12";"2023";"17:15";"4";"13";"13054";"2";"1";"1";"6";"8 MAI 1945 (AV DU )";"43,41756000";"5,22797000"
"202300012172";"21";"11";"2023";"07:00";"1";"974";"97416";"1";"1";"1";"2";"RN3 (2)";" -21,31433000";"55,49343000"
"202300012173";"13";"08";"2023";"14:45";"1";"972";"97209";"1";"9";"1";"6";"RD 13";"14,63188000";" -61,03947000"
"202300012174";"9";"07";"2023";"12:15";"1";"65";"65002";"2";"3";"1";"3";"rn 21";"43,14401000";" -0,02571700"
"202300012175";"28";"12";"2023";"10:40";"1";"13";"13201";"2";"9";"1";"6";"CANEBIERE     70 A FIN";"43,29740000";"5,38137000"
"202300012176";"2";"06";"2023";"16:20";"1";"59";"59527";"2";"3";"1";"3";"CARNOT SADI RUE";"50,66523000";"3,05966000"
"202300012177";"13";"08";"2023";"04:50";"5";"2B";"2B120";"1";"1";"1";"7";"Route du Village";"42,65433100";"9,44116700"
"202300012178";"21";"11";"2023";"08:30";"1";"974";"97411";"2";"6";"1";"2";"RIVIERE DES PLUIES (ROUTE DE LA)";" -20,90222000";"55,50307000"
"202300012179";"28";"12";"2023";"05:00";"5";"13";"13215";"2";"3";"1";"3";"COMMANDERIE (CHEMIN)";"43,34206643";"5,36207707"
"202300012180";"2";"06";"2023";"20:00";"1";"59";"59350";"1";"1";"1";"2";"PASTEUR LOUIS BOULEVARD";"50,62985000";"3,08233000"
"202300012181";"8";"07";"2023";"15:50";"1";"89";"89380";"1";"2";"1";"3";"";"48,07891800";"3,08981600"
"202300012182";"12";"08";"2023";"12:15";"1";"86";"86066";"1";"1";"2";"7";"D725";"46,82456700";"0,62023400"
"202300012183";"20";"11";"2023";"09:30";"1";"974";"97409";"2";"1";"1";"3";"BRAS DES CHEVRETTES (chemin)";" -20,95701000";"55,62527000"
"202300012184";"28";"12";"2023";"09:20";"1";"13";"13204";"2";"1";"8";"4";"CHARTREUX (AVENUE DES)";"43,30473000";"5,39881000"
"202300012185";"9";"07";"2023";"06:05";"2";"46";"46231";"1";"1";"1";"6";"D 811";"44,50566500";"1,15108600"
"202300012186";"13";"08";"2023";"08:05";"1";"85";"85194";"2";"1";"1";"7";"17 Rue Roland Moreno";"46,48815600";" -1,74147650"
"202300012187";"3";"06";"2023";"19:00";"1";"59";"59043";"1";"3";"1";"3";"LILLE (ROUTE DE)";"50,72837000";"2,77167000"
"202300012188";"28";"12";"2023";"08:20";"1";"13";"13208";"2";"1";"1";"1";"BENEDETTI (RUE DE)";"43,27730300";"5,39460600"
"202300012189";"8";"07";"2023";"19:20";"1";"29";"29208";"1";"1";"1";"2";"Langonéry";"48,49538600";" -4,68824900"
"202300012190";"3";"06";"2023";"21:40";"2";"54";"54395";"2";"9";"1";"6";"rond point Marcel Brot";"48,67717509";"6,20538443"
"202300012191";"12";"08";"2023";"11:40";"1";"83";"83141";"1";"1";"1";"6";"D 1555(SORTIE VILLAGE VERS DRAGUIGNAN)";"43,51476629";"6,47644629"
"202300012192";"21";"11";"2023";"13:34";"1";"973";"97302";"2";"3";"1";"3";"ESTREES (AVENUE D')";"4,94077000";" -52,32368000"
"202300012193";"9";"07";"2023";"09:40";"1";"02";"02543";"1";"1";"1";"6";"D973";"49,16168400";"3,28103900"
"202300012194";"12";"08";"2023";"12:15";"1";"83";"83050";"1";"6";"1";"3";"KOENIG(AVENUE DU MARECHAL)";"43,52492261";"6,50832412"
"202300012195";"27";"12";"2023";"17:00";"2";"13";"13215";"2";"1";"1";"2";"HENRI BARNIER (BOULEVARD)";"43,36977000";"5,34567000"
"202300012196";"2";"06";"2023";"17:20";"1";"54";"54149";"1";"3";"1";"3";"D27";"49,44725000";"5,91864000"
"202300012197";"20";"11";"2023";"22:55";"3";"973";"97302";"2";"2";"1";"7";"FELIX EBOUE(ROCADE)";"4,93102508";" -52,31328017"
"202300012198";"8";"07";"2023";"22:25";"3";"54";"54325";"1";"1";"1";"7";"D133";"48,43787339";"6,38089265"
"202300012199";"13";"08";"2023";"06:40";"2";"82";"82121";"2";"1";"1";"6";"1270 route de molières";"44,05022000";"1,35889000"
"202300012200";"3";"06";"2023";"06:14";"1";"51";"51454";"2";"2";"1";"6";"POMMERY (BOULEVARD)";"49,25334500";"4,05414900"
"202300012201";"24";"12";"2023";"21:15";"5";"12";"12305";"1";"6";"1";"3";"PIMPEU LIEU-DIT";"44,55917000";"2,21937000"
"202300012202";"8";"07";"2023";"18:05";"1";"72";"72072";"1";"1";"1";"7";"Chemin de la Poupetterie";"47,80878100";"0,19877900"
"202300012203";"13";"08";"2023";"14:10";"1";"79";"79329";"2";"1";"1";"7";"N/A";"46,99196000";" -0,21710000"
"202300012204";"21";"11";"2023";"20:22";"5";"69";"69386";"2";"3";"1";"3";"Rue Garibaldi";"45,77125000";"4,84988000"
"202300012205";"25";"06";"2023";"03:15";"3";"06";"06105";"2";"1";"1";"6";"Chemin du Romanil";"43,68884900";"7,04298700"
"202300012206";"2";"06";"2023";"17:45";"1";"50";"50129";"2";"1";"1";"1";"EAUX (CHASSE A)";"49,63638000";" -1,57188000"
"202300012207";"13";"08";"2023";"16:45";"1";"79";"79081";"2";"1";"1";"6";"N/A";"46,34221000";" -0,38233000"
"202300012208";"9";"07";"2023";"00:05";"3";"50";"50086";"1";"1";"1";"6";"Route du Hameau Valognes";"49,61173900";" -1,40303100"
"202300012209";"21";"11";"2023";"12:15";"1";"972";"97213";"2";"7";"1";"3";"ROUTE NATIONALE 1";"14,62279000";" -60,98974000"
"202300012210";"13";"08";"2023";"08:38";"1";"77";"77237";"1";"1";"1";"2";"D10";"48,84395500";"2,74907200"
"202300012211";"9";"07";"2023";"04:17";"5";"60";"60129";"2";"1";"1";"7";"Hameau Belle Hourde";"49,52231400";"3,02727400"
"202300012212";"3";"06";"2023";"19:05";"1";"49";"49007";"2";"2";"1";"3";"BICHON PLACE";"47,47840000";" -0,56460000"
"202300012213";"28";"12";"2023";"17:05";"5";"06";"06088";"2";"2";"1";"3";"ARSON (RUE)";"43,70045730";"7,28657330"
"202300012214";"12";"08";"2023";"18:47";"1";"76";"76114";"2";"1";"1";"6";"MARTYRS DE LA RESISTANCE (RUE DES)";"49,57349000";"0,47737000"
"202300012215";"8";"07";"2023";"05:35";"2";"60";"60030";"1";"1";"1";"1";"D927";"49,35804846";"2,10045146"
"202300012216";"3";"06";"2023";"07:50";"1";"49";"49246";"2";"6";"7";"3";"GALLIENI AVENUE";"47,43370000";" -0,52967000"
"202300012217";"19";"11";"2023";"18:10";"5";"972";"97209";"2";"1";"1";"5";"BOUILLE (RUE)";"14,60418000";" -61,06518000"
"202300012218";"27";"12";"2023";"18:30";"5";"75";"75114";"2";"1";"1";"3";"PORTE DE CHATILLON";"48,82256100";"2,31416900"
"202300012219";"9";"07";"2023";"13:40";"1";"53";"53255";"1";"1";"1";"7";"RD 143";"48,11001000";" -0,33712100"
"202300012220";"13";"08";"2023";"19:30";"1";"71";"71270";"2";"1";"3";"1";"LIBERTE (RUE DE LA)";"46,32299302";"4,81172175"
"202300012221";"2";"06";"2023";"12:30";"1";"47";"47215";"1";"1";"1";"2";"AV DE SAINT ANTOINE";"44,36227000";"0,70399000"
"202300012222";"22";"11";"2023";"00:05";"5";"95";"95203";"2";"6";"2";"6";"ROGER SALENGRO (PLACE)";"48,98990000";"2,27641000"
"202300012223";"28";"12";"2023";"11:40";"1";"75";"75117";"2";"1";"8";"3";"RUE AMPERE";"48,88520400";"2,30558400"
"202300012224";"9";"07";"2023";"10:00";"1";"40";"40309";"2";"2";"1";"3";"avenue du 11 novembre 1918";"43,78952600";" -0,71480100"
"202300012225";"3";"06";"2023";"10:00";"1";"45";"45285";"2";"1";"1";"3";"124 Rue Charles Beauhaire";"47,91424000";"1,87088000"
"202300012226";"13";"08";"2023";"04:00";"3";"69";"69266";"2";"1";"1";"6";"Boulevard Laurent Bonnevay";"45,78765000";"4,88190000"
"202300012227";"28";"12";"2023";"20:30";"5";"75";"75115";"2";"1";"1";"3";"BOULEVARD DE VAUGIRARD";"48,84089200";"2,31659500"
"202300012228";"8";"07";"2023";"19:50";"1";"24";"24002";"1";"1";"1";"6";"D69 - PK 9+600";"45,30749300";"0,73471100"
"202300012229";"5";"11";"2023";"23:40";"5";"95";"95598";"2";"2";"1";"3";"D928";"48,99093700";"2,28938300"
"202300012230";"13";"08";"2023";"22:00";"5";"69";"69264";"2";"2";"1";"3";"Boulevard Louis Blanc";"45,98864000";"4,72163000"
"202300012231";"28";"12";"2023";"18:50";"5";"75";"75115";"2";"7";"1";"6";"RUE CAMBRONNE";"48,84778200";"2,30158200"
"202300012232";"3";"06";"2023";"19:30";"1";"44";"44162";"2";"6";"1";"2";"Route de Vannes";"47,25167000";" -1,62159000"
"202300012233";"5";"07";"2023";"05:45";"2";"24";"24311";"2";"9";"1";"3";"Rue du Pavé";"45,53306000";"0,66266700"
"202300012234";"20";"11";"2023";"12:45";"1";"91";"91552";"2";"4";"1";"6";"RTE NATIONALE 20";"48,60151000";"2,24697000"
"202300012235";"8";"07";"2023";"16:08";"1";"24";"24026";"1";"1";"7";"6";"PR 39+150 mètres (sens croissant)";"45,19546600";"0,87985000"
"202300012236";"13";"08";"2023";"20:10";"1";"69";"69199";"2";"1";"2";"6";"Avenue Jean Jaurès";"45,71079000";"4,85511000"
"202300012237";"3";"06";"2023";"15:45";"1";"38";"38421";"2";"3";"1";"3";"JULES VALLES (AVENUE)";"45,17657000";"5,75234000"
"202300012238";"28";"12";"2023";"06:00";"5";"75";"75115";"2";"2";"1";"3";"RUE DE LA CROIX NIVERT";"48,84361400";"2,29574300"
"202300012239";"13";"08";"2023";"18:00";"1";"65";"65440";"2";"1";"1";"6";"Boulevard Henri IV";"43,23553000";"0,05630000"
"202300012240";"21";"11";"2023";"08:40";"1";"91";"91191";"2";"9";"2";"3";"François Mitterrand (Avenue)";"48,72266400";"2,46607600"
"202300012241";"9";"07";"2023";"01:35";"4";"04";"04149";"1";"9";"1";"1";"D4096";"44,01633600";"5,92707000"
"202300012242";"28";"12";"2023";"15:15";"1";"75";"75107";"2";"2";"1";"3";"RUE DE CONSTANTINE";"48,85994500";"2,31483600"
"202300012243";"2";"06";"2023";"16:50";"1";"37";"37261";"2";"1";"7";"3";"MARMOUTIER (QUAI DE)";"47,40272000";"0,72189000"
"202300012244";"13";"08";"2023";"17:57";"1";"59";"59122";"2";"6";"1";"3";"ILE DE FRANCE (RUE D')";"50,16162000";"3,25757000"
"202300012245";"8";"07";"2023";"14:20";"1";"85";"85047";"1";"2";"1";"3";"Chemin de la Poilière";"46,79472590";" -1,83546245"
"202300012246";"21";"11";"2023";"19:20";"5";"91";"91479";"2";"4";"1";"3";"RTE DE FONTAINEBLEAU";"48,71162200";"2,37111400"
"202300012247";"27";"12";"2023";"20:40";"5";"94";"94081";"2";"2";"2";"3";"Avenue Ernest Havet";"48,78781000";"2,40256000"
"202300012248";"13";"08";"2023";"17:55";"1";"51";"51454";"2";"1";"1";"3";"MATHIEU (RUE LEON) DU N°1 A 49 ET DU N°2";"49,24042000";"4,00994000"
"202300012249";"3";"06";"2023";"22:45";"5";"35";"35238";"2";"2";"1";"3";"SERGENT MAGINOT (AVENUE)";"48,10993018";" -1,65550500"
"202300012250";"8";"07";"2023";"05:45";"2";"27";"27251";"1";"1";"1";"3";"1309 Route de Bernay";"49,09157200";"0,66959900"
"202300012251";"28";"12";"2023";"18:37";"5";"94";"94041";"2";"1";"1";"6";"DANIELLE CASANOVA (AV)";"48,81390700";"2,38456600"
"202300012252";"13";"08";"2023";"08:50";"1";"45";"45234";"2";"1";"1";"3";"24 Rue Royale";"47,89921000";"1,90417000"
"202300012253";"20";"11";"2023";"18:20";"5";"91";"91479";"2";"2";"2";"3";"RUE DU DOCTEUR CHARCOT";"48,70376000";"2,35354000"
"202300012254";"3";"06";"2023";"01:20";"5";"34";"34301";"2";"1";"1";"1";"12 Avenue Antoine de Saint Exupéry";"43,41290000";"3,66457000"
"202300012255";"8";"07";"2023";"19:10";"1";"30";"30062";"2";"2";"1";"3";"Rue André Hebrard";"43,78610000";"4,20220000"
"202300012256";"13";"08";"2023";"18:30";"1";"44";"44215";"1";"1";"1";"7";"N/A";"47,18150000";" -1,50213000"
"202300012257";"28";"12";"2023";"09:55";"1";"93";"93078";"2";"1";"1";"6";"Avenue Roger Salengro";"48,95464000";"2,53785000"
"202300012258";"21";"11";"2023";"05:42";"5";"87";"87085";"2";"1";"2";"6";"GIFFARD (RUE HENRI)";"45,87009000";"1,26980000"
"202300012259";"3";"06";"2023";"20:00";"1";"34";"34172";"2";"3";"1";"3";"37 Rue de la Figairasse";"43,60541490";"3,85372147"
"202300012260";"8";"07";"2023";"19:30";"1";"38";"38449";"1";"1";"1";"3";"Autoroute A43 de Chambéry à Lyon";"45,64731800";"5,12507900"
"202300012261";"13";"08";"2023";"18:25";"1";"43";"43157";"2";"3";"1";"1";"Rue Charles Rocher";"45,03955000";"3,88046000"
"202300012262";"27";"12";"2023";"18:20";"5";"93";"93073";"2";"2";"1";"3";"Avenue du General Pouderoux / Rue Charles Cros";"48,96704000";"2,56797000"
"202300012263";"3";"06";"2023";"21:40";"5";"33";"33039";"2";"2";"8";"3";"Boulevard Jean-Jacques Bosc";"44,81699000";" -0,54849000"
"202300012264";"30";"07";"2023";"11:30";"1";"38";"38053";"2";"1";"1";"6";"TRIBUNAL";"45,58660000";"5,27760000"
"202300012265";"8";"07";"2023";"18:00";"2";"988";"98817";"2";"6";"2";"6";"AVENUE DES DEUX BAIES/RUE DES MORATIA";" -22,21992000";"166,48994000"
"202300012266";"3";"06";"2023";"12:15";"1";"33";"33063";"2";"1";"1";"3";"Boulevard Alfred Daney";"44,86725000";" -0,57251000"
"202300012267";"20";"11";"2023";"18:05";"2";"84";"84007";"1";"1";"1";"4";"MARSEILLE (Route)-MONTFAVET";"43,90223000";"4,89443000"
"202300012268";"8";"07";"2023";"19:50";"1";"77";"77005";"1";"1";"1";"2";"D418";"48,90882100";"2,71023300"
"202300012269";"28";"12";"2023";"14:40";"1";"92";"92050";"2";"2";"1";"3";"BOUVETS BOULEVARD DES";"48,89686000";"2,22403000"
"202300012270";"12";"08";"2023";"14:10";"1";"33";"33529";"1";"1";"1";"1";"BISCAROSSE (AVE) DUNE VERS BISCA";"44,58670000";" -1,20510000"
"202300012271";"7";"07";"2023";"22:10";"4";"91";"91249";"1";"1";"1";"1";"Rue du Ruisseau";"48,61961200";"2,08007500"
"202300012272";"12";"08";"2023";"17:44";"1";"31";"31555";"2";"1";"1";"3";"AV MAURICE MAGRE";"43,57630700";"1,38314900"
"202300012273";"3";"06";"2023";"01:30";"3";"33";"33318";"2";"1";"1";"1";"Avenue du Haut Lévèque";"44,79400000";" -0,65785000"
"202300012274";"19";"11";"2023";"16:16";"1";"84";"84007";"2";"1";"1";"2";"MARSEILLE (Route de )";"43,90592000";"4,89098000"
"202300012275";"28";"12";"2023";"20:20";"5";"92";"92012";"2";"2";"1";"3";"ANDRE MORIZET (AVENUE) 1/47 - 2/52";"48,83500740";"2,24128246"
"202300012276";"6";"07";"2023";"21:10";"2";"66";"66008";"2";"3";"1";"6";"";"42,54481000";"3,03659300"
"202300012277";"13";"08";"2023";"05:25";"4";"29";"29039";"2";"6";"1";"6";"Place de l'Eglise";"47,88871600";" -3,90178000"
"202300012278";"3";"06";"2023";"10:59";"1";"27";"27229";"2";"1";"1";"3";"COCHEREL (RUE DE)";"49,02065800";"1,18170100"
"202300012279";"7";"07";"2023";"19:10";"1";"66";"66008";"1";"6";"1";"3";"";"42,55138200";"2,99729300"
"202300012280";"29";"12";"2023";"20:10";"3";"66";"66172";"1";"1";"1";"6";"N/A";"42,70289619";"2,86487818"
"202300012281";"5";"07";"2023";"18:00";"1";"34";"34127";"2";"1";"1";"7";"201 Route de Mauguio";"43,64811700";"4,06894300"
"202300012282";"19";"11";"2023";"01:11";"5";"84";"84007";"2";"6";"1";"3";"FOLIE (Avenue de la)";"43,94690000";"4,82858000"
"202300012283";"29";"12";"2023";"11:15";"1";"22";"22311";"2";"1";"1";"3";"14 Rue des Tilleuls";"48,54548900";" -2,22963500"
"202300012284";"2";"06";"2023";"14:35";"1";"26";"26198";"1";"1";"1";"4";"TEIL (Route du)";"44,55537000";"4,71996900"
"202300012285";"7";"07";"2023";"19:10";"1";"84";"84054";"1";"1";"1";"6";"Route d'Apt";"43,91260100";"5,07371300"
"202300012286";"20";"11";"2023";"07:55";"1";"83";"83144";"2";"1";"1";"6";"FARNOUS (IMP /  RUE J.)";"43,13698000";"5,98229000"
"202300012287";"29";"12";"2023";"12:40";"1";"17";"17015";"1";"1";"3";"6";"D114";"45,56062700";" -0,85949200"
"202300012288";"12";"08";"2023";"12:20";"1";"18";"18279";"1";"1";"2";"6";"N/A";"47,24987600";"2,06030700"
"202300012289";"3";"06";"2023";"23:50";"3";"22";"22187";"2";"1";"1";"6";"SURCOUF (RUE)";"48,53727000";" -2,72104000"
"202300012290";"30";"06";"2023";"20:50";"1";"84";"84036";"2";"2";"7";"3";"route du THOR";"43,92674900";"4,94845000"
"202300012291";"18";"11";"2023";"16:25";"1";"83";"83137";"2";"1";"1";"1";"OLLIVIER (RUE EMILE)";"43,11988000";"5,94376000"
"202300012292";"29";"12";"2023";"15:00";"1";"41";"41040";"1";"1";"1";"3";"D957";"47,67931600";"1,21806600"
"202300012293";"3";"06";"2023";"02:10";"3";"18";"18279";"1";"1";"1";"6";"Route du Village d’En Haut";"47,23664300";"2,11612300"
"202300012294";"13";"08";"2023";"20:36";"1";"17";"17300";"2";"1";"1";"7";"BEL AIR RUE";"46,16779400";" -1,16735200"
"202300012295";"9";"07";"2023";"13:34";"1";"06";"06146";"1";"1";"1";"6";"M2205";"43,91860800";"7,18945700"
"202300012296";"15";"11";"2023";"13:30";"1";"83";"83123";"2";"1";"1";"3";"DEUXIEME SPAHIS (AVENUE DU)";"43,12015367";"5,80287832"
"202300012297";"3";"06";"2023";"21:50";"2";"17";"17306";"2";"1";"1";"3";"HEDDE (AVENUE DANIEL)";"45,63699000";" -1,02842900"
"202300012298";"8";"07";"2023";"02:10";"3";"13";"13066";"1";"9";"1";"7";"D26";"43,87292100";"4,91551400"
"202300012299";"12";"08";"2023";"15:15";"1";"14";"14302";"1";"2";"1";"7";"Route de Villers";"49,28981200";"0,07869900"
"202300012300";"13";"08";"2023";"18:25";"1";"13";"13216";"2";"1";"1";"7";"ANDRÉ ROUSSIN (AVENUE)";"43,36177000";"5,33950000"
"202300012301";"3";"06";"2023";"11:25";"1";"14";"14118";"2";"1";"1";"3";"Boulevard des Baladas";"49,17177000";" -0,37687000"
"202300012302";"28";"12";"2023";"21:14";"5";"37";"37266";"1";"1";"8";"2";"Autoroute 85, Péage de Veigné, sens ANGERS-VIERZON";"47,31187612";"0,73460340"
"202300012303";"21";"11";"2023";"17:45";"5";"77";"77284";"2";"2";"2";"6";"D360";"48,95756400";"2,87592600"
"202300012304";"7";"07";"2023";"18:55";"2";"21";"21138";"1";"3";"7";"3";"D905";"47,20478800";"5,32468100"
"202300012305";"29";"12";"2023";"09:50";"1";"62";"62207";"2";"1";"3";"6";"D901E1";"50,45419771";"1,75529373"
"202300012306";"2";"06";"2023";"17:00";"1";"13";"13043";"2";"1";"1";"1";"GAL RAOUL SALAN (AV DU )";"43,39650000";"5,21961000"
"202300012307";"12";"08";"2023";"16:40";"1";"13";"13028";"2";"2";"1";"3";"CD 559 (CHEMIN DEPARTEMENTAL°";"43,18536075";"5,66173972"
"202300012308";"29";"12";"2023";"05:00";"3";"89";"89367";"1";"1";"2";"6";"D9 lieu dit  le deffand";"47,62548800";"3,29534100"
"202300012309";"8";"07";"2023";"15:00";"1";"68";"68296";"1";"2";"1";"3";"Rue de la Gare";"48,22746000";"7,38067200"
"202300012310";"13";"08";"2023";"18:17";"1";"06";"06004";"2";"1";"1";"2";"NICE(RN.7) AV.ET RTE DE";"43,60614400";"7,12359800"
"202300012311";"3";"06";"2023";"08:00";"1";"13";"13004";"2";"1";"1";"6";"AV DES ALYSCAMPS";"43,67423046";"4,63227691"
"202300012312";"21";"11";"2023";"19:30";"5";"77";"77438";"2";"2";"2";"1";"D217B";"48,84960000";"2,67774000"
"202300012313";"7";"07";"2023";"08:50";"1";"67";"67028";"1";"1";"1";"6";"D212";"48,35589300";"7,60625100"
"202300012314";"19";"12";"2023";"17:50";"5";"22";"22207";"2";"1";"2";"1";"rue de la gare";"48,61079600";" -3,47188400"
"202300012315";"13";"08";"2023";"18:05";"1";"04";"04070";"2";"1";"1";"3";"verdun ( avenue de )";"44,08805000";"6,22166000"
"202300012316";"8";"07";"2023";"19:30";"1";"03";"03165";"2";"1";"1";"6";"22-24 Place de l'Eglise";"46,07283600";"3,66835000"
"202300012317";"21";"11";"2023";"09:37";"1";"77";"77131";"2";"9";"2";"6";"D402";"48,81499000";"3,08226000"
"202300012318";"29";"12";"2023";"04:47";"3";"25";"25139";"1";"1";"2";"6";"D48";"47,01404800";"6,38002600"
"202300012319";"3";"06";"2023";"06:45";"1";"13";"13001";"1";"6";"1";"2";"ST HILAIRE (CH)";"43,47908000";"5,39396000"
"202300012320";"3";"08";"2023";"21:15";"2";"03";"03185";"2";"6";"1";"3";"Avenue des Guineberts";"46,33695000";"2,58729000"
"202300012321";"20";"11";"2023";"12:00";"1";"76";"76351";"2";"6";"2";"6";"LOUIS BLANC";"49,50710100";"0,12848300"
"202300012322";"3";"06";"2023";"12:30";"1";"06";"06088";"2";"1";"1";"3";"VEIL (AV. SIMONE)";"43,68924200";"7,20112900"
"202300012323";"28";"12";"2023";"15:30";"1";"44";"44005";"2";"3";"1";"3";"42 Rue de Pornic";"47,11660200";" -1,94675300"
"202300012324";"9";"07";"2023";"11:45";"1";"38";"38548";"2";"1";"1";"6";"351 Avenue des Bains";"45,06752600";"5,54793800"
"202300012325";"13";"08";"2023";"11:20";"1";"75";"75119";"2";"2";"1";"6";"RUE DE L OURCQ";"48,89027900";"2,38268400"
"202300012326";"3";"06";"2023";"04:20";"5";"05";"05023";"2";"1";"1";"6";"SYLVESTRE (RUE JOSEPH)";"44,88541000";"6,63390400"
"202300012327";"21";"11";"2023";"08:35";"4";"76";"76217";"2";"9";"3";"6";"BERIGNY (BOULEVARD)";"49,92000000";"1,08000000"
"202300012328";"27";"12";"2023";"22:28";"4";"44";"44126";"2";"6";"1";"6";"6 Rue de la Croix Mouraud";"47,13789900";" -2,19196000"
"202300012329";"8";"07";"2023";"17:45";"1";"07";"07127";"2";"1";"1";"6";"Route du Puy";"44,65827500";"4,30760600"
"202300012330";"13";"08";"2023";"11:40";"1";"75";"75116";"2";"1";"1";"6";"PORTE DAUPHINE";"48,87329000";"2,27237800"
"202300012331";"21";"11";"2023";"09:30";"1";"72";"72181";"2";"9";"8";"3";"NATIONS UNIES (BD DES)";"47,99538000";"0,22742000"
"202300012332";"3";"06";"2023";"13:35";"1";"75";"75119";"2";"1";"1";"3";"BD PERIPHERIQUE EXTERIEUR";"48,87976600";"2,40732800"
"202300012333";"9";"07";"2023";"06:30";"2";"86";"86074";"1";"1";"1";"6";"D21";"46,58616800";"0,11297500"
"202300012334";"13";"08";"2023";"15:40";"1";"75";"75115";"2";"1";"1";"6";"RUE GASTON DE CAILLAVET";"48,84897500";"2,28457200"
"202300012335";"26";"12";"2023";"08:12";"2";"14";"14057";"1";"1";"1";"6";"Route de Bourguebus";"49,11936000";" -0,22560600"
"202300012336";"21";"11";"2023";"07:45";"2";"72";"72181";"2";"9";"8";"2";"KLOTZ HENRI-PIERRE (AV)";"48,02028000";"0,16202000"
"202300012337";"12";"08";"2023";"13:20";"1";"75";"75112";"2";"1";"1";"6";"AVENUE DE GRAVELLE";"48,82478700";"2,41559600"
"202300012338";"2";"06";"2023";"21:45";"5";"75";"75112";"2";"1";"1";"3";"BD PERIPHERIQUE EXTERIEUR";"48,82714100";"2,39103000"
"202300012339";"7";"07";"2023";"19:50";"1";"85";"85113";"2";"1";"1";"1";"50 Chemin du grand pas";"46,72556500";" -2,36819200"
"202300012340";"8";"07";"2023";"19:15";"1";"22";"22208";"1";"1";"1";"7";"rue de la libération";"48,30773300";" -1,99927600"
"202300012341";"21";"11";"2023";"17:50";"2";"71";"71306";"2";"1";"1";"6";"GENERAL DE GAULLE (QUAI DU)";"46,67546000";"4,36339000"
"202300012342";"13";"08";"2023";"03:30";"5";"75";"75111";"2";"2";"1";"3";"RUE SAINT MAUR";"48,86306200";"2,37932100"
"202300012343";"27";"12";"2023";"15:40";"1";"21";"21685";"2";"2";"1";"1";"Rue de Montbard";"47,67927600";"4,52403400"
"202300012344";"2";"06";"2023";"14:20";"1";"75";"75118";"2";"1";"1";"4";"PORTE DE CLIGNANCOURT";"48,90095400";"2,34666700"
"202300012345";"8";"07";"2023";"23:45";"3";"27";"27458";"1";"1";"1";"2";"D321";"49,32863900";"1,23148800"
"202300012346";"20";"11";"2023";"16:00";"1";"71";"71270";"2";"1";"1";"6";"HERITAN (RUE DE L')";"46,30687000";"4,82933000"
"202300012347";"12";"08";"2023";"23:45";"5";"75";"75119";"2";"1";"1";"3";"AVENUE CORENTIN CARIOU";"48,89547100";"2,38314100"
"202300012348";"28";"12";"2023";"23:00";"5";"21";"21114";"2";"1";"2";"6";"Rue des Forges";"47,64844300";"4,27547600"
"202300012349";"8";"07";"2023";"23:50";"3";"60";"60342";"2";"9";"1";"6";"D62F";"49,29603800";"2,45174800"
"202300012350";"2";"06";"2023";"09:30";"1";"75";"75113";"2";"1";"1";"2";"PORTE D ITALIE";"48,81622400";"2,36394100"
"202300012351";"28";"12";"2023";"18:50";"3";"85";"85127";"2";"1";"2";"6";"chemin des grandes plantes";"46,40355400";" -1,49977300"
"202300012352";"20";"11";"2023";"17:40";"5";"71";"71076";"2";"3";"1";"3";"HUGO (AVENUE VICTOR HUGO)";"46,78219000";"4,84480000"
"202300012353";"13";"08";"2023";"18:45";"1";"75";"75116";"2";"1";"1";"3";"PONT D IENA";"48,86017401";"2,29151845"
"202300012354";"28";"06";"2023";"15:05";"1";"59";"59249";"2";"1";"1";"6";"Rue Xavier Clavon";"50,01613300";"4,03911300"