"Num_Acc";"jour";"mois";"an";"hrmn";"lum";"dep";"com";"agg";"int";"atm";"col";"adr";"lat";"long"
"202300012937";"26";"12";"2023";"00:20";"5";"973";"97302";"1";"1";"1";"3";"LEBLOND (ROND POINT)";"4,92162285";" -52,32992738"
"202300012938";"18";"09";"2023";"08:40";"1";"75";"75118";"2";"1";"8";"6";"RUE DE LA CHAPELLE";"48,89661200";"2,35975740"
"202300012939";"18";"03";"2023";"19:32";"5";"92";"92073";"2";"1";"2";"7";"WASHINGTON (BOULEVARD)";"48,87383000";"2,21762000"
"202300012940";"18";"09";"2023";"08:00";"1";"75";"75118";"2";"2";"1";"3";"BOULEVARD BARBES";"48,88385300";"2,34947300"
"202300012941";"18";"03";"2023";"20:35";"5";"92";"92049";"2";"3";"1";"3";"DORMOY AVENUE MARX N°102 A FIN";"48,81061192";"2,30895415"
"202300012942";"25";"12";"2023";"21:23";"5";"973";"97302";"2";"9";"1";"3";"BADUEL (ROUTE DE)";"4,92879000";" -52,29928000"
"202300012943";"18";"09";"2023";"17:05";"1";"75";"75117";"2";"3";"2";"6";"AVENUE DES TERNES";"48,87898200";"2,29277200"
"202300012944";"18";"03";"2023";"14:00";"1";"92";"92044";"2";"2";"1";"6";"LOUIS ROUQUIER(RUE)47A111 ET 50A104";"48,89101100";"2,28735800"
"202300012945";"25";"12";"2023";"19:57";"5";"973";"97302";"2";"9";"1";"6";"FLAMBOYANTS (RUE DES)";"4,92579745";" -52,31563926"
"202300012946";"17";"09";"2023";"13:30";"1";"75";"75116";"2";"1";"1";"3";"QUAI SAINT EXUPERY";"48,83783700";"2,26528800"
"202300012947";"19";"03";"2023";"06:05";"3";"80";"80047";"1";"1";"5";"6";"D20";"50,02573200";"2,66710300"
"202300012948";"18";"09";"2023";"10:30";"1";"75";"75115";"2";"2";"1";"6";"BOULEVARD LEFEBVRE";"48,82971800";"2,29571400"
"202300012949";"18";"03";"2023";"11:45";"1";"2A";"2A064";"1";"1";"1";"2";"Route territoriale 40";"41,84389400";"8,96456500"
"202300012950";"26";"12";"2023";"12:40";"1";"972";"97209";"1";"2";"1";"6";"EAUX DECOUPEES (CHEMIN DES)";"14,60806000";" -61,05515000"
"202300012951";"18";"09";"2023";"09:20";"1";"75";"75115";"2";"2";"1";"5";"ESPLANADE HENRI DE FRANCE";"48,83818300";"2,27064500"
"202300012952";"19";"03";"2023";"11:30";"1";"42";"42120";"1";"2";"1";"3";"Route de Saint Jean";"45,99216700";"3,99692900"
"202300012953";"25";"12";"2023";"21:30";"5";"972";"97209";"2";"1";"1";"1";"BISHOP (Avenue Maurice)";"14,61322433";" -61,05248551"
"202300012954";"18";"03";"2023";"22:50";"3";"31";"31480";"1";"1";"2";"6";"D18";"43,54506400";"1,62887900"
"202300012955";"18";"09";"2023";"13:30";"1";"75";"75111";"2";"2";"1";"3";"BOULEVARD DE MENILMONTANT";"48,85843700";"2,38943600"
"202300012956";"26";"12";"2023";"20:10";"5";"69";"69202";"2";"2";"1";"6";"Route de la Libération";"45,72814000";"4,77894000"
"202300012957";"18";"03";"2023";"19:30";"5";"974";"97422";"2";"1";"1";"7";"10 Rue Montaigne";" -21,26509374";"55,49097240"
"202300012958";"18";"09";"2023";"17:53";"1";"75";"75110";"2";"3";"1";"6";"RUE DU FAUBOURG SAINT DENIS";"48,88286100";"2,35904800"
"202300012959";"16";"03";"2023";"20:15";"3";"972";"97207";"1";"9";"1";"6";"N5";"14,58258700";" -60,98008600"
"202300012960";"9";"09";"2023";"21:55";"5";"94";"94081";"2";"1";"1";"6";"Boulevard de Stalingrad";"48,80157000";"2,37894000"
"202300012961";"26";"12";"2023";"04:31";"5";"971";"97120";"2";"6";"1";"7";"BLANCHARD";"16,22948497";" -61,53143048"
"202300012962";"18";"09";"2023";"14:45";"1";"94";"94078";"2";"1";"1";"2";"132 Rue de Paris";"48,73376600";"2,44673200"
"202300012963";"19";"03";"2023";"15:30";"1";"58";"58270";"1";"1";"1";"1";"Le Gué des Saules";"47,48239100";"2,98898900"
"202300012964";"25";"12";"2023";"19:45";"5";"971";"97105";"2";"1";"1";"1";"PAUL LACAVE (AVENUE )";"15,99360000";" -61,71903000"
"202300012965";"19";"03";"2023";"10:08";"1";"87";"87014";"1";"1";"2";"6";"A20 - SORTIE 24 - EN DIRECTION DU NORD , PK 148+290";"46,11002400";"1,37566200"
"202300012966";"17";"09";"2023";"22:05";"5";"94";"94074";"2";"1";"2";"2";"Avenue Henri Barbusse";"48,77021000";"2,44044000"
"202300012967";"18";"03";"2023";"15:30";"1";"34";"34095";"1";"1";"3";"1";"M185";"43,54770800";"3,81294300"
"202300012968";"17";"09";"2023";"10:10";"1";"94";"94011";"2";"9";"1";"3";"Rue Pierre Sémard";"48,76271000";"2,47860000"
"202300012969";"18";"03";"2023";"00:30";"3";"19";"19110";"1";"1";"1";"6";"Le Braud";"45,30224700";"2,24561700"
"202300012970";"25";"12";"2023";"15:00";"1";"971";"97105";"2";"3";"1";"3";"SCHOECHER (RUE)";"15,99604708";" -61,73111558"
"202300012971";"18";"09";"2023";"00:00";"5";"94";"94081";"2";"1";"2";"6";"Rue Léon Geffroy";"48,78155700";"2,40781600"
"202300012972";"19";"03";"2023";"13:50";"1";"56";"56090";"2";"1";"1";"6";"Lieu-dit le Pontoir";"47,86139100";" -3,23356400"
"202300012973";"26";"12";"2023";"21:35";"3";"91";"91223";"1";"1";"1";"6";"RD 191";"48,44363000";"2,12523000"
"202300012974";"18";"09";"2023";"02:09";"5";"93";"93066";"2";"1";"1";"3";"Rue Ambroise Croizat";"48,93314000";"2,34799000"
"202300012975";"29";"01";"2023";"04:00";"3";"56";"56123";"2";"7";"1";"6";"Place de l’Eglise";"47,67752500";" -2,29664100"
"202300012976";"26";"12";"2023";"04:45";"5";"87";"87085";"2";"3";"1";"2";"BAUDIN ( AVENUE) (VC)";"45,82724000";"1,25983000"
"202300012977";"18";"09";"2023";"12:20";"1";"93";"93066";"2";"6";"1";"3";"Avenue Lénine / Rue de Strasbourg";"48,93582661";"2,36789864"
"202300012978";"18";"03";"2023";"16:20";"1";"76";"76302";"2";"1";"1";"1";"Rue de la Voie Romaine";"49,64440200";"0,37391100"
"202300012979";"24";"12";"2023";"19:30";"5";"78";"78172";"2";"1";"1";"6";"BOURSEUL (RUE CHARLES)";"48,99854000";"2,10378000"
"202300012980";"17";"09";"2023";"17:30";"1";"93";"93051";"2";"1";"1";"3";"Rue du Réseau Robert Keller";"48,85238029";"2,56809925"
"202300012981";"18";"03";"2023";"16:45";"1";"2B";"2B219";"2";"1";"1";"1";"le village";"42,37742600";"9,36653100"
"202300012982";"19";"03";"2023";"11:10";"1";"65";"65442";"1";"1";"2";"6";"Route de Boulogne";"43,29382500";"0,62798000"
"202300012983";"18";"09";"2023";"18:00";"1";"93";"93029";"2";"1";"8";"3";"Avenue Henri Barbusse";"48,91966792";"2,45100407"
"202300012984";"26";"12";"2023";"12:15";"1";"76";"76351";"2";"3";"1";"3";"CAVEE VERTE (RUE DE LA)";"49,50588000";"0,11680000"
"202300012985";"19";"03";"2023";"12:40";"1";"25";"25212";"2";"1";"2";"3";"Rue du Vallon";"47,27304500";"5,99216200"
"202300012986";"17";"09";"2023";"13:30";"1";"93";"93027";"2";"1";"1";"6";"Avenue Paul Vaillant Couturier";"48,92536092";"2,41561192"
"202300012987";"26";"12";"2023";"02:20";"5";"76";"76351";"2";"1";"1";"7";"GOBELINS (DES)";"49,49783000";"0,10456000"
"202300012988";"18";"09";"2023";"11:05";"1";"92";"92051";"2";"1";"1";"6";"BINEAU (BOULEVARD, N°133 A 217 ET 134 A";"48,89105384";"2,27024263"
"202300012989";"22";"12";"2023";"20:40";"3";"76";"76270";"1";"1";"1";"6";"RD 6382";"49,53031000";"0,12958000"
"202300012990";"15";"03";"2023";"13:05";"1";"35";"35230";"1";"2";"1";"5";"D15";"48,45977427";" -1,23937503"
"202300012991";"18";"09";"2023";"15:10";"1";"92";"92044";"2";"1";"1";"2";"CHARLES PASQUA (QUAI) 58 A90";"48,90231778";"2,28715897"
"202300012992";"18";"03";"2023";"20:20";"3";"29";"29300";"1";"1";"1";"6";"La Croix Logan";"47,89842000";" -3,67439000"
"202300012993";"22";"12";"2023";"20:15";"5";"76";"76305";"2";"6";"2";"3";"Jacques EBERHARD (Avenue)";"49,51098000";"0,22932000"
"202300012994";"18";"09";"2023";"07:55";"1";"92";"92044";"2";"2";"1";"3";"P.V.COUTURIER(RUE)65A79 ET50A58";"48,89706459";"2,28933279"
"202300012995";"18";"03";"2023";"20:53";"5";"38";"38022";"1";"1";"1";"1";"ROUTE DES ALPES";"45,61777500";"5,54041400"
"202300012996";"18";"09";"2023";"09:20";"1";"92";"92062";"2";"1";"1";"6";"BOULEVARD CIRCULAIRE";"48,88731000";"2,24958000"
"202300012997";"25";"12";"2023";"18:05";"5";"74";"74298";"2";"3";"1";"3";"CHENES (ALLEE DES )";"46,18536000";"6,27300000"
"202300012998";"18";"09";"2023";"12:40";"1";"92";"92026";"2";"1";"1";"3";"COLOMBES";"48,89836891";"2,25658572"
"202300012999";"18";"03";"2023";"20:55";"3";"01";"01319";"1";"1";"1";"6";"Route de Chatillon";"46,10236200";"4,95081600"
"202300013000";"25";"12";"2023";"18:40";"3";"74";"74010";"2";"4";"1";"6";"CORNICHE (BOULEVARD DE LA)";"45,88408000";"6,14238000"
"202300013001";"18";"09";"2023";"15:15";"1";"92";"92014";"2";"3";"8";"4";"FONTENAY (RUE)";"48,78481000";"2,31104000"
"202300013002";"26";"12";"2023";"11:05";"1";"73";"73011";"2";"9";"1";"6";"CURIE (RUE PIERRE ET MARIE)";"45,66826000";"6,38095000"
"202300013003";"18";"03";"2023";"17:35";"1";"45";"45040";"2";"3";"1";"6";"Chemin de la Cheuille";"47,57434300";"2,81779500"
"202300013004";"18";"09";"2023";"06:35";"3";"35";"35136";"1";"1";"1";"2";"Janzé";"47,96303845";" -1,51493847"
"202300013005";"25";"12";"2023";"20:05";"5";"69";"69290";"2";"1";"1";"1";"Route d'Heyrieux";"45,68375639";"4,95152861"
"202300013006";"18";"03";"2023";"11:30";"1";"10";"10287";"1";"1";"1";"2";"D960";"48,36311800";"4,31856000"
"202300013007";"19";"09";"2023";"07:10";"2";"47";"47272";"1";"1";"1";"1";"route de paris";"44,68125700";"0,57517300"
"202300013008";"26";"12";"2023";"17:45";"5";"66";"66136";"2";"1";"1";"6";"Boulevard Aristide BRIAND";"42,69442000";"2,90147000"
"202300013009";"19";"09";"2023";"07:00";"2";"45";"45247";"1";"1";"1";"1";"Rue de la Varenne";"48,01328100";"2,67913000"
"202300013010";"19";"03";"2023";"00:45";"3";"16";"16380";"1";"1";"2";"7";"Au Rochet";"45,39953500";" -0,20322600"
"202300013011";"18";"03";"2023";"15:15";"1";"24";"24038";"1";"1";"3";"6";"D708";"45,32289500";"0,36575100"
"202300013012";"15";"09";"2023";"18:00";"1";"68";"68295";"1";"2";"1";"3";"Route de Herrlisheim";"48,01427900";"7,36928300"
"202300013013";"17";"09";"2023";"18:40";"1";"14";"14061";"1";"1";"1";"6";"5 Route de Caen";"48,89079400";" -0,84776000"
"202300013014";"26";"12";"2023";"10:30";"1";"66";"66136";"2";"1";"1";"4";"N/A";"42,70718000";"2,90733000"
"202300013015";"19";"09";"2023";"17:45";"1";"42";"42322";"1";"1";"1";"6";"1689 Route de la Croix de Chaubouret";"45,41208800";"4,52369600"
"202300013016";"19";"03";"2023";"15:15";"1";"21";"21423";"1";"1";"2";"3";"Autoroute A6, PK 307.600 sens Lyon vers Paris";"46,99304383";"4,85559746"
"202300013017";"26";"12";"2023";"10:30";"1";"66";"66136";"2";"9";"1";"6";"Boulevard Docteur Joseph DENOYES";"42,70991291";"2,88462460"
"202300013018";"19";"09";"2023";"06:10";"3";"08";"08027";"1";"1";"1";"2";"A34";"49,56450200";"4,46843100"
"202300013019";"18";"03";"2023";"01:30";"3";"988";"98819";"1";"9";"1";"7";"col amos";" -20,33368200";"164,42637600"
"202300013020";"17";"09";"2023";"20:51";"5";"51";"51629";"2";"1";"1";"7";"D951";"49,16408200";"4,01734000"
"202300013021";"26";"12";"2023";"11:53";"1";"64";"64483";"2";"1";"1";"2";"RD810";"43,39970532";" -1,64011717"
"202300013022";"18";"09";"2023";"09:25";"1";"56";"56261";"1";"3";"1";"3";"Lieu Dit Hutte Saint Pierre";"47,69655600";" -2,54084100"
"202300013023";"19";"03";"2023";"15:30";"1";"973";"97305";"1";"3";"1";"3";"Hôtel Maillard (Patrimoine national)";"4,97417300";" -52,44171400"
"202300013024";"26";"12";"2023";"18:15";"3";"64";"64284";"1";"1";"1";"2";"RAUSKI";"43,26611000";" -0,38957000"
"202300013025";"18";"09";"2023";"17:30";"1";"56";"56212";"1";"1";"1";"1";"La mine";"47,54383000";" -2,18680500"
"202300013026";"18";"03";"2023";"17:25";"1";"33";"33245";"1";"1";"2";"6";"D115";"44,80127400";" -0,43385300"
"202300013027";"19";"03";"2023";"03:00";"3";"33";"33214";"1";"1";"1";"6";"D6";"45,00347700";" -1,15419700"
"202300013028";"18";"09";"2023";"17:40";"1";"79";"79293";"1";"5";"1";"3";"N/A";"46,37473600";" -0,49253700"
"202300013029";"26";"12";"2023";"00:45";"5";"64";"64024";"2";"6";"1";"3";"N/A";"43,49655000";" -1,50888000"
"202300013030";"19";"03";"2023";"06:15";"3";"28";"28363";"1";"1";"2";"1";"RD24";"48,42206000";"1,86269200"
"202300013031";"18";"09";"2023";"16:25";"1";"82";"82182";"1";"1";"1";"1";"D41 PK 10+953";"44,26464600";"1,05351800"
"202300013032";"17";"03";"2023";"13:45";"1";"45";"45155";"2";"2";"1";"1";"75 Avenue President Wilson";"47,69398900";"2,63108600"
"202300013033";"26";"12";"2023";"13:00";"1";"56";"56162";"2";"1";"2";"1";"Chemin de Lorient au passage Saint-Maurice";"47,73872000";" -3,40880000"
"202300013034";"19";"09";"2023";"17:10";"1";"65";"65363";"1";"2";"1";"3";"d817";"43,10940038";"0,44425216"
"202300013035";"19";"03";"2023";"01:30";"3";"30";"30211";"2";"1";"1";"6";"N/A";"43,82617176";"4,50152993"
"202300013036";"18";"09";"2023";"19:26";"1";"65";"65069";"2";"1";"1";"6";"Chemin du Haut-Mour";"43,07261100";"0,38342700"
"202300013037";"18";"03";"2023";"17:15";"1";"70";"70046";"1";"2";"1";"3";"D486";"47,61995400";"6,43683800"
"202300013038";"19";"09";"2023";"11:55";"1";"71";"71154";"1";"1";"1";"7";"123 Rue Principale";"46,82655300";"4,89774200"
"202300013039";"24";"12";"2023";"15:05";"1";"56";"56121";"2";"1";"1";"7";"TOULLEC (RUE  FRANCOIS )";"47,73234000";" -3,37919000"
"202300013040";"18";"03";"2023";"18:22";"2";"67";"67529";"1";"1";"1";"6";"Rue Creuse";"48,72087800";"7,82041000"
"202300013041";"19";"09";"2023";"17:44";"2";"71";"71014";"2";"1";"7";"6";"Rue de l?Arquebuse";"46,95069100";"4,30319100"
"202300013042";"18";"03";"2023";"22:30";"3";"01";"01211";"1";"1";"1";"7";"Route départementale 64a";"46,11612300";"5,18086400"
"202300013043";"19";"09";"2023";"11:15";"1";"42";"42034";"1";"1";"1";"6";"Les Chassagnes";"45,83611000";"3,76371900"
"202300013044";"17";"03";"2023";"23:36";"3";"17";"17058";"2";"3";"1";"7";"Rue de la Sainceaudière";"45,84799800";" -1,13491200"
"202300013045";"18";"09";"2023";"13:45";"1";"41";"41164";"2";"2";"1";"3";"Avenue de la Gare";"47,28067400";"1,38104800"
"202300013046";"18";"03";"2023";"06:15";"3";"33";"33175";"1";"1";"1";"6";"5 Route de Rauzan";"44,74179026";" -0,15359670"
"202300013047";"17";"09";"2023";"01:17";"5";"31";"31033";"2";"1";"1";"6";"Avenue de Nailloux";"43,35638674";"1,48534834"
"202300013048";"18";"03";"2023";"10:00";"1";"72";"72264";"2";"6";"2";"3";"7 Rue de la Petite Vitesse";"47,84262000";" -0,34258300"
"202300013049";"19";"03";"2023";"11:30";"1";"35";"35360";"1";"1";"1";"7";"RD 178";"48,12088300";" -1,23307600"
"202300013050";"15";"09";"2023";"22:00";"5";"02";"02328";"2";"1";"1";"6";"1 Rue des Dîmes";"49,04907500";"3,48200500"
"202300013051";"28";"02";"2023";"14:30";"1";"60";"60141";"2";"6";"1";"3";"rond point de sylvie";"49,18610700";"2,46074400"
"202300013052";"19";"09";"2023";"17:05";"1";"02";"02215";"2";"3";"1";"3";"10 Rue de Reims";"49,46137100";"3,82549800"
"202300013053";"19";"03";"2023";"16:50";"1";"59";"59660";"1";"1";"1";"7";"Chaussee de Verdun";"50,64063000";"3,23528100"
"202300013054";"18";"03";"2023";"19:20";"2";"13";"13026";"1";"1";"1";"6";"A55-Sens Marseille vers Martigues";"43,40309000";"5,10987000"
"202300013055";"18";"09";"2023";"16:45";"1";"14";"14578";"1";"3";"1";"4";"31bis Route de Honfleur";"49,36367600";"0,20114500"
"202300013056";"18";"09";"2023";"05:45";"3";"90";"90033";"2";"1";"2";"7";"Boulevard de la Liberte";"47,51323000";"6,99505600"
"202300013057";"18";"03";"2023";"13:30";"1";"33";"33249";"1";"1";"1";"5";"ROCADE A 630";"44,87964000";" -0,53601000"
"202300013058";"19";"09";"2023";"12:55";"1";"09";"09189";"1";"1";"1";"6";"N20";"42,66417600";"1,83395900"
"202300013059";"18";"03";"2023";"16:10";"1";"91";"91286";"1";"1";"1";"3";"AUTOROUTE A6";"48,65400000";"2,38000000"
"202300013060";"16";"09";"2023";"14:15";"1";"45";"45296";"1";"1";"1";"2";"D955 PR 17 + 800";"47,99516300";"1,71337400"
"202300013061";"18";"03";"2023";"13:20";"1";"91";"91689";"1";"1";"1";"2";"AUTOROUTE A6B";"48,74928726";"2,32841223"
"202300013062";"16";"09";"2023";"12:00";"1";"73";"73229";"1";"3";"1";"7";"D1006 Route de chambery";"45,45564700";"5,78109800"
"202300013063";"18";"03";"2023";"10:20";"1";"91";"91319";"1";"1";"1";"7";"AUTOROUTE A10";"48,64568100";"2,16293200"
"202300013064";"19";"09";"2023";"13:30";"1";"10";"10054";"1";"1";"1";"6";"D440";"48,36491700";"3,63574500"
"202300013065";"18";"03";"2023";"09:05";"1";"91";"91037";"1";"1";"1";"7";"AUTOROUTE A6";"48,53249000";"2,50083000"
"202300013066";"18";"09";"2023";"12:20";"1";"16";"16208";"1";"2";"1";"3";"carrefour D119 - D75";"45,76119100";" -0,15215600"
"202300013067";"17";"03";"2023";"23:45";"3";"91";"91103";"1";"1";"1";"7";"RN 104";"48,62405000";"2,29921000"
"202300013068";"19";"09";"2023";"13:30";"1";"85";"85018";"1";"1";"1";"2";"RD 948";"46,91567700";" -2,05669680"
"202300013069";"18";"03";"2023";"00:01";"3";"91";"91136";"1";"1";"1";"7";"A10 EXT";"48,71363800";"2,27631800"
"202300013070";"18";"03";"2023";"16:05";"1";"92";"92025";"1";"1";"1";"3";"A86";"48,92431667";"2,23108042"
"202300013071";"18";"09";"2023";"17:29";"1";"27";"27665";"1";"3";"1";"1";"D89";"49,42364800";"0,56935800"
"202300013072";"18";"03";"2023";"09:30";"1";"92";"92072";"1";"1";"1";"6";"N118";"48,82725286";"2,22440344"
"202300013073";"19";"09";"2023";"08:10";"1";"30";"30184";"1";"1";"1";"5";"N/A";"43,98376000";"4,24651600"
"202300013074";"19";"09";"2023";"11:30";"1";"06";"06152";"1";"1";"1";"3";"Route du Parc";"43,61659300";"7,03944900"
"202300013075";"18";"03";"2023";"09:00";"5";"92";"92063";"1";"1";"1";"2";"A86";"48,88652814";"2,16549995"
"202300013076";"19";"09";"2023";"10:34";"1";"33";"33227";"1";"1";"1";"2";"A62 PK 038.345";"44,53122597";" -0,23156852"
"202300013077";"18";"02";"2023";"05:15";"3";"78";"78423";"1";"1";"1";"6";"A12 Y";"48,79637200";"2,03983200"
"202300013078";"18";"03";"2023";"22:23";"3";"78";"78238";"1";"1";"1";"2";"A13";"48,96981600";"1,86727100"
"202300013079";"19";"09";"2023";"10:10";"1";"69";"69003";"2";"1";"1";"4";"31 Avenue Henri Barbusse";"45,86067026";"4,83511144"
"202300013080";"17";"03";"2023";"20:55";"3";"78";"78238";"1";"1";"8";"4";"A13";"48,96898900";"1,86237700"
"202300013081";"3";"09";"2023";"04:50";"3";"13";"13018";"1";"1";"1";"2";"autoroute A7 pk 203.000";"43,86671300";"4,96667900"
"202300013082";"18";"09";"2023";"17:30";"1";"34";"34202";"1";"1";"1";"3";"M5e5";"43,59848900";"3,78245100"
"202300013083";"18";"03";"2023";"12:10";"1";"93";"93007";"1";"1";"1";"2";"AUTOROUTE A1";"48,94925302";"2,44676549"
"202300013084";"18";"09";"2023";"18:20";"1";"77";"77171";"2";"1";"1";"3";"Avenue Charles de Gaulle";"48,90017900";"2,81148600"
"202300013085";"18";"03";"2023";"07:45";"1";"93";"93078";"1";"1";"8";"6";"AUTOROUTE A104";"48,95805467";"2,52849698"
"202300013086";"15";"09";"2023";"07:30";"2";"66";"66230";"2";"3";"1";"6";"Rue du 19 Mars 1962";"42,64470400";"2,52904400"
"202300013087";"18";"03";"2023";"04:45";"3";"93";"93005";"1";"1";"2";"6";"A104";"48,97312000";"2,49099000"
"202300013088";"18";"03";"2023";"02:00";"3";"95";"95277";"1";"1";"8";"6";"A3";"48,97566099";"2,49022422"
"202300013089";"19";"09";"2023";"16:03";"1";"11";"11076";"2";"1";"1";"6";"13 Avenue Monseigneur de Langle";"43,31517900";"1,96053400"
"202300013090";"9";"09";"2023";"14:40";"1";"04";"04152";"1";"1";"1";"6";"Chemin des plaines";"43,80902900";"5,77020400"
"202300013091";"18";"03";"2023";"01:30";"3";"93";"93005";"1";"1";"9";"6";"AUTOROUTE A104";"48,97265000";"2,49233000"
"202300013092";"18";"03";"2023";"06:50";"2";"94";"94028";"1";"1";"2";"2";"A86";"48,79510362";"2,44232708"
"202300013093";"14";"09";"2023";"19:00";"2";"13";"13051";"1";"2";"1";"1";"Route des Baisses";"43,53195100";"5,14880100"
"202300013094";"16";"03";"2023";"14:35";"1";"45";"45004";"2";"1";"7";"6";"302 Rue Briselance";"47,97973000";"2,73444000"
"202300013095";"18";"09";"2023";"06:15";"3";"52";"52227";"1";"1";"1";"6";"D16";"48,17808933";"5,61901376"
"202300013096";"15";"03";"2023";"18:00";"2";"06";"06027";"2";"1";"1";"6";"SOUTINE RUE";"43,66600000";"7,15120000"
"202300013097";"17";"09";"2023";"13:45";"1";"38";"38298";"2";"2";"1";"3";"Rue de Bregnieux";"45,37775900";"4,80166200"
"202300013098";"17";"03";"2023";"18:30";"1";"974";"97411";"2";"1";"1";"7";"FOUCQUE (AVENUE HIPPOLYTE)";" -20,89864000";"55,48670000"
"202300013099";"19";"09";"2023";"16:30";"1";"69";"69014";"1";"4";"1";"1";"Route Départementale 4E";"45,66808473";"4,48505468"
"202300013100";"19";"09";"2023";"09:25";"1";"31";"31395";"2";"6";"7";"6";"Avenue des Pyrénées";"43,45894900";"1,32622900"
"202300013101";"17";"03";"2023";"14:55";"1";"974";"97411";"2";"1";"1";"1";"AVENIR (RUE DE L')";" -20,90248500";"55,39918000"
"202300013102";"18";"09";"2023";"11:10";"1";"79";"79081";"1";"1";"1";"2";"N/A";"46,34792000";" -0,35388000"
"202300013103";"17";"03";"2023";"11:51";"1";"972";"97213";"2";"1";"1";"3";"BASSE GONDEAU (CHEMIN RURAL N°3 DE)";"14,62161000";" -61,02018000"
"202300013104";"18";"09";"2023";"07:35";"1";"33";"33438";"2";"1";"1";"3";"Route de Gascogne";"44,56882500";" -0,24292200"
"202300013105";"17";"03";"2023";"11:05";"1";"69";"69382";"2";"4";"1";"3";"4 Quai Maréchal Joffre";"45,75349000";"4,82501000"
"202300013106";"18";"09";"2023";"21:15";"3";"44";"44052";"1";"1";"1";"7";"12 Route de Montoir-de-Bretagne";"47,32948300";" -2,08857700"
"202300013107";"16";"03";"2023";"07:35";"1";"69";"69034";"2";"9";"1";"2";"Avenue Louis Dufour";"45,80018749";"4,85134019"
"202300013108";"16";"09";"2023";"21:45";"5";"22";"22093";"2";"6";"1";"7";"Rue de Penthièvre";"48,46314000";" -2,51994100"
"202300013109";"25";"08";"2023";"17:00";"1";"59";"59053";"1";"1";"1";"7";"D649";"50,29807200";"3,81304100"
"202300013110";"16";"03";"2023";"06:50";"1";"971";"97113";"1";"1";"1";"3";"RN4 - SECTION RIVIERA";"16,21768000";" -61,49367000"
"202300013111";"17";"03";"2023";"17:35";"1";"95";"95680";"2";"1";"1";"6";"Boulevard Salvador Allende";"49,00403400";"2,39261400"
"202300013112";"15";"09";"2023";"17:50";"1";"54";"54197";"1";"1";"1";"4";"Autoroute A 33";"48,62135600";"6,18957600"
"202300013113";"17";"03";"2023";"09:00";"1";"91";"91421";"2";"1";"1";"6";"REPUBLIQUE (AVENUE DE LA)";"48,69900000";"2,46900000"
"202300013114";"18";"09";"2023";"19:39";"1";"33";"33192";"1";"1";"1";"6";"ROCADE A 630";"44,78926000";" -0,61985000"
"202300013115";"17";"03";"2023";"20:35";"5";"91";"91687";"2";"3";"3";"3";"COMMANDANT BARRE (AVENUE DU)";"48,66030000";"2,36830000"
"202300013116";"14";"09";"2023";"22:10";"3";"59";"59082";"1";"1";"1";"6";"ROUTE NATIONALE 225";"50,95953000";"2,40478000"
"202300013117";"16";"03";"2023";"16:35";"1";"91";"91433";"2";"1";"1";"6";"MALADRERIE (RUE DE LA)     CD17";"48,44925000";"2,18784000"
"202300013118";"15";"09";"2023";"18:05";"1";"59";"59124";"1";"1";"1";"7";"AUTOROUTE A27";"50,60408000";"3,27445000"
"202300013119";"17";"03";"2023";"19:00";"5";"84";"84035";"2";"2";"1";"1";"VERDUN (AVENUE DE)";"43,83277000";"5,04035000"
"202300013120";"18";"09";"2023";"08:49";"1";"91";"91345";"1";"1";"1";"3";"AUTOROUTE A6";"48,68994000";"2,32358000"
"202300013121";"16";"03";"2023";"11:10";"1";"78";"78551";"1";"2";"1";"3";"RN 184";"48,93958000";"2,09586000"
"202300013122";"18";"09";"2023";"17:10";"1";"92";"92050";"1";"1";"2";"5";"A86";"48,91244562";"2,21780957"
"202300013123";"15";"03";"2023";"06:00";"3";"77";"77373";"1";"1";"1";"3";"RN 4";"48,77310000";"2,61672000"
"202300013124";"17";"09";"2023";"18:00";"1";"92";"92036";"1";"1";"1";"2";"A86";"48,93615747";"2,28919347"
"202300013125";"17";"03";"2023";"11:55";"1";"77";"77384";"1";"1";"1";"1";"D57";"48,60471000";"2,64618000"
"202300013126";"17";"09";"2023";"00:38";"3";"92";"92048";"1";"1";"1";"3";"N118";"48,80962829";"2,21206164"
"202300013127";"16";"09";"2023";"17:00";"1";"78";"78321";"1";"1";"1";"2";"RN12 INT";"48,79855000";"1,91505800"
"202300013128";"18";"09";"2023";"18:00";"1";"93";"93063";"1";"1";"1";"4";"AUTOROUTE A3";"48,87391673";"2,43718835"
"202300013129";"17";"03";"2023";"19:00";"2";"76";"76157";"2";"3";"1";"3";"Cote de Canteleu";"49,44515000";"1,04208000"
"202300013130";"18";"09";"2023";"08:00";"1";"95";"95582";"1";"1";"1";"2";"A15";"48,96946700";"2,25020800"
"202300013131";"16";"03";"2023";"16:25";"1";"76";"76351";"2";"2";"1";"3";"GABRIEL PERI";"49,49390000";"0,11834000"
"202300013132";"18";"09";"2023";"08:30";"1";"93";"93008";"1";"1";"1";"3";"AUTOROUTE A86";"48,90844000";"2,45082000"
"202300013133";"17";"03";"2023";"07:25";"2";"72";"72181";"2";"6";"1";"1";"LOUIS BLANC (QUAI)";"48,00940000";"0,19557000"
"202300013134";"18";"09";"2023";"07:30";"1";"93";"93064";"1";"1";"1";"3";"AUTOROUTE A86";"48,88318367";"2,47202095"