"Num_Acc";"jour";"mois";"an";"hrmn";"lum";"dep";"com";"agg";"int";"atm";"col";"adr";"lat";"long"
"202300013330";"27";"01";"2023";"18:00";"3";"56";"56135";"1";"2";"1";"3";"La Mare Varion";"47,71562000";" -2,44072000"
"202300013331";"5";"02";"2023";"15:35";"1";"80";"80109";"1";"1";"1";"6";"cd 928";"50,26582200";"1,97933100"
"202300013332";"5";"02";"2023";"21:18";"5";"32";"32162";"2";"3";"1";"7";"Boulevard du midi";"43,75718000";"0,45733500"
"202300013333";"3";"02";"2023";"14:30";"1";"11";"11357";"1";"1";"1";"7";"D4";"43,27176900";"2,13595000"
"202300013334";"4";"02";"2023";"12:40";"1";"61";"61116";"1";"1";"1";"6";"D928";"48,40364000";"0,92218600"
"202300013335";"6";"02";"2023";"16:30";"1";"12";"12107";"1";"1";"1";"1";"N88";"44,35392800";"2,91699900"
"202300013336";"3";"02";"2023";"01:45";"3";"47";"47203";"1";"1";"5";"7";"D243";"44,39441840";"0,81778136"
"202300013337";"5";"02";"2023";"16:45";"1";"34";"34232";"1";"1";"1";"1";"Départementale 19, PK 3+400";"43,48504600";"3,04553000"
"202300013338";"2";"02";"2023";"08:28";"1";"39";"39269";"1";"1";"1";"7";"N/A";"46,37329600";"5,70697900"
"202300013339";"3";"02";"2023";"09:30";"1";"29";"29217";"2";"1";"1";"6";"62 Rue Emile Bernard";"47,85836200";" -3,75197200"
"202300013340";"6";"02";"2023";"10:20";"1";"29";"29235";"2";"3";"1";"3";"route de Kerscao";"48,40294600";" -4,40672500"
"202300013341";"5";"02";"2023";"21:20";"5";"26";"26165";"1";"1";"6";"1";"N7";"44,77686601";"4,84763618"
"202300013342";"5";"02";"2023";"06:40";"3";"54";"54546";"1";"1";"1";"6";"RD 952";"48,94472906";"6,04048491"
"202300013343";"5";"02";"2023";"16:45";"1";"36";"36062";"1";"1";"1";"3";"les tuleu";"46,46390363";"1,59934718"
"202300013344";"5";"02";"2023";"15:00";"1";"07";"07069";"1";"4";"1";"1";"route de la combe de beaune";"45,05465100";"4,70788600"
"202300013345";"5";"02";"2023";"06:04";"3";"17";"17327";"1";"2";"1";"7";"D115";"46,08689400";" -0,59158800"
"202300013346";"1";"02";"2023";"15:55";"1";"08";"08490";"2";"1";"1";"6";"13 Rue Chanzy";"49,39751000";"4,70179500"
"202300013347";"6";"02";"2023";"07:55";"1";"66";"66213";"2";"9";"2";"3";"38 Avenue Aristide Maillol";"42,66912100";"2,83157100"
"202300013348";"5";"02";"2023";"21:10";"3";"68";"68278";"1";"1";"2";"6";"A35 pk 103.900";"47,74880100";"7,42039800"
"202300013349";"28";"01";"2023";"07:25";"3";"45";"45154";"1";"1";"1";"5";"A10 PR 86 + 760";"48,00629000";"1,84776300"
"202300013350";"4";"02";"2023";"14:20";"1";"987";"98757";"2";"1";"1";"7";"Hakahau";" -9,36438000";" -140,04687800"
"202300013351";"5";"02";"2023";"10:30";"1";"988";"98802";"1";"1";"1";"6";"Lieu dit Haute Ouaménie - PR 88+308";" -21,85711700";"165,96294900"
"202300013352";"5";"02";"2023";"12:15";"1";"978";"97801";"2";"3";"1";"6";"R DE CONCORDIA";"18,06690700";" -63,08143600"
"202300013353";"6";"02";"2023";"08:00";"1";"29";"29233";"2";"3";"1";"3";"Rue du Couédic";"47,87788307";" -3,55273783"
"202300013354";"6";"02";"2023";"07:30";"5";"95";"95355";"2";"1";"1";"6";"Rue de Crosne";"49,15091600";"1,78768800"
"202300013355";"20";"01";"2023";"22:35";"3";"34";"34341";"1";"1";"1";"6";"D158e3";"43,48489000";"3,60980300"
"202300013356";"5";"02";"2023";"22:40";"5";"84";"84078";"2";"1";"1";"7";"RN7";"44,23405800";"4,71164900"
"202300013357";"5";"02";"2023";"16:25";"1";"67";"67520";"1";"1";"2";"7";"Rue de la Papeterie";"48,62586700";"7,42387200"
"202300013358";"5";"02";"2023";"21:40";"3";"38";"38377";"1";"4";"1";"3";"Impasse de la ferme";"45,57668500";"5,51413400"
"202300013359";"1";"02";"2023";"17:20";"1";"79";"79049";"2";"6";"1";"6";"N/A";"46,83976000";" -0,48885000"
"202300013360";"6";"02";"2023";"09:40";"1";"50";"50041";"2";"1";"1";"6";"D37";"49,59597600";" -1,77473700"
"202300013361";"4";"02";"2023";"19:00";"5";"80";"80485";"2";"1";"1";"3";"21 Rue d'Amiens";"49,77589000";"2,17599000"
"202300013362";"4";"02";"2023";"15:10";"1";"13";"13106";"1";"1";"1";"3";"A517 G- Liaison A7 vers A51";"43,40248000";"5,35641000"
"202300013363";"5";"02";"2023";"16:30";"1";"13";"13213";"1";"1";"1";"3";"A507 sens Aubagne- Marseille";"43,32286571";"5,42302103"
"202300013364";"4";"02";"2023";"22:00";"3";"01";"01275";"1";"1";"1";"7";"A42  4.020 A 4.353   GEN/LYON";"45,80777000";"4,92867000"
"202300013365";"4";"02";"2023";"11:40";"1";"69";"69273";"1";"1";"1";"4";"Boulevard Urbain Sud";"45,68097540";"4,89141479"
"202300013366";"4";"02";"2023";"13:55";"1";"67";"67482";"1";"9";"1";"4";"M35";"48,59003000";"7,73188000"
"202300013367";"17";"10";"2023";"08:45";"1";"92";"92035";"2";"1";"1";"3";"République ( boulevard de la )";"48,90665091";"2,24627137"
"202300013368";"5";"02";"2023";"17:50";"2";"94";"94034";"1";"1";"1";"2";"A86";"48,76020129";"2,32061692"
"202300013369";"5";"02";"2023";"07:50";"2";"78";"78090";"1";"1";"1";"6";"A13Y";"48,97037000";"1,90638000"
"202300013370";"17";"10";"2023";"18:40";"1";"92";"92025";"2";"1";"1";"6";"PROGRES (RUE DU)";"48,92888870";"2,26194799"
"202300013371";"4";"02";"2023";"20:10";"3";"92";"92064";"1";"1";"1";"2";"A13";"48,83822910";"2,19103797"
"202300013372";"4";"02";"2023";"18:35";"5";"92";"92025";"1";"1";"1";"2";"A86";"48,93240740";"2,24852678"
"202300013373";"19";"10";"2023";"20:20";"5";"92";"92060";"2";"2";"2";"7";"FOSSE BAZIN (RUE DE LA)";"48,78577808";"2,27480534"
"202300013374";"5";"02";"2023";"12:00";"1";"92";"92078";"1";"1";"1";"7";"AUTOROUTE A86";"48,92763153";"2,33315814"
"202300013375";"19";"10";"2023";"13:45";"1";"92";"92004";"2";"1";"1";"3";"ARGENTEUIL AV D'";"48,91955894";"2,28017978"
"202300013376";"4";"02";"2023";"13:00";"1";"93";"93005";"1";"1";"8";"2";"AUTOROUTE A3";"48,94145700";"2,47843623"
"202300013377";"4";"02";"2023";"18:15";"1";"75";"75120";"2";"1";"8";"2";"PORTE DE MONTREUIL";"48,85437700";"2,41407900"
"202300013378";"20";"10";"2023";"09:05";"1";"81";"81131";"1";"2";"8";"3";"Chemin de la Bouissounade";"43,89555400";"1,96881700"
"202300013379";"4";"02";"2023";"16:20";"1";"75";"75113";"2";"1";"8";"2";"PORTE DE GENTILLY";"48,81641000";"2,34591700"
"202300013380";"19";"10";"2023";"20:45";"3";"51";"51270";"1";"1";"2";"5";"D396";"48,61332400";"4,56377900"
"202300013381";"4";"02";"2023";"00:40";"5";"75";"75119";"2";"7";"1";"3";"PLACE RHIN ET DANUBE";"48,88199900";"2,39329300"
"202300013382";"4";"02";"2023";"18:15";"5";"75";"75117";"2";"3";"1";"3";"BOULEVARD DES BATIGNOLLES";"48,88235500";"2,32098100"
"202300013383";"20";"10";"2023";"08:15";"2";"91";"91340";"2";"1";"2";"2";"Rue du Bois Chaland";"48,60558900";"2,43074700"
"202300013384";"4";"02";"2023";"10:45";"1";"75";"75117";"2";"2";"2";"7";"AVENUE DE WAGRAM";"48,87512400";"2,29598400"
"202300013385";"20";"10";"2023";"08:45";"1";"43";"43185";"1";"1";"2";"1";"La Fumade";"45,41566900";"3,29603800"
"202300013386";"4";"02";"2023";"19:10";"5";"75";"75104";"2";"2";"1";"3";"RUE MORNAY";"48,84950700";"2,36564700"
"202300013387";"4";"02";"2023";"08:16";"1";"94";"94078";"2";"3";"1";"1";"Av de l’Appel du 18 Juin 1940 / Rue Louis Armand";"48,76046100";"2,44301900"
"202300013388";"20";"10";"2023";"08:25";"1";"57";"57629";"1";"1";"2";"1";"route départementale 43";"48,76732100";"7,06703100"
"202300013389";"4";"02";"2023";"17:55";"3";"94";"94079";"2";"1";"2";"2";"Avenue Auguste Rodin";"48,83466000";"2,54944000"
"202300013390";"20";"10";"2023";"00:05";"3";"71";"71543";"1";"1";"3";"2";"A6 Pk 356+800 Sens PARIS-LYON";"46,56462000";"4,89587100"
"202300013391";"4";"02";"2023";"09:35";"1";"93";"93070";"2";"3";"2";"3";"Boulevard Jean Jaurès / Rue du Docteur Bauer";"48,91256404";"2,33464032"
"202300013392";"4";"02";"2023";"14:30";"1";"93";"93048";"2";"2";"2";"3";"Avenue Ferdinand Buisson / Rue des Rigondes";"48,87358000";"2,43369000"
"202300013393";"18";"10";"2023";"21:00";"5";"85";"85233";"2";"1";"1";"3";"91 Avenue des érables";"46,52574100";" -1,06850600"
"202300013394";"4";"02";"2023";"09:55";"1";"93";"93029";"2";"3";"2";"6";"Rue Anatole France / Rue Sedaine";"48,92842000";"2,45223000"
"202300013395";"4";"02";"2023";"11:15";"1";"92";"92064";"2";"1";"2";"6";"REPUBLIQUE";"48,84435940";"2,20842227"
"202300013396";"20";"10";"2023";"07:00";"2";"83";"83130";"2";"9";"2";"1";"Route départementale 554";"43,19628900";"6,03977400"
"202300013397";"4";"02";"2023";"13:30";"1";"92";"92062";"2";"9";"2";"6";"REPUBLIQUE (RUE DE LA) DU 102 AU 200";"48,88474000";"2,23964000"
"202300013398";"4";"02";"2023";"19:45";"5";"92";"92012";"2";"1";"1";"6";"RHIN ET DANUBE (ROND POINT)";"48,84048654";"2,22860831"
"202300013399";"3";"02";"2023";"14:30";"1";"31";"31282";"2";"1";"1";"1";"74 Route de Bessières";"43,67707300";"1,44710300"
"202300013400";"17";"01";"2023";"17:15";"5";"62";"62851";"2";"1";"1";"6";"D182";"50,59100400";"2,70276000"
"202300013401";"20";"10";"2023";"13:00";"1";"83";"83140";"1";"3";"1";"6";"D1";"43,40728500";"5,89941100"
"202300013402";"3";"02";"2023";"22:15";"5";"971";"97132";"1";"1";"2";"5";"route nationale 1";"15,98676500";" -61,61749700"
"202300013403";"19";"10";"2023";"17:05";"1";"31";"31157";"2";"1";"1";"6";"32 Rue Alfred Sauvy";"43,53456100";"1,35552900"
"202300013404";"4";"02";"2023";"12:30";"1";"42";"42032";"2";"1";"1";"2";"166 Rue du Grand Chemin";"45,52135500";"4,54011000"
"202300013405";"19";"10";"2023";"17:55";"1";"59";"59631";"1";"1";"1";"7";"D960";"50,07041500";"3,33455700"
"202300013406";"4";"02";"2023";"14:25";"1";"95";"95527";"2";"1";"1";"3";"RD 317";"49,02477584";"2,49922924"
"202300013407";"5";"02";"2023";"10:45";"1";"56";"56231";"1";"1";"1";"6";"N/A";"47,67218000";" -2,70492000"
"202300013408";"20";"10";"2023";"07:15";"3";"82";"82134";"2";"1";"1";"1";"D115";"44,07182400";"1,52104900"
"202300013409";"4";"02";"2023";"15:00";"1";"56";"56008";"2";"1";"1";"6";"17bis Rue du Gréo";"47,61886800";" -2,91581000"
"202300013410";"5";"02";"2023";"16:30";"1";"82";"82192";"1";"4";"1";"6";"Route départementale 87 / chemin de la rivière";"43,92499100";"1,52596200"
"202300013411";"12";"10";"2023";"20:10";"3";"33";"33026";"1";"1";"1";"1";"Route du Moulias";"44,49082700";" -0,45174800"
"202300013412";"5";"02";"2023";"14:15";"1";"32";"32464";"1";"1";"1";"6";"nationale 21 PK 95+500";"43,41563200";"0,22408200"
"202300013413";"4";"02";"2023";"14:55";"1";"63";"63418";"1";"1";"1";"6";"lieu dit goutte mercier";"45,77851162";"3,47935081"
"202300013414";"4";"02";"2023";"18:45";"5";"42";"42302";"2";"1";"1";"6";"Avenue Antony Barrallon";"45,48480100";"4,44933400"
"202300013415";"4";"02";"2023";"10:25";"1";"47";"47100";"1";"3";"1";"3";"D13";"44,25946200";"0,64051200"
"202300013416";"19";"10";"2023";"07:45";"4";"71";"71263";"2";"3";"2";"6";"3 Rue d'Alsace";"46,62996700";"5,22616600"
"202300013417";"4";"02";"2023";"19:45";"3";"35";"35095";"1";"1";"1";"6";"N/A";"48,55346100";" -1,75841300"
"202300013418";"5";"02";"2023";"14:25";"1";"13";"13010";"1";"1";"6";"1";"route de la gare";"43,89695700";"4,77865600"
"202300013419";"4";"02";"2023";"20:00";"3";"26";"26229";"1";"1";"1";"6";"D5, PK 5 + 200";"44,24582900";"5,22957800"
"202300013420";"4";"02";"2023";"08:30";"1";"14";"14326";"1";"1";"1";"1";"4495 Route de Cormeilles";"49,17334300";"0,30107300"
"202300013421";"6";"10";"2023";"14:56";"1";"63";"63003";"1";"9";"1";"3";"d906";"45,54959100";"3,74548600"
"202300013422";"4";"02";"2023";"08:10";"2";"64";"64411";"1";"1";"1";"1";"Route Départementale 918 Point Repère 074+000";"43,20125800";" -1,01339200"
"202300013423";"5";"02";"2023";"16:00";"1";"18";"18176";"1";"1";"1";"7";"";"47,27590700";"2,54572400"
"202300013424";"4";"02";"2023";"06:00";"3";"40";"40117";"1";"9";"5";"6";"D824";"43,79230200";" -0,44531100"
"202300013425";"3";"02";"2023";"18:10";"1";"17";"17365";"1";"1";"1";"1";"D910bis";"45,23386300";" -0,19510500"
"202300013426";"19";"10";"2023";"08:40";"1";"35";"35207";"1";"2";"1";"3";"Les Patissiaux";"48,07943900";" -1,47871500"
"202300013427";"4";"02";"2023";"09:40";"1";"87";"87051";"1";"1";"8";"6";"Puy Guillaume";"45,64630600";"1,57392000"
"202300013428";"4";"02";"2023";"00:50";"3";"30";"30008";"1";"1";"1";"6";"D16";"44,19688900";"4,22799200"
"202300013429";"18";"10";"2023";"08:30";"2";"35";"35207";"1";"1";"2";"7";"Les Hautes Babinais";"48,08901100";" -1,51478500"
"202300013430";"4";"02";"2023";"23:45";"3";"08";"08363";"1";"1";"2";"6";"";"49,94509256";"4,64122260"
"202300013431";"4";"02";"2023";"11:15";"1";"987";"98734";"1";"1";"1";"6";"PK 39+500 coté Mer";" -17,77482300";" -149,47285700"
"202300013432";"15";"01";"2023";"22:00";"5";"971";"97103";"1";"1";"1";"1";"Rue Thomas Edison";"16,25335500";" -61,56684600"
"202300013433";"4";"02";"2023";"16:21";"1";"13";"13018";"1";"1";"1";"1";"Autoroute A7, PK 201+500, sens MARSEILLE-LYON";"43,87668800";"4,94115500"
"202300013434";"18";"10";"2023";"16:50";"1";"35";"35010";"1";"3";"9";"2";"pont galou";"48,54479600";" -1,70994600"
"202300013435";"4";"02";"2023";"13:55";"1";"988";"98831";"1";"9";"1";"1";"RT1";" -20,84337100";"164,56979100"
"202300013436";"4";"02";"2023";"17:55";"1";"988";"98825";"1";"1";"2";"7";"RT1";" -21,28533600";"165,00510000"
"202300013437";"20";"10";"2023";"11:25";"1";"31";"31202";"1";"1";"2";"1";"1875 Route de Grisolles";"43,84185200";"1,36256100"
"202300013438";"4";"02";"2023";"19:38";"3";"95";"95658";"1";"1";"8";"6";"RD 14";"49,07726512";"1,94468614"
"202300013439";"4";"02";"2023";"18:30";"3";"95";"95177";"1";"1";"8";"5";"RD 915";"49,12090436";"2,02695558"
"202300013440";"5";"02";"2023";"02:10";"3";"2B";"2B193";"1";"1";"9";"7";"caporalino";"42,36910700";"9,18274100"
"202300013441";"4";"02";"2023";"14:00";"1";"11";"11429";"1";"1";"1";"6";"RD 620 La Mijeanne";"43,24585500";"2,39140900"
"202300013442";"19";"10";"2023";"21:00";"3";"38";"38184";"1";"3";"1";"3";"route departementale 1006";"45,66589700";"5,09162100"
"202300013443";"4";"02";"2023";"22:30";"3";"68";"68147";"1";"1";"1";"2";"D1b";"48,17541600";"7,32316000"
"202300013444";"19";"10";"2023";"17:40";"1";"03";"03254";"1";"1";"8";"6";"D35";"46,28110400";"3,26848100"
"202300013445";"31";"01";"2023";"20:15";"3";"67";"67192";"1";"1";"1";"1";"D 82";"48,34585300";"7,61665000"
"202300013446";"20";"10";"2023";"15:20";"1";"66";"66049";"2";"1";"1";"1";"N/A";"42,50147500";"2,76130600"
"202300013447";"4";"02";"2023";"16:45";"1";"73";"73213";"1";"1";"1";"3";"D1006";"45,57177000";"5,95826100"
"202300013448";"4";"02";"2023";"19:30";"3";"42";"42168";"1";"1";"1";"6";"Vaubertrand";"45,42764600";"4,66171700"
"202300013449";"4";"02";"2023";"21:25";"3";"01";"01027";"1";"1";"1";"2";"RD1084 PK15";"45,85006400";"5,09671700"
"202300013450";"5";"02";"2023";"13:50";"1";"69";"69243";"2";"1";"1";"6";"5 avenue Jean jaurès";"45,89327500";"4,43783300"
"202300013451";"5";"02";"2023";"01:20";"3";"69";"69159";"1";"1";"1";"7";"Route de la Maladiere";"45,97416500";"4,62433200"
"202300013452";"19";"10";"2023";"15:25";"1";"14";"14761";"2";"3";"3";"1";"12 Route de Saint Pierre sur Dives";"49,11962700";" -0,19559700"
"202300013453";"5";"02";"2023";"13:05";"1";"33";"33073";"1";"3";"1";"5";"RD 136E3";"45,24544200";" -0,64253900"
"202300013454";"20";"10";"2023";"09:17";"1";"36";"36052";"1";"2";"8";"3";"N/A";"46,95397287";"2,06190392"
"202300013455";"5";"02";"2023";"17:30";"1";"50";"50564";"1";"1";"1";"6";"D297";"49,23094500";" -1,30491100"
"202300013456";"5";"02";"2023";"06:15";"3";"50";"50298";"1";"1";"2";"6";"D903";"49,28715100";" -1,29809300"
"202300013457";"5";"02";"2023";"17:20";"1";"22";"22136";"1";"1";"1";"1";"La Besliere";"48,18082400";" -2,72321500"
"202300013458";"20";"10";"2023";"17:50";"1";"17";"17292";"1";"2";"3";"2";"D739";"45,96329200";" -0,74995600"
"202300013459";"5";"02";"2023";"09:30";"1";"60";"60342";"1";"1";"2";"2";"D1016";"49,29652761";"2,45237620"
"202300013460";"19";"10";"2023";"08:10";"1";"17";"17466";"1";"1";"1";"7";"N11";"46,21474100";" -0,99119400"
"202300013461";"4";"02";"2023";"17:10";"1";"59";"59084";"1";"2";"1";"1";"2515 Rue du Mont du Pil";"50,68745900";"2,36912000"
"202300013462";"18";"10";"2023";"12:30";"1";"37";"37050";"2";"1";"3";"6";"14 Rue Charles Coulomb";"47,33606500";"0,70091700"
"202300013463";"3";"02";"2023";"12:30";"1";"13";"13211";"1";"1";"1";"4";"A50-Sens Marseille vers Aubagne";"43,29468737";"5,46455936"
"202300013464";"31";"01";"2023";"15:20";"1";"69";"69271";"1";"1";"1";"4";"Rocade Est";"45,75274124";"4,98558693"
"202300013465";"4";"02";"2023";"18:00";"3";"91";"91589";"1";"1";"1";"2";"AUTOROUTE A6";"48,67261000";"2,34418000"
"202300013466";"20";"10";"2023";"22:45";"3";"988";"98805";"2";"1";"1";"6";"VE2";" -22,19523300";"166,44634700"
"202300013467";"4";"02";"2023";"18:15";"3";"91";"91434";"1";"1";"1";"3";"AUTOROUTE A6";"48,66980000";"2,34955000"
"202300013468";"4";"02";"2023";"10:00";"1";"94";"94037";"1";"1";"2";"4";"A6A";"48,81567897";"2,33682579"
"202300013469";"20";"10";"2023";"14:15";"1";"31";"31571";"1";"2";"8";"1";"D20";"43,59726600";"1,77029000"
"202300013470";"4";"02";"2023";"00:33";"3";"78";"78646";"1";"1";"1";"6";"RN12";"48,79240800";"2,07335400"
"202300013471";"10";"10";"2023";"22:20";"3";"84";"84081";"1";"1";"1";"6";"Autoroute A7";"43,92565500";"4,91331300"
"202300013472";"3";"02";"2023";"21:50";"5";"92";"92062";"1";"1";"1";"4";"RN1014 W";"48,88818802";"2,24926628"
"202300013473";"4";"02";"2023";"15:00";"1";"93";"93066";"1";"1";"2";"5";"AUTOROUTE A1";"48,92207000";"2,35707000"
"202300013474";"20";"10";"2023";"04:00";"4";"62";"62426";"1";"1";"2";"4";"A1";"50,23576564";"2,85470444"
"202300013475";"4";"02";"2023";"14:50";"1";"95";"95127";"1";"1";"1";"4";"A15";"49,04122122";"2,08079948"
"202300013476";"4";"02";"2023";"14:00";"1";"93";"93027";"1";"1";"2";"6";"BDL";"48,92684000";"2,40341000"
"202300013477";"20";"10";"2023";"18:10";"3";"988";"98803";"1";"1";"1";"1";"RT3";" -21,46117700";"165,48809100"
"202300013478";"4";"02";"2023";"04:40";"3";"95";"95018";"1";"1";"1";"2";"A15";"48,95967623";"2,27188361"
"202300013479";"19";"10";"2023";"15:30";"1";"973";"97311";"2";"1";"1";"1";"2200 Avenue Gaston Monnerville";"5,49308700";" -54,00950800"
"202300013480";"3";"02";"2023";"19:50";"3";"95";"95277";"1";"1";"1";"4";"A3";"48,97369139";"2,48648286"
"202300013481";"3";"02";"2023";"23:20";"5";"06";"06030";"2";"1";"1";"6";"SADI CARNOT (BOULEVARD)";"43,57283000";"7,01639000"
"202300013482";"20";"10";"2023";"08:48";"1";"971";"97106";"2";"1";"1";"3";"N2";"16,16105000";" -61,77429400"
"202300013483";"2";"02";"2023";"13:24";"1";"51";"51108";"2";"1";"8";"6";"Rue Emile Schmit";"48,96771902";"4,35806125"
"202300013484";"3";"02";"2023";"09:20";"1";"988";"98818";"2";"6";"1";"2";"ROND POINT PAPEETE";" -22,24653000";"166,44790000"
"202300013485";"19";"10";"2023";"10:30";"1";"972";"97228";"1";"1";"1";"1";"N1";"14,80493400";" -61,00956400"
"202300013486";"3";"02";"2023";"11:30";"1";"974";"97411";"2";"6";"1";"3";"DORET 1 (BOULEVARD)";" -20,89016000";"55,46145000"
"202300013487";"2";"02";"2023";"07:20";"1";"974";"97411";"2";"9";"1";"3";"PARIS (RUE DE)";" -20,88551000";"55,45099000"
"202300013488";"19";"10";"2023";"14:27";"1";"91";"91111";"2";"2";"1";"3";"D97";"48,62108000";"2,11699200"
"202300013489";"2";"02";"2023";"17:25";"1";"974";"97407";"1";"9";"2";"2";"ROUTE DU SACRE COEUR";" -20,95301000";"55,30693000"
"202300013490";"23";"09";"2023";"10:45";"1";"66";"66180";"2";"1";"1";"6";"N/A";"42,77360000";"3,01273200"
"202300013491";"3";"02";"2023";"18:20";"2";"973";"97302";"2";"9";"2";"3";"FELIX EBOUE(ROCADE)";"4,93041000";" -52,31408000"
"202300013492";"3";"02";"2023";"09:45";"1";"973";"97302";"2";"1";"1";"6";"HEDER (place)";"4,94144761";" -52,33238161"
"202300013493";"19";"10";"2023";"19:40";"3";"13";"13081";"1";"1";"2";"5";"D21";"43,49340200";"5,21435400"
"202300013494";"3";"02";"2023";"17:15";"1";"69";"69386";"2";"2";"1";"4";"Avenue Maréchal Foch";"45,77247000";"4,84311000"
"202300013495";"3";"02";"2023";"10:15";"1";"69";"69387";"2";"1";"1";"3";"64 Rue de Marseille";"45,75022000";"4,83911000"
"202300013496";"3";"02";"2023";"20:30";"5";"69";"69034";"2";"1";"1";"6";"Chemin  Petit";"45,80413000";"4,86027000"
"202300013497";"17";"10";"2023";"08:22";"1";"13";"13041";"1";"1";"1";"4";"D6";"43,45771200";"5,46355600"
"202300013498";"3";"02";"2023";"05:45";"5";"69";"69202";"2";"1";"1";"6";"33 Boulevard de l'Europe";"45,74744000";"4,79659000"
"202300013499";"3";"02";"2023";"10:20";"1";"971";"97120";"2";"1";"1";"6";"MORTENOL";"16,24095000";" -61,53018000"
"202300013500";"20";"10";"2023";"17:25";"1";"25";"25032";"2";"1";"8";"4";"Route de Rougemont";"47,37781100";"6,37793900"
"202300013501";"3";"02";"2023";"19:15";"5";"95";"95585";"2";"3";"1";"6";"Boulevard du Docteur Galvani";"48,99616119";"2,37127125"
"202300013502";"18";"10";"2023";"13:00";"1";"68";"68265";"2";"4";"2";"7";"Rue de Mulhouse";"47,65024200";"7,37795000"
"202300013503";"3";"02";"2023";"09:00";"1";"91";"91645";"2";"9";"8";"3";"PARON (RUE DE)";"48,74614000";"2,26683000"
"202300013504";"3";"02";"2023";"00:05";"5";"91";"91174";"2";"1";"1";"3";"RUE DE PARIS";"48,60440000";"2,46828000"
"202300013505";"18";"10";"2023";"09:30";"1";"67";"67300";"2";"3";"1";"2";"2 Route Industrielle de la Hardt";"48,53730900";"7,50133400"
"202300013506";"2";"02";"2023";"07:52";"1";"87";"87065";"2";"3";"1";"2";"AUTOROUTE A20";"45,80815000";"1,29909000"
"202300013507";"1";"02";"2023";"11:21";"1";"87";"87085";"2";"3";"2";"3";"SAINT MARTIAL (QUAI)";"45,82188000";"1,26410000"
"202300013508";"19";"10";"2023";"10:15";"1";"57";"57645";"1";"7";"1";"6";"Voie Romaine";"49,19835654";"6,14952207"
"202300013509";"2";"02";"2023";"13:30";"1";"84";"84007";"2";"1";"1";"1";"COLCHESTER (Avenue de)";"43,94183000";"4,82742000"
"202300013510";"20";"10";"2023";"14:20";"1";"57";"57155";"1";"1";"8";"1";"D603";"49,11193800";"6,37359900"
"202300013511";"20";"10";"2023";"07:30";"5";"57";"57620";"2";"1";"3";"6";"Rue de Briey";"49,19522900";"5,99824500"
"202300013512";"3";"02";"2023";"19:23";"5";"83";"83126";"2";"1";"1";"1";"RABIN(ROND POINT YITZHAK";"43,11161000";"5,86320000"
"202300013513";"3";"02";"2023";"21:30";"5";"83";"83061";"2";"1";"1";"6";"AVENUE MARÉCHAL DE LATTRE DE TASSIGNY";"43,43179900";"6,75145200"
"202300013514";"22";"01";"2023";"02:40";"5";"80";"80001";"2";"1";"9";"6";"PORT (du)";"50,11275200";"1,82415100"
"202300013515";"20";"10";"2023";"16:40";"1";"26";"26235";"1";"2";"3";"3";"Chemin de Sérignan";"44,36159500";"4,67980600"
"202300013516";"3";"02";"2023";"14:15";"1";"78";"78440";"2";"6";"1";"3";"GYMNASE PIERRE DE COUBERTIN";"48,99686900";"1,91319100"
"202300013517";"3";"02";"2023";"17:40";"5";"77";"77139";"2";"1";"1";"3";"RUE AIME FLUTTAZ";"48,91247000";"2,59513000"
"202300013518";"19";"10";"2023";"08:30";"1";"69";"69175";"1";"3";"2";"3";"Route Départementale 389";"45,79814594";"4,58848475"
"202300013519";"3";"02";"2023";"07:50";"2";"77";"77350";"1";"3";"1";"3";"D471 / D350";"48,75637611";"2,70515746"
"202300013520";"3";"02";"2023";"05:40";"2";"77";"77210";"1";"1";"1";"1";"D605";"48,42511300";"2,90806400"
"202300013521";"4";"02";"2023";"00:30";"3";"77";"77209";"2";"1";"1";"7";"D35A";"48,86079000";"2,69399000"
"202300013522";"19";"10";"2023";"10:02";"1";"81";"81039";"2";"3";"1";"6";"Place de la Mairie";"43,75142800";"1,90798900"
"202300013523";"3";"02";"2023";"06:25";"3";"73";"73065";"1";"1";"1";"6";"D211 rue de Montagny";"45,59903000";"5,92487000"
"202300013524";"3";"02";"2023";"13:25";"1";"72";"72181";"2";"1";"1";"6";"OYON ALEXANDRE (BD)";"47,99419000";"0,19238000"
"202300013525";"3";"02";"2023";"20:20";"5";"69";"69029";"2";"3";"1";"1";"36 Avenue Franklin Roosevelt";"45,73752227";"4,89632204"
"202300013526";"20";"10";"2023";"15:21";"1";"81";"81031";"1";"1";"2";"5";"D622";"43,62879710";"2,41719760"
"202300013527";"3";"02";"2023";"12:45";"1";"69";"69259";"2";"3";"1";"2";"11 Avenue Marcel Paul";"45,70063000";"4,88132000"
"202300013528";"19";"10";"2023";"20:00";"3";"19";"19098";"1";"1";"3";"1";"D1120";"45,17611058";"1,85624602"
"202300013529";"2";"02";"2023";"11:10";"1";"66";"66136";"2";"1";"1";"6";"";"42,69785916";"2,93596208"
"202300013530";"19";"10";"2023";"21:00";"5";"19";"19101";"1";"1";"2";"7";"Avenue du Mas";"45,24967900";"1,78435600"
"202300013531";"2";"02";"2023";"08:50";"1";"66";"66141";"1";"6";"1";"3";"";"42,72933100";"2,91641000"