"Num_Acc";"jour";"mois";"an";"hrmn";"lum";"dep";"com";"agg";"int";"atm";"col";"adr";"lat";"long"
"202300013729";"18";"10";"2023";"14:47";"1";"22";"22152";"1";"1";"2";"3";"D786";"48,77018200";" -3,26861600"
"202300013730";"29";"04";"2023";"15:40";"1";"01";"01043";"2";"1";"1";"7";"277 Chemin de Grange Debout";"45,83256700";"5,00349500"
"202300013731";"18";"10";"2023";"16:15";"1";"25";"25127";"1";"1";"1";"6";"D464";"47,20236000";"6,82214000"
"202300013732";"29";"04";"2023";"12:35";"1";"01";"01187";"1";"3";"2";"1";"d55";"46,10866700";"5,69514000"
"202300013733";"28";"04";"2023";"15:30";"1";"69";"69206";"2";"1";"1";"3";"110 Rue de l’Industrie";"46,05353900";"4,72068800"
"202300013734";"16";"10";"2023";"07:45";"2";"38";"38094";"1";"1";"1";"1";"D502";"45,48537800";"5,20604100"
"202300013735";"28";"04";"2023";"18:55";"1";"31";"31451";"2";"1";"1";"6";"38 Avenue de Castelnaudary";"43,45528300";"1,99725900"
"202300013736";"19";"10";"2023";"09:26";"1";"26";"26238";"1";"1";"8";"6";"226 Route de Gap";"44,38929600";"5,20081900"
"202300013737";"28";"04";"2023";"19:42";"1";"33";"33393";"2";"4";"1";"6";"206 avenue de Paris";"44,97352000";" -0,21558000"
"202300013738";"28";"04";"2023";"17:00";"1";"14";"14488";"2";"3";"1";"2";"38 Rue de l'Yser";"49,27467900";" -0,25319000"
"202300013739";"29";"04";"2023";"06:00";"2";"35";"35287";"2";"9";"8";"6";"Pointe du Decolle";"48,64196200";" -2,11426200"
"202300013740";"28";"04";"2023";"22:45";"3";"27";"27188";"1";"9";"1";"6";"D321";"49,29906000";"1,07864000"
"202300013741";"27";"04";"2023";"13:35";"1";"83";"83126";"1";"1";"1";"3";"A50";"43,11976000";"5,86434900"
"202300013742";"27";"04";"2023";"07:15";"1";"33";"33318";"1";"1";"1";"6";"ROCADE A 630";"44,78820000";" -0,63334000"
"202300013743";"27";"04";"2023";"19:29";"1";"94";"94034";"1";"1";"1";"3";"A6B";"48,75247446";"2,33047185"
"202300013744";"27";"04";"2023";"20:30";"2";"91";"91521";"1";"1";"2";"2";"RN 104";"48,63465300";"2,40079300"
"202300013745";"27";"04";"2023";"17:30";"1";"91";"91553";"1";"1";"2";"3";"RN 104";"48,62849000";"2,48060000"
"202300013746";"27";"04";"2023";"14:17";"1";"91";"91692";"1";"1";"1";"2";"RN 118";"48,68628000";"2,18985000"
"202300013747";"27";"04";"2023";"20:20";"1";"78";"78640";"1";"1";"2";"2";"N118";"48,77287500";"2,22537800"
"202300013748";"27";"04";"2023";"20:25";"2";"78";"78007";"1";"1";"2";"7";"A13";"48,90101000";"2,00507100"
"202300013749";"27";"04";"2023";"22:15";"3";"93";"93064";"1";"1";"2";"2";"AUTOROUTE A3";"48,88398000";"2,46943000"
"202300013750";"27";"04";"2023";"19:00";"1";"95";"95042";"1";"1";"2";"7";"N104";"49,06299000";"2,32580000"
"202300013751";"27";"04";"2023";"13:35";"1";"93";"93010";"1";"1";"1";"7";"AUTOROUTE A3";"48,88897465";"2,47422427"
"202300013752";"26";"04";"2023";"22:00";"3";"93";"93007";"1";"1";"2";"3";"AUTOROUTE A1";"48,94925302";"2,44676549"
"202300013753";"26";"04";"2023";"17:40";"1";"93";"93053";"1";"1";"1";"3";"AUTOROUTE A86";"48,90443000";"2,46555000"
"202300013754";"27";"04";"2023";"16:15";"1";"77";"77018";"1";"1";"1";"5";"A4";"48,83567200";"2,80830200"
"202300013755";"27";"04";"2023";"13:50";"1";"94";"94073";"1";"1";"1";"3";"A86";"48,75710948";"2,38389571"
"202300013756";"27";"04";"2023";"10:00";"1";"75";"75112";"1";"1";"1";"2";"A86 EXT";"48,81771331";"2,45475769"
"202300013757";"27";"04";"2023";"22:00";"3";"47";"47146";"2";"2";"1";"2";"D242";"44,43092800";"0,65429300"
"202300013758";"27";"04";"2023";"18:12";"1";"86";"86092";"2";"1";"1";"6";"les varennes du moulin à vent";"46,92467800";"0,60073600"
"202300013759";"27";"04";"2023";"14:00";"1";"13";"13078";"1";"4";"1";"3";"Route de Carteau";"43,37866300";"4,84091400"
"202300013760";"28";"04";"2023";"14:30";"1";"67";"67430";"1";"4";"2";"1";"CARREFOUR D203-D253";"48,34461300";"7,38277000"
"202300013761";"28";"04";"2023";"08:30";"1";"972";"97207";"2";"1";"1";"5";"Quartier Syndic";"14,58244800";" -60,95719000"
"202300013762";"27";"04";"2023";"22:30";"4";"63";"63225";"2";"1";"1";"6";"37 Rue des Noisetiers";"45,61438500";"2,54607600"
"202300013763";"26";"04";"2023";"19:10";"1";"29";"29068";"1";"1";"1";"6";"N12";"48,52413600";" -3,99010900"
"202300013764";"26";"04";"2023";"18:45";"1";"30";"30273";"1";"4";"1";"3";"N/A";"44,28590000";"4,58123400"
"202300013765";"28";"04";"2023";"14:50";"1";"79";"79166";"1";"1";"1";"7";"N/A";"46,20286900";" -0,43758600"
"202300013766";"26";"04";"2023";"22:45";"3";"31";"31056";"2";"1";"1";"6";"M924";"43,67049500";"1,35940800"
"202300013767";"27";"04";"2023";"22:45";"5";"69";"69168";"2";"3";"1";"1";"596 Quai Pierre Dupont";"45,84481000";"4,83519700"
"202300013768";"27";"04";"2023";"15:40";"1";"32";"32125";"1";"1";"1";"6";"RN 124";"43,79133400";"0,10256200"
"202300013769";"27";"04";"2023";"12:00";"1";"32";"32160";"2";"4";"1";"3";"Avenue Charles de Gaulle";"43,61334700";"1,08593500"
"202300013770";"28";"04";"2023";"18:35";"1";"12";"12244";"2";"1";"1";"6";"Avenue du Pont du Tarn";"44,05373300";"2,90022400"
"202300013771";"27";"04";"2023";"15:24";"1";"22";"22220";"1";"1";"1";"7";"Laizot Uhellan";"48,25547700";" -3,26669500"
"202300013772";"27";"04";"2023";"10:30";"1";"31";"31584";"1";"1";"1";"6";"D32";"43,87981500";"1,48422700"
"202300013773";"27";"04";"2023";"18:15";"1";"84";"84030";"2";"1";"1";"5";"Route de Modène";"44,10842700";"5,11408700"
"202300013774";"26";"04";"2023";"09:30";"1";"15";"15138";"1";"1";"8";"3";"RD 3";"45,13358000";"2,83285300"
"202300013775";"28";"04";"2023";"11:55";"1";"58";"58283";"1";"1";"1";"7";"D180";"47,30943400";"3,50343700"
"202300013776";"27";"04";"2023";"19:05";"1";"66";"66096";"1";"1";"7";"7";"N/A";"42,77166300";"2,66875200"
"202300013777";"22";"04";"2023";"22:00";"3";"72";"72300";"2";"9";"1";"3";"Impasse de Paris";"48,02957100";"0,37150100"
"202300013778";"28";"04";"2023";"13:35";"1";"06";"06067";"1";"1";"1";"3";"1225 Route de Menton";"43,78569400";"7,45119000"
"202300013779";"28";"04";"2023";"10:30";"1";"05";"05045";"1";"1";"1";"5";"Route de Gap";"44,53256600";"6,45318000"
"202300013780";"28";"04";"2023";"17:40";"1";"09";"09323";"1";"9";"1";"1";"chemin des oiseaux";"43,09888000";"1,75933100"
"202300013781";"28";"04";"2023";"12:15";"1";"60";"60651";"2";"1";"1";"7";"Rue de la Fosse";"49,25662950";"2,26006740"
"202300013782";"28";"04";"2023";"15:50";"1";"64";"64495";"1";"1";"1";"3";"D255";"43,38063000";" -1,53950200"
"202300013783";"28";"04";"2023";"07:30";"2";"40";"40197";"2";"2";"1";"3";"5 Rue Victor Duruy";"44,03478100";" -0,91427900"
"202300013784";"7";"04";"2023";"14:00";"1";"27";"27398";"1";"1";"1";"6";"D133";"49,09833200";"0,63355900"
"202300013785";"15";"03";"2023";"18:00";"2";"978";"97801";"2";"1";"1";"2";"RN7 - la savane";"18,08615900";" -63,06618000"
"202300013786";"28";"04";"2023";"16:15";"1";"13";"13037";"1";"1";"1";"7";"Route Departementale 19";"43,56630398";"5,22430614"
"202300013787";"28";"04";"2023";"06:00";"2";"13";"13086";"1";"1";"1";"6";"autoroute A52 pk 18 sens nord";"43,34620000";"5,61500100"
"202300013788";"28";"04";"2023";"13:30";"1";"21";"21684";"1";"1";"1";"2";"autoroute A31 PK 002+000";"47,03508600";"4,88062300"
"202300013789";"27";"04";"2023";"14:15";"1";"988";"98821";"1";"4";"1";"1";"VE2";" -22,12901800";"166,33584000"
"202300013790";"28";"04";"2023";"16:45";"1";"95";"95409";"1";"1";"1";"3";"D301";"49,04892000";"2,33137100"
"202300013791";"22";"04";"2023";"03:00";"3";"34";"34017";"1";"3";"1";"7";"D613";"43,47696900";"3,45653100"
"202300013792";"28";"04";"2023";"04:30";"3";"83";"83104";"1";"3";"1";"7";"Route de Jouques";"43,61268300";"5,75089200"
"202300013793";"24";"04";"2023";"17:10";"1";"04";"04197";"2";"2";"1";"5";"D4096 av marcel paul";"43,78426100";"5,76914200"
"202300013794";"27";"04";"2023";"09:00";"1";"13";"13081";"2";"1";"1";"6";"Avenue Joseph Cugnot";"43,47830400";"5,23399800"
"202300013795";"28";"04";"2023";"10:30";"1";"68";"68012";"1";"1";"2";"1";"Route de Thann";"47,78197700";"7,13117800"
"202300013796";"26";"04";"2023";"17:40";"1";"67";"67046";"2";"3";"1";"3";"Rue des Maçons";"48,76167700";"7,86130200"
"202300013797";"22";"04";"2023";"13:04";"1";"67";"67046";"2";"2";"1";"3";"Rue du Moulin";"48,77152500";"7,85593300"
"202300013798";"27";"04";"2023";"21:40";"3";"42";"42175";"1";"1";"1";"6";"Route de Balbigny";"45,81064500";"4,21733400"
"202300013799";"27";"04";"2023";"20:25";"2";"26";"26004";"2";"6";"1";"3";"Rue Marc Seguin";"44,98850000";"4,97825500"
"202300013800";"26";"04";"2023";"18:30";"1";"69";"69019";"2";"1";"1";"3";"Route Départementale 337";"46,12061800";"4,73827200"
"202300013801";"26";"04";"2023";"08:43";"1";"81";"81037";"1";"1";"2";"6";"voie de Jaladieu";"43,61880400";"2,53185500"
"202300013802";"24";"04";"2023";"17:18";"1";"86";"86062";"2";"1";"1";"3";"12 Rue des Frênes";"46,64300400";"0,35628200"
"202300013803";"28";"04";"2023";"10:40";"1";"33";"33243";"2";"1";"1";"6";"216 Avenue du Maréchal Foch";"44,92687900";" -0,23956100"
"202300013804";"28";"04";"2023";"10:45";"1";"60";"60370";"2";"3";"2";"4";"Rue de Gournay";"49,25665800";"2,10898900"
"202300013805";"27";"04";"2023";"18:55";"1";"59";"59435";"1";"1";"1";"5";"Rue d'Ouvignies";"50,51687700";"3,22824300"
"202300013806";"17";"02";"2023";"23:20";"3";"74";"74128";"1";"1";"1";"1";"N/A";"46,15115600";"6,32015300"
"202300013807";"16";"02";"2023";"22:30";"5";"74";"74208";"2";"7";"1";"7";"Avenue du docteur jacques arnaud";"45,93950100";"6,70747000"
"202300013808";"14";"02";"2023";"16:08";"1";"74";"74002";"1";"1";"1";"2";"A41";"45,81911000";"6,01310500"
"202300013809";"12";"02";"2023";"04:30";"3";"74";"74112";"1";"1";"1";"6";"D3508";"45,93586700";"6,10217000"
"202300013810";"5";"02";"2023";"11:40";"1";"74";"74155";"1";"1";"1";"3";"D26";"46,29319300";"6,53816300"
"202300013811";"2";"02";"2023";"07:55";"1";"74";"74012";"2";"1";"1";"2";"FERRY (AVENUE JULES)";"46,19246000";"6,23704000"
"202300013812";"26";"04";"2023";"16:55";"1";"78";"78517";"2";"1";"1";"6";"MUGUET (RUE DU)";"48,64463000";"1,84026000"
"202300013813";"26";"04";"2023";"17:37";"1";"72";"72181";"2";"1";"1";"6";"FRESNAYE ROGER DE LA (RUE)";"47,97532000";"0,21667000"
"202300013814";"20";"04";"2023";"20:19";"1";"29";"29019";"2";"1";"1";"6";"rue Claude Farrère";"48,41617300";" -4,49186600"
"202300013815";"31";"01";"2023";"19:05";"3";"40";"40281";"1";"1";"1";"7";"ROCADE SUD RD 824";"43,86855000";" -0,51536000"
"202300013816";"26";"04";"2023";"18:50";"4";"974";"97411";"2";"1";"1";"6";"JAURES (BOULEVARD JEAN)";" -20,88995000";"55,46224000"
"202300013817";"26";"04";"2023";"20:25";"1";"69";"69387";"2";"1";"1";"6";"Avenue Berthelot";"45,74071738";"4,85580699"
"202300013818";"26";"04";"2023";"17:15";"1";"69";"69383";"2";"3";"1";"2";"Rue Feuillat";"45,75494000";"4,87732000"
"202300013819";"26";"04";"2023";"16:55";"2";"972";"97213";"1";"1";"2";"2";"AUTOROUTE A1";"14,61799000";" -61,03117000"
"202300013820";"26";"04";"2023";"16:45";"1";"972";"97213";"1";"1";"2";"3";"ACAJOU PROLONGEE";"14,62958630";" -61,02128110"
"202300013821";"25";"04";"2023";"19:00";"3";"972";"97209";"2";"1";"3";"6";"RD 41 (ROCADE)";"14,61357000";" -61,07012000"
"202300013822";"25";"04";"2023";"20:40";"1";"69";"69385";"2";"1";"1";"3";"107 Avenue Barthélémy Buyer";"45,76254000";"4,80227000"
"202300013823";"26";"04";"2023";"09:21";"1";"2A";"2A004";"2";"2";"1";"3";"CANNES CITE RUE DES CANNES";"41,93419000";"8,74200000"
"202300013824";"25";"04";"2023";"15:00";"1";"91";"91549";"2";"1";"1";"3";"LIERS (RUE DE)";"48,63004900";"2,33235400"
"202300013825";"26";"04";"2023";"23:55";"3";"91";"91432";"2";"1";"1";"7";"RUE PIERRE BOURDAN";"48,69419000";"2,33098000"
"202300013826";"26";"04";"2023";"13:55";"1";"91";"91479";"2";"3";"1";"3";"AV DE VERDUN";"48,70561300";"2,36038600"
"202300013827";"26";"04";"2023";"09:30";"1";"87";"87085";"2";"1";"2";"7";"LATTRE-DE-TASSIGNY (AVENUE DU MARECHAL)";"45,82528000";"1,27249000"
"202300013828";"25";"04";"2023";"23:19";"5";"87";"87085";"2";"3";"2";"3";"SABLARD (AVENUE DE)";"45,82846000";"1,28288000"
"202300013829";"26";"04";"2023";"07:41";"2";"87";"87085";"2";"3";"2";"3";"TOULOUSE (RUE DE)";"45,81050000";"1,28447000"
"202300013830";"31";"03";"2023";"04:30";"5";"84";"84007";"2";"6";"1";"3";"C.De GAULLE (Rocade)";"43,93016000";"4,78411000"
"202300013831";"26";"04";"2023";"07:30";"1";"83";"83137";"2";"6";"1";"2";"RAMEAU (RUE JP)";"43,11845000";"5,94281000"
"202300013832";"26";"04";"2023";"08:20";"1";"77";"77306";"1";"2";"1";"3";"D.471";"48,59127000";"2,68917000"
"202300013833";"26";"04";"2023";"13:00";"1";"76";"76575";"2";"1";"1";"5";"Rue de l'Industrie";"49,37963000";"1,10936000"
"202300013834";"25";"04";"2023";"17:00";"1";"76";"76351";"2";"2";"1";"6";"GUSTAVE FLAUBERT";"49,49792400";"0,11158800"
"202300013835";"26";"04";"2023";"20:06";"1";"72";"72181";"2";"1";"1";"7";"PARC DES EXPOSITIONS (AV DU)";"47,95687000";"0,20253000"
"202300013836";"25";"04";"2023";"14:55";"1";"72";"72181";"2";"3";"1";"3";"JAURES JEAN (AV) N° IMP 35 A 179";"47,99150000";"0,20567000"
"202300013837";"26";"04";"2023";"06:10";"2";"69";"69266";"2";"1";"1";"2";"Boulevard de la Bataille de Stalingrad";"45,77935000";"4,85949000"
"202300013838";"26";"04";"2023";"08:30";"1";"69";"69276";"1";"4";"1";"3";"Route Départementale 312                  ";"45,66889000";"4,84659000"
"202300013839";"20";"04";"2023";"17:56";"1";"68";"68066";"2";"3";"1";"3";"Rue de Riquewihr";"48,08965000";"7,33274000"
"202300013840";"26";"04";"2023";"12:15";"1";"67";"67482";"2";"1";"1";"3";"TOREAU (RUE)";"48,59344000";"7,77911400"
"202300013841";"24";"04";"2023";"23:57";"3";"66";"66136";"1";"1";"1";"6";"N/A";"42,69756500";"2,86150000"
"202300013842";"23";"04";"2023";"07:40";"1";"64";"64122";"2";"1";"1";"6";"GOLF (AVENUE - IMPASSE)";"43,49010000";" -1,54662000"
"202300013843";"25";"04";"2023";"19:00";"1";"64";"64024";"2";"6";"1";"2";"CINQ CANTONS (RUE DES)";"43,49342000";" -1,52814000"
"202300013844";"26";"04";"2023";"08:00";"1";"59";"59426";"2";"1";"1";"6";"TOURCOING (RUE DE)";"50,74532000";"3,15992000"
"202300013845";"26";"04";"2023";"10:00";"1";"59";"59512";"2";"3";"1";"3";"COQ FRANCAIS (RUE DU)";"50,68555000";"3,18167000"
"202300013846";"23";"04";"2023";"15:50";"1";"57";"57019";"2";"1";"3";"6";"VIEIL AMNEVILLE (RUE DU)";"49,26137000";"6,13031000"
"202300013847";"25";"04";"2023";"14:55";"1";"54";"54547";"2";"6";"2";"6";"Rue du Morvan";"48,64922700";"6,15075000"
"202300013848";"25";"04";"2023";"08:15";"1";"38";"38185";"2";"3";"8";"1";"RUE RAYMOND PITET";"45,15991000";"5,71376000"
"202300013849";"26";"04";"2023";"06:05";"5";"35";"35238";"2";"2";"1";"1";"SAINT-BRIEUC (DE)";"48,11650000";" -1,70983000"
"202300013850";"26";"04";"2023";"14:00";"1";"35";"35150";"2";"2";"8";"3";"MARTRAY (RUE DU)";"48,36775000";" -1,21880000"
"202300013851";"26";"04";"2023";"08:35";"1";"34";"34108";"2";"3";"1";"1";"14c Avenue des Vignerons";"43,44487000";"3,75111000"
"202300013852";"24";"04";"2023";"09:45";"1";"34";"34032";"2";"3";"1";"1";"49 Avenue Jean Moulin";"43,34751000";"3,22108000"
"202300013853";"26";"04";"2023";"19:30";"1";"33";"33063";"2";"1";"2";"2";"Rue Lucien Faure";"44,86747000";" -0,56336000"
"202300013854";"26";"04";"2023";"17:30";"1";"13";"13209";"1";"1";"1";"1";"COL DE LA GINESTE D559";"43,24623000";"5,44583000"
"202300013855";"26";"04";"2023";"15:45";"1";"13";"13206";"2";"2";"1";"3";"BEL AIR (RUE)";"43,28960000";"5,38221000"
"202300013856";"26";"04";"2023";"15:15";"1";"13";"13214";"2";"1";"1";"6";"DANIEL CASANOVA (BOULEVARD)";"43,32600000";"5,37400000"
"202300013857";"26";"04";"2023";"11:50";"1";"13";"13206";"2";"2";"1";"3";"BEL AIR (RUE)";"43,28960000";"5,38221000"
"202300013858";"26";"04";"2023";"11:55";"1";"09";"09225";"2";"2";"1";"3";"LOUMET RUE DE";"43,11163000";"1,61182000"
"202300013859";"26";"04";"2023";"17:35";"1";"06";"06088";"2";"9";"1";"6";"CORNICHE FLEURIE (AV. DE LA)";"43,68326000";"7,21118500"
"202300013860";"26";"04";"2023";"15:15";"1";"75";"75114";"2";"4";"1";"2";"PORTE D ORLEANS";"48,81772100";"2,33399900"
"202300013861";"26";"04";"2023";"12:10";"1";"75";"75112";"2";"4";"1";"3";"ECHANGEUR BERCY";"48,82678093";"2,39018887"
"202300013862";"26";"04";"2023";"11:41";"1";"75";"75112";"2";"2";"1";"5";"BOULEVARD PONIATOWSKI";"48,83184300";"2,39772700"
"202300013863";"26";"04";"2023";"07:10";"1";"75";"75120";"2";"3";"1";"6";"RUE CHARLES CROS";"48,87697200";"2,40867100"
"202300013864";"26";"04";"2023";"19:15";"1";"75";"75120";"2";"1";"1";"7";"AVENUE GAMBETTA";"48,86347400";"2,38984300"
"202300013865";"26";"04";"2023";"08:20";"1";"75";"75119";"2";"3";"1";"3";"BOULEVARD SERURIER";"48,87835300";"2,40342700"
"202300013866";"26";"04";"2023";"12:30";"1";"75";"75118";"2";"1";"1";"3";"BOULEVARD DE LA CHAPELLE";"48,88451600";"2,36369200"
"202300013867";"26";"04";"2023";"18:30";"1";"75";"75117";"2";"2";"1";"3";"RUE DE COURCELLES";"48,88646600";"2,29577200"
"202300013868";"26";"04";"2023";"18:05";"1";"75";"75115";"2";"3";"1";"6";"RUE DE CASABLANCA";"48,83872800";"2,28949100"
"202300013869";"25";"04";"2023";"03:05";"5";"75";"75115";"2";"1";"2";"6";"PLACE DES MARTYRS DE LA RESISTANCE";"48,83514000";"2,27784400"
"202300013870";"26";"04";"2023";"08:55";"1";"75";"75114";"2";"3";"1";"3";"BOULEVARD DE PORT ROYAL";"48,83838900";"2,34209300"
"202300013871";"26";"04";"2023";"16:30";"1";"75";"75111";"2";"3";"1";"3";"AVENUE DE LA REPUBLIQUE";"48,86582600";"2,37155900"
"202300013872";"26";"04";"2023";"14:30";"1";"75";"75110";"2";"1";"1";"6";"BOULEVARD DE LA VILLETTE";"48,88421500";"2,36535200"
"202300013873";"26";"04";"2023";"14:05";"1";"75";"75109";"2";"1";"1";"2";"BOULEVARD HAUSSMANN";"48,87307400";"2,33228700"
"202300013874";"26";"04";"2023";"20:00";"1";"75";"75107";"2";"2";"1";"7";"AVENUE DE LA BOURDONNAIS";"48,85864500";"2,29859500"
"202300013875";"25";"04";"2023";"18:35";"1";"94";"94078";"2";"3";"1";"6";"Rue de Paris / Rue de l'Orme Sainte Marie";"48,73882800";"2,44665600"
"202300013876";"25";"04";"2023";"15:30";"1";"94";"94019";"2";"1";"1";"5";"Square Auguste Comte";"48,80184894";"2,54745430"
"202300013877";"26";"04";"2023";"21:21";"5";"94";"94004";"2";"1";"2";"3";"Avenue Charles de Gaulle";"48,75666000";"2,49800000"
"202300013878";"26";"04";"2023";"15:35";"1";"93";"93071";"2";"3";"1";"3";"Avenue Salvador Allende / Rue Frederic Joliot Curie";"48,94755500";"2,52710600"
"202300013879";"7";"04";"2023";"11:55";"1";"93";"93066";"2";"1";"1";"5";"Avenue du Président Wilson";"48,91021000";"2,35770000"
"202300013880";"26";"04";"2023";"18:15";"1";"93";"93055";"2";"1";"1";"6";"Rue Jules Auffret";"48,88626463";"2,41056078"
"202300013881";"26";"04";"2023";"14:30";"1";"93";"93048";"2";"2";"2";"6";"Avenue du Président Wilson / Rue de la Solidarité";"48,85307817";"2,43884171"
"202300013882";"26";"04";"2023";"07:40";"2";"93";"93048";"2";"5";"1";"3";"Avenue du Colonel Fabien / Boulevard de la Boissière";"48,87800000";"2,45714000"
"202300013883";"12";"08";"2023";"08:20";"1";"17";"17333";"2";"6";"8";"3";"MOCQUERIES (AVENUE)";"45,60214000";" -0,99342000"
"202300013884";"12";"08";"2023";"22:00";"5";"13";"13054";"2";"2";"1";"3";"FIGUERES (RUE DES )";"43,42114481";"5,20776728"
"202300013885";"12";"08";"2023";"03:20";"5";"13";"13208";"2";"1";"1";"6";"MENDES FRANCE (AVENUE)";"43,24998000";"5,37533000"
"202300013886";"12";"08";"2023";"00:57";"5";"13";"13213";"2";"1";"1";"3";"NOTRE DAME DE CONSOLATION";"43,33543000";"5,43296000"
"202300013887";"12";"08";"2023";"14:00";"1";"13";"13005";"2";"1";"1";"3";"BOYER (AVENUE ANTIDE)";"43,29492000";"5,56204000"
"202300013888";"13";"08";"2023";"01:25";"5";"11";"11262";"2";"1";"1";"2";"14 Avenue de Bordeaux";"43,18209000";"2,99055000"
"202300013889";"8";"08";"2023";"08:00";"1";"05";"05061";"2";"1";"1";"3";"PIERRE ET MARIE CURIE ( BD)";"44,56120300";"6,08439700"
"202300013890";"10";"08";"2023";"21:05";"1";"75";"75118";"2";"4";"1";"3";"PORTE DE LA CHAPELLE";"48,90088492";"2,36386299"
"202300013891";"12";"08";"2023";"17:40";"1";"75";"75113";"2";"1";"1";"6";"AVENUE D ITALIE";"48,81991500";"2,35921800"
"202300013892";"12";"08";"2023";"06:20";"2";"75";"75118";"2";"7";"2";"2";"AVENUE DE LA PORTE D AUBERVILLIERS";"48,90038888";"2,37039685"
"202300013893";"12";"08";"2023";"00:03";"5";"75";"75114";"2";"3";"2";"7";"RUE D ALESIA";"48,82784600";"2,32913300"
"202300013894";"12";"08";"2023";"17:40";"1";"75";"75111";"2";"1";"1";"6";"AVENUE DE LA REPUBLIQUE";"48,86591700";"2,37111100"
"202300013895";"12";"08";"2023";"08:50";"1";"75";"75110";"2";"7";"2";"4";"BOULEVARD DE LA VILLETTE";"48,87843500";"2,37010400"
"202300013896";"2";"08";"2023";"21:20";"2";"75";"75108";"2";"1";"1";"2";"AVENUE FRANKLIN D ROOSEVELT";"48,87010100";"2,31005500"
"202300013897";"12";"08";"2023";"04:10";"5";"75";"75104";"2";"3";"3";"6";"RUE DU RENARD";"48,85985000";"2,35273800"
"202300013898";"11";"08";"2023";"09:43";"1";"75";"75101";"2";"3";"1";"3";"RUE DE RIVOLI";"48,86246400";"2,33625500"
"202300013899";"7";"07";"2023";"09:00";"1";"06";"06069";"1";"1";"1";"6";"Pénétrante";"43,64106700";"6,93565200"
"202300013900";"5";"07";"2023";"22:50";"5";"75";"75113";"2";"4";"1";"7";"BD PERIPHERIQUE INTERIEUR";"48,82079800";"2,37666400"
"202300013901";"12";"08";"2023";"18:45";"1";"93";"93066";"2";"3";"1";"2";"Rue Ambroise Croizat / Rue Charles Christofle";"48,93014000";"2,35066000"
"202300013902";"7";"07";"2023";"13:10";"5";"75";"75101";"2";"1";"1";"6";"souterrain halles";"48,86056700";"2,34813200"
"202300013903";"12";"08";"2023";"20:15";"1";"93";"93071";"2";"6";"1";"7";"Avenue Lucie Aubrac / Avenue Henri Barbusse";"48,93346000";"2,54304000"
"202300013904";"7";"07";"2023";"11:55";"1";"75";"75106";"2";"2";"1";"6";"RUE DU CHERCHE MIDI";"48,85023000";"2,32718000"
"202300013905";"11";"08";"2023";"23:40";"5";"93";"93047";"2";"1";"1";"1";"Rue du Général de Gaulle";"48,89937000";"2,56030000"
"202300013906";"7";"07";"2023";"18:30";"1";"75";"75116";"2";"1";"1";"2";"AVENUE DES NATIONS UNIES";"48,86171100";"2,29161500"
"202300013907";"6";"07";"2023";"16:30";"1";"75";"75116";"2";"7";"1";"6";"PLACE DU GENERAL STEFANIK";"48,83975500";"2,25575300"
"202300013908";"12";"08";"2023";"21:20";"2";"92";"92022";"2";"1";"8";"7";"SALENGRO (AVENUE ROGER)";"48,81737186";"2,19610155"
"202300013909";"7";"07";"2023";"20:00";"1";"75";"75114";"2";"1";"1";"3";"BOULEVARD JOURDAN";"48,82000400";"2,33980300"
"202300013910";"7";"07";"2023";"20:40";"1";"75";"75112";"2";"1";"1";"2";"ROUTE DAUPHINE";"48,83003300";"2,43953200"
"202300013911";"13";"08";"2023";"17:23";"1";"84";"84088";"2";"1";"1";"1";"Avenue René Char";"43,99764900";"5,06925200"
"202300013912";"7";"07";"2023";"17:05";"1";"75";"75111";"2";"9";"1";"2";"AVENUE PHILIPPE AUGUSTE";"48,85236580";"2,39344200"
"202300013913";"13";"08";"2023";"22:00";"3";"27";"27256";"1";"3";"1";"3";"pk 6 D554";"48,93894400";"1,23237300"
"202300013914";"14";"08";"2023";"02:20";"3";"12";"12073";"1";"1";"1";"6";"D641";"44,22126500";"2,58812800"
"202300013915";"7";"07";"2023";"04:30";"4";"75";"75111";"2";"3";"1";"1";"BOULEVARD VOLTAIRE";"48,85162300";"2,39050800"
"202300013916";"13";"08";"2023";"05:00";"3";"63";"63178";"1";"1";"1";"2";"A75 pk 29+110";"45,56320130";"3,25726455"
"202300013917";"7";"07";"2023";"08:45";"1";"75";"75110";"2";"9";"7";"3";"PLACE DULCIE SEPTEMBER";"48,88061700";"2,36202700"
"202300013918";"13";"08";"2023";"05:58";"1";"51";"51518";"1";"3";"1";"7";"D944";"49,30992500";"3,98473800"
"202300013919";"7";"07";"2023";"08:20";"1";"75";"75108";"2";"1";"1";"5";"BOULEVARD MALESHERBES";"48,88009400";"2,31346000"
"202300013920";"14";"08";"2023";"14:40";"1";"56";"56219";"1";"3";"1";"1";"La Ville au Vent";"47,77268700";" -2,53004200"
"202300013921";"6";"07";"2023";"09:38";"1";"75";"75107";"2";"3";"1";"3";"BOULEVARD DES INVALIDES";"48,84825900";"2,31577300"
"202300013922";"14";"08";"2023";"08:20";"1";"65";"65388";"1";"1";"1";"6";"Route du Pla d?Adet";"42,82789043";"0,28753281"
"202300013923";"13";"08";"2023";"18:48";"1";"65";"65258";"2";"4";"1";"6";"15 Rue Bellevue";"43,12213800";"0,38995000"