"Num_Acc";"jour";"mois";"an";"hrmn";"lum";"dep";"com";"agg";"int";"atm";"col";"adr";"lat";"long"
"202300014328";"14";"06";"2023";"10:30";"1";"77";"77363";"1";"1";"1";"6";"RN104";"48,91469805";"2,63429878"
"202300014329";"19";"11";"2023";"21:50";"5";"88";"88209";"2";"2";"3";"3";"MOSELLE (RUE DE LA)";"48,19374000";"6,44322000"
"202300014330";"2";"06";"2023";"13:50";"1";"56";"56186";"2";"1";"1";"7";"64 Avenue des Druides";"47,48915700";" -3,11359100"
"202300014331";"11";"03";"2023";"09:05";"1";"94";"94015";"2";"9";"1";"6";"Rue Léon Menu";"48,83970300";"2,53892400"
"202300014332";"10";"08";"2023";"19:40";"1";"87";"87085";"2";"1";"1";"7";"BROGLIE (AVENUE LOUIS DE)";"45,88195000";"1,28927000"
"202300014333";"7";"07";"2023";"00:20";"5";"974";"97411";"2";"1";"1";"6";"MACE (ROUTE GABRIEL)";" -20,91337000";"55,49711000"
"202300014334";"17";"11";"2023";"18:20";"5";"87";"87114";"2";"1";"2";"7";"PUY-LA-RUE (ALLEE DE)";"45,84298000";"1,32010000"
"202300014335";"19";"11";"2023";"12:17";"1";"87";"87085";"2";"3";"2";"6";"FONTAINEBLEAU (RUE DE)";"45,84346000";"1,25646000"
"202300014336";"6";"07";"2023";"22:00";"5";"974";"97411";"2";"9";"1";"2";"JAURES (BLD 2 JEAN)";" -20,89550000";"55,47310000"
"202300014337";"10";"08";"2023";"11:20";"1";"87";"87085";"1";"1";"1";"7";"GORDINI ( RUE AMEDEE)";"45,89314000";"1,28018000"
"202300014338";"16";"03";"2023";"07:50";"1";"94";"94028";"2";"3";"1";"3";"Route de Choisy";"48,78852000";"2,45135000"
"202300014339";"2";"06";"2023";"19:00";"1";"76";"76046";"1";"2";"1";"2";"RD13";"49,44001700";"1,29445600"
"202300014340";"6";"07";"2023";"07:45";"1";"974";"97411";"2";"1";"1";"2";"MAZAGRAN (RUE)";" -20,88940000";"55,45508000"
"202300014341";"11";"08";"2023";"01:38";"3";"86";"86066";"2";"1";"1";"2";"Chemin du Roc";"46,82339000";"0,54959000"
"202300014342";"18";"11";"2023";"16:19";"1";"87";"87085";"2";"1";"1";"3";"VALIN (AVENUE DU GENERAL MARTIAL)";"45,80960900";"1,27578000"
"202300014343";"30";"05";"2023";"19:20";"1";"2A";"2A362";"2";"9";"7";"2";"t10";"41,69890800";"9,34579800"
"202300014344";"17";"03";"2023";"07:11";"1";"94";"94022";"2";"3";"1";"6";"Rue Christophe Colomb / Rue Vasco de Gama";"48,75259807";"2,41638078"
"202300014345";"2";"07";"2023";"00:50";"4";"974";"97411";"1";"1";"1";"6";"SAINT-FRANCOIS (BOULEVARD)";" -20,89928333";"55,46033621"
"202300014346";"19";"11";"2023";"12:15";"1";"87";"87114";"2";"1";"2";"1";"LIBERATION (AVENUE DE LA)";"45,82510000";"1,29036000"
"202300014347";"2";"06";"2023";"14:05";"1";"12";"12128";"1";"4";"3";"3";"D39";"44,25137700";"2,15385926"
"202300014348";"17";"03";"2023";"08:40";"1";"94";"94068";"2";"1";"1";"6";"Avenue de la République";"48,80003694";"2,48593917"
"202300014349";"11";"08";"2023";"09:20";"1";"78";"78372";"2";"3";"1";"6";"AMIRAL LEMONNIER (AVENUE DE L')";"48,87860000";"2,09969000"
"202300014350";"17";"11";"2023";"12:08";"1";"87";"87085";"2";"1";"2";"3";"TOULOUSE (RUE DE)";"45,81471000";"1,27808000"
"202300014351";"5";"07";"2023";"22:10";"5";"974";"97407";"2";"2";"1";"3";"LILLE (RUE)";" -20,93796000";"55,29495000"
"202300014352";"2";"06";"2023";"23:30";"4";"47";"47280";"2";"1";"1";"3";"Rue du Pont";"44,39532800";"0,80710900"
"202300014353";"6";"07";"2023";"04:10";"3";"973";"97302";"1";"1";"8";"6";"ROUTE NATIONALE 1";"4,90321000";" -52,32417000"
"202300014354";"17";"03";"2023";"08:00";"1";"94";"94070";"2";"2";"1";"3";"Route de Paris";"48,71994695";"2,56636092"
"202300014355";"2";"06";"2023";"18:20";"1";"25";"25299";"1";"1";"1";"6";"RD 21";"47,32028700";"6,38816400"
"202300014356";"10";"08";"2023";"19:34";"1";"77";"77487";"1";"3";"1";"3";"D 605";"48,53637000";"2,70340000"
"202300014357";"18";"11";"2023";"19:13";"5";"84";"84007";"2";"6";"1";"2";"PIERRE SEMARD (avenue)";"43,93938000";"4,82119000"
"202300014358";"17";"03";"2023";"16:18";"1";"93";"93073";"2";"3";"1";"6";"Route de Roissy / Rue des Fosses";"48,97795000";"2,55645000"
"202300014359";"6";"07";"2023";"10:35";"1";"69";"69386";"2";"4";"1";"6";"Boulevard des Belges";"45,76976000";"4,85726000"
"202300014360";"2";"06";"2023";"19:00";"1";"44";"44188";"1";"3";"1";"3";"1bis le maupas";"47,00981600";" -1,65363000"
"202300014361";"18";"11";"2023";"18:09";"2";"30";"30351";"2";"2";"1";"6";"VERDUN AVENUE DE";"43,96793000";"4,79865000"
"202300014362";"6";"07";"2023";"08:40";"1";"972";"97209";"1";"1";"1";"6";"SOLEIL LEVANT (BOULEVARD DU)";"14,62001400";" -61,03902650"
"202300014363";"11";"08";"2023";"14:45";"1";"77";"77243";"2";"3";"1";"3";"GENERAL LECLERC  (AVENUE DU)";"48,87657000";"2,69953000"
"202300014364";"25";"05";"2023";"15:45";"1";"29";"29106";"1";"1";"1";"6";"D770";"48,08849436";" -4,07566488"
"202300014365";"17";"03";"2023";"11:15";"1";"93";"93070";"2";"1";"1";"6";"Rue Ardoin";"48,91170800";"2,32514100"
"202300014366";"6";"07";"2023";"19:45";"1";"69";"69389";"2";"3";"1";"6";"Montée de Balmont";"45,78245000";"4,79697000"
"202300014367";"2";"11";"2023";"19:50";"5";"80";"80001";"2";"6";"3";"6";"GENERAL LECLERC (du)";"50,10659700";"1,84544000"
"202300014368";"10";"08";"2023";"17:30";"1";"76";"76351";"2";"2";"1";"6";"LOUIS BRINDEAU";"49,49134000";"0,10528000"
"202300014369";"17";"03";"2023";"09:30";"1";"93";"93066";"2";"1";"1";"2";"Avenue Lénine";"48,94249800";"2,36462900"
"202300014370";"3";"06";"2023";"11:45";"1";"38";"38559";"1";"4";"1";"6";"Route de Varacieux";"45,22665700";"5,37184900"
"202300014371";"11";"08";"2023";"10:00";"1";"71";"71270";"2";"1";"1";"6";"LYON (ROUTE DE)";"46,28492000";"4,80731000"
"202300014372";"17";"03";"2023";"09:20";"1";"93";"93077";"2";"1";"1";"3";"30 Allée de la Tour";"48,89672000";"2,50447000"
"202300014373";"9";"08";"2023";"14:25";"1";"71";"71270";"2";"1";"1";"7";"LIBERTE (BOULEVARD DE LA)";"46,30377000";"4,81994000"
"202300014374";"20";"11";"2023";"12:50";"1";"76";"76575";"2";"1";"8";"6";"Avenue des Canadiens";"49,40137900";"1,06471700"
"202300014375";"2";"06";"2023";"17:45";"1";"01";"01323";"1";"2";"1";"3";"chemin des chapelles";"46,41839000";"4,91738000"
"202300014376";"6";"07";"2023";"12:25";"1";"2B";"2B120";"2";"1";"1";"6";"11 - RT";"42,65491000";"9,44115000"
"202300014377";"17";"03";"2023";"18:35";"1";"93";"93032";"2";"1";"2";"1";"Avenue des Marronniers";"48,87215197";"2,55930215"
"202300014378";"11";"08";"2023";"17:30";"1";"69";"69266";"2";"3";"1";"3";"Rue Dedieu";"45,76959000";"4,86990000"
"202300014379";"2";"06";"2023";"14:45";"1";"01";"01130";"2";"1";"1";"7";"260 Chemin de Balvay";"46,31314800";"5,19536100"
"202300014380";"19";"11";"2023";"19:15";"5";"76";"76540";"2";"3";"1";"3";"Boulevard de l'Yser";"49,44774000";"1,10208000"
"202300014381";"5";"07";"2023";"16:50";"1";"971";"97101";"1";"3";"1";"3";"PERRIN";"16,29367000";" -61,51119000"
"202300014382";"17";"03";"2023";"21:45";"5";"93";"93029";"2";"1";"1";"6";"Rue Fernand Péna";"48,91526101";"2,43200451"
"202300014383";"11";"08";"2023";"00:45";"3";"69";"69275";"2";"6";"1";"6";"Chemin des Pépinières";"45,78295000";"4,95388000"
"202300014384";"6";"07";"2023";"08:00";"1";"2A";"2A004";"2";"1";"1";"6";"SEBASTIANU COSTA BD";"41,94176500";"8,74861400"
"202300014385";"17";"03";"2023";"22:15";"5";"93";"93008";"2";"9";"2";"3";"Rue de Paris";"48,90196515";"2,46003896"
"202300014386";"19";"11";"2023";"07:10";"5";"76";"76351";"2";"1";"1";"2";"GRAVILLE (BD DE)";"49,49048000";"0,14934000"
"202300014387";"5";"07";"2023";"12:00";"1";"95";"95427";"2";"1";"1";"6";"JEAN MERMOZ (RUE)";"48,97411000";"2,34014000"
"202300014388";"3";"06";"2023";"01:40";"3";"58";"58223";"1";"1";"1";"3";"Grandchamp";"47,04161200";"3,57128100"
"202300014389";"11";"08";"2023";"03:00";"5";"69";"69199";"2";"1";"1";"1";"Place Georges Girardet";"45,70562807";"4,85322862"
"202300014390";"16";"03";"2023";"18:00";"1";"92";"92050";"2";"1";"1";"6";"CLEMENCEAU GEORGES AVENUE N° PAIR";"48,88533390";"2,22361028"
"202300014391";"6";"07";"2023";"11:30";"1";"95";"95510";"1";"1";"1";"6";"N14";"49,05835025";"2,00296909"
"202300014392";"17";"03";"2023";"15:45";"1";"92";"92049";"2";"1";"1";"7";"GAMBETTA AVENUE LEON N° IMPAIRS";"48,81434236";"2,32108310"
"202300014393";"10";"08";"2023";"14:58";"1";"68";"68224";"2";"1";"1";"3";"WALLACH (BOULEVARD ALFRED)";"47,74007000";"7,34143000"
"202300014394";"20";"11";"2023";"08:48";"1";"74";"74281";"1";"1";"1";"4";"CONTOURNEMENT";"46,36166000";"6,49074000"
"202300014395";"17";"03";"2023";"15:55";"1";"92";"92040";"2";"1";"1";"2";"GAMBETTA (BOULEVARD)";"48,82731000";"2,27786000"
"202300014396";"3";"06";"2023";"07:40";"1";"14";"14371";"1";"1";"1";"7";"2780 Route de Saint-Pierre-en-Auge";"48,99377700";"0,11838000"
"202300014397";"7";"08";"2023";"19:42";"1";"68";"68066";"2";"9";"1";"1";"MULHOUSE (RUE DE)";"48,07066000";"7,34110000"
"202300014398";"16";"03";"2023";"12:08";"1";"92";"92036";"2";"1";"1";"6";"INDUSTRIE (RUE DEL')";"48,93204900";"2,31072500"
"202300014399";"19";"11";"2023";"16:04";"1";"72";"72181";"2";"9";"1";"3";"Robert Jarry (Bd)";"47,99800000";"0,18900000"
"202300014400";"5";"07";"2023";"19:10";"1";"87";"87050";"2";"1";"1";"2";"BUXEROLLES (ROUTE DE)";"45,87684000";"1,24366000"
"202300014401";"11";"08";"2023";"13:30";"1";"67";"67482";"2";"1";"1";"2";"RHIN (AVENUE DU)";"48,57271000";"7,75994000"
"202300014402";"1";"06";"2023";"16:40";"1";"14";"14456";"1";"3";"1";"1";"Route des Pédouze";"49,12219200";" -0,13148700"
"202300014403";"6";"07";"2023";"17:10";"1";"85";"85191";"2";"1";"1";"2";"AQUITAINE AVENUE ALIENOR D' (SECTEUR 310";"46,68675000";" -1,42996000"
"202300014404";"15";"03";"2023";"21:10";"5";"92";"92025";"2";"3";"1";"3";"GENERAL LECLERC (PLACE DU)";"48,92268200";"2,25258100"
"202300014405";"20";"11";"2023";"09:35";"2";"69";"69271";"2";"1";"5";"3";"72 Avenue du Progrès";"45,72996423";"4,96370385"
"202300014406";"11";"08";"2023";"14:55";"1";"67";"67180";"2";"9";"1";"3";"DEPUTE HALLEZ (CHEMIN DU)";"48,79633000";"7,77023000"
"202300014407";"17";"03";"2023";"23:25";"5";"92";"92024";"2";"3";"2";"7";"GEORGES COURTELINE (RUE)";"48,90465700";"2,30963141"
"202300014408";"9";"08";"2023";"08:40";"1";"64";"64445";"2";"1";"1";"3";"CATHERINE DE BOURBON";"43,32499000";" -0,35727000"
"202300014409";"6";"07";"2023";"22:30";"5";"83";"83137";"2";"1";"8";"5";"LECLERC (AVE GENERAL)";"43,12570000";"5,92832000"
"202300014410";"2";"06";"2023";"17:10";"1";"50";"50074";"1";"4";"1";"3";"Rue des Pélerins";"48,72634500";" -1,19216700"
"202300014411";"17";"03";"2023";"10:25";"1";"92";"92012";"2";"1";"1";"1";"POINT DU JOUR (QUAI DU)";"48,83160000";"2,25824000"
"202300014412";"20";"11";"2023";"10:15";"1";"64";"64445";"2";"2";"1";"3";"ALSACE LORRAINE D'";"43,30550000";" -0,37455000"
"202300014413";"11";"08";"2023";"15:15";"1";"64";"64102";"2";"1";"1";"2";"PLANTOUN (AVENUE)";"43,49502000";" -1,45746000"
"202300014414";"17";"03";"2023";"19:40";"5";"92";"92002";"2";"6";"3";"3";"ADOLPHE PAJEAUD (RUE)";"48,74158600";"2,28433415"
"202300014415";"1";"07";"2023";"02:38";"3";"83";"83098";"1";"1";"1";"6";"PLAINES (CHEMIN DES)";"43,11399100";"6,03687200"
"202300014416";"2";"06";"2023";"19:00";"1";"90";"90065";"1";"1";"1";"7";"Route du Ballon d?Alsace";"47,79836800";"6,83939700"
"202300014417";"19";"11";"2023";"14:55";"1";"64";"64269";"2";"6";"7";"7";"D817";"43,30786000";" -0,30769000"
"202300014418";"17";"03";"2023";"12:45";"1";"24";"24463";"1";"1";"1";"1";"Lieu dit les  fourches";"45,34709300";"1,08590800"
"202300014419";"31";"07";"2023";"22:33";"5";"63";"63014";"2";"2";"1";"4";"MARGERIDE (AVENUE DE LA)";"45,75973000";"3,12294000"
"202300014420";"1";"06";"2023";"07:40";"1";"60";"60044";"2";"1";"1";"6";"Rue du Général Leclerc";"49,30066900";"2,33238500"
"202300014421";"3";"06";"2023";"23:25";"5";"83";"83069";"2";"1";"1";"7";"GAMBETTA (AVENUE)";"43,11803021";"6,12859172"
"202300014422";"18";"11";"2023";"18:15";"3";"64";"64125";"2";"9";"1";"2";"BIARRITZ (AVENUE DE)";"43,45390000";" -1,57371000"
"202300014423";"22";"02";"2023";"19:00";"3";"95";"95313";"1";"1";"2";"3";"A16";"49,11835546";"2,25256335"
"202300014424";"11";"08";"2023";"08:35";"1";"63";"63113";"2";"2";"1";"6";"Jean Bapt Dumas / Blanzat";"45,78714535";"3,08465034"
"202300014425";"11";"08";"2023";"09:10";"1";"60";"60057";"2";"9";"1";"3";"N/A";"49,44217770";"2,09380209"
"202300014426";"20";"11";"2023";"12:25";"1";"64";"64024";"2";"1";"2";"3";"PLAGES (BOULEVARD DES)";"43,50880000";" -1,53137000"
"202300014427";"16";"03";"2023";"07:40";"2";"37";"37188";"1";"6";"1";"3";"D109";"47,06202500";"0,55983100"
"202300014428";"3";"06";"2023";"07:14";"1";"45";"45195";"2";"4";"1";"3";"1 Route d’Athouas";"48,10453700";"2,18809200"
"202300014429";"4";"07";"2023";"16:10";"1";"78";"78361";"1";"1";"1";"1";"RUE NATIONALE";"48,99749500";"1,66890100"
"202300014430";"9";"03";"2023";"11:44";"1";"86";"86153";"2";"1";"1";"7";"Route de Bouresse";"46,40482700";"0,69578100"
"202300014431";"11";"08";"2023";"08:12";"1";"59";"59350";"2";"3";"1";"6";"SAINT SEBASTIEN RUE";"50,64731316";"3,05984025"
"202300014432";"18";"03";"2023";"10:00";"1";"38";"38199";"1";"1";"1";"6";"Route de Bérardier";"45,50748200";"4,92109200"
"202300014433";"20";"11";"2023";"09:20";"1";"62";"62895";"1";"1";"1";"4";"D165";"50,48758000";"2,86511000"
"202300014434";"10";"08";"2023";"08:40";"1";"56";"56121";"2";"1";"1";"5";"ROBELIN (RUE)";"47,74164000";" -3,38179000"
"202300014435";"18";"03";"2023";"09:55";"1";"95";"95487";"2";"1";"7";"6";"Avenue Jacques Vogt";"49,15407900";"2,27032400"
"202300014436";"15";"05";"2023";"14:00";"1";"73";"73255";"1";"3";"1";"3";"Rue de la Crouze / Rte des Grands Prés";"45,34695800";"6,30308400"
"202300014437";"16";"11";"2023";"11:50";"1";"62";"62427";"2";"9";"2";"3";"Chemin de Noyelles";"50,40106055";"2,97791255"
"202300014438";"10";"08";"2023";"11:15";"1";"54";"54578";"2";"1";"1";"1";"Avenue Paul Muller";"48,66684000";"6,14588000"
"202300014439";"18";"03";"2023";"10:30";"1";"68";"68143";"2";"1";"1";"6";"27 Rue du Général De Gaulle";"48,11050100";"7,42318000"
"202300014440";"10";"08";"2023";"08:40";"1";"54";"54184";"2";"1";"1";"6";"Avenue de Saulxures";"48,70546000";"6,24550000"
"202300014441";"6";"07";"2023";"18:15";"1";"77";"77479";"1";"3";"1";"3";"CHE DU GUE DE LAUNAY";"48,87688405";"2,64914598"
"202300014442";"20";"11";"2023";"08:00";"1";"62";"62193";"2";"1";"3";"1";"Avenue Yervant Toumaniantz";"50,95335000";"1,88857000"
"202300014443";"2";"06";"2023";"21:40";"1";"10";"10268";"1";"9";"1";"6";"D919";"48,49445500";"3,52342500"
"202300014444";"14";"03";"2023";"14:30";"1";"26";"26353";"1";"1";"1";"7";"Autoroute A7 Péage Montélimar-Nord (Embranchement d'autoroute)";"44,66945400";"4,79507100"
"202300014445";"11";"08";"2023";"03:40";"5";"50";"50129";"2";"1";"1";"6";"LUCET (RUE)";"49,62396000";" -1,61593000"
"202300014446";"18";"03";"2023";"00:12";"3";"62";"62579";"1";"1";"2";"6";"D35";"50,18321900";"2,66954900"
"202300014447";"20";"11";"2023";"08:00";"1";"61";"61001";"2";"6";"1";"3";"D438";"48,43418000";"0,09402000"
"202300014448";"2";"06";"2023";"17:20";"1";"07";"07089";"1";"1";"1";"6";"175 Chemin Rural de Font Aube";"45,30680900";"4,74038100"
"202300014449";"10";"08";"2023";"12:45";"1";"49";"49099";"1";"1";"1";"3";"VIEILLE ROUTE DU MAY";"47,09279000";" -0,84421000"
"202300014450";"6";"07";"2023";"09:45";"1";"76";"76540";"2";"2";"1";"3";"Boulevard de l'Europe";"49,42816000";"1,08100000"
"202300014451";"18";"03";"2023";"15:14";"1";"51";"51386";"1";"1";"1";"7";"D375";"48,80624200";"3,53852000"
"202300014452";"10";"08";"2023";"15:35";"1";"49";"49353";"2";"1";"1";"7";"PARMENTIER";"47,45237100";" -0,51401100"
"202300014453";"15";"01";"2023";"00:50";"3";"78";"78291";"1";"1";"2";"6";"D113";"48,96438500";"1,76004400"
"202300014454";"2";"06";"2023";"18:20";"1";"30";"30276";"1";"1";"1";"6";"";"43,60799900";"4,19359100"
"202300014455";"18";"03";"2023";"19:45";"3";"79";"79277";"1";"1";"1";"6";"N/A";"47,05148500";" -0,22304200"
"202300014456";"10";"08";"2023";"13:39";"1";"49";"49007";"2";"1";"1";"7";"CUL D'ANON CHEMIN";"47,47604000";" -0,51525000"
"202300014457";"6";"07";"2023";"12:05";"1";"74";"74012";"2";"1";"1";"2";"ETREMBIERES (ROUTE D')";"46,18918000";"6,23298000"
"202300014458";"17";"03";"2023";"11:00";"1";"65";"65258";"2";"1";"7";"6";"Rue des Résistants";"43,11385200";"0,38437100"
"202300014459";"11";"08";"2023";"21:40";"2";"37";"37050";"1";"1";"2";"7";"RD 37";"47,33083373";"0,67848659"
"202300014460";"19";"11";"2023";"22:39";"5";"59";"59512";"1";"1";"2";"5";"DUNKERQUE (QUAI DE)";"50,70474920";"3,16707993"
"202300014461";"3";"06";"2023";"02:45";"3";"08";"08468";"1";"1";"1";"6";"2 Pre du Seigneur";"49,77692700";"4,45867400"
"202300014462";"18";"03";"2023";"15:45";"1";"69";"69214";"1";"1";"1";"6";"Route du Bancillon";"46,00378800";"4,34221200"
"202300014463";"1";"06";"2023";"14:10";"1";"973";"97309";"2";"1";"1";"6";"Route de Montjoly";"4,91435018";" -52,27418125"
"202300014464";"21";"11";"2023";"01:10";"5";"59";"59350";"2";"2";"1";"6";"ROYALE RUE";"50,64212000";"3,05644000"
"202300014465";"11";"08";"2023";"22:15";"5";"37";"37261";"2";"3";"1";"3";"ALOUETTE (AVENUE)";"47,36414000";"0,70370000"
"202300014466";"5";"07";"2023";"17:55";"1";"74";"74012";"2";"1";"1";"3";"SALEVE (RUE DU)";"46,19252000";"6,22877000"
"202300014467";"11";"08";"2023";"13:45";"1";"37";"37261";"2";"2";"1";"3";"PREUILLY (BOULEVARD)";"47,39345000";"0,67191000"
"202300014468";"17";"03";"2023";"21:00";"3";"49";"49248";"1";"1";"1";"6";"la peurière";"47,76081300";" -1,20272400"
"202300014469";"3";"06";"2023";"04:50";"3";"01";"01049";"1";"1";"1";"6";"autoroute A42";"45,83540000";"5,03475800"
"202300014470";"6";"07";"2023";"14:10";"1";"69";"69259";"2";"1";"1";"1";"Allée des Savoies";"45,71720000";"4,85963000"
"202300014471";"17";"11";"2023";"15:15";"1";"59";"59509";"2";"1";"8";"4";"MARTYRS DE LA RESISTANCE (AVENUE DES)";"50,41485000";"3,10766000"
"202300014472";"11";"08";"2023";"18:30";"1";"33";"33063";"2";"1";"1";"2";"Quai des Chartrons";"44,85246000";" -0,56766000"
"202300014473";"11";"08";"2023";"12:15";"1";"33";"33529";"1";"1";"1";"3";"RD 1250 (OUSTALET - BONNEVAL)";"44,61835000";" -1,12618000"
"202300014474";"17";"03";"2023";"16:46";"1";"49";"49183";"2";"1";"2";"6";"2 Rue du Genêt";"47,51055300";" -0,98334400"
"202300014475";"2";"06";"2023";"19:15";"1";"68";"68278";"2";"1";"1";"3";"57 Rue de Habsheim";"47,74479200";"7,41225800"
"202300014476";"5";"07";"2023";"12:15";"1";"69";"69259";"2";"9";"1";"6";"Boulevard Irène Joliot Curie";"45,71100000";"4,88253000"
"202300014477";"18";"11";"2023";"04:55";"4";"59";"59122";"2";"2";"2";"3";"PARIS (AVENUE DE)";"50,16789000";"3,22990000"
"202300014478";"11";"08";"2023";"19:30";"1";"31";"31555";"2";"6";"1";"3";"AV LUCIEN BAROUX";"43,58937000";"1,47881000"
"202300014479";"17";"03";"2023";"16:22";"1";"44";"44142";"1";"2";"2";"6";"18 Chez Genicot";"47,03617900";" -1,41734900"
"202300014480";"20";"11";"2023";"05:50";"5";"51";"51454";"2";"1";"1";"7";"BOIS D'AMOUR (RUE DU)";"49,25796000";"4,00554000"
"202300014481";"6";"07";"2023";"08:30";"1";"67";"67447";"2";"1";"1";"6";"HAUSBERGEN (ROUTE DE)";"48,60733000";"7,72273000"
"202300014482";"3";"06";"2023";"11:40";"1";"37";"37185";"2";"6";"1";"6";"D1";"47,44289200";"0,99476400"
"202300014483";"10";"08";"2023";"00:30";"5";"31";"31555";"2";"1";"1";"6";"BOULINGRIN";"43,59500000";"1,45194000"
"202300014484";"18";"03";"2023";"10:30";"1";"38";"38261";"2";"1";"1";"6";"grande rue";"45,67717600";"5,46966500"
"202300014485";"20";"11";"2023";"17:29";"2";"51";"51230";"2";"1";"8";"6";"HUIT MAI 1945 (AVENUE DU)";"49,02972700";"3,95355600"
"202300014486";"2";"06";"2023";"21:35";"1";"77";"77420";"1";"1";"1";"6";"D41";"49,04050768";"2,71581478"
"202300014487";"11";"08";"2023";"11:00";"1";"13";"13054";"2";"1";"1";"1";"ANTOINE DE SAINT EXUPERY (RUE )";"43,41701000";"5,21883000"
"202300014488";"5";"07";"2023";"17:30";"1";"67";"67180";"1";"1";"1";"1";"RD263";"48,88467000";"7,82755000"
"202300014489";"18";"03";"2023";"12:30";"1";"15";"15202";"1";"1";"1";"1";"D922";"45,12355000";"2,41269000"
"202300014490";"18";"11";"2023";"18:15";"1";"50";"50129";"2";"9";"2";"6";"INDUSTRIES (RUE DES)";"49,63286000";" -1,58835000"
"202300014491";"2";"06";"2023";"02:20";"3";"95";"95212";"1";"1";"1";"7";"D165";"49,03646800";"2,56412700"
"202300014492";"4";"07";"2023";"17:00";"1";"66";"66136";"2";"3";"1";"6";"Boulevard Georges Clemenceau";"42,70082000";"2,89169000"
"202300014493";"11";"08";"2023";"19:47";"1";"13";"13216";"2";"1";"1";"3";"FENOUIL (BOULEVARD)";"43,35805000";"5,32082000"
"202300014494";"20";"11";"2023";"17:25";"1";"49";"49007";"1";"1";"2";"2";"RD 323";"47,46899000";" -0,58739000"
"202300014495";"16";"03";"2023";"14:00";"1";"01";"01263";"2";"3";"1";"3";"Avenue du Marquet";"46,08062631";"4,76908967"
"202300014496";"22";"12";"2023";"18:28";"5";"56";"56083";"2";"1";"1";"7";"POMPIDOU ( AVENUE GEORGES )";"47,80253000";" -3,26526000"
"202300014497";"2";"06";"2023";"13:15";"1";"91";"91338";"2";"1";"1";"2";"Rue du Couvent";"48,64383000";"2,07553100"
"202300014498";"11";"08";"2023";"19:45";"1";"13";"13208";"2";"1";"1";"6";"MONTREDON (AVENUE DE)";"43,24138772";"5,36843039"
"202300014499";"20";"11";"2023";"17:00";"1";"49";"49015";"2";"1";"1";"3";"DE GAULLE AVENUE DU GENERAL";"47,50300000";" -0,59192000"
"202300014500";"6";"07";"2023";"11:01";"1";"63";"63075";"2";"4";"1";"6";"ROYAT (AVENUE DE)";"45,77572765";"3,06715965"
"202300014501";"18";"03";"2023";"04:45";"3";"26";"26165";"2";"1";"1";"2";"Route de fiancey";"44,80618523";"4,85541550"
"202300014502";"26";"12";"2023";"14:30";"1";"54";"54575";"1";"1";"8";"6";"D26B";"49,48041000";"5,85916000"
"202300014503";"8";"06";"2023";"15:20";"1";"62";"62193";"2";"1";"1";"6";"Rue de Tunis";"50,94483000";"1,82953000"
"202300014504";"20";"11";"2023";"15:44";"1";"49";"49353";"2";"6";"1";"7";"JEAN JAURES RUE";"47,44063000";" -0,48947000"
"202300014505";"29";"05";"2023";"09:55";"1";"34";"34154";"1";"3";"1";"2";"3 Chemin du Bosc Viel";"43,60398600";"3,99834800"
"202300014506";"20";"02";"2023";"17:24";"1";"06";"06079";"2";"1";"1";"3";"325 Avenue Janvier Passero";"43,54948200";"6,93841200"
"202300014507";"5";"07";"2023";"11:15";"1";"54";"54395";"2";"1";"1";"2";"Rue de Villers";"48,68444180";"6,16604984"
"202300014508";"2";"06";"2023";"16:50";"1";"34";"34057";"1";"1";"1";"1";"RM65";"43,64326500";"3,89605900"
"202300014509";"21";"12";"2023";"16:00";"1";"49";"49007";"2";"1";"8";"3";"AYRAULT";"47,47723000";" -0,55334000"
"202300014510";"20";"11";"2023";"13:30";"1";"49";"49007";"2";"6";"1";"3";"BOQUEL";"47,48538000";" -0,55372000"
"202300014511";"5";"07";"2023";"17:45";"1";"54";"54280";"2";"9";"1";"6";"Rue d'Arly";"49,22555000";"6,01642000"
"202300014512";"21";"12";"2023";"16:45";"1";"44";"44109";"2";"1";"1";"7";"4 Boulevard Guy Mollet";"47,24592000";" -1,55531000"
"202300014513";"18";"11";"2023";"23:35";"3";"45";"45338";"1";"1";"2";"6";"39 Rue de la Surandière";"47,98078000";"2,68669000"
"202300014514";"2";"06";"2023";"20:50";"2";"06";"06157";"2";"3";"1";"3";"place antony mars 06140";"43,72191300";"7,11442300"
"202300014515";"17";"03";"2023";"19:05";"5";"45";"45059";"2";"1";"2";"1";"D2157 PR 11 + 11";"47,93475400";"1,76346700"
"202300014516";"19";"11";"2023";"01:07";"3";"45";"45068";"2";"1";"2";"6";"2 Rue Nelson Mandela";"48,01318000";"2,72875000"
"202300014517";"17";"03";"2023";"22:45";"3";"18";"18073";"1";"1";"5";"7";"N/A";"46,89734700";"2,29550900"
"202300014518";"26";"12";"2023";"21:18";"5";"37";"37233";"2";"1";"1";"3";"MOTTE (RUE DE LA)";"47,38610351";"0,76058328"
"202300014519";"20";"11";"2023";"17:20";"2";"41";"41269";"2";"1";"1";"3";"TUILERIE (RUE DE LA)";"47,79048000";"1,07342000"
"202300014520";"18";"03";"2023";"08:30";"1";"10";"10351";"1";"1";"1";"3";"Rue du Poncelat";"48,43127900";"3,68037700"
"202300014521";"23";"12";"2023";"05:35";"3";"34";"34032";"1";"1";"1";"1";"ROUTE DE BEDARIEUX (RD.909)";"43,38177000";"3,22270000"
"202300014522";"18";"03";"2023";"04:15";"3";"10";"10106";"1";"1";"1";"7";"D951";"48,45965094";"3,41335982"
"202300014523";"17";"11";"2023";"14:07";"1";"41";"41018";"2";"1";"1";"6";"CHAILLES (LEVEE DE)";"47,57428000";"1,32344000"