"Num_Acc";"jour";"mois";"an";"hrmn";"lum";"dep";"com";"agg";"int";"atm";"col";"adr";"lat";"long"
"202300014719";"1";"06";"2023";"17:41";"1";"69";"69034";"2";"1";"1";"3";"112 Quai Clémenceau";"45,81152000";"4,84602000"
"202300014720";"20";"11";"2023";"09:25";"1";"75";"75115";"2";"3";"1";"3";"Boulevard Gallieni";"48,82973149";"2,26738080"
"202300014721";"17";"09";"2023";"10:35";"1";"65";"65059";"2";"3";"1";"6";"Place des Vignaux";"43,06620300";"0,14936700"
"202300014722";"26";"12";"2023";"16:40";"1";"41";"41010";"2";"9";"1";"3";"Rue de Buissay";"47,85416300";"1,00280300"
"202300014723";"1";"06";"2023";"10:10";"1";"69";"69385";"2";"2";"1";"3";"Rue Joliot Curie";"45,75444000";"4,78216000"
"202300014724";"20";"11";"2023";"18:50";"3";"92";"92025";"2";"2";"2";"6";"CHARLES DE GAULLE (BD)";"48,91904197";"2,22299731"
"202300014725";"16";"09";"2023";"23:50";"3";"09";"09003";"1";"9";"1";"6";"D117";"42,91930200";"1,89132200"
"202300014726";"18";"09";"2023";"01:45";"3";"86";"86062";"2";"6";"1";"7";"Rue des Sables";"46,64619500";"0,36804200"
"202300014727";"22";"12";"2023";"17:35";"3";"67";"67435";"1";"3";"1";"2";"D8";"48,91744400";"7,08594600"
"202300014728";"18";"11";"2023";"23:45";"5";"92";"92025";"2";"1";"2";"6";"STALINGRAD (AV DE)";"48,93201000";"2,26635000"
"202300014729";"30";"05";"2023";"21:45";"3";"971";"97101";"1";"1";"1";"3";"RN1-  HAUTEUR DE SORTIE LAURICISQUE";"16,25315935";" -61,54427290"
"202300014730";"16";"03";"2023";"13:30";"1";"77";"77249";"1";"1";"1";"7";"RTE DE MAISON BLANCHE";"48,75000000";"2,61250000"
"202300014731";"14";"09";"2023";"17:00";"1";"85";"85112";"1";"1";"7";"7";"la brochetiere";"46,55411200";" -1,76529900"
"202300014732";"1";"06";"2023";"15:30";"1";"95";"95277";"1";"1";"1";"1";"D970";"49,00573000";"2,42707000"
"202300014733";"20";"11";"2023";"10:20";"1";"92";"92024";"2";"2";"1";"3";"CLICHY (QUAI DE) DE (8 A 60)";"48,90844989";"2,30021238"
"202300014734";"27";"12";"2023";"16:04";"1";"71";"71263";"1";"1";"1";"1";"Rue du Jura";"46,63305800";"5,25147000"
"202300014735";"18";"09";"2023";"09:20";"1";"85";"85113";"2";"1";"1";"6";"9 Rue neptune";"46,72386600";" -2,34448100"
"202300014736";"15";"03";"2023";"16:50";"1";"77";"77495";"1";"1";"1";"4";"D306";"48,57202000";"2,62156000"
"202300014737";"7";"11";"2023";"21:50";"5";"92";"92036";"2";"2";"1";"3";"PIERRE DE COUBERTIN  ( BD )";"48,92926369";"2,28446531"
"202300014738";"16";"03";"2023";"13:35";"1";"76";"76351";"2";"4";"1";"3";"JULES DELAMARE";"49,49144000";"0,16120000"
"202300014739";"26";"12";"2023";"15:40";"1";"71";"71243";"1";"1";"1";"3";"D112";"46,46522100";"5,32150300"
"202300014740";"30";"05";"2023";"00:30";"4";"91";"91174";"2";"1";"1";"1";"D446";"48,61065000";"2,44896000"
"202300014741";"18";"11";"2023";"20:10";"3";"63";"63345";"1";"1";"1";"2";"D942";"45,74316400";"2,95500000"
"202300014742";"17";"09";"2023";"21:45";"5";"60";"60346";"2";"9";"3";"6";"Avenue de la Libération";"49,14988400";"2,44263700"
"202300014743";"15";"03";"2023";"07:45";"1";"76";"76351";"2";"2";"2";"3";"FLEURUS (DE)";"49,49262000";"0,13750000"
"202300014744";"27";"12";"2023";"19:30";"3";"71";"71218";"1";"1";"1";"6";"Le Belvedere";"46,31135700";"4,35003200"
"202300014745";"1";"06";"2023";"18:05";"1";"89";"89342";"1";"2";"1";"2";"";"48,22180000";"3,27106000"
"202300014746";"20";"11";"2023";"17:30";"3";"54";"54113";"1";"1";"2";"1";"D674";"48,74003465";"6,33505046"
"202300014747";"18";"09";"2023";"17:00";"1";"60";"60009";"2";"3";"2";"1";"Rue de la Chapelle";"49,40765000";"2,13119700"
"202300014748";"16";"03";"2023";"19:55";"5";"73";"73008";"2";"6";"1";"3";"D50 / D991";"45,68555000";"5,91003000"
"202300014749";"27";"12";"2023";"12:45";"1";"61";"61293";"1";"3";"1";"3";"D8";"48,52011800";"0,56219100"
"202300014750";"31";"05";"2023";"14:20";"1";"87";"87085";"1";"1";"1";"2";"AUTOROUTE A20";"45,89472000";"1,29376000"
"202300014751";"17";"09";"2023";"00:50";"5";"13";"13202";"1";"1";"1";"7";"Tunnel Joliette Marseille vers Aubagne";"43,30220000";"5,36465000"
"202300014752";"21";"11";"2023";"08:30";"2";"95";"95205";"1";"4";"2";"1";"D316";"49,02553300";"2,38709100"
"202300014753";"16";"03";"2023";"07:45";"1";"72";"72181";"2";"3";"1";"3";"RUAUDIN (RUE) N° PAIRS 74 A 190";"47,98020000";"0,21660000"
"202300014754";"20";"11";"2023";"16:05";"1";"85";"85092";"2";"1";"1";"1";"4 Rue de grissais";"46,46551000";" -0,81702200"
"202300014755";"16";"09";"2023";"21:40";"5";"69";"69029";"1";"9";"1";"2";"Boulevard Périphérique Laurent Bonnevay";"45,74247364";"4,90562873"
"202300014756";"26";"05";"2023";"17:03";"1";"87";"87085";"2";"1";"1";"6";"LIAISON SUD ( voie de)";"45,81098000";"1,25688000"
"202300014757";"27";"12";"2023";"12:49";"1";"49";"49362";"2";"2";"1";"3";"Boulevard Saint-vincent";"47,22291300";" -0,06187900"
"202300014758";"15";"03";"2023";"20:25";"5";"72";"72181";"2";"2";"1";"3";"SAVORGNAN DE BRAZZA (AV) N° PAIRS";"48,01430000";"0,22143000"
"202300014759";"15";"09";"2023";"00:40";"3";"67";"67482";"2";"9";"1";"6";"M35";"48,57043000";"7,73176000"
"202300014760";"20";"11";"2023";"16:45";"1";"11";"11095";"1";"1";"1";"1";"A61 PK 343+350";"43,17930900";"2,58364300"
"202300014761";"29";"05";"2023";"21:06";"1";"87";"87085";"1";"1";"1";"6";"FRAUD (RUE DU)";"45,85474000";"1,20413000"
"202300014762";"26";"12";"2023";"03:50";"3";"86";"86211";"1";"1";"1";"6";"Lieu-dit la Borichère";"46,25892400";"0,34185500"
"202300014763";"15";"03";"2023";"19:22";"2";"72";"72181";"2";"4";"1";"3";"DURAND GEORGES (AV) N° IMP 313 ET plus";"47,96577000";"0,22043000"
"202300014764";"12";"09";"2023";"18:40";"1";"67";"67152";"1";"1";"1";"6";"M35";"48,52784000";"7,68790000"
"202300014765";"27";"05";"2023";"17:35";"1";"87";"87085";"2";"1";"1";"6";"CAMBUSES (Avenue des)";"45,89054000";"1,27852000"
"202300014766";"19";"11";"2023";"15:50";"1";"06";"06161";"2";"9";"1";"3";"2507 Route Départementale 6007";"43,62727400";"7,13265000"
"202300014767";"27";"12";"2023";"04:15";"3";"68";"68377";"1";"1";"1";"7";"Rue de Hirsingue";"47,62020200";"7,27367000"
"202300014768";"15";"03";"2023";"19:45";"5";"71";"71040";"2";"1";"1";"6";"MARCEL GUEUGNEAU (RUE)";"46,69921000";"4,39270000"
"202300014769";"12";"09";"2023";"14:40";"1";"67";"67482";"1";"1";"1";"2";"M352";"48,57095000";"7,73496000"
"202300014770";"26";"05";"2023";"15:56";"1";"87";"87085";"2";"1";"1";"2";"PERRIN (RUE FRANCOIS)";"45,82647000";"1,23721000"
"202300014771";"27";"12";"2023";"00:15";"3";"29";"29277";"1";"1";"2";"7";"Vern Ar Plantec";"48,41441062";" -4,09525636"
"202300014772";"21";"11";"2023";"12:30";"1";"974";"97404";"2";"3";"1";"1";"Avenue Raymond Barre";" -21,26637000";"55,36849700"
"202300014773";"16";"03";"2023";"08:10";"1";"69";"69264";"2";"3";"1";"6";"Rue Jeanne Jugan";"45,99290000";"4,70726000"
"202300014774";"2";"06";"2023";"01:00";"5";"85";"85191";"2";"1";"1";"7";"85 Rue du maréchal joffre";"46,66637000";" -1,42454000"
"202300014775";"16";"03";"2023";"07:45";"1";"67";"67482";"2";"1";"1";"6";"LYON (BOULEVARD DE)";"48,57738000";"7,73127000"
"202300014776";"20";"11";"2023";"18:45";"5";"60";"60176";"2";"1";"2";"6";"63 Rue Henri Laroche";"49,22542900";"2,90459900"
"202300014777";"27";"12";"2023";"17:10";"2";"02";"02780";"1";"1";"1";"1";"N/A";"49,36145310";"3,39632777"
"202300014778";"1";"06";"2023";"09:20";"1";"83";"83090";"2";"6";"1";"6";"NATIONALE 8 (ROUTE)";"43,13474000";"5,85900000"
"202300014779";"20";"11";"2023";"12:30";"1";"50";"50214";"1";"1";"3";"6";"A84";"48,92174100";" -1,08159000"
"202300014780";"14";"03";"2023";"19:00";"2";"66";"66136";"2";"1";"1";"2";"N/A";"42,72621100";"2,89244000"
"202300014781";"14";"03";"2023";"14:17";"1";"66";"66136";"2";"1";"1";"6";"ARGELES SUR MER AVENUE D'";"42,68151000";"2,91050000"
"202300014782";"27";"12";"2023";"10:45";"1";"14";"14478";"2";"1";"1";"2";"8 Rue des Augustines";"49,02212800";"0,40507000"
"202300014783";"17";"09";"2023";"18:15";"1";"33";"33474";"1";"1";"1";"4";"AUTOROUTE A 62";"44,67200900";" -0,47520600"
"202300014784";"18";"11";"2023";"14:40";"1";"62";"62207";"1";"3";"2";"3";"D901E1";"50,44966900";"1,75056000"
"202300014785";"27";"05";"2023";"16:15";"1";"83";"83126";"2";"6";"1";"2";"LONDRES (AV DE)";"43,10918300";"5,85751400"
"202300014786";"14";"03";"2023";"11:47";"1";"66";"66136";"2";"3";"1";"3";"N/A";"42,70162100";"2,89970000"
"202300014787";"17";"09";"2023";"18:50";"1";"94";"94003";"1";"1";"1";"6";"A6A";"48,79951772";"2,34247635"
"202300014788";"20";"11";"2023";"22:10";"3";"41";"41238";"1";"1";"2";"6";"route de monplaisir";"47,89044200";"0,82143200"
"202300014789";"27";"12";"2023";"14:00";"1";"60";"60471";"2";"3";"1";"1";"Rue du Faubourg d'Amiens";"49,58449700";"2,99536800"
"202300014790";"26";"05";"2023";"10:38";"1";"80";"80021";"2";"2";"7";"6";"PAIX (AVENUE DE LA)";"49,91166000";"2,30106000"
"202300014791";"16";"03";"2023";"00:45";"5";"64";"64445";"2";"1";"1";"6";"JEAN MERMOZ";"43,31050000";" -0,37708000"
"202300014792";"24";"12";"2023";"11:00";"1";"64";"64059";"1";"1";"7";"3";"RD 817";"43,28139200";" -0,24184900"
"202300014793";"30";"05";"2023";"08:20";"1";"80";"80489";"2";"2";"1";"3";"GENERAL GALLIENI (RUE DU )";"49,86904000";"2,35563000"
"202300014794";"17";"09";"2023";"13:55";"1";"94";"94034";"1";"1";"1";"5";"A86";"48,75895409";"2,32434215"
"202300014795";"21";"11";"2023";"13:20";"1";"19";"19002";"1";"3";"2";"5";"D1089";"45,61061500";"2,41480900"
"202300014796";"15";"03";"2023";"16:36";"1";"63";"63113";"2";"2";"1";"4";"BERTHELOT / A.Menat";"45,77874487";"3,07204396"
"202300014797";"16";"12";"2023";"03:15";"4";"16";"16304";"2";"1";"5";"6";"13 Rue de la Trache";"45,68545800";" -0,28810500"
"202300014798";"28";"05";"2023";"17:35";"1";"80";"80001";"2";"1";"1";"6";"Boulevard de la République";"50,10918000";"1,83946000"
"202300014799";"16";"09";"2023";"17:15";"1";"94";"94021";"1";"1";"1";"6";"A6B";"48,76918213";"2,34391194"
"202300014800";"21";"11";"2023";"18:30";"3";"32";"32414";"1";"9";"1";"1";"D3";"43,67070400";" -0,06028500"
"202300014801";"7";"03";"2023";"10:00";"1";"62";"62525";"1";"1";"2";"6";"D942";"50,74566000";"2,23360000"
"202300014802";"1";"06";"2023";"18:30";"1";"78";"78005";"2";"1";"7";"6";"KASTLER (RUE ALFRED)";"48,96917000";"2,07307000"
"202300014803";"27";"12";"2023";"10:50";"1";"04";"04187";"1";"1";"1";"6";"D19";"43,97543000";"6,38918300"
"202300014804";"21";"11";"2023";"19:18";"3";"71";"71182";"1";"3";"2";"3";"D981";"46,80098500";"4,75217700"
"202300014805";"16";"03";"2023";"08:30";"1";"61";"61006";"2";"3";"1";"3";"Voie Communale";"48,73245200";" -0,02512300"
"202300014806";"16";"09";"2023";"21:00";"5";"93";"93006";"1";"1";"1";"2";"AUTOROUTE A3";"48,86690246";"2,42530059"
"202300014807";"16";"09";"2023";"22:00";"5";"93";"93008";"1";"1";"1";"7";"AUTOROUTE A86";"48,91351503";"2,43444657"
"202300014808";"16";"03";"2023";"16:30";"1";"60";"60057";"2";"1";"1";"2";"Avenue Corot";"49,42712991";"2,10257077"
"202300014809";"25";"12";"2023";"17:40";"5";"27";"27445";"1";"1";"2";"3";"D181";"49,25103900";"1,67372700"
"202300014810";"20";"11";"2023";"15:15";"1";"63";"63350";"1";"1";"1";"7";"chemin des pres bas a viquery";"45,71761000";"3,23654900"
"202300014811";"1";"06";"2023";"18:15";"1";"77";"77209";"1";"2";"1";"3";"D217BIS";"48,85393000";"2,69071000"
"202300014812";"15";"09";"2023";"10:10";"1";"95";"95351";"1";"1";"1";"2";"N104";"49,03851501";"2,48434782"
"202300014813";"26";"12";"2023";"18:33";"3";"28";"28121";"1";"6";"1";"7";"2154";"48,09521500";"1,86517600"
"202300014814";"16";"03";"2023";"20:20";"5";"59";"59350";"2";"3";"1";"3";"FAUBOURG DES POSTES RUE";"50,61483000";"3,04826000"
"202300014815";"20";"11";"2023";"08:35";"1";"38";"38180";"1";"2";"1";"3";"Chemin de Lemps";"45,38876100";"5,30547400"
"202300014816";"21";"11";"2023";"16:50";"2";"70";"70245";"1";"1";"2";"6";"D83";"47,90629600";"6,45208600"
"202300014817";"16";"09";"2023";"20:30";"4";"94";"94069";"1";"1";"1";"3";"A4";"48,81728543";"2,43173439"
"202300014818";"16";"03";"2023";"19:20";"2";"59";"59009";"2";"2";"1";"3";"FUSILLES RUE DES DU N°9 AU N° 121";"50,61514391";"3,15447624"
"202300014819";"1";"06";"2023";"13:45";"1";"77";"77268";"2";"1";"1";"2";"D93";"48,85986000";"2,81075000"
"202300014820";"21";"11";"2023";"19:10";"5";"06";"06023";"2";"1";"1";"7";"Pont Charabot";"43,93828800";"7,51332300"
"202300014821";"15";"03";"2023";"12:00";"1";"56";"56121";"2";"4";"1";"6";"42 Boulevard Eugène Cosmao-Dumanoir";"47,75424000";" -3,36624000"
"202300014822";"1";"06";"2023";"22:55";"5";"76";"76484";"2";"2";"1";"6";"Rue Jean Jacques Rousseau";"49,34537000";"1,09345000"
"202300014823";"16";"09";"2023";"16:30";"1";"94";"94069";"1";"1";"1";"5";"A4";"48,81737184";"2,43495080"
"202300014824";"21";"11";"2023";"13:30";"1";"06";"06023";"2";"1";"1";"6";"200 Rue Rene Cassin";"43,94098100";"7,51477200"
"202300014825";"11";"03";"2023";"10:15";"1";"54";"54323";"2";"1";"4";"6";"Avenue de l'Aviation";"49,51838000";"5,75523000"
"202300014826";"31";"05";"2023";"17:15";"1";"76";"76341";"2";"1";"1";"6";"FRIEDRICH ENGELS";"49,51234900";"0,19128000"
"202300014827";"26";"12";"2023";"17:50";"3";"63";"63224";"1";"1";"1";"4";"A 71";"45,86727435";"3,15720141"
"202300014828";"15";"03";"2023";"17:00";"1";"49";"49099";"2";"2";"8";"6";"LAENNEC (RUE DU DOCTEUR RENE)";"47,05705000";" -0,86789000"
"202300014829";"8";"11";"2023";"07:30";"2";"05";"05040";"2";"2";"1";"3";"Grande Rue";"44,54501200";"6,27805900"
"202300014830";"1";"06";"2023";"15:55";"1";"74";"74281";"2";"1";"1";"1";"CRETS (CHEMIN DE DESSOUS LES)";"46,37590000";"6,50033000"
"202300014831";"15";"03";"2023";"00:30";"3";"49";"49007";"2";"1";"1";"6";"GAUTIER RUE ET SQUARE";"47,46424000";" -0,56199000"
"202300014832";"26";"12";"2023";"16:30";"1";"51";"51278";"1";"1";"1";"7";"A4 PK 165+650";"49,07232700";"4,26749600"
"202300014833";"21";"11";"2023";"18:00";"5";"50";"50603";"2";"1";"2";"6";"Rue de l'Amiral";"49,04642700";" -1,54239400"
"202300014834";"26";"05";"2023";"16:55";"1";"25";"25462";"2";"1";"1";"3";"BESANCON (DU 72TER A LA FIN)";"46,91675000";"6,34438000"
"202300014835";"30";"05";"2023";"07:50";"1";"72";"72181";"2";"3";"1";"3";"FRESNELLERIE BD DE LA N° IMP";"47,96981000";"0,20610000"
"202300014836";"26";"12";"2023";"18:15";"3";"28";"28367";"1";"1";"1";"6";"Autoroute A10 PK 71.040";"48,14749500";"1,85585000"
"202300014837";"16";"09";"2023";"15:30";"1";"974";"97416";"2";"1";"1";"3";"ARCHAMBAUD (RUE)";" -21,33169000";"55,47890000"
"202300014838";"16";"03";"2023";"19:40";"2";"42";"42184";"2";"1";"1";"5";"Boulevard Ouest";"46,04567000";"4,06070000"
"202300014839";"1";"06";"2023";"08:40";"1";"71";"71040";"2";"1";"1";"1";"route départementale 601";"46,70778000";"4,41455000"
"202300014840";"20";"11";"2023";"19:15";"3";"45";"45161";"1";"1";"2";"6";"D315 PR 1 + 52";"48,07651600";"2,82771300"
"202300014841";"26";"12";"2023";"06:45";"1";"988";"98825";"1";"1";"1";"1";"RT1";" -21,24306200";"164,91396900"
"202300014842";"16";"09";"2023";"13:30";"1";"69";"69383";"2";"1";"1";"1";"Rue Maurice Flandin";"45,76050000";"4,86353000"
"202300014843";"16";"03";"2023";"07:23";"1";"38";"38053";"2";"1";"7";"3";"LYON (ROUTE DE LYON COTE NORD)";"45,58724000";"5,25256000"
"202300014844";"31";"05";"2023";"20:15";"1";"71";"71105";"2";"2";"1";"7";"Grande Rue de la Coupée";"46,30860000";"4,80924000"
"202300014845";"21";"11";"2023";"19:20";"5";"53";"53147";"2";"1";"2";"6";"rue Pierre Curie";"48,30297300";" -0,62245500"
"202300014846";"20";"11";"2023";"22:40";"3";"30";"30062";"1";"1";"1";"7";"route départementale 01";"43,75498200";"4,20518900"
"202300014847";"16";"03";"2023";"23:30";"5";"35";"35238";"2";"1";"1";"6";"GUILLOUX (LOUIS)";"48,10889000";" -1,69717000"
"202300014848";"16";"09";"2023";"05:30";"1";"972";"97213";"1";"1";"1";"6";"ROUTE DEPARTEMENTALE 3";"14,63462000";" -60,99189000"
"202300014849";"1";"06";"2023";"18:00";"1";"71";"71153";"2";"2";"7";"3";"PRES (RUE DES)";"46,80515500";"4,45742400"
"202300014850";"25";"12";"2023";"20:30";"5";"971";"97106";"1";"1";"1";"1";"rn2";"16,14413400";" -61,77067300"
"202300014851";"21";"11";"2023";"17:40";"5";"30";"30185";"2";"1";"1";"6";"rue du puits vieux";"43,73616200";"4,20294600"
"202300014852";"16";"03";"2023";"12:20";"1";"35";"35238";"2";"1";"1";"3";"BATAILLE FLANDRES/ DUNKERQUE MAI 40";"48,12134900";" -1,70183500"
"202300014853";"1";"06";"2023";"19:30";"1";"69";"69256";"2";"1";"1";"6";"Rue Franklin";"45,78904000";"4,92981000"
"202300014854";"12";"09";"2023";"10:05";"1";"972";"97209";"2";"1";"1";"6";"ERNEST DEPROGE (RUE)";"14,60310987";" -61,06998861"
"202300014855";"21";"12";"2023";"08:24";"1";"77";"77142";"2";"1";"1";"2";"D934";"48,85845100";"2,92177200"
"202300014856";"14";"03";"2023";"18:14";"2";"34";"34003";"2";"9";"1";"3";"Route de Rochelongue";"43,28967100";"3,48138900"
"202300014857";"1";"06";"2023";"16:36";"1";"68";"68224";"2";"6";"7";"7";"GAY-LUSSAC (RUE)";"47,74227000";"7,33130000"
"202300014858";"18";"11";"2023";"23:15";"3";"30";"30354";"1";"2";"1";"3";"D123";"43,94511700";"4,14158800"
"202300014859";"17";"09";"2023";"00:25";"5";"69";"69385";"2";"1";"1";"3";"36 Quai Fulchiron";"45,75430000";"4,82370000"
"202300014860";"15";"03";"2023";"16:50";"1";"31";"31149";"1";"1";"7";"2";"RN124";"43,60755000";"1,35166000"
"202300014861";"28";"09";"2023";"17:00";"1";"34";"34344";"2";"1";"1";"6";"Avenue de la Petite Motte";"43,56701400";"4,07427500"
"202300014862";"21";"11";"2023";"04:30";"3";"42";"42156";"1";"1";"2";"2";"N82";"45,91911700";"4,16458900"
"202300014863";"1";"06";"2023";"08:20";"1";"68";"68066";"2";"1";"1";"1";"7 Rue de Londres";"48,08275900";"7,32971700"
"202300014864";"16";"03";"2023";"16:25";"1";"30";"30028";"1";"2";"1";"2";"Route de Nîmes";"44,13775857";"4,61289525"
"202300014865";"31";"05";"2023";"19:20";"1";"67";"67447";"2";"1";"1";"6";"BISCHWILLER (ROUTE DE)";"48,60041000";"7,74368000"
"202300014866";"16";"09";"2023";"23:00";"5";"69";"69385";"2";"1";"1";"1";"5 Avenue Barthélémy Buyer";"45,75865757";"4,81231807"
"202300014867";"26";"12";"2023";"16:40";"1";"13";"13022";"2";"3";"1";"2";"Avenue Marechal Foch";"43,21691951";"5,55037826"
"202300014868";"15";"03";"2023";"19:48";"5";"29";"29019";"2";"1";"8";"6";"avenue Maréchal Foch";"48,39648920";" -4,48875278"
"202300014869";"14";"11";"2023";"08:00";"1";"13";"13104";"2";"6";"1";"2";"D5";"43,33908600";"5,10408000"
"202300014870";"14";"03";"2023";"08:15";"1";"27";"27562";"1";"1";"1";"3";"CROIX BLANCHE (RUE DE LA)";"49,08734000";"1,43552000"
"202300014871";"15";"09";"2023";"16:45";"1";"69";"69034";"2";"2";"1";"3";"Montée des Soldats";"45,79120000";"4,86070000"
"202300014872";"27";"12";"2023";"16:30";"2";"33";"33317";"1";"1";"1";"7";"5 Lieu Dit la Massonne";"45,03071500";" -0,30819100"
"202300014873";"15";"03";"2023";"18:40";"1";"27";"27375";"2";"1";"1";"2";"BELGIQUE (RUE DE)";"49,20544000";"1,15500000"
"202300014874";"1";"06";"2023";"10:30";"1";"64";"64545";"1";"1";"8";"2";"N/A";"43,33430000";" -1,67761000"
"202300014875";"16";"09";"2023";"04:30";"5";"2B";"2B037";"1";"9";"2";"6";"TOUTES RUES";"42,62999000";"9,43791000"
"202300014876";"20";"11";"2023";"20:15";"3";"45";"45229";"1";"2";"2";"3";"D627 PR 2 + 148";"47,84717200";"2,73073600"
"202300014877";"16";"09";"2023";"07:25";"2";"95";"95277";"2";"1";"1";"1";"GEORGES POMPIDOU (AVENUE)";"48,99010000";"2,42970000"
"202300014878";"14";"09";"2023";"17:15";"1";"95";"95424";"2";"1";"1";"6";"EUGENE DELACROIX (PLACE)";"48,99427000";"2,20301000"
"202300014879";"16";"03";"2023";"21:25";"5";"25";"25056";"2";"6";"1";"3";"TREY  RUE DE (inf 36)";"47,25560900";"6,02173600"
"202300014880";"20";"11";"2023";"18:00";"5";"91";"91179";"2";"2";"3";"6";"rue panharsd";"48,56432000";"2,48212700"
"202300014881";"30";"09";"2023";"18:50";"2";"85";"85151";"2";"6";"7";"3";"RD149";"46,98492200";" -0,93627900"
"202300014882";"1";"06";"2023";"17:30";"1";"64";"64445";"1";"1";"1";"5";"CAMI SALIE DU";"43,32853000";" -0,34872000"
"202300014883";"16";"09";"2023";"11:55";"1";"83";"83126";"2";"3";"1";"3";"STALINGRAD (BD)";"43,10434127";"5,87087023"
"202300014884";"16";"03";"2023";"11:00";"1";"22";"22278";"2";"3";"1";"5";"DOUVENANT (DE)";"48,50123000";" -2,73428000"
"202300014885";"31";"05";"2023";"04:40";"5";"64";"64445";"2";"1";"1";"6";"COPERNIC";"43,32378000";" -0,32945000"
"202300014886";"26";"12";"2023";"23:48";"3";"29";"29042";"2";"1";"1";"6";"Kersignénou Greiz";"48,25886087";" -4,55040531"
"202300014887";"16";"09";"2023";"06:15";"5";"76";"76540";"2";"1";"1";"6";"Avenue de la Libération";"49,42747000";"1,07007000"
"202300014888";"16";"03";"2023";"07:47";"1";"17";"17300";"2";"1";"1";"3";"REPENTIE   AVENUE DE LA";"46,17117000";" -1,20844000"
"202300014889";"27";"12";"2023";"06:30";"3";"76";"76649";"1";"1";"1";"7";"d1314";"49,68023600";"1,50371100"
"202300014890";"31";"05";"2023";"07:10";"1";"61";"61001";"2";"3";"1";"3";"D112";"48,43551000";"0,09696000"
"202300014891";"15";"09";"2023";"18:50";"1";"69";"69013";"1";"1";"1";"1";"Route du Verrier";"46,02192000";"4,71880000"
"202300014892";"7";"03";"2023";"17:00";"1";"13";"13210";"2";"9";"1";"1";"RABATAU (BOULEVARD)";"43,28259933";"5,39948772"
"202300014893";"26";"12";"2023";"08:50";"2";"83";"83123";"1";"1";"1";"2";"A50";"43,14310190";"5,78862956"
"202300014894";"31";"05";"2023";"17:25";"1";"61";"61001";"2";"6";"1";"6";"Voie Communale";"48,43077000";"0,09115000"
"202300014895";"16";"03";"2023";"11:00";"1";"13";"13210";"2";"9";"1";"3";"RABATAU (BOULEVARD)";"43,28204261";"5,39955568"
"202300014896";"16";"09";"2023";"20:09";"2";"64";"64122";"2";"2";"1";"3";"BOUSSINGORY (RUE)";"43,48020000";" -1,54654000"
"202300014897";"28";"05";"2023";"19:50";"1";"60";"60057";"2";"1";"7";"6";"Avenue du 8 Mai 1945";"49,43915000";"2,10023000"
"202300014898";"15";"03";"2023";"11:30";"1";"13";"13212";"2";"1";"1";"6";"LA FOURRAGERE (AVENUE)";"43,30190994";"5,43064162"
"202300014899";"16";"09";"2023";"19:00";"1";"64";"64024";"2";"1";"1";"7";"SAINT PEE (ROUTE DE)";"43,45654952";" -1,50701120"
"202300014900";"1";"06";"2023";"17:30";"1";"59";"59392";"2";"1";"1";"6";"LIBERTE (RUE DE LA)";"50,27847100";"3,95214800"
"202300014901";"16";"03";"2023";"08:00";"1";"13";"13028";"2";"6";"1";"3";"SEVERIERS (CHEMIN DES)";"43,20219000";"5,61581000"
"202300014902";"26";"12";"2023";"08:40";"2";"83";"83123";"1";"1";"1";"2";"A50";"43,14310190";"5,78862956"
"202300014903";"16";"09";"2023";"17:30";"1";"64";"64102";"2";"1";"1";"7";"MAUBEC (RUE)";"43,49722000";" -1,46789000"
"202300014904";"16";"03";"2023";"07:30";"1";"13";"13005";"2";"1";"1";"6";"BARBAROUX PROLONGEE AV. MAGUY";"43,28437000";"5,54601000"
"202300014905";"1";"06";"2023";"18:00";"2";"59";"59360";"2";"1";"1";"6";"FOCH RUE DU MARECHAL";"50,61416000";"3,01008000"
"202300014906";"16";"09";"2023";"21:05";"5";"61";"61001";"2";"1";"1";"6";"Voie Communale";"48,42110000";"0,09505000"
"202300014907";"22";"12";"2023";"17:30";"3";"59";"59507";"1";"1";"1";"2";"AUTOROUTE A1";"50,61413000";"3,08587000"
"202300014908";"15";"03";"2023";"17:20";"1";"13";"13005";"2";"1";"1";"3";"GEMENOS (ROUTE DE CD2)";"43,28805000";"5,52328000"
"202300014909";"1";"06";"2023";"13:50";"1";"59";"59378";"2";"1";"1";"6";"CLEMENCEAU BLVD (N°31-191)";"50,66564000";"3,07681000"
"202300014910";"15";"09";"2023";"16:50";"1";"56";"56121";"2";"1";"1";"2";"NAYEL ( ET PLACE AUGUSTE )";"47,74738770";" -3,36237000"
"202300014911";"26";"12";"2023";"01:25";"3";"91";"91037";"1";"1";"1";"2";"AUTOROUTE A6";"48,53073000";"2,50102000"
"202300014912";"15";"03";"2023";"11:27";"1";"10";"10387";"2";"1";"1";"6";"CLOITRE ST ETIENNE (RUE DU)";"48,29667000";"4,08190000"
"202300014913";"31";"05";"2023";"10:25";"1";"59";"59193";"2";"2";"1";"3";"HAUBOURDIN, RUE D'";"50,59826000";"2,99942000"
"202300014914";"16";"09";"2023";"15:20";"1";"54";"54431";"2";"9";"1";"3";"Route de Briey";"48,91038300";"6,03841100"
"202300014915";"16";"03";"2023";"11:15";"1";"07";"07281";"2";"1";"1";"6";"REPUBLIQUE (RUE DE LA)";"44,94384000";"4,84155000"
"202300014916";"26";"12";"2023";"10:55";"1";"94";"94018";"1";"1";"1";"2";"A4";"48,82467978";"2,39323330"
"202300014917";"15";"09";"2023";"17:40";"1";"54";"54395";"2";"1";"1";"3";"Avenue de Strasbourg";"48,67659000";"6,19938000"