"Num_Acc";"jour";"mois";"an";"hrmn";"lum";"dep";"com";"agg";"int";"atm";"col";"adr";"lat";"long"
"202300014918";"1";"06";"2023";"12:10";"1";"59";"59350";"2";"1";"1";"4";"MONTEBELLO BOULEVARD N° RESTE";"50,62300000";"3,04455000"
"202300014919";"16";"03";"2023";"08:15";"1";"07";"07316";"1";"1";"1";"3";"LYON (ROUTE DE)";"44,90517000";"4,85340000"
"202300014920";"15";"09";"2023";"19:50";"2";"51";"51454";"2";"1";"1";"6";"BOIS D'AMOUR (RUE DU)";"49,25677000";"4,00829000"
"202300014921";"16";"03";"2023";"18:40";"1";"06";"06069";"2";"1";"1";"7";"SAINTE MARGUERITE (CHEMIN)";"43,64316500";"6,94889600"
"202300014922";"26";"10";"2023";"10:35";"1";"74";"74225";"2";"9";"2";"6";"Rue Frédéric Girod";"45,86725300";"5,94305400"
"202300014923";"15";"03";"2023";"10:45";"1";"974";"97411";"2";"1";"1";"3";"LANCASTEL (BOULEVARD)";" -20,88413000";"55,46710000"
"202300014924";"16";"09";"2023";"08:25";"1";"50";"50066";"1";"2";"1";"1";"VOIE NOUVELLE ROUTE DU CROISSANT";"48,81359000";" -1,54618000"
"202300014925";"15";"03";"2023";"06:05";"1";"974";"97411";"2";"1";"1";"2";"JAURES (BOULEVARD JEAN)";" -20,88830000";"55,44520000"
"202300014926";"17";"09";"2023";"01:35";"5";"49";"49007";"2";"1";"1";"6";"D323";"47,47798000";" -0,55318000"
"202300014927";"1";"06";"2023";"07:55";"1";"59";"59350";"2";"1";"1";"2";"VAUBAN BOULEVARD N°2-18-1-39";"50,63314000";"3,04752600"
"202300014928";"17";"10";"2023";"15:27";"1";"74";"74161";"2";"3";"1";"6";"Route de peignât";"45,87455200";"5,99779500"
"202300014929";"14";"03";"2023";"13:00";"1";"973";"97302";"2";"3";"1";"1";"BOUDINOT (AUGUSTE) CITE THEMIRE";"4,93325500";" -52,31953365"
"202300014930";"10";"03";"2023";"16:55";"1";"973";"97302";"2";"1";"1";"3";"SPATULES (RUE DES) CITE EAU LISETTE";"4,92730890";" -52,32206395"
"202300014931";"16";"09";"2023";"03:57";"3";"42";"42127";"2";"6";"1";"6";"Rue Alfred de Musset";"46,06257000";"4,05798000"
"202300014932";"15";"03";"2023";"21:30";"5";"69";"69388";"2";"2";"1";"6";"Boulevard des Etats-Unis";"45,72955000";"4,86739000"
"202300014933";"13";"10";"2023";"16:10";"1";"74";"74010";"1";"1";"1";"1";"Route de geneve";"45,94796000";"6,12148700"
"202300014934";"16";"09";"2023";"12:30";"1";"38";"38421";"2";"2";"8";"3";"AVENUE DE LA MOGNE";"45,17234000";"5,75189000"
"202300014935";"15";"03";"2023";"20:10";"5";"69";"69387";"2";"3";"1";"6";"106 Cours Gambetta";"45,75147931";"4,85390021"
"202300014936";"5";"10";"2023";"20:05";"5";"74";"74150";"1";"3";"1";"3";"D1206";"46,26759600";"6,31519700"
"202300014937";"15";"03";"2023";"19:45";"5";"69";"69386";"2";"1";"1";"6";"Boulevard des Belges";"45,77556000";"4,84663000"
"202300014938";"16";"09";"2023";"11:40";"1";"35";"35051";"1";"1";"2";"4";"RN157";"48,11377000";" -1,55252000"
"202300014939";"15";"03";"2023";"17:30";"2";"972";"97213";"2";"1";"1";"1";"AEROPORT (ROND POINT DE L')";"14,59809950";" -61,00118460"
"202300014940";"15";"09";"2023";"08:40";"1";"35";"35238";"2";"1";"1";"6";"CHARDONNET (AVENUE)";"48,10721388";" -1,64632380"
"202300014941";"16";"09";"2023";"12:50";"1";"33";"33075";"2";"1";"1";"3";"Boulevard Jacques Chaban-Delmas";"44,88303555";" -0,58474034"
"202300014942";"15";"03";"2023";"15:30";"1";"972";"97213";"2";"3";"1";"3";"PLAISANCE (CHEMIN)";"14,67297000";" -60,99101000"
"202300014943";"18";"02";"2023";"03:20";"5";"71";"71270";"2";"6";" -1";"2";"Place Saint Clément";"46,29766400";"4,82126700"
"202300014944";"11";"03";"2023";"16:30";"1";"972";"97209";"2";"1";"1";"7";"SAINT CHRISTOPHE (RUE)";"14,61070000";" -61,05090000"
"202300014945";"15";"09";"2023";"15:50";"1";"29";"29254";"2";"3";"1";"6";"PORS AN TREZ (RUE)";"48,58195000";" -3,83968000"
"202300014946";"14";"03";"2023";"20:10";"5";"972";"97209";"2";"1";"1";"2";"BISHOP (Avenue Maurice)";"14,60531000";" -61,05991000"
"202300014947";"9";"09";"2023";"05:40";"3";"55";"55505";"2";"1";"1";"3";"VARENNES (ROUTE DE )";"49,17629000";"5,34500000"
"202300014948";"20";"06";"2023";"09:35";"1";"29";"29254";"2";"1";"1";"6";"Place de la Barrière";"48,57527200";" -3,84434600"
"202300014949";"15";"03";"2023";"21:50";"5";"69";"69384";"2";"4";"1";"6";"Place de la Croix-Rousse";"45,77369740";"4,82353173"
"202300014950";"16";"09";"2023";"10:10";"1";"27";"27375";"2";"1";"1";"6";"TISSERANDS (RUE DES)";"49,21050000";"1,17390000"
"202300014951";"14";"03";"2023";"18:05";"1";"69";"69081";"2";"1";"1";"6";"3 Chemin de Grandvaux";"45,77332000";"4,77374000"
"202300014952";"16";"09";"2023";"12:15";"1";"27";"27229";"2";"1";"1";"6";"FAUVILLE (RUE DE)";"49,02528000";"1,17576000"
"202300014953";"27";"05";"2023";"15:45";"1";"60";"60616";"2";"1";"1";"1";"Rue Pierre Eugène Boyer";"49,34810700";"1,77397600"
"202300014954";"15";"03";"2023";"05:30";"2";"971";"97113";"1";"1";"1";"7";"GRAND BAIE ( RN4)";"16,21816352";" -61,51281059"
"202300014955";"13";"07";"2023";"20:54";"1";"60";"60195";"2";"3";"1";"2";"rd 915";"49,21969900";"1,84046700"
"202300014956";"16";"09";"2023";"18:55";"1";"17";"17200";"2";"1";"1";"7";"BENOIST   RUE DU MOULIN";"46,19235000";" -1,15281000"
"202300014957";"15";"03";"2023";"15:10";"1";"95";"95277";"2";"1";"1";"3";"Avenue des Jasmins";"49,00156707";"2,42964685"
"202300014958";"16";"09";"2023";"06:18";"5";"17";"17300";"2";"1";"2";"7";"BERNIER   AVENUE DU LIEUTENANT-";"46,17219500";" -1,15992000"
"202300014959";"25";"09";"2023";"08:10";"2";"82";"82175";"1";"3";"7";"6";"D74";"44,11105934";"0,97301406"
"202300014960";"15";"03";"2023";"08:00";"1";"95";"95219";"2";"1";"7";"6";"Rue de la République";"48,98900000";"2,25916000"
"202300014961";"16";"09";"2023";"21:00";"5";"14";"14220";"2";"1";"1";"7";"15p Impasse du Coteau";"49,34980000";"0,07361000"
"202300014962";"8";"09";"2023";"12:06";"1";"82";"82096";"2";"1";"1";"6";"Grand Rue";"44,03306900";"1,21862900"
"202300014963";"15";"09";"2023";"17:30";"1";"13";"13103";"1";"3";"1";"3";"RTE D' EYGUIERES-RD 17";"43,66268016";"5,07907834"
"202300014964";"15";"03";"2023";"18:15";"1";"91";"91347";"2";"1";"1";"2";"RTE DES TEMPLIERS";"48,64343500";"2,28271300"
"202300014965";"8";"09";"2023";"16:38";"1";"82";"82127";"1";"1";"1";"6";"D957";"44,19715900";"1,07020100"
"202300014966";"15";"03";"2023";"14:18";"1";"91";"91103";"2";"9";"1";"2";"CTRE ESSAIS EN VOL";"48,60121000";"2,31816000"
"202300014967";"16";"09";"2023";"06:45";"5";"13";"13208";"2";"3";"1";"3";"RABATAU (BOULEVARD)";"43,27542000";"5,39589000"
"202300014968";"25";"09";"2023";"16:25";"1";"82";"82117";"2";"6";"1";"3";"Place Mercadiel";"44,33956500";"1,01780200"
"202300014969";"15";"09";"2023";"06:39";"2";"13";"13207";"2";"1";"1";"2";"CORSE (AVENUE DE LA)";"43,28988000";"5,36580000"
"202300014970";"15";"03";"2023";"13:50";"1";"91";"91477";"2";"6";"1";"3";"ALLIES (AVENUE DES)";"48,72360000";"2,24803000"
"202300014971";"15";"09";"2023";"08:15";"1";"13";"13001";"2";"1";"9";"6";"BEISSON (CITE)";"43,53972798";"5,44772905"
"202300014972";"15";"03";"2023";"05:45";"5";"91";"91161";"2";"1";"1";"6";"RUE FRANCOIS MOUTHON";"48,70323200";"2,31578900"
"202300014973";"24";"09";"2023";"10:25";"1";"13";"13111";"1";"1";"1";"3";"Le Puits d'Auzon Nord";"43,55512600";"5,70089600"
"202300014974";"15";"03";"2023";"16:00";"1";"91";"91434";"2";"2";"1";"3";"JUVISY (AVENUE DE)";"48,65800000";"2,35790000"
"202300014975";"16";"09";"2023";"05:15";"5";"11";"11069";"2";"3";"1";"3";"N/A";"43,21971900";"2,34159800"
"202300014976";"13";"03";"2023";"18:10";"1";"91";"91228";"2";"1";"1";"6";"GRIGNY (ROUTE DE)";"48,62881000";"2,42402000"
"202300014977";"15";"03";"2023";"08:10";"1";"87";"87085";"2";"1";"1";"6";"PUY IMBERT (RUE DU)";"45,83908000";"1,28026000"
"202300014978";"16";"09";"2023";"21:20";"5";"10";"10387";"2";"1";"1";"3";"GUSTAVE MASSON (RUE)";"48,27460000";"4,08180000"
"202300014979";"11";"03";"2023";"05:57";"5";"87";"87085";"2";"6";"3";"6";"VALIN (AVENUE DU GENERAL MARTIAL)";"45,80390890";"1,27848387"
"202300014980";"23";"12";"2023";"23:10";"5";"988";"98818";"2";"2";"1";"7";"AVENUE DE LA BAIE DE KOUTIO/RUE CLAUDE BERNARD";" -22,22723000";"166,44695000"
"202300014981";"16";"09";"2023";"21:20";"5";"10";"10387";"2";"1";"1";"2";"CHARLES BALTET (RUE)";"48,29000000";"4,07000000"
"202300014982";"15";"03";"2023";"13:30";"1";"83";"83069";"2";"1";"1";"6";"GAMBETTA (AVENUE)";"43,11850000";"6,12858000"
"202300014983";"16";"09";"2023";"16:25";"1";"08";"08105";"2";"1";"1";"6";"32 Av des Martyrs de la Resistance";"49,75855000";"4,72562000"
"202300014984";"25";"12";"2023";"00:30";"3";"972";"97213";"1";"1";"1";"6";"ROUTE DEPARTEMENTALE 13";"14,63043527";" -61,00976438"
"202300014985";"14";"03";"2023";"20:45";"3";"78";"78551";"1";"2";"1";"3";"RD 308";"48,93941000";"2,07596000"
"202300014986";"15";"09";"2023";"19:45";"2";"07";"07281";"2";"1";"1";"3";"BOUVAT (AVENUE MARC)";"44,94693000";"4,85024000"
"202300014987";"15";"03";"2023";"10:15";"1";"78";"78029";"2";"6";"1";"3";"FLEURIOTTES (RUE DES)";"48,95492000";"1,85986000"
"202300014988";"15";"09";"2023";"17:15";"1";"06";"06069";"2";"1";"1";"1";"ROUQUIER (BOULEVARD EMMANUEL)";"43,63143000";"6,93890000"
"202300014989";"16";"09";"2023";"02:45";"3";"03";"03185";"2";"1";"1";"6";"COMMUNE LIBRE ( RUE DE LA )";"46,35271000";"2,59791000"
"202300014990";"25";"12";"2023";"01:50";"5";"972";"97209";"2";"1";"1";"2";"VICTOR SCHOELCHER (RUE)";"14,60626000";" -61,06841000"
"202300014991";"14";"03";"2023";"17:30";"1";"76";"76351";"2";"2";"1";"3";"SAULES (DES)";"49,50859000";"0,14984000"
"202300014992";"15";"09";"2023";"21:15";"5";"75";"75116";"2";"1";"1";"2";"PORTE DAUPHINE";"48,87447500";"2,27577800"
"202300014993";"15";"09";"2023";"16:30";"1";"75";"75117";"2";"1";"1";"7";"PORTE DE SAINT OUEN";"48,90047100";"2,32352600"
"202300014994";"15";"03";"2023";"22:55";"5";"72";"72181";"1";"6";"1";"6";"ALENCON (RTE D')";"48,03188000";"0,17858000"
"202300014995";"14";"03";"2023";"18:15";"1";"72";"72181";"2";"1";"1";"6";"HEUZE OLIVIER (AV) N° IMP DE 1 A 239";"47,99396000";"0,17655000"
"202300014996";"15";"09";"2023";"12:05";"1";"75";"75120";"2";"1";"1";"3";"PORTE DE BAGNOLET";"48,87056300";"2,41345600"
"202300014997";"24";"12";"2023";"17:50";"5";"972";"97209";"2";"2";"8";"3";"ABBE LAVIGNE (AVENUE)";"14,61291000";" -61,07195000"
"202300014998";"16";"09";"2023";"13:25";"1";"75";"75106";"2";"3";"1";"3";"RUE D ASSAS";"48,84754600";"2,32998100"
"202300014999";"15";"03";"2023";"20:40";"5";"69";"69256";"2";"7";"1";"6";"Place Guy Moquet";"45,78496893";"4,91153734"
"202300015000";"16";"09";"2023";"02:40";"5";"75";"75106";"2";"3";"1";"2";"QUAI DES GRANDS AUGUSTINS";"48,85439500";"2,34071900"
"202300015001";"15";"03";"2023";"11:00";"1";"69";"69266";"2";"3";"1";"1";"Rue de la Soie";"45,76149611";"4,91854684"
"202300015002";"25";"12";"2023";"13:25";"1";"78";"78005";"2";"6";"1";"6";"PAQUET (AVENUE)";"48,96105000";"2,07391000"
"202300015003";"16";"09";"2023";"11:15";"1";"75";"75119";"2";"3";"1";"1";"AVENUE DE FLANDRE";"48,89442360";"2,38149941"
"202300015004";"14";"03";"2023";"07:56";"2";"66";"66136";"2";"3";"1";"3";"N/A";"42,69637000";"2,90716000"
"202300015005";"24";"12";"2023";"16:00";"1";"78";"78172";"2";"7";"1";"6";"CLEMENT (RUE DESIRE)";"49,00496000";"2,11639000"
"202300015006";"16";"09";"2023";"14:15";"1";"75";"75118";"2";"1";"1";"3";"RUE DES POISSONNIERS";"48,89615200";"2,35290200"
"202300015007";"14";"03";"2023";"07:37";"2";"66";"66136";"2";"3";"1";"3";"N/A";"42,71781958";"2,88736582"
"202300015008";"25";"12";"2023";"08:30";"1";"64";"64445";"2";"1";"1";"6";"EUROPE DE L'";"43,32008000";" -0,30958000"
"202300015009";"16";"09";"2023";"12:15";"1";"75";"75117";"2";"3";"1";"6";"BOULEVARD PEREIRE";"48,88711500";"2,30177400"
"202300015010";"15";"03";"2023";"08:05";"1";"64";"64545";"2";"9";"1";"3";"RD810";"43,36880000";" -1,68460000"
"202300015011";"12";"12";"2023";"17:55";"5";"59";"59599";"2";"1";"2";"6";"GAND (RUE DE)";"50,73702456";"3,16217196"
"202300015012";"15";"03";"2023";"08:40";"1";"64";"64445";"2";"1";"1";"1";"LOUP DU";"43,31797000";" -0,35127000"
"202300015013";"15";"09";"2023";"11:15";"1";"75";"75117";"2";"3";"1";"6";"RUE JEAN LECLAIRE";"48,89545600";"2,32656700"
"202300015014";"25";"12";"2023";"14:00";"1";"59";"59378";"2";"2";"1";"6";"TRAVERSIERE RUE";"50,66791000";"3,07447000"
"202300015015";"15";"03";"2023";"07:45";"1";"64";"64024";"2";"1";"1";"1";"ROUTE DE PITOYS";"43,46326112";" -1,50906444"
"202300015016";"16";"09";"2023";"17:00";"1";"75";"75116";"2";"1";"1";"3";"ALLEE DE LONGCHAMP";"48,87002300";"2,25760100"
"202300015017";"25";"12";"2023";"09:35";"1";"45";"45234";"2";"2";"2";"3";"Avenue Roger Secrétain";"47,88553746";"1,89717069"
"202300015018";"15";"09";"2023";"09:25";"1";"75";"75116";"2";"1";"1";"3";"AVENUE RAYMOND POINCARE";"48,87118700";"2,28496200"
"202300015019";"14";"03";"2023";"22:25";"5";"64";"64102";"2";"6";"1";"3";"DELAY (ROND POINT DU PROFESSEUR JEAN)";"43,48123000";" -1,48272000"
"202300015020";"25";"12";"2023";"17:40";"5";"38";"38185";"2";"1";"1";"6";"RUE JOSEPH CHANRION";"45,18829000";"5,73800000"
"202300015021";"12";"09";"2023";"21:15";"5";"75";"75116";"2";"3";"1";"6";"AVENUE VICTOR HUGO";"48,87248500";"2,29199200"
"202300015022";"15";"03";"2023";"08:45";"1";"62";"62548";"1";"2";"1";"3";"D940";"50,95835000";"1,99149000"
"202300015023";"25";"12";"2023";"09:42";"1";"37";"37233";"2";"7";"9";"6";"MOULIN (PLACE JEAN)";"47,38984000";"0,72680000"
"202300015024";"14";"03";"2023";"20:40";"5";"59";"59183";"2";"1";"1";"6";"PRANARD CHARLES";"51,03014000";"2,35993000"
"202300015025";"16";"09";"2023";"16:30";"1";"75";"75115";"2";"2";"1";"6";"RUE DE LA CROIX NIVERT";"48,84000400";"2,29035500"
"202300015026";"9";"03";"2023";"09:45";"1";"59";"59008";"2";"1";"1";"3";"FENDALI (RUE)";"50,34437000";"3,25682000"
"202300015027";"25";"12";"2023";"19:00";"3";"33";"33529";"1";"1";"5";"2";"CAZAUX (BD DE)";"44,56190000";" -1,15060000"
"202300015028";"16";"09";"2023";"22:02";"5";"75";"75114";"2";"1";"1";"3";"BOULEVARD ARAGO";"48,83450500";"2,33464700"
"202300015029";"10";"03";"2023";"15:15";"1";"59";"59178";"2";"1";"2";"6";"FAUBOURG DE BETHUNE (RUE DU)";"50,38115000";"3,06168000"
"202300015030";"16";"09";"2023";"14:45";"1";"75";"75114";"2";"1";"1";"3";"BOULEVARD JOURDAN";"48,81960600";"2,34190600"
"202300015031";"25";"12";"2023";"06:59";"2";"31";"31555";"2";"1";"1";"3";"PONT NEUF (PL DU) DU 1AU 9";"43,59909000";"1,44017000"
"202300015032";"14";"03";"2023";"18:30";"1";"50";"50129";"1";"1";"1";"6";"Route Départementale 16";"49,63487000";" -1,71378000"
"202300015033";"16";"09";"2023";"14:30";"1";"75";"75114";"2";"1";"1";"7";"RUE RAYMOND LOSSERAND";"48,83181300";"2,31416600"
"202300015034";"25";"12";"2023";"11:52";"1";"25";"25204";"1";"3";"1";"3";"Grande rue";"46,93200000";"6,36600000"
"202300015035";"15";"03";"2023";"08:00";"1";"47";"47001";"2";"2";"1";"3";"CASSIN (RUE RENE)";"44,19411354";"0,62398948"
"202300015036";"16";"09";"2023";"18:30";"1";"75";"75113";"2";"2";"1";"3";"RUE VERGNIAUD";"48,82789300";"2,34564700"
"202300015037";"15";"03";"2023";"14:40";"1";"37";"37261";"2";"1";"1";"6";"TRANCHEE (AVENUE DE LA)";"47,40193000";"0,68390000"
"202300015038";"16";"09";"2023";"02:30";"5";"75";"75107";"2";"1";"1";"6";"QUAI ANATOLE FRANCE";"48,86184400";"2,32184700"
"202300015039";"25";"12";"2023";"14:10";"1";"25";"25056";"2";"2";"1";"2";"CHURCHILL BD WINSTON (sup19)";"47,25097000";"6,00922000"
"202300015040";"16";"09";"2023";"20:20";"5";"75";"75111";"2";"3";"1";"6";"RUE OBERKAMPF";"48,86661500";"2,38131100"
"202300015041";"25";"12";"2023";"21:53";"3";"17";"17300";"2";"1";"1";"2";"N137";"46,16503000";" -1,12172000"
"202300015042";"15";"03";"2023";"20:00";"5";"35";"35238";"2";"3";"1";"3";"CHEZY (BD DE)";"48,11362000";" -1,68723000"
"202300015043";"25";"12";"2023";"23:00";"3";"13";"13117";"2";"1";"1";"2";"BAOU (QUARTIER DU PONT DU... RN 113)";"43,47489000";"5,22781000"
"202300015044";"16";"09";"2023";"12:10";"1";"75";"75110";"2";"3";"1";"6";"BOULEVARD DE MAGENTA";"48,86908100";"2,36241700"
"202300015045";"15";"03";"2023";"18:15";"1";"35";"35238";"2";"7";"1";"3";"BRETAGNE (PLACE DE)";"48,10993000";" -1,68384000"
"202300015046";"15";"09";"2023";"09:45";"1";"75";"75110";"2";"2";"1";"3";"BOULEVARD DE MAGENTA";"48,87054800";"2,36119100"
"202300015047";"25";"12";"2023";"10:50";"1";"13";"13208";"2";"3";"1";"3";"VINCENT DELPUECH (BOULEVARD)";"43,28303000";"5,39012000"
"202300015048";"15";"09";"2023";"13:19";"1";"75";"75108";"2";"3";"1";"6";"BOULEVARD MALESHERBES";"48,88009900";"2,31346100"
"202300015049";"25";"12";"2023";"11:35";"1";"13";"13001";"1";"1";"1";"4";"RN 296";"43,54400000";"5,43042000"
"202300015050";"25";"12";"2023";"04:00";"5";"06";"06088";"2";"1";"1";"6";"MADELEINE (BD DE LA)";"43,70063000";"7,23747000"
"202300015051";"16";"09";"2023";"23:00";"3";"75";"75104";"2";"3";"1";"2";"QUAI DE L HOTEL DE VILLE";"48,85532700";"2,35274300"
"202300015052";"25";"12";"2023";"20:05";"3";"06";"06069";"1";"1";"1";"6";"D6185";"43,62752600";"6,94786800"
"202300015053";"16";"09";"2023";"21:55";"5";"75";"75103";"2";"2";"1";"7";"BOULEVARD BEAUMARCHAIS";"48,85924600";"2,36764500"
"202300015054";"25";"12";"2023";"13:45";"1";"75";"75118";"2";"2";"1";"3";"BOULEVARD NEY";"48,89822400";"2,35250500"
"202300015055";"16";"09";"2023";"20:25";"5";"75";"75104";"2";"2";"1";"6";"RUE DE RIVOLI";"48,85773200";"2,35077200"
"202300015056";"25";"12";"2023";"01:45";"5";"75";"75117";"2";"1";"1";"7";"BOULEVARD BESSIERES";"48,89514600";"2,31555600"
"202300015057";"25";"12";"2023";"17:10";"5";"94";"94017";"2";"1";"1";"6";"Avenue du Général de Gaulle";"48,82465400";"2,49971500"
"202300015058";"16";"09";"2023";"16:30";"1";"94";"94003";"2";"1";"1";"3";"Rue du Colonel Fabien";"48,79924064";"2,34010506"
"202300015059";"25";"12";"2023";"18:00";"2";"93";"93078";"2";"3";"2";"1";"Avenue Charles de Gaulle / Rue le Corbusier";"48,95444000";"2,55196000"
"202300015060";"16";"09";"2023";"11:25";"1";"94";"94028";"2";"1";"1";"2";"Av du Mal de Lattre de Tassigny";"48,79890700";"2,45381500"
"202300015061";"25";"12";"2023";"02:35";"5";"93";"93014";"2";"1";"1";"1";"Allée de Montfermeil";"48,89899730";"2,54541782"
"202300015062";"16";"09";"2023";"18:10";"1";"93";"93066";"2";"4";"1";"1";"Rue Paul Eluard/ Rue Maurice Thorez";"48,93999960";"2,34496705"
"202300015063";"25";"12";"2023";"01:00";"5";"93";"93005";"2";"1";"1";"6";"Allée de l'Union";"48,92296159";"2,51408614"
"202300015064";"15";"09";"2023";"17:00";"1";"93";"93066";"2";"1";"1";"3";"Rue du Docteur Delafontaine";"48,93624400";"2,37321800"
"202300015065";"25";"12";"2023";"12:05";"1";"92";"92048";"2";"1";"2";"6";"GARDES (ROUTE DES) N° 91 A 93";"48,81522126";"2,22150207"
"202300015066";"16";"09";"2023";"19:30";"1";"93";"93046";"2";"2";"1";"3";"Avenue Vauban / Boulevard Jean Jaurès";"48,92069600";"2,52614900"
"202300015067";"24";"12";"2023";"23:17";"5";"92";"92024";"2";"3";"1";"3";"GENERAL LECLERC (BD DU) (9 A 59)   (4 A";"48,90959842";"2,30678782"
"202300015068";"26";"12";"2023";"02:05";"3";"22";"22356";"1";"1";"1";"7";"Lieu Dit Noyette";"48,56181500";" -2,87475400"
"202300015069";"16";"09";"2023";"14:50";"1";"93";"93031";"2";"3";"1";"3";"Route de Saint-leu / Rue Rouget de Lisle";"48,95103511";"2,33939347"
"202300015070";"24";"12";"2023";"19:10";"3";"36";"36023";"1";"1";"1";"6";"N/A";"47,05684012";"1,66453600"
"202300015071";"16";"09";"2023";"13:45";"1";"93";"93014";"2";"1";"1";"3";"Boulevard Gagarine";"48,90711000";"2,53572000"
"202300015072";"24";"12";"2023";"10:00";"1";"42";"42069";"1";"1";"1";"6";"D56";"45,98313800";"4,05712000"
"202300015073";"16";"09";"2023";"12:35";"1";"93";"93047";"2";"4";"1";"6";"Boulevard Bargue / Rue du Général de Gaulle";"48,89903475";"2,55407399"
"202300015074";"3";"12";"2023";"05:50";"3";"83";"83054";"1";"1";"1";"4";"A57";"43,15724800";"6,04466800"
"202300015075";"16";"09";"2023";"00:48";"5";"93";"93007";"2";"2";"1";"3";"Avenue de la République / Avenue Pasteur";"48,93564000";"2,47557000"
"202300015076";"25";"12";"2023";"02:50";"3";"974";"97422";"2";"1";"9";"3";"Rue des Flamboyants";" -21,28440600";"55,50534000"
"202300015077";"25";"12";"2023";"00:20";"3";"974";"97422";"2";"1";"1";"6";"Chemin des Longoses";" -21,23537200";"55,50634700"
"202300015078";"16";"09";"2023";"00:30";"5";"93";"93007";"2";"2";"1";"3";"Rue Victor Hugo / Rue Julian Grimau";"48,94102000";"2,45877000"
"202300015079";"24";"12";"2023";"19:15";"3";"972";"97217";"1";"1";"1";"3";"Quartier Perou";"14,50685900";" -60,86380700"
"202300015080";"15";"09";"2023";"20:40";"3";"93";"93005";"2";"1";"1";"6";"Rue Camille Pelletan";"48,94105550";"2,49480557"
"202300015081";"25";"12";"2023";"16:00";"1";"41";"41046";"1";"1";"1";"7";"A71";"47,61048900";"1,96711100"
"202300015082";"16";"09";"2023";"19:00";"1";"92";"92078";"2";"1";"1";"7";"GALLIENI (BD) (1 A 79 ET 22 A 102)";"48,92722892";"2,33015084"
"202300015083";"25";"12";"2023";"18:00";"3";"971";"97132";"2";"1";"1";"7";"pont de la ravine blondeau";"15,95815200";" -61,67414500"
"202300015084";"16";"09";"2023";"07:31";"1";"92";"92072";"2";"1";"1";"6";"GRANDE RUE";"48,82415000";"2,21048000"
"202300015085";"23";"12";"2023";"16:40";"2";"95";"95652";"2";"9";"2";"6";"D909";"49,12819308";"2,37025738"
"202300015086";"16";"09";"2023";"11:55";"1";"92";"92050";"2";"3";"1";"3";"CLEMENCEAU GEORGES AVENUE N°IMPAIR";"48,88571392";"2,21925616"
"202300015087";"24";"12";"2023";"20:00";"3";"80";"80082";"1";"1";"1";"5";"D1001";"49,97763900";"2,14244100"
"202300015088";"17";"09";"2023";"12:20";"1";"2B";"2B067";"2";"1";"1";"7";"RD 146";"42,35547200";"9,38131600"
"202300015089";"17";"09";"2023";"19:40";"2";"01";"01333";"1";"1";"1";"6";"route departemental 82";"45,93584100";"4,94620800"
"202300015090";"16";"09";"2023";"21:00";"3";"973";"97362";"1";"1";"1";"7";"Piste Papaichton Maripasoula";"3,82030100";" -54,15727600"
"202300015091";"7";"10";"2023";"12:20";"1";"61";"61438";"1";"2";"1";"3";"D932";"48,60109700";"0,47788900"
"202300015092";"15";"09";"2023";"19:48";"2";"22";"22121";"1";"9";"1";"1";"12 ZA de Kercadiou";"48,63962600";" -2,98703100"
"202300015093";"22";"12";"2023";"11:30";"1";"61";"61389";"2";"2";"1";"3";"D926";"48,71424100";"0,42913700"
"202300015094";"16";"09";"2023";"09:45";"1";"43";"43040";"1";"1";"1";"7";"Avenue de la Gare";"45,30526300";"3,36827500"
"202300015095";"26";"12";"2023";"11:30";"1";"12";"12120";"2";"1";"1";"6";"Place Abbé Bessou";"44,38163100";"2,82164600"
"202300015096";"24";"12";"2023";"15:30";"1";"34";"34013";"2";"1";"1";"7";"CHEMIN DE TOURNEVEILLE";"43,56261000";"3,44563000"
"202300015097";"17";"09";"2023";"10:15";"1";"17";"17244";"1";"1";"1";"7";"Route de Thaims";"45,62753300";" -0,75180700"
"202300015098";"25";"12";"2023";"17:20";"3";"68";"68155";"1";"4";"1";"1";"D415";"48,10609100";"7,29955700"
"202300015099";"16";"09";"2023";"18:20";"1";"31";"31003";"1";"1";"1";"1";"M18";"43,56439900";"1,58034900"
"202300015100";"25";"12";"2023";"17:30";"5";"25";"25157";"1";"1";"1";"6";"11 Les Rosiers";"46,88547200";"6,36496100"
"202300015101";"25";"12";"2023";"22:30";"3";"25";"25336";"1";"1";"1";"6";"D17";"47,05241300";"5,80451500"
"202300015102";"16";"09";"2023";"17:30";"1";"30";"30081";"1";"1";"8";"1";"N/A";"44,15091000";"4,69584000"
"202300015103";"22";"12";"2023";"16:40";"1";"38";"38389";"1";"1";"1";"7";"D53";"45,59416100";"5,06006200"
"202300015104";"10";"09";"2023";"09:40";"1";"83";"83073";"2";"9";"1";"3";"Dn7";"43,39329600";"6,31982100"
"202300015105";"26";"12";"2023";"08:15";"2";"26";"26289";"1";"1";"1";"1";"Route de Crest";"44,69469600";"5,16848800"
"202300015106";"16";"09";"2023";"01:20";"4";"91";"91617";"1";"1";"1";"3";"Route nationale 6";"48,64635000";"2,53380800"
"202300015107";"21";"12";"2023";"15:00";"1";"06";"06103";"2";"1";"1";"3";"Avenue Philippe Corniglion";"44,01292600";"7,30894400"
"202300015108";"16";"09";"2023";"20:00";"2";"19";"19002";"1";"3";"1";"1";"N/A";"45,59991200";"2,40259400"
"202300015109";"20";"12";"2023";"18:15";"3";"14";"14578";"1";"3";"2";"3";"D579";"49,36945700";"0,20479500"
"202300015110";"16";"09";"2023";"21:40";"3";"56";"56066";"1";"1";"1";"6";"Moulin Trancher";"48,14294900";" -3,53362800"