"Num_Acc";"jour";"mois";"an";"hrmn";"lum";"dep";"com";"agg";"int";"atm";"col";"adr";"lat";"long"
"202300015111";"23";"12";"2023";"16:02";"1";"14";"14369";"1";"1";"7";"2";"Route de l'Embranchement";"49,16639500";" -0,88332700"
"202300015112";"16";"09";"2023";"10:45";"1";"56";"56179";"1";"1";"1";"1";"Lieu Dit Sapin En Gam";"47,84476000";" -3,40979600"
"202300015113";"25";"12";"2023";"18:30";"5";"60";"60508";"2";"3";"1";"1";"Rue Saint Pierre";"49,30044200";"2,65386300"
"202300015114";"17";"09";"2023";"16:05";"1";"76";"76367";"1";"1";"2";"6";"D90";"49,51665600";"1,06985800"
"202300015115";"26";"12";"2023";"13:10";"1";"64";"64391";"1";"1";"1";"3";"1161 Route de Mauléon";"43,25771400";" -0,85475000"
"202300015116";"17";"09";"2023";"17:20";"1";"65";"65054";"1";"1";"1";"7";"D77";"43,04612300";"0,34383800"
"202300015117";"26";"12";"2023";"07:45";"1";"73";"73074";"1";"1";"9";"2";"D1006";"45,42781617";"6,27828226"
"202300015118";"16";"09";"2023";"18:35";"2";"89";"89370";"2";"1";"1";"6";"38 Rue de la République";"48,17919600";"3,09404300"
"202300015119";"17";"12";"2023";"10:30";"1";"16";"16028";"2";"3";"1";"3";"Avenue de l?Europe";"45,47808800";" -0,15593200"
"202300015120";"17";"09";"2023";"16:10";"1";"61";"61181";"2";"1";"1";"6";"Place de la Libération";"48,79528400";"0,29706000"
"202300015121";"25";"12";"2023";"22:40";"5";"23";"23086";"1";"9";"8";"7";"Lascaux";"46,03970800";"2,07373400"
"202300015122";"16";"09";"2023";"19:20";"1";"61";"61474";"1";"1";"1";"6";"D113";"48,77538500";"0,04181000"
"202300015123";"25";"12";"2023";"15:53";"1";"87";"87040";"2";"1";"1";"7";"avenue de Pont de la prairie";"45,71067300";"1,59919500"
"202300015124";"15";"09";"2023";"09:50";"1";"47";"47168";"2";"6";"1";"6";"Boulevard Clemenceau";"44,60040300";"0,36015600"
"202300015125";"24";"12";"2023";"07:15";"2";"30";"30075";"1";"1";"1";"7";"2260 Route de Nimes";"43,81948200";"4,29426900"
"202300015126";"17";"09";"2023";"11:55";"1";"34";"34096";"1";"1";"3";"3";"D909";"43,57529200";"3,17105800"
"202300015127";"24";"12";"2023";"13:50";"1";"64";"64233";"1";"9";"1";"6";"A65 - PR117.400";"43,56262093";" -0,29675478"
"202300015128";"16";"09";"2023";"22:00";"5";"68";"68258";"1";"4";"1";"7";"Allée Robert Schuman";"47,84302500";"7,27841000"
"202300015129";"25";"12";"2023";"22:00";"3";"988";"98833";"1";"1";"1";"6";"RPN5";" -21,56199500";"165,83193900"
"202300015130";"16";"09";"2023";"07:15";"2";"22";"22199";"1";"1";"2";"6";"Kervégan";"48,81635200";" -3,15011500"
"202300015131";"16";"09";"2023";"19:31";"1";"39";"39088";"1";"1";"1";"7";"N/A";"46,62748200";"5,48912600"
"202300015132";"23";"12";"2023";"11:45";"1";"974";"97415";"1";"6";"1";"5";"N1A";" -21,04577400";"55,22203800"
"202300015133";"17";"09";"2023";"19:20";"2";"25";"25175";"1";"1";"1";"6";"D120";"47,25557100";"6,41375700"
"202300015134";"24";"12";"2023";"17:10";"1";"974";"97420";"2";"1";"1";"3";"Rue Desprez";" -20,90598500";"55,60781500"
"202300015135";"16";"09";"2023";"23:50";"3";"44";"44022";"2";"1";"1";"6";"23 Rue de Bretagne";"47,05456200";" -1,18379800"
"202300015136";"25";"12";"2023";"01:45";"5";"971";"97119";"1";"1";"1";"2";"Beauplan N8";"16,40440900";" -61,46631700"
"202300015137";"17";"09";"2023";"06:40";"3";"29";"29162";"1";"1";"2";"6";"Route de Kerflouz";"48,21850743";" -3,97601936"
"202300015138";"25";"12";"2023";"13:30";"1";"978";"97801";"2";"1";"1";"7";"R CHARLES TONDU";"18,06358500";" -63,09093600"
"202300015139";"16";"09";"2023";"07:25";"2";"38";"38511";"1";"1";"1";"1";"Route Nationale 90";"45,35617500";"5,95373200"
"202300015140";"25";"12";"2023";"06:00";"2";"971";"97107";"1";"1";"1";"1";"Route Nationale N . 1";"16,06141300";" -61,56627200"
"202300015141";"17";"09";"2023";"10:59";"1";"38";"38229";"2";"1";"1";"6";"Avenue du Vercors";"45,20734000";"5,76837500"
"202300015142";"24";"12";"2023";"23:45";"3";"971";"97124";"2";"1";"1";"6";"Rue Frederic Etienne";"16,04121000";" -61,69597000"
"202300015143";"17";"09";"2023";"14:25";"1";"02";"02748";"1";"1";"1";"3";"N/A";"49,09567700";"3,60897800"
"202300015144";"22";"12";"2023";"18:00";"5";"21";"21515";"2";"1";"1";"6";"13 Boulevard du Grand Marché";"47,30915800";"5,10058300"
"202300015145";"17";"09";"2023";"10:30";"1";"03";"03044";"1";"1";"1";"6";"la Courie";"46,05548700";"3,35616200"
"202300015146";"24";"12";"2023";"15:45";"1";"2B";"2B148";"1";"1";"1";"2";"Strada Di Corti";"42,51700300";"9,43533000"
"202300015147";"16";"09";"2023";"11:30";"1";"03";"03136";"1";"6";"2";"7";"D745";"46,30751000";"2,44634600"
"202300015148";"26";"12";"2023";"09:00";"1";"66";"66164";"2";"1";"7";"3";"Avenue de la Mourére";"42,76815100";"2,87662600"
"202300015149";"17";"09";"2023";"04:15";"3";"50";"50290";"1";"1";"1";"6";"route de saint-loup";"48,65720200";" -1,26917300"
"202300015150";"25";"12";"2023";"18:00";"3";"66";"66065";"1";"1";"1";"2";"N/A";"42,62365993";"2,97846437"
"202300015151";"17";"09";"2023";"08:43";"1";"60";"60431";"1";"1";"1";"3";"D1032";"49,57604343";"3,03769209"
"202300015152";"23";"12";"2023";"17:15";"1";"66";"66037";"2";"1";"1";"6";"Avenue Joseph Sauvy";"42,70495900";"3,01139200"
"202300015153";"14";"09";"2023";"17:40";"2";"36";"36248";"2";"1";"1";"6";"14 Route d'Ardentes";"46,81999900";"1,92433700"
"202300015154";"14";"12";"2023";"10:40";"1";"30";"30042";"1";"3";"1";"1";"Route de Bagard";"44,05166699";"4,03277636"
"202300015155";"17";"09";"2023";"08:00";"2";"16";"16106";"1";"1";"1";"6";"LA PELLETIERE";"46,03733300";"0,63361300"
"202300015156";"24";"12";"2023";"17:30";"3";"38";"38374";"1";"1";"1";"3";"D522";"45,65733800";"5,31834800"
"202300015157";"24";"12";"2023";"11:15";"1";"32";"32307";"2";"1";"1";"3";"32 Rue d?Etigny";"43,60982700";"0,59145600"
"202300015158";"16";"09";"2023";"13:30";"1";"16";"16158";"1";"1";"1";"1";"Chemin du Plantier";"45,58181800";"0,42820900"
"202300015159";"26";"12";"2023";"10:55";"1";"29";"29022";"2";"3";"1";"6";"place Charles de Gaulle";"48,27554599";" -4,59450318"
"202300015160";"17";"09";"2023";"07:20";"2";"24";"24410";"1";"1";"8";"6";"départementale 83";"45,48285200";"0,73614800"
"202300015161";"26";"12";"2023";"19:30";"3";"60";"60542";"1";"2";"2";"3";"D12";"49,40767500";"2,17672000"
"202300015162";"16";"09";"2023";"17:30";"1";"28";"28405";"1";"9";"1";"2";"route nationale 12";"48,74852800";"1,26922700"
"202300015163";"16";"09";"2023";"02:15";"3";"87";"87174";"1";"1";"1";"6";"croix d'arfeuille";"45,76325000";"1,41874800"
"202300015164";"26";"12";"2023";"13:56";"1";"60";"60009";"2";"3";"8";"1";"Avenue Rhin et Danube";"49,40731200";"2,11509900"
"202300015165";"16";"09";"2023";"16:30";"1";"08";"08015";"1";"1";"2";"1";"D34";"49,84567600";"4,31813100"
"202300015166";"16";"09";"2023";"15:00";"1";"08";"08071";"1";"1";"1";"6";"N/A";"49,81168667";"4,46076157"
"202300015167";"26";"12";"2023";"09:10";"1";"80";"80306";"1";"2";"1";"3";"D930";"49,65312700";"2,68075000"
"202300015168";"16";"09";"2023";"13:00";"1";"31";"31424";"1";"1";"1";"6";"D50";"43,54434600";"1,28774000"
"202300015169";"24";"12";"2023";"21:15";"3";"13";"13106";"1";"1";"1";"2";"A7-Sens Marseille vers Lyon";"43,39071033";"5,35120523"
"202300015170";"16";"09";"2023";"09:50";"1";"978";"97801";"1";"1";"1";"6";"rn7";"18,08392500";" -63,02525200"
"202300015171";"21";"12";"2023";"16:35";"1";"67";"67152";"1";"1";"2";"2";"N/A";"48,52451000";"7,69577000"
"202300015172";"17";"09";"2023";"20:40";"3";"21";"21347";"1";"1";"1";"2";"A6, PK 306+900, sens LYON vers PARIS";"46,99856801";"4,85883607"
"202300015173";"16";"09";"2023";"22:45";"3";"13";"13032";"1";"1";"1";"2";"Route des Milles";"43,54973000";"5,36659600"
"202300015174";"25";"12";"2023";"16:38";"1";"33";"33281";"1";"1";"1";"6";"ROCADE A 630";"44,85484813";" -0,66413720"
"202300015175";"16";"09";"2023";"16:30";"1";"34";"34146";"1";"1";"1";"2";"Autoroute A9 - PK 80+500";"43,69679700";"4,09433800"
"202300015176";"25";"12";"2023";"16:30";"1";"91";"91286";"1";"1";"1";"6";"AUTOROUTE A6";"48,65609000";"2,37864000"
"202300015177";"16";"09";"2023";"12:50";"1";"33";"33199";"2";"3";"1";"3";"Allée de Bordeaux";"44,62528200";" -1,05531000"
"202300015178";"25";"12";"2023";"16:10";"1";"93";"93005";"1";"1";"1";"3";"AUTOROUTE A3";"48,95598293";"2,47342937"
"202300015179";"17";"09";"2023";"07:00";"2";"45";"45062";"1";"1";"1";"1";"D97 PR 9 + 260";"47,97079479";"1,92963673"
"202300015180";"15";"09";"2023";"19:44";"1";"45";"45082";"2";"1";"1";"6";"83 Grande Rue du Port";"47,86008800";"2,22325100"
"202300015181";"25";"12";"2023";"18:30";"3";"77";"77517";"1";"1";"2";"5";"RN104";"48,90769383";"2,63891275"
"202300015182";"17";"09";"2023";"12:50";"1";"13";"13048";"2";"1";"1";"3";"45 Boulevard de la République";"43,63711600";"5,63900100"
"202300015183";"25";"08";"2023";"12:22";"1";"19";"19289";"1";"1";"1";"7";"Route Des Pouyges";"45,20464097";"1,38594230"
"202300015184";"16";"09";"2023";"23:00";"3";"71";"71360";"2";"2";"1";"6";"CARREFOUR RD 194 RD 17";"46,32960200";"4,75034200"
"202300015185";"24";"12";"2023";"09:50";"1";"974";"97409";"2";"1";"1";"6";"DE LA REPUBLIQUE(AVENUE)";" -20,96144000";"55,65197000"
"202300015186";"15";"09";"2023";"14:10";"1";"68";"68040";"2";"1";"1";"6";"rue du rhin";"47,82371900";"7,08171600"
"202300015187";"25";"12";"2023";"05:10";"2";"974";"97407";"2";"2";"2";"3";"CARPAYE(AVENUE)";" -20,94856000";"55,29979600"
"202300015188";"17";"09";"2023";"16:30";"1";"73";"73054";"1";"1";"1";"2";"D902";"45,67768922";"6,74490094"
"202300015189";"16";"09";"2023";"17:35";"1";"38";"38554";"1";"1";"1";"7";"D517";"45,71055500";"5,27331900"
"202300015190";"17";"09";"2023";"09:30";"1";"01";"01403";"1";"1";"1";"2";"D19";"45,81700100";"5,44926200"
"202300015191";"24";"12";"2023";"14:36";"1";"973";"97302";"2";"1";"1";"3";"MONTABO (ROUTE DE) 2";"4,93812000";" -52,29917000"
"202300015192";"15";"09";"2023";"12:10";"1";"69";"69220";"2";"3";"1";"6";"Montée du Pêcher";"45,73663100";"4,46118400"
"202300015193";"24";"12";"2023";"12:43";"1";"973";"97302";"2";"1";"2";"3";"ROBERT VIGNON (RUE)";"4,93128233";" -52,32186466"
"202300015194";"16";"09";"2023";"21:00";"3";"33";"33003";"1";"1";"1";"2";"Avenue de la Presqu'Ile";"44,94545300";" -0,52121800"
"202300015195";"16";"09";"2023";"17:25";"1";"14";"14228";"1";"1";"1";"6";"Route d'Anguerny";"49,28247400";" -0,38827300"
"202300015196";"23";"12";"2023";"18:10";"3";"973";"97302";"1";"1";"2";"3";"COLLERY (ZONE INDUSTRIELLE)";"4,90469000";" -52,31858000"
"202300015197";"16";"09";"2023";"18:30";"1";"22";"22168";"2";"1";"2";"6";"boulevard georges clémenceau";"48,81883500";" -3,43795900"
"202300015198";"15";"09";"2023";"18:15";"1";"22";"22306";"1";"1";"1";"7";"Le Cordon Blanc";"48,36193800";" -1,97026500"
"202300015199";"23";"12";"2023";"12:00";"1";"972";"97209";"2";"2";"1";"6";"FRANCOIS ARAGO (RUE)";"14,60661000";" -61,07246000"
"202300015200";"16";"09";"2023";"23:58";"3";"60";"60079";"1";"1";"1";"7";"RN2";"49,17281000";"2,87468400"
"202300015201";"22";"12";"2023";"16:05";"1";"972";"97209";"2";"1";"1";"1";"REDOUTE (ROUTE DE LA)";"14,62054000";" -61,06035000"
"202300015202";"17";"09";"2023";"16:35";"1";"80";"80774";"1";"2";"1";"3";"D122";"49,88373400";"2,54853800"
"202300015203";"24";"12";"2023";"13:20";"1";"69";"69384";"2";"3";"1";"1";"26 Boulevard des Canuts";"45,77700464";"4,82898055"
"202300015204";"17";"09";"2023";"02:30";"3";"62";"62684";"2";"1";"1";"2";"Rue des Flamands";"50,69680600";"2,35563200"
"202300015205";"24";"12";"2023";"19:40";"5";"91";"91286";"2";"1";"1";"3";"GENERAL DE GAULLE (AVENUE DU)";"48,66644000";"2,39650000"
"202300015206";"16";"09";"2023";"17:10";"1";"91";"91659";"1";"1";"1";"2";"AUTOROUTE A6";"48,57754000";"2,46395000"
"202300015207";"22";"12";"2023";"22:18";"5";"78";"78172";"2";"2";"1";"3";"AMBASSADEUR (RUE DE L')";"49,00712600";"2,11975400"
"202300015208";"16";"09";"2023";"03:52";"3";"91";"91174";"1";"1";"1";"3";"RN 104";"48,62395400";"2,46824500"
"202300015209";"23";"12";"2023";"09:30";"1";"69";"69091";"2";"1";"1";"6";"Route Neuve";"45,58243000";"4,76884000"
"202300015210";"16";"09";"2023";"18:25";"1";"92";"92050";"1";"1";"1";"2";"A86";"48,91165005";"2,21682040"
"202300015211";"16";"09";"2023";"06:45";"1";"92";"92048";"1";"1";"1";"6";"N118";"48,81141418";"2,21289598"
"202300015212";"24";"12";"2023";"18:08";"5";"64";"64102";"2";"1";"1";"3";"D'ARROUSETS (RUE)";"43,49481700";" -1,44059400"
"202300015213";"15";"09";"2023";"16:10";"1";"93";"93066";"1";"1";"1";"2";"AUTOROUTE A1";"48,91388028";"2,35799795"
"202300015214";"24";"12";"2023";"03:10";"5";"63";"63113";"2";"1";"1";"6";"BENNETT (RUE GORDON)";"45,78759000";"3,07984000"
"202300015215";"15";"09";"2023";"07:50";"1";"77";"77373";"1";"9";"1";"3";"RN104";"48,77928728";"2,61536001"
"202300015216";"24";"12";"2023";"20:25";"5";"62";"62193";"2";"5";"2";"3";"avenue l";"50,95158416";"1,87653932"
"202300015217";"10";"06";"2023";"16:45";"1";"75";"75119";"2";"1";"1";"7";"BOULEVARD MACDONALD";"48,89752600";"2,38943800"
"202300015218";"24";"12";"2023";"06:15";"5";"56";"56121";"2";"2";"1";"6";"CHAZELLES ( COURS LOUIS  DE )";"47,75283000";" -3,36178000"
"202300015219";"10";"06";"2023";"14:00";"1";"75";"75118";"2";"1";"1";"2";"BOULEVARD BARBES";"48,88602600";"2,34954200"
"202300015220";"24";"12";"2023";"04:37";"3";"45";"45302";"2";"1";"1";"6";"D2701 PR 1 + 126";"47,94681000";"1,87459000"
"202300015221";"10";"06";"2023";"11:01";"1";"75";"75118";"2";"2";"7";"6";"BOULEVARD BARBES";"48,88385400";"2,34947500"
"202300015222";"24";"12";"2023";"11:20";"1";"43";"43002";"2";"1";"1";"6";"Chemin de Jalavoux";"45,05065000";"3,88700000"
"202300015223";"10";"06";"2023";"10:55";"1";"75";"75115";"2";"2";"1";"6";"RUE DE VAUGIRARD";"48,84040600";"2,30425000"
"202300015224";"10";"06";"2023";"07:20";"1";"75";"75115";"2";"7";"1";"7";"PLACE DU MOULIN DE JAVEL";"48,84023800";"2,27197600"
"202300015225";"10";"06";"2023";"10:50";"1";"75";"75120";"2";"3";"1";"6";"RUE PELLEPORT";"48,86389500";"2,40413700"
"202300015226";"10";"06";"2023";"12:00";"1";"75";"75120";"2";"3";"1";"2";"RUE DES PYRENEES";"48,85540800";"2,40529200"
"202300015227";"10";"06";"2023";"02:10";"5";"75";"75111";"2";"2";"1";"6";"RUE SEDAINE";"48,85644600";"2,37348200"
"202300015228";"24";"12";"2023";"15:10";"1";"38";"38423";"2";"3";"1";"2";"LECLERC (AVENUE GL.)          49 A FIN";"45,21285000";"5,70035000"
"202300015229";"10";"06";"2023";"14:35";"1";"75";"75110";"2";"3";"1";"3";"RUE DU FAUBOURG SAINT MARTIN";"48,87923800";"2,36290600"
"202300015230";"10";"06";"2023";"12:00";"1";"75";"75110";"2";"1";"1";"6";"QUAI DE JEMMAPES";"48,86984800";"2,36682800"
"202300015231";"24";"12";"2023";"06:10";"5";"29";"29232";"2";"6";"2";"7";"Rond-Point de l'Eau Blanche";"47,99120629";" -4,07297526"
"202300015232";"10";"06";"2023";"11:00";"1";"75";"75116";"2";"1";"1";"2";"ROUTE DES TRIBUNES";"48,86408800";"2,23528700"
"202300015233";"10";"06";"2023";"06:15";"1";"75";"75104";"2";"3";"1";"6";"QUAI HENRI IV";"48,84974200";"2,36151600"
"202300015234";"3";"02";"2023";"22:41";"5";"38";"38185";"2";"2";"1";"3";"RUE D'ALEMBERT";"45,18725000";"5,71100000"
"202300015235";"3";"02";"2023";"14:30";"1";"38";"38421";"2";"2";"1";"6";"AVENUE GABRIEL PÉRI";"45,18570000";"5,76159000"
"202300015236";"3";"02";"2023";"08:00";"2";"35";"35238";"2";"3";"1";"3";"VEZIN (ROUTE DE)";"48,11631000";" -1,71387000"
"202300015237";"3";"02";"2023";"07:30";"2";"34";"34108";"1";"1";"1";"7";"D2E2";"43,43967000";"3,71787000"
"202300015238";"3";"02";"2023";"18:45";"5";"33";"33069";"2";"1";"1";"6";"Rue Raymond Poincare";"44,86227000";" -0,59554000"
"202300015239";"3";"02";"2023";"09:45";"1";"33";"33522";"2";"1";"1";"6";"Rue Henri de Toulouse Lautrec";"44,79220000";" -0,58598000"
"202300015240";"3";"02";"2023";"07:40";"1";"25";"25056";"2";"2";"8";"6";"BLUM  BOULEVARD LEON (inf 51)";"47,26240000";"6,04019000"
"202300015241";"2";"02";"2023";"13:15";"1";"25";"25056";"2";"3";"1";"6";"BATTANT RUE";"47,24200600";"6,02070700"
"202300015242";"3";"02";"2023";"12:13";"1";"17";"17380";"1";"1";"1";"3";"ROND-POINT DE BEAULIEU";"45,66181000";" -1,06060000"
"202300015243";"3";"02";"2023";"14:25";"1";"17";"17028";"1";"1";"1";"4";"114 PK RN137 JUSTICE ROCHEFORT";"46,14124900";" -1,10555900"
"202300015244";"3";"02";"2023";"13:40";"1";"13";"13205";"2";"2";"1";"3";"SAINTE CECILE (RUE)";"43,28819000";"5,39519000"
"202300015245";"2";"02";"2023";"20:50";"5";"13";"13206";"2";"3";"1";"3";"PIERRE PUGET (COURS)";"43,29025204";"5,37586174"
"202300015246";"3";"02";"2023";"05:40";"3";"11";"11069";"2";"1";"1";"6";"";"43,22288000";"2,35914000"
"202300015247";"3";"02";"2023";"13:51";"1";"10";"10325";"2";"6";"8";"3";"";"48,26934000";"4,06158000"
"202300015248";"3";"02";"2023";"08:45";"1";"10";"10060";"2";"2";"1";"3";"Avenue Marechal Leclerc";"48,25166000";"4,09888000"
"202300015249";"2";"02";"2023";"15:00";"1";"06";"06159";"1";"1";"1";"7";"Avenue Bella Vista";"43,72052300";"7,33903900"
"202300015250";"2";"02";"2023";"12:05";"1";"75";"75117";"2";"4";"1";"3";"PORTE D ASNIERES";"48,89038228";"2,29837954"
"202300015251";"2";"02";"2023";"09:00";"1";"75";"75117";"2";"1";"1";"3";"PORTE D ASNIERES";"48,88923700";"2,29615400"
"202300015252";"2";"02";"2023";"06:45";"2";"75";"75112";"2";"1";"1";"4";"PORTE DE VINCENNES";"48,84046000";"2,41368600"
"202300015253";"31";"01";"2023";"10:55";"1";"75";"75112";"2";"4";"1";"2";"ECHANGEUR BERCY";"48,82618997";"2,39193499"
"202300015254";"3";"02";"2023";"06:15";"5";"75";"75110";"2";"2";"1";"2";"RUE LA FAYETTE";"48,88064100";"2,36200500"
"202300015255";"3";"02";"2023";"15:15";"1";"75";"75120";"2";"3";"1";"6";"RUE DE MENILMONTANT";"48,86794800";"2,38660400"
"202300015256";"3";"02";"2023";"22:08";"5";"75";"75119";"2";"2";"1";"6";"AVENUE SIMON BOLIVAR";"48,87394100";"2,38529300"
"202300015257";"3";"02";"2023";"16:50";"1";"75";"75118";"2";"3";"1";"6";"RUE RIQUET";"48,88997000";"2,36249300"
"202300015258";"3";"02";"2023";"10:08";"1";"75";"75117";"2";"2";"1";"3";"AVENUE DE LA PORTE D ASNIERES";"48,89004600";"2,30386000"
"202300015259";"2";"02";"2023";"16:30";"1";"75";"75114";"2";"2";"1";"3";"BOULEVARD ROMAIN ROLLAND";"48,82232738";"2,31420189"
"202300015260";"3";"02";"2023";"16:02";"1";"75";"75113";"2";"2";"1";"3";"BOULEVARD VINCENT AURIOL";"48,83273700";"2,36216700"
"202300015261";"2";"02";"2023";"22:00";"5";"75";"75113";"2";"7";"1";"6";"BOULEVARD VINCENT AURIOL";"48,83087977";"2,35626161"
"202300015262";"3";"02";"2023";"16:48";"1";"75";"75111";"2";"1";"1";"3";"BOULEVARD VOLTAIRE";"48,85155300";"2,39055800"
"202300015263";"2";"02";"2023";"14:00";"1";"75";"75118";"2";"2";"1";"3";"BOULEVARD ORNANO";"48,89461600";"2,34717600"
"202300015264";"3";"02";"2023";"18:50";"5";"75";"75104";"2";"3";"1";"6";"RUE DE RIVOLI";"48,85549600";"2,36008700"
"202300015265";"3";"02";"2023";"18:20";"5";"75";"75102";"2";"3";"1";"2";"BOULEVARD DE BONNE NOUVELLE";"48,87038200";"2,34953300"
"202300015266";"3";"02";"2023";"05:30";"5";"75";"75104";"2";"3";"1";"3";"QUAI DE GESVRES";"48,85651900";"2,34948200"
"202300015267";"2";"02";"2023";"22:50";"5";"75";"75101";"2";"2";"1";"7";"QUAI DU LOUVRE";"48,85852400";"2,34251700"
"202300015268";"3";"02";"2023";"19:15";"5";"94";"94081";"2";"9";"1";"6";"Rue Saint-germain";"48,79010000";"2,39315000"
"202300015269";"2";"02";"2023";"16:45";"1";"94";"94068";"2";"2";"1";"3";"Rue du Bois des Moines";"48,78837845";"2,50639844"
"202300015270";"2";"02";"2023";"18:50";"5";"94";"94037";"2";"3";"1";"3";"95 Avenue Paul Vaillant-couturier";"48,81649000";"2,33800000"
"202300015271";"3";"02";"2023";"01:15";"5";"94";"94017";"2";"2";"1";"3";"Avenue Marx Dormoy";"48,80632000";"2,53005200"
"202300015272";"21";"01";"2023";"14:25";"1";"94";"94017";"2";"2";"1";"6";"Rue Louis Talamoni / Rue Albert Thomas";"48,81353000";"2,51090000"
"202300015273";"3";"02";"2023";"10:15";"1";"94";"94071";"2";"2";"2";"6";"Rue Montaleau / Rue de Champigny";"48,77163800";"2,50940500"
"202300015274";"3";"02";"2023";"01:45";"5";"93";"93010";"2";"2";"2";"3";"Avenue Galliéni / Avenue de Rosny";"48,90407000";"2,47087000"
"202300015275";"3";"02";"2023";"15:20";"1";"93";"93005";"2";"3";"1";"3";"Allée Duguay-trouin / Rue Auguste Renoir";"48,95817200";"2,49536300"
"202300015276";"3";"02";"2023";"20:00";"5";"92";"92050";"2";"3";"1";"2";"COMMUNE DE PARIS AVENUE DE LA";"48,89756197";"2,19700545"
"202300015277";"3";"02";"2023";"18:00";"5";"92";"92050";"2";"1";"1";"1";"HARAS RUE DU";"48,91896742";"2,22025484"
"202300015278";"3";"02";"2023";"04:36";"5";"92";"92049";"2";"9";"8";"6";"GINOUX AV. HENRI N°1 A 95 ET 2 A 104";"48,81764370";"2,32207873"
"202300015279";"3";"02";"2023";"21:05";"5";"92";"92040";"2";"2";"1";"3";"GALLIENI (BOULEVARD)";"48,83156000";"2,26720000"
"202300015280";"3";"02";"2023";"12:27";"1";"92";"92036";"2";"1";"1";"2";"VIEUX CHEMIN DE SAINT DENIS (AVENUE)";"48,93163492";"2,31923506"
"202300015281";"3";"02";"2023";"09:14";"1";"92";"92036";"2";"1";"1";"6";"LOUIS ROCHE (AVENUE) (47/151)";"48,92697000";"2,31438000"
"202300015282";"3";"02";"2023";"08:45";"1";"92";"92024";"2";"1";"2";"7";"EUROPE (ALLEES DE)";"48,91108459";"2,31004313"
"202300015283";"3";"02";"2023";"07:45";"2";"92";"92023";"2";"1";"2";"2";"VICTOR HUGO (AVENUE)";"48,80735000";"2,27054700"
"202300015284";"3";"02";"2023";"19:42";"5";"92";"92012";"2";"2";"1";"6";"ISSY (RUE D')";"48,82900000";"2,24612000"
"202300015285";"3";"02";"2023";"20:00";"3";"35";"35033";"1";"1";"1";"1";"D38";"47,93466530";" -1,74742162"
"202300015286";"4";"02";"2023";"05:45";"3";"44";"44202";"1";"1";"1";"6";"201 La Croix";"47,45531000";" -1,29932400"
"202300015287";"2";"02";"2023";"16:50";"1";"83";"83072";"2";"1";"1";"6";"Avenue de Toulon";"43,48922000";"6,35501611"
"202300015288";"3";"02";"2023";"19:30";"5";"01";"01416";"1";"3";"1";"6";"D1504";"45,92247600";"5,50198300"
"202300015289";"20";"01";"2023";"11:05";"1";"42";"42338";"1";"2";"1";"3";"Route de Perreux";"46,07297800";"4,11889700"
"202300015290";"3";"02";"2023";"09:20";"1";"31";"31035";"2";"1";"1";"6";"39 Chemin de l'Eglise";"43,52883600";"1,48001900"
"202300015291";"4";"02";"2023";"13:30";"1";"31";"31435";"2";"6";"1";"3";"2 Rue Aymeric de Murel";"43,41704600";"1,17312300"
"202300015292";"3";"02";"2023";"14:10";"1";"31";"31567";"1";"2";"7";"3";"D826";"43,59412300";"1,66806000"
"202300015293";"3";"02";"2023";"18:00";"2";"42";"42284";"1";"1";"1";"5";"N7";"46,09731100";"3,98661000"
"202300015294";"3";"02";"2023";"16:40";"1";"58";"58086";"2";"1";"8";"3";"Rue Saint Lazare";"47,41883900";"2,93230900"
"202300015295";"4";"02";"2023";"13:45";"1";"79";"79329";"1";"1";"1";"7";"";"46,98528800";" -0,27907800"
"202300015296";"4";"02";"2023";"18:00";"2";"65";"65017";"1";"1";"1";"7";"D173";"42,77725200";"0,19778600"
"202300015297";"4";"02";"2023";"16:20";"1";"71";"71376";"1";"1";"8";"6";"Route de la Canche";"47,01921100";"4,10794900"
"202300015298";"4";"02";"2023";"10:20";"1";"63";"63430";"2";"1";"1";"6";"Avenue Léo Lagrange";"45,84841759";"3,53294671"
"202300015299";"2";"02";"2023";"16:20";"1";"63";"63050";"2";"6";"1";"3";"giratoire D34/D76 ";"45,40883400";"3,32694800"
"202300015300";"1";"02";"2023";"07:45";"2";"86";"86076";"1";"1";"1";"1";"RD30";"46,65458000";"0,21878300"
"202300015301";"4";"02";"2023";"02:15";"3";"39";"39531";"1";"1";"1";"6";"";"46,51285100";"5,74906800"
"202300015302";"3";"02";"2023";"20:10";"3";"25";"25445";"1";"1";"1";"1";"N83";"47,03853000";"5,87398400"
"202300015303";"4";"02";"2023";"02:50";"3";"35";"35184";"1";"3";"1";"6";"Montreuil";"48,21581890";" -2,03091100"
"202300015304";"3";"02";"2023";"19:25";"3";"03";"03138";"1";"1";"1";"3";"Route du Donjon";"46,25071300";"3,65829200"
"202300015305";"31";"01";"2023";"07:00";"2";"26";"26305";"1";"1";"6";"1";"D74";"44,58575100";"4,89389400"
"202300015306";"3";"02";"2023";"19:00";"5";"14";"14534";"2";"3";"1";"3";"25 Route de Pont-l'Evêque";"49,26398900";"0,14102600"
"202300015307";"3";"02";"2023";"13:10";"1";"05";"05029";"1";"1";"7";"1";"Route d’Orcières";"44,64275500";"6,16693500"
"202300015308";"19";"01";"2023";"17:35";"1";"09";"09070";"1";"1";"2";"4";"rn 20 - PK65+200";"42,77732200";"1,69637900"