"Num_Acc";"jour";"mois";"an";"hrmn";"lum";"dep";"com";"agg";"int";"atm";"col";"adr";"lat";"long"
"202300015309";"4";"02";"2023";"00:50";"3";"60";"60626";"1";"1";"1";"6";"D915";"49,37593300";"1,75293100"
"202300015310";"31";"01";"2023";"08:30";"2";"16";"16292";"1";"1";"1";"6";"D911";"46,04921400";"0,19860100"
"202300015311";"3";"02";"2023";"12:23";"1";"85";"85206";"1";"1";"1";"7";"D949";"46,46272000";" -1,31872000"
"202300015312";"31";"01";"2023";"17:15";"1";"85";"85047";"2";"9";"1";"6";"VC 190 rue Carnot";"46,85445900";" -1,89576500"
"202300015313";"3";"02";"2023";"23:20";"3";"30";"30147";"1";"1";"1";"3";"D982";"44,02199900";"4,04082300"
"202300015314";"3";"02";"2023";"18:15";"3";"08";"08338";"1";"1";"2";"6";"";"49,40893134";"4,46912240"
"202300015315";"3";"02";"2023";"20:35";"3";"30";"30347";"1";"1";"1";"1";"RD135";"43,72328900";"4,26986200"
"202300015316";"2";"02";"2023";"11:50";"1";"13";"13050";"1";"1";"7";"3";"Route d’Avignon";"43,65691500";"5,25762900"
"202300015317";"3";"02";"2023";"21:10";"3";"60";"60299";"1";"1";"1";"2";"A16 PK 94+300 B/P";"49,62081700";"2,20923500"
"202300015318";"4";"02";"2023";"17:55";"1";"53";"53201";"1";"1";"1";"2";"A81";"48,09424800";" -0,85701900"
"202300015319";"4";"02";"2023";"03:30";"3";"21";"21347";"1";"1";"1";"4";"Autoroute A6, PK 306.400";"47,00256600";"4,86074200"
"202300015320";"3";"02";"2023";"12:40";"1";"95";"95604";"1";"1";"1";"5";"RD 317";"49,09884758";"2,53137231"
"202300015321";"4";"02";"2023";"15:25";"1";"988";"98804";"1";"3";"8";"5";"RPN3/RM15- INTERSECTION NAKÉTY SAINT LOUIS";" -21,54894900";"166,03879500"
"202300015322";"4";"02";"2023";"06:35";"1";"971";"97112";"2";"1";"1";"6";"Beaurenom";"15,88090100";" -61,31022900"
"202300015323";"3";"02";"2023";"19:20";"3";"971";"97121";"1";"1";"1";"6";"Lieu Dit Baillargent";"16,25832500";" -61,80601100"
"202300015324";"2";"02";"2023";"12:30";"1";"971";"97124";"2";"1";"1";"7";"Route de Morin";"16,00424700";" -61,70445100"
"202300015325";"4";"02";"2023";"10:45";"1";"18";"18207";"2";"1";"1";"6";"50 Route de Rosières";"46,97825600";"2,24892100"
"202300015326";"4";"02";"2023";"18:40";"3";"66";"66017";"1";"1";"6";"6";"";"42,83660410";"3,03846000"
"202300015327";"4";"02";"2023";"15:40";"1";"21";"21390";"2";"3";"1";"3";"54 Rue du Carre";"47,27774600";"4,98507900"
"202300015328";"3";"02";"2023";"18:55";"5";"68";"68028";"2";"1";"1";"1";"Route de Selestat";"48,20559700";"7,37345700"
"202300015329";"3";"02";"2023";"20:45";"3";"73";"73317";"1";"1";"1";"3";"D123 - Route du mont bisanne";"45,74614036";"6,53680701"
"202300015330";"3";"02";"2023";"20:40";"3";"31";"31263";"1";"1";"1";"1";"Route de Muret";"43,41991700";"1,37615400"
"202300015331";"4";"02";"2023";"17:00";"1";"19";"19038";"1";"1";"1";"3";"Hautefage";"45,26731700";"1,73695000"
"202300015332";"4";"02";"2023";"10:12";"1";"35";"35257";"2";"1";"1";"6";"62Rue d'Antrain";"48,41518800";" -1,37868200"
"202300015333";"4";"02";"2023";"11:20";"1";"27";"27070";"1";"1";"1";"2";"D316";"49,30346800";"1,49774600"
"202300015334";"3";"02";"2023";"03:41";"3";"13";"13071";"1";"1";"1";"2";"A7-Sens Marseille vers Lyon";"43,40365000";"5,30842000"
"202300015335";"3";"02";"2023";"19:11";"5";"83";"83137";"1";"1";"1";"4";"A57";"43,12334000";"5,95911000"
"202300015336";"3";"02";"2023";"14:20";"1";"69";"69259";"1";"1";"1";"4";"Boulevard Périphérique Laurent Bonnevay";"45,71768000";"4,86286000"
"202300015337";"3";"02";"2023";"18:00";"3";"91";"91471";"1";"1";"1";"7";"RN 118";"48,69813400";"2,19224700"
"202300015338";"3";"02";"2023";"14:12";"1";"91";"91659";"1";"1";"1";"7";"AUTOROUTE A6";"48,58284000";"2,45698000"
"202300015339";"3";"02";"2023";"02:20";"3";"91";"91161";"1";"1";"1";"2";"AUTOROUTE A6";"48,71989700";"2,31071600"
"202300015340";"3";"02";"2023";"18:30";"3";"95";"95018";"1";"1";"1";"3";" A15";"48,95528809";"2,27796417"
"202300015341";"3";"02";"2023";"17:10";"2";"95";"95582";"1";"1";"1";"6";"A115";"48,97648000";"2,24150000"
"202300015342";"2";"02";"2023";"19:45";"3";"93";"93078";"1";"1";"1";"4";"AUTOROUTE A104";"48,96208000";"2,54640000"
"202300015343";"1";"02";"2023";"07:50";"1";"95";"95572";"1";"1";"1";"2";" A15";"49,03421791";"2,10199934"
"202300015344";"2";"02";"2023";"10:10";"1";"76";"76351";"2";"1";"1";"6";"HUIT MAI 1945 (AVENUE DU)";"49,51362000";"0,16370000"
"202300015345";"2";"02";"2023";"13:00";"1";"974";"97416";"1";"7";"1";"3";"ANCIENNE RN 1";" -21,32300000";"55,44509000"
"202300015346";"1";"02";"2023";"16:10";"1";"974";"97416";"2";"9";"1";"2";"RN1 (ROUTE NATIONALE)";" -21,32693000";"55,45054000"
"202300015347";"3";"02";"2023";"00:30";"4";"69";"69387";"2";"2";"1";"6";"Boulevard Chambaud de la Bruyère";"45,72277000";"4,84237000"
"202300015348";"2";"02";"2023";"17:50";"1";"69";"69387";"2";"1";"1";"6";"Avenue Jean Jaurès";"45,72777000";"4,83158000"
"202300015349";"2";"02";"2023";"09:55";"1";"69";"69383";"2";"3";"1";"3";"33 Avenue Félix Faure";"45,75281718";"4,85221906"
"202300015350";"1";"02";"2023";"09:45";"1";"69";"69388";"2";"3";"1";"6";"228 Avenue Berthelot";"45,74000000";"4,85770000"
"202300015351";"1";"02";"2023";"12:45";"1";"972";"97209";"2";"1";"1";"3";"GENERAL DE GAULLE (BLD DU)";"14,60767000";" -61,06970000"
"202300015352";"2";"02";"2023";"11:50";"1";"69";"69389";"2";"3";"1";"6";"Rue Frère Benoit";"45,76378000";"4,79547000"
"202300015353";"2";"02";"2023";"08:45";"1";"69";"69382";"2";"3";"1";"3";"Quai Maréchal Joffre";"45,75265528";"4,82460873"
"202300015354";"1";"02";"2023";"21:15";"5";"69";"69389";"2";"9";"1";"3";"76 Rue Pierre Audry";"45,76300000";"4,80750000"
"202300015355";"1";"02";"2023";"08:35";"1";"69";"69381";"2";"3";"1";"3";"2 Rue Terme";"45,76811000";"4,83210000"
"202300015356";"2";"02";"2023";"13:05";"1";"2B";"2B120";"1";"1";"1";"3";"11 - RT";"42,66076000";"9,44228000"
"202300015357";"2";"02";"2023";"08:50";"1";"95";"95277";"2";"6";"1";"6";"Avenue de la Concorde";"48,99690500";"2,41950300"
"202300015358";"2";"02";"2023";"11:15";"1";"91";"91339";"2";"3";"1";"3";"RUE DE LA DIVISION LECLERC";"48,62622000";"2,26262000"
"202300015359";"2";"02";"2023";"20:49";"5";"91";"91691";"2";"1";"1";"3";"CONCY(RUE)";"48,71370000";"2,48909000"
"202300015360";"31";"01";"2023";"12:05";"1";"91";"91174";"2";"1";"1";"4";"AV DU 8 MAI 1945";"48,61167000";"2,45317000"
"202300015361";"2";"02";"2023";"07:49";"2";"87";"87050";"1";"1";"1";"6";"TEXONNIERAS (RUE DE)";"45,86161000";"1,22012000"
"202300015362";"1";"02";"2023";"14:41";"1";"87";"87085";"2";"1";"1";"6";"PERRIN (RUE FRANCOIS)";"45,82958000";"1,24863000"
"202300015363";"31";"01";"2023";"19:31";"5";"87";"87085";"2";"2";"3";"3";"ISLE (RUE D')";"45,82470000";"1,23457000"
"202300015364";"1";"02";"2023";"17:45";"2";"83";"83129";"2";"1";"1";"6";"MER (AVENUE DE LA) N° PAIRS";"43,10348660";"5,81915992"
"202300015365";"2";"02";"2023";"07:10";"5";"77";"77251";"1";"2";"1";"1";"D306";"48,61750800";"2,56869500"
"202300015366";"2";"02";"2023";"08:05";"2";"77";"77186";"1";"6";"1";"6";"D138 / D606";"48,47472200";"2,67876400"
"202300015367";"2";"02";"2023";"18:20";"5";"76";"76322";"2";"6";"1";"4";"Boulevard de Verdun";"49,41567000";"1,05305000"
"202300015368";"25";"01";"2023";"12:25";"1";"76";"76319";"1";"1";"1";"7";"N138";"49,35095300";"1,02458400"
"202300015369";"2";"02";"2023";"17:00";"1";"74";"74012";"2";"1";"1";"6";"VALLEES (ROUTE DES)";"46,19330000";"6,24286000"
"202300015370";"2";"02";"2023";"17:45";"5";"73";"73008";"2";"3";"1";"3";"D991";"45,67207000";"5,90845000"
"202300015371";"1";"02";"2023";"15:38";"1";"72";"72181";"2";"1";"1";"6";"MAILLETS (RUE DES) IMP 37 A 159";"48,01442014";"0,20981133"
"202300015372";"1";"02";"2023";"02:40";"5";"71";"71270";"2";"2";"1";"7";"NEUF CLES (BOULEVARD DES)";"46,30784000";"4,82065000"
"202300015373";"2";"02";"2023";"20:50";"5";"69";"69266";"2";"1";"1";"4";"Avenue Roger Salengro";"45,78280636";"4,89022605"
"202300015374";"2";"02";"2023";"21:30";"5";"69";"69259";"2";"1";"1";"6";"21 Rue Carnot";"45,70342000";"4,88055000"
"202300015375";"1";"02";"2023";"18:50";"5";"67";"67447";"2";"1";"1";"3";"BISCHWILLER (ROUTE DE)";"48,60275557";"7,74599433"
"202300015376";"31";"01";"2023";"16:36";"1";"66";"66136";"2";"2";"1";"4";"";"42,69527100";"2,90220000"
"202300015377";"2";"02";"2023";"21:11";"5";"64";"64348";"2";"1";"1";"3";"JEAN MERMOZ";"43,32254000";" -0,37929000"
"202300015378";"2";"02";"2023";"09:25";"1";"64";"64445";"1";"1";"7";"4";"OLOF PALME";"43,33541000";" -0,36176000"
"202300015379";"2";"02";"2023";"08:30";"1";"64";"64024";"2";"1";"1";"2";"10bis Rue de Dous Bos";"43,48974500";" -1,50299800"
"202300015380";"1";"02";"2023";"09:00";"1";"64";"64102";"2";"1";"1";"7";"17 LORRAINE (BOULEVARD D'ALSACE)";"43,49469000";" -1,46850000"
"202300015381";"1";"02";"2023";"07:50";"2";"64";"64140";"2";"1";"1";"5";"SAINT GOBAIN (QUAI)";"43,51689000";" -1,48875000"
"202300015382";"2";"02";"2023";"08:20";"1";"60";"60057";"2";"1";"1";"6";"Rue de Calais";"49,43680000";"2,08444000"
"202300015383";"2";"02";"2023";"12:00";"1";"59";"59599";"2";"2";"1";"3";"GAMBETTA (BOULEVARD)";"50,70544000";"3,16016000"
"202300015384";"2";"02";"2023";"20:20";"5";"59";"59350";"2";"1";"1";"3";"JACQUET EUGENE RUE N°IMPAIRS";"50,63737496";"3,08402002"
"202300015385";"31";"01";"2023";"08:30";"1";"59";"59009";"2";"1";"1";"2";"HEM RUE D";"50,65074000";"3,16061000"
"202300015386";"24";"01";"2023";"11:00";"1";"59";"59183";"2";"9";"1";"6";"CAMBON PAUL - BOULEVARD";"51,04369200";"2,40420500"
"202300015387";"2";"02";"2023";"11:44";"1";"54";"54174";"1";"3";"8";"2";"Avenue du Maréchal Joffre";"48,66719000";"5,85390000"
"202300015388";"3";"02";"2023";"00:05";"5";"51";"51454";"2";"1";"1";"7";"rue de Chevigné";"49,25626000";"4,04892000"
"202300015389";"30";"01";"2023";"15:25";"1";"50";"50129";"2";"3";"1";"3";"VAL DE SAIRE (RUE DU)";"49,63904000";" -1,60628000"
"202300015390";"1";"02";"2023";"08:54";"1";"49";"49007";"2";"3";"1";"3";"BRESSIGNY";"47,46716000";" -0,54942000"
"202300015391";"2";"02";"2023";"12:48";"1";"45";"45208";"2";"1";"1";"6";"12 Rue de Triqueti";"47,99876000";"2,73246000"
"202300015392";"2";"02";"2023";"21:20";"5";"44";"44190";"2";"2";"1";"3";"57 Rue du Douet";"47,19926000";" -1,50799000"
"202300015393";"2";"02";"2023";"22:20";"5";"42";"42044";"2";"1";"1";"6";"Rue James Jackson";"45,39887000";"4,33979000"
"202300015394";"1";"02";"2023";"17:30";"1";"38";"38563";"2";"6";"1";"6";"KOFLER (BOULEVARD E.)";"45,36133000";"5,59864000"
"202300015395";"2";"02";"2023";"11:20";"1";"38";"38185";"2";"3";"1";"6";"BOULEVARD JEAN PAIN";"45,18580000";"5,73340000"
"202300015396";"2";"02";"2023";"16:30";"1";"35";"35278";"1";"1";"1";"2";"GAULLE (RUE DU GAL DE)";"48,14170000";" -1,68665000"
"202300015397";"2";"02";"2023";"08:40";"1";"35";"35238";"2";"3";"1";"6";"BOUZAT (DOYEN ALBERT)";"48,12829000";" -1,63861000"
"202300015398";"2";"02";"2023";"12:10";"1";"34";"34172";"2";"6";"1";"2";"Avenue Ernest Hemingway";"43,63647000";"3,83157000"
"202300015399";"19";"10";"2023";"08:30";"1";"06";"06032";"2";"1";"2";"6";"liaison marquet";"43,72743500";"7,41231400"
"202300015400";"1";"02";"2023";"18:30";"5";"33";"33281";"2";"3";"1";"3";"Avenue Montesquieu";"44,84638122";" -0,63506824"
"202300015401";"2";"02";"2023";"17:25";"1";"33";"33529";"1";"6";"1";"6";"CAZAUX (BD DE) DU 02 ET +";"44,61694809";" -1,13757312"
"202300015402";"18";"10";"2023";"16:30";"1";"64";"64362";"1";"1";"1";"1";"d14";"43,33999000";" -1,07624200"
"202300015403";"1";"02";"2023";"21:05";"5";"33";"33529";"2";"1";"1";"1";"PORT (RUE DU)";"44,63625117";" -1,14453077"
"202300015404";"19";"10";"2023";"07:10";"5";"18";"18197";"2";"1";"8";"6";"26 Rue Henri Barbusse";"46,72316400";"2,50179300"
"202300015405";"1";"02";"2023";"15:40";"1";"33";"33529";"2";"6";"1";"3";"LECLERC (AVE DU GAL)";"44,64837000";" -1,15288000"
"202300015406";"2";"02";"2023";"17:35";"1";"32";"32013";"2";"1";"1";"6";"MARNE (AVENUE DE LA)";"43,64926000";"0,59651000"
"202300015407";"18";"10";"2023";"15:40";"1";"36";"36018";"2";"2";"2";"5";"Rue Albert Chichery";"46,63818900";"1,06176300"
"202300015408";"2";"02";"2023";"16:10";"1";"31";"31555";"2";"1";"1";"6";"BD DE L EMBOUCHURE";"43,61612651";"1,43647045"
"202300015409";"2";"02";"2023";"11:55";"1";"29";"29232";"2";"1";"1";"6";"Place Louis Armand";"47,99422200";" -4,09224000"
"202300015410";"18";"10";"2023";"07:50";"3";"40";"40001";"2";"1";"2";"2";"Coste de Lariou";"43,69496600";" -0,27408400"
"202300015411";"2";"02";"2023";"17:20";"1";"28";"28404";"2";"1";"1";"3";"MARTIN LUTHER KING (RUE)";"48,71988000";"1,34183000"
"202300015412";"17";"10";"2023";"20:50";"3";"40";"40163";"1";"1";"1";"7";"avenue des grands lacs";"44,26109100";" -0,99198800"
"202300015413";"2";"02";"2023";"12:05";"1";"25";"25056";"2";"8";"8";"3";"CORVEE RUE DE LA";"47,25748000";"6,04193000"
"202300015414";"1";"02";"2023";"17:24";"1";"22";"22278";"1";"1";"1";"2";"RN12";"48,50478000";" -2,73257000"
"202300015415";"18";"10";"2023";"17:00";"1";"24";"24520";"1";"1";"2";"3";"Route d'Alsace";"44,91260400";"1,20719000"
"202300015416";"2";"02";"2023";"07:30";"2";"21";"21355";"2";"3";"1";"3";"CHICAGO (DE) (BOULEVARD)";"47,30039700";"5,05999900"
"202300015417";"1";"02";"2023";"06:50";"3";"19";"19031";"2";"3";"1";"7";"LISSAC (ROUTE DE)";"45,13428600";"1,47527300"
"202300015418";"13";"09";"2023";"16:20";"1";"85";"85234";"2";"1";"1";"7";"57 Route de la caillauderie";"46,77494300";" -2,03339900"
"202300015419";"2";"02";"2023";"22:05";"5";"17";"17300";"2";"2";"1";"1";"JOFFRE   BOULEVARD (79 et 18)";"46,15801000";" -1,14217000"
"202300015420";"18";"10";"2023";"14:45";"1";"87";"87154";"2";"1";"3";"1";"Avenue Gay Lussac";"45,88780100";"0,88679200"
"202300015421";"2";"02";"2023";"20:15";"5";"14";"14271";"2";"1";"1";"6";"21 Route d'Harcourt";"49,14962000";" -0,37206000"
"202300015422";"19";"10";"2023";"08:57";"1";"37";"37143";"2";"1";"1";"6";"14 Route de Bléré";"47,13858262";"0,79588652"
"202300015423";"2";"02";"2023";"19:10";"3";"13";"13117";"1";"9";"1";"3";"BERNARDE (AUBERGE LA) RN 113";"43,47405000";"5,22857000"
"202300015424";"18";"10";"2023";"07:40";"5";"24";"24226";"2";"1";"2";"6";"Route de Bergerac";"44,85176200";"0,02965500"
"202300015425";"1";"02";"2023";"16:30";"1";"13";"13054";"2";"3";"1";"3";"COMBATTANTS AFN 52 62 (AV DES )";"43,40101000";"5,22578000"
"202300015426";"2";"02";"2023";"08:45";"1";"13";"13206";"2";"1";"1";"3";"DELPHES (AVENUE DE)";"43,28413000";"5,38753000"
"202300015427";"5";"10";"2023";"08:00";"1";"24";"24189";"1";"9";"1";"3";"Conterie Est";"44,88115200";"0,18233700"
"202300015428";"2";"01";"2023";"09:15";"1";"13";"13207";"2";"1";"1";"1";"Corniche John Fitzgérald Kennedy";"43,28838000";"5,35309000"
"202300015429";"2";"02";"2023";"21:15";"5";"06";"06088";"2";"9";"1";"3";"DURANTE (AV.)";"43,70282000";"7,26236000"
"202300015430";"18";"10";"2023";"16:45";"1";"91";"91649";"1";"1";"2";"1";"D26";"48,56161100";"2,35428600"
"202300015431";"2";"02";"2023";"08:15";"1";"06";"06069";"2";"1";"1";"2";"PEGOMAS (ROUTE DE)";"43,63830400";"6,93360900"
"202300015432";"19";"10";"2023";"17:20";"1";"06";"06030";"1";"1";"2";"5";"A8";"43,58362400";"7,02271000"
"202300015433";"2";"02";"2023";"09:45";"1";"06";"06123";"2";"4";"1";"3";"GERBAULT ALAIN PROMENADE";"43,65660000";"7,17968000"
"202300015434";"18";"10";"2023";"16:38";"1";"13";"13032";"1";"1";"8";"3";"d18 route de loqui";"43,56648500";"5,34689800"
"202300015435";"31";"01";"2023";"16:15";"1";"03";"03101";"2";"6";"1";"3";"Rue du Stade";"46,35730000";"2,53716000"
"202300015436";"2";"02";"2023";"17:20";"1";"92";"92073";"2";"1";"1";"6";"BAC (RUE DU)";"48,86923132";"2,22999474"
"202300015437";"19";"10";"2023";"12:45";"1";"68";"68118";"2";"1";"2";"1";"153 Rue du Général de Gaulle";"47,72132200";"7,41834100"
"202300015438";"31";"01";"2023";"13:00";"1";"75";"75114";"2";"4";"1";"5";"BOULEVARD PERIPHERIQUE EXTERIEUR SUD";"48,81644900";"2,34212200"
"202300015439";"15";"10";"2023";"13:55";"1";"13";"13076";"1";"1";"1";"2";"A7, PK 208+400 direction MARSEILLE";"43,83088900";"5,01223300"
"202300015440";"1";"02";"2023";"12:40";"1";"75";"75120";"2";"1";"1";"2";"PORTE DE MONTREUIL";"48,85542800";"2,41405100"
"202300015441";"19";"10";"2023";"07:15";"2";"60";"60482";"1";"1";"1";"3";"D924a";"49,15941100";"2,51634100"
"202300015442";"2";"02";"2023";"12:00";"1";"75";"75119";"2";"2";"1";"3";"BOULEVARD MACDONALD";"48,89829900";"2,38614400"
"202300015443";"17";"10";"2023";"07:50";"1";"973";"97305";"1";"1";"1";"3";"Route Nationale 1";"4,94661700";" -52,42029900"
"202300015444";"19";"10";"2023";"08:20";"2";"77";"77082";"1";"1";"2";"1";"D47";"48,60386800";"2,80561200"
"202300015445";"18";"10";"2023";"11:15";"1";"2B";"2B298";"1";"1";"1";"1";"D238";"42,67879100";"9,31597700"
"202300015446";"14";"09";"2023";"16:35";"1";"06";"06142";"2";"1";"1";"6";"D2204";"43,84802700";"7,36327800"
"202300015447";"19";"10";"2023";"18:08";"3";"25";"25350";"1";"1";"2";"6";"D663";"47,46288600";"6,68196200"
"202300015448";"19";"10";"2023";"07:30";"2";"68";"68298";"2";"2";"2";"6";"Rue Kroeber Imlin";"48,24475700";"7,17988700"
"202300015449";"19";"10";"2023";"15:45";"1";"68";"68189";"2";"1";"2";"6";"9 Rue d'Appenwihr";"48,02337500";"7,41146900"
"202300015450";"18";"10";"2023";"16:30";"1";"57";"57206";"1";"6";"1";"3";"Route Nationale 52";"49,28274200";"6,12554300"
"202300015451";"18";"10";"2023";"19:55";"5";"38";"38071";"2";"1";"2";"7";"Avenue Louis Colmard";"45,08246000";"5,73122600"
"202300015452";"18";"10";"2023";"23:55";"4";"38";"38486";"1";"1";"3";"7";"109 Avenue de Claix";"45,14518000";"5,67676900"
"202300015453";"18";"10";"2023";"17:45";"1";"60";"60157";"2";"3";"2";"6";"Rue de la Croix Picard";"49,38059900";"2,41072700"
"202300015454";"16";"10";"2023";"14:27";"1";"57";"57672";"1";"1";"1";"2";"Autoroute A31";"49,34825770";"6,16371632"
"202300015455";"18";"10";"2023";"08:55";"1";"33";"33249";"1";"1";"3";"7";"ROUTE NATIONALE 230";"44,88082209";" -0,51066577"
"202300015456";"18";"10";"2023";"06:13";"5";"33";"33397";"1";"1";"2";"4";"AUTOROUTE A 10";"44,91401700";" -0,48085300"
"202300015457";"18";"10";"2023";"07:42";"3";"91";"91434";"1";"1";"8";"2";"AUTOROUTE A6";"48,66829000";"2,35401000"
"202300015458";"18";"10";"2023";"09:00";"1";"94";"94003";"1";"1";"1";"5";"A6A";"48,80193886";"2,34201599"
"202300015459";"17";"10";"2023";"19:35";"3";"78";"78640";"1";"1";"1";"3";"N118";"48,78231800";"2,22313900"
"202300015460";"17";"10";"2023";"08:30";"1";"78";"78571";"1";"1";"1";"3";"A13";"48,86741500";"2,03321200"
"202300015461";"17";"10";"2023";"08:30";"2";"78";"78646";"1";"1";"1";"7";"RN12 INT";"48,78369700";"2,15847600"
"202300015462";"18";"10";"2023";"14:30";"1";"93";"93006";"1";"1";"3";"2";"AUTOROUTE A3";"48,86628000";"2,41456000"
"202300015463";"18";"10";"2023";"14:00";"1";"94";"94033";"1";"1";"2";"2";"A86";"48,84919697";"2,49125102"
"202300015464";"18";"10";"2023";"11:15";"1";"94";"94073";"1";"1";"1";"2";"A86";"48,77046720";"2,38375781"
"202300015465";"18";"10";"2023";"08:20";"1";"94";"94028";"1";"1";"1";"2";"A86";"48,78530834";"2,44039875"
"202300015466";"18";"10";"2023";"07:40";"2";"77";"77083";"1";"1";"1";"5";"A4.W";"48,83372592";"2,59108543"
"202300015467";"14";"08";"2023";"12:45";"1";"973";"97302";"2";"1";"1";"7";"RABAN (ROUTE DE)";"4,93658411";" -52,31502369"
"202300015468";"5";"05";"2023";"09:06";"1";"41";"41212";"2";"6";"2";"5";"PATTE D'OIE (rond point)";"47,56189000";"1,37272000"
"202300015469";"13";"04";"2023";"16:00";"1";"13";"13103";"1";"1";"1";"1";"RN 113";"43,64045497";"5,06564132"
"202300015470";"22";"07";"2023";"23:20";"3";"13";"13056";"1";"1";"1";"6";"MARITIME (bld)";"43,40344000";"5,02547000"
"202300015471";"18";"08";"2023";"16:50";"1";"13";"13026";"2";"1";"1";"6";"JAI (plage du)";"43,40411000";"5,14648000"
"202300015472";"9";"06";"2023";"18:25";"1";"92";"92078";"2";"9";"1";"6";"JEAN GIRAUDOUX (SQUARE)";"48,93698458";"2,32766725"
"202300015473";"16";"10";"2023";"17:40";"1";"976";"97611";"2";"1";"1";"3";"kaweni-Kaweni nord ( Z I )";" -12,75653000";"45,23331000"
"202300015474";"17";"10";"2023";"17:50";"1";"974";"97411";"2";"1";"1";"6";"GRENADIERS (CHEMIN DES)";" -20,91399000";"55,47749000"
"202300015475";"17";"10";"2023";"07:40";"1";"973";"97302";"2";"1";"1";"1";"RABAN (ROUTE DE)";"4,92666461";" -52,31393874"
"202300015476";"11";"10";"2023";"07:10";"1";"973";"97302";"2";"2";"1";"3";"MANDELA  (BOULEVARD)";"4,94126322";" -52,32696623"
"202300015477";"17";"10";"2023";"09:20";"1";"972";"97213";"1";"1";"1";"2";"AUTOROUTE A1";"14,61824000";" -61,03410000"
"202300015478";"11";"10";"2023";"13:40";"1";"972";"97209";"2";"1";"1";"3";"DIDIER (CHEMIN DEPARTEMENTAL N°45 DE)";"14,61855000";" -61,07972000"
"202300015479";"16";"10";"2023";"14:40";"1";"972";"97209";"2";"9";"1";"3";"REDOUTE (ROUTE DE LA)";"14,61771000";" -61,06180000"
"202300015480";"17";"10";"2023";"07:20";"1";"971";"97101";"2";"4";"1";"3";"DUGAZON";"16,25171390";" -61,51903331"
"202300015481";"16";"10";"2023";"06:05";"1";"971";"97101";"2";"9";"1";"4";"CHAUVEL";"16,23869000";" -61,52634000"
"202300015482";"17";"10";"2023";"09:00";"1";"95";"95277";"1";"1";"1";"2";"D170";"48,97473000";"2,48645000"
"202300015483";"16";"10";"2023";"19:20";"2";"95";"95427";"2";"1";"1";"6";"D193E";"48,97731578";"2,36465693"
"202300015484";"17";"10";"2023";"13:46";"1";"95";"95018";"2";"1";"1";"6";"RETHONDES (RUE DE)";"48,94637000";"2,22963000"
"202300015485";"17";"10";"2023";"11:30";"1";"91";"91027";"2";"1";"1";"2";"AV ARISTIDE BRIAND";"48,70598000";"2,39122000"
"202300015486";"17";"10";"2023";"08:45";"1";"91";"91589";"2";"1";"1";"6";"RUE DES PALOMBES";"48,69758800";"2,35456100"
"202300015487";"17";"10";"2023";"04:40";"5";"91";"91326";"2";"2";"1";"4";"COUR DE FRANCE (AVENUE DE LA)";"48,69132000";"2,37074800"
"202300015488";"12";"09";"2023";"18:20";"2";"91";"91174";"2";"2";"2";"4";"BD JEAN JAURES";"48,60873000";"2,46397000"
"202300015489";"17";"10";"2023";"12:30";"1";"87";"87085";"2";"3";"1";"3";"FOUGERAS (RUE DE)";"45,86656514";"1,29320000"
"202300015490";"8";"10";"2023";"19:56";"2";"87";"87065";"1";"1";"1";"7";"CHURCHILL (AVENUE WINSTON-)";"45,80265000";"1,33062000"
"202300015491";"16";"10";"2023";"16:17";"1";"86";"86194";"2";"1";"1";"1";"Rue de la pierre levée";"46,57438400";"0,36155600"
"202300015492";"16";"10";"2023";"16:35";"1";"84";"84087";"2";"3";"1";"3";"FOURCHESVIEILLES (AVENUE)";"44,14617000";"4,80389000"
"202300015493";"22";"09";"2023";"11:05";"1";"30";"30351";"2";"2";"1";"6";"Place Jean Jaures";"43,96390000";"4,79790000"
"202300015494";"16";"10";"2023";"15:15";"1";"84";"84007";"2";"3";"1";"3";"LESCURE (IMPASSE)";"43,93422000";"4,80239000"
"202300015495";"16";"10";"2023";"16:27";"1";"82";"82121";"2";"9";"1";"6";"VOLTAIRE (RUE)";"44,03776000";"1,36090000"
"202300015496";"17";"10";"2023";"16:20";"1";"81";"81004";"2";"6";"1";"6";"GAMBETTA (AV)";"43,92455600";"2,14830770"
"202300015497";"13";"10";"2023";"18:37";"2";"80";"80021";"2";"1";"1";"1";"ALSACE LORRAINE (BOULEVARD D')";"49,89043000";"2,30627000"
"202300015498";"17";"10";"2023";"13:40";"1";"77";"77111";"2";"1";"1";"2";"D934";"48,87810000";"2,76195000"
"202300015499";"17";"10";"2023";"11:20";"1";"77";"77209";"1";"3";"1";"3";"DEUX CHATEAUX (AVENUE DES )";"48,85391000";"2,69071000"
"202300015500";"17";"10";"2023";"07:00";"5";"77";"77243";"2";"1";"1";"6";"D221";"48,88065233";"2,70487100"
"202300015501";"17";"10";"2023";"11:10";"1";"76";"76640";"2";"2";"1";"1";"Rue aux Saulniers";"49,28350000";"1,03823000"
"202300015502";"10";"10";"2023";"11:00";"1";"76";"76540";"2";"2";"1";"6";"Boulevard de l'Yser";"49,44837000";"1,10050000"
"202300015503";"20";"08";"2023";"21:30";"2";"76";"76231";"2";"2";"1";"3";"Rue de la République";"49,29072000";"0,99989000"
"202300015504";"10";"10";"2023";"15:45";"1";"76";"76552";"2";"1";"1";"7";"CARROUSEL ( RUE DU )";"49,51448900";"0,06850800"
"202300015505";"16";"10";"2023";"16:15";"1";"76";"76351";"2";"2";"1";"3";"GUSTAVE NICOLLE";"49,49251700";"0,14846300"
"202300015506";"13";"10";"2023";"19:10";"5";"72";"72181";"2";"9";"1";"2";"VOLTAIRE (RUE) N° IMP 1 A 113";"48,01203000";"0,19082000"