"Num_Acc";"jour";"mois";"an";"hrmn";"lum";"dep";"com";"agg";"int";"atm";"col";"adr";"lat";"long"
"202300015507";"16";"10";"2023";"17:00";"1";"72";"72003";"1";"9";"1";"7";"SPAY (RTE DE)";"47,94148000";"0,15815000"
"202300015508";"17";"10";"2023";"22:00";"5";"71";"71076";"2";"1";"1";"1";"AVENUE Pierre MENDES FRANCE";"46,77400000";"4,84000000"
"202300015509";"17";"10";"2023";"17:45";"1";"71";"71475";"2";"1";"1";"3";"LYON (ROUTE DE )";"46,76358000";"4,84257000"
"202300015510";"17";"10";"2023";"20:35";"5";"69";"69264";"2";"6";"1";"6";"Route de Frans";"45,98401000";"4,74348000"
"202300015511";"16";"10";"2023";"20:55";"3";"69";"69259";"2";"9";"1";"6";"Rue du Professeur Roux";"45,71742506";"4,85923941"
"202300015512";"16";"10";"2023";"12:50";"1";"69";"69290";"2";"3";"1";"3";"208 Route de Grenoble";"45,71525000";"4,96337000"
"202300015513";"12";"10";"2023";"08:40";"1";"68";"68376";"2";"1";"7";"6";"SAULE (RUE DU)";"47,82313000";"7,34021000"
"202300015514";"16";"10";"2023";"16:42";"1";"67";"67482";"2";"1";"1";"2";"JEAN MERMOZ (RUE)";"48,54687000";"7,77102000"
"202300015515";"16";"10";"2023";"08:40";"1";"66";"66136";"2";"6";"1";"3";"N/A";"42,69246000";"2,87966000"
"202300015516";"17";"10";"2023";"18:27";"1";"65";"65440";"2";"2";"1";"3";"Bd du Mal de Lattre de Tassigny";"43,22810000";"0,05650000"
"202300015517";"17";"10";"2023";"09:30";"1";"64";"64445";"2";"1";"1";"6";"GOLDA MEIR";"43,31009000";" -0,36093000"
"202300015518";"16";"10";"2023";"13:40";"1";"64";"64335";"2";"6";"1";"3";"SANTOS-DUMONT";"43,32305000";" -0,42058000"
"202300015519";"9";"10";"2023";"18:30";"1";"64";"64445";"2";"1";"1";"3";"PAIX";"43,32148000";" -0,36111000"
"202300015520";"17";"10";"2023";"11:00";"1";"64";"64102";"2";"6";"1";"3";"LEGION TCHEQUE (AVENUE DE LA)";"43,49367000";" -1,49162000"
"202300015521";"16";"10";"2023";"19:10";"1";"64";"64102";"2";"1";"1";"7";"PAULMY (AVENUE DES ALLEES)";"43,49163000";" -1,48117000"
"202300015522";"16";"10";"2023";"18:30";"1";"64";"64102";"2";"6";"1";"4";"ARITXAGUE (BD D')";"43,46646000";" -1,49486000"
"202300015523";"16";"10";"2023";"17:28";"1";"64";"64024";"2";"3";"1";"3";"BIARRITZ (AVENUE DE)";"43,48031000";" -1,52622000"
"202300015524";"23";"09";"2023";"19:00";"1";"62";"62624";"2";"1";"1";"3";"Avenue de la République";"50,41391000";"2,98670000"
"202300015525";"8";"10";"2023";"07:20";"1";"62";"62498";"2";"2";"1";"6";"Rue Léon Blum";"50,44265260";"2,80252236"
"202300015526";"17";"10";"2023";"08:00";"1";"62";"62041";"2";"1";"1";"6";"Avenue John Fitzgerald Kennedy";"50,28805000";"2,75378000"
"202300015527";"17";"10";"2023";"02:15";"5";"59";"59512";"2";"2";"1";"3";"GAND (QUAI DE)";"50,70551000";"3,17025000"
"202300015528";"10";"10";"2023";"20:15";"5";"59";"59183";"2";"1";"1";"6";"REPUBLIQUE - F MITTERAND - BOULEVARD";"51,04582000";"2,40802000"
"202300015529";"11";"10";"2023";"08:30";"1";"59";"59244";"2";"1";"1";"6";"BAPAUME (ROUTE DE)";"50,17385000";"3,19321000"
"202300015530";"16";"10";"2023";"17:00";"1";"56";"56083";"2";"1";"1";"2";"REPUBLIQUE ( AV. DE LA )";"47,79996000";" -3,28850000"
"202300015531";"6";"10";"2023";"15:55";"1";"55";"55545";"2";"1";"1";"7";"METZ ( AVENUE DE )";"49,14820000";"5,40209000"
"202300015532";"16";"10";"2023";"20:00";"5";"51";"51454";"2";"1";"1";"5";"HUET (RUE ANDRE)";"49,27574000";"4,00676000"
"202300015533";"15";"10";"2023";"23:40";"5";"49";"49007";"2";"1";"1";"7";"FEVRE QUAI";"47,47393000";" -0,55865000"
"202300015534";"17";"10";"2023";"11:07";"1";"45";"45208";"2";"1";"1";"6";"48 Place de la République";"47,99556000";"2,73337000"
"202300015535";"17";"10";"2023";"21:55";"5";"37";"37261";"2";"6";"1";"3";"HEURTELOUP (BOULEVARD)";"47,39476000";"0,70437000"
"202300015536";"17";"10";"2023";"17:36";"1";"37";"37122";"1";"1";"1";"3";"RD 37";"47,37119000";"0,65398000"
"202300015537";"17";"10";"2023";"19:25";"5";"35";"35238";"2";"2";"1";"3";"FOUGERES (RUE DE)";"48,12961000";" -1,64294000"
"202300015538";"17";"10";"2023";"13:30";"1";"35";"35051";"1";"1";"1";"6";"ROCADE 15-16";"48,14502000";" -1,61850000"
"202300015539";"17";"10";"2023";"09:10";"1";"35";"35238";"1";"1";"1";"4";"RN136";"48,11546000";" -1,71934000"
"202300015540";"17";"10";"2023";"17:45";"1";"34";"34172";"2";"1";"2";"3";"VALERY (BOULEVARD PAUL";"43,59199000";"3,85355000"
"202300015541";"16";"10";"2023";"12:25";"1";"33";"33063";"2";"1";"1";"2";"Avenue de la République";"44,83974000";" -0,60444000"
"202300015542";"17";"10";"2023";"13:20";"1";"33";"33529";"2";"1";"1";"6";"LESCA (RUE ANDRE)";"44,63864000";" -1,13142300"
"202300015543";"16";"10";"2023";"17:15";"1";"32";"32013";"2";"1";"1";"3";"CORPS FRANC POMMIES (AVENUE DU)";"43,62920000";"0,57999000"
"202300015544";"17";"10";"2023";"16:20";"1";"31";"31149";"1";"1";"1";"2";"3 COLOMIERS EST (A624)";"43,60514000";"1,34394000"
"202300015545";"16";"10";"2023";"17:52";"1";"29";"29051";"1";"1";"1";"5";"Route de Coray";"48,02707305";" -3,96714898"
"202300015546";"16";"10";"2023";"17:25";"1";"28";"28404";"2";"2";"1";"3";"NUISEMENT (RUE DE)";"48,72464000";"1,36879000"
"202300015547";"17";"10";"2023";"10:25";"1";"27";"27554";"2";"1";"1";"3";"ROUEN (AVENUE DE)";"49,11069000";"1,45223000"
"202300015548";"17";"10";"2023";"16:25";"1";"26";"26198";"1";"1";"1";"1";"Route de Saint Paul";"44,53768328";"4,75066423"
"202300015549";"12";"10";"2023";"15:55";"1";"22";"22113";"2";"1";"1";"2";"TREBEURDEN (ROUTE DE)";"48,74843011";" -3,48487794"
"202300015550";"15";"10";"2023";"22:40";"5";"19";"19031";"2";"2";"1";"3";"MIRABEAU (BOULEVARD) COTE NORD";"45,16531000";"1,52050000"
"202300015551";"17";"10";"2023";"23:04";"3";"17";"17028";"1";"1";"1";"6";"GRASSET   AVENUE EDMOND";"46,13157000";" -1,10025000"
"202300015552";"10";"10";"2023";"09:40";"1";"15";"15014";"2";"2";"1";"1";"MONRAISSE (AVENUE DU COMMANDANT)";"44,91334000";"2,43317000"
"202300015553";"17";"10";"2023";"17:00";"1";"13";"13207";"2";"1";"1";"1";"JUPITER (TRAVERSE)";"43,28019000";"5,36468000"
"202300015554";"17";"10";"2023";"08:00";"5";"10";"10387";"2";"3";"1";"3";"GUERARDE (RUE)";"48,30457000";"4,05905000"
"202300015555";"17";"10";"2023";"13:40";"1";"09";"09225";"2";"1";"1";"6";"CHARLES DE GAULLE RUE";"43,11533000";"1,60971000"
"202300015556";"17";"10";"2023";"07:50";"2";"09";"09225";"2";"1";"1";"6";"FREDERIC SOULIE RUE";"43,11506000";"1,61785000"
"202300015557";"11";"10";"2023";"12:05";"1";"09";"09225";"2";"1";"1";"6";"LOUMET RUE DE";"43,11178781";"1,61137059"
"202300015558";"17";"10";"2023";"14:40";"1";"06";"06069";"2";"9";"2";"7";"MOULIN DE BRUN (CHEMIN ET TRAVERSE DU)";"43,65396100";"6,94424300"
"202300015559";"17";"10";"2023";"18:30";"2";"05";"05061";"2";"3";"2";"2";"CHAMPSAURINS ( RUE DES)";"44,56729000";"6,08335000"
"202300015560";"17";"10";"2023";"12:30";"1";"04";"04112";"2";"9";"2";"3";"PASCAL (RUE B.)";"43,82285000";"5,79939000"
"202300015561";"17";"10";"2023";"17:03";"1";"03";"03185";"2";"1";"8";"6";"Rue des Rouges Gorges";"46,34521000";"2,57857000"
"202300015562";"17";"10";"2023";"16:10";"1";"75";"75120";"2";"1";"1";"4";"BD PERIPHERIQUE EXTERIEUR";"48,86258700";"2,41376700"
"202300015563";"17";"10";"2023";"08:40";"1";"75";"75112";"2";"1";"1";"4";"BD PERIPHERIQUE INTERIEUR";"48,82776546";"2,39348600"
"202300015564";"15";"10";"2023";"18:15";"5";"75";"75120";"2";"1";"1";"4";"BOULEVARD PERIPHERIQUE INTERIEUR NORD  ";"48,87318200";"2,41190500"
"202300015565";"17";"10";"2023";"19:50";"2";"75";"75106";"2";"2";"1";"3";"RUE DE VAUGIRARD";"48,84781900";"2,32954900"
"202300015566";"17";"10";"2023";"15:25";"1";"75";"75105";"2";"3";"1";"6";"RUE GEOFFROY SAINT HILAIRE";"48,83849400";"2,35706400"
"202300015567";"17";"10";"2023";"14:45";"1";"75";"75105";"2";"2";"1";"2";"RUE GAY LUSSAC";"48,84433278";"2,34203562"
"202300015568";"17";"10";"2023";"15:45";"1";"75";"75120";"2";"2";"1";"6";"RUE DES ORTEAUX";"48,85620000";"2,40493000"
"202300015569";"17";"10";"2023";"22:05";"5";"75";"75117";"2";"3";"1";"3";"RUE LEMERCIER";"48,88811000";"2,32103000"
"202300015570";"16";"10";"2023";"17:00";"1";"75";"75116";"2";"1";"1";"3";"BOULEVARD EXELMANS";"48,84187100";"2,26243500"
"202300015571";"17";"10";"2023";"12:20";"1";"75";"75115";"2";"2";"1";"3";"RUE DE DANTZIG";"48,82990600";"2,29561900"
"202300015572";"17";"10";"2023";"19:30";"5";"75";"75113";"2";"2";"1";"5";"AVENUE CLAUDE REGAUD";"48,82156100";"2,37252800"
"202300015573";"17";"10";"2023";"22:40";"5";"75";"75112";"2";"1";"1";"3";"AVENUE DES TERROIRS DE FRANCE";"48,83175400";"2,38833900"
"202300015574";"17";"10";"2023";"19:00";"5";"75";"75112";"2";"3";"1";"3";"AVENUE DAUMESNIL";"48,84281000";"2,38456000"
"202300015575";"17";"10";"2023";"16:15";"1";"75";"75111";"2";"2";"1";"3";"RUE ALEXANDRE DUMAS";"48,85364000";"2,39322000"
"202300015576";"17";"10";"2023";"17:40";"1";"75";"75110";"2";"1";"1";"6";"RUE DU FAUBOURG SAINT MARTIN";"48,87986343";"2,36365619"
"202300015577";"17";"10";"2023";"01:20";"5";"75";"75112";"2";"5";"1";"5";"QUAI DE BERCY";"48,83848400";"2,37593300"
"202300015578";"17";"10";"2023";"21:05";"5";"75";"75108";"2";"1";"1";"3";"PLACE DE LA CONCORDE";"48,86595200";"2,32092600"
"202300015579";"17";"10";"2023";"07:40";"2";"75";"75117";"2";"2";"1";"3";"AVENUE DE LA PORTE DE SAINT OUEN";"48,90097600";"2,33016100"
"202300015580";"17";"10";"2023";"18:45";"2";"75";"75103";"2";"1";"1";"6";"BOULEVARD SAINT MARTIN";"48,86838700";"2,35944400"
"202300015581";"17";"10";"2023";"17:20";"1";"75";"75101";"2";"3";"1";"7";"RUE COQUILLIERE";"48,86365400";"2,34278100"
"202300015582";"15";"10";"2023";"13:10";"1";"94";"94081";"2";"2";"1";"6";"Avenue du 8 Mai 1945";"48,78442276";"2,39816844"
"202300015583";"17";"10";"2023";"21:56";"5";"94";"94080";"2";"9";"1";"3";"Avenue du Général de Gaulle";"48,84113000";"2,43293000"
"202300015584";"14";"10";"2023";"12:32";"1";"94";"94042";"2";"1";"1";"2";"Quai Pierre Brossolette";"48,81903204";"2,46788891"
"202300015585";"17";"10";"2023";"13:15";"1";"94";"94076";"2";"1";"1";"3";"90 Av du President Salvador Allende";"48,79816500";"2,34710700"
"202300015586";"17";"10";"2023";"19:00";"2";"94";"94041";"2";"1";"1";"3";"Pont Nelson Mandela";"48,81961000";"2,39991000"
"202300015587";"17";"10";"2023";"07:45";"3";"94";"94017";"2";"2";"1";"3";"Rue Louis Talamoni";"48,81373333";"2,51023972"
"202300015588";"16";"10";"2023";"17:00";"1";"94";"94047";"2";"1";"1";"6";"75bis Rue de Verdun";"48,70541200";"2,55274800"
"202300015589";"17";"10";"2023";"20:46";"5";"93";"93031";"2";"3";"1";"3";"Avenue de la République / Rue Gounod";"48,94803000";"2,33853000"
"202300015590";"17";"10";"2023";"17:15";"1";"93";"93005";"2";"1";"1";"3";"Boulevard Lefèvre";"48,93949400";"2,48961900"
"202300015591";"16";"10";"2023";"17:20";"1";"93";"93001";"2";"6";"1";"6";"Avenue Victor Hugo / Quai Lucien Lefranc";"48,90710300";"2,37632200"
"202300015592";"17";"10";"2023";"02:40";"5";"92";"92020";"2";"1";"1";"6";"JAURES AVENUE JEAN";"48,80696133";"2,30445260"
"202300015593";"17";"10";"2023";"18:45";"2";"92";"92012";"2";"1";"1";"1";"GENERAL LECLERC (AVENUE DU) 35/FIN - 60/";"48,82987686";"2,23095059"
"202300015594";"17";"10";"2023";"09:21";"1";"92";"92007";"2";"1";"1";"6";"VAILLANT-COUTURIER (AVENU PAUL)";"48,79293000";"2,31573000"
"202300015595";"17";"10";"2023";"12:30";"1";"92";"92004";"2";"1";"1";"2";"ARGENTEUIL AV D'";"48,91221552";"2,28473139"
"202300015596";"18";"10";"2023";"11:16";"1";"974";"97412";"1";"1";"1";"7";"Rue Dardanelle";" -21,36954600";"55,59061100"
"202300015597";"17";"10";"2023";"22:00";"3";"83";"83085";"1";"1";"1";"6";"D254";"43,52214200";"6,53686500"
"202300015598";"17";"10";"2023";"18:15";"1";"79";"79122";"2";"1";"1";"7";"N/A";"46,12135800";" -0,12764100"
"202300015599";"17";"10";"2023";"16:30";"1";"85";"85065";"1";"2";"1";"3";"RD 6";"46,90716100";" -1,18948420"
"202300015600";"17";"10";"2023";"17:45";"1";"37";"37233";"1";"1";"1";"2";"a10 vers bordeaux pk206+500";"47,39758423";"0,70859671"
"202300015601";"16";"10";"2023";"10:26";"1";"30";"30135";"1";"9";"1";"3";"D999";"43,83133000";"4,57524800"
"202300015602";"16";"10";"2023";"09:30";"1";"57";"57097";"2";"3";"7";"6";"Rue du Colonel Ving";"49,18456800";"6,49307500"
"202300015603";"18";"10";"2023";"12:45";"1";"2B";"2B101";"2";"7";"1";"6";"place du village";"42,41331400";"9,36373700"
"202300015604";"16";"10";"2023";"18:40";"1";"65";"65062";"2";"1";"1";"7";"Rue de l'Arbizon";"43,19602900";"0,11692800"
"202300015605";"17";"10";"2023";"15:30";"1";"46";"46177";"1";"1";"1";"7";"D118";"44,86672800";"1,81300200"
"202300015606";"18";"10";"2023";"14:50";"1";"44";"44056";"1";"1";"2";"5";"la ridelais";"47,41778000";" -1,81886000"
"202300015607";"17";"10";"2023";"23:10";"3";"03";"03016";"1";"1";"1";"6";"33 Route de Brout Vernet";"46,21433700";"3,25527900"
"202300015608";"14";"10";"2023";"12:40";"1";"15";"15141";"1";"1";"1";"6";"D34";"45,12482600";"2,96933700"
"202300015609";"18";"10";"2023";"17:25";"1";"15";"15028";"1";"1";"8";"1";"D990";"44,88798700";"2,55756600"
"202300015610";"17";"10";"2023";"07:10";"2";"26";"26330";"1";"2";"1";"3";"Route des Marguerits";"45,27987500";"4,95691500"
"202300015611";"17";"10";"2023";"17:30";"1";"58";"58256";"2";"1";"1";"6";"rue des métiers";"47,35692300";"2,99799100"
"202300015612";"16";"10";"2023";"18:50";"1";"06";"06079";"2";"1";"1";"2";"Avenue des Anciens Combattants";"43,55495100";"6,94139100"
"202300015613";"16";"10";"2023";"07:55";"2";"73";"73268";"1";"1";"1";"3";"N90";"45,59250872";"6,44860737"
"202300015614";"17";"10";"2023";"21:40";"3";"13";"13080";"1";"1";"1";"1";"1076, d14";"43,64830200";"5,42167500"
"202300015615";"17";"10";"2023";"02:50";"3";"51";"51097";"1";"1";"1";"6";"Autoroute A4";"49,03046076";"4,54756379"
"202300015616";"18";"10";"2023";"08:30";"1";"28";"28199";"1";"1";"8";"6";"autoroute A10 PK 65.600";"48,19770800";"1,85116900"
"202300015617";"16";"10";"2023";"14:45";"1";"13";"13087";"1";"1";"1";"2";"A8";"43,47003600";"5,65505100"
"202300015618";"26";"04";"2023";"18:15";"1";"93";"93027";"2";"6";"1";"3";"Rue Emile Zola / Rue Suzanne Masson";"48,92319912";"2,38836229"
"202300015619";"17";"10";"2023";"12:15";"1";"976";"97615";"2";"1";"1";"1";"20 Route Nationale 4";" -12,79586200";"45,27393400"
"202300015620";"26";"04";"2023";"18:30";"1";"93";"93010";"2";"1";"1";"4";"Avenue Galliéni";"48,90759692";"2,49194317"
"202300015621";"26";"04";"2023";"08:15";"1";"93";"93001";"2";"2";"1";"3";"Boulevard Edouard Vaillant / Rue de la Liberté";"48,91817300";"2,40499200"
"202300015622";"22";"04";"2023";"14:45";"1";"92";"92036";"2";"1";"1";"2";"MARCEL PAUL (AVENUE) (1/103)";"48,93963000";"2,30415000"
"202300015623";"26";"04";"2023";"20:20";"2";"92";"92024";"2";"1";"1";"6";"MARTYRES DE L'OCCUPATION (PLACE DES)";"48,90078000";"2,30682000"
"202300015624";"27";"04";"2023";"15:00";"1";"2B";"2B121";"1";"1";"1";"7";"route du bord de mer";"42,43628500";"8,67100200"
"202300015625";"21";"04";"2023";"07:50";"1";"24";"24299";"2";"3";"1";"1";"Rue Bourdery";"45,03272300";"0,36454700"
"202300015626";"26";"04";"2023";"23:00";"3";"52";"52088";"1";"1";"1";"6";"D384";"48,46669000";"4,76358200"
"202300015627";"21";"04";"2023";"16:00";"1";"06";"06161";"2";"3";"1";"1";"Route Départementale 6007";"43,63433500";"7,13377400"
"202300015628";"27";"04";"2023";"17:15";"1";"76";"76135";"1";"1";"3";"2";"A150";"49,55458900";"0,91538400"
"202300015629";"25";"04";"2023";"08:00";"1";"972";"97225";"2";"1";"1";"3";"Rue Victor Hugo";"14,74169800";" -61,17593600"
"202300015630";"27";"04";"2023";"06:50";"1";"28";"28100";"2";"1";"1";"6";"10 Rue Charles Péguy";"48,44961600";"1,36195700"
"202300015631";"27";"03";"2023";"20:35";"3";"68";"68300";"1";"1";"1";"1";"Route Départementale 541";"47,77248800";"7,40370700"
"202300015632";"25";"04";"2023";"22:15";"3";"83";"83048";"2";"1";"1";"7";"Chemin du Gourbenet";"43,21431070";"6,56436342"
"202300015633";"26";"04";"2023";"10:25";"1";"67";"67283";"1";"6";"1";"6";"D1004";"48,69244800";"7,38475400"
"202300015634";"27";"04";"2023";"09:25";"1";"974";"97414";"2";"1";"1";"3";"Rue Saint-julien";" -21,28705000";"55,40956200"
"202300015635";"25";"04";"2023";"13:30";"1";"62";"62261";"2";"2";"1";"6";"D940";"50,47360100";"1,61757600"
"202300015636";"23";"04";"2023";"16:15";"1";"34";"34079";"1";"1";"3";"6";"A75 291+000";"43,64164400";"3,44639000"
"202300015637";"27";"04";"2023";"10:15";"1";"38";"38204";"1";"1";"1";"3";"RD 1075";"44,72539700";"5,67773200"
"202300015638";"23";"04";"2023";"02:58";"3";"37";"37031";"1";"1";"1";"6";"Autoroute 85 - PK 56";"47,25680600";"0,16539600"
"202300015639";"25";"04";"2023";"23:00";"3";"77";"77512";"2";"1";"1";"6";"3 Rue de la Glacière";"48,86285800";"3,34212500"
"202300015640";"26";"04";"2023";"14:50";"1";"66";"66028";"2";"1";"1";"6";"N/A";"42,67687200";"2,95000300"
"202300015641";"26";"04";"2023";"12:15";"1";"95";"95527";"2";"1";"1";"5";"BELLE ETOILE (RUE DE LA)";"48,98748300";"2,51298800"
"202300015642";"25";"04";"2023";"10:10";"1";"76";"76307";"1";"4";"1";"3";"Rue Gaston Delahais";"49,63672100";"0,20956100"
"202300015643";"25";"04";"2023";"07:30";"2";"2A";"2A017";"1";"1";"2";"1";"carbinica";"41,99881557";"8,74273539"
"202300015644";"26";"04";"2023";"12:40";"1";"2B";"2B049";"1";"1";"1";"7";"Col de Marsolino (Col de montagne)";"42,47583600";"8,75445100"
"202300015645";"26";"04";"2023";"02:53";"3";"65";"65258";"2";"1";"1";"6";"Cote de Pinaouet";"43,12128400";"0,39709600"
"202300015646";"18";"04";"2023";"16:45";"1";"65";"65121";"1";"6";"1";"3";"D935";"43,35878000";"0,06932400"
"202300015647";"25";"04";"2023";"15:50";"1";"11";"11401";"1";"1";"8";"6";"Lieu dit domaine de rolland";"42,91762900";"2,71437400"
"202300015648";"27";"04";"2023";"08:20";"1";"71";"71175";"1";"1";"1";"1";"Route de Villegaudin";"46,76746300";"5,11178600"
"202300015649";"26";"04";"2023";"18:00";"1";"61";"61116";"1";"1";"1";"6";"D287";"48,39213700";"0,92907400"
"202300015650";"26";"04";"2023";"14:00";"1";"61";"61484";"1";"1";"8";"5";"D923 PR6+880";"48,27917300";"0,77896700"
"202300015651";"3";"04";"2023";"09:36";"1";"49";"49205";"1";"1";"1";"7";"Lieu dit la roise";"47,76328000";" -0,50171300"
"202300015652";"27";"04";"2023";"06:15";"2";"49";"49138";"1";"1";"5";"3";"Route départementale 347 pk 043.800";"47,41330700";" -0,16389400"
"202300015653";"15";"04";"2023";"06:00";"3";"42";"42097";"1";"1";"2";"6";"M1082";"45,48464300";"4,34060800"
"202300015654";"26";"04";"2023";"09:00";"1";"47";"47051";"1";"1";"2";"1";"Vitrac";"44,19089700";"0,71125700"
"202300015655";"11";"04";"2023";"20:00";"1";"34";"34079";"2";"6";"1";"6";"D2 PR 2+250";"43,61530100";"3,45602300"
"202300015656";"26";"04";"2023";"15:15";"1";"34";"34334";"1";"1";"8";"7";"D14 PR 33+774";"43,53059800";"2,99291600"
"202300015657";"7";"04";"2023";"23:00";"3";"35";"35023";"1";"1";"1";"5";"RN  12 PK 81 +900";"48,18451796";" -1,94276959"
"202300015658";"26";"03";"2023";"18:15";"1";"29";"29177";"1";"1";"6";"7";"Route de Lampaul-plouarzel";"48,43860400";" -4,71995800"
"202300015659";"25";"04";"2023";"13:35";"1";"31";"31118";"1";"1";"2";"3";"Route de Fronton";"43,81040700";"1,37193900"
"202300015660";"25";"04";"2023";"20:00";"2";"38";"38099";"2";"1";"1";"3";"50 Route de Roybon";"45,18834700";"5,29152600"
"202300015661";"26";"04";"2023";"08:57";"1";"02";"02095";"1";"1";"1";"1";"D 960";"49,99491200";"3,43728300"
"202300015662";"26";"04";"2023";"17:00";"1";"02";"02173";"2";"2";"1";"4";"26 Boulevard Gambetta";"49,61442200";"3,22093600"
"202300015663";"26";"04";"2023";"12:00";"1";"26";"26330";"1";"1";"1";"1";"D1";"45,28578800";"4,94161600"
"202300015664";"26";"04";"2023";"18:40";"1";"58";"58072";"1";"1";"1";"1";"Route de Jaugenay";"46,88844300";"3,24724900"
"202300015665";"26";"04";"2023";"18:20";"1";"72";"72152";"1";"1";"1";"3";"Route d?Or";"48,24049500";"0,11812900"
"202300015666";"25";"04";"2023";"18:20";"1";"06";"06059";"1";"1";"1";"7";"M6007";"43,73302700";"7,38967900"
"202300015667";"26";"04";"2023";"15:20";"1";"50";"50345";"2";"2";"1";"3";"Route de Coutances";"49,08285800";" -1,42196800"
"202300015668";"25";"04";"2023";"17:50";"1";"50";"50402";"1";"1";"1";"6";"RD 650";"49,50779500";" -1,80334600"
"202300015669";"26";"04";"2023";"19:00";"1";"90";"90049";"2";"1";"1";"7";"18bis Faubourg Saint-Martin";"47,63593800";"6,99295900"
"202300015670";"26";"04";"2023";"21:45";"3";"10";"10144";"1";"1";"1";"6";"D373";"48,56463100";"3,86741300"
"202300015671";"27";"04";"2023";"13:20";"1";"36";"36018";"2";"1";"1";"6";"Boulevard François Mitterrand";"46,63526800";"1,07198200"
"202300015672";"21";"04";"2023";"17:50";"1";"16";"16383";"2";"1";"1";"6";"21 rue de la Faye";"45,77564300";"0,17547100"
"202300015673";"26";"04";"2023";"11:00";"1";"04";"04135";"1";"1";"1";"7";"d952";"43,84609700";"6,20322700"
"202300015674";"26";"04";"2023";"08:17";"1";"85";"85234";"1";"1";"1";"6";"Chemin de la parée verte";"46,75863000";" -1,98319000"
"202300015675";"27";"04";"2023";"08:00";"1";"85";"85025";"1";"1";"2";"1";"RD23";"46,93646000";" -1,17599500"
"202300015676";"26";"04";"2023";"10:00";"1";"27";"27049";"2";"2";"1";"3";"Rue du Bois des Forges";"49,00665100";"0,67572400"
"202300015677";"25";"04";"2023";"09:55";"1";"17";"17385";"1";"1";"8";"1";"Le Cuchas";"45,94971000";" -1,32841800"
"202300015678";"25";"04";"2023";"21:50";"3";"17";"17065";"2";"2";"8";"1";"D5";"45,98824400";" -0,95356300"
"202300015679";"17";"04";"2023";"14:15";"1";"30";"30245";"1";"3";"1";"3";"N/A";"43,85700000";"4,18830000"
"202300015680";"26";"04";"2023";"15:15";"1";"88";"88285";"1";"2";"1";"3";"D13";"48,24213100";"5,89360700"
"202300015681";"26";"04";"2023";"15:18";"1";"974";"97410";"2";"1";"1";"6";"RN2";" -21,04377200";"55,71614900"
"202300015682";"25";"04";"2023";"17:10";"1";"31";"31028";"2";"2";"1";"3";"intersection D52C et D52";"43,21665100";"0,88063400"
"202300015683";"27";"04";"2023";"10:30";"1";"77";"77295";"1";"1";"1";"6";"Autoroute A5 pk09+470";"48,56919200";"2,75427100"
"202300015684";"25";"04";"2023";"21:40";"2";"34";"34333";"1";"1";"2";"5";"D612 PR 15+56";"43,47522100";"3,77075700"
"202300015685";"26";"04";"2023";"18:23";"1";"06";"06018";"1";"6";"1";"6";"Route des Chappes";"43,61503900";"7,08048200"
"202300015686";"26";"04";"2023";"17:40";"1";"42";"42279";"2";"2";"1";"3";"Route de Saint-Etienne";"45,50721500";"4,26444400"
"202300015687";"26";"04";"2023";"21:35";"3";"78";"78466";"2";"1";"1";"3";"D154";"48,93222300";"1,97364400"
"202300015688";"16";"04";"2023";"10:00";"1";"38";"38382";"1";"1";"1";"4";"A 48";"45,23769800";"5,66177800"
"202300015689";"27";"04";"2023";"11:05";"1";"45";"45093";"1";"1";"1";"4";"A10 PR 83 + 151";"48,03848100";"1,84006000"
"202300015690";"25";"04";"2023";"18:35";"1";"38";"38348";"1";"1";"1";"3";"A43- PK 039.000";"45,57278558";"5,31433793"
"202300015691";"25";"04";"2023";"11:50";"1";"987";"98725";"2";"3";"1";"3";"Route ceinture est Atima";" -17,50739600";" -149,48375700"
"202300015692";"25";"04";"2023";"02:00";"5";"987";"98733";"2";"1";"1";"1";"RT1 PK 27 MARAA";" -17,73684300";" -149,57759700"
"202300015693";"27";"04";"2023";"10:00";"1";"988";"98811";"1";"1";"1";"7";"RPN2";" -21,02424900";"164,98721500"
"202300015694";"27";"04";"2023";"12:45";"1";"976";"97607";"1";"1";"1";"3";"Route nationale 2 - IRONI BE -";" -12,83410500";"45,18883800"
"202300015695";"23";"04";"2023";"20:45";"5";"971";"97125";"1";"1";"1";"3";"N4";"16,25981300";" -61,29538500"
"202300015696";"23";"04";"2023";"06:20";"2";"971";"97115";"2";"1";"1";"1";"Rue du Pont";"16,26800100";" -61,63102100"
"202300015697";"22";"04";"2023";"07:30";"2";"978";"97801";"2";"1";"1";"6";"R DE HOLLANDE";"18,06675400";" -63,08368400"
"202300015698";"25";"04";"2023";"18:00";"1";"28";"28160";"1";"2";"1";"3";"D939";"48,40762500";"1,64063200"
"202300015699";"25";"04";"2023";"13:00";"1";"45";"45229";"1";"1";"1";"6";"D2007 PR 37 + 623";"47,83673300";"2,74483600"
"202300015700";"25";"04";"2023";"13:05";"1";"66";"66210";"1";"6";"1";"7";"N/A";"42,64603300";"2,77886500"
"202300015701";"26";"04";"2023";"11:35";"1";"34";"34213";"1";"1";"1";"1";"D600";"43,47319700";"3,68702900"
"202300015702";"27";"04";"2023";"18:24";"1";"34";"34272";"1";"1";"1";"1";"RD110";"43,66705100";"4,10528300"