"Num_Acc";"jour";"mois";"an";"hrmn";"lum";"dep";"com";"agg";"int";"atm";"col";"adr";"lat";"long"
"202300015703";"26";"04";"2023";"18:00";"1";"84";"84132";"1";"2";"1";"3";"D31";"43,93548400";"5,02979600"
"202300015704";"27";"04";"2023";"12:10";"1";"83";"83108";"1";"1";"1";"3";"D64";"43,33222500";"5,99634600"
"202300015705";"27";"04";"2023";"12:00";"1";"73";"73232";"1";"1";"1";"6";"D902 - Lieu-dit la petite viclaire";"45,60650720";"6,84976459"
"202300015706";"24";"04";"2023";"18:30";"1";"07";"07138";"1";"1";"1";"3";"Cote de ville";"44,59250000";"4,42667500"
"202300015707";"24";"04";"2023";"17:25";"1";"69";"69040";"2";"3";"1";"3";"84 Avenue de Lanessan";"45,79820300";"4,78911600"
"202300015708";"24";"04";"2023";"12:30";"1";"33";"33326";"1";"1";"1";"1";"D137 PR 42+100";"45,31538500";" -0,57667500"
"202300015709";"27";"04";"2023";"14:13";"1";"29";"29022";"2";"1";"5";"1";"chemin des douaniers";"48,25940543";" -4,56116607"
"202300015710";"26";"04";"2023";"17:30";"1";"22";"22081";"2";"3";"1";"5";"8b Rue de Bel Orient";"48,51232900";" -2,66824000"
"202300015711";"27";"04";"2023";"11:45";"1";"76";"76057";"2";"1";"1";"6";"Rue Jean-baptiste Lamarck";"49,53907200";"0,95724300"
"202300015712";"4";"04";"2023";"19:50";"2";"59";"59586";"1";"3";"1";"3";"Rue du Paradis";"50,53910829";"3,16190600"
"202300015713";"24";"04";"2023";"16:55";"1";"83";"83137";"1";"1";"1";"3";"A50";"43,12629900";"5,88731300"
"202300015714";"26";"04";"2023";"18:10";"1";"91";"91689";"1";"1";"1";"2";"AUTOROUTE A6";"48,72384000";"2,31244000"
"202300015715";"26";"04";"2023";"16:25";"1";"91";"91434";"1";"1";"1";"3";"AUTOROUTE A6";"48,66987000";"2,34952000"
"202300015716";"26";"04";"2023";"08:03";"1";"91";"91687";"1";"1";"1";"2";"AUTOROUTE A6";"48,66160000";"2,37000000"
"202300015717";"25";"04";"2023";"16:50";"1";"974";"97411";"2";"9";"2";"3";"JAURES (BOULEVARD JEAN)";" -20,90088700";"55,48698664"
"202300015718";"25";"04";"2023";"16:50";"1";"974";"97411";"2";"1";"1";"6";"VINH-SAN (BLD 1 DU PRINCE)";" -20,88738000";"55,44108000"
"202300015719";"25";"04";"2023";"16:25";"1";"974";"97411";"2";"1";"2";"6";"VINH-SAN (BLD 2 DU PRINCE)";" -20,88738000";"55,44108000"
"202300015720";"25";"04";"2023";"17:30";"1";"973";"97302";"2";"1";"1";"5";"BADUEL (ROUTE DE)";"4,92880993";" -52,29827696"
"202300015721";"25";"04";"2023";"15:30";"1";"973";"97302";"2";"2";"2";"1";"TROUBIRAN (CHEMIN DE)";"4,92689710";" -52,30349216"
"202300015722";"25";"04";"2023";"08:58";"1";"69";"69387";"2";"2";"1";"6";"Rue de l'Université";"45,75073000";"4,83945000"
"202300015723";"25";"04";"2023";"11:45";"1";"972";"97209";"2";"1";"1";"3";"ARAWAKS (AVENUE DES)";"14,61785000";" -61,04229000"
"202300015724";"25";"04";"2023";"23:20";"5";"69";"69382";"2";"2";"1";"3";"Quai Jean Moulin";"45,76501000";"4,83813000"
"202300015725";"25";"04";"2023";"17:55";"1";"69";"69388";"2";"1";"1";"6";"Rue de l'Epargne";"45,74173000";"4,86032000"
"202300015726";"25";"04";"2023";"12:25";"1";"69";"69034";"2";"3";"1";"3";"Rue Coste";"45,78625000";"4,83376000"
"202300015727";"25";"04";"2023";"19:10";"5";"971";"97101";"2";"9";"1";"3";"Frédéric JALTON";"16,27660000";" -61,50112000"
"202300015728";"25";"04";"2023";"08:10";"1";"2A";"2A004";"2";"1";"1";"6";"BEL HORIZONTE RCE AV DU MONT THABOR";"41,93435000";"8,75507000"
"202300015729";"25";"04";"2023";"20:20";"1";"95";"95280";"2";"2";"1";"3";" ARTHUR MELIN (RUE)";"49,04010000";"2,47149000"
"202300015730";"25";"04";"2023";"09:00";"1";"95";"95277";"2";"1";"2";"2";"D370";"48,98542000";"2,43859000"
"202300015731";"25";"04";"2023";"09:10";"1";"91";"91027";"2";"2";"1";"3";"PL HENRI DEUDON";"48,70915000";"2,38709000"
"202300015732";"21";"04";"2023";"21:38";"5";"87";"87085";"2";"1";"1";"3";"VANTEAUX (BOULEVARD DE)";"45,82117000";"1,23966000"
"202300015733";"20";"03";"2023";"12:50";"1";"84";"84007";"2";"1";"1";"3";"EISENHOWER (Avenue)";"43,93774000";"4,79662000"
"202300015734";"25";"04";"2023";"05:00";"5";"83";"83069";"2";"1";"1";"7";"LECLERC (AVENUE MARECHAL)";"43,11858000";"6,11772000"
"202300015735";"25";"04";"2023";"19:40";"1";"78";"78372";"2";"1";"8";"3";"VERSAILLES (ROUTE DE)";"48,87196000";"2,10373000"
"202300015736";"25";"04";"2023";"09:07";"1";"76";"76157";"1";"1";"1";"5";"A150";"49,45808000";"1,04709000"
"202300015737";"25";"04";"2023";"09:35";"1";"76";"76540";"2";"2";"1";"3";"Rue du Renard";"49,45194000";"1,06896000"
"202300015738";"24";"04";"2023";"16:25";"1";"72";"72181";"2";"9";"1";"2";"CHANZY (RUE) N° PAIRS 36 A N° 138";"47,99979000";"0,20301000"
"202300015739";"24";"04";"2023";"16:15";"1";"69";"69256";"2";"2";"1";"2";"Avenue du 8 Mai 1945";"45,78716000";"4,91772000"
"202300015740";"26";"04";"2023";"00:20";"5";"69";"69259";"2";"2";"1";"2";"Avenue de la République";"45,70609000";"4,87621000"
"202300015741";"25";"04";"2023";"22:12";"5";"69";"69259";"2";"2";"1";"3";"Boulevard Yves Farge";"45,69542781";"4,85920682"
"202300015742";"25";"04";"2023";"18:00";"1";"64";"64445";"2";"3";"1";"3";"LILAS DES";"43,30980000";" -0,34380000"
"202300015743";"25";"04";"2023";"09:55";"1";"64";"64445";"2";"1";"2";"6";"LILAS DES";"43,30601000";" -0,34948000"
"202300015744";"24";"04";"2023";"10:20";"1";"64";"64335";"1";"3";"1";"2";"SAULT DE NAVAILLES DE";"43,35660000";" -0,44174000"
"202300015745";"23";"04";"2023";"00:10";"4";"62";"62642";"2";"2";"1";"3";"D941";"50,45314100";"2,47700800"
"202300015746";"24";"04";"2023";"23:25";"5";"59";"59426";"2";"1";"2";"6";"TOURCOING (RUE DE)";"50,74577000";"3,15876000"
"202300015747";"24";"04";"2023";"17:25";"1";"59";"59588";"1";"1";"8";"1";"FURNES - ROUTE NATIONALE";"51,04124000";"2,43163000"
"202300015748";"25";"04";"2023";"11:45";"1";"58";"58194";"2";"1";"1";"6";"NIEVRE";"46,99043000";"3,16570000"
"202300015749";"24";"04";"2023";"07:45";"1";"56";"56036";"1";"1";"1";"6";"N/A";"47,79235000";" -3,30994000"
"202300015750";"24";"04";"2023";"23:30";"5";"54";"54395";"2";"2";"1";"3";"LEOPOLD (COURS)";"48,69702000";"6,17564000"
"202300015751";"26";"04";"2023";"00:04";"3";"54";"54149";"1";"3";"1";"3";"D27";"49,44723200";"5,91852700"
"202300015752";"24";"04";"2023";"17:05";"1";"45";"45308";"2";"1";"1";"3";"106Bis Avenue Louis Gallouedec";"47,94169866";"1,94358096"
"202300015753";"25";"04";"2023";"14:07";"1";"34";"34172";"2";"2";"1";"3";"2733 Avenue Albert Einstein";"43,61198000";"3,93008000"
"202300015754";"22";"04";"2023";"20:20";"1";"33";"33529";"2";"1";"1";"3";"CARNOT (RUE DU PRESIDENT)";"44,62775341";" -1,14321649"
"202300015755";"25";"04";"2023";"17:50";"1";"31";"31483";"1";"2";"1";"7";"D 9  ROUTE DE LA SERRE DE NEROUS";"43,13179000";"0,70607000"
"202300015756";"25";"04";"2023";"17:50";"1";"29";"29039";"1";"1";"1";"2";"D783";"47,86900000";" -3,89503000"
"202300015757";"24";"04";"2023";"08:50";"1";"29";"29019";"2";"6";"1";"3";"Rond Point de Pen ar Ch'leuz";"48,41461000";" -4,48029000"
"202300015758";"24";"04";"2023";"08:20";"1";"26";"26058";"1";"1";"1";"1";"LA ROCHE DE GLUN ROUTE DE";"44,96300000";"4,86700000"
"202300015759";"21";"04";"2023";"14:45";"1";"17";"17415";"2";"6";"1";"2";"ALLENDE AVENUE DU PRESIDENT SALVADOR";"45,73904900";" -0,64273900"
"202300015760";"21";"04";"2023";"17:10";"1";"14";"14366";"2";"1";"1";"6";"3 Rue Roger Aini";"49,14662000";"0,23144900"
"202300015761";"25";"04";"2023";"18:30";"1";"13";"13214";"2";"1";"1";"2";"SAINTE MARTHE (chemin)";"43,32783000";"5,39153000"
"202300015762";"25";"04";"2023";"16:10";"1";"13";"13206";"2";"2";"1";"3";"PRADO (AVENUE DU)";"43,28202000";"5,38600000"
"202300015763";"25";"04";"2023";"12:30";"1";"13";"13205";"2";"1";"1";"2";"BAILLE (BOULEVARD)";"43,28840000";"5,39300000"
"202300015764";"25";"04";"2023";"17:00";"1";"13";"13004";"2";"2";"1";"3";"AV MARECHAL LYAUTEY";"43,67120000";"4,63310000"
"202300015765";"25";"04";"2023";"21:35";"5";"10";"10387";"2";"1";"1";"1";"GEORGES POMPIDOU (RUE)";"48,29947000";"4,09673000"
"202300015766";"25";"04";"2023";"19:30";"1";"06";"06069";"2";"1";"1";"6";"POISSONNIERS (CHEMIN DES)";"43,64845000";"6,93974000"
"202300015767";"14";"04";"2023";"21:20";"5";"05";"05061";"2";"1";"1";"3";"BONNE (RUE DE )";"44,56303000";"6,08315000"
"202300015768";"25";"04";"2023";"17:15";"1";"01";"01289";"2";"2";"1";"6";"LYON ( AVE DE) A PARTIR";"46,19177600";"5,21238800"
"202300015769";"31";"01";"2023";"16:30";"1";"74";"74298";"2";"9";"1";"2";"TANINGES (ROUTE DE)";"46,18903000";"6,26411000"
"202300015770";"31";"01";"2023";"09:29";"1";"74";"74281";"2";"8";"1";"3";"GENEVRAY (CH.DU) APRES N°20";"46,35982100";"6,46335000"
"202300015771";"30";"01";"2023";"18:30";"3";"74";"74027";"1";"1";"1";"1";"D909";"45,89742639";"6,27969928"
"202300015772";"30";"01";"2023";"08:15";"1";"74";"74012";"2";"7";"1";"6";"FERRY (AVENUE JULES)";"46,19283000";"6,23728000"
"202300015773";"29";"01";"2023";"21:35";"5";"74";"74012";"2";"9";"1";"3";"ROMAGNY (RUE DE)";"46,19721000";"6,25217000"
"202300015774";"29";"01";"2023";"17:45";"3";"74";"74238";"1";"3";"1";"1";"RD902";"46,24385700";"6,64239400"
"202300015775";"28";"01";"2023";"19:30";"3";"74";"74010";"1";"4";"1";"3";"Route des machurettes";"45,96307600";"6,08031000"
"202300015776";"28";"01";"2023";"00:30";"5";"74";"74298";"2";"1";"1";"7";"THONON (ROUTE DE)";"46,19051200";"6,26032200"
"202300015777";"15";"01";"2023";"10:20";"1";"74";"74083";"2";"1";"2";"6";"1 Route de la Croix de Pierre";"45,89515100";"6,64472600"
"202300015778";"24";"04";"2023";"16:50";"1";"75";"75112";"2";"1";"1";"3";"PORTE DE CHARENTON";"48,82746600";"2,39231200"
"202300015779";"25";"04";"2023";"17:14";"1";"75";"75120";"2";"7";"1";"3";"AVENUE DE LA PORTE DE BAGNOLET";"48,86448300";"2,40902100"
"202300015780";"25";"04";"2023";"16:04";"1";"75";"75118";"2";"3";"8";"6";"BOULEVARD DE ROCHECHOUART";"48,88371000";"2,34699300"
"202300015781";"25";"04";"2023";"14:22";"1";"75";"75116";"2";"1";"1";"2";"BOULEVARD SUCHET";"48,85581900";"2,26367900"
"202300015782";"24";"04";"2023";"09:35";"1";"75";"75114";"2";"2";"1";"1";"RUE JULIA BARTET";"48,82499000";"2,30213700"
"202300015783";"25";"04";"2023";"18:40";"1";"75";"75112";"2";"4";"1";"3";"RUE LACUEE";"48,84945700";"2,36991800"
"202300015784";"25";"04";"2023";"18:15";"1";"75";"75120";"2";"9";"1";"6";"COURS DE VINCENNES";"48,84755300";"2,40896100"
"202300015785";"25";"04";"2023";"08:20";"1";"75";"75112";"2";"1";"8";"6";"RUE DU CHAROLAIS";"48,83974100";"2,38732200"
"202300015786";"25";"04";"2023";"15:20";"1";"75";"75110";"2";"1";"1";"3";"AVENUE CLAUDE VELLEFAUX";"48,87476600";"2,37030600"
"202300015787";"25";"04";"2023";"00:20";"5";"75";"75110";"2";"2";"2";"3";"RUE DU FAUBOURG SAINT MARTIN";"48,88384900";"2,36859000"
"202300015788";"24";"04";"2023";"13:07";"1";"75";"75107";"2";"3";"1";"3";"QUAI BRANLY";"48,86063700";"2,29547100"
"202300015789";"25";"04";"2023";"09:23";"1";"75";"75101";"2";"2";"1";"6";"BOULEVARD DE SEBASTOPOL";"48,86198700";"2,35018000"
"202300015790";"24";"04";"2023";"22:30";"5";"75";"75104";"2";"1";"2";"6";"BOULEVARD BEAUMARCHAIS";"48,85452300";"2,36879700"
"202300015791";"24";"04";"2023";"05:25";"5";"75";"75101";"2";"2";"1";"7";"RUE SAINT HONORE";"48,86321700";"2,33551800"
"202300015792";"25";"04";"2023";"13:05";"1";"94";"94078";"2";"3";"1";"2";"Avenue Winston Churchill / Rue des Pres de l’Hopital";"48,75365000";"2,45057000"
"202300015793";"24";"04";"2023";"19:20";"1";"94";"94041";"2";"1";"1";"1";"Rue Westermeyer";"48,81851627";"2,39568204"
"202300015794";"25";"04";"2023";"07:15";"1";"94";"94073";"2";"1";"2";"4";"Boulevard de Stalingrad";"48,76905000";"2,36812000"
"202300015795";"25";"04";"2023";"16:48";"1";"94";"94059";"2";"3";"8";"1";"avenue de chennevières";"48,81108710";"2,56369776"
"202300015796";"24";"04";"2023";"21:10";"5";"94";"94017";"2";"1";"3";"3";"Avenue du Général de Gaulle";"48,82729300";"2,51277092"
"202300015797";"24";"04";"2023";"20:20";"2";"94";"94017";"2";"3";"2";"2";"Boulevard des Alliés";"48,82878000";"2,48589000"
"202300015798";"25";"04";"2023";"13:10";"1";"93";"93073";"2";"2";"8";"3";"Rue de Savoie / Avenue Albert Sarraut";"48,94349000";"2,59082000"
"202300015799";"25";"04";"2023";"20:25";"2";"93";"93064";"2";"1";"1";"2";"Avenue du Général de Gaulle";"48,88064836";"2,47723126"
"202300015800";"24";"04";"2023";"09:00";"1";"93";"93010";"2";"2";"1";"2";"Route de Stains / Avenue Galliéni";"48,90423000";"2,47073000"
"202300015801";"25";"04";"2023";"20:00";"1";"93";"93048";"2";"1";"1";"6";"Rue Molière";"48,85816711";"2,44203266"
"202300015802";"15";"06";"2023";"16:04";"1";"15";"15014";"2";"1";"1";"2";"PONT ROUGE (BOULEVARD DU)";"44,92729100";"2,44821700"
"202300015803";"25";"04";"2023";"08:00";"1";"93";"93010";"2";"3";"2";"3";"Avenue Jean Moulin / Rue Germaine Tillion";"48,91240000";"2,47953000"
"202300015804";"6";"07";"2023";"19:10";"1";"14";"14118";"2";"2";"1";"3";"17 Avenue de la Côte de Nacre";"49,19836000";" -0,36010000"
"202300015805";"24";"04";"2023";"23:50";"5";"93";"93008";"2";"9";"2";"6";"Rue Carnot / gare routière";"48,90657000";"2,45000000"
"202300015806";"25";"04";"2023";"21:10";"5";"93";"93007";"2";"2";"1";"3";"Avenue Aristide Briand / Rue Victor Hugo";"48,94500000";"2,44980000"
"202300015807";"5";"07";"2023";"18:15";"1";"14";"14167";"2";"6";"1";"3";"Route de Cabourg";"49,19145000";" -0,29928000"
"202300015808";"25";"04";"2023";"13:15";"1";"93";"93001";"2";"1";"1";"3";"Avenue Victor Hugo";"48,91315512";"2,38036931"
"202300015809";"6";"07";"2023";"12:40";"1";"14";"14101";"1";"1";"1";"5";"N814";"49,17323000";" -0,42984000"
"202300015810";"25";"04";"2023";"18:20";"1";"92";"92040";"2";"2";"1";"6";"CAMILLE DESMOULINS";"48,82913780";"2,26383001"
"202300015811";"25";"04";"2023";"16:40";"1";"92";"92012";"2";"1";"1";"2";"ALPHONSE LE GALLO (QUAI) 1/34";"48,83468000";"2,22594000"
"202300015812";"4";"07";"2023";"08:45";"1";"13";"13077";"2";"6";"1";"6";"RN 568";"43,41455000";"4,98710000"
"202300015813";"25";"04";"2023";"19:40";"1";"13";"13117";"1";"1";"1";"2";"A7-Sens Lyon vers Marseille";"43,44617245";"5,24263165"
"202300015814";"6";"07";"2023";"19:05";"1";"13";"13213";"2";"3";"1";"6";"CHATEAU GOMBERT CHEMIN";"43,34524000";"5,42384000"
"202300015815";"24";"04";"2023";"08:00";"1";"13";"13071";"1";"1";"1";"4";"A7-Sens Marseille vers Lyon";"43,40456000";"5,31667000"
"202300015816";"6";"07";"2023";"13:00";"1";"13";"13214";"2";"1";"1";"2";"CLAUDE MONET (avenue)";"43,32507306";"5,39393405"
"202300015817";"6";"07";"2023";"01:30";"5";"13";"13209";"2";"1";"1";"6";"RAYMOND TEISSERE (RUE)";"43,27254000";"5,39970000"
"202300015818";"6";"07";"2023";"10:30";"1";"13";"13028";"2";"1";"1";"6";"SAINT JEAN (AVENUE DE)";"43,18869088";"5,63054680"
"202300015819";"5";"07";"2023";"13:33";"1";"10";"10387";"2";"3";"8";"3";"PIERRE BROSSOLETTE (RUE)";"48,29019000";"4,07595000"
"202300015820";"6";"07";"2023";"16:40";"1";"06";"06069";"2";"1";"1";"6";"ROUQUIER (BOULEVARD EMMANUEL)";"43,64196000";"6,94255000"
"202300015821";"5";"07";"2023";"17:10";"1";"06";"06069";"2";"3";"1";"3";"CHENES (CHEMIN DES)";"43,64080000";"6,91714000"
"202300015822";"6";"07";"2023";"07:00";"1";"02";"02738";"2";"2";"1";"3";"8 Avenue André Boulloche";"49,65794300";"3,31616100"
"202300015823";"6";"07";"2023";"14:40";"1";"75";"75113";"2";"1";"1";"6";"PORTE D ITALIE";"48,81683300";"2,36498200"
"202300015824";"6";"07";"2023";"16:00";"1";"75";"75118";"2";"2";"1";"3";"AVENUE DE LA PORTE DE CLIGNANCOURT";"48,90123700";"2,34424900"
"202300015825";"8";"08";"2023";"11:00";"1";"13";"13210";"2";"5";"1";"1";"PAUL CLAUDEL (BOULEVARD)";"43,26930000";"5,42094000"
"202300015826";"6";"07";"2023";"13:40";"1";"75";"75101";"2";"2";"1";"1";"PONT NEUF";"48,85844750";"2,34250500"
"202300015827";"10";"08";"2023";"14:00";"1";"13";"13204";"2";"1";"1";"2";"FRANÇOISE DUPARC (BOULEVARD)";"43,30132000";"5,40089000"
"202300015828";"5";"07";"2023";"19:15";"1";"75";"75118";"2";"1";"1";"2";"BOULEVARD PERIPHERIQUE EXTERIEUR NORD  ";"48,90107600";"2,34527300"
"202300015829";"7";"08";"2023";"09:45";"1";"07";"07019";"2";"9";"1";"6";"GEORGES COUDERC (RUE)";"44,61671000";"4,39001000"
"202300015830";"3";"07";"2023";"23:06";"5";"75";"75108";"2";"2";"1";"6";"AVENUE DE WAGRAM";"48,87514400";"2,29601700"
"202300015831";"6";"07";"2023";"17:00";"1";"75";"75120";"2";"2";"1";"3";"AVENUE GAMBETTA";"48,86496400";"2,39554800"
"202300015832";"8";"08";"2023";"19:50";"1";"06";"06004";"2";"1";"1";"6";"767 Chemin des Quatre Chemins";"43,60307500";"7,11401200"
"202300015833";"6";"07";"2023";"00:15";"5";"75";"75120";"2";"2";"1";"6";"AVENUE DE LA PORTE DES LILAS";"48,87778000";"2,40820000"
"202300015834";"11";"08";"2023";"14:30";"1";"75";"75114";"2";"1";"1";"2";"BD PERIPHERIQUE EXTERIEUR";"48,82226800";"2,31545900"
"202300015835";"6";"07";"2023";"20:00";"1";"75";"75117";"2";"2";"1";"3";"AVENUE DES TERNES";"48,87853000";"2,29422300"
"202300015836";"11";"08";"2023";"15:20";"1";"75";"75119";"2";"3";"1";"3";"AVENUE JEAN JAURES";"48,88878900";"2,39310700"
"202300015837";"6";"07";"2023";"20:30";"2";"75";"75117";"2";"2";"1";"3";"AVENUE DE LA PORTE DE CLICHY";"48,89445300";"2,31347900"
"202300015838";"6";"07";"2023";"17:55";"1";"75";"75117";"2";"4";"1";"6";"RUE GUSTAVE CHARPENTIER";"48,87954900";"2,28087500"
"202300015839";"11";"08";"2023";"14:30";"1";"75";"75119";"2";"2";"1";"6";"RUE ARMAND CARREL";"48,88259000";"2,37973000"
"202300015840";"6";"07";"2023";"12:00";"1";"75";"75117";"2";"3";"1";"3";"RUE CARDINET";"48,88910500";"2,31614000"
"202300015841";"6";"07";"2023";"11:00";"1";"75";"75117";"2";"2";"1";"6";"RUE DE LA JONQUIERE";"48,89345600";"2,32537500"
"202300015842";"11";"08";"2023";"09:50";"1";"75";"75119";"2";"3";"1";"3";"RUE BOURET";"48,88172000";"2,37379300"
"202300015843";"5";"07";"2023";"19:45";"1";"75";"75117";"2";"1";"1";"3";"BOULEVARD DU FORT DE VAUX";"48,89330600";"2,30283000"
"202300015844";"11";"08";"2023";"22:25";"5";"75";"75116";"2";"2";"2";"3";"QUAI LOUIS BLERIOT";"48,84716300";"2,27444200"
"202300015845";"6";"07";"2023";"16:25";"1";"75";"75116";"2";"2";"1";"3";"AVENUE KLEBER";"48,86498400";"2,28866500"
"202300015846";"11";"08";"2023";"15:24";"1";"75";"75116";"2";"1";"1";"3";"AVENUE DES NATIONS UNIES";"48,86182000";"2,29165500"
"202300015847";"6";"07";"2023";"10:05";"1";"75";"75115";"2";"7";"1";"3";"PLACE FALGUIERE";"48,83622800";"2,31017300"
"202300015848";"10";"08";"2023";"19:10";"1";"75";"75116";"2";"2";"1";"2";"AVENUE DE L HIPPODROME";"48,85783100";"2,25023800"
"202300015849";"5";"07";"2023";"02:45";"5";"75";"75114";"2";"3";"1";"2";"AVENUE DU MAINE";"48,83835400";"2,32229400"
"202300015850";"11";"08";"2023";"19:50";"1";"75";"75113";"2";"2";"2";"3";"RUE BOUSSINGAULT";"48,82412800";"2,34452800"
"202300015851";"6";"07";"2023";"12:00";"1";"75";"75113";"2";"4";"1";"3";"BOULEVARD DE L HOPITAL";"48,83994600";"2,36174200"
"202300015852";"10";"08";"2023";"05:45";"1";"94";"94041";"2";"3";"1";"1";"Boulevard de Stalingrad";"48,80594490";"2,37568308"
"202300015853";"20";"11";"2023";"08:05";"1";"83";"83107";"1";"3";"1";"3";"D8";"43,36110500";"6,67336300"
"202300015854";"5";"07";"2023";"07:30";"1";"75";"75113";"2";"3";"1";"3";"AVENUE DE LA PORTE D IVRY";"48,82025800";"2,37182600"
"202300015855";"21";"11";"2023";"10:10";"1";"42";"42285";"1";"2";"1";"3";"Route de Montbrison";"45,57576500";"4,11750200"
"202300015856";"11";"08";"2023";"08:00";"1";"94";"94078";"2";"1";"1";"2";"Rue de Paris";"48,73320000";"2,44680000"
"202300015857";"6";"07";"2023";"17:10";"1";"75";"75112";"2";"2";"1";"2";"COURS DE VINCENNES";"48,84689340";"2,41139000"
"202300015858";"21";"11";"2023";"04:25";"3";"07";"07040";"1";"1";"1";"6";"D534";"45,03184903";"4,70582596"
"202300015859";"6";"07";"2023";"02:40";"5";"75";"75112";"2";"1";"1";"2";"QUAI DE BERCY";"48,83670200";"2,37829100"
"202300015860";"21";"11";"2023";"10:30";"1";"64";"64422";"2";"1";"2";"6";"Rue Justice";"43,19222000";" -0,60741300"
"202300015861";"10";"08";"2023";"21:41";"3";"94";"94078";"2";"1";"1";"3";"Avenue de Melun";"48,72433900";"2,44504600"
"202300015862";"5";"07";"2023";"12:23";"1";"75";"75108";"2";"4";"8";"2";"VOIE GEORGES POMPIDOU";"48,86465700";"2,30379800"
"202300015863";"20";"11";"2023";"15:00";"1";"85";"85092";"2";"1";"1";"6";"35 Rue du port";"46,46376060";" -0,80085396"
"202300015864";"5";"07";"2023";"21:00";"1";"75";"75107";"2";"1";"1";"3";"QUAI D ORSAY";"48,86290600";"2,31767600"
"202300015865";"5";"07";"2023";"13:37";"1";"75";"75107";"2";"2";"1";"3";"AVENUE DU MARECHAL GALLIENI";"48,86096600";"2,31499000"
"202300015866";"20";"11";"2023";"18:45";"3";"22";"22339";"1";"2";"2";"1";"D2";"48,46929000";" -2,06020000"
"202300015867";"11";"08";"2023";"00:05";"4";"94";"94028";"2";"1";"1";"3";"DEPARTEMENTALE(VOIE)";"48,79583000";"2,44246000"
"202300015868";"6";"07";"2023";"06:24";"1";"75";"75103";"2";"7";"1";"3";"PLACE DE LA REPUBLIQUE";"48,86651000";"2,36478800"
"202300015869";"19";"11";"2023";"19:00";"3";"35";"35309";"1";"1";"2";"6";"Rue du Stade";"48,37595800";" -1,56397500"
"202300015870";"5";"07";"2023";"20:00";"1";"75";"75103";"2";"3";"1";"7";"RUE SAINT MARTIN";"48,86900700";"2,35559500"
"202300015871";"4";"07";"2023";"07:40";"2";"94";"94081";"2";"7";"1";"6";"Av du President Salvador Allende";"48,79000000";"2,41000000"
"202300015872";"20";"11";"2023";"16:20";"2";"60";"60339";"2";"2";"2";"1";"D9";"49,49715500";"2,21135300"
"202300015873";"18";"11";"2023";"17:10";"2";"62";"62281";"1";"1";"2";"6";"A16";"50,70043842";"1,63367595"
"202300015874";"11";"08";"2023";"18:30";"1";"94";"94018";"2";"2";"2";"1";"Rue de Paris";"48,82470000";"2,40883000"
"202300015875";"6";"07";"2023";"17:00";"1";"94";"94078";"2";"3";"1";"3";"Rue de Paris";"48,73558500";"2,44684900"
"202300015876";"20";"11";"2023";"16:00";"1";"59";"59586";"2";"1";"8";"3";"57 Rue de l'Hardiniere";"50,53412800";"3,19597000"
"202300015877";"5";"07";"2023";"17:12";"1";"94";"94042";"2";"2";"1";"3";"Avenue Guy Môquet";"48,82283000";"2,47251000"
"202300015878";"11";"08";"2023";"19:25";"2";"94";"94028";"2";"1";"2";"6";"Voie DEPARTEMENTALE";"48,77242000";"2,46231000"
"202300015879";"29";"06";"2023";"08:00";"1";"94";"94058";"2";"3";"1";"3";"Boulevard d'Alsace-lorraine";"48,85077100";"2,50309000"
"202300015880";"11";"08";"2023";"14:50";"1";"93";"93055";"2";"1";"1";"6";"Avenue Édouard Vaillant";"48,90237814";"2,39327550"
"202300015881";"20";"11";"2023";"10:00";"1";"13";"13106";"1";"1";"1";"2";"A7-Sens Marseille vers Lyon";"43,39071033";"5,35120523"
"202300015882";"4";"07";"2023";"16:25";"1";"94";"94042";"2";"1";"2";"2";"Avenue du Général Galliéni";"48,82013800";"2,47547300"
"202300015883";"11";"08";"2023";"19:00";"1";"92";"92046";"2";"1";"2";"3";"DE STALINGRAD";"48,81506000";"2,28292000"
"202300015884";"6";"07";"2023";"18:30";"1";"94";"94028";"2";"1";"1";"1";"Rue Jean Jaurès";"48,78796476";"2,43575397"
"202300015885";"11";"08";"2023";"15:25";"1";"35";"35046";"1";"3";"3";"3";"D248";"47,87256900";" -2,05071000"
"202300015886";"12";"08";"2023";"17:00";"1";"2B";"2B121";"1";"1";"1";"7";"D81b, lieu dit Ferraghiola";"42,45584000";"8,67301900"
"202300015887";"5";"07";"2023";"15:30";"1";"94";"94028";"1";"1";"1";"5";"HALPERN.(AVENUE BERNARD)";"48,77944000";"2,45918000"
"202300015888";"20";"11";"2023";"18:00";"3";"91";"91161";"1";"1";"2";"3";"AUTOROUTE A6";"48,70224000";"2,30766000"
"202300015889";"12";"08";"2023";"13:30";"1";"2A";"2A065";"2";"1";"1";"6";"Rue Martinetti";"42,13412300";"8,59424800"
"202300015890";"5";"07";"2023";"12:30";"1";"94";"94017";"2";"1";"1";"2";"Rue Benoit Frachon";"48,81891400";"2,52248100"
"202300015891";"12";"08";"2023";"20:50";"2";"91";"91340";"1";"1";"1";"7";"D446";"48,61122500";"2,43436200"
"202300015892";"20";"11";"2023";"02:14";"5";"94";"94034";"1";"1";"1";"3";"A86";"48,75609704";"2,34121956"
"202300015893";"5";"07";"2023";"14:05";"1";"94";"94002";"2";"1";"1";"3";"Rue de Rome";"48,78845000";"2,42885000"
"202300015894";"11";"08";"2023";"21:33";"5";"95";"95487";"2";"1";"2";"6";"D78";"49,14937300";"2,27964700"
"202300015895";"6";"07";"2023";"18:10";"1";"93";"93055";"2";"1";"1";"6";"Avenue Jean Lolive";"48,89386664";"2,41659818"
"202300015896";"20";"11";"2023";"00:57";"4";"92";"92019";"1";"1";"1";"3";"RN 385 Extèrieure";"48,76754609";"2,24421290"