"Num_Acc";"jour";"mois";"an";"hrmn";"lum";"dep";"com";"agg";"int";"atm";"col";"adr";"lat";"long"
"202300016688";"23";"12";"2023";"21:20";"5";"93";"93046";"2";"2";"1";"1";"Avenue Emile Gérard / Avenue Gambetta / Avenue Turgot";"48,91870000";"2,52045000"
"202300016689";"15";"09";"2023";"19:30";"2";"69";"69383";"2";"2";"1";"3";"Quai Victor Augagneur";"45,76341000";"4,84142000"
"202300016690";"16";"03";"2023";"09:10";"1";"91";"91363";"1";"1";"1";"4";"RN 104";"48,64897000";"2,18644000"
"202300016691";"31";"05";"2023";"06:35";"1";"971";"97105";"2";"9";"1";"7";"PAUL LACAVE (AVENUE )";"15,99110000";" -61,72240000"
"202300016692";"15";"09";"2023";"16:37";"1";"69";"69388";"2";"8";"1";"6";"Avenue Berthelot";"45,73749000";"4,86588000"
"202300016693";"18";"11";"2023";"19:20";"5";"13";"13215";"2";"1";"1";"1";"SAINT LOUIS (AVENUE DE)";"43,34404000";"5,35975000"
"202300016694";"24";"12";"2023";"09:15";"1";"93";"93005";"2";"2";"1";"3";"Boulevard Charles Floquet / Rue Jules Princet";"48,93719759";"2,49864018"
"202300016695";"31";"05";"2023";"14:02";"1";"2A";"2A004";"2";"9";"2";"3";"MARECHAL JUIN AVENUE";"41,93496000";"8,75110000"
"202300016696";"16";"03";"2023";"08:00";"1";"91";"91471";"1";"1";"1";"4";"RN 118";"48,71531000";"2,17384000"
"202300016697";"15";"09";"2023";"08:25";"1";"69";"69387";"2";"3";"1";"3";"Boulevard de l'Artillerie";"45,73389000";"4,84272000"
"202300016698";"24";"12";"2023";"14:09";"1";"92";"92009";"2";"2";"1";"7";"RASPAIL ( RUE )";"48,91579632";"2,27175817"
"202300016699";"15";"03";"2023";"13:45";"1";"93";"93005";"1";"1";"1";"2";"AUTOROUTE A3";"48,96888116";"2,48032451"
"202300016700";"31";"05";"2023";"08:50";"1";"2A";"2A228";"2";"6";"1";"2";"T22";"41,84523000";"8,75857000"
"202300016701";"25";"12";"2023";"04:00";"3";"41";"41268";"1";"6";"1";"7";"Le Pavillon";"47,43342500";"1,70062200"
"202300016702";"15";"09";"2023";"02:45";"5";"69";"69387";"2";"1";"1";"1";"Rue de Gerland";"45,72658000";"4,83771000"
"202300016703";"14";"03";"2023";"19:50";"3";"95";"95500";"1";"1";"1";"2";"A15";"49,03773617";"2,08928876"
"202300016704";"31";"05";"2023";"18:45";"1";"95";"95197";"2";"1";"1";"6";"JEAN MERMOZ (RUE)";"48,96154811";"2,31798112"
"202300016705";"15";"09";"2023";"18:00";"1";"69";"69389";"2";"1";"1";"2";"2 Quai Arloing";"45,77372000";"4,80944000"
"202300016706";"16";"03";"2023";"15:30";"1";"94";"94033";"1";"1";"1";"2";"A86";"48,85684395";"2,48790403"
"202300016707";"24";"12";"2023";"09:00";"1";"01";"01033";"1";"1";"2";"1";"D1084";"46,16213400";"5,77177200"
"202300016708";"31";"05";"2023";"08:10";"1";"91";"91377";"2";"2";"1";"3";"AV DU MARECHAL LECLERC";"48,73015000";"2,30041000"
"202300016709";"15";"03";"2023";"04:25";"3";"77";"77373";"1";"1";"1";"6";"RN104";"48,78352000";"2,61656900"
"202300016710";"15";"09";"2023";"16:15";"1";"69";"69384";"2";"1";"1";"6";"Cours d'Herbouville";"45,77667000";"4,84004000"
"202300016711";"31";"05";"2023";"07:53";"1";"91";"91645";"2";"1";"1";"6";"FOCH (BOULEVARD DU MARECHAL)";"48,74164000";"2,26088000"
"202300016712";"23";"12";"2023";"17:45";"3";"31";"31541";"2";"1";"1";"4";"10 Route du Bac";"43,69285600";"1,35898400"
"202300016713";"15";"09";"2023";"16:00";"1";"2B";"2B033";"2";"1";"1";"6";"MARTYRS - QUAI DES";"42,69600000";"9,45220000"
"202300016714";"14";"03";"2023";"17:32";"1";"75";"75108";"2";"4";"1";"1";"AVENUE GEORGE V";"48,86992400";"2,30100500"
"202300016715";"31";"05";"2023";"13:53";"1";"86";"86194";"2";"3";"7";"3";"Avenue du Plateau des Glières";"46,60510300";"0,32200400"
"202300016716";"23";"12";"2023";"03:44";"3";"80";"80635";"1";"1";"2";"7";"Départementale 183";"50,07804700";"1,92273600"
"202300016717";"15";"09";"2023";"11:04";"1";"2B";"2B033";"2";"9";"1";"6";"PAOLI DU NR 21 AU 45 -BLD";"42,70220000";"9,45071000"
"202300016718";"14";"03";"2023";"15:00";"1";"75";"75117";"2";"3";"2";"6";"AVENUE DE LA PORTE D ASNIERES";"48,89226900";"2,30101700"
"202300016719";"31";"05";"2023";"20:30";"2";"85";"85191";"2";"1";"1";"2";"73 Boulevard gaston guitton";"46,65933000";" -1,43643000"
"202300016720";"24";"12";"2023";"23:10";"3";"71";"71202";"1";"1";"1";"2";"le gauchard";"46,84971400";"4,80729100"
"202300016721";"15";"09";"2023";"15:20";"1";"2A";"2A004";"1";"6";"1";"2";"T21";"41,92860000";"8,77120000"
"202300016722";"15";"03";"2023";"18:30";"2";"75";"75106";"2";"2";"1";"3";"BOULEVARD RASPAIL";"48,84734826";"2,32792407"
"202300016723";"31";"05";"2023";"11:40";"1";"83";"83137";"2";"5";"1";"3";"LOTI (AVE PIERRE)";"43,11465000";"5,94525000"
"202300016724";"14";"09";"2023";"19:20";"1";"95";"95680";"2";"9";"1";"6";"CHAMP DOLENT (RUE LE)";"49,00313664";"2,39206910"
"202300016725";"25";"12";"2023";"13:00";"1";"39";"39096";"1";"1";"1";"1";"N/A";"47,24763000";"5,49363600"
"202300016726";"31";"05";"2023";"13:20";"1";"83";"83034";"1";"9";"2";"1";"AVENUE DE FONT BRUN";"43,08542690";"6,09577882"
"202300016727";"15";"03";"2023";"09:30";"1";"75";"75120";"2";"2";"1";"3";"PORTE DE VINCENNES";"48,84688300";"2,41387300"
"202300016728";"15";"09";"2023";"15:15";"1";"95";"95585";"2";"1";"1";"3";"D316A3";"48,98135500";"2,36951900"
"202300016729";"25";"12";"2023";"11:00";"1";"29";"29061";"2";"1";"2";"6";"rue Prosper Garnot";"48,43267442";" -4,46901150"
"202300016730";"15";"03";"2023";"09:15";"1";"75";"75110";"2";"2";"1";"6";"RUE DE L AQUEDUC";"48,88142084";"2,36187413"
"202300016731";"31";"05";"2023";"17:42";"1";"81";"81004";"2";"1";"2";"6";"BOURDES (DE)";"43,91898000";"2,11023000"
"202300016732";"15";"09";"2023";"22:55";"3";"95";"95127";"1";"1";"1";"2";"N14";"49,05510616";"2,05250144"
"202300016733";"15";"03";"2023";"17:00";"1";"94";"94081";"2";"1";"1";"2";"Avenue Youri Gagarine";"48,78768222";"2,39062661"
"202300016734";"24";"12";"2023";"20:06";"5";"01";"01265";"2";"1";"1";"6";"8 Rue du Maquis";"46,17282500";"5,57851700"
"202300016735";"15";"09";"2023";"11:00";"1";"91";"91687";"2";"1";"1";"3";"FRANCOEUR (RUE)";"48,67522000";"2,38410000"
"202300016736";"31";"05";"2023";"12:20";"1";"78";"78551";"2";"2";"1";"3";"ROOSEVELT (DU PRESIDENT)";"48,89945800";"2,07052900"
"202300016737";"15";"03";"2023";"18:20";"1";"94";"94080";"2";"2";"1";"6";"Rue de Fontenay / Rue de Montreuil";"48,84843360";"2,43489513"
"202300016738";"14";"09";"2023";"23:40";"5";"87";"87085";"2";"1";"1";"6";"CORDERIE (BOULEVARD DE LA)";"45,82905000";"1,26547000"
"202300016739";"24";"12";"2023";"15:50";"1";"30";"30026";"1";"2";"1";"3";"D999";"43,97912000";"3,59877300"
"202300016740";"31";"05";"2023";"12:20";"1";"78";"78029";"1";"3";"1";"3";"MONTGARDE ( RUE DE)";"48,94794600";"1,84639800"
"202300016741";"15";"03";"2023";"18:35";"1";"94";"94074";"2";"1";"1";"2";"Avenue du Rû de Gironde";"48,74282600";"2,46588300"
"202300016742";"14";"09";"2023";"09:46";"1";"87";"87065";"1";"2";"1";"3";"BOISSEUIL (RUE DE)";"45,79076382";"1,30540609"
"202300016743";"24";"12";"2023";"19:00";"3";"51";"51569";"1";"1";"1";"1";"A4 - PK 131+200 sens PARIS / METZ";"49,24758200";"3,94086200"
"202300016744";"15";"03";"2023";"08:55";"1";"94";"94074";"2";"3";"1";"6";"Avenue Julien Duranton / Rue Raspail";"48,76550000";"2,44760000"
"202300016745";"14";"09";"2023";"17:20";"1";"86";"86194";"2";"1";"1";"3";"Promenade des Cours";"46,57256000";"0,33845000"
"202300016746";"31";"05";"2023";"19:30";"1";"77";"77374";"1";"1";"1";"2";"D471";"48,78549366";"2,71132109"
"202300016747";"25";"12";"2023";"02:50";"5";"987";"98725";"2";"1";"1";"6";"PK 8.500 COL DU TAHARA'A";" -17,51253800";" -149,50130900"
"202300016748";"14";"03";"2023";"19:40";"5";"94";"94068";"2";"2";"8";"3";"D130";"48,78486275";"2,49532717"
"202300016749";"2";"07";"2023";"18:40";"1";"84";"84087";"2";"1";"1";"3";"PINAY (AVENUE ANTOINE)";"44,13417300";"4,79943300"
"202300016750";"15";"09";"2023";"08:50";"1";"83";"83137";"2";"1";"7";"6";"LOSTE (AVE COMMANDANTJEAN)";"43,12577300";"5,97054700"
"202300016751";"15";"03";"2023";"10:50";"1";"94";"94058";"2";"1";"1";"2";"Quai de l'Artois";"48,82985000";"2,51174000"
"202300016752";"31";"05";"2023";"08:10";"1";"77";"77464";"2";"1";"1";"6";"CLAYE  (RUE DE  )";"48,88400000";"2,70850000"
"202300016753";"14";"09";"2023";"10:25";"1";"83";"83126";"2";"1";"1";"1";"LA SEYNE A BASTIAN (CHEMIN DE)";"43,09090400";"5,87067000"
"202300016754";"15";"03";"2023";"20:20";"5";"94";"94069";"2";"1";"1";"3";"Quai de la République";"48,81792799";"2,42412928"
"202300016755";"25";"12";"2023";"00:05";"3";"971";"97107";"1";"1";"1";"1";"Route Nationale N . 1";"16,06016600";" -61,56588100"
"202300016756";"16";"09";"2023";"01:00";"5";"78";"78350";"1";"1";"1";"1";"VERSAILLES (ROUTE DE)";"48,84393000";"2,10981000"
"202300016757";"15";"03";"2023";"11:40";"1";"93";"93073";"1";"1";"1";"2";"Rue de la Belle Borne";"48,98950392";"2,52638876"
"202300016758";"15";"09";"2023";"09:14";"1";"77";"77445";"2";"2";"1";"3";"EUROPE (AVENUE DE L')";"48,59821000";"2,59118000"
"202300016759";"25";"12";"2023";"16:30";"2";"42";"42012";"2";"1";"1";"6";"Route du vieux Vinols";"45,59795207";"4,03560609"
"202300016760";"15";"03";"2023";"19:55";"5";"93";"93066";"2";"3";"1";"2";"Avenue du Président Wilson / Rue des Bretons";"48,91977500";"2,35773300"
"202300016761";"15";"09";"2023";"11:30";"1";"77";"77243";"2";"1";"1";"6";"JACQUES LEPAIRE  (RUE   )";"48,87881449";"2,70147371"
"202300016762";"15";"03";"2023";"18:20";"1";"93";"93055";"2";"1";"1";"4";"Rue Condorcet";"48,90539268";"2,39527989"
"202300016763";"25";"12";"2023";"19:30";"5";"60";"60575";"2";"1";"2";"1";"Rue de Noailles";"49,29577900";"2,18610500"
"202300016764";"15";"09";"2023";"09:00";"1";"76";"76114";"2";"1";"1";"1";"MARTYRS DE LA RESISTANCE (RUE DES)";"49,57339000";"0,47499000"
"202300016765";"14";"03";"2023";"10:50";"1";"93";"93050";"2";"3";"2";"4";"Rue Paul et Camille Thomoux / Rue du Mal de Lattre de Tassigny";"48,86360000";"2,52992000"
"202300016766";"15";"09";"2023";"08:55";"1";"76";"76476";"2";"9";"1";"1";"Rue Claude Bernard";"49,48608700";"0,57189600"
"202300016767";"25";"12";"2023";"03:30";"3";"60";"60088";"1";"1";"2";"1";"Rue du Ménillet";"49,19605200";"2,20602000"
"202300016768";"15";"03";"2023";"21:00";"5";"93";"93071";"2";"6";"1";"3";"Avenue Lucie Aubrac / Avenue Henri Barbusse";"48,93364000";"2,54339000"
"202300016769";"14";"09";"2023";"16:04";"1";"72";"72181";"2";"9";"1";"3";"LOUIS BLANC (QUAI)";"48,00648000";"0,19255000"
"202300016770";"14";"03";"2023";"15:40";"1";"93";"93031";"2";"1";"1";"3";"Avenue Salvador Allende";"48,95611100";"2,30851200"
"202300016771";"14";"09";"2023";"07:44";"1";"72";"72181";"2";"1";"1";"2";"RUBILLARD AV N° PAIRS 118 ET >";"48,01322000";"0,17436000"
"202300016772";"15";"03";"2023";"15:25";"1";"93";"93008";"2";"1";"1";"3";"Avenue Paul Vaillant - Couturier";"48,90860694";"2,45101306"
"202300016773";"24";"12";"2023";"06:16";"3";"13";"13085";"1";"1";"1";"2";"A50-Sens Marseille vers Aubagne";"43,24914995";"5,59614814"
"202300016774";"14";"09";"2023";"14:10";"1";"71";"71270";"2";"9";"1";"6";"NEUF CLES (BOULEVARD DES)";"46,31543103";"4,82350674"
"202300016775";"15";"03";"2023";"20:06";"5";"93";"93007";"2";"1";"1";"6";"35 Rue de l'Angélus";"48,92227675";"2,46407350"
"202300016776";"15";"09";"2023";"13:50";"1";"71";"71076";"2";"1";"1";"1";"BOUCICAUT (AVENUE)";"46,78775130";"4,83850926"
"202300016777";"15";"03";"2023";"08:00";"1";"92";"92050";"2";"1";"1";"3";"VAILLANT COUTURIER PAUL RUE";"48,88418000";"2,20322000"
"202300016778";"23";"12";"2023";"23:20";"3";"13";"13211";"1";"1";"1";"6";"A50-Sens Aubagne vers Marseille";"43,29472000";"5,46471000"
"202300016779";"15";"03";"2023";"18:10";"1";"92";"92044";"2";"1";"1";"6";"DANTON(RUE)125+ ET 134BIS+";"48,89581000";"2,27857000"
"202300016780";"15";"09";"2023";"11:40";"1";"71";"71076";"2";"3";"1";"3";"COUBERTIN (RUE PIERRE DE)";"46,80867984";"4,85181838"
"202300016781";"24";"12";"2023";"12:35";"1";"83";"83129";"1";"1";"1";"7";"A50";"43,12061240";"5,84313268"
"202300016782";"15";"03";"2023";"09:05";"1";"92";"92024";"2";"1";"1";"3";"HENRI BARBUSSE (RUE) DE (1 A 73)   (2 A";"48,89760773";"2,30061516"
"202300016783";"15";"09";"2023";"17:30";"1";"69";"69256";"2";"2";"1";"3";"Avenue Gabriel Péri";"45,78223000";"4,91873000"
"202300016784";"24";"12";"2023";"03:05";"3";"33";"33162";"1";"1";"1";"6";"ROCADE A 630";"44,87075629";" -0,64298432"
"202300016785";"15";"03";"2023";"18:09";"1";"92";"92014";"2";"1";"1";"4";"ROOSEVELT PRESIDENT F (AVE DU)";"48,77726000";"2,30822000"
"202300016786";"15";"09";"2023";"07:40";"2";"69";"69029";"2";"3";"1";"3";"Place Kimmerling";"45,75281977";"4,89864930"
"202300016787";"15";"03";"2023";"12:15";"1";"92";"92004";"2";"1";"1";"3";"BAS ( RUE DES )";"48,91723000";"2,29392000"
"202300016788";"14";"09";"2023";"21:50";"3";"69";"69259";"2";"1";"1";"1";"Chemin du Charbonnier";"45,70240120";"4,89443530"
"202300016789";"15";"03";"2023";"11:20";"1";"92";"92004";"2";"1";"1";"6";"VICTOIRES  ( PLACE DES  )";"48,91064300";"2,29197200"
"202300016790";"14";"09";"2023";"18:10";"1";"69";"69259";"2";"1";"1";"6";"Avenue du 11 Novembre 1918";"45,68965438";"4,86496898"
"202300016791";"24";"12";"2023";"18:00";"5";"94";"94034";"1";"1";"1";"4";"A86";"48,75772551";"2,32805983"
"202300016792";"14";"03";"2023";"09:30";"1";"92";"92004";"2";"1";"1";"6";"MAGENTA";"48,91246000";"2,27612000"
"202300016793";"24";"12";"2023";"07:49";"3";"78";"78322";"1";"1";"1";"6";"RN12 EXT";"48,78736200";"2,14797500"
"202300016794";"14";"09";"2023";"16:45";"1";"67";"67482";"2";"3";"1";"3";"HERRENSCHMIDT (AVENUE)";"48,59670000";"7,75603000"
"202300016795";"14";"03";"2023";"18:10";"1";"92";"92004";"2";"1";"1";"3";"AULAGNIER ( QUAI )";"48,91440000";"2,31192000"
"202300016796";"13";"09";"2023";"14:00";"1";"66";"66136";"2";"1";"1";"6";"N/A";"42,68932000";"2,89450000"
"202300016797";"13";"03";"2023";"19:20";"5";"09";"09261";"2";"1";"3";"6";"avenue d'aulot";"42,98250700";"1,15113100"
"202300016798";"23";"12";"2023";"23:30";"3";"78";"78126";"1";"1";"1";"6";"A13";"48,84200000";"2,11124000"
"202300016799";"15";"09";"2023";"21:50";"5";"64";"64445";"2";"1";"2";"3";"CONDORCET";"43,31152000";" -0,36261000"
"202300016800";"16";"03";"2023";"17:05";"1";"974";"97412";"1";"1";"1";"6";"24 Rue de la Passerelle";" -21,37993000";"55,64625200"
"202300016801";"15";"03";"2023";"13:00";"1";"83";"83070";"2";"6";"1";"3";"Avenue de la Baou";"43,13913172";"6,35505243"
"202300016802";"15";"09";"2023";"16:35";"1";"64";"64348";"2";"3";"2";"2";"ERCKMAN CHATRIAN";"43,32558000";" -0,38546000"
"202300016803";"10";"03";"2023";"18:00";"1";"62";"62285";"2";"1";"2";"6";"D956";"50,18027500";"2,90724700"
"202300016804";"24";"12";"2023";"18:09";"3";"95";"95306";"1";"1";"1";"6";"A15";"49,00739355";"2,16194967"
"202300016805";"15";"09";"2023";"08:55";"1";"64";"64445";"2";"6";"1";"3";"EUROPE DE L'";"43,31918300";" -0,30746100"
"202300016806";"15";"03";"2023";"20:00";"3";"62";"62117";"1";"1";"1";"6";"D19";"50,08001600";"2,97551400"
"202300016807";"16";"03";"2023";"07:00";"1";"77";"77051";"2";"1";"1";"6";"Avenue Alain Peyrefitte";"48,41001800";"3,24577900"
"202300016808";"15";"09";"2023";"09:00";"1";"63";"63113";"2";"2";"1";"3";"rue Alexis Duvert / rue des Côte fleuries";"45,79971285";"3,08408707"
"202300016809";"24";"12";"2023";"16:30";"2";"93";"93053";"1";"1";"1";"5";"AUTOROUTE A3";"48,89465546";"2,47126500"
"202300016810";"16";"03";"2023";"09:30";"1";"81";"81277";"1";"3";"1";"1";"D903";"43,98733800";"2,26348700"
"202300016811";"15";"09";"2023";"08:30";"1";"63";"63014";"1";"6";"1";"3";"N/A";"45,74360000";"3,13870000"
"202300016812";"15";"03";"2023";"15:35";"1";"71";"71230";"2";"3";"1";"3";"voie du souvenir français";"46,60167900";"4,05590200"
"202300016813";"16";"09";"2023";"00:20";"3";"62";"62510";"1";"1";"1";"3";"D58";"50,42796579";"2,75785661"
"202300016814";"15";"03";"2023";"18:55";"1";"12";"12198";"1";"1";"1";"7";"RD 911";"44,31981100";"2,22020400"
"202300016815";"23";"12";"2023";"13:15";"1";"976";"97611";"2";"1";"1";"3";"kaweni-Kaweni sud  (Z I)";" -12,77477000";"45,22932000"
"202300016816";"15";"09";"2023";"11:40";"1";"61";"61001";"2";"1";"7";"3";"D438";"48,42079000";"0,08947000"
"202300016817";"16";"03";"2023";"12:58";"1";"34";"34332";"2";"4";"1";"3";"D912";"43,31375000";"3,41724200"
"202300016818";"16";"09";"2023";"20:35";"5";"59";"59271";"2";"1";"1";"1";"MICHELET";"51,01262000";"2,29976000"
"202300016819";"16";"03";"2023";"18:45";"2";"34";"34335";"1";"6";"1";"3";"517f Camp Esprit";"43,59528000";"3,12814800"
"202300016820";"23";"12";"2023";"16:18";"1";"974";"97416";"2";"1";"1";"6";"BONS ENFANTS (RUE DES)";" -21,34020000";"55,47500000"
"202300016821";"14";"09";"2023";"16:50";"1";"56";"56121";"2";"3";"1";"3";"DE GAULLE ( AVE DU GENERAL )";"47,74220000";" -3,37040000"
"202300016822";"16";"03";"2023";"12:05";"1";"68";"68179";"2";"6";"1";"3";"D466";"47,75693600";"7,01830600"
"202300016823";"14";"09";"2023";"08:31";"1";"56";"56162";"2";"6";"1";"6";"Boulevard François Mitterrand";"47,73259400";" -3,42218700"
"202300016824";"14";"03";"2023";"08:55";"1";"22";"22158";"1";"1";"7";"6";"N164 - Lieu dit Trefaut";"48,21505000";" -3,00315000"
"202300016825";"23";"12";"2023";"12:50";"1";"974";"97416";"1";"1";"1";"3";"BADAMIER(CHEMIN)";" -21,30966000";"55,45650000"
"202300016826";"14";"09";"2023";"13:00";"1";"54";"54265";"2";"1";"1";"1";"Rue Antoine de Saint-exupery";"48,63717000";"6,18355000"
"202300016827";"13";"03";"2023";"17:25";"1";"22";"22132";"1";"1";"2";"1";"Lieu Dit Landresmeur";"48,47684400";" -3,48723700"
"202300016828";"14";"09";"2023";"14:15";"1";"50";"50129";"2";"2";"1";"2";"BECQUEREL (RUE)";"49,62726000";" -1,63778000"
"202300016829";"16";"03";"2023";"09:15";"1";"25";"25328";"2";"1";"1";"6";"Route. de Lyon, N.83";"47,18383000";"5,96344100"
"202300016830";"11";"09";"2023";"19:30";"1";"50";"50129";"2";"2";"1";"3";"VINDITS (RUE DES)";"49,62794000";" -1,65617000"
"202300016831";"21";"12";"2023";"12:45";"1";"973";"97302";"2";"2";"1";"3";"DE GAULLE (AVENUE)";"4,93989000";" -52,32733000"
"202300016832";"12";"03";"2023";"04:35";"3";"29";"29100";"2";"1";"1";"6";"Le Bourg";"48,54996700";" -4,38751500"
"202300016833";"15";"09";"2023";"11:01";"1";"49";"49007";"2";"2";"1";"3";"PAPIN";"47,46553000";" -0,55437000"
"202300016834";"14";"09";"2023";"23:15";"3";"49";"49007";"2";"1";"1";"2";"PLANTAGENET";"47,47214000";" -0,55439000"
"202300016835";"14";"03";"2023";"18:00";"1";"31";"31468";"2";"2";"2";"1";"carrefour d36 et d52";"43,26481600";"0,86317800"
"202300016836";"14";"09";"2023";"08:50";"1";"49";"49007";"2";"4";"1";"3";"PASTEUR AVENUE";"47,47416000";" -0,53726000"
"202300016837";"15";"03";"2023";"18:20";"1";"31";"31493";"1";"2";"1";"3";"D5";"43,23031300";"0,74965600"
"202300016838";"21";"12";"2023";"08:20";"1";"973";"97302";"2";"3";"3";"3";"RABAN (ROUTE DE)";"4,92616578";" -52,31362492"
"202300016839";"15";"09";"2023";"19:21";"1";"47";"47001";"2";"1";"1";"3";"BARBUSSE (AV. HENRI)";"44,20637233";"0,63448191"
"202300016840";"16";"03";"2023";"08:00";"1";"02";"02814";"1";"1";"1";"6";"N/A";"49,92306000";"3,67814500"
"202300016841";"15";"09";"2023";"08:55";"1";"44";"44109";"2";"1";"1";"3";"328 Route de Saint Joseph";"47,25799000";" -1,52832000"
"202300016842";"16";"03";"2023";"16:35";"1";"14";"14305";"1";"1";"1";"6";"Chemin de la Butte au Vilain";"49,30809700";" -0,01244500"
"202300016843";"16";"03";"2023";"11:15";"1";"05";"05046";"2";"1";"1";"2";"Route de Caléyères";"44,56673900";"6,49463100"
"202300016844";"15";"09";"2023";"10:55";"1";"43";"43157";"2";"1";"1";"4";"Boulevard Carnot";"45,04607000";"3,87977000"
"202300016845";"23";"12";"2023";"19:05";"2";"69";"69383";"2";"2";"1";"1";"Avenue Félix Faure";"45,75401000";"4,86161000"
"202300016846";"15";"03";"2023";"15:35";"1";"36";"36200";"1";"3";"1";"5";"N/A";"46,59389100";"1,53750700"
"202300016847";"16";"09";"2023";"00:30";"5";"37";"37261";"2";"2";"1";"5";"HEURTELOUP (BOULEVARD)";"47,39218000";"0,70057000"
"202300016848";"15";"03";"2023";"17:45";"1";"40";"40228";"1";"4";"7";"3";"1120 Avenue Jean Barbé";"43,62339800";" -0,83991200"
"202300016849";"15";"09";"2023";"15:20";"1";"37";"37261";"2";"1";"1";"2";"VAILLANT (RUE EDOUARD)";"47,38126000";"0,70691000"
"202300016850";"16";"03";"2023";"17:20";"1";"30";"30059";"1";"1";"1";"1";"N/A";"43,66284600";"4,23202700"
"202300016851";"23";"12";"2023";"11:45";"1";"69";"69388";"2";"2";"8";"6";"Place Ambroise Courtois";"45,74552866";"4,87120733"
"202300016852";"15";"09";"2023";"18:15";"1";"35";"35238";"2";"2";"1";"3";"CHARLES TILLON (RUE)";"48,12605907";" -1,69280112"
"202300016853";"16";"03";"2023";"07:50";"1";"88";"88158";"2";"3";"1";"1";"Rue de l'Elle";"48,08784800";"6,60836800"
"202300016854";"15";"09";"2023";"19:10";"2";"35";"35150";"1";"3";"1";"7";"GAUTRAIS (LA PETITE) LIEUX-DITS";"48,34627000";" -1,21782000"
"202300016855";"16";"03";"2023";"09:55";"1";"24";"24167";"2";"1";"1";"6";"48 Boulevard National";"44,66655500";"0,39889800"
"202300016856";"23";"12";"2023";"10:50";"1";"69";"69386";"2";"1";"2";"6";"Quai Charles de Gaulle";"45,78606000";"4,85901000"
"202300016857";"15";"09";"2023";"12:53";"1";"34";"34172";"2";"3";"1";"3";"LODEVE (AVENUE DE";"43,61362000";"3,83920000"
"202300016858";"15";"03";"2023";"10:40";"1";"69";"69244";"2";"3";"1";"2";"49 Avenue de la République";"45,76389200";"4,77926200"
"202300016859";"15";"03";"2023";"17:00";"1";"06";"06018";"1";"1";"1";"1";"Route de Valbonne";"43,63409100";"7,07566600"
"202300016860";"15";"09";"2023";"19:10";"1";"33";"33522";"2";"3";"1";"2";"Rue Peydavant";"44,80434011";" -0,58673590"
"202300016861";"23";"12";"2023";"06:00";"1";"972";"97213";"2";"1";"1";"1";"ROUTE DEPARTEMENTALE 3";"14,62575000";" -60,98930000"
"202300016862";"16";"03";"2023";"05:10";"3";"89";"89208";"1";"1";"1";"7";"Autoroute A6";"47,62399800";"3,90789800"
"202300016863";"15";"09";"2023";"02:15";"3";"33";"33281";"2";"1";"1";"6";"Avenue de la Libération";"44,85468741";" -0,64427599"
"202300016864";"16";"03";"2023";"11:30";"1";"58";"58303";"2";"1";"1";"3";"Boulevard Camille Dagonneau";"47,01434400";"3,14989000"
"202300016865";"15";"09";"2023";"11:20";"1";"31";"31555";"2";"1";"1";"3";"MATABIAU (BD) DU 1AU 75";"43,61553900";"1,44061700"
"202300016866";"23";"12";"2023";"07:55";"1";"972";"97209";"1";"1";"1";"2";"RD 41 (ROCADE)";"14,61660000";" -61,06034000"
"202300016867";"14";"09";"2023";"19:30";"2";"31";"31555";"2";"1";"1";"1";"RUE LOUIS BONIN";"43,63137000";"1,41500000"
"202300016868";"16";"03";"2023";"22:45";"3";"988";"98820";"1";"1";"3";"6";"Tribu de Lékine - VU2";" -20,69539000";"166,48449000"
"202300016869";"14";"09";"2023";"15:15";"1";"31";"31555";"2";"1";"7";"6";"RUE DU TAUR";"43,60754000";"1,44203000"
"202300016870";"16";"03";"2023";"10:30";"1";"13";"13088";"1";"3";"1";"3";"ZA les Pielettes";"43,37643400";"5,22691200"
"202300016871";"15";"09";"2023";"19:20";"1";"28";"28218";"2";"1";"1";"3";"VIEUX PUITS (CITE-RUE DU)";"48,43360000";"1,46261000"
"202300016872";"23";"12";"2023";"11:45";"1";"69";"69202";"2";"1";"1";"1";"1 Chemin des Hauts du Bois";"45,73893000";"4,78716000"
"202300016873";"15";"09";"2023";"18:05";"1";"27";"27681";"2";"9";"7";"6";"JAURES (BOULEVARD JAURES)";"49,09500000";"1,46400000"
"202300016874";"16";"03";"2023";"08:15";"1";"78";"78062";"2";"6";"1";"3";"Carrefour de l'Estandart";"48,85197000";"1,87808300"
"202300016875";"15";"03";"2023";"17:00";"1";"66";"66210";"2";"6";"1";"2";"N/A";"42,62866000";"2,76158100"
"202300016876";"15";"09";"2023";"08:20";"1";"27";"27234";"2";"1";"1";"2";"NATIONALE 13 (ROUTE)";"49,01484399";"1,20422892"
"202300016877";"23";"12";"2023";"10:40";"1";"971";"97101";"2";"1";"1";"3";"CARAQUE";"16,24990000";" -61,48920000"
"202300016878";"16";"03";"2023";"08:15";"1";"57";"57481";"2";"1";"1";"7";"85 Rue de la Mine";"49,21403000";"6,01076100"
"202300016879";"15";"09";"2023";"13:15";"1";"25";"25388";"2";"3";"1";"6";"ALLIES (AVENUE DES)";"47,51195000";"6,79977000"
"202300016880";"25";"02";"2023";"05:30";"3";"69";"69227";"1";"1";"1";"1";"Route Départementale 311";"45,66855500";"4,57786600"
"202300016881";"15";"09";"2023";"17:30";"1";"22";"22360";"1";"1";"1";"4";"RN12";"48,48316300";" -2,69936800"