"Num_Acc";"jour";"mois";"an";"hrmn";"lum";"dep";"com";"agg";"int";"atm";"col";"adr";"lat";"long"
"202300017275";"31";"01";"2023";"19:05";"5";"64";"64102";"2";"1";"1";"2";"URSUYA (AVENUE DE L')";"43,47881000";" -1,49585000"
"202300017276";"31";"01";"2023";"18:15";"2";"64";"64102";"2";"1";"1";"7";"LAMOTHE (AVENUE)";"43,50981038";" -1,46604717"
"202300017277";"1";"02";"2023";"09:00";"1";"60";"60057";"2";"1";"1";"4";"Rue de Calais";"49,43930000";"2,08210000"
"202300017278";"1";"02";"2023";"13:50";"1";"59";"59599";"2";"1";"1";"6";"BIENFAISANCE (RUE DE LA)";"50,72471000";"3,15786000"
"202300017279";"1";"02";"2023";"18:40";"5";"59";"59512";"2";"2";"2";"3";"DE GAULLE  (BOULEVARD DU GENERAL)";"50,68121000";"3,16783000"
"202300017280";"30";"01";"2023";"17:00";"1";"59";"59343";"2";"3";"1";"3";"BONS CAMARADES RUE DES";"50,58450000";"3,10290000"
"202300017281";"31";"01";"2023";"20:30";"5";"56";"56121";"2";"1";"1";"2";"GUIEYSSE (RUE  PAUL )";"47,75761000";" -3,37188000"
"202300017282";"31";"01";"2023";"18:31";"5";"54";"54395";"2";"1";"1";"6";"Rue de Metz";"48,70104000";"6,17211000"
"202300017283";"31";"01";"2023";"17:12";"5";"54";"54395";"2";"2";"2";"6";"Rue Oberlin";"48,70329800";"6,18199900"
"202300017284";"31";"01";"2023";"17:15";"1";"52";"52125";"1";"1";"8";"2";"N/A";"48,07900830";"5,15539830"
"202300017285";"31";"01";"2023";"12:30";"1";"51";"51454";"2";"1";"1";"6";"rue César Poulain";"49,25471000";"4,04272000"
"202300017286";"31";"01";"2023";"11:14";"1";"51";"51506";"2";"1";"8";"3";"Avenue du Président Roosevelt";"48,94489083";"4,38271813"
"202300017287";"31";"01";"2023";"14:10";"1";"49";"49246";"2";"1";"1";"5";"ROC EST";"47,42050000";" -0,50450000"
"202300017288";"30";"01";"2023";"08:40";"1";"49";"49015";"2";"1";"2";"2";"D775";"47,51098000";" -0,61843000"
"202300017289";"1";"02";"2023";"13:29";"1";"45";"45234";"2";"9";"1";"6";"2 Place de l'Indien";"47,83947000";"1,93452000"
"202300017290";"1";"02";"2023";"20:21";"5";"44";"44109";"2";"1";"1";"3";"Rue Gaston Michel";"47,21015000";" -1,56214000"
"202300017291";"31";"01";"2023";"16:00";"1";"37";"37261";"2";"1";"1";"3";"MARECHAL JUIN (BD)";"47,41236000";"0,70292000"
"202300017292";"1";"02";"2023";"19:20";"5";"35";"35238";"2";"1";"1";"6";"MARTENOT";"48,11249000";" -1,67303000"
"202300017293";"1";"02";"2023";"15:50";"1";"35";"35238";"2";"3";"1";"3";"GUERINIERE (ALLEE DE LA)";"48,09453000";" -1,63299000"
"202300017294";"27";"01";"2023";"08:00";"1";"33";"33281";"2";"3";"1";"3";"Avenue du Maréchal Lyautey";"44,85430000";" -0,65675000"
"202300017295";"1";"02";"2023";"12:15";"1";"31";"31555";"2";"9";"1";"3";"BD DE LA GARE";"43,60109000";"1,45674000"
"202300017296";"1";"02";"2023";"08:30";"1";"31";"31555";"2";"1";"1";"3";"82 Chemin du Ramelet Moundi";"43,58507000";"1,38449000"
"202300017297";"31";"01";"2023";"14:15";"1";"29";"29019";"2";"6";"1";"2";"avenue Georges Pompidou";"48,41400382";" -4,47944462"
"202300017298";"1";"02";"2023";"11:40";"1";"28";"28134";"2";"1";"1";"4";"RN 12 (DESCENTE ET PONT FERMAINCOURT)";"48,74592000";"1,37234000"
"202300017299";"31";"01";"2023";"11:15";"1";"27";"27681";"2";"2";"1";"3";"ARDECHE (AVENUE DE L')";"49,08703000";"1,48033000"
"202300017300";"1";"02";"2023";"17:14";"1";"27";"27528";"1";"1";"1";"4";"RD6015";"49,26758000";"1,16009000"
"202300017301";"9";"01";"2023";"08:02";"2";"18";"18050";"1";"1";"1";"6";"N/A";"47,05950500";"2,34042000"
"202300017302";"1";"02";"2023";"21:20";"5";"16";"16102";"2";"6";"1";"6";"HUGO (AVENUE VICTOR)";"45,69154300";" -0,32317100"
"202300017303";"31";"01";"2023";"18:30";"5";"15";"15014";"2";"1";"8";"6";"D 120";"44,91922800";"2,42881900"
"202300017304";"29";"01";"2023";"11:30";"1";"13";"13098";"1";"1";"1";"3";"D.51A";"43,46581000";"4,98045000"
"202300017305";"1";"02";"2023";"07:55";"1";"13";"13005";"2";"1";"8";"6";"BLANCARD (PROMENADE PIERRE)";"43,29726380";"5,56574732"
"202300017306";"1";"02";"2023";"14:55";"1";"06";"06069";"1";"1";"1";"6";"MARIGARDE (ROUTE DE LA)";"43,64588700";"6,95327500"
"202300017307";"1";"02";"2023";"12:40";"1";"06";"06069";"2";"9";"1";"2";"ROUQUIER (BOULEVARD EMMANUEL)";"43,63640600";"6,94069500"
"202300017308";"31";"01";"2023";"14:25";"1";"75";"75119";"2";"1";"1";"3";"PORTE DES LILAS";"48,87806100";"2,40844700"
"202300017309";"31";"01";"2023";"23:01";"5";"75";"75118";"2";"1";"1";"6";"PORTE DE LA CHAPELLE";"48,90088700";"2,36421700"
"202300017310";"31";"01";"2023";"08:40";"1";"75";"75119";"2";"2";"1";"6";"QUAI DE LA MARNE";"48,88990000";"2,38308600"
"202300017311";"1";"02";"2023";"05:40";"5";"75";"75119";"2";"2";"1";"1";"BOULEVARD DE LA VILLETTE";"48,88417700";"2,36860000"
"202300017312";"1";"02";"2023";"07:40";"2";"75";"75117";"2";"7";"1";"6";"AVENUE DE LA GRANDE ARMEE";"48,87577400";"2,28902800"
"202300017313";"1";"02";"2023";"15:00";"1";"75";"75116";"2";"1";"1";"3";"AVENUE GEORGES MANDEL";"48,86326100";"2,28362600"
"202300017314";"1";"02";"2023";"16:20";"1";"75";"75110";"2";"3";"1";"3";"QUAI DE JEMMAPES";"48,87170600";"2,36538700"
"202300017315";"31";"01";"2023";"23:00";"5";"75";"75110";"2";"2";"1";"3";"BOULEVARD DE STRASBOURG";"48,87480300";"2,35740500"
"202300017316";"31";"01";"2023";"23:28";"5";"75";"75109";"2";"2";"1";"3";"BOULEVARD HAUSSMANN";"48,87236800";"2,33744600"
"202300017317";"1";"02";"2023";"09:14";"1";"94";"94081";"2";"3";"1";"6";"Rue Auber / Rue des Malassis";"48,79982500";"2,37777800"
"202300017318";"30";"01";"2023";"19:00";"2";"94";"94028";"2";"2";"2";"6";"Avenue du Général de Gaulle / Rue Leonard Euler";"48,79569000";"2,44773000"
"202300017319";"30";"01";"2023";"18:50";"5";"94";"94011";"2";"1";"1";"1";"Avenue Rhin et Danube";"48,77165000";"2,49017000"
"202300017320";"1";"02";"2023";"14:15";"1";"94";"94022";"2";"1";"1";"4";"110 Avenue Victor Hugo";"48,77013900";"2,42557900"
"202300017321";"1";"02";"2023";"09:00";"1";"94";"94017";"2";"6";"1";"3";"Rue du Tunnel";"48,81487284";"2,51996040"
"202300017322";"1";"02";"2023";"18:00";"5";"94";"94004";"2";"1";"1";"1";"Rue de Valenton";"48,74474123";"2,50657350"
"202300017323";"1";"02";"2023";"16:15";"1";"94";"94071";"2";"6";"1";"2";"177 Rue de Boissy";"48,75987303";"2,52693844"
"202300017324";"1";"02";"2023";"15:00";"1";"93";"93066";"2";"3";"1";"3";"Rue de Strasbourg / Rue Menand";"48,93616907";"2,36988455"
"202300017325";"1";"02";"2023";"14:25";"1";"93";"93066";"2";"2";"1";"6";"Rue Francis de Pressensé / Avenue du Président Wilson";"48,91812000";"2,35799000"
"202300017326";"1";"02";"2023";"08:25";"1";"93";"93062";"2";"2";"1";"5";"Boulevard du Midi / Allée de la Fontaine";"48,89254610";"2,51940832"
"202300017327";"1";"02";"2023";"08:30";"1";"93";"93049";"2";"2";"1";"3";"Rue des 2 Communes / Rue du Bois d'Avron";"48,86701000";"2,50097000"
"202300017328";"1";"02";"2023";"09:00";"1";"93";"93057";"2";"1";"1";"2";"Avenue Aristide Briand";"48,91006000";"2,50831000"
"202300017329";"1";"02";"2023";"18:25";"1";"93";"93008";"2";"9";"1";"6";"Rue Carnot";"48,90661000";"2,45081000"
"202300017330";"1";"02";"2023";"10:55";"1";"93";"93008";"2";"1";"1";"6";"Avenue Paul Vaillant - Couturier";"48,90880919";"2,45005041"
"202300017331";"1";"02";"2023";"14:20";"1";"93";"93007";"2";"2";"1";"3";"Avenue Henri Barbusse / Rue Olivier Métra";"48,94135000";"2,46385000"
"202300017332";"1";"02";"2023";"12:36";"1";"93";"93007";"2";"9";"1";"1";"Avenue Pasteur";"48,93873565";"2,47274412"
"202300017333";"1";"02";"2023";"07:40";"1";"92";"92077";"2";"1";"1";"3";"ST CLOUD (RUE DE)";"48,82840900";"2,19073400"
"202300017334";"1";"02";"2023";"12:30";"1";"92";"92050";"2";"1";"1";"1";"LENINE VLADIMIR ILITCH AVENUE";"48,88813798";"2,19151765"
"202300017335";"2";"02";"2023";"23:00";"5";"92";"92007";"2";"3";"1";"6";"JAURES (AVENUE JEAN) N° 1 ET 2 A 24";"48,80006215";"2,30139166"
"202300017336";"1";"02";"2023";"09:17";"1";"91";"91340";"1";"1";"9";"1";"Route de Lisses";"48,57983300";"2,41782900"
"202300017337";"30";"01";"2023";"10:05";"1";"83";"83072";"2";"6";"1";"6";"boulevard de la libération";"43,48958000";"6,35390600"
"202300017338";"2";"02";"2023";"11:50";"1";"45";"45293";"1";"1";"1";"1";"D2060 PR 39 + 100";"47,97018312";"2,59768863"
"202300017339";"1";"02";"2023";"13:45";"1";"83";"83148";"2";"1";"1";"6";"3 Avenue du Président Wilson";"43,42688800";"6,43086400"
"202300017340";"31";"01";"2023";"21:10";"3";"26";"26330";"1";"1";"1";"2";"D1";"45,27974800";"4,92749700"
"202300017341";"2";"02";"2023";"15:33";"1";"48";"48128";"1";"1";"1";"2";"AUTOROUTE A75 - PK 127+976.05 - SENS NORD / SUD - DIRECTION MILLAU (12)";"44,78375400";"3,29205800"
"202300017342";"1";"02";"2023";"07:20";"5";"38";"38113";"1";"3";"1";"3";"D1075 ROUTE DE LA GRENOBLE";"44,83005800";"5,60722200"
"202300017343";"31";"01";"2023";"21:35";"3";"11";"11255";"1";"9";"1";"1";"RD 6113";"43,18204700";"2,95272600"
"202300017344";"26";"01";"2023";"10:35";"1";"11";"11254";"1";"1";"4";"6";"ROUTE DEPARTEMENTALE 119";"43,20824100";"2,18250300"
"202300017345";"5";"01";"2023";"10:45";"1";"34";"34245";"2";"1";"7";"6";"26 Grand Rue";"43,42154700";"2,94683600"
"202300017346";"2";"02";"2023";"07:38";"2";"25";"25467";"2";"3";"1";"1";"Rue de Bon Grain";"47,25570100";"5,93080900"
"202300017347";"1";"02";"2023";"18:20";"5";"31";"31561";"2";"1";"1";"2";"RD888";"43,64977100";"1,47186800"
"202300017348";"1";"02";"2023";"19:30";"3";"38";"38062";"1";"4";"1";"3";"D1090";"45,42653200";"5,99398100"
"202300017349";"1";"02";"2023";"14:00";"1";"58";"58297";"2";"9";"1";"3";"2 Le Bourg";"46,91120500";"3,41962900"
"202300017350";"29";"01";"2023";"15:29";"1";"90";"90034";"1";"1";"1";"7";"Rue du Vieux Moulin";"47,65582700";"6,92030800"
"202300017351";"1";"02";"2023";"19:10";"3";"60";"60616";"1";"1";"1";"4";"D915";"49,36400000";"1,76678200"
"202300017352";"2";"02";"2023";"12:58";"1";"18";"18124";"1";"8";"1";"3";"";"47,04294600";"2,03347900"
"202300017353";"2";"02";"2023";"08:00";"2";"18";"18057";"1";"9";"1";"5";"";"46,55691300";"2,26030800"
"202300017354";"30";"01";"2023";"19:35";"3";"30";"30003";"1";"6";"1";"7";"";"43,56608081";"4,12386417"
"202300017355";"1";"02";"2023";"14:20";"1";"06";"06018";"1";"1";"1";"6";"1022 Route de Valbonne";"43,63216900";"7,08708300"
"202300017356";"17";"10";"2023";"17:30";"2";"972";"97224";"1";"1";"7";"2";"D13A, route de Beauséjour Jambette, PR003.150, sens FORT-DE-FRANCE";"14,65229900";" -61,04057000"
"202300017357";"16";"10";"2023";"14:50";"1";"91";"91100";"2";"1";"1";"4";"Route d'Etampes";"48,43090600";"2,26641300"
"202300017358";"18";"10";"2023";"00:43";"3";"2B";"2B109";"1";"1";"1";"1";"RD80";"42,71869300";"9,33529400"
"202300017359";"18";"10";"2023";"12:30";"1";"84";"84092";"2";"1";"1";"2";"40 Avenue Charles de Gaulle";"43,95726600";"4,84878300"
"202300017360";"18";"10";"2023";"11:30";"1";"13";"13092";"1";"1";"1";"2";"D10";"43,52670900";"5,07534000"
"202300017361";"18";"10";"2023";"12:35";"1";"13";"13119";"2";"1";"1";"2";"52 Avenue de Cassis";"43,24838300";"5,54959800"
"202300017362";"18";"10";"2023";"15:45";"1";"52";"52269";"1";"1";"1";"1";"Rue de Saints-Geosmes";"47,83576200";"5,34975700"
"202300017363";"17";"10";"2023";"10:10";"1";"03";"03200";"2";"1";"1";"6";"1 Rue Saint Vincent";"46,55928300";"3,29351700"
"202300017364";"17";"10";"2023";"17:36";"1";"38";"38158";"2";"1";"1";"6";"rue mendès france";"45,15163600";"5,74698200"
"202300017365";"15";"10";"2023";"16:00";"1";"07";"07268";"1";"1";"1";"7";"D290";"44,31937300";"4,54882800"
"202300017366";"18";"10";"2023";"07:25";"3";"69";"69106";"1";"1";"1";"7";"Route des Bois d'Alix";"45,92586100";"4,68109300"
"202300017367";"18";"10";"2023";"10:15";"1";"86";"86173";"2";"1";"2";"1";"Rue Jules Ferry";"46,97527500";"0,04758200"
"202300017368";"18";"10";"2023";"11:30";"1";"14";"14341";"2";"2";"2";"3";"2 Rue Modigliani";"49,15470400";" -0,34409900"
"202300017369";"10";"10";"2023";"12:20";"1";"29";"29124";"2";"1";"1";"6";"N/A";"48,57106300";" -4,32655100"
"202300017370";"18";"10";"2023";"13:20";"1";"35";"35106";"1";"1";"2";"7";"La ruisselais";"47,84289766";" -1,58858389"
"202300017371";"17";"10";"2023";"07:40";"2";"80";"80685";"2";"2";"1";"6";"Boulevard des Glycines";"49,70722300";"2,77872000"
"202300017372";"16";"10";"2023";"11:06";"1";"13";"13202";"2";"1";"1";"4";"A55-Sens Martigues vers Marseille";"43,30245000";"5,36430000"
"202300017373";"17";"10";"2023";"16:00";"1";"83";"83137";"2";"1";"1";"3";"A50";"43,12476769";"5,90137449"
"202300017374";"17";"10";"2023";"08:50";"1";"91";"91340";"1";"1";"1";"2";"RN 104";"48,61098000";"2,43305000"
"202300017375";"17";"10";"2023";"07:53";"2";"91";"91161";"1";"1";"1";"2";"AUTOROUTE A6";"48,70847000";"2,30657000"
"202300017376";"16";"10";"2023";"20:05";"3";"91";"91161";"1";"1";"1";"5";"AUTOROUTE A6";"48,72192000";"2,31151000"
"202300017377";"17";"10";"2023";"17:45";"1";"93";"93066";"1";"1";"1";"7";"AUTOROUTE A1";"48,92832946";"2,35827677"
"202300017378";"17";"10";"2023";"09:00";"1";"93";"93064";"1";"1";"1";"4";"AUTOROUTE A86";"48,87834000";"2,47705000"
"202300017379";"16";"10";"2023";"14:20";"1";"93";"93078";"1";"1";"1";"4";"RD 170";"48,97093000";"2,49969000"
"202300017380";"17";"10";"2023";"08:30";"1";"94";"94069";"1";"1";"1";"2";"A4";"48,81748654";"2,44035369"
"202300017381";"19";"07";"2023";"17:40";"1";"73";"73008";"2";"3";"1";"2";"D991 GOLF AVENUE DU";"45,66546000";"5,90882000"
"202300017382";"31";"05";"2023";"07:50";"1";"73";"73008";"2";"3";"1";"1";"LEPIC BOULEVARD";"45,67655000";"5,90462000"
"202300017383";"22";"05";"2023";"18:45";"1";"74";"74024";"2";"1";"1";"5";"1787 Route de Marignier";"46,08197200";"6,43974100"
"202300017384";"14";"05";"2023";"08:30";"1";"74";"74143";"1";"1";"2";"6";"RN 205";"45,91004277";"6,77400738"
"202300017385";"6";"06";"2023";"22:15";"5";"74";"74143";"1";"9";"1";"7";"tunnel des chavants";"45,89190500";"6,79076300"
"202300017386";"5";"06";"2023";"10:55";"1";"74";"74201";"1";"1";"1";"2";"D1201";"46,12012000";"6,09515900"
"202300017387";"23";"07";"2023";"14:20";"1";"74";"74275";"2";"1";"1";"2";"D909a_";"45,81622100";"6,22903600"
"202300017388";"21";"07";"2023";"16:00";"1";"74";"74168";"1";"3";"1";"1";"La vy du moulin";"46,02412600";"6,01472500"
"202300017389";"21";"07";"2023";"15:45";"1";"74";"74154";"1";"1";"1";"5";"RD 1005";"46,40796500";"6,69758900"
"202300017390";"21";"07";"2023";"08:30";"1";"74";"74032";"1";"1";"1";"7";"D22";"46,25014900";"6,49689000"
"202300017391";"14";"07";"2023";"16:25";"1";"74";"74267";"2";"1";"1";"2";"1165 Route d'albertville";"45,87300600";"6,14138000"
"202300017392";"3";"07";"2023";"12:00";"1";"74";"74243";"1";"1";"1";"6";"A40_";"46,13410929";"6,10478014"
"202300017393";"2";"07";"2023";"12:10";"1";"74";"74104";"2";"1";"1";"3";"Route du pont monnet_";"45,77863600";"6,22285400"
"202300017394";"1";"08";"2023";"17:05";"1";"74";"74065";"2";"1";"8";"6";"route de saint-julien";"46,02919300";"5,96368800"
"202300017395";"26";"05";"2023";"08:00";"1";"29";"29260";"1";"1";"1";"5";"D67";"48,41763561";" -4,63761601"
"202300017396";"14";"10";"2023";"12:20";"1";"974";"97411";"2";"3";"1";"3";"CHAUDRON (BLD 2 DU)";" -20,89567000";"55,49484000"
"202300017397";"4";"10";"2023";"07:25";"1";"973";"97302";"2";"1";"1";"6";"BRASSE (LIEUTENANT)";"4,93614586";" -52,33344913"
"202300017398";"16";"10";"2023";"08:20";"1";"973";"97302";"2";"1";"1";"3";"GALMOT (AVENUE)";"4,93205551";" -52,32815444"
"202300017399";"15";"10";"2023";"21:55";"5";"973";"97302";"1";"1";"1";"2";"COLLERY (ZONE INDUSTRIELLE)";"4,90152000";" -52,32503000"
"202300017400";"10";"10";"2023";"16:30";"1";"973";"97302";"2";"1";"1";"3";"BECKER (LIEUTENANT)";"4,93858964";" -52,32715264"
"202300017401";"16";"10";"2023";"04:30";"5";"69";"69387";"2";"3";"1";"6";"Avenue Tony Garnier";"45,72576000";"4,84047000"
"202300017402";"15";"10";"2023";"03:05";"5";"972";"97213";"1";"1";"1";"6";"AUTOROUTE A1";"14,61822000";" -61,02675000"
"202300017403";"16";"10";"2023";"14:10";"1";"972";"97229";"1";"9";"1";"6";"FELIX EBOUE (IMPASSE)";"14,61912195";" -61,08323026"
"202300017404";"16";"10";"2023";"09:10";"1";"972";"97209";"2";"1";"1";"6";"DESENCLAVEMENT (RUE DU)";"14,62285000";" -61,05752000"
"202300017405";"10";"10";"2023";"17:08";"1";"69";"69034";"2";"3";"1";"6";"Avenue Jean Monnet";"45,78801000";"4,84334000"
"202300017406";"16";"10";"2023";"12:10";"1";"2B";"2B037";"1";"2";"1";"3";"RUE DES CYPRES";"42,59438000";"9,44263000"
"202300017407";"15";"10";"2023";"04:20";"2";"971";"97101";"1";"1";"2";"1";"JEAN  IGNACE (RUE) ";"16,24087000";" -61,52034000"
"202300017408";"14";"10";"2023";"10:05";"1";"971";"97101";"2";"1";"1";"2";"Frédéric JALTON";"16,27297000";" -61,50510000"
"202300017409";"13";"10";"2023";"16:35";"1";"971";"97101";"1";"9";"1";"6";"PALAIS ROYAL";"16,29193000";" -61,49518000"
"202300017410";"14";"10";"2023";"11:36";"1";"87";"87085";"2";"1";"2";"7";"CHATENET (RUE DU)";"45,87494000";"1,29266000"
"202300017411";"16";"10";"2023";"08:21";"1";"87";"87085";"2";"1";"1";"6";"GAGNANT (AVENUE JEAN)";"45,83395000";"1,27212000"
"202300017412";"16";"10";"2023";"12:37";"1";"84";"84031";"2";"2";"1";"2";"Route de Velleron";"44,02246000";"5,03617000"
"202300017413";"13";"10";"2023";"00:05";"3";"83";"83118";"1";"9";"1";"6";"ROUTE DES GOLFS";"43,44497000";"6,84556000"
"202300017414";"16";"10";"2023";"21:40";"3";"78";"78517";"1";"1";"1";"6";"RN 10";"48,63980000";"1,83935000"
"202300017415";"11";"10";"2023";"19:35";"2";"78";"78299";"2";"8";"1";"6";"BARRES (RUE DES)";"49,00120100";"1,89127400"
"202300017416";"16";"10";"2023";"14:58";"1";"78";"78498";"2";"4";"1";"3";"MALADRERIE AV DE LA";"48,91675500";"2,02416700"
"202300017417";"16";"10";"2023";"18:25";"5";"77";"77096";"2";"1";"1";"6";"D115";"48,48671000";"2,69634000"
"202300017418";"16";"10";"2023";"10:15";"1";"77";"77464";"2";"3";"1";"3";"D105B";"48,88301107";"2,71487732"
"202300017419";"14";"10";"2023";"02:25";"5";"76";"76351";"2";"3";"1";"6";"JULES SIEGFRIED";"49,49226000";"0,11026000"
"202300017420";"9";"10";"2023";"18:30";"1";"76";"76351";"2";"1";"1";"6";"JULES LECESNE (RUE)";"49,49280000";"0,12329000"
"202300017421";"6";"10";"2023";"21:20";"5";"76";"76351";"2";"2";"1";"3";"ARISTIDE BRIAND";"49,50088000";"0,14443000"
"202300017422";"6";"10";"2023";"19:30";"5";"76";"76351";"2";"1";"1";"6";"MONT GAILLARD (AVENUE DU)";"49,52509000";"0,11461000"
"202300017423";"16";"10";"2023";"14:50";"1";"74";"74010";"2";"1";"8";"5";"ROCADE (BOULEVARD DE LA)";"45,90999000";"6,11840000"
"202300017424";"16";"10";"2023";"19:05";"5";"73";"73008";"2";"1";"1";"4";"D1201 - ROOSEVELT FRANKLIN AVENUE";"45,70607000";"5,91096000"
"202300017425";"15";"10";"2023";"19:55";"2";"72";"72181";"2";"1";"1";"6";"MAILLETS (RUE DES) N° PAIRS 14 ET >";"48,01719000";"0,21772000"
"202300017426";"15";"10";"2023";"13:50";"1";"72";"72181";"2";"9";"1";"3";"DURAND GEORGES (AV) N° PAIRS 112 AU 164";"47,97730000";"0,21380000"
"202300017427";"16";"10";"2023";"14:55";"1";"71";"71118";"1";"6";"1";"3";"GIVRY (ROUTE)";"46,78054000";"4,79708000"
"202300017428";"16";"10";"2023";"15:45";"1";"69";"69256";"2";"2";"1";"6";"Avenue Salvador Allende";"45,78071000";"4,92348000"
"202300017429";"16";"10";"2023";"13:35";"1";"64";"64445";"2";"3";"1";"3";"EUROPE DE L'";"43,32912000";" -0,35256000"
"202300017430";"16";"10";"2023";"07:25";"2";"64";"64445";"2";"1";"8";"3";"HAUTERIVE";"43,32375000";" -0,35153000"
"202300017431";"10";"10";"2023";"20:01";"5";"64";"64024";"2";"9";"1";"1";"GUYNEMER (AVENUE)";"43,49910000";" -1,53962000"
"202300017432";"16";"10";"2023";"12:12";"1";"63";"63113";"2";"3";"1";"3";"CUGNOT (RUE NICOLAS-JOSEPH)";"45,78442000";"3,12356000"
"202300017433";"16";"10";"2023";"10:15";"1";"63";"63113";"2";"4";"1";"2";"CHANDIOTS (RUE DES)";"45,78849000";"3,11815000"
"202300017434";"14";"10";"2023";"01:00";"5";"62";"62178";"2";"1";"1";"6";"Rue des Frères Lumière";"50,49570453";"2,58207661"
"202300017435";"15";"10";"2023";"16:20";"1";"62";"62178";"2";"3";"1";"3";"Rue Emile Basly";"50,48961578";"2,52843118"
"202300017436";"7";"10";"2023";"16:40";"1";"62";"62643";"2";"2";"1";"3";"D236";"50,70668358";"1,58089194"
"202300017437";"16";"10";"2023";"22:30";"5";"59";"59155";"2";"1";"1";"6";"BERGUES CD 916 - ROUTE";"51,00519000";"2,38231000"
"202300017438";"15";"10";"2023";"11:30";"1";"59";"59178";"2";"1";"1";"6";"BAILLIENCOURT (RUE DE)";"50,38427000";"3,08196000"
"202300017439";"13";"10";"2023";"18:40";"2";"59";"59375";"1";"1";"1";"1";"CD 957";"50,39679417";"3,28352273"
"202300017440";"13";"10";"2023";"09:10";"1";"52";"52448";"2";"1";"7";"6";"RAOUL Laurent ( RUE )";"48,64444000";"4,96342000"
"202300017441";"14";"10";"2023";"12:08";"1";"51";"51454";"2";"1";"1";"6";"BIR HAKEIM (RUE)";"49,25558000";"4,02218000"
"202300017442";"16";"10";"2023";"17:30";"1";"51";"51506";"2";"1";"1";"6";"MOULIN A VENT (RUE DU)";"48,95929736";"4,38692453"
"202300017443";"16";"10";"2023";"15:25";"1";"49";"49007";"2";"1";"1";"6";"GARDOT";"47,46853000";" -0,53283000"
"202300017444";"16";"10";"2023";"13:45";"1";"49";"49007";"2";"1";"1";"3";"SAINT MICHEL BOULEVARD";"47,47368000";" -0,54007000"
"202300017445";"14";"10";"2023";"00:25";"3";"47";"47323";"1";"1";"1";"6";"LAS PARETS";"44,40247000";"0,77477000"
"202300017446";"16";"10";"2023";"21:00";"5";"46";"46042";"2";"1";"1";"6";"CLEMENCEAU (RUE GEORGES)";"44,44590000";"1,44320000"
"202300017447";"16";"10";"2023";"12:41";"1";"45";"45286";"1";"2";"1";"3";"Rue de la Cornaillère";"47,87039908";"1,93230513"
"202300017448";"6";"10";"2023";"08:50";"1";"45";"45234";"2";"2";"1";"3";"62 Rue Xaintrailles";"47,90675000";"1,89281000"
"202300017449";"16";"10";"2023";"15:25";"1";"43";"43251";"2";"9";"1";"3";"Avenue Jeanne d'Arc";"45,02615172";"3,88042688"
"202300017450";"15";"10";"2023";"20:11";"5";"43";"43046";"2";"1";"1";"2";"Boulevard de la Petite-mer";"45,06472000";"3,90695000"
"202300017451";"16";"10";"2023";"08:10";"1";"35";"35238";"1";"1";"1";"2";"RN136";"48,12801000";" -1,71258000"
"202300017452";"16";"10";"2023";"12:45";"1";"31";"31149";"2";"9";"1";"3";"RD PT TERRE ENVOL";"43,59482500";"1,32549400"
"202300017453";"15";"10";"2023";"14:45";"1";"31";"31555";"2";"1";"1";"2";"RTE DE NARBONNE";"43,57020000";"1,45516000"
"202300017454";"15";"10";"2023";"11:25";"1";"31";"31555";"2";"1";"1";"6";"RUE PIERRE CAZENEUVE";"43,62177000";"1,44570800"
"202300017455";"16";"10";"2023";"09:45";"1";"29";"29232";"2";"1";"1";"2";"Boulevard Louis le Guennec";"47,98013937";" -4,10369570"
"202300017456";"16";"10";"2023";"16:15";"1";"28";"28404";"2";"1";"7";"6";"BRUXELLES (RUE DE)";"48,71729000";"1,36938000"
"202300017457";"15";"10";"2023";"21:00";"5";"27";"27229";"2";"1";"1";"1";"SEMARD (RUE PIERRE)";"49,01623000";"1,16359000"
"202300017458";"16";"10";"2023";"09:55";"1";"25";"25204";"2";"3";"1";"2";"Grande rue";"46,92749000";"6,34712000"
"202300017459";"13";"10";"2023";"17:05";"1";"19";"19031";"2";"1";"1";"3";"Avenue Jean Charles Rivet";"45,15085000";"1,49927000"
"202300017460";"13";"10";"2023";"16:00";"1";"19";"19031";"2";"1";"1";"6";"RIVET (AVENUE JEAN CHARLES)";"45,15200662";"1,50343180"
"202300017461";"16";"10";"2023";"09:48";"1";"13";"13071";"2";"9";"1";"6";"TOTAL (RN 113 - LE TUNNEL)";"43,41000000";"5,31100000"
"202300017462";"2";"09";"2023";"18:05";"1";"13";"13077";"2";"6";"1";"6";"BOUC ANTOINE (rue)";"43,40691000";"4,98612000"
"202300017463";"16";"10";"2023";"18:30";"2";"13";"13213";"2";"3";"1";"5";"POILUS (AVENUE DES)";"43,32055000";"5,45832000"
"202300017464";"16";"10";"2023";"15:30";"1";"13";"13206";"2";"6";"1";"6";"BAILLE (BOULEVARD)";"43,28612000";"5,38430000"
"202300017465";"16";"10";"2023";"07:00";"2";"13";"13212";"2";"1";"1";"3";"WILLIAM BOOTH (AVENUE)";"43,29429889";"5,44195952"
"202300017466";"15";"10";"2023";"18:30";"1";"13";"13204";"2";"2";"1";"3";"FRANÇOISE DUPARC (BOULEVARD)";"43,30101000";"5,40066000"
"202300017467";"16";"10";"2023";"12:13";"1";"12";"12145";"2";"3";"1";"3";"GABRIAC JEAN (BOULEVARD)";"44,09146000";"3,06842000"
"202300017468";"16";"10";"2023";"19:53";"5";"75";"75115";"2";"1";"1";"3";"BOULEVARD DE VAUGIRARD";"48,84149400";"2,31870800"
"202300017469";"15";"10";"2023";"03:00";"5";"75";"75112";"2";"1";"1";"6";"AVENUE DU GENERAL MICHEL BIZOT";"48,83314200";"2,39879100"