"Num_Acc";"jour";"mois";"an";"hrmn";"lum";"dep";"com";"agg";"int";"atm";"col";"adr";"lat";"long"
"202300017470";"16";"10";"2023";"10:00";"1";"75";"75111";"2";"2";"1";"6";"RUE OBERKAMPF";"48,86265200";"2,36730800"
"202300017471";"16";"10";"2023";"10:20";"1";"75";"75111";"2";"3";"1";"3";"AVENUE DE LA REPUBLIQUE";"48,86418600";"2,38023900"
"202300017472";"16";"10";"2023";"14:10";"1";"75";"75108";"2";"1";"1";"6";"RUE D ARTOIS";"48,87397500";"2,30605900"
"202300017473";"16";"10";"2023";"12:55";"1";"75";"75115";"2";"2";"1";"6";"QUAI BRANLY";"48,85457700";"2,28884900"
"202300017474";"16";"10";"2023";"08:39";"1";"75";"75107";"2";"3";"8";"3";"QUAI D ORSAY";"48,86287145";"2,31519163"
"202300017475";"16";"10";"2023";"17:05";"1";"75";"75103";"2";"1";"1";"6";"BOULEVARD SAINT MARTIN";"48,86864800";"2,35767600"
"202300017476";"16";"10";"2023";"17:35";"1";"94";"94078";"2";"1";"1";"3";"208 Rue de Paris";"48,74041600";"2,44664700"
"202300017477";"15";"10";"2023";"15:30";"1";"94";"94015";"2";"3";"1";"3";"Avenue du Général Leclerc";"48,82934100";"2,51779800"
"202300017478";"16";"10";"2023";"14:25";"1";"94";"94046";"2";"1";"1";"3";"Rue Jean Jaurès";"48,79575800";"2,43370900"
"202300017479";"16";"10";"2023";"20:45";"5";"94";"94016";"2";"7";"1";"6";"Rue Guichard";"48,79412000";"2,33680000"
"202300017480";"16";"10";"2023";"08:30";"1";"94";"94041";"2";"1";"1";"3";"14 Rue de Châteaudun";"48,81574400";"2,36651200"
"202300017481";"9";"10";"2023";"19:00";"2";"94";"94073";"2";"1";"1";"2";"Rue du Docteur Marie";"48,74620000";"2,37175000"
"202300017482";"14";"10";"2023";"23:35";"5";"94";"94011";"2";"6";"1";"3";"Route de Stains";"48,77928000";"2,49230000"
"202300017483";"16";"10";"2023";"17:30";"1";"94";"94069";"2";"1";"1";"3";"Rue du Maréchal Leclerc";"48,81714000";"2,45367000"
"202300017484";"16";"10";"2023";"12:40";"1";"93";"93073";"2";"2";"1";"6";"Avenue Henri Barbusse / Rue Hector Berlioz";"48,95911000";"2,57247000"
"202300017485";"16";"10";"2023";"21:00";"5";"93";"93066";"2";"9";"1";"6";"Rue de la Legion d'Honneur";"48,93137212";"2,35686443"
"202300017486";"16";"10";"2023";"11:55";"1";"93";"93062";"2";"1";"1";"2";"Avenue de la Résistance";"48,89698300";"2,51534500"
"202300017487";"15";"10";"2023";"16:30";"1";"93";"93063";"2";"3";"1";"3";"Avenue Gaston Roussel / Rue Louise Dory";"48,89388000";"2,43452000"
"202300017488";"16";"10";"2023";"16:20";"1";"93";"93029";"2";"2";"1";"3";"Avenue Henri Barbusse / Rue Roger Gibrat";"48,91945000";"2,45052000"
"202300017489";"16";"10";"2023";"05:00";"5";"93";"93013";"2";"2";"1";"3";"Rue Edouard Vaillant / Rue Jean Moulin";"48,93584000";"2,43523300"
"202300017490";"15";"10";"2023";"06:40";"2";"93";"93047";"2";"3";"1";"3";"Boulevard Bargue / Avenue de Clichy-sous-bois";"48,90303000";"2,56226000"
"202300017491";"16";"10";"2023";"19:47";"2";"93";"93001";"2";"2";"1";"6";"Avenue de la République / Rue Guyard Delalain";"48,91126000";"2,38467600"
"202300017492";"1";"09";"2023";"23:10";"5";"92";"92078";"2";"9";"1";"3";"LONGUE BERTRANE (RUE)";"48,93070162";"2,32081890"
"202300017493";"16";"10";"2023";"16:45";"1";"92";"92073";"2";"3";"1";"6";"GAUCHERE (RUE DE LA)";"48,87220323";"2,22412097"
"202300017494";"16";"10";"2023";"10:10";"1";"92";"92024";"2";"1";"8";"6";"CASTERES (RUE)";"48,89948046";"2,30287170"
"202300017495";"16";"10";"2023";"16:49";"2";"92";"92012";"2";"1";"1";"1";"BILLANCOURT (RUE DE) 1/61 - 2/104";"48,83862851";"2,23615980"
"202300017496";"16";"10";"2023";"16:35";"1";"92";"92012";"2";"1";"1";"6";"JEAN JAURES (BOULEVARD) 63/215 - 70/208";"48,83837571";"2,24083400"
"202300017497";"16";"10";"2023";"10:00";"1";"92";"92012";"2";"1";"1";"6";"AGUESSEAU (RUE D') 91/FIN - 84/FIN";"48,83707824";"2,23787892"
"202300017498";"15";"10";"2023";"11:53";"1";"92";"92009";"2";"6";"1";"3";"CHEVREUL ( AVENUE )";"48,90741111";"2,26576692"
"202300017499";"16";"10";"2023";"18:20";"1";"35";"35175";"2";"1";"1";"6";"10 Rue Anne de Bretagne";"47,89662100";" -1,97297100"
"202300017500";"17";"10";"2023";"01:15";"3";"50";"50167";"1";"1";"1";"6";"Route d?Avranches";"48,68628900";" -1,46684900"
"202300017501";"14";"09";"2023";"16:30";"1";"12";"12300";"2";"1";"1";"6";"Route de Montauban";"44,36052500";"1,99618600"
"202300017502";"5";"07";"2023";"14:05";"1";"972";"97232";"2";"2";"1";"4";"rue jean jaures";"14,54446700";" -60,84086900"
"202300017503";"17";"10";"2023";"12:30";"1";"22";"22180";"1";"1";"1";"1";"RN 176 - PR : 23+300";"48,42521400";" -2,19848900"
"202300017504";"17";"10";"2023";"15:30";"1";"30";"30209";"1";"1";"1";"7";"D177 - PK +1.8";"44,00800300";"4,74193600"
"202300017505";"16";"10";"2023";"19:15";"3";"62";"62885";"1";"4";"1";"3";"Rue a l’Eau";"50,54302000";"2,34934700"
"202300017506";"15";"10";"2023";"01:00";"3";"77";"77406";"2";"1";"1";"6";"D222";"48,84274400";"3,19390400"
"202300017507";"16";"10";"2023";"01:36";"3";"61";"61349";"1";"1";"1";"6";"A88";"48,78545900";" -0,12502900"
"202300017508";"17";"10";"2023";"10:45";"1";"83";"83067";"1";"1";"8";"6";"D97";"43,33974800";"6,29601900"
"202300017509";"16";"10";"2023";"23:21";"3";"62";"62599";"1";"2";"1";"3";"N42";"50,73607602";"1,87528950"
"202300017510";"17";"10";"2023";"03:50";"3";"56";"56101";"1";"1";"1";"7";"N/A";"47,83521100";" -3,16878300"
"202300017511";"14";"10";"2023";"21:25";"5";"82";"82013";"2";"1";"1";"2";"Avenue de Gascogne";"43,87920400";"0,98204300"
"202300017512";"16";"10";"2023";"21:15";"3";"33";"33424";"1";"1";"1";"6";"D1215";"45,14026603";" -0,81788080"
"202300017513";"16";"10";"2023";"19:30";"3";"11";"11106";"2";"2";"1";"1";"89 Avenue Jean Jaurès";"43,23430300";"3,06402700"
"202300017514";"16";"10";"2023";"17:00";"1";"71";"71428";"1";"2";"1";"5";"D83";"46,19594800";"4,29826100"
"202300017515";"16";"10";"2023";"14:21";"1";"61";"61476";"1";"1";"1";"6";"D955";"48,35038800";"0,39733100"
"202300017516";"16";"10";"2023";"05:05";"3";"61";"61370";"1";"1";"1";"6";"D826 PR5+110";"48,55499500";" -0,63624100"
"202300017517";"16";"10";"2023";"17:00";"1";"47";"47186";"1";"1";"1";"7";"D436, PR 2+960";"44,23321304";"0,44945098"
"202300017518";"16";"10";"2023";"18:20";"1";"68";"68138";"2";"1";"1";"7";"Rue de Bettendorf";"47,58631000";"7,25699500"
"202300017519";"16";"10";"2023";"13:45";"1";"25";"25405";"1";"1";"1";"3";"D437";"46,82739600";"6,33489500"
"202300017520";"16";"10";"2023";"18:00";"1";"03";"03031";"1";"1";"1";"6";"Bornais";"46,41525700";"2,71851500"
"202300017521";"17";"10";"2023";"10:50";"1";"26";"26113";"1";"3";"1";"3";"RD543";"44,76794300";"5,35098600"
"202300017522";"20";"04";"2023";"19:40";"1";"13";"13106";"1";"1";"1";"2";"A7-Sens Lyon vers Marseille";"43,39238545";"5,35127638"
"202300017523";"17";"10";"2023";"07:40";"2";"72";"72042";"1";"9";"1";"3";"La Cave";"47,98138300";"0,56177300"
"202300017524";"20";"04";"2023";"09:15";"1";"69";"69199";"1";"1";"1";"4";"Autoroute 7";"45,69126000";"4,84534000"
"202300017525";"17";"10";"2023";"18:00";"1";"06";"06079";"2";"9";"1";"3";"873 Avenue de Cannes";"43,54735600";"6,93978100"
"202300017526";"24";"04";"2023";"09:15";"1";"69";"69290";"1";"1";"1";"2";"Autoroute 43 ";"45,69671000";"4,97894000"
"202300017527";"18";"03";"2023";"03:00";"3";"42";"42207";"1";"1";"1";"7";"A47";"45,48695358";"4,50418049"
"202300017528";"14";"10";"2023";"16:30";"1";"64";"64504";"2";"1";"1";"7";"Quartier Lehenbiscay";"43,30325000";" -1,58643500"
"202300017529";"17";"10";"2023";"07:40";"2";"73";"73162";"1";"3";"5";"6";"D1090";"45,61175200";"6,29112200"
"202300017530";"25";"04";"2023";"16:35";"1";"33";"33122";"1";"1";"1";"4";"AUTOROUTE A 63";"44,74455000";" -0,70406000"
"202300017531";"17";"10";"2023";"14:36";"1";"10";"10373";"1";"1";"1";"1";"N77";"48,20985300";"4,00702700"
"202300017532";"22";"04";"2023";"01:19";"3";"59";"59462";"1";"1";"1";"2";"AUTOROUTE A1";"50,50512061";"3,01817179"
"202300017533";"16";"10";"2023";"16:25";"1";"27";"27137";"1";"1";"1";"2";"d926";"48,74946700";"0,77777200"
"202300017534";"25";"04";"2023";"17:00";"1";"78";"78455";"1";"1";"1";"3";"A13";"48,86071300";"2,04720500"
"202300017535";"24";"04";"2023";"01:20";"5";"92";"92050";"1";"1";"1";"2";"A86";"48,90206507";"2,20316291"
"202300017536";"25";"04";"2023";"19:00";"1";"93";"93008";"1";"1";"1";"7";"AUTOROUTE A86";"48,91139887";"2,44020849"
"202300017537";"25";"04";"2023";"14:40";"1";"95";"95042";"1";"1";"1";"6";"N104";"49,06084000";"2,30989400"
"202300017538";"16";"10";"2023";"17:50";"1";"987";"98734";"2";"1";"1";"1";"PK 35.500 en face de Pizza Papy";" -17,71200000";" -149,50800000"
"202300017539";"25";"04";"2023";"07:55";"1";"93";"93066";"1";"1";"1";"5";"AUTOROUTE A1";"48,92253435";"2,35702102"
"202300017540";"16";"10";"2023";"11:31";"1";"19";"19085";"1";"1";"1";"2";"A89 - PK 222+500";"45,30726464";"1,83190731"
"202300017541";"25";"04";"2023";"07:05";"1";"93";"93066";"1";"1";"1";"2";"AUTOROUTE A1";"48,91977000";"2,35723243"
"202300017542";"17";"10";"2023";"07:50";"1";"26";"26057";"1";"1";"1";"2";"A 49 - PK : 059.500 / Sens GRENOBLE vers VALENCE";"45,02220800";"5,05054500"
"202300017543";"14";"10";"2023";"18:10";"1";"78";"78043";"1";"1";"1";"1";"Route de Fontenay";"48,83037400";"2,06924900"
"202300017544";"24";"04";"2023";"18:40";"1";"93";"93005";"1";"1";"1";"5";"AUTOROUTE A3";"48,95700911";"2,47337222"
"202300017545";"17";"10";"2023";"08:55";"1";"77";"77508";"2";"1";"1";"6";"boulevard de l'ouest";"48,81477100";"2,82637200"
"202300017546";"24";"04";"2023";"10:40";"1";"93";"93001";"1";"1";"1";"2";"AUTOROUTE A86";"48,92164654";"2,36690506"
"202300017547";"17";"10";"2023";"10:00";"1";"67";"67223";"1";"1";"1";"2";"A35 PK 411.200 sens STRASBOURG vers COLMAR";"48,50166000";"7,56908100"
"202300017548";"24";"04";"2023";"21:00";"3";"94";"94042";"1";"1";"2";"7";"A4";"48,82846891";"2,47633616"
"202300017549";"24";"04";"2023";"07:50";"1";"976";"97611";"2";"1";"1";"6";"kaweni-SPPM ( rue de la )";" -12,77049600";"45,22111620"
"202300017550";"24";"04";"2023";"14:15";"1";"94";"94043";"2";"1";"1";"6";"Avenue de Fontainebleau";"48,81251000";"2,36168000"
"202300017551";"15";"10";"2023";"12:50";"1";"987";"98725";"2";"6";"1";"3";"PK 9 - RT2 - rond point du Tahara, sens Mahina-Arue";" -17,55800000";" -149,47600000"
"202300017552";"24";"04";"2023";"20:55";"3";"974";"97411";"2";"1";"2";"7";"RN2/043";" -20,88793690";"55,50037622"
"202300017553";"16";"10";"2023";"15:40";"1";"987";"98719";"2";"1";"1";"3";"Village de RIKITEA";" -22,33400000";" -135,80200000"
"202300017554";"24";"04";"2023";"08:00";"1";"974";"97411";"2";"6";"1";"3";"ABATTOIR (RUE DE L')";" -20,87650000";"55,44236000"
"202300017555";"16";"10";"2023";"08:52";"1";"77";"77107";"1";"1";"1";"1";"Route Nationale 36";"48,66765400";"2,81125500"
"202300017556";"24";"04";"2023";"17:20";"1";"973";"97302";"2";"3";"2";"3";"ARON (ANDRE)";"4,94274000";" -52,31969000"
"202300017557";"24";"04";"2023";"14:25";"1";"973";"97302";"1";"1";"2";"2";"ROUTE NATIONALE 1";"4,89963000";" -52,32635000"
"202300017558";"15";"10";"2023";"21:15";"3";"77";"77354";"1";"3";"1";"3";"D605";"48,46910500";"2,85852100"
"202300017559";"24";"04";"2023";"12:50";"1";"973";"97302";"2";"2";"2";"3";"FELIX EBOUE(ROCADE)";"4,92962000";" -52,31509000"
"202300017560";"17";"10";"2023";"08:10";"1";"91";"91338";"1";"2";"1";"3";"D988 Rue de Chartres";"48,63772600";"2,06186200"
"202300017561";"24";"04";"2023";"09:30";"1";"973";"97302";"2";"2";"1";"6";"VOLTAIRE(AVENUE)";"4,94236000";" -52,32240000"
"202300017562";"16";"10";"2023";"17:45";"1";"11";"11426";"1";"1";"1";"7";"D 620";"43,28633200";"2,43959700"
"202300017563";"24";"04";"2023";"20:10";"2";"69";"69387";"2";"2";"1";"6";"Avenue Berthelot";"45,74743000";"4,83494000"
"202300017564";"24";"04";"2023";"15:50";"1";"69";"69386";"2";"3";"1";"3";"Avenue Thiers";"45,76628000";"4,86204000"
"202300017565";"24";"04";"2023";"08:00";"1";"69";"69387";"2";"3";"1";"6";"Rue Paul Duvivier";"45,74064000";"4,84859000"
"202300017566";"16";"10";"2023";"17:45";"1";"13";"13027";"1";"1";"8";"1";"D571";"43,90520500";"4,81488700"
"202300017567";"23";"04";"2023";"21:00";"5";"972";"97209";"1";"1";"1";"7";"PARADISIERS (AVENUE DES)";"14,62294000";" -61,03688000"
"202300017568";"24";"04";"2023";"07:15";"1";"971";"97120";"2";"1";"1";"6";"HANNE (BOULEVARD)";"16,24087000";" -61,53486000"
"202300017569";"22";"04";"2023";"22:20";"5";"971";"97120";"1";"1";"1";"7";"CHEMIN NEUF";"16,23036000";" -61,53129000"
"202300017570";"24";"04";"2023";"15:40";"1";"91";"91421";"2";"1";"1";"1";"DOCTEUR BESSON (RUE DU)";"48,69958000";"2,45453000"
"202300017571";"24";"04";"2023";"22:40";"5";"91";"91687";"2";"3";"2";"6";"NATIONALE 445 (ROUTE)";"48,65940000";"2,37278000"
"202300017572";"24";"04";"2023";"12:55";"1";"91";"91479";"2";"3";"1";"3";"AV ALEXANDRE DUMAS";"48,71137000";"2,35907000"
"202300017573";"24";"04";"2023";"09:37";"1";"91";"91479";"2";"3";"1";"3";"RUE MAXIMIL ROBESPIERRE";"48,70722000";"2,36163000"
"202300017574";"23";"04";"2023";"16:50";"1";"87";"87085";"2";"1";"1";"6";"LOCARNO (AVENUE)";"45,83668000";"1,27051000"
"202300017575";"24";"04";"2023";"08:00";"1";"83";"83137";"2";"1";"1";"6";"JOFFRE (BD MARECHAL)";"43,12387000";"5,95373000"
"202300017576";"23";"04";"2023";"13:50";"1";"76";"76351";"2";"4";"2";"3";"WINSTON CHURCHILL";"49,49272799";"0,13210952"
"202300017577";"24";"04";"2023";"20:33";"1";"69";"69290";"2";"3";"1";"6";"Rue Aristide Briand";"45,69049000";"4,93670000"
"202300017578";"23";"04";"2023";"10:40";"1";"67";"67482";"2";"3";"1";"3";"FOSSE DES ORPHELINS (RUE DU)";"48,57910200";"7,75548400"
"202300017579";"24";"04";"2023";"08:27";"1";"64";"64445";"2";"3";"1";"3";"PAIX";"43,32155000";" -0,36143000"
"202300017580";"24";"04";"2023";"07:45";"1";"64";"64445";"2";"2";"1";"3";"BEZIOU";"43,30740067";" -0,38017094"
"202300017581";"23";"04";"2023";"18:54";"1";"64";"64102";"2";"2";"1";"2";"BERNEDE (RUE)";"43,49335000";" -1,47570000"
"202300017582";"21";"04";"2023";"17:55";"1";"63";"63113";"2";"2";"1";"3";"MARGERIDE/ rue Roger Maerte";"45,75997000";"3,12230000"
"202300017583";"21";"04";"2023";"14:24";"1";"63";"63113";"2";"1";"1";"4";"CLEMENTEL (BD ETIENNE)";"45,81412000";"3,10993000"
"202300017584";"24";"04";"2023";"19:00";"1";"59";"59271";"2";"2";"1";"6";"MOULIN";"51,02328382";"2,30408067"
"202300017585";"20";"04";"2023";"19:50";"1";"58";"58194";"2";"3";"1";"1";"SAINT BENIN";"46,98689000";"3,14422000"
"202300017586";"20";"04";"2023";"18:04";"1";"58";"58194";"1";"1";"1";"6";"MARECHAL JUIN";"47,00450000";"3,15379000"
"202300017587";"22";"04";"2023";"04:30";"3";"56";"56121";"2";"1";"2";"7";"COSMAO-DUMANOIR ( BD )";"47,75369000";" -3,36943000"
"202300017588";"24";"03";"2023";"12:55";"1";"51";"51454";"2";"1";"3";"7";"rue du Bois d'Amour";"49,25680000";"4,00818000"
"202300017589";"21";"04";"2023";"19:30";"1";"49";"49099";"2";"6";"1";"2";"LECLERC (AVENUE DU MARECHAL)";"47,06657000";" -0,85896000"
"202300017590";"20";"04";"2023";"23:04";"4";"49";"49007";"2";"1";"1";"2";"RD 323";"47,47633000";" -0,55441000"
"202300017591";"24";"04";"2023";"18:00";"1";"44";"44109";"2";"1";"1";"3";"14 Rue de la Basse Chénaie";"47,23740000";" -1,50770000"
"202300017592";"21";"04";"2023";"03:55";"3";"44";"44055";"1";"1";"1";"2";"Route Bleue";"47,30246000";" -2,36979000"
"202300017593";"24";"04";"2023";"10:36";"1";"38";"38421";"2";"3";"8";"3";"RUE GEORGES SADOUL";"45,18615000";"5,76942000"
"202300017594";"24";"04";"2023";"14:20";"1";"37";"37261";"2";"1";"1";"7";"PASCAL (RUE BLAISE)";"47,38818339";"0,69311500"
"202300017595";"24";"04";"2023";"14:00";"1";"29";"29232";"1";"6";"1";"7";"Rond-Point de Kerustum";"47,97952500";" -4,09513400"
"202300017596";"20";"04";"2023";"08:30";"2";"22";"22113";"1";"1";"1";"3";"ROSPEZ (ROUTE DE)";"48,73216000";" -3,41315000"
"202300017597";"23";"04";"2023";"05:35";"5";"19";"19031";"2";"1";"1";"6";"BRUNE (BOULEVARD)";"45,15298000";"1,53493000"
"202300017598";"22";"04";"2023";"09:37";"1";"19";"19031";"2";"1";"1";"6";"BOUDY (RUE NOEL)  JUSQU'A N°  73 - 66";"45,15734000";"1,51557000"
"202300017599";"24";"04";"2023";"23:00";"5";"13";"13207";"2";"1";"1";"1";"COLONEL SEROT (AVENUE)";"43,26768000";"5,37195000"
"202300017600";"24";"04";"2023";"18:40";"1";"13";"13210";"2";"1";"1";"3";"COMTESSE LILY PASTRE (AVENUE)";"43,28332310";"5,42407646"
"202300017601";"24";"04";"2023";"14:30";"1";"06";"06069";"2";"1";"1";"2";"ORME (CHEMIN DE L')";"43,65154000";"6,94452000"
"202300017602";"23";"04";"2023";"21:00";"5";"06";"06027";"2";"1";"2";"5";"NICE AVENUE DE (RN7)";"43,65900000";"7,16300000"
"202300017603";"24";"04";"2023";"01:30";"5";"06";"06155";"2";"1";"1";"7";"LIBERTE AV.DE LA";"43,57224600";"7,08428800"
"202300017604";"20";"04";"2023";"16:55";"1";"04";"04070";"2";"4";"1";"2";"FRONT DE BLEONE (AV.)";"44,10271000";"6,22939000"
"202300017605";"23";"04";"2023";"06:40";"2";"75";"75115";"2";"1";"1";"2";"BD PERIPHERIQUE EXTERIEUR";"48,82665900";"2,29572000"
"202300017606";"24";"04";"2023";"02:10";"5";"75";"75106";"2";"2";"1";"6";"BOULEVARD SAINT GERMAIN";"48,85290100";"2,33699400"
"202300017607";"24";"04";"2023";"21:00";"5";"75";"75120";"2";"2";"2";"3";"RUE D AVRON";"48,85268800";"2,40611700"
"202300017608";"24";"04";"2023";"14:35";"1";"75";"75120";"2";"3";"1";"3";"AVENUE IBSEN";"48,86644900";"2,41263000"
"202300017609";"24";"04";"2023";"14:15";"1";"75";"75119";"2";"3";"1";"7";"PLACE DU COLONEL FABIEN";"48,87803000";"2,37068000"
"202300017610";"24";"04";"2023";"14:40";"1";"75";"75116";"2";"1";"1";"3";"AVENUE RAYMOND POINCARE";"48,86837900";"2,28566300"
"202300017611";"24";"04";"2023";"09:20";"1";"75";"75115";"2";"2";"1";"2";"RUE VIALA";"48,85069800";"2,29234200"
"202300017612";"23";"04";"2023";"15:10";"1";"75";"75115";"2";"1";"8";"6";"RUE LECOURBE";"48,84276800";"2,30303501"
"202300017613";"24";"04";"2023";"14:50";"1";"75";"75111";"2";"2";"8";"3";"BOULEVARD RICHARD LENOIR";"48,86190900";"2,37214300"
"202300017614";"24";"04";"2023";"18:05";"1";"75";"75110";"2";"2";"1";"3";"RUE DU FAUBOURG POISSONNIERE";"48,87579200";"2,34826400"
"202300017615";"24";"04";"2023";"09:20";"1";"75";"75110";"2";"1";"8";"6";"RUE JULIETTE DODU";"48,87463800";"2,36968100"
"202300017616";"24";"04";"2023";"09:55";"1";"75";"75108";"2";"3";"1";"2";"AVENUE DES CHAMPS ELYSEES";"48,87138700";"2,30256800"
"202300017617";"24";"04";"2023";"10:05";"1";"94";"94074";"2";"3";"8";"2";"Avenue Henri Barbusse / Rue de la Ferme de la Tour";"48,77018000";"2,44050000"
"202300017618";"23";"04";"2023";"22:10";"5";"94";"94068";"2";"2";"2";"3";"Avenue du Général Leclerc";"48,80761640";"2,50586128"
"202300017619";"24";"04";"2023";"14:30";"1";"94";"94076";"2";"1";"1";"3";"Boulevard Maxime Gorki";"48,79314000";"2,36926000"
"202300017620";"24";"04";"2023";"09:40";"1";"93";"93074";"1";"6";"1";"2";"Route Strategique / Av du Marechal de Lattre de Tassigny";"48,92445649";"2,57007712"
"202300017621";"19";"04";"2023";"21:00";"5";"92";"92073";"2";"1";"1";"6";"ROOSVELT (AVENUE FRANKLIN)";"48,87333236";"2,22146308"
"202300017622";"23";"04";"2023";"22:10";"5";"92";"92033";"2";"6";"2";"6";"HENRI BERGSON";"48,84135860";"2,17947990"
"202300017623";"24";"04";"2023";"11:13";"1";"92";"92051";"2";"1";"1";"6";"CHATEAU (BOULEVARD DU)";"48,88973600";"2,26815900"
"202300017624";"24";"04";"2023";"02:23";"5";"92";"92050";"2";"2";"1";"3";"STALINGRAD RUE DE";"48,89418000";"2,19585000"
"202300017625";"24";"04";"2023";"18:30";"1";"92";"92023";"2";"9";"2";"3";"PROVENCE (RUE DE)";"48,78748482";"2,24882975"
"202300017626";"24";"04";"2023";"17:20";"1";"92";"92002";"2";"6";"2";"3";"LEWISHAM (PLACE DE)";"48,75002000";"2,30875000"
"202300017627";"20";"04";"2023";"10:00";"1";"974";"97415";"2";"1";"1";"7";"Rue Leconte de Lisle";" -20,98351400";"55,33410600"
"202300017628";"22";"04";"2023";"14:20";"1";"67";"67372";"2";"9";"1";"3";"Rue de Strasbourg";"48,84215300";"7,61327900"
"202300017629";"23";"04";"2023";"10:30";"1";"71";"71320";"1";"1";"1";"6";"D980";"46,62978700";"4,46497700"
"202300017630";"24";"04";"2023";"12:58";"1";"84";"84043";"2";"1";"1";"2";"512 Avenue Jean Jaurès";"44,00198200";"4,92337200"
"202300017631";"25";"04";"2023";"09:40";"1";"22";"22048";"1";"1";"8";"1";"D794";"48,46850400";" -2,12884800"
"202300017632";"24";"04";"2023";"21:56";"3";"60";"60398";"1";"1";"2";"3";"Rd 4";"49,16273700";"2,28054300"
"202300017633";"25";"04";"2023";"19:00";"1";"76";"76320";"1";"4";"1";"6";"La barronnerie";"49,92000115";"1,48854822"
"202300017634";"15";"04";"2023";"14:35";"1";"83";"83148";"2";"3";"1";"6";"Avenue Charles Pellegrin";"43,42597800";"6,43063900"
"202300017635";"24";"04";"2023";"15:45";"1";"22";"22341";"1";"1";"1";"6";"RN 12 PR 024+600";"48,40362000";" -2,41264000"
"202300017636";"25";"04";"2023";"12:30";"1";"76";"76571";"1";"2";"1";"3";"D98";"49,57059695";"1,31692842"
"202300017637";"25";"04";"2023";"07:15";"2";"79";"79179";"1";"1";"5";"1";"N/A";"46,68953800";" -0,61968700"
"202300017638";"24";"04";"2023";"19:03";"1";"12";"12195";"1";"4";"1";"1";"RD32";"43,87029200";"2,75683300"
"202300017639";"8";"04";"2023";"09:30";"1";"12";"12208";"2";"1";"1";"6";"Route de lapeyre";"43,94775900";"2,89682900"
"202300017640";"24";"04";"2023";"18:50";"1";"39";"39191";"1";"1";"1";"6";"Tramelans";"46,81447100";"5,59316800"
"202300017641";"24";"04";"2023";"23:15";"3";"29";"29069";"1";"1";"1";"6";"Route de kervaly";"48,41007500";" -4,54501400"
"202300017642";"23";"04";"2023";"16:20";"1";"38";"38261";"2";"2";"2";"3";"route du bourg";"45,68428600";"5,46275300"
"202300017643";"21";"04";"2023";"15:45";"1";"72";"72156";"1";"9";"1";"3";"Route départementale 1";"48,10370600";"0,71763000"
"202300017644";"24";"04";"2023";"15:00";"1";"06";"06074";"1";"1";"1";"7";"M2565";"43,96162300";"7,30309700"
"202300017645";"24";"04";"2023";"09:53";"1";"50";"50181";"1";"1";"1";"6";"Le Bosq";"49,16329100";" -1,31864300"
"202300017646";"24";"04";"2023";"11:54";"1";"53";"53128";"2";"6";"1";"3";"D11";"47,94185700";" -1,08443900"
"202300017647";"24";"04";"2023";"17:11";"1";"04";"04209";"2";"1";"1";"6";"Avenue de la Libération";"44,19148900";"5,94508100"
"202300017648";"24";"04";"2023";"17:10";"1";"28";"28164";"1";"1";"1";"1";"N 154";"48,23525297";"1,78695917"
"202300017649";"24";"04";"2023";"13:30";"1";"973";"97307";"2";"3";"2";"3";"rue du polygone";"4,89502000";" -52,33071300"
"202300017650";"24";"04";"2023";"18:45";"1";"66";"66012";"2";"1";"1";"3";"N/A";"42,70363500";"2,82229500"
"202300017651";"25";"04";"2023";"09:06";"1";"69";"69019";"2";"3";"1";"2";"Avenue de Verdun";"46,10109000";"4,73403500"
"202300017652";"24";"04";"2023";"08:20";"1";"45";"45317";"1";"1";"1";"2";"A10 PR 126 + 9";"47,76432200";"1,56192500"
"202300017653";"24";"04";"2023";"19:14";"3";"973";"97305";"1";"1";"1";"1";"Route Nationale 1";"4,93984100";" -52,41130800"
"202300017654";"24";"04";"2023";"14:40";"1";"13";"13040";"2";"1";"1";"3";"le clos des chenes";"43,44690600";"5,55604600"
"202300017655";"23";"04";"2023";"12:40";"1";"41";"41220";"1";"1";"1";"1";"D925";"47,74340700";"1,64277800"
"202300017656";"25";"04";"2023";"20:15";"2";"2B";"2B134";"2";"1";"6";"6";"port de commerce";"42,64283400";"8,93631000"
"202300017657";"25";"04";"2023";"08:45";"1";"34";"34058";"1";"1";"1";"3";"M610";"43,66743500";"3,98700100"
"202300017658";"25";"04";"2023";"17:00";"1";"42";"42299";"1";"1";"1";"1";"Rue de Feurs";"45,62193200";"4,07826700"
"202300017659";"24";"04";"2023";"17:40";"1";"31";"31304";"1";"1";"1";"6";"D826";"43,58104400";"1,79514900"
"202300017660";"25";"04";"2023";"09:28";"1";"40";"40202";"2";"6";"3";"3";"Rue Alphonse Daudet";"43,70193200";" -1,01949700"
"202300017661";"24";"04";"2023";"18:30";"1";"22";"22093";"2";"1";"2";"6";"714 Rue de l'Etang";"48,50656900";" -2,60621100"
"202300017662";"24";"04";"2023";"22:30";"3";"76";"76563";"1";"1";"1";"6";"Route d'Oudalle";"49,51614400";"0,32766400"
"202300017663";"24";"04";"2023";"01:20";"4";"91";"91661";"1";"1";"1";"6";"AUTOROUTE A10";"48,70336900";"2,24879900"
"202300017664";"24";"04";"2023";"01:20";"3";"95";"95572";"1";"1";"1";"2";"N184";"49,03319521";"2,10962176"