"Num_Acc";"jour";"mois";"an";"hrmn";"lum";"dep";"com";"agg";"int";"atm";"col";"adr";"lat";"long"
"202300017665";"22";"04";"2023";"19:10";"1";"72";"72095";"2";"1";"1";"6";"EUROPE (PL DE L')";"48,02270000";"0,20793000"
"202300017666";"21";"04";"2023";"14:35";"1";"976";"97611";"2";"9";"1";"6";"m'tsapere-Nationale 2 (route)";" -12,80266000";"45,21383000"
"202300017667";"21";"04";"2023";"03:56";"3";"49";"49007";"1";"1";"1";"1";"ATLANTIQUE  AVENUE DE L'";"47,46484000";" -0,57586000"
"202300017668";"21";"04";"2023";"15:50";"1";"27";"27229";"2";"1";"1";"6";"JOSEPHINE (RUE)";"49,02377600";"1,14359160"
"202300017669";"20";"04";"2023";"23:45";"4";"63";"63032";"2";"1";"1";"6";"MONT-DORE (AVENUE DU)";"45,74759000";"3,07324000"
"202300017670";"20";"04";"2023";"13:00";"1";"75";"75112";"2";"1";"1";"2";"ECHANGEUR BERCY";"48,82725800";"2,39088400"
"202300017671";"20";"04";"2023";"13:00";"1";"75";"75120";"2";"3";"1";"6";"RUE DE BAGNOLET";"48,85702400";"2,39814500"
"202300017672";"20";"04";"2023";"17:55";"1";"93";"93046";"2";"3";"1";"5";"Avenue Aristide Briand / Avenue Camille Desmoulins";"48,91268000";"2,52260000"
"202300017673";"22";"04";"2023";"10:35";"1";"976";"97611";"2";"9";"1";"7";"kaweni-Mangrove (route de la)";" -12,76154500";"45,22628200"
"202300017674";"23";"04";"2023";"19:05";"5";"974";"97416";"2";"1";"1";"6";"HIPPOLYTE  PIOT (RUE)";" -21,29795000";"55,45276000"
"202300017675";"23";"04";"2023";"13:50";"1";"974";"97411";"2";"1";"1";"3";"RAIMBAULT (CHEMIN DU PERE)";" -20,91079000";"55,41099000"
"202300017676";"23";"04";"2023";"19:10";"5";"974";"97407";"2";"1";"1";"6";"COMMUNE DE PARIS (AVENUE)";" -20,93975000";"55,29109000"
"202300017677";"23";"04";"2023";"13:49";"1";"972";"97213";"1";"1";"1";"4";"Z I CALIFORNIE";"14,61828000";" -61,03065000"
"202300017678";"23";"04";"2023";"19:20";"5";"972";"97209";"2";"3";"1";"3";"REDOUTE (ROUTE DE LA)";"14,63034418";" -61,05504775"
"202300017679";"23";"04";"2023";"19:50";"5";"971";"97105";"2";"9";"1";"6";"BD GERTY ARCHIMEDE";"15,98926073";" -61,72694206"
"202300017680";"23";"04";"2023";"12:20";"1";"2A";"2A004";"2";"1";"1";"2";"MONTEE SAINT JEAN";"41,93144604";"8,73828828"
"202300017681";"22";"04";"2023";"18:30";"1";"83";"83009";"2";"2";"1";"3";"ESCOURCHE (BD DE L')";"43,13954600";"5,75664200"
"202300017682";"23";"04";"2023";"01:10";"5";"81";"81065";"2";"1";"2";"2";"VITTOZ (BD.RAYMOND)";"43,60262000";"2,24373000"
"202300017683";"23";"04";"2023";"19:00";"1";"78";"78401";"2";"1";"1";"6";"PONTOISE (ROUTE DE )";"49,01305000";"1,91675000"
"202300017684";"4";"07";"2023";"18:55";"1";"33";"33063";"2";"2";"1";"3";"Avenue de Mérignac";"44,83877000";" -0,62592000"
"202300017685";"5";"07";"2023";"10:30";"1";"32";"32013";"2";"1";"1";"6";"LEDRU ROLLIN (PLACE)";"43,64838000";"0,58728000"
"202300017686";"5";"07";"2023";"21:10";"1";"29";"29232";"2";"1";"1";"7";"Route de Pont l'Abbe";"47,97932008";" -4,12309242"
"202300017687";"5";"07";"2023";"13:45";"1";"29";"29019";"2";"1";"1";"2";"boulevard Tanguy Prigent";"48,40065000";" -4,52533000"
"202300017688";"19";"04";"2023";"05:45";"2";"74";"74010";"2";"3";"1";"3";"CRETE (DE LA)";"45,90915000";"6,10705000"
"202300017689";"23";"04";"2023";"04:50";"5";"69";"69276";"2";"1";"2";"3";"Route de Lyon";"45,68765414";"4,86151712"
"202300017690";"3";"06";"2023";"22:30";"5";"19";"19031";"2";"1";"1";"6";"RIBOT (AVENUE)";"45,16471000";"1,51696000"
"202300017691";"23";"04";"2023";"00:45";"4";"60";"60175";"2";"9";"1";"3";"N/A";"49,24626000";"2,47091000"
"202300017692";"23";"04";"2023";"14:40";"1";"59";"59009";"2";"1";"1";"3";"TOURNAI BOULEVARD DE";"50,61480000";"3,13951200"
"202300017693";"4";"07";"2023";"23:48";"3";"18";"18033";"1";"1";"2";"7";"Route de la Chapelle";"47,07197000";"2,33766000"
"202300017694";"23";"04";"2023";"06:00";"2";"54";"54184";"2";"3";"1";"3";"BRIGACHTAL (AVENUE DE)";"48,70303000";"6,22795000"
"202300017695";"23";"04";"2023";"21:32";"5";"54";"54254";"2";"1";"2";"6";"VICTOR HUGO (RUE)";"49,48877000";"5,80777000"
"202300017696";"23";"04";"2023";"15:07";"1";"51";"51172";"2";"3";"1";"3";"Rue de la Sentelle";"49,21533000";"4,04941000"
"202300017697";"5";"07";"2023";"23:25";"3";"17";"17415";"1";"1";"1";"4";"ROCADE SUD";"45,73001000";" -0,62934000"
"202300017698";"23";"04";"2023";"06:35";"2";"35";"35238";"1";"1";"3";"2";"RN 12";"48,12032000";" -1,72273000"
"202300017699";"17";"06";"2023";"11:20";"1";"15";"15014";"2";"6";"1";"4";"46 Avenue des Volontaires";"44,91513000";"2,44035000"
"202300017700";"23";"04";"2023";"12:00";"1";"29";"29232";"1";"3";"1";"5";"Route de Benodet";"47,95762000";" -4,08254000"
"202300017701";"16";"06";"2023";"10:20";"1";"15";"15014";"2";"1";"1";"4";"58 Avenue des Pupilles de la Nation";"44,91865000";"2,43852000"
"202300017702";"23";"04";"2023";"22:57";"5";"29";"29039";"1";"6";"1";"3";"la Boissière";"47,92122774";" -3,90096613"
"202300017703";"4";"07";"2023";"09:45";"1";"14";"14220";"2";"6";"1";"6";"2 Avenue de la République";"49,36042000";"0,08473000"
"202300017704";"23";"04";"2023";"20:40";"5";"25";"25056";"2";"4";"2";"6";"BELFORT RUE DE (inf144)";"47,24634100";"6,02564600"
"202300017705";"5";"07";"2023";"22:00";"5";"13";"13211";"2";"3";"1";"3";"SAINT MARCEL (BOULEVARD DE )";"43,28881301";"5,46134529"
"202300017706";"23";"04";"2023";"21:17";"5";"13";"13211";"2";"1";"1";"6";"SAINT LOUP (BOULEVARD DE)";"43,28539131";"5,44113557"
"202300017707";"4";"07";"2023";"15:11";"1";"06";"06027";"2";"1";"1";"6";"GARE AVENUE DE LA";"43,65864200";"7,14773100"
"202300017708";"23";"04";"2023";"05:45";"2";"13";"13206";"2";"1";"1";"2";"BOSSUET (RUE)";"43,28496000";"5,37940000"
"202300017709";"23";"04";"2023";"10:10";"1";"13";"13206";"2";"1";"1";"6";"LIEUTAUD (COURS)";"43,29270000";"5,38277000"
"202300017710";"5";"07";"2023";"17:20";"1";"75";"75120";"2";"1";"1";"3";"BD PERIPHERIQUE EXTERIEUR";"48,87252600";"2,41267600"
"202300017711";"23";"04";"2023";"00:50";"5";"13";"13211";"2";"3";"1";"1";"EMMANUEL ALLARD (RUE)";"43,29021000";"5,44121000"
"202300017712";"23";"04";"2023";"00:10";"5";"13";"13208";"2";"1";"1";"2";"MENDES FRANCE (AVENUE)";"43,25080000";"5,37567000"
"202300017713";"3";"07";"2023";"09:50";"1";"75";"75117";"2";"1";"1";"5";"PORTE DE CLICHY";"48,89910400";"2,31712400"
"202300017714";"22";"04";"2023";"19:45";"2";"09";"09122";"1";"1";"1";"7";"RD 117";"42,96710000";"1,59500100"
"202300017715";"23";"04";"2023";"16:30";"1";"07";"07186";"1";"1";"3";"7";"COTE DU BARON";"44,71215000";"4,59662000"
"202300017716";"5";"07";"2023";"08:50";"1";"75";"75120";"2";"1";"1";"5";"AVENUE DE LA PORTE DE BAGNOLET";"48,86491100";"2,41088700"
"202300017717";"22";"04";"2023";"17:00";"1";"988";"98818";"2";"3";"1";"3";"VDE/RUE ARNOLD DALY";" -22,26831000";"166,47268000"
"202300017718";"22";"04";"2023";"05:40";"3";"974";"97416";"1";"1";"1";"6";"RN2 (1)";" -21,34054000";"55,49352000"
"202300017719";"5";"07";"2023";"21:10";"1";"75";"75119";"2";"1";"1";"6";"AVENUE DE FLANDRE";"48,88626900";"2,37151900"
"202300017720";"22";"04";"2023";"07:50";"1";"974";"97416";"2";"3";"1";"3";"FOUR A CHAUX(RUE DU)";" -21,34320000";"55,47800000"
"202300017721";"21";"04";"2023";"09:00";"1";"974";"97407";"2";"1";"1";"6";"20 DECEMBRE 1948(AVENUE DU)";" -20,94195000";"55,29783000"
"202300017722";"22";"04";"2023";"17:55";"1";"973";"97302";"1";"1";"3";"7";"ZONE COLLERY I OU II";"4,90049000";" -52,32793000"
"202300017723";"5";"07";"2023";"09:30";"1";"75";"75119";"2";"9";"1";"3";"BOULEVARD D INDOCHINE";"48,88770300";"2,39596500"
"202300017724";"21";"04";"2023";"11:00";"1";"972";"97209";"2";"1";"1";"2";"ALEXANDRE NESTORET (RUE)";"14,62301000";" -61,08083000"
"202300017725";"22";"04";"2023";"09:30";"1";"971";"97113";"1";"9";"1";"6";"ROUTE DE PERINET-RD 119";"16,21073573";" -61,47802770"
"202300017726";"5";"07";"2023";"15:30";"1";"75";"75116";"2";"3";"1";"6";"RUE DE LA POMPE";"48,86500300";"2,27867000"
"202300017727";"22";"04";"2023";"02:10";"5";"2A";"2A004";"1";"9";"1";"3";"ALZO DI SOLE RCE";"41,92700000";"8,78200000"
"202300017728";"22";"04";"2023";"21:05";"3";"83";"83129";"2";"1";"1";"6";"AUDIBERT (RUE ET CH)";"43,09256777";"5,84848076"
"202300017729";"22";"04";"2023";"12:30";"1";"79";"79329";"1";"1";"1";"7";"N/A";"46,99212000";" -0,19561000"
"202300017730";"5";"07";"2023";"15:30";"1";"75";"75115";"2";"3";"1";"6";"RUE SAINT CHARLES";"48,84994800";"2,28840800"
"202300017731";"22";"04";"2023";"19:30";"1";"77";"77186";"2";"2";"1";"3";"D210";"48,41296000";"2,70686000"
"202300017732";"5";"07";"2023";"06:55";"1";"75";"75115";"2";"2";"1";"3";"BOULEVARD DE VAUGIRARD";"48,84047000";"2,31517600"
"202300017733";"11";"04";"2023";"17:25";"1";"77";"77333";"2";"1";"1";"6";"RUE DU SOUVENIR";"48,26757485";"2,69940617"
"202300017734";"21";"04";"2023";"16:10";"1";"71";"71270";"1";"3";"1";"3";"JULIENAS (ROUTE DE)";"46,27572000";"4,78625000"
"202300017735";"5";"07";"2023";"11:15";"1";"75";"75114";"2";"2";"1";"3";"AVENUE DU GENERAL LECLERC";"48,82328300";"2,32562000"
"202300017736";"5";"07";"2023";"19:50";"1";"75";"75111";"2";"3";"1";"3";"RUE DE LA ROQUETTE";"48,85894200";"2,38525000"
"202300017737";"23";"04";"2023";"01:15";"5";"69";"69266";"2";"3";"3";"4";"241 Cours Emile Zola";"45,76809000";"4,88727000"
"202300017738";"5";"07";"2023";"20:15";"1";"75";"75101";"2";"3";"1";"3";"RUE DE RIVOLI";"48,86470900";"2,32932800"
"202300017739";"11";"08";"2023";"08:20";"1";"28";"28313";"1";"3";"1";"3";"Intersection RD. 132 et RD. 17";"48,33843300";"1,74249700"
"202300017740";"4";"07";"2023";"23:18";"5";"75";"75101";"2";"2";"2";"3";"PLACE VENDOME";"48,86831900";"2,33024800"
"202300017741";"22";"04";"2023";"17:55";"1";"69";"69290";"2";"3";"1";"3";"Rue de l'Egalité";"45,69370000";"4,94635000"
"202300017742";"5";"07";"2023";"18:20";"1";"94";"94080";"2";"1";"1";"6";"Rue Saulpic";"48,84643039";"2,43576752"
"202300017743";"7";"08";"2023";"18:35";"1";"17";"17486";"1";"1";"1";"6";"D273";"46,00268800";" -1,34234800"
"202300017744";"11";"08";"2023";"11:05";"1";"48";"48080";"2";"1";"1";"6";"20 Boulevard Charles de Gaulle";"44,72632100";"3,85566700"
"202300017745";"4";"07";"2023";"20:50";"2";"94";"94043";"2";"1";"3";"3";"56 Rue de la Convention";"48,81233942";"2,35363036"
"202300017746";"21";"04";"2023";"23:23";"5";"69";"69259";"2";"3";"6";"1";"Avenue Pierre Cot";"45,70518459";"4,89623119"
"202300017747";"10";"08";"2023";"16:00";"1";"95";"95394";"2";"1";"1";"6";"D928";"49,06118900";"2,18921700"
"202300017748";"5";"07";"2023";"17:10";"1";"94";"94041";"2";"1";"1";"6";"Avenue de Verdun";"48,80734200";"2,37504300"
"202300017749";"11";"08";"2023";"01:10";"5";"69";"69244";"2";"4";"1";"6";"1 Route de Brignais";"45,75415100";"4,77011600"
"202300017750";"22";"04";"2023";"01:05";"5";"64";"64445";"2";"1";"1";"6";"LEON BLUM";"43,32067000";" -0,32702000"
"202300017751";"5";"07";"2023";"15:00";"1";"94";"94065";"1";"1";"1";"2";"N186B";"48,75377000";"2,35785000"
"202300017752";"11";"08";"2023";"02:45";"5";"06";"06018";"2";"1";"1";"7";"Chemin du Plan";"43,62193800";"7,10077300"
"202300017753";"23";"04";"2023";"02:58";"5";"64";"64102";"2";"1";"1";"6";"RUE DU ROYAL (BASTION)";"43,48723000";" -1,47445000"
"202300017754";"3";"07";"2023";"13:30";"1";"94";"94028";"2";"1";"1";"2";"voie DEPARTEMENTALE";"48,77964700";"2,45960000"
"202300017755";"10";"08";"2023";"17:20";"1";"30";"30189";"1";"1";"1";"2";"A54 PK  02+400";"43,80656600";"4,36110000"
"202300017756";"23";"04";"2023";"02:04";"3";"64";"64024";"2";"1";"1";"6";"EUGENE BERNAIN (AVENUE)";"43,48285000";" -1,51067000"
"202300017757";"16";"07";"2023";"08:30";"1";"987";"98722";"1";"1";"1";"2";"PK 36,800 - District de Hitiaa";" -17,59200000";" -149,39100000"
"202300017758";"4";"07";"2023";"10:20";"1";"94";"94019";"2";"1";"1";"3";"Route du Plessis";"48,79948224";"2,54609227"
"202300017759";"22";"04";"2023";"22:35";"5";"64";"64102";"2";"1";"1";"2";"AVRIL (AVENUE DU 14)";"43,50357000";" -1,46595000"
"202300017760";"3";"07";"2023";"09:10";"1";"94";"94017";"2";"1";"1";"2";"Rue du Chemin Vert";"48,81634000";"2,49969000"
"202300017761";"11";"08";"2023";"08:30";"1";"974";"97415";"2";"3";"1";"3";"Rte du Trou d?Eau";" -21,10791800";"55,25437500"
"202300017762";"22";"04";"2023";"18:15";"1";"64";"64024";"2";"1";"1";"3";"LAPORTE (AVENUE JEAN LEON)";"43,48467000";" -1,50246000"
"202300017763";"5";"07";"2023";"14:55";"1";"93";"93078";"2";"2";"1";"3";"Avenue de la Republique / Rue Pierre Curie";"48,94969000";"2,55678000"
"202300017764";"22";"04";"2023";"13:00";"1";"60";"60057";"2";"1";"2";"6";"Av du Pdt J Fitzgerald Kennedy";"49,43049700";"2,09149754"
"202300017765";"10";"08";"2023";"22:20";"3";"66";"66101";"1";"1";"1";"1";"RD 612";"42,62189700";"2,77385500"
"202300017766";"21";"04";"2023";"18:45";"1";"57";"57751";"1";"1";"1";"7";"NORROY LE VENEUR (RUE DE )";"49,16129000";"6,13938000"
"202300017767";"5";"07";"2023";"20:00";"1";"93";"93066";"2";"1";"1";"3";"Rue Francis de Pressensé";"48,92371129";"2,37153186"
"202300017768";"11";"08";"2023";"16:30";"1";"34";"34146";"1";"1";"1";"1";"Route du Mas des Caves";"43,68592800";"4,07684000"
"202300017769";"5";"07";"2023";"18:10";"1";"93";"93066";"2";"1";"1";"5";"Rue Ambroise Croizat";"48,93112772";"2,34977592"
"202300017770";"21";"04";"2023";"10:00";"1";"57";"57537";"2";"3";"1";"1";"FORBACH(VIEILLE ROUTE DE)";"49,19930298";"6,85660601"
"202300017771";"10";"08";"2023";"15:45";"1";"13";"13082";"2";"1";"1";"1";"Avenue de Lambesc";"43,66429400";"5,34004500"
"202300017772";"11";"08";"2023";"06:00";"2";"71";"71491";"1";"1";"1";"6";"RD 352 bis PK 3+800";"46,42837244";"4,07578826"
"202300017773";"5";"07";"2023";"09:05";"1";"93";"93066";"2";"1";"1";"3";"Avenue Lénine";"48,94343478";"2,36291081"
"202300017774";"10";"08";"2023";"20:05";"2";"52";"52447";"2";"1";"1";"7";"rue du Lac";"47,88229000";"5,25496200"
"202300017775";"21";"04";"2023";"17:30";"1";"56";"56098";"1";"1";"1";"4";"N/A";"47,78127000";" -3,34222000"
"202300017776";"5";"07";"2023";"09:50";"1";"93";"93055";"2";"3";"1";"3";"Avenue Jean Lolive / Rue Lépine";"48,89449000";"2,41975000"
"202300017777";"11";"08";"2023";"15:42";"1";"10";"10084";"1";"1";"1";"6";"D99";"48,41368800";"4,18048267"
"202300017778";"29";"07";"2023";"10:15";"1";"68";"68298";"2";"1";"2";"7";"Rue Clémenceau";"48,24335300";"7,16226500"
"202300017779";"4";"07";"2023";"23:45";"5";"93";"93050";"2";"2";"3";"3";"Rue Paul et Camille Thomoux / Avenue du General de Gaulle";"48,85709000";"2,53121000"
"202300017780";"21";"04";"2023";"11:55";"1";"51";"51454";"2";"2";"1";"1";"rue de Tinqueux";"49,24863000";"4,01272000"
"202300017781";"10";"08";"2023";"17:50";"1";"73";"73227";"1";"1";"8";"1";"D915";"45,44476300";"6,59881000"
"202300017782";"5";"07";"2023";"19:45";"1";"93";"93027";"2";"3";"1";"3";"Avenue Gabriel Péri / Avenue de la République";"48,92686140";"2,38969156"
"202300017783";"21";"04";"2023";"19:18";"2";"43";"43157";"2";"1";"1";"1";"9 Rue de Compostelle";"45,04024500";"3,87407000"
"202300017784";"5";"07";"2023";"12:30";"1";"92";"92073";"2";"2";"1";"3";"CARON (RUE ALBERT)";"48,86513300";"2,20859400"
"202300017785";"8";"08";"2023";"11:45";"1";"73";"73054";"1";"4";"1";"3";"RD902 / route de la foret";"45,64917800";"6,78725500"
"202300017786";"22";"04";"2023";"20:30";"5";"37";"37261";"2";"1";"8";"7";"GRAMMONT (AVENUE DE)";"47,38580000";"0,69088000"
"202300017787";"5";"07";"2023";"09:10";"1";"92";"92062";"2";"1";"1";"6";"CARTAULT (RUE)";"48,88196047";"2,23045242"
"202300017788";"9";"08";"2023";"12:00";"1";"38";"38276";"2";"1";"1";"5";"Route Departementale 1085";"45,55685300";"5,30519500"
"202300017789";"21";"04";"2023";"15:50";"1";"31";"31555";"2";"1";"1";"6";"ALL CHARLES DE FITTE";"43,59444700";"1,43348000"
"202300017790";"9";"08";"2023";"09:20";"1";"26";"26271";"2";"6";"1";"6";"Route de Valence";"45,01106600";"4,85031900"
"202300017791";"5";"07";"2023";"19:35";"1";"92";"92049";"2";"1";"1";"6";"GINOUX AV. HENRI N°1 A 95 ET 2 A 104";"48,81579000";"2,32082000"
"202300017792";"10";"08";"2023";"15:00";"1";"49";"49021";"1";"1";"1";"3";"D7";"47,42501000";" -0,23760100"
"202300017793";"5";"07";"2023";"11:50";"1";"92";"92020";"2";"1";"1";"3";"REPUBLIQUE AV. AUTRES N° ET METRO";"48,80529600";"2,29802000"
"202300017794";"21";"04";"2023";"18:12";"1";"31";"31555";"2";"1";"1";"1";"BD DE L EMBOUCHURE";"43,61309972";"1,42926872"
"202300017795";"4";"07";"2023";"17:46";"1";"92";"92036";"2";"1";"1";"1";"LOUIS CALMEL (RUE) (18/58)";"48,92585000";"2,29148000"
"202300017796";"10";"08";"2023";"14:10";"1";"61";"61382";"1";"2";"1";"3";"Voie Communale";"48,46098400";" -0,05780600"
"202300017797";"22";"04";"2023";"09:20";"1";"30";"30007";"2";"6";"1";"3";"Route de Bagnols";"44,12994000";"4,10615000"
"202300017798";"4";"07";"2023";"06:25";"1";"92";"92025";"2";"4";"1";"3";"ARGENTEUIL (AVENUE D')";"48,93748000";"2,25816000"
"202300017799";"7";"08";"2023";"18:10";"1";"56";"56151";"1";"3";"1";"3";"Guer Jouanic";"48,06840100";" -2,93628900"
"202300017800";"5";"07";"2023";"15:30";"1";"92";"92035";"2";"3";"1";"3";"National ( boulevard )";"48,90503000";"2,23908000"
"202300017801";"9";"08";"2023";"15:00";"1";"29";"29247";"2";"6";"7";"3";"Route de Fouesnant";"47,93280800";" -4,02064200"
"202300017802";"5";"07";"2023";"16:34";"1";"92";"92026";"2";"2";"1";"6";"PASTEUR (DE 44 A FIN)";"48,90403587";"2,26948893"
"202300017803";"9";"08";"2023";"16:20";"1";"59";"59053";"2";"1";"1";"3";"Rue de la Chaussée";"50,29277000";"3,78587600"
"202300017804";"5";"07";"2023";"01:38";"5";"92";"92024";"2";"1";"1";"4";"CLICHY (QUAI DE) DE (8 A 60)";"48,90816888";"2,29965359"
"202300017805";"9";"08";"2023";"15:52";"1";"13";"13215";"1";"1";"1";"3";"A7-Sens Lyon vers Marseille";"43,36896000";"5,36082000"
"202300017806";"5";"07";"2023";"11:30";"1";"92";"92012";"2";"1";"1";"3";"HEINRICH (RUE)";"48,82756000";"2,24563000"
"202300017807";"4";"07";"2023";"23:50";"5";"92";"92012";"2";"6";"2";"3";"MARCEL SEMBAT (PLACE)";"48,83376000";"2,24364000"
"202300017808";"9";"08";"2023";"10:10";"1";"33";"33122";"1";"1";"1";"4";"AUTOROUTE A 63";"44,73308000";" -0,72217000"
"202300017809";"4";"07";"2023";"19:40";"1";"92";"92004";"2";"2";"1";"3";"VOLTAIRE ( BD )";"48,91698000";"2,28815000"
"202300017810";"10";"08";"2023";"19:55";"1";"95";"95527";"1";"1";"1";"2";"N104";"49,02710520";"2,51444995"
"202300017811";"6";"07";"2023";"08:45";"1";"44";"44124";"1";"1";"1";"6";"";"47,59014200";" -1,11873300"
"202300017812";"10";"08";"2023";"17:50";"1";"94";"94079";"1";"1";"1";"4";"A4";"48,82799527";"2,52620846"
"202300017813";"6";"07";"2023";"08:35";"1";"22";"22049";"1";"1";"1";"1";"Route de L Arguenon";"48,54270100";" -2,21489300"
"202300017814";"2";"07";"2023";"16:50";"1";"36";"36077";"1";"1";"1";"6";"";"47,21213323";"1,53196441"
"202300017815";"10";"08";"2023";"11:30";"1";"94";"94017";"1";"1";"1";"3";"A4";"48,83020089";"2,49576700"
"202300017816";"28";"05";"2023";"14:00";"1";"50";"50165";"2";"1";"1";"3";"COUTANCES (ROUTE DE)";"48,84454000";" -1,58527000"
"202300017817";"5";"07";"2023";"06:20";"3";"974";"97414";"2";"1";"1";"6";"Avenue du Docteur Raymond Verges";" -21,29097400";"55,41390200"
"202300017818";"4";"02";"2023";"17:40";"2";"05";"05054";"2";"1";"1";"2";"Lieux dit Les BARRAQUES";"44,67433100";"6,07295600"
"202300017819";"5";"07";"2023";"17:30";"1";"62";"62571";"2";"3";"1";"1";"D940";"50,45836100";"1,61258200"
"202300017820";"13";"03";"2023";"17:43";"1";"69";"69132";"1";"3";"1";"3";"Route de Lyon";"45,66884000";"4,39560400"
"202300017821";"2";"07";"2023";"08:31";"1";"56";"56174";"1";"9";"1";"7";"La Gare";"47,86105200";" -2,87680400"
"202300017822";"6";"07";"2023";"02:45";"3";"31";"31150";"1";"6";"1";"6";"Route de Colomiers";"43,64095900";"1,33076700"
"202300017823";"23";"05";"2023";"16:40";"1";"19";"19031";"2";"1";"3";"2";"VOLTAIRE (BOULEVARD)";"45,15985000";"1,54067000"
"202300017824";"5";"07";"2023";"17:00";"1";"63";"63413";"1";"4";"2";"2";"D 797 /bretelle A75 (accès vers Montpellier)";"45,64981600";"3,17239900"
"202300017825";"10";"06";"2023";"09:15";"1";"92";"92023";"2";"2";"1";"3";"HEBERT (RUE)";"48,81161530";"2,27515966"
"202300017826";"6";"07";"2023";"20:00";"1";"76";"76618";"2";"1";"1";"7";"Rue Jeanne d?Arc";"49,95932010";"1,18807149"
"202300017827";"9";"06";"2023";"12:15";"1";"69";"69266";"1";"1";"1";"4";"Route Départementale 383 ";"45,76916499";"4,90350289"
"202300017828";"5";"07";"2023";"20:05";"1";"61";"61079";"1";"1";"1";"1";"RD 136";"48,24474200";"0,75808000"
"202300017829";"9";"08";"2023";"10:55";"1";"974";"97416";"1";"1";"1";"3";"ISAUTIER (AVENUE CHARLES)";" -21,32150000";"55,44919000"
"202300017830";"5";"07";"2023";"10:30";"1";"61";"61146";"2";"3";"1";"3";"D21 PR 41+365";"48,63271000";" -0,55244300"
"202300017831";"9";"08";"2023";"12:50";"1";"974";"97411";"2";"9";"1";"5";"JAURES (BOULEVARD JEAN)";" -20,88982135";"55,46394968"
"202300017832";"6";"07";"2023";"18:10";"1";"12";"12021";"1";"1";"7";"6";"Vabre-Tizac (Zone résidentielle)";"44,27703200";"2,12225000"
"202300017833";"6";"07";"2023";"09:50";"1";"39";"39365";"2";"1";"7";"6";"10 Route de Dole";"46,98339100";"5,59418800"
"202300017834";"9";"08";"2023";"12:00";"1";"974";"97411";"2";"4";"1";"1";"LECONTE DE LISLE (AVENUE)";" -20,89471000";"55,48662000"
"202300017835";"8";"08";"2023";"18:40";"5";"974";"97411";"2";"9";"1";"3";"MONTAGNE (ROUTE DE LA)";" -20,87693000";"55,44208000"
"202300017836";"6";"07";"2023";"16:35";"1";"44";"44036";"2";"1";"1";"3";"2 Avenue Quentin Miglioretti";"47,70755600";" -1,37745900"
"202300017837";"9";"08";"2023";"13:45";"1";"69";"69386";"2";"1";"1";"3";"Quai Charles de Gaulle";"45,78357000";"4,84908000"
"202300017838";"5";"07";"2023";"23:15";"3";"29";"29016";"1";"1";"1";"6";"keradennec";"48,29864000";" -3,94594800"
"202300017839";"4";"07";"2023";"17:30";"1";"29";"29160";"1";"3";"2";"3";"Lieu Dit Mendy Bihan";"48,47085200";" -4,39620900"
"202300017840";"8";"08";"2023";"17:00";"1";"972";"97209";"1";"1";"1";"4";"RD 41 (ROCADE)";"14,61466000";" -61,04734000"
"202300017841";"4";"07";"2023";"19:45";"1";"02";"02820";"1";"1";"1";"2";"";"49,62916400";"3,25369100"
"202300017842";"9";"08";"2023";"09:10";"1";"971";"97101";"1";"1";"1";"3";"RN05";"16,25654000";" -61,52073000"
"202300017843";"6";"07";"2023";"09:00";"1";"85";"85302";"1";"1";"1";"2";"A87 PK067.100 ";"46,94436300";" -0,95490000"
"202300017844";"9";"08";"2023";"11:37";"1";"2A";"2A004";"2";"1";"1";"3";"RECCO ABBE BOULEVARD";"41,93856000";"8,74113000"
"202300017845";"4";"07";"2023";"09:00";"1";"06";"06136";"2";"1";"1";"6";"D2204";"43,87784500";"7,44753200"
"202300017846";"5";"07";"2023";"17:00";"1";"45";"45329";"2";"3";"1";"3";"450 Route des Fontaines";"47,93526100";"2,99397600"
"202300017847";"8";"08";"2023";"16:20";"1";"95";"95539";"1";"9";"1";"3";"D301A3";"49,01236300";"2,35219002"
"202300017848";"5";"07";"2023";"20:00";"1";"18";"18015";"2";"1";"1";" -1";"21 Route de Sainte Montaine";"47,48908600";"2,43279600"
"202300017849";"3";"08";"2023";"02:50";"5";"83";"83137";"2";"1";"1";"6";"RESISTANCE (AVE / IMP DE LA)";"43,11471000";"5,94989000"
"202300017850";"5";"07";"2023";"15:25";"1";"10";"10401";"1";"1";"1";"3";"D619";"48,23811900";"4,44126100"
"202300017851";"5";"07";"2023";"15:55";"1";"07";"07269";"2";"1";"1";"3";"Rue de Crezenoux";"44,93619500";"4,38790600"
"202300017852";"5";"07";"2023";"19:25";"1";"07";"07296";"2";"1";"1";"7";"Route de Janicou";"44,56574300";"4,39273300"
"202300017853";"9";"08";"2023";"20:10";"1";"76";"76231";"2";"2";"1";"6";"Rue de la République";"49,29073000";"0,99983000"
"202300017854";"6";"07";"2023";"17:00";"1";"40";"40222";"1";"4";"1";"3";"carrefour route du pelerin du pélerin - D33";"43,62471400";" -1,21236900"
"202300017855";"9";"08";"2023";"09:30";"1";"74";"74012";"2";"9";"1";"7";"THONON (ROUTE DE)";"46,19345100";"6,25610700"
"202300017856";"6";"07";"2023";"15:20";"1";"13";"13050";"1";"3";"1";"1";"D572";"43,61751400";"5,26324500"
"202300017857";"6";"07";"2023";"13:00";"1";"13";"13050";"1";"1";"1";"1";"D7n";"43,67633400";"5,22815100"
"202300017858";"9";"08";"2023";"10:40";"1";"71";"71486";"2";"2";"1";"3";"GUILLAUME APOLLINAIRE (RUE)";"46,65592000";"4,33475000"