"Num_Acc";"jour";"mois";"an";"hrmn";"lum";"dep";"com";"agg";"int";"atm";"col";"adr";"lat";"long"
"202300018448";"17";"11";"2023";"22:10";"3";"54";"54149";"1";"1";"2";"6";"N 52";"49,42433000";"5,91164000"
"202300018449";"14";"03";"2023";"16:10";"1";"13";"13209";"2";"1";"1";"3";"LUMINY (AVENUE DE)";"43,23918474";"5,43667351"
"202300018450";"30";"05";"2023";"08:10";"1";"976";"97611";"1";"1";"1";"3";"vahibe-Departementale 3 ( route )";" -12,78750000";"45,16510000"
"202300018451";"17";"11";"2023";"10:45";"1";"54";"54451";"2";"1";"2";"2";"Rue de Cutry";"49,49800000";"5,75240000"
"202300018452";"13";"03";"2023";"16:30";"1";"13";"13002";"2";"1";"1";"1";"PROVENCE (AVENUE DE)";"43,32982000";"5,48444000"
"202300018453";"30";"05";"2023";"17:30";"1";"974";"97416";"1";"1";"1";"2";"RN3 (1)";" -21,31265000";"55,49532000"
"202300018454";"16";"11";"2023";"08:25";"2";"50";"50129";"2";"1";"3";"6";"EGLANTINES (ALLEE DES)";"49,63451000";" -1,56806000"
"202300018455";"29";"05";"2023";"17:20";"2";"974";"97411";"2";"1";"1";"6";"SAINT-FRANCOIS (RAIDILLON DE)";" -20,91874000";"55,45883000"
"202300018456";"14";"03";"2023";"13:30";"1";"13";"13063";"2";"1";"1";"3";"HUIT MAI 1945 AVENUE DU";"43,59697629";"5,00544166"
"202300018457";"15";"11";"2023";"12:30";"1";"50";"50129";"2";"2";"1";"3";"CONQUERANT (BOULEVARD GUILLAUME LE)";"49,64230000";" -1,63716000"
"202300018458";"30";"05";"2023";"19:40";"1";"69";"69388";"2";"1";"1";"3";"Route de Vienne";"45,73770000";"4,85243000"
"202300018459";"13";"03";"2023";"20:50";"5";"11";"11069";"2";"2";"3";"3";"22 Rue du Palais";"43,21566000";"2,35610000"
"202300018460";"30";"05";"2023";"08:20";"1";"69";"69388";"2";"8";"1";"6";"Boulevard des Etats-Unis";"45,73007000";"4,86717000"
"202300018461";"15";"11";"2023";"17:50";"2";"49";"49099";"2";"1";"1";"6";"BOUET (AVENUE FRANCIS)";"47,06029200";" -0,89018100"
"202300018462";"14";"03";"2023";"17:48";"1";"75";"75105";"2";"2";"8";"3";"QUAI DE LA TOURNELLE";"48,85110400";"2,35129200"
"202300018463";"29";"05";"2023";"11:50";"1";"971";"97101";"2";"1";"1";"2";"VIEUX BOURG";"16,24987000";" -61,52879000"
"202300018464";"17";"11";"2023";"08:48";"1";"49";"49007";"2";"2";"1";"6";"CHAUMIN BOULEVARD";"47,45062000";" -0,55285000"
"202300018465";"30";"05";"2023";"16:25";"1";"91";"91345";"2";"1";"1";"6";"RUE PASTEUR";"48,69156100";"2,29497300"
"202300018466";"14";"03";"2023";"10:30";"1";"75";"75118";"2";"5";"2";"6";"BOULEVARD NEY";"48,89844700";"2,35248200"
"202300018467";"16";"11";"2023";"19:16";"5";"45";"45232";"2";"5";"2";"3";"Avenue de Verdun ";"47,86861000";"1,91217000"
"202300018468";"30";"05";"2023";"09:30";"1";"91";"91377";"2";"9";"1";"7";"AV DE L EUROPE";"48,72688000";"2,27707000"
"202300018469";"17";"11";"2023";"19:10";"5";"43";"43041";"2";"1";"1";"7";"139 Avenue Charles Dupuy";"45,05279300";"3,91106800"
"202300018470";"14";"03";"2023";"07:50";"1";"75";"75117";"2";"4";"1";"2";"AVENUE DE WAGRAM";"48,88221000";"2,30117000"
"202300018471";"30";"05";"2023";"15:07";"1";"86";"86066";"2";"1";"1";"6";"Grand Rue de Chateauneuf";"46,81359000";"0,53250000"
"202300018472";"21";"12";"2023";"19:50";"3";"972";"97209";"1";"1";"1";"1";"AUTOROUTE (A1)";"14,61647000";" -61,04280000"
"202300018473";"14";"03";"2023";"08:25";"1";"75";"75117";"2";"1";"1";"3";"BOULEVARD DE COURCELLES";"48,88103800";"2,31417700"
"202300018474";"30";"05";"2023";"08:00";"1";"83";"83069";"2";"3";"1";"3";"TOULON RD 46 ( ROUTE DE )";"43,12593000";"6,09371000"
"202300018475";"21";"12";"2023";"07:45";"2";"69";"69389";"2";"6";"2";"6";"Rue de Saint-Cyr";"45,79972000";"4,81983000"
"202300018476";"17";"11";"2023";"05:00";"3";"42";"42184";"2";"6";"2";"1";"CHARLES DE GAULLE(AV)";"46,05081000";"4,06645000"
"202300018477";"14";"03";"2023";"12:15";"1";"75";"75116";"2";"3";"1";"3";"AVENUE VICTOR HUGO";"48,87296700";"2,29312300"
"202300018478";"21";"12";"2023";"09:15";"2";"2B";"2B033";"1";"6";"1";"6";"IMPERIALE - ROUTE";"42,66596000";"9,43944000"
"202300018479";"14";"11";"2023";"17:40";"5";"42";"42316";"2";"1";"2";"6";"Rue du Président Kennedy";"45,39955000";"4,25923000"
"202300018480";"14";"03";"2023";"16:50";"1";"75";"75113";"2";"5";"1";"6";"RUE NEUVE TOLBIAC";"48,83223200";"2,37976500"
"202300018481";"22";"12";"2023";"15:10";"1";"971";"97101";"1";"1";"1";"3";"RN1 ROCADE DE CHAUVEL";"16,24881000";" -61,52777000"
"202300018482";"14";"11";"2023";"08:49";"1";"38";"38053";"2";"1";"2";"6";"Rue de Belle-Rive";"45,59722000";"5,29403000"
"202300018483";"30";"05";"2023";"10:00";"1";"77";"77058";"2";"1";"1";"3";"EUROPE (AVENUE DE L' )";"48,83129700";"2,71205300"
"202300018484";"22";"12";"2023";"10:50";"1";"971";"97101";"1";"1";"1";"2";"DESRAVINIERES";"16,27973000";" -61,49107000"
"202300018485";"14";"03";"2023";"09:40";"1";"75";"75112";"2";"3";"2";"3";"BOULEVARD DE LA BASTILLE";"48,84878500";"2,36798400"
"202300018486";"23";"12";"2023";"00:10";"5";"2A";"2A004";"2";"1";"1";"7";"ACQUALONGA CHEMIN";"41,95473000";"8,77470000"
"202300018487";"17";"11";"2023";"22:48";"5";"37";"37261";"2";"2";"1";"3";"DANIEL MAYER";"47,41887000";"0,68139000"
"202300018488";"30";"05";"2023";"09:00";"1";"76";"76540";"2";"2";"1";"3";"Rue Martainville";"49,43809000";"1,10509000"
"202300018489";"14";"03";"2023";"18:50";"5";"75";"75110";"2";"2";"2";"7";"BOULEVARD DE MAGENTA";"48,87491500";"2,35730200"
"202300018490";"29";"05";"2023";"18:10";"1";"76";"76351";"2";"1";"1";"6";"JENNER (TUNNEL)";"49,50814000";"0,13614000"
"202300018491";"21";"12";"2023";"16:35";"1";"91";"91691";"2";"1";"1";"3";"CONCY(RUE)";"48,70737000";"2,48102000"
"202300018492";"14";"03";"2023";"09:50";"1";"75";"75110";"2";"1";"3";"1";"RUE DES PETITS HOTELS";"48,87750300";"2,35285500"
"202300018493";"16";"11";"2023";"13:30";"1";"37";"37214";"2";"2";"2";"3";"TONNELE (RUE)";"47,40004000";"0,66600000"
"202300018494";"27";"05";"2023";"09:16";"1";"76";"76351";"2";"1";"1";"3";"PAUL BERT (AVENUE).";"49,50703000";"0,16933000"
"202300018495";"21";"12";"2023";"08:10";"2";"91";"91114";"2";"1";"1";"3";"AV PIERRE PROST";"48,69694000";"2,49743000"
"202300018496";"14";"03";"2023";"08:50";"1";"75";"75108";"2";"1";"1";"6";"AVENUE WINSTON CHURCHILL";"48,86624200";"2,31384300"
"202300018497";"13";"03";"2023";"12:10";"1";"75";"75108";"2";"2";"1";"6";"RUE DE BERRI";"48,87420300";"2,30743000"
"202300018498";"17";"11";"2023";"10:40";"1";"35";"35238";"2";"2";"1";"3";"PATTON (AVENUE DU GENERAL SIR GEORGES)";"48,13504000";" -1,65960000"
"202300018499";"22";"12";"2023";"15:50";"1";"91";"91326";"2";"1";"2";"6";"REPUBLIQUE (AVENUE DE LA)";"48,68800000";"2,37720000"
"202300018500";"27";"05";"2023";"03:24";"5";"76";"76351";"2";"2";"1";"6";"LENINGRAD (BD DE)";"49,49875000";"0,15911000"
"202300018501";"26";"05";"2023";"16:50";"1";"76";"76351";"1";"1";"1";"7";"FELIX FAURE";"49,50069000";"0,10763000"
"202300018502";"13";"03";"2023";"19:00";"2";"75";"75104";"2";"2";"2";"3";"RUE DE LA CERISAIE";"48,85175100";"2,36701100"
"202300018503";"16";"11";"2023";"23:00";"5";"35";"35238";"2";"2";"1";"3";"LORIENT (DE)";"48,10716000";" -1,72383000"
"202300018504";"22";"12";"2023";"21:05";"3";"89";"89287";"1";"2";"2";"3";"NEMOURS (ROUTE)";"48,18276000";"3,22467000"
"202300018505";"30";"05";"2023";"19:55";"1";"73";"73008";"2";"1";"1";"6";"FERRIE GENERAL RUE";"45,67636810";"5,90708255"
"202300018506";"14";"03";"2023";"08:30";"1";"94";"94046";"2";"1";"2";"2";"Avenue du Général Leclerc";"48,81378028";"2,42590007"
"202300018507";"16";"11";"2023";"18:40";"5";"35";"35238";"2";"3";"1";"6";"TILLON (AVENUE CHARLES)";"48,12620000";" -1,69322000"
"202300018508";"21";"12";"2023";"20:10";"3";"89";"89024";"1";"1";"2";"2";"R.N.6";"47,82060000";"3,57909000"
"202300018509";"26";"05";"2023";"19:05";"1";"68";"68066";"2";"1";"1";"3";"INGERSHEIM (ROUTE D')";"48,08358257";"7,34917760"
"202300018510";"30";"05";"2023";"17:00";"1";"67";"67482";"2";"1";"1";"6";"LAVOISIER (RUE)";"48,60400000";"7,71720000"
"202300018511";"14";"03";"2023";"18:00";"1";"94";"94065";"2";"3";"1";"6";"Rue des Solets / Rue d'Arcueil";"48,74438000";"2,35860000"
"202300018512";"21";"12";"2023";"05:00";"5";"87";"87114";"2";"2";"2";"6";"BLUM (AVENUE LEON-)";"45,83237000";"1,30367000"
"202300018513";"16";"11";"2023";"18:05";"5";"35";"35238";"2";"1";"1";"3";"SAINT-HELIER";"48,10629000";" -1,66755000"
"202300018514";"29";"05";"2023";"17:00";"1";"67";"67482";"2";"1";"1";"2";"MICHEL ANGE (RUE)";"48,56438000";"7,72367000"
"202300018515";"20";"12";"2023";"16:28";"1";"87";"87085";"2";"1";"1";"7";"GOUJAUD (QUAI LOUIS)";"45,82832000";"1,26925000"
"202300018516";"14";"03";"2023";"12:30";"1";"94";"94021";"2";"3";"2";"2";"Avenue de Stalingrad";"48,76540700";"2,36813900"
"202300018517";"16";"11";"2023";"18:00";"4";"35";"35051";"2";"1";"1";"2";"ALLIES (BOULEVARD DES)";"48,12070000";" -1,62065000"
"202300018518";"22";"12";"2023";"19:25";"1";"86";"86066";"2";"1";"2";"6";"Av du Mal de Lattre de Tassigny";"46,81752000";"0,53058000"
"202300018519";"30";"05";"2023";"20:05";"1";"64";"64129";"2";"6";"1";"3";"BAYONNE DE";"43,30489000";" -0,40116000"
"202300018520";"21";"12";"2023";"18:05";"5";"85";"85191";"2";"1";"1";"6";"83 Boulevard édouard branly";"46,67731000";" -1,44028000"
"202300018521";"30";"05";"2023";"07:55";"1";"64";"64445";"2";"3";"1";"3";"SERGENT BERNES CAMBOT DU";"43,30770000";" -0,36950000"
"202300018522";"15";"11";"2023";"17:30";"2";"34";"34301";"2";"1";"1";"3";"VERDUN (BOULEVARD DE)";"43,41150000";"3,68050000"
"202300018523";"14";"03";"2023";"12:20";"1";"93";"93078";"2";"2";"1";"3";"D40 / Mail des Peupliers";"48,97639047";"2,51310153"
"202300018524";"15";"09";"2023";"09:35";"1";"33";"33281";"1";"1";"1";"4";"ROCADE A 630";"44,84798500";" -0,66932100"
"202300018525";"29";"05";"2023";"15:55";"1";"64";"64102";"2";"1";"1";"7";"BARTHES (CHEMIN DES)";"43,49277000";" -1,49561000"
"202300018526";"17";"11";"2023";"22:10";"5";"34";"34172";"2";"1";"1";"7";"BUGAREL (RUE DE";"43,59222000";"3,85146000"
"202300018527";"22";"12";"2023";"21:50";"3";"84";"84007";"2";"1";"1";"6";"CABRIERE ( Avenue de la )";"43,92881000";"4,81279000"
"202300018528";"14";"03";"2023";"08:00";"1";"77";"77291";"1";"1";"2";"3";"Aeroport Charles de Gaulle";"49,00547000";"2,59291000"
"202300018529";"30";"05";"2023";"03:25";"5";"59";"59090";"2";"1";"1";"6";"BOIS D'ACHELLES (RUE DU)";"50,72226000";"3,12276000"
"202300018530";"15";"09";"2023";"21:45";"3";"91";"91161";"1";"1";"1";"3";"AUTOROUTE A6";"48,70112000";"2,30934000"
"202300018531";"17";"11";"2023";"16:30";"1";"33";"33063";"2";"9";"1";"6";"Cours de la Marne";"44,82861818";" -0,56285352"
"202300018532";"22";"12";"2023";"14:00";"1";"83";"83137";"2";"3";"1";"3";"PICOT (AVE DU COLONEL)";"43,12865000";"5,96644000"
"202300018533";"14";"03";"2023";"16:50";"1";"93";"93070";"2";"1";"2";"5";"Avenue Michelet";"48,90805000";"2,34416000"
"202300018534";"30";"05";"2023";"16:45";"1";"59";"59343";"2";"1";"1";"3";"DREVE RUE DE LA";"50,57598000";"3,09940000"
"202300018535";"28";"05";"2023";"15:35";"1";"59";"59156";"1";"1";"1";"6";"SENSEE (RUE DE LA)";"50,33326000";"3,06064000"
"202300018536";"17";"11";"2023";"13:45";"1";"31";"31555";"2";"1";"1";"6";"MURET (AV DE) DU 1AU 134";"43,58405073";"1,42744079"
"202300018537";"15";"09";"2023";"17:50";"1";"91";"91617";"1";"1";"1";"3";"RN 104";"48,63157000";"2,51775000"
"202300018538";"13";"03";"2023";"19:00";"1";"93";"93031";"2";"1";"1";"6";"Avenue Jean Jaurès";"48,95725500";"2,32173100"
"202300018539";"28";"05";"2023";"20:00";"1";"57";"57508";"2";"1";"1";"6";"LECLERC (RUE)";"49,34381000";"6,05161000"
"202300018540";"21";"12";"2023";"22:00";"5";"83";"83137";"2";"3";"1";"3";"CHURCHILL (AVE WINSTON)";"43,12453000";"5,92612000"
"202300018541";"17";"11";"2023";"06:30";"5";"25";"25056";"2";"1";"2";"1";"VESOUL RUE DE (sup 52)";"47,25674000";"6,01219000"
"202300018542";"26";"05";"2023";"10:55";"1";"57";"57672";"2";"1";"1";"6";"LUXEMBOURG (PLACE DU)";"49,35885000";"6,17014000"
"202300018543";"14";"03";"2023";"13:30";"1";"93";"93013";"2";"2";"8";"3";"Avenue de la Division Leclerc / Rue de l'Abbé Niort";"48,94056569";"2,43103801"
"202300018544";"15";"09";"2023";"15:30";"1";"91";"91345";"1";"1";"1";"3";"AUTOROUTE A6";"48,68972000";"2,32391000"
"202300018545";"21";"12";"2023";"12:00";"1";"83";"83137";"2";"9";"1";"3";"RIVIERE NEUVE (QUAI DE LA)";"43,13058012";"5,90306810"
"202300018546";"28";"05";"2023";"08:25";"1";"56";"56107";"2";"1";"1";"6";"Rue Ar Menez";"47,71315000";" -3,38917000"
"202300018547";"17";"11";"2023";"18:22";"5";"24";"24037";"2";"6";"1";"1";"VARSOVIE (BOULEVARD DE OU DU 8 MAI 1945)";"44,85344000";"0,48855000"
"202300018548";"14";"03";"2023";"07:00";"1";"93";"93013";"2";"3";"1";"6";"Rue Etienne Dolet / Avenue Jean Jaurès";"48,93146000";"2,42812000"
"202300018549";"26";"05";"2023";"23:11";"5";"56";"56121";"2";"1";"1";"2";"DE GAULLE ( AVE DU GENERAL )";"47,74212000";" -3,37054000"
"202300018550";"14";"09";"2023";"19:10";"1";"92";"92036";"1";"1";"1";"2";"A86";"48,93440186";"2,28032461"
"202300018551";"14";"03";"2023";"16:00";"1";"93";"93007";"2";"1";"1";"6";"Avenue Pasteur";"48,93876774";"2,47268864"
"202300018552";"20";"12";"2023";"19:10";"3";"80";"80724";"1";"1";"2";"1";"R.D 138";"49,85981000";"2,22866000"
"202300018553";"13";"11";"2023";"17:00";"2";"24";"24037";"2";"6";"2";"5";"RD 936";"44,83546000";"0,45067000"
"202300018554";"29";"05";"2023";"18:35";"1";"51";"51108";"2";"6";"1";"3";"THEROIGNE DE MERICOURT (rue Anne Josephe";"48,97769000";"4,35601000"
"202300018555";"14";"09";"2023";"18:30";"1";"92";"92019";"1";"1";"1";"2";"RN385";"48,77623152";"2,23440873"
"202300018556";"14";"03";"2023";"13:04";"1";"93";"93001";"2";"1";"1";"3";"Rue de Saint-gobain";"48,91255900";"2,36993600"
"202300018557";"14";"03";"2023";"13:15";"1";"92";"92046";"2";"1";"1";"3";"PIERRE LAROUSSE (AVENUE)";"48,82159000";"2,30442000"
"202300018558";"14";"09";"2023";"08:15";"1";"78";"78490";"1";"1";"1";"3";"RN12 EXT";"48,80042900";"1,95494400"
"202300018559";"28";"05";"2023";"10:47";"1";"51";"51108";"2";"6";"1";"3";"ROND POINT DES CRAYERES";"48,95438000";"4,33346000"
"202300018560";"13";"11";"2023";"21:00";"5";"24";"24037";"2";"3";"2";"1";"CHANZY (BOULEVARD)";"44,85334000";"0,49387000"
"202300018561";"12";"03";"2023";"18:50";"5";"92";"92064";"2";"4";"1";"6";"CARNOT";"48,84658300";"2,22352700"
"202300018562";"29";"05";"2023";"02:27";"3";"49";"49267";"2";"6";"1";"6";"HAUTE BANCHAIS";"47,48573000";" -0,51144000"
"202300018563";"14";"03";"2023";"08:20";"1";"92";"92048";"2";"1";"1";"6";"JEAN JAURES (AVENUE) N° 8 A 72";"48,80990000";"2,24290000"
"202300018564";"16";"11";"2023";"18:00";"5";"22";"22187";"2";"1";"8";"1";"CHALUTIER SANS PITIE (Avenue du)";"48,53319000";" -2,75936000"
"202300018565";"30";"05";"2023";"08:55";"1";"43";"43157";"1";"1";"1";"7";"R.N 88";"45,04843200";"3,90252400"
"202300018566";"22";"12";"2023";"07:50";"5";"78";"78502";"2";"1";"2";"6";"VERSAILLES (ROUTE DE)";"48,87942100";"2,10868100"
"202300018567";"15";"09";"2023";"20:30";"3";"77";"77438";"1";"1";"1";"6";"A104";"48,86278071";"2,66799677"
"202300018568";"14";"03";"2023";"17:46";"1";"92";"92019";"2";"1";"1";"6";"DIVISION LECLERC (AVENUE DE LA)";"48,76401000";"2,27094000"
"202300018569";"17";"11";"2023";"18:25";"1";"16";"16166";"2";"1";"2";"6";"REPUBLIQUE (AVENUE DE LA)";"45,66321900";"0,19276200"
"202300018570";"30";"05";"2023";"12:40";"1";"38";"38151";"2";"6";"1";"3";"AVENUE DE L'INDUSTRIE";"45,13502000";"5,71424000"
"202300018571";"22";"12";"2023";"05:45";"3";"77";"77438";"2";"1";"2";"2";"LAGNY (ROUTE DE)";"48,86121000";"2,66508000"
"202300018572";"15";"09";"2023";"17:30";"1";"94";"94028";"1";"1";"1";"2";"A86";"48,78165178";"2,44112328"
"202300018573";"13";"03";"2023";"12:55";"1";"92";"92004";"2";"1";"1";"3";"GRESILLONS ( AVENUE DES  )";"48,91667420";"2,30597422"
"202300018574";"30";"05";"2023";"08:40";"1";"37";"37122";"1";"1";"1";"6";"RD 37";"47,34076000";"0,65956000"
"202300018575";"17";"11";"2023";"13:52";"1";"16";"16015";"2";"1";"1";"6";"BRETAGNE (BOULEVARD DE)";"45,66007000";"0,14351000"
"202300018576";"14";"03";"2023";"12:10";"1";"11";"11424";"2";"1";"2";"6";"N/A";"42,95376800";"2,03124800"
"202300018577";"22";"12";"2023";"15:26";"1";"77";"77284";"2";"1";"1";"3";"CONCORDE (AVENUE DE LA)";"48,95130000";"2,91041000"
"202300018578";"15";"09";"2023";"16:00";"1";"77";"77053";"1";"1";"1";"7";"RN104";"48,68174000";"2,60388000"
"202300018579";"30";"05";"2023";"09:10";"1";"37";"37261";"2";"6";"1";"3";"DASSAULT (AVENUE MARCEL)";"47,36422000";"0,68446000"
"202300018580";"16";"11";"2023";"08:03";"1";"14";"14327";"2";"1";"3";"7";"626 Route de Colombelles";"49,20668000";" -0,31485000"
"202300018581";"22";"12";"2023";"06:45";"5";"77";"77058";"2";"1";"2";"1";"EUROPE (AVENUE DE L' )";"48,83173000";"2,71558000"
"202300018582";"15";"03";"2023";"08:35";"1";"06";"06149";"1";"1";"1";"5";"M2204b";"43,73363100";"7,29558700"
"202300018583";"30";"05";"2023";"19:20";"1";"35";"35238";"2";"2";"1";"2";"LIBERTE (BD DE LA)";"48,10739776";" -1,68036908"
"202300018584";"17";"11";"2023";"15:50";"1";"13";"13201";"2";"3";"1";"6";"LÉON GAMBETTA (ALLEE)";"43,29911000";"5,38145000"
"202300018585";"22";"12";"2023";"07:00";"5";"77";"77237";"2";"1";"2";"3";"RD231";"48,84942000";"2,76770000"
"202300018586";"9";"04";"2023";"21:40";"3";"14";"14120";"1";"1";"1";"6";"Route de Bretagne";"49,04534900";" -0,75664000"
"202300018587";"30";"05";"2023";"16:50";"1";"35";"35238";"2";"1";"1";"6";"LECLERC (AVENUE DU GENERAL)";"48,11403000";" -1,63732000"
"202300018588";"14";"03";"2023";"15:10";"1";"41";"41031";"1";"1";"1";"3";"Rue de la Forêt";"47,54200500";"1,37487900"
"202300018589";"30";"05";"2023";"15:05";"1";"35";"35238";"2";"1";"1";"6";"VERDUN (BD DE)";"48,12285000";" -1,65819000"
"202300018590";"22";"12";"2023";"08:45";"2";"76";"76322";"2";"1";"2";"6";"Avenue des Canadiens";"49,40262977";"1,06549283"
"202300018591";"16";"11";"2023";"21:10";"5";"13";"13215";"2";"1";"1";"1";"VISTE (AVENUE DE LA)";"43,36192000";"5,35732000"
"202300018592";"14";"09";"2023";"12:20";"1";"988";"98818";"2";"1";"3";"2";"VE1 sens Nord/Sud";" -22,24950000";"166,45038000"
"202300018593";"30";"05";"2023";"12:50";"1";"35";"35238";"2";"1";"1";"6";"ITALIE (AVENUE D')";"48,08650000";" -1,66760000"
"202300018594";"15";"03";"2023";"16:10";"1";"31";"31389";"2";"3";"1";"1";"50 ROUTE DE LAVAUR";"43,64323000";"1,52218000"
"202300018595";"21";"12";"2023";"12:35";"1";"76";"76270";"2";"1";"1";"6";"JEAN JAURES";"49,53325000";"0,14602000"
"202300018596";"30";"05";"2023";"18:53";"1";"34";"34108";"2";"1";"1";"6";"RD129";"43,44871000";"3,74154000"
"202300018597";"10";"10";"2023";"16:33";"1";"13";"13203";"2";"2";"1";"3";"CAMILLE PELLETAN (AVENUE)";"43,30771738";"5,37394242"
"202300018598";"14";"03";"2023";"12:41";"1";"23";"23193";"2";"1";"1";"6";"Charsat";"46,17661400";"1,89825300"
"202300018599";"14";"09";"2023";"09:25";"1";"974";"97411";"2";"1";"1";"3";"SOURCE (BOULEVARD DE LA)";" -20,89248000";"55,45184000"
"202300018600";"21";"12";"2023";"01:05";"5";"76";"76351";"2";"1";"2";"1";"JULES LECESNE (RUE)";"49,49380000";"0,11321000"
"202300018601";"30";"05";"2023";"12:15";"1";"34";"34172";"2";"9";"1";"2";"53 Rue de Montels-Eglise";"43,57754500";"3,87503600"
"202300018602";"9";"03";"2023";"23:00";"3";"84";"84027";"1";"1";"2";"6";"D 237";"44,10007700";"4,75294100"
"202300018603";"15";"11";"2023";"18:15";"5";"13";"13028";"2";"2";"1";"3";"CAMUSSO (AVENUE MARCEL )";"43,17874000";"5,59748000"
"202300018604";"30";"05";"2023";"23:00";"5";"31";"31555";"2";"1";"1";"1";"BD DE SUISSE";"43,62199840";"1,42516226"
"202300018605";"20";"12";"2023";"13:55";"1";"76";"76351";"2";"2";"1";"3";"GRAVILLE (BD DE)";"49,49231000";"0,14839000"
"202300018606";"12";"09";"2023";"08:05";"1";"974";"97411";"2";"2";"1";"6";"JAURES (BOULEVARD JEAN)";" -20,88988000";"55,45290000"
"202300018607";"14";"03";"2023";"04:45";"3";"77";"77247";"1";"1";"3";"3";"D934";"48,77011700";"3,34046800"
"202300018608";"17";"11";"2023";"15:16";"1";"11";"11069";"2";"1";"1";"6";"23 Rue Victor Hugo";"43,21342000";"2,35010000"
"202300018609";"30";"05";"2023";"16:45";"1";"31";"31555";"2";"1";"1";"3";"AV DES MINIMES";"43,61846316";"1,43647011"
"202300018610";"22";"12";"2023";"07:45";"4";"74";"74012";"2";"1";"2";"6";"VERDUN (AVENUE DE)";"46,18518000";"6,24220000"
"202300018611";"30";"05";"2023";"07:20";"1";"27";"27681";"2";"1";"1";"6";"MONTGOMERY (AVENUE DU MARECHAL)";"49,08931000";"1,46974000"
"202300018612";"12";"03";"2023";"09:55";"1";"61";"61214";"2";"2";"1";"3";"Voie Communale";"48,76108800";"0,61563600"
"202300018613";"14";"09";"2023";"07:50";"1";"973";"97302";"2";"3";"1";"3";"SOURCE DE BADUEL (CHEMIN DE LA)";"4,93033990";" -52,30899274"
"202300018614";"17";"11";"2023";"04:25";"3";"10";"10060";"2";"1";"2";"3";"ROCADE SUD (RD 610)";"48,26090000";"4,09500000"
"202300018615";"16";"11";"2023";"15:20";"1";"73";"73065";"2";"1";"1";"6";"VEYRAT JEAN PIERRE (RUE)";"45,56771004";"5,91899488"
"202300018616";"29";"05";"2023";"14:25";"1";"27";"27229";"2";"1";"1";"2";"ROCHETTE (RUE DE LA)";"49,02737000";"1,14331000"
"202300018617";"14";"03";"2023";"18:20";"2";"49";"49218";"1";"1";"1";"1";"RD 143 (Le fuilet)";"47,29822700";" -1,11011300"
"202300018618";"17";"11";"2023";"09:20";"1";"75";"75115";"2";"1";"2";"3";"PORTE DE SEVRES";"48,83435100";"2,27601400"
"202300018619";"14";"09";"2023";"22:30";"5";"69";"69259";"2";"2";"1";"3";"Avenue Viviani";"45,72268175";"4,87734290"
"202300018620";"30";"05";"2023";"17:35";"1";"22";"22360";"2";"1";"1";"2";"MONCONTOUR (RUE DE)";"48,48174000";" -2,72894000"
"202300018621";"22";"12";"2023";"19:55";"5";"72";"72181";"2";"1";"8";"6";"ALENCON (RTE D')";"48,03152000";"0,17865000"
"202300018622";"14";"03";"2023";"08:40";"1";"39";"39171";"1";"2";"3";"5";"N/A";"46,67175500";"5,46041700"
"202300018623";"16";"11";"2023";"21:05";"5";"75";"75117";"2";"1";"2";"2";"BD PERIPHERIQUE EXTERIEUR";"48,89910400";"2,31712400"
"202300018624";"30";"05";"2023";"14:25";"1";"16";"16166";"2";"7";"1";"3";"ANGOUMOIS (RUE DE L')";"45,66012600";"0,19309400"
"202300018625";"14";"09";"2023";"18:20";"1";"69";"69387";"2";"4";"1";"3";"Rue André Bollier";"45,73525000";"4,83907000"
"202300018626";"14";"03";"2023";"17:30";"1";"26";"26357";"1";"1";"1";"6";"Rue Paul Ruat";"44,28398000";"4,92323000"
"202300018627";"30";"05";"2023";"13:30";"1";"14";"14118";"2";"9";"1";"6";"135 Boulevard Maréchal Leclerc";"49,18041000";" -0,36285000"
"202300018628";"22";"12";"2023";"18:15";"5";"72";"72181";"2";"1";"1";"3";"GAULLE GENERAL DE (AV DU)";"48,00411000";"0,20132000"
"202300018629";"16";"11";"2023";"10:30";"1";"75";"75112";"2";"2";"2";"6";"RUE LOUIS BRAILLE";"48,83971100";"2,40252400"
"202300018630";"14";"03";"2023";"14:25";"1";"58";"58067";"1";"1";"2";"6";"Rue de la Fontaine";"47,12589200";"3,10516100"
"202300018631";"14";"09";"2023";"09:52";"1";"972";"97213";"1";"1";"1";"3";"Z I LES MANGLES";"14,61726000";" -61,02088000"
"202300018632";"30";"05";"2023";"17:00";"1";"13";"13005";"2";"1";"8";"6";"RN 396 (ROUTE NATIONALE)";"43,31620182";"5,59983229"
"202300018633";"22";"12";"2023";"11:34";"1";"72";"72181";"2";"9";"8";"2";"JAURES JEAN (AV) N° PAIRS 60 ET >";"47,98942000";"0,20698000"
"202300018634";"15";"03";"2023";"15:05";"1";"83";"83025";"1";"1";"1";"6";"Route de Barjols";"43,52761077";"5,96528621"
"202300018635";"17";"11";"2023";"11:00";"1";"75";"75106";"2";"2";"1";"6";"BOULEVARD SAINT GERMAIN";"48,85209844";"2,34030247"
"202300018636";"15";"05";"2023";"22:30";"3";"11";"11262";"2";"1";"1";"6";"2 Rue Atlas";"43,19639000";"3,00920000"
"202300018637";"14";"09";"2023";"08:27";"1";"69";"69385";"2";"3";"1";"6";"12 Rue de la Garenne";"45,75000395";"4,78116263"
"202300018638";"30";"05";"2023";"10:55";"1";"09";"09122";"2";"1";"1";"3";"BARCELONE (AVENUE DE)";"42,95401644";"1,62346870"
"202300018639";"17";"11";"2023";"19:45";"5";"75";"75119";"2";"1";"1";"3";"AVENUE JEAN JAURES";"48,88375300";"2,37397900"
"202300018640";"15";"03";"2023";"16:10";"1";"36";"36033";"1";"3";"1";"1";"N/A";"46,55080400";"1,50027800"
"202300018641";"21";"12";"2023";"18:35";"5";"72";"72181";"1";"1";"2";"4";"PATTON GENERAL RTE ST-AUBIN A RUE KLOTZ";"48,02229000";"0,16916000"