"Num_Acc";"jour";"mois";"an";"hrmn";"lum";"dep";"com";"agg";"int";"atm";"col";"adr";"lat";"long"
"202300018837";"14";"09";"2023";"15:40";"1";"75";"75116";"2";"1";"1";"2";"PORTE DE SAINT CLOUD";"48,83595900";"2,25746800"
"202300018838";"13";"03";"2023";"11:00";"1";"75";"75120";"2";"2";"1";"3";"RUE DES PYRENEES";"48,86666600";"2,39712300"
"202300018839";"21";"12";"2023";"08:30";"1";"11";"11262";"2";"3";"6";"3";"BOUGAINVILLE (RUE)";"43,17844000";"2,99746000"
"202300018840";"13";"03";"2023";"09:25";"1";"75";"75120";"2";"7";"2";"6";"PLACE MARTIN NADAUD";"48,86503400";"2,39475900"
"202300018841";"13";"09";"2023";"22:00";"5";"75";"75117";"2";"1";"1";"2";"BOULEVARD PERIPHERIQUE EXTERIEUR OUEST";"48,89317200";"2,30352100"
"202300018842";"12";"03";"2023";"22:20";"5";"75";"75120";"2";"1";"2";"6";"RUE BOYER";"48,86882600";"2,39210400"
"202300018843";"14";"09";"2023";"06:41";"5";"75";"75108";"2";"2";"1";"7";"RUE PASQUIER";"48,87419800";"2,32390500"
"202300018844";"13";"03";"2023";"16:30";"1";"75";"75119";"2";"3";"1";"2";"BOULEVARD DE LA VILLETTE";"48,87643200";"2,37214000"
"202300018845";"16";"06";"2023";"08:16";"1";"75";"75114";"2";"1";"7";"2";"AVENUE DE LA PORTE DE CHATILLON";"48,82357000";"2,31710100"
"202300018846";"22";"12";"2023";"12:54";"1";"10";"10387";"2";"1";"1";"1";"RAYMOND POINCARE (RUE)";"48,29552000";"4,07732000"
"202300018847";"13";"03";"2023";"20:10";"5";"75";"75117";"2";"4";"2";"7";"RUE BAYEN";"48,88294300";"2,29074900"
"202300018848";"21";"12";"2023";"19:00";"5";"75";"75112";"2";"1";"2";"2";"BD PERIPHERIQUE EXTERIEUR";"48,82807400";"2,39629800"
"202300018849";"14";"09";"2023";"19:10";"1";"75";"75105";"2";"2";"1";"3";"RUE DE CLUNY";"48,85027000";"2,34453900"
"202300018850";"13";"03";"2023";"06:40";"2";"75";"75116";"2";"2";"8";"2";"ROUTE DE SURESNES";"48,86502200";"2,23446100"
"202300018851";"13";"03";"2023";"16:40";"1";"75";"75115";"2";"3";"8";"6";"RUE FALGUIERE";"48,84048400";"2,31290500"
"202300018852";"13";"09";"2023";"08:40";"1";"75";"75105";"2";"3";"1";"3";"RUE MONGE";"48,84640300";"2,35170900"
"202300018853";"22";"12";"2023";"16:55";"5";"75";"75105";"2";"2";"1";"6";"BOULEVARD SAINT MARCEL";"48,84696600";"2,34063000"
"202300018854";"13";"03";"2023";"18:00";"2";"75";"75112";"2";"1";"1";"5";"QUAI DE LA RAPEE";"48,84400400";"2,36934300"
"202300018855";"14";"09";"2023";"18:00";"1";"75";"75119";"2";"3";"1";"3";"AVENUE JEAN JAURES";"48,88712700";"2,38677000"
"202300018856";"22";"12";"2023";"10:20";"1";"75";"75119";"2";"1";"2";"3";"ECHANGEUR VILLETTE";"48,89993700";"2,38534500"
"202300018857";"14";"09";"2023";"22:25";"5";"75";"75117";"2";"2";"1";"3";"BOULEVARD BERTHIER";"48,88803500";"2,29969900"
"202300018858";"13";"03";"2023";"08:15";"1";"75";"75112";"2";"3";"2";"3";"RUE DE CHARENTON";"48,83254800";"2,39656600"
"202300018859";"22";"12";"2023";"20:40";"3";"75";"75117";"2";"4";"2";"1";"BOULEVARD DE LA SOMME";"48,88666100";"2,29048100"
"202300018860";"22";"12";"2023";"13:10";"1";"75";"75115";"2";"3";"2";"6";"RUE CAMBRONNE";"48,84374300";"2,30237300"
"202300018861";"12";"03";"2023";"14:30";"1";"75";"75101";"2";"3";"1";"6";"RUE CROIX DES PETITS CHAMPS";"48,86225700";"2,33919200"
"202300018862";"14";"09";"2023";"09:20";"1";"75";"75107";"2";"2";"1";"2";"RUE DU BAC";"48,85821700";"2,32832100"
"202300018863";"21";"12";"2023";"17:46";"5";"75";"75114";"2";"5";"1";"7";"PLACE DENFERT ROCHEREAU";"48,83440200";"2,33225300"
"202300018864";"13";"03";"2023";"08:40";"1";"94";"94043";"2";"2";"2";"6";"Av du General Malleret Joinville";"48,80498900";"2,34455200"
"202300018865";"14";"09";"2023";"06:10";"2";"75";"75107";"2";"1";"1";"1";"RUE PAUL ET JEAN LEROLLE";"48,86213500";"2,31235000"
"202300018866";"20";"12";"2023";"22:00";"5";"75";"75113";"2";"1";"1";"3";"BOULEVARD DU GENERAL JEAN SIMON";"48,82711200";"2,38561400"
"202300018867";"13";"03";"2023";"15:35";"1";"94";"94060";"2";"1";"2";"3";"Rue du Général de Gaulle";"48,78125638";"2,57213639"
"202300018868";"14";"09";"2023";"12:45";"1";"75";"75105";"2";"1";"1";"3";"BOULEVARD DE L HOPITAL";"48,84290000";"2,36396300"
"202300018869";"22";"12";"2023";"10:40";"1";"75";"75111";"2";"3";"8";"6";"RUE DU FAUBOURG SAINT ANTOINE";"48,85133800";"2,37615900"
"202300018870";"13";"03";"2023";"20:43";"5";"94";"94075";"2";"6";"3";"6";"Rue du Lieutenant Dagorno / Rue du Docteur Bertrand";"48,72198000";"2,53359000"
"202300018871";"13";"09";"2023";"16:09";"1";"75";"75113";"2";"3";"1";"3";"BOULEVARD ARAGO";"48,83654900";"2,35116600"
"202300018872";"22";"12";"2023";"19:00";"5";"75";"75110";"2";"3";"1";"3";"RUE DU FAUBOURG SAINT DENIS";"48,88127700";"2,35811400"
"202300018873";"13";"03";"2023";"16:10";"1";"93";"93070";"2";"2";"1";"3";"Boulevard Victor Hugo / Rue de l'Entreprise Bliss";"48,90960253";"2,32995719"
"202300018874";"13";"03";"2023";"09:30";"1";"93";"93070";"2";"1";"2";"3";"Rue Mathieu";"48,90343207";"2,33448476"
"202300018875";"14";"09";"2023";"14:30";"1";"75";"75111";"2";"2";"1";"6";"RUE DU FAUBOURG SAINT ANTOINE";"48,85130700";"2,37614100"
"202300018876";"22";"12";"2023";"09:50";"1";"75";"75108";"2";"7";"2";"3";"PLACE DE LA CONCORDE";"48,86466200";"2,32052135"
"202300018877";"14";"09";"2023";"17:55";"1";"75";"75114";"2";"2";"1";"6";"RUE D ALESIA";"48,83273800";"2,31153400"
"202300018878";"12";"03";"2023";"21:40";"5";"93";"93055";"2";"2";"2";"3";"Rue Honoré d’Estienne d’Orves / Rue Beaurepaire";"48,88941000";"2,40660000"
"202300018879";"22";"12";"2023";"13:50";"1";"75";"75103";"2";"2";"2";"7";"RUE COMMINES";"48,86174800";"2,36530900"
"202300018880";"13";"03";"2023";"06:50";"2";"93";"93046";"2";"1";"2";"6";"Av du Consul General Nordling";"48,91672405";"2,53223330"
"202300018881";"31";"08";"2023";"13:35";"1";"94";"94058";"2";"2";"1";"3";"Avenue Pierre Brossolette";"48,83508000";"2,50130000"
"202300018882";"22";"12";"2023";"01:35";"5";"75";"75103";"2";"2";"1";"3";"BOULEVARD DE SEBASTOPOL";"48,86341700";"2,35093100"
"202300018883";"13";"03";"2023";"08:35";"1";"93";"93001";"2";"1";"2";"6";"Boulevard Anatole France";"48,91696600";"2,38186400"
"202300018884";"13";"09";"2023";"20:00";"1";"94";"94046";"2";"9";"1";"1";"Rue Georges Médéric";"48,79987096";"2,43763051"
"202300018885";"13";"03";"2023";"14:00";"1";"92";"92073";"2";"1";"1";"2";"GALLIENI (QUAI)";"48,87004333";"2,23126799"
"202300018886";"21";"12";"2023";"23:45";"5";"75";"75104";"2";"3";"1";"3";"QUAI DES CELESTINS";"48,85244100";"2,36055900"
"202300018887";"14";"09";"2023";"08:35";"1";"94";"94033";"2";"2";"1";"7";"Villa des Belles Vues";"48,84774000";"2,47034000"
"202300018888";"21";"12";"2023";"11:00";"1";"75";"75104";"2";"3";"2";"3";"QUAI DE L HOTEL DE VILLE";"48,85541200";"2,35274800"
"202300018889";"13";"03";"2023";"20:00";"5";"92";"92063";"2";"2";"2";"3";"COLMAR (AVENUE DE)";"48,88711154";"2,17961401"
"202300018890";"21";"12";"2023";"07:30";"3";"94";"94076";"2";"2";"8";"6";"Rue du Lion d'Or";"48,79442000";"2,37173000"
"202300018891";"13";"09";"2023";"19:35";"2";"94";"94028";"2";"1";"1";"3";"Avenue Laferrière";"48,80223310";"2,45961725"
"202300018892";"21";"12";"2023";"17:55";"5";"94";"94068";"2";"1";"2";"6";"Avenue du Mesnil";"48,79489000";"2,51432000"
"202300018893";"21";"12";"2023";"12:15";"1";"94";"94041";"2";"3";"8";"6";"Avenue Danielle Casanova";"48,81710000";"2,38189000"
"202300018894";"12";"03";"2023";"21:45";"5";"92";"92025";"2";"2";"2";"3";"PAUL BERT (RUE)";"48,93100700";"2,24465200"
"202300018895";"22";"12";"2023";"22:50";"5";"94";"94073";"2";"9";"2";"6";"Rue Guy Môquet";"48,77306700";"2,39817300"
"202300018896";"22";"12";"2023";"19:20";"5";"94";"94011";"2";"3";"1";"6";"Avenue Auguste Gross";"48,77417000";"2,48209000"
"202300018897";"14";"09";"2023";"19:00";"1";"94";"94017";"2";"1";"1";"2";"Rue Albert Thomas";"48,81182000";"2,51067000"
"202300018898";"22";"12";"2023";"15:00";"1";"93";"93066";"2";"1";"8";"2";"Avenue du Colonel Fabien";"48,94467000";"2,35462000"
"202300018899";"13";"03";"2023";"15:00";"1";"92";"92012";"2";"1";"1";"2";"POINT DU JOUR (QUAI DU)";"48,83304359";"2,26031363"
"202300018900";"22";"12";"2023";"15:00";"1";"93";"93046";"2";"2";"2";"3";"Avenue Vauban / Allée Galilée";"48,91407000";"2,51957000"
"202300018901";"22";"12";"2023";"17:20";"5";"92";"92046";"2";"3";"1";"3";"PIERRE BROSSOLETTE (AVENUE)";"48,81153000";"2,30022000"
"202300018902";"22";"12";"2023";"07:48";"5";"92";"92051";"2";"3";"2";"3";"ACHILLE PERETTI (AVENUE,  N° 98 A 166 ET";"48,88381742";"2,27171400"
"202300018903";"22";"12";"2023";"08:35";"2";"92";"92050";"2";"1";"2";"6";"DOUCET ANDRE RUE";"48,90162692";"2,19741315"
"202300018904";"22";"12";"2023";"01:23";"5";"92";"92040";"2";"1";"1";"7";"CAMILLE DESMOULINS";"48,83208157";"2,26807997"
"202300018905";"14";"09";"2023";"19:10";"1";"93";"93051";"2";"6";"1";"3";"Porte de Neuilly / Boulevard du Mont d'Est";"48,84297650";"2,54379094"
"202300018906";"21";"12";"2023";"17:15";"2";"92";"92025";"2";"1";"1";"6";"CHARLES DE GAULLE (BD)";"48,91385843";"2,23000742"
"202300018907";"23";"12";"2023";"00:45";"3";"60";"60338";"1";"1";"1";"2";"D932a";"49,35319300";"2,78460400"
"202300018908";"14";"09";"2023";"16:10";"1";"93";"93048";"2";"4";"7";"5";"Rue de Rosny / Rue Saint Antoine";"48,86519000";"2,45387000"
"202300018909";"20";"12";"2023";"12:40";"1";"974";"97415";"2";"1";"1";"3";"route des premiers français";" -21,01413600";"55,26483900"
"202300018910";"14";"09";"2023";"00:20";"5";"93";"93053";"2";"1";"1";"7";"Rue de Paris";"48,89937000";"2,44685000"
"202300018911";"22";"12";"2023";"20:45";"3";"80";"80498";"1";"1";"1";"7";"D919";"50,06140900";"2,58719400"
"202300018912";"13";"09";"2023";"17:30";"1";"93";"93001";"2";"1";"1";"2";"Rue Hélène Cochennec";"48,91932728";"2,39653706"
"202300018913";"23";"12";"2023";"17:45";"3";"76";"76235";"1";"1";"2";"1";"Rue Turold";"49,90450300";"1,26136800"
"202300018914";"22";"12";"2023";"17:25";"2";"81";"81218";"1";"1";"2";"6";"D612";"43,85717500";"2,18930500"
"202300018915";"13";"09";"2023";"11:50";"1";"92";"92046";"2";"1";"1";"6";"CAMELINAT (BOULEVARD)";"48,81618854";"2,29508847"
"202300018916";"22";"12";"2023";"11:18";"1";"28";"28334";"1";"1";"1";"1";"D927";"48,07020600";"1,28449600"
"202300018917";"14";"09";"2023";"17:26";"1";"92";"92062";"2";"1";"1";"1";"GENERAL DE GAULLE (AV) DU 63 AU 107";"48,88775085";"2,23419991"
"202300018918";"20";"12";"2023";"14:45";"1";"974";"97422";"2";"1";"2";"1";"ligne des 400 le tampon";" -21,24790200";"55,53862500"
"202300018919";"22";"12";"2023";"15:45";"1";"974";"97412";"1";"3";"1";"3";"1 Rue Victor Hugo";" -21,37974700";"55,63527000"
"202300018920";"14";"09";"2023";"08:44";"1";"92";"92051";"2";"1";"1";"3";"COMMANDANT CHARCOT (BOULEVARD DU)";"48,87805000";"2,25715000"
"202300018921";"22";"12";"2023";"17:30";"3";"62";"62228";"1";"1";"1";"6";"D217";"50,79094700";"1,99665007"
"202300018922";"22";"12";"2023";"00:20";"3";"21";"21282";"1";"1";"3";"2";"Autoroute A6 PK225+100";"47,47620200";"4,19862300"
"202300018923";"22";"12";"2023";"19:05";"3";"35";"35206";"1";"1";"1";"2";"N/A";"48,06007500";" -1,67944100"
"202300018924";"14";"09";"2023";"13:55";"1";"92";"92026";"2";"1";"1";"2";"SAINT DENIS BD (120 A 174 / 199 A 315)";"48,90036748";"2,26950717"
"202300018925";"19";"12";"2023";"04:35";"4";"25";"25228";"1";"1";"2";"2";"Autoroute A36 - PK 048.800";"47,51240400";"6,84626300"
"202300018926";"22";"12";"2023";"18:00";"3";"58";"58295";"1";"1";"2";"3";"D243";"47,36039000";"2,89190400"
"202300018927";"14";"09";"2023";"11:20";"1";"92";"92012";"2";"1";"1";"7";"VICTOR HUGO (AVENUE) 49/FIN - 60/FIN";"48,83766000";"2,24606000"
"202300018928";"20";"12";"2023";"20:20";"3";"58";"58012";"1";"1";"2";"6";"D957";"47,53777500";"3,02793500"
"202300018929";"14";"09";"2023";"09:30";"1";"92";"92004";"2";"1";"1";"6";"BAS ( RUE DES )";"48,91592000";"2,29458000"
"202300018930";"14";"09";"2023";"11:10";"1";"92";"92002";"2";"1";"1";"7";"ARISTIDE BRIAND (AVENUE)";"48,75839000";"2,30700000"
"202300018931";"14";"09";"2023";"08:20";"1";"41";"41032";"1";"4";"5";"7";"D751";"47,55165100";"1,29849000"
"202300018932";"14";"09";"2023";"17:10";"1";"43";"43071";"1";"1";"1";"7";"D1";"45,25347800";"3,82392900"
"202300018933";"19";"12";"2023";"17:04";"3";"68";"68156";"1";"9";"8";"5";"D430";"47,89833400";"7,23376800"
"202300018934";"15";"09";"2023";"15:30";"1";"974";"97405";"2";"1";"1";"6";"Rue Mahe de la Bourdonnais";" -21,35260500";"55,56497500"
"202300018935";"14";"09";"2023";"20:56";"4";"27";"27368";"2";"2";"1";"3";"Route de Dreux";"48,83718900";"1,28192400"
"202300018936";"22";"12";"2023";"16:00";"2";"51";"51333";"2";"1";"2";"7";"1 Rue de Puisieulx";"49,15898100";"4,07978000"
"202300018937";"14";"09";"2023";"16:48";"1";"28";"28006";"1";"3";"1";"3";"RD923";"48,43676400";"1,42295500"
"202300018938";"13";"09";"2023";"18:45";"1";"68";"68156";"1";"6";"1";"3";"RD430";"47,89880800";"7,23287700"
"202300018939";"15";"09";"2023";"13:00";"1";"83";"83019";"1";"1";"1";"1";"D98";"43,20455000";"6,43584300"
"202300018940";"22";"12";"2023";"20:45";"3";"59";"59149";"1";"1";"6";"7";"D15";"50,06683600";"3,40462400"
"202300018941";"10";"07";"2023";"12:20";"1";"62";"62785";"1";"2";"1";"2";"D939";"50,34785700";"2,55763100"
"202300018942";"2";"09";"2023";"01:30";"3";"57";"57267";"1";"1";"1";"6";"D 28";"48,97913600";"6,92588200"
"202300018943";"22";"12";"2023";"15:55";"1";"19";"19116";"2";"1";"1";"6";"1038 route de Puybrun";"44,92798843";"1,80546583"
"202300018944";"21";"12";"2023";"21:25";"3";"67";"67486";"1";"1";"2";"7";"D468";"48,26555500";"7,64104500"
"202300018945";"14";"09";"2023";"23:32";"3";"56";"56165";"1";"1";"1";"6";"13 La Quebois";"47,88764900";" -2,36057700"
"202300018946";"15";"09";"2023";"15:55";"1";"56";"56243";"1";"1";"1";"2";"30 Rue de Cariel";"47,61809500";" -2,76389100"
"202300018947";"23";"12";"2023";"02:30";"3";"79";"79079";"1";"1";"1";"3";"N/A";"46,98543400";" -0,83624800"
"202300018948";"15";"09";"2023";"09:10";"1";"80";"80767";"2";"1";"1";"2";"D936";"49,96874800";"1,67782900"
"202300018949";"22";"12";"2023";"21:25";"5";"80";"80680";"2";"2";"1";"3";"Rue Jean Jaurés";"49,81679000";"2,70712700"
"202300018950";"13";"09";"2023";"18:00";"1";"81";"81056";"1";"1";"7";"1";"D15";"44,03333200";"1,83638700"
"202300018951";"23";"12";"2023";"07:45";"5";"65";"65460";"2";"1";"1";"6";"Place de Verdun";"43,38262600";"0,05626700"
"202300018952";"23";"12";"2023";"07:24";"3";"63";"63273";"2";"1";"1";"7";"10 Rue des Côtes du Vignal";"45,72675700";"3,24278000"
"202300018953";"14";"09";"2023";"14:35";"1";"32";"32234";"1";"1";"1";"6";"ROUTE DES BORDS DE SAVE";"43,57553900";"1,02140700"
"202300018954";"20";"12";"2023";"18:40";"4";"49";"49018";"2";"3";"8";"6";"Rue du marché";"47,54285900";" -0,10499000"
"202300018955";"13";"09";"2023";"13:40";"1";"71";"71428";"1";"1";"2";"6";"Route de l'Etang de Cadolon";"46,17549200";"4,30360400"
"202300018956";"21";"12";"2023";"17:55";"4";"12";"12133";"2";"4";"2";"6";"Avenue du Stade";"44,28694324";"2,55436063"
"202300018957";"15";"09";"2023";"11:25";"1";"29";"29150";"1";"1";"1";"1";"Lann Kervignac";"47,80884900";" -3,65167700"
"202300018958";"15";"09";"2023";"01:30";"3";"29";"29193";"1";"1";"1";"6";"Kergrach";"48,54440804";" -4,08467174"
"202300018959";"20";"01";"2023";"15:00";"1";"987";"98738";"1";"1";"1";"6";"Bretelle de sortie";" -17,61800000";" -149,54900000"
"202300018960";"22";"12";"2023";"13:15";"1";"46";"46114";"1";"1";"8";"1";"ROUTE de VILLEFRANCHE";"44,59315100";"1,15405300"
"202300018961";"15";"09";"2023";"00:15";"3";"70";"70539";"1";"1";"1";"6";"D13";"47,55504700";"5,79309900"
"202300018962";"22";"12";"2023";"20:20";"3";"86";"86125";"1";"1";"2";"7";"Lieu Dit Le Daim";"46,74464400";"0,71362100"
"202300018963";"14";"09";"2023";"23:20";"3";"58";"58010";"1";"1";"1";"6";"Les Rollots";"47,04069800";"4,00415700"
"202300018964";"1";"02";"2023";"13:30";"1";"51";"51027";"1";"1";"1";"7";"A4";"49,05388000";"4,68192500"
"202300018965";"23";"12";"2023";"00:33";"3";"25";"25190";"1";"1";"2";"6";"Rue d'Etupes";"47,50881600";"6,90699900"
"202300018966";"14";"09";"2023";"22:40";"5";"58";"58151";"2";"1";"1";"6";"Rue Jean Jaurés";"46,89220800";"3,46232600"
"202300018967";"23";"12";"2023";"01:50";"3";"25";"25233";"1";"1";"2";"6";"D461";"47,15290600";"6,29566500"
"202300018968";"2";"02";"2023";"00:20";"3";"11";"11145";"1";"9";"1";"5";"Autoroute A9- PK 183.400 sens NARBONNE / BEZIERS";"43,23585384";"3,13907577"
"202300018969";"14";"09";"2023";"19:45";"1";"50";"50077";"2";"1";"1";"6";"Route des Chenes";"49,65158900";" -1,51773300"
"202300018970";"23";"12";"2023";"05:48";"3";"44";"44165";"1";"1";"1";"1";"3 Les Eards";"47,05248600";" -1,31859500"
"202300018971";"15";"09";"2023";"19:15";"1";"50";"50543";"1";"2";"1";"3";"Chemin de la Houlle";"48,63609200";" -1,28035800"
"202300018972";"18";"01";"2023";"18:30";"3";"91";"91249";"1";"1";"2";"4";"Autoroute A10";"48,60537600";"2,08253100"
"202300018973";"23";"12";"2023";"04:45";"3";"35";"35297";"1";"1";"2";"6";"50 Le Bahac";"48,20299200";" -2,17571600"
"202300018974";"1";"02";"2023";"21:20";"3";"95";"95641";"1";"6";"1";"6";"RD 16";"49,05418158";"2,57295996"
"202300018975";"13";"09";"2023";"06:45";"3";"09";"09173";"1";"1";"8";"2";"Caric";"43,04593187";"1,55141652"
"202300018976";"22";"12";"2023";"15:30";"1";"29";"29026";"2";"1";"2";"3";"Rue de la Gare";"48,20085800";" -4,09444600"
"202300018977";"2";"02";"2023";"16:40";"1";"95";"95199";"2";"1";"8";"1";"Avenue de l'Europe";"49,02545108";"2,34548441"
"202300018978";"10";"09";"2023";"15:29";"1";"09";"09189";"1";"1";"1";"3";"N20";"42,62002400";"1,82123100"
"202300018979";"20";"01";"2023";"16:50";"1";"34";"34023";"1";"1";"1";"6";"D600";"43,44988100";"3,70657700"
"202300018980";"22";"12";"2023";"13:20";"1";"13";"13045";"1";"1";"1";"1";"D970";"43,84344600";"4,74356700"
"202300018981";"1";"02";"2023";"09:45";"1";"26";"26179";"1";"1";"1";"3";"A7 - POint kilomètrique 054.800 sens NOrd /Sud";"45,06980000";"4,86945400"
"202300018982";"15";"09";"2023";"18:00";"1";"60";"60692";"1";"2";"7";"1";"D65";"49,63416700";"2,21725900"
"202300018983";"1";"02";"2023";"09:00";"1";"26";"26071";"2";"1";"1";"6";"Route du Moulin";"45,04532100";"4,91149500"
"202300018984";"23";"12";"2023";"17:45";"3";"02";"02328";"1";"1";"8";"3";"N/A";"49,04779800";"3,48910300"
"202300018985";"15";"09";"2023";"07:40";"1";"60";"60245";"1";"1";"1";"1";"Rue de Grumesnil";"49,64151245";"1,71369635"
"202300018986";"1";"02";"2023";"10:15";"1";"69";"69110";"1";"1";"1";"1";"2675 Route de la Coise";"45,62418300";"4,49705600"
"202300018987";"11";"06";"2023";"10:35";"1";"43";"43137";"1";"1";"1";"7";"Route Nationale 88";"45,30641400";"4,21596500"
"202300018988";"22";"12";"2023";"14:25";"1";"06";"06032";"2";"9";"1";"3";"Avenue prince rainier III";"43,72479300";"7,39188900"
"202300018989";"13";"09";"2023";"14:40";"1";"43";"43268";"1";"1";"2";"1";"Impasse le Pont de l'Enceinte";"45,16233400";"4,17022300"
"202300018990";"1";"02";"2023";"07:45";"2";"22";"22077";"2";"9";"8";"2";"Rue du Stade";"48,54074000";" -2,43561700"
"202300018991";"14";"09";"2023";"10:35";"1";"43";"43244";"1";"3";"1";"3";"Route de Montfaucon";"45,14874500";"4,29351400"
"202300018992";"2";"02";"2023";"12:30";"1";"27";"27249";"1";"2";"1";"5";"D6015";"49,18407400";"1,25377400"
"202300018993";"15";"09";"2023";"06:35";"2";"43";"43084";"1";"1";"1";"5";"2 Route du Midi";"44,97899200";"3,85727400"
"202300018994";"22";"12";"2023";"18:50";"2";"45";"45134";"1";"1";"1";"1";"D2157 PR 20 + 530";"47,93675900";"1,63930200"
"202300018995";"2";"02";"2023";"09:40";"1";"60";"60581";"1";"1";"1";"7";"D938";"49,50330100";"2,41993200"
"202300018996";"15";"09";"2023";"07:40";"1";"53";"53209";"1";"1";"1";"7";"la riauté";"48,01823300";" -0,99693400"
"202300018997";"30";"01";"2023";"00:30";"3";"59";"59350";"1";"1";"1";"6";"ROUTE NATIONALE 356";"50,63192000";"3,08276000"
"202300018998";"1";"02";"2023";"07:30";"2";"91";"91553";"1";"1";"1";"2";"RN 104";"48,63160000";"2,49339000"
"202300018999";"23";"12";"2023";"10:50";"1";"07";"07292";"1";"1";"1";"1";"D578";"45,16484100";"4,69376900"
"202300019000";"31";"01";"2023";"17:19";"2";"78";"78640";"1";"1";"1";"6";"A86 INT";"48,77900700";"2,19993400"
"202300019001";"14";"09";"2023";"11:15";"1";"46";"46145";"1";"1";"1";"6";"PK 301.500 A20 SENS TOULOUSE PARIS";"44,93131172";"1,50239884"
"202300019002";"31";"01";"2023";"06:20";"5";"92";"92050";"1";"1";"8";"2";"A86";"48,90224173";"2,20345080"
"202300019003";"15";"09";"2023";"07:20";"1";"31";"31057";"2";"1";"1";"1";"Chemin de la Tour";"43,51028700";"1,56322600"
"202300019004";"22";"12";"2023";"20:15";"3";"53";"53135";"1";"1";"1";"3";"Le Gros chene";"47,87027300";" -0,99857600"
"202300019005";"31";"01";"2023";"08:50";"1";"95";"95500";"1";"1";"2";"2";"A15";"49,03635100";"2,09396878"
"202300019006";"15";"09";"2023";"13:15";"1";"14";"14221";"1";"1";"1";"4";"A13";"49,16821900";" -0,26198800"
"202300019007";"30";"01";"2023";"08:35";"1";"95";"95252";"1";"1";"1";"4";"A115";"48,98595974";"2,24209995"
"202300019008";"15";"09";"2023";"18:30";"1";"76";"76391";"1";"1";"1";"6";"A13";"49,33910500";"0,96170100"
"202300019009";"22";"12";"2023";"10:54";"1";"40";"40110";"2";"2";"2";"6";"Place de l'Hôtel de Ville";"43,64002700";" -0,37814900"
"202300019010";"30";"01";"2023";"13:30";"1";"93";"93078";"1";"1";"2";"2";"AUTOROUTE A104";"48,97104000";"2,49948000"
"202300019011";"15";"09";"2023";"08:18";"1";"974";"97418";"1";"1";"1";"2";"N2";" -20,89825800";"55,51957500"
"202300019012";"1";"02";"2023";"18:45";"3";"75";"75112";"1";"1";"1";"2";"A4";"48,81924200";"2,45853100"
"202300019013";"15";"09";"2023";"10:00";"1";"21";"21540";"1";"1";"1";"2";"D700";"47,32558900";"5,08134800"
"202300019014";"23";"12";"2023";"19:05";"3";"24";"24354";"1";"1";"2";"7";"656 Route d'Angoulême";"45,16292000";"0,00817500"
"202300019015";"1";"02";"2023";"08:40";"1";"94";"94028";"1";"1";"1";"4";"A86";"48,78839102";"2,44007985"
"202300019016";"15";"09";"2023";"15:15";"1";"2B";"2B093";"1";"1";"1";"3";"RT 30";"42,62364900";"8,91632800"
"202300019017";"1";"02";"2023";"07:40";"2";"75";"75112";"1";"1";"1";"2";"A4";"48,82045200";"2,46066000"
"202300019018";"23";"12";"2023";"11:50";"1";"04";"04158";"1";"9";"1";"1";"Chemin du Plan";"43,72380800";"6,03947600"
"202300019019";"15";"09";"2023";"15:45";"1";"66";"66175";"1";"1";"1";"3";"N/A";"42,54577000";"2,90924200"
"202300019020";"31";"01";"2023";"16:50";"1";"37";"37261";"2";"9";"1";"6";"DELAROCHE (RUE)";"47,42534000";"0,67722000"
"202300019021";"22";"12";"2023";"20:30";"3";"85";"85101";"1";"1";"1";"6";"RD19";"46,49436400";" -1,39674540"
"202300019022";"26";"01";"2023";"19:15";"5";"59";"59183";"2";"1";"1";"6";"KRUYSBELLAERT";"51,03873000";"2,37661000"
"202300019023";"13";"09";"2023";"13:30";"1";"11";"11188";"1";"3";"1";"3";"D709";"42,97205400";"3,00046400"
"202300019024";"8";"12";"2023";"08:40";"1";"27";"27065";"2";"1";"1";"6";"Rue du Chanoine Leprieur";"49,34281000";"0,34554900"
"202300019025";"29";"01";"2023";"15:10";"1";"988";"98818";"2";"2";"1";"2";"AVENUE DE LA VICTOIRE H. LAFLEUR/RUE DE SEBASTOPOL";" -22,27430000";"166,44381000"
"202300019026";"11";"09";"2023";"08:30";"1";"83";"83119";"2";"3";"1";"3";"Avenue François Pelletier";"43,26713800";"6,64072800"
"202300019027";"22";"12";"2023";"10:45";"1";"28";"28391";"1";"1";"1";"3";"RD 2020";"48,22218500";"1,95096400"
"202300019028";"31";"01";"2023";"18:00";"1";"976";"97611";"1";"9";"1";"6";"kaweni-Europe (avenue)";" -12,77099000";"45,22539000"
"202300019029";"14";"09";"2023";"20:30";"3";"83";"83108";"1";"1";"1";"1";"D554";"43,32070900";"6,02186500"
"202300019030";"31";"01";"2023";"08:15";"1";"974";"97411";"1";"1";"1";"2";"CHALOUPE (CHEMIN DE LA GRANDE)";" -20,89624800";"55,37600400"
"202300019031";"22";"12";"2023";"17:40";"3";"08";"08302";"1";"1";"3";"7";"D1";"49,86878600";"4,72381000"
"202300019032";"15";"09";"2023";"13:25";"1";"05";"05007";"1";"1";"1";"1";"Route départementale D902 - PR 49+200";"44,71167400";"6,74209300"
"202300019033";"31";"01";"2023";"17:35";"1";"973";"97302";"2";"1";"1";"2";"ZONE COLLERY I OU II";"4,90400000";" -52,31722000"