"Num_Acc";"jour";"mois";"an";"hrmn";"lum";"dep";"com";"agg";"int";"atm";"col";"adr";"lat";"long"
"202300019034";"14";"09";"2023";"11:50";"1";"04";"04193";"1";"1";"1";"7";"D902";"44,52767800";"6,71680400"
"202300019035";"9";"12";"2023";"10:31";"5";"67";"67256";"1";"1";"3";"6";"M263";"48,65066000";"7,72366800"
"202300019036";"31";"01";"2023";"12:40";"1";"973";"97302";"2";"3";"1";"3";"BADUEL (ROUTE DE)";"4,93765000";" -52,31595000"
"202300019037";"15";"09";"2023";"09:05";"1";"25";"25276";"2";"1";"1";"1";"D25";"47,43605300";"6,43948000"
"202300019038";"31";"01";"2023";"17:30";"5";"69";"69387";"2";"2";"1";"6";"56 Avenue Jean Jaurès";"45,74888000";"4,84404000"
"202300019039";"14";"09";"2023";"14:30";"1";"03";"03102";"2";"2";"1";"2";"Route de Vichy";"46,51968400";"3,68005000"
"202300019040";"31";"01";"2023";"11:45";"1";"69";"69388";"2";"2";"1";"3";"45 Rue Professeur Beauvisage";"45,72978000";"4,86847000"
"202300019041";"15";"09";"2023";"10:00";"1";"73";"73290";"1";"1";"5";"6";"D1006";"45,21888400";"6,96892600"
"202300019042";"30";"01";"2023";"18:05";"3";"2B";"2B037";"1";"1";"1";"3";"TOUTES RUES";"42,61656000";"9,43735000"
"202300019043";"15";"09";"2023";"14:50";"1";"73";"73176";"1";"4";"1";"6";"D84 Le Villaret";"45,61248400";"6,86082800"
"202300019044";"31";"01";"2023";"21:40";"5";"2A";"2A004";"2";"1";"1";"3";"PINS RCE LES AV MONT THABOR";"41,94404000";"8,76470000"
"202300019045";"31";"01";"2023";"13:40";"1";"2A";"2A004";"2";"1";"1";"1";"VAZZIO HAUTS DU HLM";"41,93495000";"8,78754000"
"202300019046";"12";"09";"2023";"10:30";"1";"26";"26064";"1";"2";"1";"3";"Chemin des Charbonniers";"44,91589800";"5,00528100"
"202300019047";"31";"01";"2023";"01:35";"5";"95";"95306";"2";"6";"1";"6";"BOEUFS (CHEMIN DES)";"49,01093500";"2,12958600"
"202300019048";"23";"12";"2023";"00:26";"4";"78";"78043";"1";"1";"2";"5";"D307";"48,83803600";"2,08825000"
"202300019049";"14";"09";"2023";"15:30";"1";"69";"69067";"1";"1";"1";"3";"10 Route de Chavanne";"45,75835499";"4,56324361"
"202300019050";"31";"01";"2023";"18:00";"5";"91";"91027";"2";"1";"1";"2";"AV JULES VALLES";"48,69862300";"2,37291400"
"202300019051";"14";"09";"2023";"07:15";"2";"09";"09309";"1";"1";"1";"6";"D6";"43,09394400";"1,77845500"
"202300019052";"30";"01";"2023";"07:35";"5";"91";"91174";"1";"1";"1";"6";"RUE DE NAGIS";"48,60205000";"2,47757000"
"202300019053";"15";"09";"2023";"18:00";"1";"85";"85198";"2";"3";"1";"3";"RD 53";"46,99101000";" -1,04446800"
"202300019054";"31";"01";"2023";"00:38";"3";"91";"91433";"2";"1";"5";"7";"CD 17";"48,47807000";"2,19671000"
"202300019055";"22";"12";"2023";"20:10";"5";"78";"78455";"1";"1";"2";"4";"D307";"48,84912500";"2,05265900"
"202300019056";"31";"01";"2023";"09:54";"1";"87";"87050";"1";"3";"2";"3";"MONTIN (ROUTE DU)";"45,88076000";"1,25722000"
"202300019057";"15";"09";"2023";"07:50";"1";"44";"44122";"1";"2";"1";"3";"Beau-soleil";"47,42323900";" -1,43577800"
"202300019058";"29";"01";"2023";"14:19";"1";"87";"87065";"2";"6";"1";"7";"RD979";"45,81789000";"1,30258000"
"202300019059";"14";"09";"2023";"11:00";"1";"50";"50034";"2";"3";"1";"7";"Le Moulin";"49,08345200";" -1,07264200"
"202300019060";"27";"01";"2023";"07:25";"2";"84";"84007";"2";"1";"1";"6";"FOLLEREAU (rue Raoul)";"43,91969000";"4,80010000"
"202300019061";"13";"09";"2023";"17:20";"1";"27";"27161";"1";"1";"1";"3";"D613";"49,06555800";"1,02786500"
"202300019062";"31";"01";"2023";"13:15";"1";"83";"83062";"1";"3";"1";"3";"PLANQUETTE (CHEMIN DE LA)";"43,13442000";"6,02993000"
"202300019063";"23";"12";"2023";"01:45";"3";"63";"63265";"1";"1";"2";"2";"A89 PK424+000 sens LYON/CLERMONT-FERRAND";"45,84915600";"3,43623200"
"202300019064";"14";"09";"2023";"10:50";"1";"60";"60500";"2";"1";"1";"3";"Avenue de la Gare";"49,09602800";"2,74274100"
"202300019065";"28";"01";"2023";"08:00";"1";"83";"83126";"2";"1";"1";"3";"EVESCAT (CHEMIN DE L')";"43,09281000";"5,88720000"
"202300019066";"10";"09";"2023";"09:00";"1";"13";"13212";"1";"1";"1";"2";"A507 sens Aubagne- Marseille";"43,31404945";"5,42342663"
"202300019067";"31";"01";"2023";"09:00";"1";"83";"83123";"2";"1";"7";"2";"BUGE (CHEMIN DE LA) N° IMPAIRS";"43,12085000";"5,80752000"
"202300019068";"8";"09";"2023";"15:25";"1";"67";"67447";"1";"1";"1";"4";"M35";"48,60035000";"7,73568000"
"202300019069";"26";"01";"2023";"12:24";"1";"83";"83129";"2";"3";"1";"7";"SOLVIOU (CORNICHE DE)";"43,10340000";"5,81289000"
"202300019070";"14";"09";"2023";"19:20";"1";"33";"33249";"1";"1";"1";"3";"AUTOROUTE A 10";"44,88540000";" -0,50855000"
"202300019071";"23";"12";"2023";"00:00";"3";"06";"06088";"1";"1";"1";"6";"Autoroute A8 - PK 187+500 - Chaussée SUD -";"43,68210300";"7,19271900"
"202300019072";"13";"09";"2023";"09:50";"1";"59";"59346";"1";"1";"1";"6";"ROUTE NATIONALE 227";"50,60577544";"3,13002996"
"202300019073";"30";"01";"2023";"18:30";"5";"77";"77058";"2";"1";"1";"6";"ANTOINE GIROUST (BOULEVARD )";"48,83964000";"2,71085500"
"202300019074";"13";"09";"2023";"07:05";"1";"59";"59143";"1";"1";"1";"7";"AUTOROUTE A25";"50,65431000";"2,91189000"
"202300019075";"14";"12";"2023";"18:10";"5";"971";"97116";"2";"1";"8";"1";"MARIEULE";"16,32482089";" -61,46914959"
"202300019076";"31";"01";"2023";"12:00";"1";"77";"77186";"1";"1";"1";"5";"D606";"48,48519000";"2,66552000"
"202300019077";"11";"09";"2023";"10:50";"1";"59";"59348";"1";"1";"1";"2";"AUTOROUTE A2";"50,27815000";"3,34093000"
"202300019078";"30";"01";"2023";"19:30";"5";"76";"76351";"2";"3";"1";"6";"IRENE JOLIOT CURIE (RUE)";"49,51350000";"0,10452000"
"202300019079";"31";"01";"2023";"14:30";"1";"71";"71153";"2";"1";"1";"7";"GUESDES (RUE JULES)";"46,80628000";"4,42683100"
"202300019080";"14";"09";"2023";"17:00";"1";"91";"91659";"1";"1";"1";"5";"AUTOROUTE A6";"48,58486000";"2,45392000"
"202300019081";"23";"12";"2023";"15:45";"1";"45";"45324";"2";"1";"1";"1";"D951 PR 62 + 774";"47,79524700";"2,20136100"
"202300019082";"13";"09";"2023";"21:41";"3";"78";"78090";"1";"1";"1";"6";"A13";"48,97063000";"1,88755000"
"202300019083";"31";"01";"2023";"18:20";"2";"69";"69271";"2";"2";"1";"4";"16 Avenue Louis Blériot";"45,72787225";"4,96256064"
"202300019084";"31";"01";"2023";"17:05";"1";"69";"69259";"1";"1";"1";"6";"28 Rue de Montelier";"45,69943502";"4,89736765"
"202300019085";"13";"09";"2023";"17:45";"1";"78";"78640";"1";"1";"1";"5";"A86 EXT";"48,77805100";"2,21344600"
"202300019086";"21";"12";"2023";"13:10";"1";"77";"77257";"2";"1";"2";"6";"Route de Beauval";"49,03014600";"3,01017300"
"202300019087";"30";"01";"2023";"17:47";"5";"68";"68066";"2";"9";"1";"3";"Rue du Florimont";"48,07885000";"7,34881000"
"202300019088";"14";"09";"2023";"16:50";"1";"92";"92036";"1";"1";"1";"4";"AUTOROUTE A86";"48,93895984";"2,30736060"
"202300019089";"31";"01";"2023";"17:00";"1";"64";"64483";"1";"1";"1";"3";"Route D 'Ascain";"43,37718165";" -1,63772793"
"202300019090";"14";"09";"2023";"16:50";"5";"93";"93008";"1";"1";"1";"5";"AUTOROUTE A86";"48,90837000";"2,45090000"
"202300019091";"31";"01";"2023";"18:50";"5";"64";"64445";"2";"2";"1";"3";"boulevard d'Alsace Lorraine";"43,30549000";" -0,37451000"
"202300019092";"23";"12";"2023";"14:00";"1";"2B";"2B307";"2";"3";"1";"3";"10";"42,38444300";"9,53033400"
"202300019093";"14";"09";"2023";"09:00";"1";"93";"93066";"1";"1";"1";"5";"AUTOROUTE A86";"48,92190936";"2,36424249"
"202300019094";"31";"01";"2023";"12:05";"1";"64";"64445";"2";"1";"1";"2";"PAIX";"43,31977000";" -0,34956000"
"202300019095";"30";"01";"2023";"05:35";"5";"64";"64102";"2";"1";"1";"6";"FOCH (AVENUE MARECHAL)";"43,49459000";" -1,48569000"
"202300019096";"14";"09";"2023";"07:50";"1";"93";"93005";"1";"1";"1";"3";"AUTOROUTE A1";"48,95885089";"2,46459185"
"202300019097";"14";"09";"2023";"21:02";"3";"77";"77146";"1";"1";"1";"6";"RN104.EXT";"48,80861819";"2,63032097"
"202300019098";"30";"01";"2023";"12:14";"1";"64";"64102";"2";"1";"1";"3";"Rue Bécadine";"43,49907000";" -1,45060000"
"202300019099";"22";"12";"2023";"21:45";"3";"34";"34321";"1";"1";"1";"2";"Route Nationale 113";"43,67276100";"4,05938200"
"202300019100";"14";"09";"2023";"01:40";"5";"94";"94058";"1";"1";"1";"2";"A86";"48,84536665";"2,49270959"
"202300019101";"30";"01";"2023";"10:50";"1";"63";"63070";"2";"3";"4";"3";"JB Marrou /ARTIERE (AVENUE DE L')";"45,74376000";"3,05892000"
"202300019102";"30";"01";"2023";"16:45";"1";"62";"62427";"2";"2";"1";"3";"Rue Fénélon";"50,42111800";"2,94111500"
"202300019103";"11";"07";"2023";"14:15";"1";"13";"13077";"1";"6";"1";"3";"DIX NEUF MARS 1962 (rue du)";"43,41433000";"4,99827000"
"202300019104";"23";"12";"2023";"06:30";"5";"84";"84089";"2";"1";"1";"1";"354 Route de la Bastidonne";"43,69686300";"5,51884400"
"202300019105";"30";"01";"2023";"14:10";"1";"62";"62215";"2";"1";"1";"6";"Rue Emile Zola";"50,49378000";"2,95638000"
"202300019106";"18";"06";"2023";"14:30";"1";"93";"93007";"2";"1";"1";"3";"Avenue Pasteur";"48,94198406";"2,46801616"
"202300019107";"21";"01";"2023";"06:35";"5";"62";"62119";"2";"1";"2";"1";"avenue pierre mendes france";"50,51939000";"2,64148000"
"202300019108";"23";"12";"2023";"00:30";"4";"13";"13014";"1";"9";"1";"7";"D21b";"43,51251800";"5,12658100"
"202300019109";"31";"01";"2023";"01:35";"5";"60";"60414";"2";"9";"1";"6";"Rue de Finsterwalde";"49,25152000";"2,45190000"
"202300019110";"12";"09";"2023";"07:15";"1";"974";"97416";"1";"3";"1";"3";"ARCHAMBAUD (RUE)";" -21,33000000";"55,47950000"
"202300019111";"13";"09";"2023";"16:00";"1";"973";"97302";"1";"6";"1";"7";"N/A";"4,89696936";" -52,32843876"
"202300019112";"31";"01";"2023";"07:55";"1";"59";"59360";"2";"1";"1";"2";"KUHLMANN AVENUE";"50,62216000";"3,01538000"
"202300019113";"13";"09";"2023";"11:50";"1";"972";"97209";"1";"1";"1";"3";"AUTOROUTE A1";"14,61457500";" -61,04853300"
"202300019114";"23";"12";"2023";"17:05";"2";"71";"71238";"1";"3";"1";"1";"D982";"46,22372000";"4,04902000"
"202300019115";"30";"01";"2023";"21:30";"5";"59";"59220";"2";"2";"1";"3";"VERDUN AVENUE DE";"50,58988954";"3,08207810"
"202300019116";"22";"12";"2023";"09:30";"1";"55";"55262";"1";"1";"3";"7";"D69";"49,46235100";"5,31845600"
"202300019117";"13";"09";"2023";"11:00";"1";"2A";"2A004";"2";"3";"1";"3";"GRANDVAL COURS PAIR";"41,91767000";"8,73111000"
"202300019118";"30";"01";"2023";"17:00";"1";"59";"59509";"2";"3";"1";"3";"BLUM (RUE LEON)";"50,41723000";"3,09118000"
"202300019119";"26";"01";"2023";"17:10";"5";"51";"51230";"2";"1";"2";"6";"Avenue de Champagne";"49,04342900";"3,95813900"
"202300019120";"13";"09";"2023";"14:05";"1";"91";"91027";"2";"1";"1";"3";"VC QUAI DE L'INDUSTRIE";"48,69770000";"2,39452000"
"202300019121";"23";"12";"2023";"18:29";"5";"57";"57683";"2";"1";"2";"6";"14 Rue du Muguet";"49,30262800";"6,15217500"
"202300019122";"31";"01";"2023";"08:50";"1";"49";"49007";"2";"1";"1";"3";"BIRGE BOULEVARD";"47,47160000";" -0,51912000"
"202300019123";"13";"09";"2023";"08:20";"1";"91";"91286";"2";"6";"1";"3";"EMILE AILLAUD (AVENUE)";"48,64788500";"2,36711200"
"202300019124";"30";"01";"2023";"17:58";"2";"49";"49267";"2";"1";"1";"7";"GIONO";"47,47057000";" -0,48439000"
"202300019125";"21";"12";"2023";"18:25";"5";"63";"63042";"2";"1";"2";"6";"route de Sayat";"45,82736800";"3,07196600"
"202300019126";"10";"09";"2023";"02:40";"5";"86";"86194";"2";"1";"1";"6";"D910";"46,61494200";"0,34997300"
"202300019127";"29";"01";"2023";"20:00";"5";"49";"49007";"2";"2";"1";"3";"GASNIER AVENUE";"47,48743000";" -0,57353000"
"202300019128";"19";"12";"2023";"10:50";"1";"38";"38562";"2";"9";"1";"6";"315 Rue Ambroise Croizat";"45,08430500";"5,76151900"
"202300019129";"28";"01";"2023";"03:50";"5";"49";"49015";"2";"1";"1";"6";"MENDES FRANCE AVENUE PIERRE";"47,49528000";" -0,57949000"
"202300019130";"23";"12";"2023";"14:10";"1";"26";"26381";"1";"1";"1";"6";"180 Route de l’Ecancière";"45,03424976";"5,17187834"
"202300019131";"31";"01";"2023";"12:30";"1";"47";"47201";"2";"3";"1";"3";"PYRENEES (AVENUE DES)";"44,17540000";"0,60667000"
"202300019132";"13";"09";"2023";"19:34";"1";"79";"79191";"2";"6";"1";"3";"N/A";"46,31690000";" -0,48104000"
"202300019133";"30";"01";"2023";"13:50";"1";"42";"42218";"2";"1";"2";"6";"Rue Alexandre Pourcel";"45,42338000";"4,39231000"
"202300019134";"23";"12";"2023";"06:00";"3";"07";"07279";"1";"1";"1";"6";"Route de Valescure";"44,42829684";"4,62497860"
"202300019135";"31";"01";"2023";"15:40";"1";"35";"35150";"1";"2";"2";"3";"PILAIS (LA) LIEUX-DITS";"48,35491809";" -1,23035163"
"202300019136";"19";"12";"2023";"16:50";"1";"69";"69242";"2";"9";"8";"6";"Route de Villeneuve";"46,13086900";"4,76721900"
"202300019137";"31";"01";"2023";"11:00";"1";"29";"29232";"2";"1";"1";"1";"Rue de Pen Ar Stang";"47,99035817";" -4,10189822"
"202300019138";"31";"01";"2023";"07:25";"3";"28";"28404";"1";"1";"8";"2";"RD 828A";"48,72647000";"1,34487000"
"202300019139";"22";"12";"2023";"16:05";"1";"69";"69121";"1";"1";"2";"5";"Route de la Tour ";"45,83993700";"4,69191300"
"202300019140";"30";"01";"2023";"17:10";"1";"27";"27229";"2";"1";"1";"6";"BROSSOLETTE (RUE PIERRE)";"49,02250000";"1,16434000"
"202300019141";"22";"12";"2023";"21:35";"5";"33";"33019";"2";"2";"2";"3";"Rue du Port";"44,68145100";" -1,01501200"
"202300019142";"30";"01";"2023";"08:10";"2";"27";"27229";"2";"1";"1";"6";"ROCHETTE (RUE DE LA)";"49,02688000";"1,14104000"
"202300019143";"31";"01";"2023";"08:30";"1";"25";"25056";"2";"9";"1";"1";"";"47,25482800";"6,03204500"
"202300019144";"13";"11";"2023";"16:05";"1";"44";"44122";"1";"2";"1";"5";"1 Beau Soleil";"47,42325000";" -1,43584300"
"202300019145";"31";"01";"2023";"17:30";"1";"18";"18033";"2";"2";"1";"3";"Avenue Pierre Semard";"47,09298000";"2,39990000"
"202300019146";"22";"12";"2023";"13:35";"1";"56";"56178";"2";"1";"1";"6";"Rue Roger le Cunff";"48,07570300";" -2,96116900"
"202300019147";"31";"01";"2023";"16:20";"1";"18";"18033";"2";"3";"1";"6";"3 Rue Pelvoysin";"47,08579000";"2,39347000"
"202300019148";"31";"01";"2023";"19:20";"3";"17";"17415";"2";"9";"1";"7";"Route Nationale 137";"45,72483000";" -0,63939000"
"202300019149";"11";"01";"2023";"08:20";"1";"13";"13056";"2";"1";"1";"3";"RAYETTES";"43,41279000";"5,04176000"
"202300019150";"22";"12";"2023";"13:05";"1";"13";"13071";"1";"1";"6";"2";"A7-Sens Lyon vers Marseille";"43,40498387";"5,33981320"
"202300019151";"7";"01";"2023";"19:30";"3";"13";"13077";"1";"1";"1";"4";"RN 568";"43,41367350";"5,00434666"
"202300019152";"22";"12";"2023";"07:00";"5";"13";"13212";"1";"1";"1";"3";"A507 sens Aubagne- Marseille";"43,29122199";"5,42444229"
"202300019153";"31";"01";"2023";"16:00";"1";"13";"13214";"2";"3";"1";"3";"AVENUE RAIMU";"43,33332000";"5,39895000"
"202300019154";"21";"12";"2023";"22:15";"3";"13";"13001";"1";"1";"1";"3";"A51-Sens Marseille vers Aix en Provence";"43,51330000";"5,42626000"
"202300019155";"31";"01";"2023";"15:00";"1";"13";"13203";"2";"3";"1";"6";"JEAN CRISTOFOL (RUE)";"43,31076000";"5,38366000"
"202300019156";"31";"01";"2023";"09:30";"1";"13";"13213";"2";"3";"1";"6";"POILUS (AVENUE DES)";"43,32389000";"5,45615000"
"202300019157";"22";"12";"2023";"01:05";"3";"69";"69259";"1";"1";"2";"7";"Boulevard Laurent Bonnevay";"45,71808570";"4,86731916"
"202300019158";"31";"01";"2023";"07:40";"1";"13";"13002";"2";"1";"1";"1";"GENERAL LECLERC (AVENUE DU)";"43,34200000";"5,48600000"
"202300019159";"30";"01";"2023";"17:00";"1";"13";"13005";"2";"9";"7";"6";"TOURTELLE (QUARTIER DE LA)";"43,28567000";"5,55470000"
"202300019160";"21";"12";"2023";"21:15";"3";"69";"69081";"1";"1";"2";"2";"Route de Métropole 6";"45,78423000";"4,78418000"
"202300019161";"31";"01";"2023";"13:58";"1";"10";"10060";"1";"1";"1";"5";"ROCADE OUEST (RD 610)";"48,25434595";"4,10560906"
"202300019162";"20";"12";"2023";"12:15";"1";"42";"42225";"1";"1";"1";"2";"A47";"45,52011000";"4,59287000"
"202300019163";"31";"01";"2023";"13:39";"1";"10";"10387";"2";"1";"1";"2";"GENERAL SARRAIL (AVE)";"48,30800000";"4,04460000"
"202300019164";"31";"01";"2023";"12:28";"1";"10";"10387";"2";"1";"1";"4";"PASTEUR (RUE)";"48,30081000";"4,06463000"
"202300019165";"30";"01";"2023";"18:20";"5";"10";"10387";"2";"3";"1";"1";"LOMBARDS (AVENUE)";"48,26899000";"4,08458000"
"202300019166";"22";"12";"2023";"12:35";"1";"33";"33249";"1";"1";"2";"4";"ROUTE NATIONALE 230";"44,88116910";" -0,51108956"
"202300019167";"29";"01";"2023";"19:00";"2";"02";"02408";"1";"6";"1";"3";"";"49,57128000";"3,58690000"
"202300019168";"22";"12";"2023";"07:35";"3";"33";"33554";"1";"1";"2";"2";"ROUTE NATIONALE 89";"44,86911748";" -0,46932921"
"202300019169";"31";"01";"2023";"14:40";"1";"75";"75105";"2";"3";"1";"6";"BOULEVARD SAINT GERMAIN";"48,85032500";"2,34754900"
"202300019170";"31";"01";"2023";"13:50";"1";"75";"75106";"2";"2";"1";"6";"RUE DU FOUR";"48,85264800";"2,33316700"
"202300019171";"31";"01";"2023";"15:10";"1";"75";"75119";"2";"3";"1";"6";"RUE MANIN";"48,88042200";"2,37962000"
"202300019172";"31";"01";"2023";"18:50";"5";"75";"75116";"2";"2";"1";"3";"ROUTE DE LA MUETTE A NEUILLY";"48,87585200";"2,26220500"
"202300019173";"22";"12";"2023";"20:20";"3";"91";"91689";"1";"1";"2";"4";"AUTOROUTE A6";"48,73165000";"2,31532000"
"202300019174";"30";"01";"2023";"10:15";"1";"75";"75114";"2";"3";"2";"6";"AVENUE DU GENERAL LECLERC";"48,83324600";"2,33152800"
"202300019175";"22";"12";"2023";"16:30";"1";"91";"91689";"1";"1";"8";"4";"AUTOROUTE A6";"48,74135300";"2,32085600"
"202300019176";"30";"01";"2023";"08:00";"1";"75";"75114";"2";"7";"2";"6";"BOULEVARD ARAGO";"48,83446800";"2,33258300"
"202300019177";"22";"12";"2023";"12:38";"1";"92";"92036";"1";"1";"2";"2";"A86";"48,93554103";"2,28513973"
"202300019178";"31";"01";"2023";"15:40";"1";"75";"75113";"2";"2";"1";"2";"RUE DE TOLBIAC";"48,82769100";"2,37138800"
"202300019179";"21";"12";"2023";"22:50";"3";"78";"78423";"1";"1";"2";"6";"A12 W";"48,79374000";"2,04095000"
"202300019180";"31";"01";"2023";"01:05";"5";"75";"75113";"2";"3";"1";"3";"BOULEVARD KELLERMANN";"48,82092600";"2,35494400"
"202300019181";"21";"12";"2023";"17:45";"1";"78";"78423";"1";"1";"2";"7";"A12 Y";"48,79848800";"2,04417200"
"202300019182";"31";"01";"2023";"17:55";"2";"75";"75111";"2";"1";"1";"3";"BOULEVARD VOLTAIRE";"48,85949286";"2,37727270"
"202300019183";"30";"01";"2023";"23:08";"5";"75";"75108";"2";"2";"1";"6";"BOULEVARD MALESHERBES";"48,87777800";"2,31634000"
"202300019184";"29";"01";"2023";"19:35";"5";"75";"75107";"2";"2";"1";"3";"QUAI D ORSAY";"48,86286300";"2,31343100"
"202300019185";"21";"12";"2023";"15:50";"1";"92";"92025";"1";"1";"2";"4";"A86";"48,93300320";"2,25090697"
"202300019186";"30";"01";"2023";"19:55";"5";"75";"75103";"2";"2";"1";"6";"RUE BEAUBOURG";"48,86376100";"2,35486400"
"202300019187";"21";"12";"2023";"08:50";"1";"78";"78126";"1";"1";"2";"3";"A13";"48,83558000";"2,13005600"
"202300019188";"31";"01";"2023";"08:55";"1";"94";"94033";"2";"4";"8";"3";"Avenue du Maréchal Joffre";"48,85395900";"2,47345200"
"202300019189";"31";"01";"2023";"19:05";"5";"94";"94054";"2";"2";"1";"3";"Avenue de la Victoire / Av des Martyrs de Chateaubriant";"48,74682200";"2,40721600"
"202300019190";"31";"01";"2023";"09:32";"1";"94";"94077";"2";"1";"1";"2";"Avenue Didier Daurat";"48,73532000";"2,40098000"
"202300019191";"31";"01";"2023";"14:30";"1";"93";"93072";"2";"7";"1";"6";"Place Marcel Pointet / Avenue Francois Bégué";"48,95165000";"2,38196000"
"202300019192";"31";"01";"2023";"13:55";"1";"93";"93053";"2";"3";"1";"3";"Rue de Brément / Rue de la Pierre Feuillère";"48,88822000";"2,46077000"
"202300019193";"31";"01";"2023";"13:05";"1";"93";"93050";"2";"1";"8";"6";"Avenue du 8 Mai 1945";"48,86568257";"2,53450874"
"202300019194";"31";"01";"2023";"17:45";"2";"93";"93048";"2";"3";"1";"3";"Boulevard Théophile Sueur / Rue Saint Exupéry";"48,86971968";"2,47072086"
"202300019195";"31";"01";"2023";"07:10";"5";"93";"93048";"2";"1";"1";"3";"Boulevard Théophile Sueur";"48,86435000";"2,46772000"
"202300019196";"31";"01";"2023";"10:10";"1";"93";"93031";"2";"3";"1";"2";"Avenue Jean Jaurès / Rue Henri Wallon";"48,95712100";"2,32125500"
"202300019197";"31";"01";"2023";"14:05";"1";"92";"92063";"2";"1";"1";"6";"MAISTRASSE (AVENUE ALEXANDRE)";"48,86425759";"2,20113713"
"202300019198";"30";"01";"2023";"16:15";"1";"92";"92077";"2";"1";"8";"3";"COROT (RUE)";"48,82828981";"2,19384822"
"202300019199";"31";"01";"2023";"19:36";"5";"92";"92040";"2";"1";"1";"1";"VERDUN (AVENUE DE) DU 116 AU 150";"48,81954895";"2,25595370"
"202300019200";"31";"01";"2023";"07:30";"5";"92";"92023";"2";"2";"1";"6";"GENERAL DE GAULLE (AV DU) N°130 A 340 ET";"48,78345681";"2,24662256"
"202300019201";"31";"01";"2023";"17:30";"2";"06";"06031";"1";"6";"1";"6";"Pénétrante du Paillon";"43,76201200";"7,31997800"
"202300019202";"1";"02";"2023";"15:50";"1";"31";"31454";"1";"1";"1";"6";"Route de Beaufort";"43,43955800";"1,11885900"
"202300019203";"31";"01";"2023";"14:45";"1";"41";"41245";"1";"1";"1";"7";"Autoroute A10 - Sens province vers Paris";"47,74757700";"1,53894400"
"202300019204";"1";"02";"2023";"14:30";"1";"85";"85109";"2";"1";"1";"6";"50 Avenue du Bocage";"46,88028000";" -1,01491100"
"202300019205";"1";"02";"2023";"08:45";"1";"91";"91553";"2";"1";"1";"3";"Avenue Charles de Gaulle";"48,61914100";"2,49300000"
"202300019206";"31";"01";"2023";"17:00";"1";"51";"51234";"2";"1";"1";"1";"Rue de Bourgogne";"48,55388000";"3,65279900"
"202300019207";"31";"01";"2023";"13:30";"1";"56";"56204";"2";"7";"1";"3";"Place Joseph Marot";"47,91015400";" -2,72296200"
"202300019208";"31";"01";"2023";"13:15";"1";"67";"67434";"2";"1";"8";"6";"Rue du Chalet";"48,93921100";"7,09028500"
"202300019209";"31";"01";"2023";"17:45";"1";"76";"76717";"2";"3";"1";"3";"1 Quai Napoléon";"49,37744300";"1,00224300"
"202300019210";"30";"01";"2023";"10:05";"1";"2B";"2B049";"1";"1";"1";"6";"RD 151";"42,51373300";"8,84967500"
"202300019211";"31";"01";"2023";"20:50";"3";"32";"32457";"1";"1";"1";"6";"D953";"43,86352600";"0,71563500"
"202300019212";"18";"01";"2023";"16:15";"1";"61";"61345";"1";"1";"1";"6";"D10 PR18+330";"48,41849900";"0,82101800"
"202300019213";"1";"02";"2023";"17:50";"5";"55";"55291";"2";"1";"1";"6";"Rue du Général de Gaulle";"48,67788100";"5,32558500"
"202300019214";"1";"02";"2023";"12:28";"1";"49";"49112";"1";"1";"1";"6";"D347";"47,16754300";" -0,14011900"
"202300019215";"1";"01";"2023";"03:36";"3";"12";"12288";"1";"1";"1";"6";"D840";"44,44944500";"2,42614900"
"202300019216";"31";"01";"2023";"18:40";"3";"47";"47173";"1";"4";"1";"3";"Bordeneuve";"44,42910600";"0,49442800"
"202300019217";"27";"01";"2023";"16:40";"1";"44";"44134";"1";"1";"1";"6";"570 La Simoniere";"47,46941400";" -1,21340500"
"202300019218";"31";"01";"2023";"15:40";"1";"38";"38240";"1";"2";"1";"3";"D51";"45,37873100";"4,99578600"
"202300019219";"1";"02";"2023";"08:10";"2";"50";"50598";"1";"3";"1";"5";"Rue Alexis de Tocqueville";"49,67039400";" -1,34639700"
"202300019220";"1";"02";"2023";"12:40";"1";"09";"09189";"1";"1";"1";"1";"RN20";"42,61335400";"1,82016800"
"202300019221";"16";"01";"2023";"18:15";"3";"40";"40126";"1";"1";"3";"3";"369 Route de Poyartin";"43,69912800";" -0,92356000"
"202300019222";"1";"02";"2023";"08:50";"1";"04";"04231";"1";"1";"1";"7";"D304";"44,25668000";"5,94149000"
"202300019223";"18";"01";"2023";"09:45";"1";"27";"27498";"2";"1";"4";"3";"D137";"49,14740100";"0,83393900"
"202300019224";"1";"02";"2023";"06:45";"3";"63";"63311";"1";"1";"8";"2";"A 71 PR 357.100";"46,03840647";"3,11336256"
"202300019225";"1";"02";"2023";"08:40";"1";"06";"06104";"1";"1";"1";"6";"A8 PK 214.200 sens Italie-France";"43,76137000";"7,44673000"
"202300019226";"30";"01";"2023";"18:10";"4";"06";"06088";"1";"1";"1";"6";"Autoroute A8 pk 186+800 sud";"43,67514700";"7,19706400"
"202300019227";"18";"01";"2023";"07:20";"5";"49";"49307";"1";"1";"9";"1";"D113";"47,46302400";" -0,40832900"
"202300019228";"31";"01";"2023";"23:45";"3";"30";"30333";"1";"1";"1";"2";"A9 - point kilométrique 63.400";"43,76302000";"4,26565600"
"202300019229";"1";"02";"2023";"01:10";"3";"69";"69013";"1";"1";"1";"4";"Autoroute 6 ";"46,01673900";"4,72708200"
"202300019230";"31";"01";"2023";"12:00";"1";"32";"32091";"1";"1";"1";"2";"RD930 - PK 1 + 465";"43,68229600";"0,52754800"