"Num_Acc";"jour";"mois";"an";"hrmn";"lum";"dep";"com";"agg";"int";"atm";"col";"adr";"lat";"long"
"202300019231";"1";"02";"2023";"10:30";"1";"24";"24223";"2";"1";"1";"6";"Avenue du Général Leclerc";"44,83888800";"0,73936300"
"202300019232";"21";"01";"2023";"01:30";"3";"22";"22210";"1";"1";"1";"6";"D789";"48,79231600";" -3,03662000"
"202300019233";"16";"01";"2023";"19:00";"3";"27";"27213";"1";"1";"8";"7";"Vexin-sur-Epte";"49,14636600";"1,62715700"
"202300019234";"1";"02";"2023";"16:50";"1";"60";"60612";"2";"6";"1";"6";"Avenue Félix Vernois";"49,20651600";"2,57853600"
"202300019235";"31";"01";"2023";"11:05";"1";"59";"59406";"1";"1";"1";"7";"Route d'Aulnoye";"50,18263200";"3,86335700"
"202300019236";"1";"02";"2023";"13:00";"1";"59";"59011";"2";"1";"1";"3";"Rue Nationale";"50,52507800";"2,93541000"
"202300019237";"20";"01";"2023";"04:50";"5";"69";"69389";"1";"1";"1";"2";"Route de Métropole 6  ";"45,76425000";"4,80177000"
"202300019238";"30";"01";"2023";"05:50";"3";"93";"93064";"1";"1";"2";"3";"AUTOROUTE A86";"48,88030000";"2,47535000"
"202300019239";"29";"01";"2023";"22:45";"3";"95";"95392";"1";"1";"1";"6";"N184";"49,06749081";"2,21727448"
"202300019240";"31";"01";"2023";"18:20";"5";"77";"77294";"1";"1";"1";"3";"A104";"48,96562366";"2,60764472"
"202300019241";"31";"01";"2023";"14:50";"1";"77";"77181";"1";"1";"1";"6";"A4";"48,82899155";"2,72059197"
"202300019242";"31";"01";"2023";"12:00";"1";"94";"94033";"1";"1";"2";"5";"A86";"48,85115000";"2,48981800"
"202300019243";"29";"01";"2023";"04:00";"5";"62";"62019";"2";"6";"9";"6";"D937";"50,42665400";"2,71117300"
"202300019244";"29";"01";"2023";"19:43";"5";"10";"10387";"2";"3";"1";"6";"JULES GUESDE (RUE)";"48,28500000";"4,08200000"
"202300019245";"30";"01";"2023";"11:20";"1";"973";"97302";"2";"6";"1";"2";"CATAYEE (JUSTIN)";"4,92422000";" -52,32415000"
"202300019246";"30";"01";"2023";"15:20";"1";"69";"69386";"2";"1";"1";"2";"66 Boulevard des Belges";"45,77235000";"4,85390000"
"202300019247";"30";"01";"2023";"09:45";"1";"69";"69383";"2";"2";"1";"2";"Rue Paul Bert";"45,75648000";"4,84722000"
"202300019248";"30";"01";"2023";"07:00";"1";"972";"97213";"2";"1";"1";"2";"MAHAULT";"14,61880000";" -61,00340000"
"202300019249";"30";"01";"2023";"19:15";"5";"69";"69384";"2";"6";"1";"3";"2 Place de Serin";"45,77418000";"4,81294000"
"202300019250";"29";"01";"2023";"21:35";"3";"971";"97101";"2";"1";"1";"6";"ROND POINT IGNACE";"16,25205037";" -61,52130246"
"202300019251";"30";"01";"2023";"16:10";"1";"971";"97105";"2";"1";"1";"2";"GASTON FEUILLARD(AVENUE)";"16,00432000";" -61,72930000"
"202300019252";"30";"01";"2023";"08:00";"5";"95";"95288";"2";"1";"8";"6";"D301";"48,98519746";"2,36147046"
"202300019253";"28";"01";"2023";"10:25";"1";"91";"91174";"2";"1";"1";"3";"BD FONTAINEBLEAU";"48,59733000";"2,47424000"
"202300019254";"28";"01";"2023";"14:15";"1";"80";"80021";"2";"9";"1";"6";"ABBE HENOCQUE (RUE DE)";"49,90972000";"2,29295000"
"202300019255";"25";"01";"2023";"07:05";"5";"80";"80021";"2";"9";"1";"2";"AVAL (PORT D')";"49,89827000";"2,29289000"
"202300019256";"30";"01";"2023";"07:07";"3";"77";"77358";"1";"1";"2";"1";"";"48,99714200";"2,85128500"
"202300019257";"30";"01";"2023";"16:40";"1";"76";"76103";"2";"3";"1";"6";"Route de Paris";"49,42411000";"1,12303000"
"202300019258";"30";"01";"2023";"21:00";"5";"69";"69259";"2";"1";"1";"6";"Avenue Maurice Thorez";"45,69992809";"4,86324446"
"202300019259";"28";"01";"2023";"04:10";"5";"67";"67218";"2";"1";"1";"6";"LYON (RTE DE)";"48,52020501";"7,70518184"
"202300019260";"27";"01";"2023";"14:00";"1";"67";"67482";"2";"1";"1";"2";"SCHNOKELOCH (RUE DU)";"48,57722000";"7,71318000"
"202300019261";"27";"01";"2023";"09:30";"1";"67";"67482";"2";"1";"1";"6";"OBERHAUSBERGEN (ROUTE D )";"48,59226800";"7,71816000"
"202300019262";"26";"01";"2023";"20:50";"5";"67";"67482";"2";"3";"1";"3";"UNTERELSAU (RUE DE L )";"48,57004000";"7,72787000"
"202300019263";"27";"01";"2023";"20:03";"5";"66";"66136";"2";"3";"1";"3";"";"42,69075100";"2,90120000"
"202300019264";"28";"01";"2023";"17:14";"1";"64";"64102";"2";"6";"1";"3";"Giratoire de Maignon";"43,46559000";" -1,49522000"
"202300019265";"28";"01";"2023";"15:39";"1";"63";"63113";"2";"1";"1";"4";"FLAUBERT (BD GUSTAVE)";"45,75737000";"3,12763000"
"202300019266";"26";"01";"2023";"07:40";"5";"59";"59350";"2";"1";"2";"3";"SOLFERINO RUE N°110 - 206";"50,62761000";"3,06165000"
"202300019267";"30";"01";"2023";"07:15";"5";"59";"59350";"2";"1";"2";"3";"CORMONTAIGNE PLACE";"50,62624200";"3,04052400"
"202300019268";"30";"01";"2023";"20:45";"5";"59";"59043";"1";"1";"1";"6";"LILLE (ROUTE DE)";"50,72805900";"2,76720400"
"202300019269";"27";"01";"2023";"20:45";"3";"57";"57221";"1";"1";"1";"6";"ETOILE (RUE DE L')";"49,34060000";"6,10970000"
"202300019270";"30";"01";"2023";"06:45";"5";"54";"54526";"2";"9";"2";"3";"Rue Louis Pasteur";"48,68396000";"6,22121000"
"202300019271";"27";"01";"2023";"18:50";"5";"54";"54329";"2";"1";"1";"6";"RUE DU GENERAL CHANZY";"48,59620000";"6,48947000"
"202300019272";"30";"01";"2023";"05:30";"5";"54";"54580";"2";"1";"1";"6";"D27";"49,45961000";"5,92738000"
"202300019273";"30";"01";"2023";"08:38";"1";"47";"47001";"2";"1";"1";"6";"LUXEMBOURG (AV. MAURICE)";"44,19929000";"0,62273000"
"202300019274";"30";"01";"2023";"09:05";"1";"43";"43157";"2";"1";"1";"6";"Avenue Louis Jonget";"45,01516000";"3,90064000"
"202300019275";"26";"01";"2023";"12:25";"1";"39";"39300";"2";"1";"1";"6";"243 Route de Macornay";"46,66738300";"5,54555800"
"202300019276";"30";"01";"2023";"10:50";"1";"38";"38563";"2";"1";"1";"7";"CURIE (RUE M.)";"45,37400000";"5,58900000"
"202300019277";"30";"01";"2023";"18:40";"5";"38";"38185";"2";"1";"1";"6";"AVENUE RHIN ET DANUBE";"45,17980000";"5,70539000"
"202300019278";"16";"10";"2023";"15:20";"1";"88";"88077";"2";"1";"1";"1";"Rue de Lorraine";"48,34734000";"6,67665100"
"202300019279";"17";"10";"2023";"08:13";"1";"03";"03040";"1";"3";"1";"2";"impasse des linards";"46,52369300";"3,31818800"
"202300019280";"15";"10";"2023";"20:25";"3";"73";"73150";"1";"1";"1";"5";"N90";"45,56349795";"6,67676123"
"202300019281";"14";"10";"2023";"12:50";"1";"33";"33366";"2";"1";"1";"3";"Rue Emile Martin Dantagnan";"44,99420600";" -0,44191500"
"202300019282";"17";"10";"2023";"08:35";"1";"60";"60057";"2";"1";"1";"3";"Avenue Descartes";"49,40832240";"2,11787653"
"202300019283";"16";"10";"2023";"19:59";"5";"59";"59126";"2";"1";"1";"6";"2 Rue du Moulinel";"50,31347600";"3,12225200"
"202300019284";"15";"10";"2023";"17:23";"1";"13";"13214";"1";"1";"1";"3";"A507 sens Marseille - Aubagne";"43,33173866";"5,38679838"
"202300019285";"16";"10";"2023";"05:45";"3";"33";"33039";"1";"1";"1";"2";"ROCADE A 630";"44,80010000";" -0,53564000"
"202300019286";"16";"10";"2023";"07:08";"3";"91";"91136";"1";"1";"1";"6";"AUTOROUTE A10";"48,71213000";"2,28463000"
"202300019287";"16";"10";"2023";"14:15";"1";"92";"92036";"1";"1";"1";"4";"A86";"48,93535855";"2,28516302"
"202300019288";"15";"10";"2023";"21:15";"3";"78";"78073";"1";"1";"1";"5";"N12Y";"48,79861700";"2,00387500"
"202300019289";"16";"10";"2023";"18:40";"2";"93";"93007";"1";"1";"1";"6";"AUTOROUTE A3";"48,92330480";"2,48049511"
"202300019290";"16";"10";"2023";"09:50";"1";"94";"94018";"1";"1";"1";"3";"A4";"48,81948161";"2,40571551"
"202300019291";"16";"10";"2023";"09:10";"1";"94";"94022";"1";"1";"1";"4";"A86";"48,77601929";"2,42762460"
"202300019292";"15";"10";"2023";"00:05";"3";"94";"94069";"1";"1";"1";"4";"A4";"48,81723163";"2,42989790"
"202300019293";"2";"07";"2023";"14:15";"1";"73";"73270";"1";"2";"1";"3";"D32 Route du général curial";"45,56222000";"6,16882900"
"202300019294";"9";"07";"2023";"15:45";"1";"73";"73023";"1";"1";"1";"7";"D1006";"45,21612900";"6,75326600"
"202300019295";"11";"06";"2023";"17:45";"1";"73";"73322";"1";"1";"3";"6";"D215";"45,20719858";"6,67688861"
"202300019296";"4";"06";"2023";"04:10";"2";"13";"13097";"1";"1";"1";"3";"Route Nationale 568";"43,51439526";"4,85150736"
"202300019297";"14";"10";"2023";"23:45";"5";"973";"97302";"2";"2";"1";"6";"DE GAULLE (AVENUE)";"4,93987989";" -52,32734442"
"202300019298";"15";"10";"2023";"21:36";"5";"69";"69388";"2";"1";"1";"3";"Avenue Paul Santy";"45,72972014";"4,87581481"
"202300019299";"15";"10";"2023";"19:15";"5";"69";"69387";"2";"1";"1";"6";"Rue Crépet";"45,73885000";"4,83594000"
"202300019300";"13";"10";"2023";"22:20";"5";"972";"97213";"1";"1";"1";"2";"ROUTE NATIONALE 5";"14,59692000";" -60,99767000"
"202300019301";"14";"10";"2023";"07:20";"1";"972";"97213";"1";"1";"1";"3";"ROUTE NATIONALE 1";"14,63257000";" -60,97778000"
"202300019302";"13";"10";"2023";"22:40";"5";"972";"97213";"1";"1";"1";"2";"ROUTE NATIONALE 5";"14,59609000";" -60,98825000"
"202300019303";"15";"10";"2023";"06:50";"5";"69";"69382";"2";"1";"1";"6";"Rue Guynemer";"45,75514000";"4,82640000"
"202300019304";"15";"10";"2023";"18:23";"5";"971";"97101";"1";"3";"1";"3";"BESSON";"16,24089847";" -61,49590194"
"202300019305";"9";"10";"2023";"11:35";"1";"971";"97113";"2";"1";"1";"2";"GRAND BAIE ( RN4)";"16,22013000";" -61,51918000"
"202300019306";"15";"10";"2023";"19:05";"2";"2A";"2A004";"2";"3";"1";"3";"GRANDE ARMEE AVENUE";"41,92766000";"8,73329000"
"202300019307";"15";"10";"2023";"07:40";"5";"91";"91692";"2";"1";"1";"6";"AUBRAC (AVENUE DE L')";"48,67717400";"2,17405400"
"202300019308";"15";"10";"2023";"22:50";"5";"91";"91114";"2";"1";"1";"7";"BD CHARLES DE GAULLE";"48,69416000";"2,50763000"
"202300019309";"15";"10";"2023";"14:20";"1";"91";"91097";"2";"9";"1";"7";"AV DU GAL CHARLES DE GAULLE";"48,68399800";"2,53178600"
"202300019310";"14";"10";"2023";"21:55";"5";"86";"86194";"2";"1";"1";"2";"Avenue John Kennedy";"46,58391700";"0,36677800"
"202300019311";"14";"10";"2023";"14:40";"1";"86";"86194";"2";"9";"1";"3";"Avenue de Nantes";"46,58559400";"0,33320200"
"202300019312";"15";"10";"2023";"14:30";"1";"69";"69266";"2";"1";"1";"3";"1 Boulevard de la Bataille de Stalingrad";"45,78305000";"4,85992000"
"202300019313";"15";"10";"2023";"17:50";"1";"67";"67482";"2";"8";"1";"3";"ARMANDE BEJART (RUE)";"48,59235000";"7,71131000"
"202300019314";"14";"10";"2023";"13:15";"1";"67";"67365";"2";"1";"2";"2";"ETTORE BUGATTI (RUE)";"48,54208000";"7,69723000"
"202300019315";"19";"08";"2023";"19:14";"1";"63";"63063";"1";"9";"7";"7";"N/A";"45,83061000";"3,11391000"
"202300019316";"15";"10";"2023";"20:20";"5";"62";"62498";"2";"1";"1";"6";"Route de Lille";"50,43712000";"2,84236000"
"202300019317";"15";"10";"2023";"15:30";"1";"62";"62193";"2";"1";"1";"1";"Rue des Dunes";"50,97044740";"1,88332683"
"202300019318";"15";"10";"2023";"12:05";"1";"49";"49007";"2";"1";"1";"2";"MOULIN BOULEVARD";"47,49223000";" -0,54948000"
"202300019319";"15";"10";"2023";"09:00";"1";"49";"49007";"2";"2";"1";"6";"COUBERTIN";"47,45813738";" -0,53300589"
"202300019320";"15";"10";"2023";"12:40";"1";"45";"45302";"1";"3";"1";"3";"ROUTE NATIONALE 20";"47,96417400";"1,88843800"
"202300019321";"28";"08";"2023";"19:20";"1";"42";"42218";"2";"3";"1";"6";"Rue Francisque Voytier";"45,42231000";"4,40568000"
"202300019322";"15";"10";"2023";"22:10";"3";"38";"38151";"1";"1";"1";"4";"A480";"45,15076000";"5,69694000"
"202300019323";"15";"10";"2023";"06:30";"5";"37";"37261";"2";"3";"1";"3";"WAGNER (BOULEVARD RICHARD)";"47,37440000";"0,70388000"
"202300019324";"15";"10";"2023";"02:30";"5";"34";"34172";"2";"1";"1";"1";"LIBERTE (AVENUE DE LA";"43,60880000";"3,84431000"
"202300019325";"15";"10";"2023";"16:40";"1";"33";"33069";"2";"2";"1";"3";"Boulevard Pierre 1er";"44,85705000";" -0,59118000"
"202300019326";"15";"10";"2023";"06:10";"4";"33";"33318";"2";"6";"1";"6";"Avenue Gustave Eiffel";"44,78159000";" -0,64981000"
"202300019327";"15";"10";"2023";"00:35";"5";"33";"33063";"2";"2";"1";"3";"RUE LUCIEN FAURE";"44,86597000";" -0,56134000"
"202300019328";"15";"10";"2023";"18:55";"1";"32";"32013";"2";"1";"1";"2";"Avenue du Corps Franc Pommiès";"43,62984000";"0,58041000"
"202300019329";"15";"10";"2023";"14:50";"1";"13";"13203";"2";"1";"1";"3";"PARIS (BOULEVARD DE)";"43,31332000";"5,36742000"
"202300019330";"15";"10";"2023";"07:00";"1";"13";"13203";"2";"2";"1";"3";"NATIONAL (BOULEVARD)";"43,30566000";"5,38395000"
"202300019331";"15";"10";"2023";"06:44";"5";"13";"13213";"2";"9";"1";"1";"ALBERT EINSTEIN (RUE)";"43,33305000";"5,43042000"
"202300019332";"14";"10";"2023";"16:50";"1";"13";"13028";"2";"1";"1";"2";"ERNEST SUBILIA";"43,18435506";"5,60934093"
"202300019333";"15";"10";"2023";"05:40";"5";"06";"06104";"2";"1";"1";"3";"AZUR (AVENUE DE LA COTE D')";"43,76222100";"7,45779400"
"202300019334";"15";"10";"2023";"11:45";"1";"04";"04070";"2";"1";"1";"3";"NICE (RTE)";"44,07766000";"6,21116000"
"202300019335";"15";"10";"2023";"06:30";"5";"75";"75117";"2";"4";"1";"2";"PORTE DE CLICHY";"48,89550339";"2,30764389"
"202300019336";"15";"10";"2023";"01:40";"5";"75";"75120";"2";"3";"1";"2";"BOULEVARD DAVOUT";"48,85869700";"2,40983500"
"202300019337";"15";"10";"2023";"14:30";"1";"75";"75119";"2";"3";"1";"3";"AVENUE JEAN JAURES";"48,88655500";"2,38461700"
"202300019338";"15";"10";"2023";"14:45";"1";"75";"75118";"2";"2";"1";"7";"RUE DE LA CHAPELLE";"48,89024400";"2,35991600"
"202300019339";"15";"10";"2023";"20:05";"3";"75";"75116";"2";"1";"1";"6";"PORTE DAUPHINE";"48,87436300";"2,27139400"
"202300019340";"15";"10";"2023";"01:05";"5";"75";"75116";"2";"1";"1";"2";"AVENUE MOZART";"48,85171300";"2,26774900"
"202300019341";"15";"10";"2023";"01:40";"5";"75";"75112";"2";"4";"1";"6";"RUE DE CHARENTON";"48,84172100";"2,38693600"
"202300019342";"15";"10";"2023";"20:40";"5";"75";"75107";"2";"2";"1";"3";"AVENUE BOSQUET";"48,86116100";"2,30240000"
"202300019343";"14";"10";"2023";"23:33";"5";"94";"94068";"2";"2";"1";"3";"Avenue de l’Alma";"48,78600688";"2,49520853"
"202300019344";"15";"10";"2023";"19:05";"5";"94";"94076";"2";"1";"1";"6";"Rue Marcel Grosménil";"48,79986000";"2,35520000"
"202300019345";"15";"10";"2023";"14:00";"1";"94";"94022";"2";"9";"1";"3";"Avenue Victor Hugo";"48,76930800";"2,42234200"
"202300019346";"15";"10";"2023";"09:55";"1";"94";"94054";"2";"1";"1";"3";"7 Rue Christophe Colomb";"48,75038100";"2,41795500"
"202300019347";"15";"10";"2023";"14:40";"1";"93";"93072";"2";"9";"1";"3";"Avenue de Stalingrad";"48,94834700";"2,37863700"
"202300019348";"14";"10";"2023";"17:20";"1";"93";"93051";"2";"3";"1";"3";"Rue du Centre / Rue de la Closerie";"48,83844000";"2,54718000"
"202300019349";"15";"10";"2023";"14:09";"1";"93";"93029";"2";"3";"1";"6";"Avenue Jean Jaurès / Rue François Carels";"48,91643000";"2,45803000"
"202300019350";"15";"10";"2023";"18:30";"5";"93";"93066";"2";"1";"1";"3";"Boulevard Anatole France";"48,92924100";"2,35496000"
"202300019351";"15";"10";"2023";"20:40";"5";"93";"93010";"2";"1";"1";"6";"Avenue Léon Blum";"48,91324320";"2,47847720"
"202300019352";"15";"10";"2023";"09:15";"1";"93";"93008";"2";"1";"1";"7";"Avenue Paul Vaillant - Couturier";"48,90842800";"2,45143600"
"202300019353";"15";"10";"2023";"00:45";"5";"93";"93007";"2";"2";"1";"7";"CHARLES FLOQUET (AVENUE)";"48,94009099";"2,43844718"
"202300019354";"15";"10";"2023";"20:17";"5";"92";"92072";"2";"1";"1";"7";"GRANDE RUE";"48,82555721";"2,21633828"
"202300019355";"15";"10";"2023";"12:35";"1";"92";"92063";"2";"9";"1";"3";"CHATOU (PONT DE)";"48,88786297";"2,16539249"
"202300019356";"14";"10";"2023";"21:38";"5";"92";"92023";"2";"3";"1";"6";"CAVEE (RUE DE LA)";"48,78834334";"2,25838137"
"202300019357";"15";"10";"2023";"19:10";"2";"92";"92019";"2";"1";"1";"7";"FAYO VINCENT (RUE)";"48,76285299";"2,28262782"
"202300019358";"15";"10";"2023";"22:00";"3";"80";"80498";"1";"1";"1";"7";"pk 41 D919";"50,06439800";"2,59313800"
"202300019359";"16";"10";"2023";"13:00";"1";"87";"87002";"1";"1";"1";"1";"Le Tarier";"45,94042400";"1,36749700"
"202300019360";"15";"10";"2023";"19:25";"3";"36";"36013";"1";"2";"1";"3";"N/A";"47,05892260";"1,60228930"
"202300019361";"15";"10";"2023";"19:45";"2";"41";"41167";"2";"2";"1";"1";"Avenue de la République";"47,49250800";"1,18404000"
"202300019362";"16";"10";"2023";"07:25";"2";"28";"28018";"1";"1";"1";"2";"Autoroute A11 PK 116+150 vers Paris";"48,19530600";"0,86462200"
"202300019363";"13";"10";"2023";"05:40";"3";"83";"83132";"1";"1";"1";"2";"autoroute A57, PK 11.700 sens Nord";"43,17369900";"6,04926100"
"202300019364";"15";"10";"2023";"19:10";"5";"62";"62571";"2";"2";"8";"3";"D940";"50,47355250";"1,61761022"
"202300019365";"16";"10";"2023";"16:45";"1";"59";"59082";"1";"1";"1";"1";"Route de Bergues";"50,96427600";"2,41520200"
"202300019366";"15";"10";"2023";"12:35";"1";"44";"44138";"1";"3";"1";"3";"N/A";"47,49045300";" -1,63816400"
"202300019367";"15";"10";"2023";"06:10";"2";"83";"83130";"1";"3";"1";"3";"rd554 domaine des 4 saisons";"43,18942574";"6,05584645"
"202300019368";"15";"10";"2023";"12:35";"1";"32";"32066";"1";"2";"1";"3";"CD282";"43,84288400";"0,72751200"
"202300019369";"15";"10";"2023";"16:15";"1";"63";"63223";"1";"1";"8";"1";"D2144";"46,11685257";"2,88642555"
"202300019370";"6";"10";"2023";"15:30";"1";"12";"12210";"1";"1";"1";"3";"D922";"44,18612800";"2,02807200"
"202300019371";"15";"10";"2023";"16:00";"1";"68";"68264";"1";"4";"1";"1";"D21";"47,57125800";"7,41040700"
"202300019372";"15";"10";"2023";"15:00";"1";"39";"39470";"1";"1";"1";"6";"N/A";"46,45652600";"6,06477000"
"202300019373";"13";"10";"2023";"14:30";"1";"25";"25586";"1";"1";"1";"1";"D480";"47,47051100";"6,89753600"
"202300019374";"15";"10";"2023";"18:20";"2";"25";"25328";"1";"1";"1";"7";"Route Nationale";"47,18586300";"5,96463200"
"202300019375";"12";"10";"2023";"11:17";"1";"31";"31528";"1";"1";"1";"2";"D5";"43,24291543";"0,73436469"
"202300019376";"15";"10";"2023";"16:15";"1";"15";"15223";"2";"1";"1";"7";"RD 422";"45,31832000";"2,43650300"
"202300019377";"15";"10";"2023";"18:50";"2";"01";"01254";"2";"1";"8";"3";"2700 Route du Revermont";"46,16653900";"5,29539400"
"202300019378";"16";"10";"2023";"11:00";"1";"58";"58243";"1";"1";"1";"1";"Route du Bouron";"46,89942500";"3,68591300"
"202300019379";"16";"10";"2023";"08:30";"1";"54";"54152";"2";"1";"7";"6";"19 Rue du Mal de Lattre de Tassigny";"48,55778500";"6,38541000"
"202300019380";"14";"10";"2023";"14:00";"1";"06";"06073";"1";"1";"1";"6";"M97 - PK4 + 000";"44,20030900";"7,07207300"
"202300019381";"14";"10";"2023";"14:10";"1";"06";"06073";"2";"1";"1";"6";"M97";"44,19053200";"7,15231200"
"202300019382";"16";"10";"2023";"00:37";"3";"50";"50604";"1";"1";"1";"6";"D23";"49,53075200";" -1,82551100"
"202300019383";"14";"10";"2023";"15:20";"1";"50";"50487";"1";"1";"1";"3";"La Besliviere";"48,53689700";" -1,35800900"
"202300019384";"15";"10";"2023";"14:50";"1";"83";"83046";"1";"1";"1";"7";"Rd22 PR 11+250";"43,54450400";"6,16131300"
"202300019385";"16";"10";"2023";"16:50";"1";"07";"07167";"1";"1";"1";"1";"route départementale 2 07360";"44,79296700";"4,61297000"
"202300019386";"15";"10";"2023";"20:30";"3";"40";"40333";"1";"1";"1";"6";"D157";"43,96996300";" -0,74488200"
"202300019387";"13";"10";"2023";"21:00";"3";"85";"85084";"1";"1";"2";"2";"RD137";"46,78325500";" -1,11887400"
"202300019388";"16";"10";"2023";"09:25";"1";"27";"27425";"2";"1";"1";"7";"Rue du Chateau";"49,15142600";"0,71907900"
"202300019389";"14";"10";"2023";"19:40";"3";"37";"37104";"1";"1";"1";"2";"D943";"47,32185542";"0,76884985"
"202300019390";"15";"10";"2023";"11:20";"1";"30";"30083";"2";"2";"1";"1";"Route Nationale 113";"43,72777800";"4,22105700"
"202300019391";"15";"10";"2023";"16:20";"1";"30";"30182";"1";"9";"1";"7";"RD 999";"43,86089600";"4,14952800"
"202300019392";"13";"10";"2023";"14:55";"1";"88";"88116";"1";"1";"1";"6";"4 Route de Xoulces";"47,96597900";"6,85050000"
"202300019393";"14";"10";"2023";"18:25";"1";"78";"78455";"2";"3";"1";"3";"Chemin des Princes";"48,84067000";"2,06699100"
"202300019394";"14";"10";"2023";"15:30";"1";"53";"53108";"1";"1";"1";"6";"Péage de la GRAVELLE A81 PK 266+300";"48,08283800";" -1,02757600"
"202300019395";"16";"10";"2023";"14:45";"1";"06";"06085";"1";"1";"8";"1";"autoroute A8 PK 169.000 NORD";"43,59611900";"7,04910300"
"202300019396";"12";"10";"2023";"07:50";"1";"68";"68084";"2";"1";"1";"4";"Vieille Rue";"47,71286400";"7,40011500"
"202300019397";"13";"10";"2023";"14:00";"1";"986";"98613";"2";"1";"1";"1";"RT 1, HA'ATOFO";" -13,32906600";" -176,19200300"
"202300019398";"16";"10";"2023";"08:30";"1";"976";"97607";"1";"1";"1";"1";"Route Nationale 2, entre ONGOJOU et COCONI";" -12,83666800";"45,14430300"
"202300019399";"15";"10";"2023";"18:20";"2";"973";"97305";"1";"3";"1";"3";"Route Nationale 1 - PK 15.500";"4,93646300";" -52,40792900"
"202300019400";"15";"10";"2023";"15:45";"1";"13";"13087";"2";"1";"1";"1";"D56";"43,47923800";"5,59209500"
"202300019401";"3";"10";"2023";"19:00";"2";"41";"41130";"1";"2";"1";"3";"RD 110";"47,77805500";"1,34745600"
"202300019402";"15";"10";"2023";"10:00";"1";"83";"83068";"2";"1";"1";"6";"D559";"43,28329400";"6,59046100"
"202300019403";"12";"10";"2023";"02:00";"3";"13";"13066";"1";"1";"1";"6";"D30";"43,84605100";"4,89823400"
"202300019404";"1";"10";"2023";"21:10";"3";"25";"25520";"1";"1";"1";"7";"D464";"47,27677600";"6,36489300"
"202300019405";"15";"10";"2023";"17:00";"1";"67";"67112";"1";"2";"1";"3";"D147";"48,51319700";"7,56843700"
"202300019406";"13";"10";"2023";"17:25";"1";"67";"67540";"1";"2";"1";"3";"D160";"48,79598300";"7,71894500"
"202300019407";"15";"10";"2023";"07:47";"1";"57";"57645";"1";"6";"1";"6";"D652";"49,19689500";"6,14369600"
"202300019408";"13";"10";"2023";"05:45";"5";"57";"57433";"2";"1";"1";"6";"68 Grand'Rue";"49,21236900";"6,15970900"
"202300019409";"15";"10";"2023";"15:00";"1";"74";"74154";"1";"1";"1";"7";"Route de rully";"46,37913400";"6,65544000"
"202300019410";"15";"10";"2023";"16:20";"1";"44";"44201";"1";"1";"1";"6";"la Maillère";"47,34281400";" -1,55885700"
"202300019411";"15";"10";"2023";"22:47";"3";"38";"38135";"1";"1";"1";"6";"Grande Rue de Lancin";"45,72615400";"5,41006900"
"202300019412";"14";"10";"2023";"10:30";"1";"32";"32312";"1";"1";"1";"7";"D626";"43,61423000";"0,67791800"
"202300019413";"15";"10";"2023";"09:45";"1";"79";"79319";"1";"1";"1";"1";"N/A";"46,35999800";" -0,17081400"
"202300019414";"15";"10";"2023";"19:20";"2";"22";"22168";"2";"4";"1";"1";"RUE ERNEST RENAN";"48,80209400";" -3,44353300"
"202300019415";"12";"10";"2023";"05:45";"3";"27";"27489";"1";"3";"3";"3";"départementale 316";"49,07220700";"1,22302300"
"202300019416";"15";"10";"2023";"19:20";"5";"69";"69266";"1";"1";"1";"2";"Route Départementale 383 ";"45,76607772";"4,90619197"
"202300019417";"13";"10";"2023";"08:45";"1";"69";"69091";"1";"1";"1";"5";"Autoroute 47";"45,57478000";"4,71770000"
"202300019418";"15";"10";"2023";"04:34";"3";"91";"91228";"1";"1";"1";"2";"AUTOROUTE A6";"48,62193000";"2,42328000"
"202300019419";"15";"10";"2023";"19:40";"3";"93";"93007";"1";"1";"1";"6";"AUTOROUTE A1";"48,95481000";"2,45745000"
"202300019420";"15";"10";"2023";"15:30";"1";"93";"93066";"1";"1";"1";"5";"AUTOROUTE A1";"48,91854000";"2,35757000"
"202300019421";"14";"10";"2023";"20:00";"3";"92";"92036";"1";"1";"2";"4";"AUTOROUTE A15";"48,93788866";"2,29766722"
"202300019422";"15";"10";"2023";"20:30";"3";"94";"94004";"1";"1";"1";"3";"N19";"48,75524349";"2,50744352"
"202300019423";"15";"10";"2023";"05:45";"3";"77";"77373";"1";"1";"1";"2";"RN104";"48,77186057";"2,61192396"
"202300019424";"22";"04";"2023";"15:50";"1";"29";"29232";"1";"1";"2";"6";"Rond-Point de Troyalac'h";"47,97846000";" -4,01754000"
"202300019425";"12";"10";"2023";"01:30";"4";"57";"57463";"2";"1";"1";"6";"GABRIEL PIERNE (RUE )";"49,10164000";"6,17823000"
"202300019426";"18";"07";"2023";"20:35";"1";"62";"62160";"2";"1";"1";"7";"Boulevard Beaucerf";"50,71788199";"1,61247687"
"202300019427";"22";"04";"2023";"19:00";"1";"27";"27681";"2";"2";"1";"5";"AZEMIA (BOULEVARD GEORGES)";"49,08204850";"1,48214130"
"202300019428";"22";"05";"2023";"19:30";"1";"62";"62160";"2";"1";"1";"3";"D96";"50,71125700";"1,61386800"
"202300019429";"22";"04";"2023";"20:35";"3";"25";"25056";"2";"1";"2";"6";"GRAY ROUTE DE";"47,24679600";"5,98331500"