"Num_Acc";"jour";"mois";"an";"hrmn";"lum";"dep";"com";"agg";"int";"atm";"col";"adr";"lat";"long"
"202300019430";"16";"05";"2023";"19:20";"1";"62";"62758";"2";"6";"1";"3";"Rue au Bois";"50,73136000";"1,63026000"
"202300019431";"22";"04";"2023";"14:13";"1";"13";"13205";"2";"2";"1";"3";"BERCEAU (RUE)";"43,28815000";"5,39523000"
"202300019432";"14";"10";"2023";"09:10";"1";"976";"97611";"2";"1";"1";"6";"vahibe-Vietnam (rue)";" -12,79044000";"45,17674000"
"202300019433";"22";"04";"2023";"19:45";"1";"05";"05023";"2";"1";"1";"2";"GRENOBLE (ROUTE DE)";"44,90228000";"6,64162000"
"202300019434";"21";"04";"2023";"13:00";"1";"03";"03190";"2";"3";"1";"3";"GAULLE (AV. DU GAL. DE)";"46,57460000";"3,32043000"
"202300019435";"14";"10";"2023";"15:50";"1";"974";"97416";"1";"1";"1";"3";"ZONE (ALLEE DE LA)";" -21,32052000";"55,47427000"
"202300019436";"23";"04";"2023";"15:40";"1";"75";"75120";"2";"1";"2";"6";"ECHANGEUR BAGNOLET";"48,86080500";"2,41405700"
"202300019437";"14";"10";"2023";"14:30";"1";"973";"97302";"2";"1";"1";"6";"VOLTAIRE(AVENUE)";"4,94230628";" -52,32265323"
"202300019438";"23";"04";"2023";"02:59";"5";"75";"75105";"2";"3";"1";"6";"BOULEVARD DE L HOPITAL";"48,84186000";"2,36317200"
"202300019439";"14";"10";"2023";"12:00";"1";"973";"97302";"2";"1";"1";"3";"BRUTUS (CITE)";"4,93605634";" -52,31852263"
"202300019440";"23";"04";"2023";"22:30";"5";"75";"75117";"2";"3";"1";"3";"BOULEVARD D AURELLE DE PALADINES";"48,88191500";"2,28337600"
"202300019441";"14";"10";"2023";"00:00";"4";"973";"97302";"2";"1";"1";"3";"FELIX EBOUE(ROCADE)";"4,92764000";" -52,31918000"
"202300019442";"23";"04";"2023";"01:50";"5";"75";"75117";"2";"2";"1";"6";"RUE GUSTAVE FLAUBERT";"48,88155000";"2,29962900"
"202300019443";"14";"10";"2023";"17:15";"1";"69";"69386";"2";"2";"1";"3";"Avenue Maréchal de Saxe";"45,76871000";"4,84388000"
"202300019444";"19";"04";"2023";"11:40";"1";"75";"75116";"2";"3";"1";"3";"AVENUE DE L HIPPODROME";"48,85800000";"2,25268600"
"202300019445";"23";"04";"2023";"22:00";"5";"75";"75115";"2";"7";"2";"2";"PLACE CAMBRONNE";"48,84787200";"2,30122700"
"202300019446";"14";"10";"2023";"18:00";"1";"69";"69034";"2";"6";"1";"2";"Rue Jean Moulin";"45,80239743";"4,85079233"
"202300019447";"23";"04";"2023";"18:40";"1";"75";"75115";"2";"3";"2";"3";"AVENUE FELIX FAURE";"48,83983300";"2,28482700"
"202300019448";"13";"10";"2023";"15:10";"1";"69";"69202";"2";"2";"1";"3";"106 Route de la Libération";"45,72435000";"4,77929000"
"202300019449";"22";"04";"2023";"12:40";"1";"75";"75113";"2";"3";"1";"5";"RUE CHARLES FOURIER";"48,82533900";"2,35106000"
"202300019450";"14";"10";"2023";"11:00";"1";"86";"86194";"2";"1";"1";"2";"Avenue de la Revolution";"46,58531000";"0,38164000"
"202300019451";"23";"04";"2023";"10:25";"1";"75";"75112";"2";"1";"2";"2";"RUE DE CHARENTON";"48,85130700";"2,37232300"
"202300019452";"14";"10";"2023";"19:35";"5";"84";"84031";"2";"9";"1";"7";"COMTAT VENAISSIN";"44,04554000";"5,05994000"
"202300019453";"23";"04";"2023";"00:00";"4";"75";"75112";"2";"1";"1";"6";"ROUTE DE LA PYRAMIDE";"48,82954200";"2,45109300"
"202300019454";"13";"10";"2023";"23:13";"5";"83";"83137";"2";"7";"1";"4";"JURIEN DE LA GRAVIERE (PLACE)";"43,12648002";"5,92142506"
"202300019455";"23";"04";"2023";"20:55";"3";"75";"75111";"2";"3";"2";"1";"AVENUE PARMENTIER";"48,86262400";"2,37649300"
"202300019456";"23";"04";"2023";"18:45";"1";"75";"75101";"2";"2";"2";"6";"RUE DU PONT NEUF";"48,85949000";"2,34355000"
"202300019457";"14";"10";"2023";"19:45";"2";"82";"82121";"2";"2";"1";"3";"HERRIOT (BOULEVARD EDOUARD)";"44,01521757";"1,36557814"
"202300019458";"23";"04";"2023";"15:20";"1";"75";"75104";"2";"2";"2";"6";"RUE DE RIVOLI";"48,85613000";"2,35710800"
"202300019459";"13";"10";"2023";"16:05";"1";"77";"77333";"2";"1";"1";"3";"D225";"48,26488000";"2,71067000"
"202300019460";"23";"04";"2023";"13:29";"1";"75";"75102";"2";"3";"2";"5";"BOULEVARD DE BONNE NOUVELLE";"48,87005300";"2,35097600"
"202300019461";"14";"10";"2023";"19:15";"5";"71";"71270";"2";"1";"1";"6";"MISTRAL (RUE FREDERIC)";"46,28927000";"4,80988000"
"202300019462";"22";"04";"2023";"22:30";"5";"94";"94081";"2";"2";"1";"3";"Voie des Monis";"48,78077000";"2,38279000"
"202300019463";"14";"10";"2023";"21:10";"5";"69";"69266";"2";"3";"1";"1";"Rue du 1 Mars 1943";"45,75992000";"4,88896000"
"202300019464";"23";"04";"2023";"15:25";"1";"94";"94028";"2";"1";"8";"2";"Avenue des Compagnons de la Libération";"48,77755000";"2,45562000"
"202300019465";"14";"10";"2023";"19:20";"5";"69";"69290";"2";"1";"1";"1";"40 Rue Anatole France";"45,69343000";"4,93215000"
"202300019466";"14";"10";"2023";"12:40";"1";"69";"69259";"2";"1";"1";"6";"Avenue Marcel Cachin";"45,69389000";"4,87510000"
"202300019467";"14";"10";"2023";"06:00";"3";"69";"69271";"1";"1";"8";"7";"Route de Lyon";"45,74324000";"4,94185000"
"202300019468";"23";"04";"2023";"13:05";"1";"92";"92049";"2";"3";"2";"6";"GINOUX AV. HENRI N°1 A 95 ET 2 A 104";"48,81587013";"2,32088998"
"202300019469";"23";"04";"2023";"03:15";"5";"92";"92044";"2";"1";"1";"6";"VIC. HUGO(RUE)091A113 ET 112A146";"48,89712837";"2,29542911"
"202300019470";"23";"04";"2023";"18:26";"1";"92";"92026";"2";"9";"2";"6";"MISSION MARCHAND (COTE PAIR)";"48,89628000";"2,24048000"
"202300019471";"23";"04";"2023";"15:10";"1";"92";"92014";"2";"1";"1";"6";"MONTROUGE (AVENUE DE)";"48,78517338";"2,31016785"
"202300019472";"13";"10";"2023";"09:45";"1";"68";"68376";"2";"1";"1";"7";"MINES (RUE DES)";"47,80529000";"7,33594000"
"202300019473";"23";"04";"2023";"12:29";"1";"974";"97415";"1";"1";"1";"5";"Rue gabriel guist'hau";" -21,01553600";"55,27120300"
"202300019474";"14";"10";"2023";"01:40";"3";"67";"67458";"1";"1";"1";"1";"RD 1063";"48,80735500";"7,75156700"
"202300019475";"22";"04";"2023";"20:45";"3";"974";"97415";"1";"1";"1";"7";"Route des Tamarins RN1";" -21,02202100";"55,25616600"
"202300019476";"14";"10";"2023";"10:20";"1";"64";"64483";"2";"1";"8";"6";"SALLAGOITY GARRA (RUE)";"43,38757000";" -1,65889000"
"202300019477";"14";"10";"2023";"16:20";"1";"64";"64445";"2";"1";"1";"2";"ALSACE LORRAINE D'";"43,30312000";" -0,36295000"
"202300019478";"24";"04";"2023";"07:00";"1";"976";"97610";"1";"1";"1";"5";"ROUTE NATIONALE MAJICAVO KOROPA";" -12,73489730";"45,19932032"
"202300019479";"14";"10";"2023";"12:41";"1";"63";"63113";"2";"1";"1";"3";"MICHELIN (AVENUE EDOUARD)";"45,78170234";"3,10041100"
"202300019480";"14";"10";"2023";"03:20";"5";"63";"63113";"2";"3";"1";"1";"Montlosier / Richepin";"45,78144661";"3,08863878"
"202300019481";"23";"04";"2023";"17:30";"1";"24";"24462";"1";"1";"2";"5";"D6089";"45,03137800";"0,31430300"
"202300019482";"15";"10";"2023";"00:20";"5";"62";"62178";"2";"1";"8";"1";"Rue Emile Basly";"50,48411039";"2,53545231"
"202300019483";"10";"10";"2023";"08:55";"1";"59";"59172";"2";"1";"1";"3";"RUE ALEXANDRE BAUDUIN";"50,34493625";"3,38184215"
"202300019484";"20";"04";"2023";"13:15";"1";"40";"40065";"2";"3";"1";"3";"85 Av Mal de Lattre de Tassigny";"43,64986400";" -1,44443400"
"202300019485";"13";"10";"2023";"22:20";"5";"59";"59033";"2";"6";"1";"1";"Rue Anatole France";"50,20145600";"3,82517100"
"202300019486";"14";"10";"2023";"19:40";"5";"59";"59378";"2";"2";"1";"3";"BUISSON RUE DU";"50,65612000";"3,09001000"
"202300019487";"24";"04";"2023";"10:35";"1";"67";"67073";"1";"1";"8";"1";"Rue de Ville";"48,29137800";"7,36318400"
"202300019488";"13";"10";"2023";"22:30";"5";"59";"59247";"2";"1";"1";"3";"PRINCIPALE RUE";"50,63509000";"3,18839000"
"202300019489";"23";"04";"2023";"16:50";"1";"972";"97206";"1";"1";"1";"1";"Fond Manoel";"14,49491400";" -60,98823000"
"202300019490";"10";"10";"2023";"17:00";"1";"54";"54528";"2";"2";"1";"3";"Avenue du General Bigeard";"48,67027000";"5,89054000"
"202300019491";"23";"04";"2023";"17:00";"1";"64";"64382";"1";"1";"1";"6";"Route Départementale 946";"43,48545800";" -0,65600400"
"202300019492";"23";"04";"2023";"08:00";"1";"21";"21223";"1";"1";"5";"6";"M971 Route de Troyes";"47,35989200";"4,97650600"
"202300019493";"13";"10";"2023";"16:50";"1";"51";"51454";"2";"3";"1";"1";"BRIMONTEL (RUE)";"49,27382500";"4,03340000"
"202300019494";"23";"04";"2023";"15:10";"1";"62";"62021";"1";"1";"3";"6";"D126";"50,50721100";"1,85045600"
"202300019495";"23";"04";"2023";"15:59";"1";"57";"57554";"1";"1";"3";"7";"D113F";"49,01798200";"6,20335900"
"202300019496";"21";"04";"2023";"17:00";"1";"80";"80488";"2";"1";"1";"6";"Rue de la Division Leclerc";"50,01394100";"1,99086400"
"202300019497";"14";"10";"2023";"10:20";"1";"50";"50129";"2";"1";"1";"3";"SALINE (BOULEVARD DE LA)";"49,65397000";" -1,64922000"
"202300019498";"22";"04";"2023";"11:50";"1";"32";"32190";"1";"1";"2";"7";"D626";"43,79549300";"0,24695600"
"202300019499";"15";"10";"2023";"00:01";"5";"49";"49007";"2";"1";"1";"4";"PASTEUR";"47,47488000";" -0,53587000"
"202300019500";"22";"04";"2023";"16:40";"1";"32";"32384";"1";"1";"2";"1";"D 930 / PK 005+385";"43,71284400";"0,50707700"
"202300019501";"13";"10";"2023";"14:00";"1";"49";"49007";"2";"3";"1";"3";"MIMOSAS";"47,48140000";" -0,52348000"
"202300019502";"24";"04";"2023";"16:17";"1";"63";"63195";"2";"1";"1";"6";"1 Rue des Augustins";"45,82815600";"3,37861800"
"202300019503";"13";"10";"2023";"12:00";"1";"48";"48095";"2";"1";"1";"6";"GENEVRIERS (RUE DES)";"44,52756000";"3,50773000"
"202300019504";"23";"04";"2023";"15:21";"1";"63";"63178";"2";"3";"1";"3";"Bizaleix/  Eugène Barbet";"45,54608300";"3,22563500"
"202300019505";"14";"10";"2023";"03:14";"5";"38";"38185";"2";"1";"1";"1";"RUE JULES FLANDRIN";"45,18821000";"5,74601000"
"202300019506";"24";"04";"2023";"02:00";"3";"68";"68139";"1";"1";"2";"7";"D432";"47,60541900";"7,22537600"
"202300019507";"23";"04";"2023";"17:50";"1";"22";"22101";"1";"1";"1";"1";"D72 TRAOU ROUT";"48,74821000";" -3,30800100"
"202300019508";"14";"10";"2023";"22:40";"5";"34";"34172";"2";"3";"1";"3";"PONT TRINQUAT (AVENUE DU";"43,59550000";"3,89679000"
"202300019509";"24";"04";"2023";"15:54";"1";"44";"44212";"1";"2";"1";"3";"Les Courreres";"47,19534800";" -1,24937100"
"202300019510";"14";"10";"2023";"23:25";"5";"33";"33063";"2";"3";"1";"3";"RUE RENE MAGNE";"44,88885000";" -0,54120000"
"202300019511";"23";"04";"2023";"12:55";"1";"35";"35302";"1";"2";"2";"3";"Le Rosay";"48,17560778";" -2,13384479"
"202300019512";"13";"04";"2023";"08:20";"1";"15";"15169";"2";"3";"8";"3";"RD 236 rue du paradis";"45,33770700";"2,48192000"
"202300019513";"24";"04";"2023";"14:07";"1";"70";"70245";"1";"2";"1";"5";"N57";"47,92345300";"6,42347200"
"202300019514";"19";"04";"2023";"15:30";"1";"70";"70129";"2";"2";"7";"3";"Carrefour RD5 / RD23";"47,47550900";"5,81352700"
"202300019515";"22";"04";"2023";"12:40";"1";"26";"26112";"1";"1";"1";"6";"RD94";"44,38803700";"5,23263000"
"202300019516";"24";"04";"2023";"02:40";"3";"66";"66167";"2";"1";"2";"6";"N/A";"42,45715600";"2,03806700"
"202300019517";"24";"04";"2023";"02:50";"5";"64";"64542";"1";"1";"1";"7";"N1134 PK 119.900";"42,79273200";" -0,54390371"
"202300019518";"23";"04";"2023";"19:30";"1";"10";"10426";"1";"1";"2";"6";"N/A";"48,16626521";"4,77608465"
"202300019519";"23";"04";"2023";"18:20";"1";"88";"88486";"2";"1";"3";"1";"57 Rue des Grands Prés";"48,01313400";"6,73194400"
"202300019520";"4";"07";"2023";"09:25";"1";"75";"75113";"2";"1";"1";"3";"BD PERIPHERIQUE EXTERIEUR";"48,81688000";"2,34832600"
"202300019521";"16";"06";"2023";"12:40";"1";"75";"75106";"2";"2";"1";"3";"BOULEVARD SAINT GERMAIN";"48,85316100";"2,33593900"
"202300019522";"23";"04";"2023";"22:20";"5";"06";"06152";"1";"6";"1";"6";"route des dolines";"43,61767000";"7,03791300"
"202300019523";"4";"07";"2023";"09:00";"1";"75";"75119";"2";"3";"1";"6";"BOULEVARD MACDONALD";"48,89891293";"2,38256747"
"202300019524";"22";"04";"2023";"22:20";"3";"49";"49167";"1";"1";"1";"2";"A87n";"47,40584000";" -0,50968900"
"202300019525";"23";"04";"2023";"13:25";"1";"34";"34340";"1";"1";"1";"1";"A9 aire d'ambrussum sud";"43,71217700";"4,13105200"
"202300019526";"3";"07";"2023";"20:00";"1";"75";"75119";"2";"2";"1";"5";"RUE BOTZARIS";"48,87957200";"2,38950100"
"202300019527";"24";"04";"2023";"08:00";"1";"17";"17142";"1";"1";"1";"1";"départementale 9  PK 000+105";"46,17684400";" -1,07088400"
"202300019528";"4";"07";"2023";"21:30";"5";"75";"75117";"2";"2";"3";"6";"BOULEVARD MALESHERBES";"48,88522100";"2,30725100"
"202300019529";"24";"04";"2023";"09:00";"1";"38";"38067";"1";"4";"1";"3";"RD 75";"45,67032400";"5,15070000"
"202300019530";"4";"07";"2023";"17:20";"1";"75";"75117";"2";"3";"1";"3";"AVENUE NIEL";"48,88322800";"2,29660600"
"202300019531";"24";"04";"2023";"06:45";"1";"974";"97403";"1";"1";"1";"1";"Route Departemental 26";" -21,26698500";"55,46460600"
"202300019532";"4";"07";"2023";"08:50";"1";"75";"75117";"2";"4";"1";"2";"BOULEVARD DE DOUAUMONT";"48,89627100";"2,30998900"
"202300019533";"24";"04";"2023";"13:20";"1";"77";"77231";"2";"1";"1";"3";"D17E";"48,99765900";"3,00720700"
"202300019534";"4";"07";"2023";"19:50";"1";"75";"75116";"2";"2";"2";"3";"AVENUE DE LA GRANDE ARMEE";"48,87437800";"2,29293500"
"202300019535";"24";"04";"2023";"08:00";"1";"83";"83065";"1";"1";"1";"5";"D559";"43,22127600";"6,57077900"
"202300019536";"4";"07";"2023";"09:20";"1";"75";"75116";"2";"2";"1";"1";"VOIE GEORGES POMPIDOU";"48,84712700";"2,27470900"
"202300019537";"23";"04";"2023";"19:30";"1";"13";"13035";"1";"1";"2";"1";"D569";"43,67949600";"5,02849800"
"202300019538";"4";"07";"2023";"08:00";"1";"75";"75116";"2";"7";"1";"3";"PLACE CHARLES DE GAULLE";"48,87324100";"2,29467400"
"202300019539";"24";"04";"2023";"15:00";"1";"68";"68154";"2";"1";"1";"3";"73 Rue des Vosges";"47,77850100";"7,34956200"
"202300019540";"21";"04";"2023";"02:20";"3";"67";"67368";"1";"1";"1";"7";"RD 426";"48,43244700";"7,39360600"
"202300019541";"4";"07";"2023";"08:25";"1";"75";"75116";"2";"3";"1";"2";"CHAUSSEE LA MUETTE";"48,85830900";"2,27264200"
"202300019542";"3";"07";"2023";"19:43";"1";"75";"75115";"2";"3";"1";"6";"PLACE VIOLET";"48,84465800";"2,29050200"
"202300019543";"24";"04";"2023";"13:25";"1";"33";"33433";"1";"1";"1";"5";"25 Route d'Ambarés";"44,92036100";" -0,44767700"
"202300019544";"4";"07";"2023";"16:20";"1";"75";"75114";"2";"1";"1";"6";"BOULEVARD EDGAR QUINET";"48,83895110";"2,32671350"
"202300019545";"3";"07";"2023";"16:15";"1";"75";"75114";"2";"2";"1";"6";"RUE DIDOT";"48,82922700";"2,31731600"
"202300019546";"21";"04";"2023";"14:25";"1";"33";"33436";"1";"1";"1";"1";"D111";"44,60658632";" -0,62040567"
"202300019547";"3";"07";"2023";"12:15";"1";"75";"75114";"2";"3";"1";"6";"AVENUE DU GENERAL LECLERC";"48,82476800";"2,32597300"
"202300019548";"23";"04";"2023";"15:40";"1";"02";"02186";"2";"9";"1";"6";"9 Chemin du Csa";"48,98431400";"3,39857000"
"202300019549";"4";"07";"2023";"09:20";"1";"75";"75113";"2";"1";"1";"3";"BOULEVARD SAINT MARCEL";"48,83921200";"2,35933000"
"202300019550";"23";"04";"2023";"17:42";"1";"13";"13033";"1";"1";"1";"5";"A55-Sens Martigues vers Marseille";"43,38065000";"5,21414000"
"202300019551";"4";"07";"2023";"12:40";"1";"75";"75112";"2";"1";"1";"3";"RUE DE BERCY";"48,84394500";"2,37302400"
"202300019552";"18";"04";"2023";"20:00";"1";"69";"69256";"2";"1";"1";"2";"Rocade est";"45,79762000";"4,92732000"
"202300019553";"4";"07";"2023";"09:23";"1";"75";"75112";"2";"1";"7";"1";"QUAI DE BERCY";"48,82742956";"2,38927567"
"202300019554";"4";"07";"2023";"11:30";"1";"75";"75110";"2";"3";"1";"6";"RUE DU HUIT MAI 1945";"48,87630335";"2,35745260"
"202300019555";"23";"04";"2023";"17:39";"1";"94";"94034";"1";"1";"1";"4";"A86";"48,76069661";"2,31909804"
"202300019556";"15";"06";"2023";"14:20";"1";"94";"94074";"2";"2";"1";"1";"Avenue du Rû de Gironde";"48,74204000";"2,46621000"
"202300019557";"23";"04";"2023";"16:45";"1";"91";"91377";"1";"1";"1";"2";"AUTOROUTE A10";"48,72728000";"2,30353000"
"202300019558";"3";"07";"2023";"10:15";"1";"94";"94043";"2";"1";"1";"3";"117 Avenue de Fontainebleau";"48,80852500";"2,36298100"
"202300019559";"22";"04";"2023";"11:50";"1";"91";"91617";"1";"1";"2";"6";"104 EXT/ A5A PROVINCE";"48,63543000";"2,53562000"
"202300019560";"2";"07";"2023";"07:45";"1";"94";"94002";"2";"1";"8";"5";"Avenue du Général Leclerc";"48,79999000";"2,41915000"
"202300019561";"23";"04";"2023";"11:10";"1";"91";"91136";"1";"1";"1";"7";"AUTOROUTE A10";"48,71365900";"2,27604700"
"202300019562";"23";"04";"2023";"16:15";"1";"93";"93027";"1";"1";"8";"6";"BDL";"48,92686000";"2,40338000"
"202300019563";"4";"07";"2023";"16:00";"1";"93";"93073";"2";"2";"2";"3";"Avenue Albert Sarraut / Rue de Berry";"48,94304000";"2,58852000"
"202300019564";"23";"04";"2023";"11:00";"1";"93";"93027";"1";"1";"8";"2";"AUTOROUTE A86";"48,92855498";"2,41576754"
"202300019565";"3";"07";"2023";"22:00";"5";"93";"93078";"2";"2";"1";"3";"Boulevard Robert Ballanger / Avenue Jean Paul Sartre";"48,96011000";"2,55306000"
"202300019566";"23";"04";"2023";"11:40";"1";"95";"95582";"1";"1";"8";"6";"A15";"48,96346787";"2,26421667"
"202300019567";"23";"04";"2023";"12:25";"1";"93";"93064";"1";"1";"8";"6";"AUTOROUTE A86";"48,87833813";"2,47687816"
"202300019568";"4";"07";"2023";"18:07";"1";"93";"93070";"2";"2";"1";"3";"Avenue Gabriel Péri / Rue des Rosiers";"48,90841000";"2,33254000"
"202300019569";"15";"06";"2023";"13:30";"1";"93";"93066";"2";"1";"1";"6";"Rue Jules Védrines";"48,94699000";"2,36102000"
"202300019570";"22";"04";"2023";"23:17";"3";"95";"95154";"1";"1";"1";"5";"A1";"49,04933106";"2,54743338"
"202300019571";"22";"04";"2023";"07:30";"1";"93";"93053";"1";"1";"3";"6";"AUTOROUTE A3";"48,88709775";"2,47365447"
"202300019572";"4";"07";"2023";"17:45";"1";"93";"93048";"2";"1";"1";"6";"Rue des Grands Pechers";"48,86000221";"2,46566623"
"202300019573";"12";"02";"2023";"20:10";"5";"69";"69386";"2";"1";"1";"6";"19 Allée Achille Lignon";"45,78257000";"4,85015000"
"202300019574";"3";"07";"2023";"11:50";"1";"93";"93030";"2";"2";"1";"3";"Avenue Louis Larivière / Rue Daniel Sueur";"48,95284000";"2,41645000"
"202300019575";"21";"04";"2023";"15:15";"1";"976";"97611";"2";"1";"1";"6";"cavani-Rond point du Stade";" -12,78367000";"45,22255000"
"202300019576";"21";"04";"2023";"14:15";"1";"976";"97611";"2";"1";"1";"6";"vahibe-Departementale 3 ( route )";" -12,80182000";"45,21189000"
"202300019577";"4";"07";"2023";"20:34";"1";"93";"93005";"2";"6";"3";"1";"Boulevard André Citroën";"48,96030445";"2,48819189"
"202300019578";"22";"04";"2023";"02:15";"3";"974";"97416";"1";"9";"1";"3";"RN02";" -21,34930000";"55,50301000"
"202300019579";"4";"07";"2023";"07:35";"1";"92";"92073";"2";"3";"1";"7";"CHENES (RUE DES)";"48,88098600";"2,22708100"
"202300019580";"21";"04";"2023";"14:50";"1";"69";"69383";"2";"1";"1";"6";"Cours Gambetta";"45,75425000";"4,84612000"
"202300019581";"4";"07";"2023";"16:15";"1";"92";"92064";"2";"1";"1";"3";"PORTE JAUNE";"48,85007076";"2,20305499"
"202300019582";"3";"07";"2023";"17:20";"1";"92";"92049";"2";"1";"1";"3";"BROSSOLETTE AVENUE PIERRE";"48,81495877";"2,30411544"
"202300019583";"21";"04";"2023";"02:00";"5";"69";"69386";"2";"2";"1";"3";"Rue de Sèze";"45,76853000";"4,85054000"
"202300019584";"20";"04";"2023";"23:30";"5";"2A";"2A004";"2";"1";"1";"6";"VITTULO ROUTE DU";"41,92915000";"8,72713000"
"202300019585";"4";"07";"2023";"18:45";"1";"92";"92048";"2";"1";"2";"2";"PEPINIERE (RUE DE LA)";"48,78536731";"2,22440913"
"202300019586";"4";"07";"2023";"15:40";"1";"92";"92040";"2";"1";"2";"3";"AUGUSTE GERVAIS";"48,82365160";"2,27302802"
"202300019587";"21";"04";"2023";"14:30";"1";"91";"91589";"2";"1";"1";"6";"RUE DU MAIL";"48,67543200";"2,35357900"
"202300019588";"1";"07";"2023";"20:15";"1";"92";"92004";"2";"2";"1";"3";"MENIL";"48,92035620";"2,28424028"
"202300019589";"20";"04";"2023";"13:43";"1";"86";"86066";"2";"1";"1";"7";"D910";"46,83747100";"0,54758400"
"202300019590";"5";"07";"2023";"12:30";"1";"974";"97415";"2";"1";"1";"3";"33 Chemin Louis des Jardins";" -20,97811500";"55,33015800"
"202300019591";"20";"04";"2023";"09:15";"1";"83";"83129";"2";"1";"1";"6";"DE GAULLE (PROMENADE CHARLES)";"43,11531537";"5,80883092"
"202300019592";"4";"07";"2023";"19:00";"1";"49";"49244";"1";"1";"1";"1";"La Chenillère (Le Marillais)";"47,35604000";" -1,04601300"
"202300019593";"22";"04";"2023";"00:40";"5";"79";"79259";"2";"1";"1";"7";"N/A";"46,96686900";" -0,20541000"
"202300019594";"2";"07";"2023";"07:02";"2";"24";"24462";"1";"1";"1";"1";"départementale 6089";"45,03271300";"0,31731600"
"202300019595";"20";"04";"2023";"19:05";"1";"79";"79329";"2";"2";"1";"2";"N/A";"46,99254600";" -0,21692000"
"202300019596";"21";"04";"2023";"14:20";"1";"78";"78498";"2";"2";"1";"1";"DEVAUX BD";"48,93110000";"2,04591000"
"202300019597";"5";"07";"2023";"01:15";"3";"52";"52206";"1";"1";"1";"6";"D153a";"48,52301400";"4,80769900"
"202300019598";"21";"04";"2023";"05:40";"5";"78";"78672";"2";"1";"1";"2";"DE VOISINS AVENUE DU PRESIDENT GILBERT";"48,92823000";"2,00572000"
"202300019599";"3";"04";"2023";"16:15";"1";"76";"76540";"2";"1";"1";"3";"Quai de Paris";"49,43637328";"1,09939992"
"202300019600";"4";"07";"2023";"20:00";"1";"16";"16204";"1";"3";"1";"3";"route du colombier";"45,57191700";" -0,09377000"
"202300019601";"21";"04";"2023";"07:55";"1";"76";"76681";"2";"2";"1";"3";"Rue Victor Hugo";"49,41201000";"1,09638000"
"202300019602";"5";"07";"2023";"18:05";"1";"21";"21665";"1";"1";"1";"2";"A31";"47,67710900";"5,17682400"
"202300019603";"21";"04";"2023";"08:55";"1";"76";"76341";"1";"4";"1";"6";"RD 6015";"49,50320000";"0,19422000"
"202300019604";"16";"06";"2023";"20:00";"1";"69";"69285";"2";"3";"7";"3";"Rue des Canuts";"45,76428200";"5,06373700"
"202300019605";"20";"04";"2023";"02:10";"5";"76";"76351";"2";"6";"1";"3";"MARCEAU (RUE)";"49,49181000";"0,13285000"
"202300019606";"4";"07";"2023";"14:37";"1";"21";"21244";"1";"1";"1";"4";"A6";"47,30661900";"4,50198100"
"202300019607";"20";"04";"2023";"11:25";"1";"72";"72181";"2";"3";"1";"2";"SABLONS RUE DES N° IMP 61 ET >";"47,98883000";"0,21484000"
"202300019608";"4";"07";"2023";"14:15";"1";"22";"22193";"1";"1";"2";"6";"RN 12 PR 031+300 sens Brest vers Rennes";"48,42261700";" -2,45188500"
"202300019609";"5";"07";"2023";"06:40";"1";"22";"22206";"1";"1";"1";"2";"RN 12 PR 076+500";"48,52979300";" -2,98798100"
"202300019610";"19";"04";"2023";"08:48";"1";"72";"72181";"2";"2";"1";"3";"ESTOURNELLES DE CONSTANT PAUL (BD D')";"48,01660000";"0,15737000"
"202300019611";"19";"04";"2023";"15:00";"1";"71";"71270";"2";"1";"1";"6";"MICHEL (RUE LOUISE)";"46,32760000";"4,82770000"
"202300019612";"4";"07";"2023";"07:20";"1";"26";"26010";"1";"2";"1";"3";"Rue Raymond Alleon";"45,27161500";"4,83523200"
"202300019613";"21";"04";"2023";"19:50";"1";"69";"69286";"2";"1";"1";"3";"Avenue de l'Europe";"45,81910292";"4,90636398"
"202300019614";"4";"07";"2023";"17:15";"1";"30";"30202";"1";"1";"1";"3";"N/A";"44,24748900";"4,65052100"
"202300019615";"21";"04";"2023";"12:15";"1";"69";"69264";"2";"9";"1";"7";"Route de Frans";"45,98445000";"4,73396000"
"202300019616";"3";"07";"2023";"18:00";"1";"19";"19108";"1";"1";"1";"7";"D22";"45,70958100";"2,47597900"
"202300019617";"21";"04";"2023";"14:00";"1";"69";"69276";"2";"1";"1";"1";"Avenue Albert Ramboz";"45,67764155";"4,84789869"
"202300019618";"5";"07";"2023";"15:30";"1";"56";"56173";"1";"1";"1";"6";"Kerlaria";"47,95390700";" -3,00979300"
"202300019619";"2";"07";"2023";"20:50";"1";"2A";"2A085";"1";"1";"1";"6";"route territoriale 40";"41,91719200";"8,89751000"
"202300019620";"21";"04";"2023";"09:05";"1";"69";"69029";"2";"6";"8";"3";"Carrefour des Marauders";"45,73320955";"4,93140935"
"202300019621";"21";"04";"2023";"20:21";"1";"68";"68066";"2";"1";"1";"3";"Avenue de la Foire aux Vins";"48,09668000";"7,35650000"
"202300019622";"4";"07";"2023";"14:45";"1";"80";"80371";"1";"1";"1";"1";"D928";"50,21994600";"1,92063300"
"202300019623";"5";"07";"2023";"12:45";"1";"81";"81101";"1";"1";"1";"7";"";"43,97989330";"2,17386840"
"202300019624";"14";"04";"2023";"22:29";"5";"67";"67462";"2";"3";"1";"6";"PAUL DEROULEDE (RUE)";"48,26053000";"7,45138000"
"202300019625";"21";"04";"2023";"21:05";"3";"64";"64373";"1";"9";"1";"6";"MORTIMER DE LASSENCE";"43,26161000";" -0,35530000"