"Num_Acc";"jour";"mois";"an";"hrmn";"lum";"dep";"com";"agg";"int";"atm";"col";"adr";"lat";"long"
"202300019825";"3";"07";"2023";"07:20";"1";"63";"63032";"2";"6";"1";"3";"av Europe /rue Champclos";"45,75425694";"3,09281766"
"202300019826";"8";"08";"2023";"07:00";"1";"06";"06123";"2";"9";"7";"2";"SAUVAIGO PIERRE AVENUE";"43,66436000";"7,18608000"
"202300019827";"3";"07";"2023";"22:06";"5";"57";"57463";"2";"1";"1";"7";"ROBERT SCHUMAN (AVENUE )";"49,11282000";"6,17132000"
"202300019828";"4";"08";"2023";"23:30";"5";"06";"06155";"2";"1";"1";"6";"CLEMENCEAU AV.GEORGES";"43,57466700";"7,05685300"
"202300019829";"1";"07";"2023";"22:15";"5";"56";"56121";"2";"2";"1";"3";"CARNOT (RUE  LAZARE )";"47,74271000";" -3,36072000"
"202300019830";"25";"07";"2023";"14:27";"1";"05";"05061";"2";"2";"1";"3";"JEAN MOULIN ( CARREFOUR)";"44,56002000";"6,07569000"
"202300019831";"2";"07";"2023";"10:40";"1";"56";"56121";"2";"3";"1";"6";"7 Rue Étienne Pérault";"47,74467000";" -3,36320000"
"202300019832";"8";"08";"2023";"18:35";"1";"75";"75120";"2";"1";"1";"3";"PORTE DE BAGNOLET";"48,85903300";"2,41411000"
"202300019833";"2";"07";"2023";"08:40";"1";"54";"54395";"2";"3";"1";"6";"Rue de Belfort";"48,68512000";"6,16890000"
"202300019834";"2";"07";"2023";"13:40";"1";"54";"54329";"2";"2";"1";"3";"RUE DES BOSQUETS";"48,59223000";"6,49755000"
"202300019835";"6";"08";"2023";"20:00";"1";"75";"75114";"2";"1";"1";"4";"PORTE D ORLEANS";"48,82056200";"2,32311200"
"202300019836";"8";"08";"2023";"18:05";"1";"75";"75105";"2";"1";"1";"1";"QUAI SAINT BERNARD";"48,84787600";"2,35945400"
"202300019837";"1";"07";"2023";"02:30";"4";"54";"54329";"2";"2";"1";"6";"RUE CHARLES GUERIN";"48,59032000";"6,49851000"
"202300019838";"8";"08";"2023";"11:40";"1";"75";"75120";"2";"1";"1";"3";"RUE DES PYRENEES";"48,86046000";"2,40061000"
"202300019839";"8";"08";"2023";"00:25";"5";"75";"75120";"2";"2";"1";"3";"RUE DES PYRENEES";"48,85270700";"2,40612400"
"202300019840";"3";"07";"2023";"16:45";"1";"51";"51454";"2";"2";"1";"3";"DE GAULLE (AVENUE DU GENERAL)";"49,24583000";"4,01768000"
"202300019841";"3";"07";"2023";"08:45";"1";"51";"51454";"2";"1";"1";"6";"VESLE (RUE)";"49,25245500";"4,02579100"
"202300019842";"8";"08";"2023";"21:00";"2";"75";"75118";"2";"3";"1";"6";"BOULEVARD ORNANO";"48,89733100";"2,34485700"
"202300019843";"30";"06";"2023";"19:19";"1";"49";"49267";"2";"1";"1";"7";"HAUTE DES BANCHAIS";"47,48570000";" -0,51131000"
"202300019844";"8";"08";"2023";"08:25";"1";"75";"75117";"2";"3";"1";"3";"RUE JACQUES KELLNER";"48,89584800";"2,32673600"
"202300019845";"1";"07";"2023";"02:46";"4";"49";"49267";"2";"1";"1";"3";"REUX";"47,47016000";" -0,50963000"
"202300019846";"8";"08";"2023";"10:30";"1";"75";"75116";"2";"3";"1";"2";"AVENUE DE VERSAILLES";"48,84151000";"2,26654100"
"202300019847";"2";"07";"2023";"20:34";"1";"49";"49007";"2";"3";"1";"2";"SAINT JACQUES";"47,47384000";" -0,57646000"
"202300019848";"2";"07";"2023";"23:15";"3";"44";"44162";"2";"1";"1";"6";"22 Avenue de Chenonceaux";"47,24010000";" -1,59606000"
"202300019849";"8";"08";"2023";"21:30";"4";"75";"75113";"2";"3";"1";"3";"BOULEVARD VINCENT AURIOL";"48,83722700";"2,37288600"
"202300019850";"3";"07";"2023";"15:40";"1";"37";"37122";"1";"1";"1";"2";"RD 37 sortie Nord";"47,34748184";"0,64619011"
"202300019851";"2";"07";"2023";"10:39";"1";"37";"37261";"2";"1";"1";"1";"PLAT D'ETAIN (RUE DU)";"47,38405000";"0,67448000"
"202300019852";"8";"08";"2023";"17:00";"1";"75";"75101";"2";"3";"1";"3";"BOULEVARD DU PALAIS";"48,85529900";"2,34587700"
"202300019853";"3";"07";"2023";"15:25";"1";"35";"35051";"1";"1";"1";"2";"RN136";"48,13070000";" -1,57399000"
"202300019854";"8";"08";"2023";"14:06";"1";"94";"94044";"2";"1";"1";"1";"Rue Albert Garry";"48,75630000";"2,47230000"
"202300019855";"3";"07";"2023";"11:35";"1";"35";"35238";"2";"2";"1";"3";"BASCULE (DE LA)";"48,11419000";" -1,69424000"
"202300019856";"8";"08";"2023";"19:20";"1";"94";"94068";"2";"2";"1";"3";"Rue du Docteur Roux";"48,79244900";"2,49156000"
"202300019857";"8";"08";"2023";"01:25";"5";"94";"94041";"2";"1";"1";"6";"Avenue de Verdun";"48,80767363";"2,37482464"
"202300019858";"2";"07";"2023";"18:09";"1";"34";"34172";"2";"2";"1";"3";"EUROPE (AVENUE DE L')";"43,63742000";"3,82234000"
"202300019859";"8";"08";"2023";"20:30";"1";"94";"94076";"2";"9";"1";"3";"Rue Jean Mermoz";"48,79461500";"2,36026000"
"202300019860";"4";"07";"2023";"00:30";"5";"31";"31555";"2";"2";"1";"3";"EISENHOWER (AVENUE DU GENERAL)";"43,55810000";"1,40207000"
"202300019861";"21";"07";"2023";"01:30";"5";"94";"94028";"2";"1";"1";"6";"60 Av du Mal de Lattre de Tassigny";"48,79858000";"2,45472000"
"202300019862";"7";"08";"2023";"18:00";"1";"94";"94011";"2";"1";"1";"6";"Avenue de Boissy";"48,76105000";"2,49711000"
"202300019863";"2";"07";"2023";"13:45";"1";"29";"29019";"2";"2";"1";"3";"rue Corot";"48,41425000";" -4,47157000"
"202300019864";"8";"08";"2023";"17:10";"1";"94";"94002";"2";"1";"1";"1";"Rue Marcellin Berthelot";"48,81221000";"2,41272000"
"202300019865";"8";"08";"2023";"12:20";"1";"93";"93073";"2";"1";"1";"6";"Rue du 8 Mai 1945";"48,95287000";"2,56736000"
"202300019866";"3";"07";"2023";"14:20";"1";"28";"28134";"2";"6";"1";"3";"SAINT THIBAULT (RUE)";"48,73270000";"1,35787000"
"202300019867";"8";"08";"2023";"02:00";"3";"93";"93073";"1";"2";"1";"6";"Rue du Chapitre / Rue du Tarteret";"49,00244700";"2,53698400"
"202300019868";"8";"08";"2023";"01:15";"5";"93";"93071";"2";"1";"1";"6";"Rue Augustin Thierry";"48,94044961";"2,52798145"
"202300019869";"5";"08";"2023";"15:15";"1";"93";"93070";"2";"1";"1";"3";"Avenue Michelet";"48,90919994";"2,34418633"
"202300019870";"4";"07";"2023";"00:00";"3";"25";"25056";"1";"1";"1";"6";"RN 1057 (ROUTE DE GRAY-CH.EPITAPHE)";"47,23842000";"5,97932000"
"202300019871";"8";"08";"2023";"22:40";"5";"93";"93066";"2";"1";"1";"5";"Route de la Courneuve";"48,93222654";"2,37581003"
"202300019872";"3";"07";"2023";"13:50";"1";"25";"25056";"2";"1";"8";"3";"rue jacquard";"47,24168000";"5,99378000"
"202300019873";"8";"08";"2023";"20:20";"1";"93";"93064";"2";"1";"1";"3";"Boulevard d'Alsace-Lorraine";"48,88467318";"2,48342924"
"202300019874";"3";"07";"2023";"07:50";"1";"22";"22278";"2";"6";"1";"3";"PARIS (DE)";"48,50377000";" -2,74065000"
"202300019875";"8";"08";"2023";"08:00";"1";"93";"93048";"2";"3";"1";"3";"Rue Hoche / Rue Désiré Préaux";"48,86395000";"2,43167000"
"202300019876";"29";"06";"2023";"17:00";"1";"30";"30032";"1";"1";"1";"4";"";"43,77836000";"4,54504000"
"202300019877";"8";"08";"2023";"09:45";"1";"93";"93050";"2";"1";"1";"3";"Avenue Paul Doumer";"48,85852852";"2,52223114"
"202300019878";"3";"07";"2023";"13:56";"1";"01";"01053";"2";"2";"1";"3";"ALSACE LORRAINE (AVENUE )";"46,20373000";"5,22350000"
"202300019879";"7";"08";"2023";"23:30";"5";"92";"92051";"2";"1";"1";"3";"CHARLES DE GAULLE (AVENUE, N°27 A 129)";"48,87867912";"2,27903634"
"202300019880";"3";"07";"2023";"08:45";"1";"75";"75117";"2";"1";"1";"2";"PORTE DE CLICHY";"48,89612600";"2,30870900"
"202300019881";"8";"08";"2023";"18:10";"1";"92";"92050";"2";"1";"1";"1";"PESARO BOULEVARD DE";"48,89719620";"2,21984178"
"202300019882";"2";"07";"2023";"13:20";"1";"75";"75116";"2";"1";"1";"2";"ECHANGEUR PORTE DAUPHINE";"48,87059700";"2,27235200"
"202300019883";"8";"08";"2023";"18:26";"1";"92";"92040";"2";"2";"1";"2";"ROUGET DE L'ISLE";"48,82913786";"2,26381445"
"202300019884";"5";"08";"2023";"20:45";"1";"92";"92036";"2";"9";"1";"3";"LUCIEN LANTERNIER (AVENUE) (1/17)";"48,93210972";"2,29045764"
"202300019885";"3";"07";"2023";"13:30";"1";"75";"75114";"2";"3";"1";"6";"RUE EMILE DEUTSCH DE LA MEURTHE";"48,82262600";"2,33513800"
"202300019886";"8";"08";"2023";"15:05";"1";"92";"92024";"2";"1";"1";"2";"MARTRE (RUE) DE (1 A 41)";"48,90363071";"2,30564654"
"202300019887";"2";"07";"2023";"08:19";"1";"75";"75118";"2";"4";"1";"1";"ECHANGEUR PORTE DE LA CHAPELLE";"48,90092124";"2,36383688"
"202300019888";"8";"08";"2023";"02:22";"5";"92";"92024";"2";"2";"1";"3";"JEAN JAURES (BD) DE (1 A 45)   (2 A 54)";"48,89999627";"2,30625093"
"202300019889";"7";"08";"2023";"12:10";"1";"92";"92004";"1";"1";"1";"2";"AULAGNIER ( QUAI )";"48,91276000";"2,30391000"
"202300019890";"1";"07";"2023";"02:30";"5";"75";"75119";"2";"1";"2";"3";"BOULEVARD PERIPHERIQUE INTERIEUR NORD  ";"48,89266600";"2,39532100"
"202300019891";"30";"05";"2023";"17:20";"1";"75";"75107";"2";"2";"1";"3";"AVENUE RAPP";"48,86097300";"2,30119500"
"202300019892";"3";"07";"2023";"16:20";"1";"75";"75116";"2";"3";"1";"3";"ROUTE DES LACS A PASSY";"48,85838100";"2,26073700"
"202300019893";"9";"08";"2023";"04:11";"3";"95";"95313";"1";"1";"1";"6";"A16";"49,11325600";"2,25445100"
"202300019894";"3";"07";"2023";"11:00";"1";"75";"75114";"2";"3";"1";"6";"RUE RAYMOND LOSSERAND";"48,83263600";"2,31567400"
"202300019895";"30";"05";"2023";"14:55";"1";"75";"75115";"2";"2";"1";"3";"RUE DU THEATRE";"48,84619000";"2,29517300"
"202300019896";"7";"08";"2023";"12:01";"1";"2A";"2A100";"1";"1";"1";"7";"RD 70";"42,24488100";"8,82772900"
"202300019897";"3";"07";"2023";"08:10";"1";"75";"75114";"2";"3";"1";"6";"RUE D ARCUEIL";"48,82045700";"2,34282700"
"202300019898";"8";"08";"2023";"06:40";"1";"2A";"2A048";"1";"1";"1";"7";"rd 81";"42,03452800";"8,76054500"
"202300019899";"30";"05";"2023";"13:12";"1";"75";"75106";"2";"9";"1";"6";"RUE DE RENNES";"48,84693600";"2,32683300"
"202300019900";"15";"06";"2023";"10:14";"1";"75";"75112";"2";"1";"1";"6";"RUE NICOLAI";"48,83589100";"2,39420100"
"202300019901";"29";"05";"2023";"22:40";"5";"75";"75120";"2";"1";"1";"3";"AVENUE DU DOCTEUR GLEY";"48,87709500";"2,41065700"
"202300019902";"8";"08";"2023";"23:30";"3";"62";"62613";"1";"1";"3";"6";"D131";"50,66891300";"2,05667300"
"202300019903";"3";"07";"2023";"14:00";"1";"75";"75111";"2";"2";"1";"3";"BOULEVARD VOLTAIRE";"48,85975000";"2,37684700"
"202300019904";"30";"05";"2023";"10:10";"1";"75";"75119";"2";"3";"1";"3";"AVENUE DE LAUMIERE";"48,88324600";"2,38110800"
"202300019905";"2";"07";"2023";"10:10";"1";"75";"75111";"2";"9";"1";"2";"AVENUE PHILIPPE AUGUSTE";"48,85352800";"2,39273400"
"202300019906";"5";"08";"2023";"09:45";"1";"38";"38019";"2";"1";"1";"1";"Route Nationale 7 Village";"45,42341581";"4,81787770"
"202300019907";"3";"07";"2023";"15:15";"1";"94";"94034";"2";"9";"1";"3";"Avenue de la Division Leclerc";"48,76104000";"2,31840000"
"202300019908";"30";"05";"2023";"09:45";"1";"75";"75119";"2";"2";"1";"3";"RUE DE BELLEVILLE";"48,87545900";"2,39228800"
"202300019909";"3";"07";"2023";"15:40";"1";"94";"94021";"2";"9";"1";"3";"Avenue de Stalingrad";"48,77391000";"2,36761000"
"202300019910";"9";"08";"2023";"05:30";"3";"28";"28110";"1";"1";"1";"4";"A11";"48,42231600";"1,51209000"
"202300019911";"30";"05";"2023";"09:00";"1";"75";"75119";"2";"3";"1";"3";"RUE RIQUET";"48,88894200";"2,37246300"
"202300019912";"3";"07";"2023";"18:55";"1";"94";"94073";"2";"3";"1";"3";"D136";"48,74784000";"2,36935000"
"202300019913";"4";"07";"2023";"18:00";"1";"68";"68145";"2";"1";"1";"6";"102 Grand Rue";"48,08023700";"7,40129800"
"202300019914";"29";"05";"2023";"23:15";"5";"75";"75119";"2";"3";"1";"3";"AVENUE DE FLANDRE";"48,88836600";"2,37412200"
"202300019915";"2";"07";"2023";"21:40";"1";"93";"93073";"2";"3";"1";"1";"Route de Villepinte / Rue Claude Nicolas Ledoux";"48,96910000";"2,54590000"
"202300019916";"9";"08";"2023";"09:30";"1";"972";"97201";"2";"1";"1";"6";"Le Bourg Ouest";"14,82522700";" -61,11389600"
"202300019917";"30";"05";"2023";"16:40";"1";"75";"75117";"2";"2";"1";"6";"RUE POUCHET";"48,89577500";"2,32185700"
"202300019918";"10";"06";"2023";"14:30";"1";"93";"93001";"2";"1";"1";"6";"Rue Madeleine Vionnet";"48,90353013";"2,37448472"
"202300019919";"4";"08";"2023";"13:30";"1";"11";"11203";"2";"6";"1";"1";"1 Route de Ferrals";"43,17384200";"2,74082700"
"202300019920";"3";"07";"2023";"11:15";"1";"92";"92025";"2";"1";"1";"3";"GABRIEL PERI (RUE)";"48,91822227";"2,23884881"
"202300019921";"30";"05";"2023";"08:50";"1";"75";"75108";"2";"2";"1";"3";"BOULEVARD DES BATIGNOLLES";"48,88164000";"2,31883300"
"202300019922";"3";"07";"2023";"08:39";"1";"92";"92014";"2";"1";"1";"7";"GENERAL LECLERC (AV.) (57 A 135 - 50 A 1";"48,78190000";"2,31639000"
"202300019923";"8";"08";"2023";"18:10";"1";"68";"68300";"1";"1";"1";"7";"Route Départementale 38";"47,77935500";"7,37817100"
"202300019924";"30";"05";"2023";"14:20";"1";"75";"75115";"2";"7";"1";"3";"RUE DUTOT";"48,83645400";"2,30663300"
"202300019925";"2";"07";"2023";"12:15";"1";"35";"35013";"1";"1";"1";"6";"La Hutte";"47,72201800";" -2,05435800"
"202300019926";"22";"07";"2023";"05:00";"1";"62";"62866";"2";"2";"1";"3";"D940";"50,37951700";"1,65275600"
"202300019927";"30";"05";"2023";"13:00";"1";"75";"75115";"2";"2";"1";"6";"RUE DESAIX";"48,85381000";"2,29421400"
"202300019928";"3";"07";"2023";"08:20";"1";"81";"81064";"1";"1";"1";"1";"rd 964 - PK 019.500";"43,95808600";"1,84655600"
"202300019929";"30";"05";"2023";"09:45";"1";"75";"75115";"2";"7";"1";"6";"PLACE D ALLERAY";"48,83623400";"2,30644900"
"202300019930";"4";"07";"2023";"12:00";"1";"2A";"2A272";"1";"1";"1";"1";"route de tizzano";"41,56521100";"8,91289500"
"202300019931";"9";"08";"2023";"17:15";"1";"60";"60358";"1";"6";"1";"3";"D332";"49,19497000";"2,91751400"
"202300019932";"4";"07";"2023";"04:42";"2";"67";"67222";"2";"2";"1";"6";"9 Route de Wimmenau";"48,88382700";"7,46994700"
"202300019933";"4";"08";"2023";"11:00";"1";"62";"62770";"1";"1";"1";"7";"Rue d'Aire";"50,63721466";"2,47149780"
"202300019934";"29";"05";"2023";"01:20";"5";"75";"75115";"2";"3";"1";"2";"RUE DU HAMEAU";"48,83351400";"2,28658800"
"202300019935";"4";"07";"2023";"17:15";"1";"87";"87154";"2";"1";"1";"2";"N141";"45,89782600";"0,83177400"
"202300019936";"6";"08";"2023";"17:50";"1";"56";"56168";"1";"6";"1";"2";"route de quiberon";"47,56550900";" -3,13445100"
"202300019937";"30";"05";"2023";"09:20";"1";"75";"75114";"2";"3";"1";"6";"RUE NANSOUTY";"48,82351200";"2,33569600"
"202300019938";"4";"07";"2023";"16:02";"1";"21";"21599";"1";"1";"3";"6";"A31";"47,59226200";"5,20785200"
"202300019939";"29";"05";"2023";"17:00";"1";"75";"75114";"2";"4";"1";"6";"AVENUE DU GENERAL LECLERC";"48,82879100";"2,32775300"
"202300019940";"9";"08";"2023";"11:08";"1";"76";"76014";"2";"3";"1";"3";"D125";"49,59051700";"0,27354200"
"202300019941";"8";"08";"2023";"16:15";"1";"76";"76508";"2";"7";"1";"2";"Rue du Major Frost";"49,67197915";"0,18880069"
"202300019942";"30";"05";"2023";"19:40";"1";"75";"75111";"2";"3";"1";"3";"AVENUE DE LA REPUBLIQUE";"48,86418600";"2,38023700"
"202300019943";"16";"11";"2023";"22:20";"5";"75";"75116";"2";"3";"3";"3";"AVENUE DE NEUILLY";"48,87846400";"2,27993500"
"202300019944";"8";"08";"2023";"11:45";"1";"79";"79008";"1";"1";"1";"6";"N/A";"46,74346300";" -0,30433400"
"202300019945";"30";"05";"2023";"10:10";"1";"75";"75110";"2";"2";"1";"7";"RUE DU CHATEAU D EAU";"48,86985800";"2,36072900"
"202300019946";"17";"11";"2023";"14:20";"1";"75";"75115";"2";"1";"1";"6";"RUE LINOIS";"48,84807600";"2,28357300"
"202300019947";"8";"08";"2023";"17:10";"1";"79";"79109";"2";"1";"1";"5";"N/A";"46,36099500";" -0,42859000"
"202300019948";"17";"11";"2023";"09:30";"1";"75";"75115";"2";"2";"2";"6";"BOULEVARD PASTEUR";"48,84500301";"2,31069088"
"202300019949";"30";"05";"2023";"16:50";"1";"75";"75116";"2";"2";"1";"2";"AVENUE DE L HIPPODROME";"48,85854400";"2,24488800"
"202300019950";"9";"08";"2023";"14:15";"1";"2B";"2B207";"1";"1";"1";"6";"route royale";"42,46236200";"9,50055600"
"202300019951";"30";"05";"2023";"09:40";"1";"75";"75107";"2";"1";"1";"6";"AVENUE DE LA BOURDONNAIS";"48,85472900";"2,30472200"
"202300019952";"9";"08";"2023";"12:30";"1";"2B";"2B319";"1";"1";"1";"3";"Penticchie";"42,42875500";"9,52494300"
"202300019953";"16";"11";"2023";"11:50";"1";"75";"75115";"2";"3";"3";"3";"RUE DE VAUGIRARD";"48,83875100";"2,29925200"
"202300019954";"2";"06";"2023";"15:45";"1";"94";"94037";"2";"3";"1";"6";"Avenue Lénine";"48,81519400";"2,33297300"
"202300019955";"8";"08";"2023";"18:45";"1";"65";"65123";"1";"1";"1";"3";"Route du Col d?Aspin - D918";"42,93930200";"0,29924900"
"202300019956";"17";"11";"2023";"12:56";"1";"75";"75115";"2";"5";"3";"6";"AVENUE DE LA PORTE BRANCION";"48,82587100";"2,30021600"
"202300019957";"9";"08";"2023";"09:45";"1";"65";"65029";"1";"1";"1";"6";"Route du Val d’Azun";"42,98383600";" -0,14593400"
"202300019958";"30";"05";"2023";"20:30";"2";"94";"94073";"2";"1";"1";"2";"Av du Pdt Franklin Roosevelt";"48,76610491";"2,39929162"
"202300019959";"17";"11";"2023";"01:45";"5";"75";"75107";"2";"2";"2";"3";"PLACE DE LA RESISTANCE";"48,86241200";"2,30160100"
"202300019960";"9";"08";"2023";"13:00";"1";"32";"32296";"2";"1";"1";"1";"2 Avenue du Midour";"43,76036600";" -0,03136000"
"202300019961";"29";"05";"2023";"22:30";"5";"94";"94019";"2";"1";"1";"3";"2 Route de la Libération";"48,80345300";"2,53738600"
"202300019962";"8";"08";"2023";"09:55";"1";"76";"76255";"2";"1";"8";"6";"Rue Jean Duhornay";"50,04846600";"1,41344400"
"202300019963";"17";"11";"2023";"16:20";"1";"75";"75113";"2";"3";"8";"3";"BOULEVARD DE L HOPITAL";"48,83886700";"2,36100400"
"202300019964";"30";"05";"2023";"17:20";"1";"94";"94017";"2";"1";"1";"2";"Av. François Mitterrand";"48,81543279";"2,51533645"
"202300019965";"9";"08";"2023";"17:53";"1";"12";"12103";"1";"1";"1";"5";"D920";"44,61898200";"2,58415800"
"202300019966";"17";"11";"2023";"18:10";"3";"75";"75111";"2";"1";"8";"3";"RUE JEAN PIERRE TIMBAUD";"48,86654200";"2,37303000"
"202300019967";"30";"05";"2023";"19:00";"1";"94";"94071";"2";"3";"1";"3";"Rue du Général Leclerc";"48,77632229";"2,51130107"
"202300019968";"9";"08";"2023";"13:35";"1";"46";"46215";"1";"1";"7";"3";"D820";"44,77023600";"1,47693200"
"202300019969";"29";"05";"2023";"22:40";"5";"93";"93072";"2";"7";"1";"6";"Avenue Paul Vaillant Couturier / Place Marcel Pointet";"48,95117000";"2,38148000"
"202300019970";"17";"11";"2023";"15:38";"1";"75";"75110";"2";"7";"1";"3";"PLACE DE LA BATAILLE DE STALINGRAD";"48,88266200";"2,36986041"
"202300019971";"9";"08";"2023";"12:20";"1";"46";"46334";"1";"1";"1";"2";"Route du Lac";"44,74309100";"1,46352100"
"202300019972";"30";"05";"2023";"17:40";"1";"93";"93031";"2";"1";"1";"1";"Avenue de Lattre de Tassigny";"48,95564621";"2,31179602"
"202300019973";"17";"11";"2023";"18:50";"5";"75";"75108";"2";"5";"1";"6";"RUE D AMSTERDAM";"48,87965000";"2,32702100"
"202300019974";"19";"07";"2023";"15:45";"1";"46";"46257";"1";"3";"1";"1";"D704";"44,78818200";"1,31216300"
"202300019975";"30";"05";"2023";"09:15";"1";"93";"93053";"2";"2";"1";"2";"Rue Jean Jaurès / Rue de Brément";"48,89042000";"2,45324000"
"202300019976";"9";"08";"2023";"00:45";"3";"22";"22152";"1";"1";"1";"6";"Kerprigent";"48,76826800";" -3,27901700"
"202300019977";"17";"11";"2023";"11:30";"1";"75";"75117";"2";"4";"8";"2";"AVENUE DE LA GRANDE ARMEE";"48,87683900";"2,28550200"
"202300019978";"30";"05";"2023";"11:35";"1";"93";"93051";"2";"1";"1";"6";"Rue de la Haute Maison";"48,84264706";"2,57234529"
"202300019979";"17";"11";"2023";"17:50";"2";"75";"75114";"2";"1";"1";"2";"AVENUE DU GENERAL LECLERC";"48,83264500";"2,33106300"
"202300019980";"7";"08";"2023";"11:50";"1";"35";"35010";"1";"2";"1";"3";"Lieu Dit Languenan";"48,53402000";" -1,68936800"
"202300019981";"30";"05";"2023";"12:20";"1";"93";"93027";"2";"2";"1";"3";"Boulevard Pasteur / Rue Jollois";"48,92179000";"2,38338000"
"202300019982";"17";"11";"2023";"12:55";"1";"75";"75107";"2";"2";"3";"7";"QUAI BRANLY";"48,86064900";"2,29546100"
"202300019983";"9";"08";"2023";"14:15";"1";"15";"15028";"1";"1";"1";"3";"RD 990";"44,89589000";"2,55131700"
"202300019984";"30";"05";"2023";"08:00";"1";"92";"92073";"2";"9";"1";"2";"SELLIER (BOULEVARD HENRI)";"48,86141299";"2,21591234"
"202300019985";"17";"11";"2023";"18:25";"5";"75";"75104";"2";"5";"1";"6";"QUAI DES CELESTINS";"48,85136400";"2,36230600"
"202300019986";"9";"08";"2023";"03:55";"5";"01";"01303";"2";"3";"1";"3";"avenue de la 1ère armée française rhin-danube";"46,08190500";"5,41014400"
"202300019987";"29";"05";"2023";"18:41";"1";"92";"92072";"2";"5";"1";"3";"MANUFACTURE NATIONALE (PLACE DE LA)";"48,82917000";"2,22411000"
"202300019988";"17";"11";"2023";"13:40";"1";"75";"75104";"2";"3";"1";"2";"QUAI DES CELESTINS";"48,85332798";"2,35781729"
"202300019989";"29";"05";"2023";"14:15";"1";"92";"92022";"2";"1";"1";"6";"GENERAL DE GAULLE (COURS)";"48,81073000";"2,19182000"
"202300019990";"17";"11";"2023";"09:40";"1";"75";"75102";"2";"1";"1";"3";"RUE DAUNOU";"48,86926000";"2,33226900"
"202300019991";"8";"08";"2023";"18:55";"1";"01";"01246";"2";"1";"1";"5";"524 Route de l'Effondras";"46,23924000";"5,04419000"
"202300019992";"9";"08";"2023";"16:30";"1";"66";"66095";"1";"1";"1";"1";"N20";"42,48584900";"1,85868500"
"202300019993";"30";"05";"2023";"10:00";"1";"92";"92040";"2";"7";"1";"5";"RESISTANCE (PLACE DE LA)";"48,82154506";"2,25050211"
"202300019994";"17";"11";"2023";"08:20";"1";"75";"75104";"2";"3";"8";"3";"RUE DE BROSSE";"48,85495100";"2,35355700"
"202300019995";"26";"05";"2023";"20:15";"1";"92";"92036";"2";"2";"1";"1";"HENRI BARBUSSE (RUE) (1/35)";"48,92193546";"2,29985207"
"202300019996";"9";"08";"2023";"14:28";"1";"50";"50410";"1";"1";"1";"1";"route nationale 176";"48,56155600";" -1,52675600"
"202300019997";"17";"11";"2023";"14:40";"1";"94";"94058";"2";"3";"1";"2";"Avenue du 11 Novembre";"48,84847000";"2,49625000"
"202300019998";"29";"07";"2023";"20:00";"1";"09";"09120";"1";"1";"8";"6";"3 pont de massot";"43,09637700";"1,10673800"
"202300019999";"30";"05";"2023";"19:08";"1";"92";"92035";"2";"1";"1";"1";"Général de Gaulle  ( avenue du )";"48,91114814";"2,25463539"
"202300020000";"8";"08";"2023";"20:15";"1";"07";"07201";"1";"1";"1";"2";"Route départemantale 579";"44,44134100";"4,34538200"
"202300020001";"17";"11";"2023";"10:20";"1";"94";"94076";"2";"9";"2";"3";"135 Avenue de Paris";"48,80110000";"2,36521000"
"202300020002";"30";"05";"2023";"18:00";"1";"92";"92026";"2";"1";"1";"6";"MISSION MARCHAND (COTE PAIR)";"48,89638000";"2,24041000"
"202300020003";"28";"07";"2023";"11:40";"1";"40";"40273";"2";"1";"1";"3";"Route des Barthes";"43,49789300";" -1,38131800"
"202300020004";"28";"07";"2023";"16:00";"1";"37";"37132";"2";"6";"3";"7";"route département 943";"47,13146200";"0,98249300"
"202300020005";"16";"11";"2023";"13:20";"1";"94";"94076";"2";"2";"3";"6";"Avenue Paul Vaillant-couturier";"48,79486000";"2,35457000"
"202300020006";"27";"05";"2023";"20:45";"1";"92";"92025";"2";"2";"1";"3";"CHARLES DE GAULLE (BD)";"48,90893398";"2,23657876"
"202300020007";"17";"11";"2023";"21:20";"5";"94";"94037";"2";"1";"2";"6";"71 Avenue Paul Vaillant-couturier";"48,81632000";"2,34103000"
"202300020008";"8";"08";"2023";"17:45";"1";"30";"30061";"1";"3";"1";"3";"N/A";"43,93638000";"4,26449800"
"202300020009";"8";"08";"2023";"16:00";"1";"48";"48146";"1";"1";"1";"6";"D986";"44,35205500";"3,40483100"
"202300020010";"29";"05";"2023";"00:15";"5";"92";"92024";"2";"2";"1";"2";"NATIONS UNIES (PLACE DES)";"48,89732000";"2,31052000"
"202300020011";"8";"08";"2023";"18:20";"1";"48";"48027";"1";"1";"1";"7";"N/A";"44,56839700";"3,87015900"
"202300020012";"16";"11";"2023";"23:15";"5";"94";"94041";"2";"2";"2";"3";"Rue Baudin";"48,81528500";"2,37560300"
"202300020013";"9";"08";"2023";"19:10";"1";"53";"53262";"1";"1";"1";"7";"A81 PK 226+900";"48,06940500";" -0,55641400"
"202300020014";"30";"05";"2023";"08:15";"1";"92";"92012";"2";"1";"1";"2";"POINT DU JOUR (QUAI DU)";"48,82618000";"2,25122000"
"202300020015";"16";"11";"2023";"06:40";"5";"94";"94081";"2";"3";"3";"1";"Avenue de la République";"48,80240000";"2,39730000"
"202300020016";"6";"08";"2023";"16:04";"1";"89";"89341";"1";"1";"1";"2";"autoroute A6 pk 180.850 sens LYON-PARIS";"47,71002900";"3,78807300"
"202300020017";"18";"05";"2023";"21:00";"1";"92";"92004";"2";"1";"1";"3";"VOLTAIRE ( BD )";"48,91764000";"2,28549000"
"202300020018";"17";"11";"2023";"10:25";"1";"94";"94073";"1";"9";"2";"3";"Avenue du Luxembourg";"48,75602500";"2,37322200"
"202300020019";"17";"11";"2023";"14:25";"1";"94";"94028";"2";"9";"1";"3";"Avenue du Général de Gaulle";"48,78570000";"2,44947000"