"Num_Acc";"jour";"mois";"an";"hrmn";"lum";"dep";"com";"agg";"int";"atm";"col";"adr";"lat";"long"
"202300020020";"8";"08";"2023";"17:27";"1";"13";"13001";"1";"1";"1";"2";"A8 PK 021.700, sens 1";"43,51251800";"5,46595600"
"202300020021";"30";"05";"2023";"13:15";"1";"92";"92002";"2";"3";"1";"6";"ARMAND GUILLEBAUD (AVENUE)";"48,74965815";"2,30443999"
"202300020022";"9";"08";"2023";"14:34";"1";"45";"45053";"1";"1";"1";"2";"D2007 PR 64 + 115";"47,61208954";"2,77084859"
"202300020023";"17";"11";"2023";"18:40";"5";"94";"94068";"2";"1";"2";"3";"Rue Albert de Mun";"48,78854000";"2,48460000"
"202300020024";"31";"05";"2023";"14:45";"1";"60";"60406";"2";"3";"1";"3";"Rue de Pont Sainte Maxence";"49,31602700";"2,54759400"
"202300020025";"9";"08";"2023";"10:50";"1";"11";"11262";"1";"9";"1";"2";"A9 - PK 188.100 - Sens France / Espagne";"43,18014600";"3,04269800"
"202300020026";"15";"11";"2023";"20:18";"5";"94";"94055";"2";"3";"1";"1";"Avenue Olivier d'Ormesson";"48,78087000";"2,52083000"
"202300020027";"8";"08";"2023";"16:20";"1";"971";"97110";"1";"1";"1";"5";"D207 LE DÉSERT";"16,32117100";" -61,03277600"
"202300020028";"31";"05";"2023";"09:40";"1";"12";"12140";"1";"2";"1";"3";"D76";"44,34094300";"1,91996800"
"202300020029";"17";"11";"2023";"09:20";"1";"93";"93070";"2";"2";"1";"3";"Rue Raspail / Rue Garibaldi";"48,90452016";"2,33007482"
"202300020030";"8";"08";"2023";"21:50";"5";"77";"77354";"1";"9";"1";"3";"D227";"48,46908400";"2,85850000"
"202300020031";"31";"05";"2023";"07:25";"1";"84";"84088";"1";"1";"1";"1";"Route d'Althen";"43,99715600";"5,00097300"
"202300020032";"17";"11";"2023";"14:40";"1";"93";"93062";"2";"2";"1";"5";"Boulevard de l'Est / Allée de l'Eglise";"48,90266606";"2,52281768"
"202300020033";"8";"08";"2023";"18:40";"1";"95";"95351";"1";"6";"1";"2";"D317";"49,02880800";"2,50003300"
"202300020034";"30";"05";"2023";"18:35";"1";"95";"95452";"2";"1";"1";"3";"D78";"49,13548930";"2,28235602"
"202300020035";"7";"08";"2023";"06:20";"1";"2B";"2B168";"2";"9";"1";"2";"RT 30";"42,63135000";"8,95817600"
"202300020036";"17";"11";"2023";"09:25";"1";"93";"93051";"2";"2";"2";"1";"Boulevard Paul Pambrun / Avenue Dehais";"48,84883000";"2,54539000"
"202300020037";"29";"05";"2023";"11:50";"1";"51";"51204";"2";"2";"1";"7";"Chemin des Ardillieres";"49,07088200";"3,88615600"
"202300020038";"7";"08";"2023";"12:00";"1";"83";"83042";"1";"9";"1";"3";"D98a";"43,26350000";"6,57951400"
"202300020039";"17";"11";"2023";"14:25";"1";"93";"93050";"2";"1";"1";"6";"Avenue Jean Jaures";"48,86272000";"2,54584000"
"202300020040";"31";"05";"2023";"08:40";"1";"56";"56165";"1";"1";"1";"2";"N/A";"47,91015800";" -2,40845000"
"202300020041";"8";"08";"2023";"17:40";"1";"83";"83068";"2";"1";"1";"1";"Route du Littoral";"43,28924100";"6,60481600"
"202300020042";"17";"11";"2023";"03:30";"5";"93";"93050";"2";"1";"2";"6";"Avenue Jean Jaures";"48,86484000";"2,55466000"
"202300020043";"16";"11";"2023";"06:35";"5";"93";"93045";"2";"2";"3";"1";"Rue de Paris / Rue Léon Renault";"48,88193000";"2,42268000"
"202300020044";"8";"08";"2023";"16:15";"1";"73";"73034";"1";"1";"1";"1";"D925";"45,69727800";"6,63389700"
"202300020045";"17";"11";"2023";"18:43";"5";"93";"93031";"2";"9";"1";"6";"Rue de Strasbourg";"48,95678015";"2,29942828"
"202300020046";"30";"05";"2023";"17:20";"1";"77";"77066";"1";"3";"1";"2";"N4 intersection D15";"48,69090400";"3,33844900"
"202300020047";"17";"11";"2023";"14:30";"1";"93";"93046";"1";"1";"8";"1";"Route Strategique";"48,91709600";"2,55525500"
"202300020048";"31";"05";"2023";"07:45";"1";"76";"76100";"1";"2";"1";"1";"Route de la Vieux-rue";"49,50082400";"1,26283200"
"202300020049";"9";"08";"2023";"08:50";"1";"65";"65335";"1";"3";"1";"7";"RD 87";"43,10465700";"0,12944900"
"202300020050";"8";"08";"2023";"20:00";"1";"19";"19098";"1";"1";"1";"6";"D1120";"45,18926600";"1,84261300"
"202300020051";"16";"11";"2023";"15:10";"1";"93";"93057";"2";"2";"3";"6";"Avenue Jean Jaurès / Avenue Franklin";"48,90292000";"2,50823000"
"202300020052";"31";"05";"2023";"12:32";"1";"79";"79031";"1";"1";"1";"1";"";"46,16155000";" -0,42834000"
"202300020053";"8";"08";"2023";"17:18";"1";"40";"40244";"1";"1";"1";"6";"D113";"43,69621800";" -1,15802500"
"202300020054";"17";"11";"2023";"13:25";"1";"93";"93008";"2";"9";"1";"1";"Rue Pierre Sémard";"48,91089300";"2,44659200"
"202300020055";"24";"05";"2023";"12:35";"1";"2B";"2B123";"1";"1";"1";"2";"Route d?Alzitone";"42,04967100";"9,42835600"
"202300020056";"9";"08";"2023";"12:15";"1";"33";"33554";"2";"1";"1";"3";"Route de Sainte-eulalie";"44,88724100";" -0,47306100"
"202300020057";"17";"11";"2023";"13:00";"1";"93";"93007";"2";"9";"1";"3";"Avenue Pasteur";"48,94214412";"2,46776568"
"202300020058";"30";"05";"2023";"16:50";"1";"80";"80288";"1";"9";"7";"1";"RD 1029";"49,87543100";"2,84073300"
"202300020059";"8";"08";"2023";"16:10";"1";"56";"56176";"1";"1";"1";"6";"Rue de Lissaden";"47,67113500";" -2,94187900"
"202300020060";"17";"11";"2023";"17:05";"2";"93";"93005";"2";"1";"2";"3";"Allée des Roseaux";"48,95115800";"2,49670100"
"202300020061";"30";"05";"2023";"17:30";"1";"32";"32227";"1";"1";"1";"3";"le hountagna";"43,80777000";"0,06375600"
"202300020062";"8";"08";"2023";"11:40";"1";"35";"35326";"2";"1";"1";"6";"Avenue Philippe de Volvire";"48,33243600";" -1,53474200"
"202300020063";"17";"11";"2023";"08:10";"1";"92";"92063";"2";"6";"1";"1";"FOUILLEUSE (AVENUE DE)";"48,86204653";"2,19621509"
"202300020064";"31";"05";"2023";"13:00";"1";"63";"63178";"2";"1";"1";"2";"rue Pierre MENDES FRANCE";"45,54340700";"3,24303500"
"202300020065";"8";"08";"2023";"23:25";"3";"60";"60079";"1";"1";"1";"5";"N2";"49,17451684";"2,87701249"
"202300020066";"17";"11";"2023";"07:49";"1";"92";"92063";"2";"3";"8";"6";"PERI (AVENUE GABRIEL)";"48,88272256";"2,18835801"
"202300020067";"30";"05";"2023";"10:50";"1";"61";"61500";"1";"1";"1";"6";"RD 918";"48,62398700";"0,68274000"
"202300020068";"11";"07";"2023";"23:35";"3";"59";"59323";"2";"1";"1";"7";"D934";"50,30331400";"3,62895400"
"202300020069";"17";"11";"2023";"20:35";"5";"92";"92050";"2";"9";"1";"3";"FRANCE ANATOLE RUE";"48,90127253";"2,21027076"
"202300020070";"31";"05";"2023";"08:15";"1";"49";"49140";"1";"2";"1";"3";"D145";"47,19368600";"0,00727400"
"202300020071";"17";"11";"2023";"08:55";"1";"92";"92020";"2";"1";"1";"6";"REPUBLIQUE AV. N°27 A 105 ET 26 A 178";"48,80469910";"2,29794431"
"202300020072";"7";"08";"2023";"10:35";"1";"33";"33122";"1";"1";"1";"4";"AUTOROUTE A 63";"44,74440000";" -0,70442000"
"202300020073";"31";"05";"2023";"15:20";"1";"49";"49215";"1";"2";"1";"1";"D347";"47,11353100";" -0,12218600"
"202300020074";"8";"08";"2023";"00:31";"3";"91";"91661";"1";"1";"1";"2";"AUTOROUTE A10";"48,69065000";"2,22247000"
"202300020075";"11";"11";"2023";"18:15";"5";"92";"92035";"2";"2";"1";"3";"Verdun 1916 ( avenue de )";"48,90444373";"2,23249519"
"202300020076";"30";"05";"2023";"12:40";"1";"29";"29189";"1";"3";"1";"3";"route de Porz Keralliou";"48,37645300";" -4,40818900"
"202300020077";"7";"08";"2023";"22:37";"3";"77";"77251";"1";"1";"1";"3";"AUTOROUTE A5A";"48,62522000";"2,53991000"
"202300020078";"17";"11";"2023";"11:20";"1";"92";"92025";"2";"2";"2";"3";"ESTIENNE D'ORVES (RUE)";"48,91323745";"2,24060333"
"202300020079";"28";"05";"2023";"23:15";"3";"86";"86032";"1";"1";"1";"3";"Augeron";"46,67303700";"0,55475200"
"202300020080";"8";"08";"2023";"19:50";"1";"93";"93064";"1";"1";"1";"5";"AUTOROUTE A3";"48,88497546";"2,47135463"
"202300020081";"17";"11";"2023";"13:30";"1";"92";"92004";"2";"1";"1";"3";"VOLTAIRE ( BD 16 A FIN )";"48,91640000";"2,28956000"
"202300020082";"8";"08";"2023";"18:10";"1";"95";"95582";"1";"1";"1";"6";"A15";"48,97106448";"2,24906981"
"202300020083";"17";"11";"2023";"18:21";"5";"92";"92002";"2";"1";"8";"1";"LEONARD DE VINCI (RUE)";"48,74113115";"2,31485939"
"202300020084";"30";"05";"2023";"10:50";"1";"29";"29015";"1";"1";"1";"1";"D13";"48,49695100";" -4,49702700"
"202300020085";"2";"08";"2023";"19:30";"1";"33";"33362";"1";"1";"1";"3";"Rue des platières";"45,02953173";" -0,19545928"
"202300020086";"5";"08";"2023";"12:15";"1";"06";"06069";"2";"1";"1";"6";"MISTRAL (AVENUE ET PLACE FREDERIC)";"43,64610000";"6,91705000"
"202300020087";"17";"11";"2023";"23:10";"3";"41";"41266";"1";"1";"1";"6";"taille ronde";"47,47597000";"1,26424300"
"202300020088";"27";"05";"2023";"18:35";"1";"31";"31123";"2";"1";"2";"1";"D618";"42,80684600";"0,53411400"
"202300020089";"4";"08";"2023";"11:24";"1";"27";"27229";"2";"1";"1";"6";"CHARTRAINE (RUE)";"49,02637000";"1,14789000"
"202300020090";"30";"05";"2023";"13:45";"1";"03";"03278";"1";"1";"7";"1";"25 Route des Rifs";"46,21435500";"3,16700200"
"202300020091";"3";"08";"2023";"11:00";"1";"07";"07019";"2";"1";"1";"6";"LESIN LACOSTE (RUE)";"44,62020000";"4,38764000"
"202300020092";"30";"05";"2023";"07:30";"1";"03";"03254";"1";"3";"1";"3";"D130";"46,29905500";"3,30127400"
"202300020093";"2";"08";"2023";"16:50";"1";"95";"95218";"2";"1";"1";"6";"ALBERT CAMUS (AVENUE)";"49,02015000";"2,10777000"
"202300020094";"18";"11";"2023";"15:15";"1";"86";"86114";"1";"2";"8";"2";"Route de Lavoux";"46,57726300";"0,55638700"
"202300020095";"29";"05";"2023";"15:34";"1";"03";"03156";"1";"1";"1";"1";"Lusigny";"46,59048500";"3,47516100"
"202300020096";"27";"05";"2023";"07:55";"1";"987";"98715";"1";"9";"1";"3";"Quartier BARFF à St Hilaire";" -17,58400000";" -149,56000000"
"202300020097";"17";"11";"2023";"10:30";"1";"22";"22034";"1";"1";"2";"3";"D767 PR 42+500";"48,67631200";" -3,35400600"
"202300020098";"7";"08";"2023";"15:00";"1";"974";"97416";"2";"3";"1";"6";"AUGUSTIN ARCHAMBAUD(RUE)";" -21,34087000";"55,47769000"
"202300020099";"31";"05";"2023";"08:20";"1";"01";"01163";"1";"2";"1";"1";"Route de Beaupont";"46,40410200";"5,22176200"
"202300020100";"17";"11";"2023";"20:40";"3";"38";"38030";"1";"1";"1";"1";"D519";"45,33893300";"5,47762900"
"202300020101";"7";"08";"2023";"12:20";"1";"974";"97409";"2";"1";"1";"6";"DE LA REPUBLIQUE(AVENUE)";" -20,96097000";"55,65051000"
"202300020102";"18";"11";"2023";"07:00";"1";"26";"26010";"1";"6";"1";"6";"D1";"45,27812500";"4,88526800"
"202300020103";"6";"08";"2023";"06:00";"1";"972";"97213";"1";"1";"2";"3";"AUTOROUTE A1";"14,59606000";" -60,98844000"
"202300020104";"31";"05";"2023";"16:50";"1";"01";"01335";"2";"2";"1";"5";"ROUTE DE LA BRESSE";"46,11727200";"5,07804400"
"202300020105";"18";"11";"2023";"11:55";"1";"21";"21339";"1";"1";"1";"1";"Route d'Ancey";"47,33783560";"4,85839021"
"202300020106";"7";"08";"2023";"14:00";"1";"972";"97209";"2";"4";"8";"2";"RD 41 (ROCADE)";"14,61422000";" -61,05194000"
"202300020107";"29";"05";"2023";"03:00";"5";"01";"01001";"2";"3";"1";"7";"291 Route de la Fontaine";"46,14916000";"4,92195000"
"202300020108";"18";"11";"2023";"06:05";"3";"44";"44131";"1";"1";"2";"1";"Route de la Plaine";"47,13248000";" -2,15905500"
"202300020109";"6";"08";"2023";"11:23";"1";"971";"97101";"1";"9";"1";"6";"HIBISCUS";"16,25078345";" -61,52769685"
"202300020110";"31";"05";"2023";"05:44";"1";"58";"58215";"1";"1";"1";"7";"Départementale 243";"47,29122300";"2,94435700"
"202300020111";"12";"10";"2023";"19:15";"5";"2B";"2B251";"1";"1";"1";"3";"RT10";"42,00654800";"9,40335300"
"202300020112";"31";"05";"2023";"13:40";"1";"58";"58177";"1";"1";"1";"7";"D 144";"47,14422500";"3,86457300"
"202300020113";"6";"08";"2023";"23:24";"5";"95";"95019";"2";"3";"1";"6";"COTTAGE (AVENUE DU)";"48,98892662";"2,41007209"
"202300020114";"29";"05";"2023";"09:45";"1";"58";"58277";"1";"1";"1";"3";"449 Route de Moulins-Engilbert";"47,02073000";"3,83818700"
"202300020115";"17";"11";"2023";"21:30";"5";"2B";"2B166";"1";"9";"1";"3";"Intersection T10 et D110";"42,51692600";"9,44262800"
"202300020116";"30";"05";"2023";"21:30";"2";"58";"58121";"1";"1";"1";"7";"Rue France Bloch";"47,03602500";"3,09373500"
"202300020117";"18";"11";"2023";"11:50";"1";"82";"82089";"1";"2";"1";"3";"D813";"44,12384200";"0,83009100"
"202300020118";"30";"05";"2023";"09:45";"1";"66";"66071";"1";"1";"7";"6";"D611";"42,78922800";"2,69083500"
"202300020119";"17";"11";"2023";"17:57";"2";"82";"82047";"1";"1";"1";"6";"D18";"43,84849400";"0,92060900"
"202300020120";"30";"05";"2023";"15:04";"1";"05";"05011";"1";"1";"1";"7";"D942";"44,54966400";"6,20146600"
"202300020121";"5";"08";"2023";"22:50";"5";"87";"87085";"2";"2";"1";"3";"LECLERC (AVENUE DU GENERAL)";"45,84722000";"1,26130000"
"202300020122";"18";"11";"2023";"18:00";"3";"55";"55492";"1";"1";"3";"1";"Chemin des Fontenelles";"49,13017300";"5,45619200"
"202300020123";"28";"05";"2023";"17:40";"1";"50";"50166";"1";"1";"1";"1";"Route de la Chapelle du Mont";"49,32181000";" -1,55750700"
"202300020124";"6";"08";"2023";"21:00";"1";"85";"85194";"2";"6";"1";"6";"RD 949";"46,50556000";" -1,78994000"
"202300020125";"17";"11";"2023";"12:50";"1";"55";"55046";"1";"1";"2";"3";"D904";"48,96780100";"5,81250800"
"202300020126";"3";"08";"2023";"12:00";"1";"83";"83123";"2";"1";"1";"1";"LANGE (CHEMIN)";"43,12594300";"5,79532400"
"202300020127";"30";"05";"2023";"13:43";"1";"18";"18126";"2";"3";"1";"6";"Avenue Nationale";"46,92495200";"2,40801200"
"202300020128";"17";"11";"2023";"05:26";"4";"49";"49214";"2";"1";"1";"1";"43 Avenue Esperanto";"47,53104000";" -0,59614800"
"202300020129";"4";"08";"2023";"17:35";"1";"80";"80021";"2";"3";"1";"3";"JULES FERRY (CHAUSSEE)";"49,87911000";"2,33536000"
"202300020130";"6";"08";"2023";"19:05";"1";"80";"80489";"1";"1";"1";"3";"RN 25";"49,87024000";"2,37242000"
"202300020131";"30";"05";"2023";"11:40";"1";"53";"53104";"2";"1";"1";"5";"Rue de la Division Leclerc";"47,85365600";" -0,60877000"
"202300020132";"17";"11";"2023";"21:20";"3";"34";"34028";"1";"1";"1";"6";"D 35";"43,63570200";"3,16294700"
"202300020133";"30";"05";"2023";"23:50";"3";"24";"24146";"1";"1";"1";"6";"N21";"45,06355200";"0,67964600"
"202300020134";"7";"08";"2023";"13:30";"1";"77";"77450";"1";"9";"1";"3";"N 19";"48,70408000";"2,59469000"
"202300020135";"17";"11";"2023";"10:40";"1";"44";"44150";"2";"1";"1";"6";"2 Place de l'Eglise";"47,12304300";" -1,63347700"
"202300020136";"31";"05";"2023";"14:45";"1";"04";"04162";"1";"1";"2";"6";"lieu dit les eyries";"43,97956400";"5,66188600"
"202300020137";"4";"08";"2023";"14:45";"1";"76";"76351";"2";"1";"1";"3";"VERDUN (RUE DE)";"49,50234000";"0,18826000"
"202300020138";"30";"05";"2023";"08:00";"1";"85";"85154";"1";"1";"1";"1";"la sauvagère";"46,64450000";" -0,84182700"
"202300020139";"11";"11";"2023";"10:30";"1";"29";"29214";"2";"1";"1";"7";"Prat Kergoe";"47,91736700";" -4,37063400"
"202300020140";"5";"08";"2023";"14:24";"1";"71";"71059";"2";"1";"8";"6";"COUCHES (ROUTE DE)";"46,81030000";"4,47440000"
"202300020141";"30";"05";"2023";"16:10";"1";"85";"85014";"1";"1";"1";"1";"12 la grange nicolas";"46,65718500";" -0,87922000"
"202300020142";"7";"08";"2023";"17:40";"1";"69";"69266";"2";"1";"1";"6";"4 Rue Pélisson";"45,77373000";"4,88529000"
"202300020143";"13";"11";"2023";"18:00";"3";"02";"02250";"1";"2";"2";"2";"N/A";"49,38929400";"3,76827800"
"202300020144";"28";"05";"2023";"23:20";"3";"17";"17344";"1";"1";"1";"6";"Chez Chevroux";"45,86222800";" -0,59145500"
"202300020145";"7";"08";"2023";"19:30";"1";"69";"69029";"2";"2";"1";"3";"Avenue Franklin Roosevelt";"45,73540000";"4,90310000"
"202300020146";"17";"11";"2023";"18:00";"5";"02";"02173";"2";"2";"2";"3";"5 Boulevard de l'Europe";"49,62626800";"3,21483400"
"202300020147";"31";"05";"2023";"16:40";"1";"08";"08498";"2";"1";"7";"3";"D3";"49,74081519";"4,67093239"
"202300020148";"18";"11";"2023";"07:55";"1";"70";"70232";"1";"1";"8";"7";"Aux Ruots";"47,65803500";"5,98353100"
"202300020149";"4";"08";"2023";"13:59";"1";"66";"66136";"2";"3";"1";"3";"N/A";"42,72788000";"2,89501000"
"202300020150";"30";"05";"2023";"17:40";"1";"973";"97307";"2";"2";"1";"3";"RN 2";"4,88413800";" -52,33576700"
"202300020151";"7";"08";"2023";"19:00";"1";"64";"64260";"2";"1";"1";"3";"BEHOBIE (RUE DE)";"43,35089000";" -1,78312000"
"202300020152";"17";"11";"2023";"16:55";"2";"66";"66167";"2";"1";"1";"6";"N/A";"42,45692327";"2,03751862"
"202300020153";"7";"08";"2023";"12:24";"1";"64";"64483";"2";"1";"1";"1";"RD810";"43,40371000";" -1,63319000"
"202300020154";"30";"05";"2023";"18:00";"1";"24";"24585";"1";"2";"1";"3";"D57";"44,60440200";"1,10783800"
"202300020155";"31";"05";"2023";"07:45";"1";"76";"76684";"1";"6";"1";"3";"D910";"49,47777300";"0,45869000"
"202300020156";"18";"11";"2023";"13:05";"1";"50";"50589";"1";"2";"2";"3";"N175";"48,57742300";" -1,44853800"
"202300020157";"7";"08";"2023";"16:15";"1";"64";"64335";"2";"3";"1";"3";"SOUVENIR FRANCAIS DU";"43,32234000";" -0,43715000"
"202300020158";"3";"05";"2023";"19:45";"2";"67";"67389";"1";"9";"1";"2";"M63";"48,64831900";"7,73909800"
"202300020159";"7";"08";"2023";"17:35";"1";"64";"64122";"2";"1";"1";"3";"GENERAL DE GAULLE (BD DU)";"43,48353000";" -1,55931000"
"202300020160";"17";"11";"2023";"18:15";"5";"64";"64386";"2";"2";"1";"3";"Route de Pau";"43,18927100";" -0,25037900"
"202300020161";"31";"05";"2023";"03:15";"3";"63";"63300";"1";"1";"1";"6";"A71";"45,89529100";"3,15366100"
"202300020162";"7";"08";"2023";"21:27";"5";"63";"63113";"2";"3";"1";"2";"DESAIX (BD)/Nestor Perret";"45,77725084";"3,08305174"
"202300020163";"31";"05";"2023";"07:40";"1";"13";"13051";"1";"1";"1";"2";"D10";"43,57244200";"5,15671900"
"202300020164";"17";"11";"2023";"07:10";"2";"73";"73105";"1";"1";"1";"1";"D1006";"45,44573206";"5,73935636"
"202300020165";"7";"08";"2023";"22:25";"5";"59";"59009";"2";"2";"1";"6";"VAN GOGH BOULEVARD";"50,62020000";"3,13534000"
"202300020166";"30";"05";"2023";"10:15";"1";"78";"78466";"1";"3";"1";"6";"Route de Quarante Sous (Pont)";"48,92511100";"1,99192100"
"202300020167";"17";"11";"2023";"17:55";"3";"18";"18141";"2";"1";"2";"1";"23 Rue du Richefort";"47,11735400";"2,20658700"
"202300020168";"7";"08";"2023";"14:20";"1";"59";"59350";"2";"3";"1";"3";"MARQUILLIES RUE";"50,61400000";"3,05200000"
"202300020169";"30";"05";"2023";"18:05";"1";"38";"38384";"1";"1";"1";"1";"Route de Chartreuse";"45,34713100";"5,35063100"
"202300020170";"18";"11";"2023";"13:25";"1";"18";"18229";"1";"1";"1";"7";"N/A";"47,23821900";"2,38135100"
"202300020171";"6";"08";"2023";"10:20";"1";"54";"54304";"2";"1";"2";"6";"LIBERATION (RUE DE LA)";"48,67851000";"6,16050000"
"202300020172";"2";"08";"2023";"18:05";"1";"40";"40192";"2";"1";"1";"2";"HOUGA (AV DU)";"43,87582000";" -0,47164000"
"202300020173";"29";"05";"2023";"22:30";"3";"11";"11262";"1";"1";"1";"2";"";"43,16579455";"2,99907637"
"202300020174";"18";"11";"2023";"12:25";"1";"21";"21420";"2";"1";"1";"1";"D14";"47,01221900";"4,58195500"
"202300020175";"7";"08";"2023";"20:00";"1";"37";"37261";"2";"1";"1";"2";"BERT (QUAI PAUL)";"47,40187000";"0,69010000"
"202300020176";"31";"05";"2023";"05:30";"2";"971";"97116";"2";"6";"1";"6";"rond point d'espérance";"16,32862400";" -61,44936600"
"202300020177";"7";"08";"2023";"07:42";"1";"37";"37261";"2";"9";"1";"3";"COURTELINE (RUE GEORGES)";"47,39313000";"0,67366000"
"202300020178";"14";"11";"2023";"14:45";"1";"40";"40286";"1";"3";"1";"2";"Route d'Arzacq";"43,61698800";" -0,45640700"
"202300020179";"29";"05";"2023";"20:18";"1";"13";"13040";"1";"2";"1";"1";"D96 angle D56E";"43,45979200";"5,54646000"
"202300020180";"18";"11";"2023";"11:30";"1";"85";"85160";"1";"1";"2";"1";"RD 85, PK 5 + 100";"46,59322520";" -1,40580400"
"202300020181";"31";"05";"2023";"14:20";"1";"77";"77453";"1";"1";"1";"6";"RD 408";"48,54533600";"2,72293600"
"202300020182";"6";"08";"2023";"01:12";"3";"14";"14333";"1";"2";"1";"6";"Chemin du Vallon";"49,40582800";"0,20545400"
"202300020183";"31";"05";"2023";"06:55";"1";"78";"78531";"1";"1";"1";"2";"autoroute a13 pk 54+300";"49,00400800";"1,60432900"
"202300020184";"17";"11";"2023";"15:00";"1";"28";"28028";"1";"2";"1";"3";"D110";"48,07625800";"1,55419000"
"202300020185";"7";"08";"2023";"13:45";"1";"13";"13206";"2";"2";"1";"3";"ROME (RUE DE)";"43,29119000";"5,38079000"
"202300020186";"30";"05";"2023";"01:00";"3";"34";"34296";"1";"1";"3";"6";"D610";"43,74964500";"4,05777500"
"202300020187";"7";"08";"2023";"18:30";"1";"06";"06069";"2";"1";"1";"1";"BELLEVUE (BOULEVARD)";"43,66589500";"6,93150400"
"202300020188";"17";"11";"2023";"11:30";"1";"37";"37273";"1";"4";"1";"2";"D142";"47,38605600";"0,78555500"
"202300020189";"26";"05";"2023";"18:30";"1";"84";"84054";"1";"1";"1";"1";"2444 Route de Carpentras";"43,94543000";"5,05466200"
"202300020190";"18";"11";"2023";"11:15";"1";"30";"30075";"1";"1";"1";"1";"D999";"43,85215195";"4,27229333"
"202300020191";"5";"08";"2023";"16:25";"1";"06";"06004";"2";"2";"1";"3";"CHATAIGNIERS AV.DU";"43,58092000";"7,11489000"
"202300020192";"30";"05";"2023";"23:05";"3";"84";"84081";"2";"1";"3";"6";"49 Avenue Pierre de Coubertin";"43,93587800";"4,90536300"
"202300020193";"16";"11";"2023";"22:30";"3";"88";"88328";"1";"1";"2";"7";"Route de Rambervillers";"48,32163900";"6,84209000"
"202300020194";"6";"08";"2023";"17:00";"1";"75";"75118";"2";"4";"1";"2";"PORTE DE LA CHAPELLE";"48,90088492";"2,36389518"
"202300020195";"24";"05";"2023";"18:50";"1";"13";"13015";"2";"3";"1";"1";"Avenue Thiers";"43,44706600";"5,41579300"
"202300020196";"7";"08";"2023";"08:48";"1";"75";"75120";"2";"2";"1";"3";"RUE ALEXANDRE DUMAS";"48,85436500";"2,39618300"
"202300020197";"30";"05";"2023";"07:40";"1";"71";"71372";"2";"3";"1";"3";"911 Route Nationale 6";"46,18222600";"4,74930700"
"202300020198";"31";"05";"2023";"07:15";"1";"67";"67001";"2";"1";"1";"6";"Route de Strasbourg";"48,58304500";"7,63175400"
"202300020199";"7";"08";"2023";"14:15";"1";"75";"75119";"2";"1";"1";"3";"BOULEVARD SERURIER";"48,87853000";"2,40255900"
"202300020200";"18";"11";"2023";"05:25";"3";"40";"40306";"1";"1";"1";"6";"A64  PK 38 sens Toulouse / Bayonne";"43,51102400";" -1,05215500"
"202300020201";"29";"05";"2023";"10:54";"1";"57";"57123";"2";"1";"7";"6";"202 Rue Principale";"49,16798000";"6,71632500"
"202300020202";"7";"08";"2023";"19:55";"1";"75";"75117";"2";"3";"1";"3";"RUE JULES BOURDAIS";"48,88809300";"2,29966500"
"202300020203";"18";"11";"2023";"15:30";"1";"988";"98817";"2";"1";"1";"6";"1213 Avenue des deux baies - PONT DES FRANCAIS";" -22,22101000";"166,49624000"
"202300020204";"31";"05";"2023";"08:20";"1";"03";"03316";"2";"2";"1";"3";"Route de Paris";"46,66210200";"3,24551600"
"202300020205";"7";"08";"2023";"06:40";"2";"75";"75115";"2";"2";"1";"3";"RUE DE LA CONVENTION";"48,84344000";"2,28274500"
"202300020206";"7";"11";"2023";"07:15";"1";"971";"97128";"1";"4";"1";"3";"Maudette";"16,23283800";" -61,41938600"
"202300020207";"6";"08";"2023";"16:50";"1";"75";"75114";"2";"3";"1";"3";"RUE MORERE";"48,82507700";"2,32053100"
"202300020208";"30";"05";"2023";"20:20";"1";"63";"63099";"1";"2";"1";"2";"M402/chemin ""sous le bois""";"45,84188400";"3,08313000"
"202300020209";"11";"11";"2023";"18:20";"3";"77";"77477";"1";"9";"2";"3";"D152";"48,33798100";"2,59711900"
"202300020210";"27";"05";"2023";"11:45";"1";"26";"26023";"1";"1";"1";"7";"Col du Tourniol";"44,93948400";"5,16005500"
"202300020211";"7";"08";"2023";"19:47";"1";"75";"75112";"2";"3";"1";"3";"BOULEVARD SOULT";"48,84617400";"2,41106000"
"202300020212";"17";"11";"2023";"15:00";"1";"91";"91226";"1";"1";"1";"4";"RN20";"48,49547100";"2,20019500"
"202300020213";"6";"08";"2023";"21:00";"2";"75";"75112";"2";"2";"1";"3";"BOULEVARD PONIATOWSKI";"48,83180300";"2,39763500"
"202300020214";"31";"05";"2023";"18:00";"1";"07";"07097";"2";"1";"1";"5";"D222";"45,01612100";"4,83638800"
"202300020215";"31";"05";"2023";"15:45";"1";"69";"69094";"2";"1";"1";"6";"53 Route du Col de la Luère";"45,74854000";"4,67102500"
"202300020216";"18";"11";"2023";"13:35";"1";"66";"66014";"1";"1";"1";"7";"N/A";"42,76509800";"2,82613600"
"202300020217";"7";"08";"2023";"18:45";"1";"75";"75107";"2";"3";"1";"1";"BOULEVARD RASPAIL";"48,85238800";"2,32646600"
"202300020218";"30";"05";"2023";"15:40";"1";"81";"81219";"1";"1";"1";"1";"N126";"43,56919000";"1,96386000"
"202300020219";"6";"08";"2023";"21:20";"5";"75";"75101";"2";"2";"1";"3";"RUE DES PETITS CHAMPS";"48,86698700";"2,33587000"