"Num_Acc";"jour";"mois";"an";"hrmn";"lum";"dep";"com";"agg";"int";"atm";"col";"adr";"lat";"long"
"202300021005";"20";"12";"2023";"19:10";"3";"29";"29019";"2";"6";"2";"5";"Girartoire de Pen ar Ch'leuz";"48,41507100";" -4,47924800"
"202300021006";"10";"09";"2023";"05:20";"3";"69";"69034";"1";"4";"1";"6";"Quai Bellevue";"45,78582600";"4,84896855"
"202300021007";"29";"01";"2023";"14:20";"1";"86";"86086";"1";"1";"1";"1";"D80";"46,82908700";"0,71491800"
"202300021008";"11";"09";"2023";"15:34";"1";"971";"97101";"2";"1";"1";"6";"ACHILLE RENE BOISNEUF (RUE)";"16,27494962";" -61,50319755"
"202300021009";"20";"12";"2023";"07:30";"5";"29";"29019";"2";"3";"1";"3";"1 rue Dupuy de Lome";"48,38844600";" -4,51578100"
"202300021010";"30";"01";"2023";"07:15";"5";"44";"44041";"2";"1";"1";"6";"34 Rue de la cle des champs";"47,10075700";" -1,60263100"
"202300021011";"20";"12";"2023";"08:20";"2";"27";"27299";"2";"1";"8";"7";"BRIAND (AVENUE ARISTIDE)";"49,05184000";"1,16547000"
"202300021012";"11";"09";"2023";"14:30";"1";"971";"97113";"1";"1";"1";"2";"SECTION LABROUSSE";"16,21882284";" -61,51423216"
"202300021013";"29";"01";"2023";"10:15";"1";"29";"29015";"2";"9";"1";"6";"Rue des Abers";"48,50128300";" -4,50719500"
"202300021014";"21";"12";"2023";"07:40";"2";"26";"26362";"2";"1";"1";"6";"SCHWEITZER RUE DU DOCTEUR";"44,93581000";"4,88965000"
"202300021015";"11";"09";"2023";"15:10";"1";"971";"97113";"1";"1";"1";"3";"RN4 - SECTION RIVIERA";"16,21764000";" -61,49340000"
"202300021016";"21";"12";"2023";"07:45";"2";"25";"25056";"2";"3";"2";"6";"HUYGENS RUE CHRISTIAN";"47,21280000";"5,97073000"
"202300021017";"18";"01";"2023";"17:45";"2";"15";"15138";"1";"1";"4";"7";"D3";"45,11472300";"2,85862300"
"202300021018";"10";"09";"2023";"13:47";"1";"971";"97101";"2";"3";"1";"3";"Frédéric JALTON";"16,27509208";" -61,50296688"
"202300021019";"21";"12";"2023";"21:40";"5";"22";"22278";"2";"1";"1";"6";"GARNIER (ABBE)";"48,50510000";" -2,76140000"
"202300021020";"19";"01";"2023";"21:15";"3";"15";"15157";"1";"1";"4";"3";"N122";"44,74777000";"2,19445500"
"202300021021";"1";"12";"2023";"18:30";"5";"15";"15014";"2";"1";"2";"1";"Avenue du général Leclerc";"44,91035500";"2,44480700"
"202300021022";"28";"01";"2023";"14:06";"1";"70";"70404";"1";"1";"1";"6";"D7";"47,99741700";"6,03278200"
"202300021023";"9";"09";"2023";"20:30";"5";"971";"97101";"1";"9";"1";"4";"PERRIN (SECTEUR)";"16,27721000";" -61,50885000"
"202300021024";"20";"12";"2023";"11:30";"1";"15";"15014";"1";"1";"1";"6";"RN 122";"44,90000000";"2,41665000"
"202300021025";"24";"01";"2023";"13:40";"1";"06";"06105";"2";"1";"1";"1";"D2085";"43,66314900";"7,05557400"
"202300021026";"11";"09";"2023";"22:00";"5";"2A";"2A004";"2";"9";"1";"3";"NAPOLEON COURS AVANT BEVERINI";"41,93231000";"8,74045000"
"202300021027";"20";"12";"2023";"18:00";"5";"14";"14167";"2";"1";"8";"2";"3 Rue des Frères Wilkin";"49,20447000";" -0,29745000"
"202300021028";"30";"01";"2023";"13:30";"1";"50";"50483";"2";"6";"1";"3";"Rue de l'Europe";"49,10472600";" -1,17587800"
"202300021029";"29";"01";"2023";"06:00";"3";"53";"53101";"1";"1";"1";"7";"RN162";"47,89238000";" -0,68089000"
"202300021030";"11";"09";"2023";"22:10";"3";"95";"95585";"1";"1";"1";"3";"D316";"48,99255800";"2,38674100"
"202300021031";"21";"12";"2023";"17:50";"2";"13";"13019";"1";"1";"1";"1";"ROUTE D’APT";"43,45094578";"5,35967588"
"202300021032";"28";"01";"2023";"22:50";"3";"53";"53233";"2";"1";"1";"7";"rue de laLibération";"47,86759500";" -0,43158900"
"202300021033";"16";"12";"2023";"00:20";"5";"13";"13209";"2";"1";"1";"7";"SOUDE (AVENUE DE LA)";"43,24410000";"5,40062000"
"202300021034";"12";"09";"2023";"13:00";"1";"95";"95277";"1";"1";"3";"4";"D317";"48,98350000";"2,46920000"
"202300021035";"20";"01";"2023";"08:00";"2";"40";"40224";"2";"4";"8";"3";"Route de Bayonne";"43,54720900";" -1,11377100"
"202300021036";"29";"08";"2023";"22:20";"1";"95";"95210";"2";"1";"1";"3";"D15";"48,96617417";"2,30073452"
"202300021037";"21";"12";"2023";"20:17";"5";"13";"13203";"2";"9";"1";"2";"NATIONAL (BOULEVARD)";"43,31482200";"5,37231200"
"202300021038";"29";"01";"2023";"12:15";"1";"24";"24034";"1";"2";"8";"3";"lieu dit les minières";"44,98115100";"0,47631200"
"202300021039";"21";"12";"2023";"13:50";"1";"13";"13210";"1";"1";"1";"6";"L ARMEE D AFRIQUE (CHEMIN DE L')";"43,28669600";"5,41448900"
"202300021040";"30";"08";"2023";"12:20";"1";"95";"95427";"2";"1";"1";"2";"D928";"48,95928000";"2,32897000"
"202300021041";"29";"01";"2023";"19:34";"3";"973";"97307";"2";"3";"1";"1";"intersection route de la distillerie - RN2";"4,87615300";" -52,33724700"
"202300021042";"20";"12";"2023";"14:55";"1";"13";"13201";"2";"9";"1";"1";"GARIBALDI (BOULEVARD) N° IMPAIRS";"43,29730000";"5,38080000"
"202300021043";"29";"01";"2023";"15:30";"1";"987";"98738";"2";"3";"2";"2";"PK 15 à l'intersection de la servitude BERNARDINO";" -17,64003500";" -149,60812600"
"202300021044";"29";"01";"2023";"20:56";"3";"53";"53267";"1";"1";"1";"6";"A81";"48,05926600";" -0,50794600"
"202300021045";"29";"01";"2023";"19:01";"5";"31";"31169";"2";"2";"1";"1";"44 Avenue de Toulouse";"43,51418700";"1,55010800"
"202300021046";"11";"09";"2023";"15:30";"1";"91";"91657";"2";"2";"1";"3";"AV HENRI BARBUSSE";"48,70409900";"2,43369500"
"202300021047";"17";"01";"2023";"07:55";"3";"35";"35024";"1";"1";"8";"6";"Caleuvre";"48,19590200";" -1,60069900"
"202300021048";"21";"12";"2023";"19:00";"3";"13";"13005";"2";"1";"1";"6";"VERDUN (AVENUE DE)";"43,28782700";"5,57877700"
"202300021049";"11";"09";"2023";"11:50";"1";"91";"91421";"2";"1";"1";"6";"JEAN JAURES (AVENUE)";"48,71343000";"2,44862000"
"202300021050";"29";"01";"2023";"11:30";"1";"987";"98714";"1";"1";"1";"1";"quartier amanahune";" -16,38800000";" -151,76500000"
"202300021051";"12";"09";"2023";"08:30";"1";"91";"91589";"2";"9";"1";"6";"RUE JOLIOT CURIE";"48,67488100";"2,35241900"
"202300021052";"20";"12";"2023";"15:45";"1";"06";"06069";"1";"1";"1";"4";"D6185";"43,63607800";"6,94409500"
"202300021053";"29";"01";"2023";"13:30";"1";"988";"98808";"1";"1";"3";"6";"rpn3 tribu de pentecoste";" -21,28962000";"165,70022000"
"202300021054";"11";"09";"2023";"09:50";"1";"91";"91027";"2";"1";"1";"3";"AV ARISTIDE BRIAND";"48,70598000";"2,38730000"
"202300021055";"29";"01";"2023";"19:50";"3";"973";"97311";"1";"1";"8";"6";"D9 avenue Jean Galmot PK 6";"5,53913100";" -53,94504900"
"202300021056";"10";"09";"2023";"02:20";"4";"91";"91027";"2";"1";"1";"7";"RUE ROBERT SCHUMAN";"48,71495000";"2,39821000"
"202300021057";"29";"01";"2023";"17:20";"1";"971";"97119";"1";"1";"1";"6";"Route de Desvarieux";"16,36428600";" -61,43048300"
"202300021058";"20";"12";"2023";"14:40";"1";"06";"06069";"1";"1";"1";"3";"Pénétrante";"43,62822000";"6,94800000"
"202300021059";"19";"01";"2023";"13:35";"1";"971";"97118";"1";"1";"1";"7";"Route Nationale 1";"16,19395948";" -61,60656452"
"202300021060";"12";"09";"2023";"07:59";"1";"91";"91223";"1";"3";"1";"3";"R.D.20";"48,40340000";"2,12222000"
"202300021061";"20";"12";"2023";"12:55";"1";"75";"75117";"2";"1";"8";"3";"PORTE DE SAINT OUEN";"48,90034800";"2,32217400"
"202300021062";"26";"01";"2023";"17:40";"1";"33";"33199";"2";"1";"1";"2";"95 Rue Chante Cigale";"44,62651200";" -1,06236000"
"202300021063";"10";"09";"2023";"21:23";"5";"90";"90010";"2";"3";"1";"3";"BRISACH (AVENUE DE)";"47,64533000";"6,87706000"
"202300021064";"30";"01";"2023";"10:18";"1";"77";"77183";"2";"1";"2";"6";"Avenue Franklin Roosevelt";"48,94360600";"3,12222600"
"202300021065";"10";"09";"2023";"20:25";"2";"87";"87085";"2";"2";"1";"3";"GARIBALDI (AVENUE)";"45,83446000";"1,26093000"
"202300021066";"27";"01";"2023";"22:15";"3";"78";"78558";"1";"1";"2";"7";"D89";"48,98290700";"1,53201300"
"202300021067";"20";"12";"2023";"13:45";"1";"75";"75113";"2";"1";"1";"5";"PORTE DE GENTILLY";"48,81629000";"2,34577700"
"202300021068";"8";"09";"2023";"21:39";"5";"87";"87085";"2";"1";"1";"7";"CHARLEMAGNE (RUE)";"45,84820000";"1,26398000"
"202300021069";"14";"01";"2023";"17:23";"1";"11";"11076";"2";"3";"1";"1";"17 Avenue du General de Gaulle";"43,31962400";"1,94680100"
"202300021070";"7";"09";"2023";"13:22";"1";"87";"87085";"2";"3";"1";"6";"PERRIN (RUE FRANCOIS)";"45,82886000";"1,24388000"
"202300021071";"20";"12";"2023";"23:45";"5";"75";"75118";"2";"2";"1";"2";"RUE DU MONT CENIS";"48,89432200";"2,34538800"
"202300021072";"29";"01";"2023";"16:56";"1";"06";"06092";"2";"1";"1";"3";"870 Boulevard de la Vallée";"43,76498700";"7,34642200"
"202300021073";"7";"09";"2023";"07:15";"2";"87";"87085";"2";"3";"1";"3";"TOULOUSE (RUE DE)";"45,81041000";"1,28436000"
"202300021074";"21";"12";"2023";"18:10";"5";"75";"75117";"2";"3";"1";"3";"BOULEVARD MALESHERBES";"48,88277489";"2,31018484"
"202300021075";"12";"09";"2023";"06:32";"2";"86";"86194";"2";"1";"1";"3";"Route de Bonneuil Matours";"46,58841700";"0,36978500"
"202300021076";"29";"01";"2023";"12:00";"1";"13";"13085";"1";"3";"1";"3";"D3d";"43,23515200";"5,67052200"
"202300021077";"11";"09";"2023";"08:20";"1";"86";"86214";"2";"1";"1";"2";"D162";"46,55181000";"0,32059100"
"202300021078";"20";"12";"2023";"10:45";"1";"75";"75117";"2";"2";"1";"6";"BOULEVARD DES BATIGNOLLES";"48,88299000";"2,32414000"
"202300021079";"29";"01";"2023";"19:46";"3";"67";"67497";"1";"3";"1";"6";"D919";"48,83308600";"7,70167400"
"202300021080";"11";"09";"2023";"08:30";"1";"86";"86194";"2";"3";"1";"3";"Bd du Marechal de Lattre de Tassigny";"46,58348800";"0,35211600"
"202300021081";"30";"01";"2023";"09:00";"1";"26";"26129";"1";"4";"1";"7";"D325";"45,07298300";"5,18322900"
"202300021082";"21";"12";"2023";"13:10";"1";"75";"75115";"2";"3";"1";"3";"RUE LECOURBE";"48,84377100";"2,30653900"
"202300021083";"1";"09";"2023";"17:15";"1";"84";"84007";"2";"1";"1";"3";"FRANCOIS 1ER (RUE)";"43,92871000";"4,82243000"
"202300021084";"30";"01";"2023";"20:00";"5";"07";"07324";"2";"1";"1";"1";"Quai Charles de Gaulle";"45,06775600";"4,83458000"
"202300021085";"9";"09";"2023";"09:00";"1";"83";"83129";"2";"3";"1";"3";"MER (AVENUE DE LA) N° PAIRS";"43,10030900";"5,82473800"
"202300021086";"28";"01";"2023";"10:50";"1";"69";"69019";"2";"2";"1";"3";"4 Rue Victor Hugo";"46,10866700";"4,74965600"
"202300021087";"10";"09";"2023";"19:05";"1";"82";"82121";"2";"3";"1";"3";"TOURNIER (RUE H.)";"44,02624000";"1,35279000"
"202300021088";"30";"01";"2023";"09:20";"1";"81";"81099";"2";"1";"1";"3";"Avenue de Lattre de Tassigny";"43,90793780";"1,89792000"
"202300021089";"20";"12";"2023";"20:50";"5";"75";"75115";"2";"4";"1";"6";"BOULEVARD GARIBALDI";"48,84667200";"2,30623000"
"202300021090";"10";"09";"2023";"20:22";"3";"78";"78486";"2";"1";"1";"6";"CHARTRES (RUE DE";"48,69002000";"1,85111000"
"202300021091";"30";"01";"2023";"07:45";"1";"86";"86044";"1";"1";"1";"6";"Champ Blanc";"47,05448054";"0,24347305"
"202300021092";"20";"12";"2023";"18:40";"5";"75";"75114";"2";"1";"1";"6";"BOULEVARD JOURDAN";"48,81965500";"2,34193300"
"202300021093";"15";"01";"2023";"20:35";"3";"86";"86163";"1";"1";"2";"1";"Rue du Petit Nieul";"46,61111800";"0,39255200"
"202300021094";"20";"12";"2023";"17:00";"5";"75";"75114";"2";"1";"1";"7";"BOULEVARD EDGAR QUINET";"48,84087300";"2,32548700"
"202300021095";"28";"01";"2023";"17:20";"2";"33";"33449";"2";"1";"1";"6";"Avenue du Haillan";"44,87383600";" -0,70485600"
"202300021096";"17";"01";"2023";"18:30";"5";"72";"72154";"2";"1";"1";"3";"Rue de la Dauversière";"47,70074000";" -0,07161000"
"202300021097";"29";"01";"2023";"17:30";"1";"27";"27332";"2";"1";"1";"6";"Allee de la Butte a Colas";"49,18966300";"1,22040500"
"202300021098";"19";"12";"2023";"23:15";"5";"75";"75114";"2";"2";"2";"2";"BOULEVARD SAINT JACQUES";"48,83332800";"2,33618200"
"202300021099";"29";"01";"2023";"20:10";"3";"60";"60241";"1";"1";"1";"6";"D330a";"49,17595200";"2,69109200"
"202300021100";"29";"01";"2023";"01:07";"3";"13";"13215";"1";"1";"1";"2";"A7-Sens Marseille vers Lyon";"43,36223000";"5,36136000"
"202300021101";"21";"12";"2023";"01:40";"5";"75";"75113";"2";"3";"2";"6";"AVENUE D IVRY";"48,82301200";"2,36638200"
"202300021102";"27";"01";"2023";"08:10";"5";"13";"13210";"1";"1";"1";"2";"Tunnel Prado Carénage";"43,28270000";"5,39320000"
"202300021103";"28";"07";"2023";"06:55";"1";"78";"78402";"1";"1";"1";"1";"CD 113";"48,96222000";"1,77251000"
"202300021104";"20";"12";"2023";"19:40";"5";"75";"75113";"2";"1";"1";"6";"BOULEVARD MASSENA";"48,81995035";"2,36411512"
"202300021105";"20";"12";"2023";"13:05";"1";"75";"75112";"2";"1";"1";"6";"AVENUE DU GENERAL MICHEL BIZOT";"48,83502600";"2,40130500"
"202300021106";"6";"09";"2023";"18:15";"1";"78";"78208";"2";"3";"1";"3";"VILLEDIEU (AVENUE DE LA) 220";"48,77008800";"1,94603700"
"202300021107";"29";"01";"2023";"18:40";"3";"91";"91064";"1";"1";"1";"2";"RN 118";"48,74270000";"2,18820000"
"202300021108";"21";"12";"2023";"19:00";"5";"75";"75111";"2";"7";"8";"2";"PLACE DE LA NATION";"48,84911700";"2,39466000"
"202300021109";"21";"12";"2023";"15:15";"1";"75";"75108";"2";"3";"2";"2";"PLACE DE LA CONCORDE";"48,86668433";"2,32204825"
"202300021110";"20";"12";"2023";"19:30";"5";"75";"75107";"2";"1";"1";"6";"QUAI BRANLY";"48,85826000";"2,29212000"
"202300021111";"21";"12";"2023";"21:05";"5";"75";"75102";"2";"2";"1";"7";"BOULEVARD MONTMARTRE";"48,87149100";"2,34308200"
"202300021112";"21";"12";"2023";"01:51";"5";"75";"75103";"2";"1";"2";"6";"BOULEVARD SAINT MARTIN";"48,86818400";"2,36009700"
"202300021113";"21";"12";"2023";"16:15";"1";"94";"94078";"2";"3";"2";"3";"Rue du Pont de la gendarmerie";"48,73106800";"2,44671000"
"202300021114";"21";"12";"2023";"16:45";"3";"94";"94073";"1";"1";"2";"2";"Avenue de Versailles";"48,75481000";"2,38277000"
"202300021115";"21";"12";"2023";"14:10";"1";"94";"94073";"2";"9";"2";"3";"Boulevard du Nord";"48,75801000";"2,36981000"
"202300021116";"21";"12";"2023";"12:15";"1";"94";"94021";"2";"1";"1";"6";"Boulevard Jean Mermoz";"48,76923200";"2,33717200"
"202300021117";"20";"12";"2023";"09:30";"1";"94";"94011";"2";"9";"1";"3";"Rue Pierre Sémard";"48,76062916";"2,47959035"
"202300021118";"18";"12";"2023";"22:32";"5";"94";"94028";"2";"1";"1";"6";"Place des Alizes";"48,77015300";"2,46135000"
"202300021119";"21";"12";"2023";"17:05";"5";"93";"93039";"2";"1";"2";"6";"Quai de Seine";"48,93501200";"2,34099400"
"202300021120";"21";"12";"2023";"10:44";"1";"93";"93066";"2";"2";"2";"3";"Avenue du Président Wilson / Rue Francis de Pressensé";"48,91816900";"2,35779800"
"202300021121";"19";"12";"2023";"21:30";"5";"93";"93051";"2";"2";"2";"2";"Rue des Hauts Roseaux / Allee de la Haute Place";"48,84439000";"2,57642000"
"202300021122";"21";"12";"2023";"13:21";"1";"93";"93074";"2";"2";"2";"6";"Rue de Meaux / Avenue du Général de Gaulle";"48,93541000";"2,57281000"
"202300021123";"21";"12";"2023";"17:20";"5";"93";"93006";"2";"3";"2";"6";"Rue Sadi Carnot / Rue Raoul Berton";"48,86825000";"2,41876000"
"202300021124";"20";"12";"2023";"07:35";"5";"93";"93006";"2";"1";"8";"5";"Avenue Gambetta";"48,87165200";"2,41831900"
"202300021125";"21";"12";"2023";"08:22";"2";"93";"93032";"2";"2";"8";"3";"Rue Aristide Briand / Rue Parmentier";"48,88270000";"2,53500000"
"202300021126";"21";"12";"2023";"13:00";"1";"93";"93031";"2";"1";"2";"6";"Rue du Commandant Louis Bouchet";"48,95347400";"2,31960300"
"202300021127";"21";"12";"2023";"09:00";"1";"93";"93007";"2";"1";"2";"6";"Avenue Descartes";"48,95048700";"2,44284900"
"202300021128";"20";"12";"2023";"19:00";"5";"93";"93001";"2";"3";"2";"3";"Rue Charles Tillon / Avenue du Cimetière";"48,91709200";"2,39295100"
"202300021129";"21";"12";"2023";"19:45";"5";"92";"92078";"2";"9";"1";"6";"GALLIENI (BD) (153 ET 225)";"48,93549662";"2,33296216"
"202300021130";"21";"12";"2023";"16:35";"1";"92";"92064";"2";"1";"1";"3";"GARCHES";"48,84350084";"2,20264994"
"202300021131";"21";"12";"2023";"02:50";"5";"92";"92051";"2";"2";"2";"3";"BINEAU (BOULEVARD, N°53 A 131 ET 52 A 13";"48,88936000";"2,27296000"
"202300021132";"20";"12";"2023";"19:10";"5";"92";"92044";"2";"1";"2";"3";"TREZEL(RUE) 1A13 ET 2A10";"48,89510560";"2,29501963"
"202300021133";"20";"12";"2023";"08:55";"1";"92";"92044";"2";"9";"1";"6";"RIVAY(RUE)97A107 ET 96A108";"48,90067000";"2,28453000"
"202300021134";"20";"12";"2023";"08:55";"1";"92";"92044";"2";"1";"1";"6";"P.V.COUTURIER(RUE)65A79 ET50A58";"48,89661000";"2,28707000"
"202300021135";"19";"12";"2023";"07:55";"5";"92";"92024";"2";"1";"2";"6";"GENERAL LECLERC (RUE DU) DE (81 A 109)  ";"48,90926406";"2,30701223"
"202300021136";"21";"12";"2023";"18:30";"5";"92";"92023";"2";"6";"2";"3";"MARQUIS (PLACE) N°1 ET 2";"48,80510665";"2,25922376"
"202300021137";"21";"12";"2023";"17:00";"5";"92";"92023";"2";"1";"2";"6";"VICTOR HUGO (AVENUE)";"48,80954376";"2,27194011"
"202300021138";"21";"12";"2023";"15:30";"1";"92";"92012";"2";"1";"2";"7";"JEAN JAURES (BOULEVARD) 1/61 - COTE IMPA";"48,84523278";"2,23717734"
"202300021139";"21";"12";"2023";"23:55";"5";"24";"24011";"2";"1";"2";"7";"35 Route de Limoges";"45,21410700";"0,83176400"
"202300021140";"20";"12";"2023";"21:50";"3";"51";"51316";"1";"3";"2";"3";"D660";"48,64791251";"4,76010666"
"202300021141";"20";"12";"2023";"19:50";"3";"76";"76057";"1";"1";"2";"2";"A150";"49,52773400";"0,95204100"
"202300021142";"10";"12";"2023";"17:00";"5";"95";"95313";"2";"6";"1";"3";"CHEMIN VERT (RUE DU)";"49,11924040";"2,23101988"
"202300021143";"22";"12";"2023";"07:49";"5";"95";"95058";"1";"9";"2";"6";"D929";"49,15776679";"2,28833869"
"202300021144";"20";"12";"2023";"18:10";"3";"18";"18146";"1";"1";"1";"3";"Route du Canal";"47,32441100";"2,85520100"
"202300021145";"21";"12";"2023";"15:37";"1";"18";"18070";"1";"1";"3";"1";"N/A";"47,49178300";"2,55567800"
"202300021146";"22";"12";"2023";"10:15";"1";"57";"57060";"1";"3";"3";"3";"D22";"48,90129498";"6,76974053"
"202300021147";"21";"12";"2023";"20:40";"3";"68";"68009";"1";"1";"2";"1";"D468";"48,10876400";"7,53387500"
"202300021148";"21";"12";"2023";"17:19";"3";"51";"51217";"1";"1";"2";"2";"D3";"49,08426300";"3,65742800"
"202300021149";"17";"12";"2023";"19:20";"3";"972";"97217";"2";"1";"1";"7";"stade o'neil";"14,46952600";" -60,85734300"
"202300021150";"22";"12";"2023";"19:30";"3";"52";"52074";"1";"1";"2";"6";"A31 PK152+400 Sens 2";"48,07931888";"5,61144430"
"202300021151";"18";"12";"2023";"08:30";"3";"29";"29265";"1";"1";"1";"6";"Zone Artisanale de Penprat";"48,55039148";" -3,88495321"
"202300021152";"22";"12";"2023";"03:30";"5";"62";"62376";"1";"1";"1";"6";"D937";"50,57039952";"2,59868954"
"202300021153";"22";"12";"2023";"16:50";"3";"37";"37213";"1";"1";"2";"2";"A28, PK 047+500, Sens LE MANS-TOURS";"47,63788000";"0,49734600"
"202300021154";"22";"12";"2023";"16:22";"1";"56";"56254";"1";"1";"1";"3";"Lieu Dit Coeby";"47,76813300";" -2,53341100"
"202300021155";"21";"12";"2023";"09:15";"1";"79";"79135";"1";"1";"2";"1";"N/A";"46,72783000";" -0,21325700"
"202300021156";"17";"12";"2023";"23:31";"3";"61";"61406";"1";"1";"5";"1";"D926";"48,73221500";"0,50786500"
"202300021157";"21";"12";"2023";"14:05";"1";"47";"47209";"2";"2";"2";"3";"Rue Frederic Chopin";"44,22444800";"0,67615300"
"202300021158";"22";"12";"2023";"01:10";"5";"41";"41280";"2";"1";"2";"6";"20 Avenue de la Commanderie";"47,29960600";"1,76911000"
"202300021159";"21";"12";"2023";"17:30";"5";"39";"39526";"2";"3";"8";"3";"16 Avenue Kennedy";"47,04246600";"5,41576000"
"202300021160";"21";"12";"2023";"23:25";"3";"25";"25328";"1";"1";"2";"7";"les Clairons";"47,17591600";"5,97265700"
"202300021161";"21";"12";"2023";"17:20";"3";"29";"29266";"1";"1";"2";"6";"Kerambloc’h";"48,46959200";" -3,96932600"
"202300021162";"22";"12";"2023";"17:55";"3";"38";"38284";"1";"1";"2";"6";"Chemin de Bellevue (Ornacieux)";"45,39824300";"5,21697700"
"202300021163";"21";"12";"2023";"17:35";"3";"05";"05084";"1";"3";"1";"5";"N94";"44,55634200";"6,23841000"
"202300021164";"21";"12";"2023";"17:15";"5";"50";"50215";"2";"1";"2";"6";"3 Rue du 28 Juillet 1944";"49,09767700";" -1,58166800"
"202300021165";"22";"12";"2023";"11:00";"1";"60";"60509";"2";"3";"2";"3";"Avenue d?Auvelais";"49,31388300";"2,60527100"
"202300021166";"22";"12";"2023";"09:50";"1";"64";"64527";"2";"1";"3";"6";"Chemin de Banecau";"43,34562300";" -1,47081600"
"202300021167";"21";"12";"2023";"10:20";"1";"16";"16222";"1";"1";"2";"1";"D674 - PK 38+800";"45,34471100";"0,07965100"
"202300021168";"22";"12";"2023";"12:10";"1";"24";"24330";"1";"1";"2";"7";"D6";"45,05349400";"1,02346100"
"202300021169";"22";"12";"2023";"01:40";"3";"85";"85295";"1";"1";"1";"6";"D93";"47,00326700";" -1,27315500"
"202300021170";"18";"12";"2023";"20:00";"3";"06";"06152";"1";"9";"1";"6";"Route de Biot";"43,64418500";"7,04701100"
"202300021171";"22";"12";"2023";"14:15";"1";"68";"68135";"1";"1";"1";"7";"A35";"47,58607100";"7,54894900"
"202300021172";"21";"12";"2023";"20:54";"3";"45";"45146";"1";"1";"2";"2";"A71 PR 120 + 349";"47,72075100";"1,89111700"
"202300021173";"22";"12";"2023";"17:10";"1";"11";"11144";"1";"1";"8";"1";"N/A";"42,87036600";"2,98787400"
"202300021174";"23";"12";"2023";"00:30";"5";"988";"98821";"1";"1";"1";"1";"RT1- La Tontouta";" -22,02898100";"166,23177100"
"202300021175";"22";"12";"2023";"15:05";"1";"974";"97418";"1";"1";"1";"6";"RD 61 - PK 1 + 14";" -20,93194200";"55,54009900"
"202300021176";"20";"12";"2023";"19:15";"5";"971";"97108";"1";"3";"1";"3";"Vidon Robert";"15,90261700";" -61,25158000"
"202300021177";"22";"12";"2023";"14:50";"1";"77";"77264";"1";"2";"8";"3";"Route Départementale 231";"48,75264000";"2,94370800"
"202300021178";"20";"12";"2023";"20:00";"5";"77";"77466";"2";"1";"2";"3";"rue de la foret";"48,82237136";"2,90315068"
"202300021179";"22";"12";"2023";"15:05";"1";"34";"34081";"1";"1";"1";"2";"D 162";"43,30564500";"3,13721400"
"202300021180";"21";"12";"2023";"19:50";"5";"21";"21038";"1";"1";"2";"2";"D20B";"47,19440000";"5,42819000"
"202300021181";"22";"12";"2023";"01:32";"3";"63";"63284";"1";"1";"1";"1";"M769";"45,78964300";"3,20273400"
"202300021182";"21";"12";"2023";"22:10";"3";"38";"38565";"1";"1";"3";"6";"1520 Route de Chartreuse";"45,30343300";"5,63534300"
"202300021183";"21";"12";"2023";"18:45";"3";"69";"69077";"1";"2";"2";"1";"Route Départementale 109";"46,14588600";"4,76302400"
"202300021184";"22";"12";"2023";"11:35";"1";"17";"17237";"1";"1";"2";"6";"chemin du canal du grand garçon";"45,87259800";" -1,06650000"
"202300021185";"8";"12";"2023";"08:45";"2";"22";"22136";"2";"1";"2";"1";"Rue du Docteur Robin";"48,18227700";" -2,76029300"
"202300021186";"20";"12";"2023";"08:00";"3";"35";"35124";"1";"1";"1";"6";"D57";"47,74849300";" -1,70959700"
"202300021187";"20";"12";"2023";"17:30";"5";"27";"27684";"2";"1";"2";"1";"Rue des Pêcheurs";"49,00687300";"1,21813100"
"202300021188";"22";"12";"2023";"11:40";"1";"60";"60139";"2";"9";"2";"1";"Place de l?Eglise";"49,16650400";"2,24558100"
"202300021189";"21";"12";"2023";"17:40";"3";"60";"60222";"1";"1";"1";"2";"Route Nationale à Hatton";"49,47875200";"2,30222600"
"202300021190";"22";"12";"2023";"08:55";"1";"60";"60157";"2";"1";"2";"3";"Rue de Saint-Just";"49,38497300";"2,41301900"
"202300021191";"22";"12";"2023";"08:35";"1";"02";"02684";"2";"4";"2";"6";"31 Rue Barbusse";"49,91982700";"4,13779000"
"202300021192";"21";"12";"2023";"16:14";"1";"13";"13117";"1";"1";"1";"2";"A7-Sens Lyon vers Marseille";"43,42468796";"5,26516861"
"202300021193";"21";"12";"2023";"14:30";"1";"83";"83137";"1";"1";"1";"7";"A57";"43,12309563";"5,95843036"
"202300021194";"21";"12";"2023";"18:53";"3";"33";"33550";"1";"1";"2";"4";"AUTOROUTE A 62";"44,77500000";" -0,55654000"
"202300021195";"21";"12";"2023";"09:50";"1";"33";"33039";"1";"1";"2";"2";"ROCADE A 630";"44,79255009";" -0,54016642"
"202300021196";"21";"12";"2023";"21:06";"3";"91";"91534";"1";"1";"1";"3";"RN 118";"48,72736000";"2,16585000"
"202300021197";"21";"12";"2023";"15:32";"1";"94";"94034";"1";"1";"2";"3";"A6B";"48,75138018";"2,32947546"
"202300021198";"21";"12";"2023";"01:09";"3";"91";"91661";"1";"1";"2";"6";"AUTOROUTE A10";"48,68624000";"2,21258000"
"202300021199";"21";"12";"2023";"08:45";"1";"92";"92064";"1";"1";"8";"6";"A13";"48,83822910";"2,19103797"