"Num_Acc";"jour";"mois";"an";"hrmn";"lum";"dep";"com";"agg";"int";"atm";"col";"adr";"lat";"long"
"202300021400";"9";"10";"2023";"11:20";"1";"42";"42207";"2";"1";"1";"6";"Rue de la Brosse";"45,47597000";"4,51863000"
"202300021401";"3";"07";"2023";"17:45";"1";"83";"83032";"2";"1";"1";"2";"Route départementale 562";"43,47445400";"6,17641900"
"202300021402";"13";"10";"2023";"09:55";"1";"41";"41269";"2";"1";"1";"3";"KENNEDY (BOULEVARD DU PRESIDENT)";"47,80023000";"1,05750000"
"202300021403";"21";"06";"2023";"11:10";"1";"45";"45269";"1";"4";"1";"2";"D2152 PR 72 + 932";"47,85422500";"1,74456200"
"202300021404";"12";"10";"2023";"22:40";"3";"41";"41212";"1";"1";"1";"2";"RD 956";"47,55200000";"1,38630000"
"202300021405";"2";"07";"2023";"15:00";"1";"18";"18197";"2";"1";"1";"3";"25 Avenue du Général de Gaulle";"46,72817200";"2,49874600"
"202300021406";"13";"10";"2023";"18:15";"1";"37";"37261";"2";"1";"1";"3";"RASPAIL (RUE)";"47,38012000";"0,70146000"
"202300021407";"10";"10";"2023";"12:55";"1";"37";"37195";"1";"1";"1";"6";"RD 88";"47,38979000";"0,64793000"
"202300021408";"30";"06";"2023";"11:10";"1";"36";"36022";"1";"4";"1";"3";"";"46,61553857";"1,68477289"
"202300021409";"14";"10";"2023";"23:30";"3";"35";"35278";"2";"1";"1";"6";"ETANG DU DIABLE (RUE DE L')";"48,13809602";" -1,68555915"
"202300021410";"30";"06";"2023";"17:15";"1";"85";"85039";"1";"1";"1";"3";"RD 755";"47,00573900";" -1,18172700"
"202300021411";"3";"07";"2023";"11:45";"1";"27";"27243";"1";"1";"1";"3";"D180";"49,39869300";"0,31058900"
"202300021412";"13";"10";"2023";"17:00";"1";"35";"35238";"2";"2";"1";"5";"POMPIDOU ( BD GEORGES)";"48,09822936";" -1,68838084"
"202300021413";"13";"10";"2023";"22:50";"5";"34";"34172";"2";"1";"1";"3";"DEZEUZE (RUE FRANCOIS)";"43,60875000";"3,84194000"
"202300021414";"3";"07";"2023";"19:35";"1";"17";"17482";"1";"2";"1";"3";"D208";"46,14130000";" -0,80556400"
"202300021415";"13";"10";"2023";"18:48";"2";"33";"33162";"2";"1";"1";"4";"RUE DU 19 MARS 1962";"44,87122000";" -0,64827000"
"202300021416";"3";"07";"2023";"18:30";"1";"17";"17093";"1";"1";"1";"1";"D26e2";"45,87172800";" -1,22699300"
"202300021417";"13";"10";"2023";"10:48";"1";"33";"33318";"2";"3";"1";"3";"Avenue des Provinces";"44,78887000";" -0,68265000"
"202300021418";"4";"07";"2023";"12:15";"1";"37";"37172";"1";"1";"1";"1";"Avenue Gustave Eiffel";"47,44100706";"0,69977760"
"202300021419";"12";"10";"2023";"18:25";"1";"33";"33119";"2";"6";"1";"2";"Avenue René Cassagne";"44,85841000";" -0,51532000"
"202300021420";"4";"07";"2023";"08:40";"1";"30";"30133";"2";"4";"1";"1";"piste cyclable canal du rhone à sete";"43,54047600";"4,14303700"
"202300021421";"22";"04";"2023";"16:18";"1";"13";"13007";"1";"1";"1";"1";"D2";"43,32277400";"5,66667100"
"202300021422";"13";"10";"2023";"15:10";"1";"33";"33529";"1";"1";"1";"1";"D259";"44,60359000";" -1,17012000"
"202300021423";"22";"04";"2023";"11:15";"1";"13";"13097";"2";"1";"1";"6";"Rue des Bergers";"43,63376100";"4,80178700"
"202300021424";"3";"07";"2023";"15:30";"1";"88";"88030";"1";"1";"1";"6";"Rue du docteur Liegois";"48,20236700";"6,14549300"
"202300021425";"21";"04";"2023";"23:45";"3";"67";"67125";"1";"1";"1";"7";"D203";"48,34756500";"7,44182100"
"202300021426";"3";"07";"2023";"14:55";"1";"49";"49092";"1";"1";"1";"3";"route du beaupréau";"47,21130800";" -0,74771900"
"202300021427";"8";"10";"2023";"20:40";"5";"30";"30189";"2";"2";"1";"6";"Boulevard des Arènes";"43,83385000";"4,36002000"
"202300021428";"22";"04";"2023";"16:35";"1";"67";"67335";"1";"1";"1";"7";"Rue de l'Emetteur";"48,63971500";"7,49250400"
"202300021429";"4";"07";"2023";"09:05";"1";"974";"97415";"1";"1";"1";"6";"d3";" -21,07942000";"55,30919400"
"202300021430";"13";"10";"2023";"12:45";"1";"29";"29232";"2";"2";"1";"3";"Rue Henri de Bournazel";"48,00131000";" -4,10631000"
"202300021431";"30";"06";"2023";"13:40";"1";"24";"24207";"1";"1";"1";"2";"Route de la Valade";"44,79943900";"1,27632900"
"202300021432";"22";"04";"2023";"01:30";"3";"57";"57631";"1";"1";"1";"6";"N61";"49,09357600";"7,03921100"
"202300021433";"13";"10";"2023";"15:15";"1";"29";"29019";"2";"1";"1";"6";"place de Strasbourg";"48,40202900";" -4,46752000"
"202300021434";"2";"07";"2023";"23:44";"3";"21";"21423";"1";"1";"1";"6";"Autoroute A6";"46,99021122";"4,85364109"
"202300021435";"4";"07";"2023";"05:15";"2";"971";"97103";"1";"1";"1";"6";"RN 2 FACE A DESTRELAND";"16,25082600";" -61,59057900"
"202300021436";"23";"04";"2023";"15:40";"1";"73";"73123";"1";"1";"1";"3";"D909 - Route du col des aravis";"45,85912100";"6,49699700"
"202300021437";"12";"10";"2023";"09:15";"1";"27";"27229";"2";"3";"2";"3";"ALLENDE (BOULEVARD DU PRESIDENT)";"49,00340200";"1,14806000"
"202300021438";"2";"07";"2023";"04:30";"5";"987";"98733";"1";"1";"1";"3";"pk 21.900 RT1 Entrée Vallée de Orofero";" -17,69600000";" -149,54800000"
"202300021439";"1";"07";"2023";"22:45";"5";"971";"97106";"2";"1";"3";"6";"N2, section monchy";"16,09398000";" -61,76908500"
"202300021440";"13";"10";"2023";"11:00";"1";"21";"21166";"2";"2";"7";"6";"GAY LUSSAC (RUE)";"47,29108300";"5,02019200"
"202300021441";"4";"07";"2023";"09:45";"1";"2B";"2B239";"1";"1";"1";"7";"RD38";"42,66080090";"9,36631100"
"202300021442";"22";"04";"2023";"13:10";"1";"09";"09306";"2";"1";"2";"6";"RN 20 face à la brasserie le ST ROCH";"42,84383400";"1,60193900"
"202300021443";"12";"10";"2023";"16:40";"1";"21";"21231";"2";"1";"1";"6";"ARISTIDE BRIAND (AVENUE)";"47,33026200";"5,04827100"
"202300021444";"3";"07";"2023";"19:20";"1";"84";"84054";"1";"1";"1";"1";"1805 Chemin des Dames Roses";"43,88126300";"5,06067700"
"202300021445";"13";"10";"2023";"20:43";"5";"17";"17306";"2";"6";"2";"7";"D25";"45,63954000";" -1,02505000"
"202300021446";"22";"04";"2023";"18:20";"1";"47";"47094";"1";"1";"1";"3";"D813";"44,44494360";"0,24422299"
"202300021447";"12";"06";"2023";"16:50";"1";"13";"13081";"1";"1";"1";"3";"N Rd 113";"43,50354600";"5,21009400"
"202300021448";"22";"04";"2023";"16:00";"1";"35";"35072";"1";"2";"1";"6";"intersection RD 178 - RD 24";"48,21872000";" -1,16949900"
"202300021449";"13";"10";"2023";"10:44";"1";"15";"15014";"2";"6";"1";"3";"RD 120";"44,92232000";"2,42787000"
"202300021450";"3";"07";"2023";"17:40";"1";"57";"57039";"2";"2";"1";"3";"Rue du Lieutenant Yves Le Saux";"49,07213700";"6,12001800"
"202300021451";"13";"10";"2023";"10:44";"1";"15";"15012";"2";"7";"1";"3";"RD 320";"44,90088000";"2,45917000"
"202300021452";"22";"04";"2023";"23:50";"3";"62";"62318";"2";"2";"2";"3";"D148";"50,51820900";"1,65155400"
"202300021453";"4";"07";"2023";"17:35";"5";"73";"73006";"1";"1";"1";"1";"N90 - Tunnel du Siaix";"45,52652500";"6,57774200"
"202300021454";"11";"10";"2023";"11:50";"1";"15";"15014";"2";"1";"1";"7";"BRIAND (AVENUE ARISTIDE)";"44,91915000";"2,44517000"
"202300021455";"22";"04";"2023";"19:30";"1";"62";"62235";"2";"1";"1";"3";"D52";"50,67623900";"1,63747800"
"202300021456";"4";"07";"2023";"12:30";"1";"42";"42005";"2";"3";"1";"3";"Avenue de Montbrison";"45,52971900";"4,25306100"
"202300021457";"4";"07";"2023";"12:00";"1";"38";"38247";"2";"2";"1";"1";"47 Route de Lyon";"45,81744000";"5,39886300"
"202300021458";"21";"04";"2023";"23:30";"3";"13";"13071";"1";"1";"1";"5";"A7-Sens Marseille vers Lyon";"43,41269032";"5,28163860"
"202300021459";"22";"04";"2023";"22:10";"5";"33";"33249";"1";"1";"1";"6";"ROUTE NATIONALE 230";"44,87067300";" -0,50534400"
"202300021460";"4";"07";"2023";"17:31";"1";"38";"38317";"1";"1";"1";"3";"RN85";"45,12389100";"5,69379900"
"202300021461";"13";"10";"2023";"16:30";"1";"13";"13203";"2";"1";"1";"2";"LOUBON (RUE)";"43,31269566";"5,38223337"
"202300021462";"22";"04";"2023";"18:15";"1";"91";"91086";"1";"1";"1";"7";"RN 104";"48,62403500";"2,37459000"
"202300021463";"3";"07";"2023";"17:50";"1";"69";"69220";"1";"1";"1";"6";"2381 Route de Souzy";"45,72119200";"4,45052500"
"202300021464";"27";"06";"2023";"17:00";"1";"33";"33243";"2";"6";"1";"3";"Place Jean Moulin";"44,91883600";" -0,24216200"
"202300021465";"22";"04";"2023";"09:00";"1";"91";"91553";"1";"1";"2";"6";"RN 104";"48,63144000";"2,49509000"
"202300021466";"21";"04";"2023";"21:17";"3";"94";"94021";"1";"1";"1";"7";"A6A";"48,76938700";"2,34486209"
"202300021467";"2";"07";"2023";"20:50";"1";"14";"14384";"2";"1";"1";"6";"1 Avenue du Maréchal Foch";"49,31639100";" -0,35692200"
"202300021468";"4";"07";"2023";"17:30";"1";"76";"76401";"1";"1";"1";"6";"Route du Fayel";"49,49630000";"0,72061000"
"202300021469";"21";"04";"2023";"19:00";"1";"91";"91521";"1";"1";"1";"4";"AUTOROUTE A6";"48,64262000";"2,39194000"
"202300021470";"3";"07";"2023";"16:25";"1";"60";"60157";"2";"3";"1";"3";"Rue du Chemin Blanc";"49,37353700";"2,41617700"
"202300021471";"22";"04";"2023";"15:00";"1";"95";"95212";"1";"1";"1";"2";"A1";"49,02835153";"2,53798332"
"202300021472";"22";"04";"2023";"11:00";"1";"93";"93066";"1";"1";"2";"2";"AUTOROUTE A86";"48,92247728";"2,35626225"
"202300021473";"3";"07";"2023";"17:17";"1";"13";"13212";"1";"1";"1";"2";"A507 sens Marseille - Aubagne";"43,29130000";"5,42437000"
"202300021474";"22";"04";"2023";"07:00";"1";"95";"95256";"1";"1";"2";"6";"A115";"49,04675736";"2,18432665"
"202300021475";"2";"07";"2023";"23:10";"3";"13";"13001";"1";"1";"1";"2";"A51-Sens Aix en Provence vers Marseille";"43,48379000";"5,40795000"
"202300021476";"21";"04";"2023";"21:00";"3";"93";"93005";"1";"1";"1";"6";"AUTOROUTE A3";"48,94503017";"2,47686505"
"202300021477";"1";"07";"2023";"03:31";"3";"59";"59544";"1";"1";"1";"6";"AUTOROUTE A2";"50,36530000";"3,59469000"
"202300021478";"7";"01";"2023";"16:56";"1";"36";"36044";"2";"1";"1";"7";"avenue jacques chirac";"46,81514000";"1,68482000"
"202300021479";"30";"06";"2023";"17:05";"1";"59";"59383";"1";"1";"1";"6";"AUTOROUTE A2";"50,33925000";"3,53282000"
"202300021480";"20";"04";"2023";"08:25";"1";"974";"97416";"1";"1";"1";"7";"RN3 (ANCIENNE ROUTE)";" -21,30497000";"55,49812000"
"202300021481";"30";"06";"2023";"05:40";"2";"62";"62771";"1";"1";"1";"7";"A21";"50,43197000";"2,85597000"
"202300021482";"3";"07";"2023";"16:30";"1";"91";"91553";"1";"1";"1";"2";"RN 104";"48,62800000";"2,48200000"
"202300021483";"20";"04";"2023";"18:50";"4";"974";"97411";"2";"3";"2";"3";"CHAUDRON  (BLD 1 DU)";" -20,90310000";"55,48628000"
"202300021484";"21";"04";"2023";"10:30";"3";"973";"97309";"2";"1";"1";"6";"TROUBIRAN (CHEMIN DE)";"4,91915000";" -52,30486000"
"202300021485";"29";"06";"2023";"20:20";"2";"95";"95277";"1";"1";"1";"2";"A3";"48,97474071";"2,48863265"
"202300021486";"2";"07";"2023";"05:00";"3";"95";"95580";"1";"1";"1";"1";"A1";"49,08815000";"2,55096000"
"202300021487";"20";"04";"2023";"17:20";"1";"973";"97302";"1";"3";"1";"7";"ROUTE NATIONALE 3";"4,90380216";" -52,31667137"
"202300021488";"1";"07";"2023";"19:30";"1";"93";"93066";"1";"1";"1";"3";"AUTOROUTE A1";"48,90477000";"2,35847000"
"202300021489";"20";"04";"2023";"16:30";"1";"69";"69389";"1";"2";"1";"3";"Quai Raoul Carrié";"45,80180000";"4,83850000"
"202300021490";"3";"07";"2023";"11:50";"1";"94";"94065";"1";"1";"1";"5";"N186";"48,75389600";"2,35352400"
"202300021491";"19";"04";"2023";"10:15";"1";"69";"69382";"2";"3";"1";"1";"11 Quai Rambaud";"45,74861000";"4,82000000"
"202300021492";"3";"07";"2023";"02:40";"3";"94";"94018";"1";"1";"1";"3";"A4";"48,82545834";"2,39268336"
"202300021493";"1";"07";"2023";"02:00";"3";"94";"94028";"1";"1";"2";"2";"A86";"48,77630937";"2,43517187"
"202300021494";"19";"04";"2023";"09:25";"1";"69";"69384";"2";"2";"1";"6";"6 Rue Villeneuve";"45,77493000";"4,82876000"
"202300021495";"20";"04";"2023";"20:05";"1";"2B";"2B033";"2";"1";"1";"7";"TOUTES RUES";"42,70077000";"9,43965000"
"202300021496";"5";"03";"2023";"14:55";"1";"14";"14252";"1";"1";"1";"2";"N158";"48,99567800";" -0,25508900"
"202300021497";"1";"01";"2023";"09:50";"1";"972";"97232";"1";"1";"1";"1";"Ravine Plate";"14,56351200";" -60,85652200"
"202300021498";"19";"04";"2023";"14:45";"1";"971";"97113";"2";"1";"1";"3";"SECTION MARE-GAILLARD";"16,21377000";" -61,43929000"
"202300021499";"29";"04";"2023";"17:35";"1";"43";"43268";"2";"1";"1";"7";"Chemin de la Galoche";"45,14762400";"4,12240200"
"202300021500";"21";"04";"2023";"00:30";"5";"95";"95280";"2";"2";"1";"6";"HOCHE (AVENUE)";"49,02831568";"2,46591568"
"202300021501";"28";"04";"2023";"09:45";"1";"43";"43111";"1";"1";"1";"5";"RN88 ";"44,86391100";"3,84824000"
"202300021502";"20";"04";"2023";"06:30";"2";"91";"91477";"1";"3";"1";"3";"SACLAY (ROUTE DE)";"48,71988000";"2,22504000"
"202300021503";"27";"04";"2023";"15:05";"1";"43";"43051";"2";"1";"1";"6";"Côte de Molle";"45,06004800";"4,31375400"
"202300021504";"19";"04";"2023";"16:25";"1";"91";"91201";"2";"1";"1";"7";"RUE PIERRE BROSSOLETTE";"48,68634000";"2,42156000"
"202300021505";"14";"04";"2023";"16:15";"1";"43";"43137";"1";"1";"1";"3";"Les Bruyères de Gournier";"45,29179600";"4,14662000"
"202300021506";"9";"04";"2023";"04:45";"5";"43";"43020";"2";"1";"1";"6";"3 Route de Monistrol";"45,29642600";"4,12041200"
"202300021507";"19";"04";"2023";"16:45";"1";"91";"91027";"2";"1";"1";"6";"AV DU 18 AVRIL";"48,69838000";"2,38203000"
"202300021508";"2";"07";"2023";"06:35";"2";"976";"97611";"2";"1";"2";"1";"Route Départementale 3";" -12,79152000";"45,18147000"
"202300021509";"19";"04";"2023";"16:27";"1";"91";"91223";"2";"1";"1";"1";"REPUBLIQUE (RUE DE LA)";"48,43267000";"2,16837000"
"202300021510";"2";"07";"2023";"12:50";"1";"974";"97411";"2";"9";"1";"3";"RAMBAUD (LEOPOLD)";" -20,88571000";"55,47277000"
"202300021511";"18";"04";"2023";"16:35";"1";"90";"90010";"2";"1";"1";"6";"DESCHARRIERES (RUE DE L'ABBE)";"47,64560000";"6,85456000"
"202300021512";"2";"07";"2023";"10:30";"1";"974";"97411";"2";"1";"1";"6";"BEARN (RUE DU)";" -20,90355000";"55,49013000"
"202300021513";"19";"04";"2023";"17:07";"1";"87";"87050";"2";"3";"1";"2";"GARDE (RUE DE LA)";"45,88043000";"1,22448000"
"202300021514";"1";"07";"2023";"22:05";"5";"973";"97302";"2";"1";"1";"3";"CABASSOU (ROUTE DE)";"4,91999000";" -52,31957000"
"202300021515";"19";"04";"2023";"11:00";"1";"86";"86194";"2";"1";"1";"6";"Rue des Carmelites";"46,58585000";"0,33978200"
"202300021516";"28";"01";"2023";"15:39";"1";"86";"86066";"2";"1";"1";"6";"Avenue Camille Pagé";"46,80719000";"0,52952000"
"202300021517";"2";"07";"2023";"06:45";"1";"69";"69388";"2";"3";"1";"3";"Avenue des Frères Lumière";"45,74332000";"4,87424000"
"202300021518";"20";"04";"2023";"01:30";"4";"84";"84007";"2";"1";"1";"6";"C.De GAULLE (Rocade)";"43,93554000";"4,83201000"
"202300021519";"2";"07";"2023";"20:20";"3";"972";"97213";"1";"9";"1";"6";"Z I LA LEZARDE";"14,61040000";" -61,00694000"
"202300021520";"2";"07";"2023";"15:45";"1";"972";"97209";"1";"1";"1";"6";"FLEURI NOEL (RUE DU)";"14,62584000";" -61,05169000"
"202300021521";"20";"04";"2023";"13:13";"1";"78";"78586";"2";"3";"1";"6";"BERTEAUX (MAURICE) N°15 A 125";"48,94025000";"2,16704000"
"202300021522";"2";"07";"2023";"14:50";"1";"972";"97209";"1";"1";"1";"7";"PLAINE (AVENUE DE LA PLAINE)";"14,61736000";" -61,04860000"
"202300021523";"20";"04";"2023";"15:20";"1";"78";"78551";"2";"1";"1";"6";"SAINT LEGER";"48,89524000";"2,08071000"
"202300021524";"1";"07";"2023";"19:00";"5";"971";"97113";"1";"1";"1";"6";"SECTION LEROUX";"16,24064000";" -61,46698000"
"202300021525";"1";"07";"2023";"17:20";"1";"2A";"2A004";"2";"1";"1";"3";"RECCO ABBE BOULEVARD";"41,93800700";"8,74009600"
"202300021526";"20";"04";"2023";"18:00";"1";"78";"78440";"2";"6";"1";"3";"AMPERE (RUE)";"48,99689100";"1,91317400"
"202300021527";"2";"07";"2023";"22:24";"3";"95";"95510";"1";"1";"1";"6";"N14";"49,05985417";"2,01397419"
"202300021528";"20";"04";"2023";"16:00";"1";"78";"78440";"2";"1";"1";"3";"MARECHAL FOCH (AVENUE DU)";"48,99729500";"1,90884300"
"202300021529";"19";"04";"2023";"11:33";"1";"78";"78609";"1";"4";"1";"3";"CD 28";"49,01582000";"1,91042000"
"202300021530";"1";"07";"2023";"10:29";"1";"91";"91689";"2";"1";"3";"1";"CHE DE FRESNES";"48,74270200";"2,33100900"
"202300021531";"20";"04";"2023";"07:10";"1";"78";"78005";"1";"4";"1";"3";"RD 30";"48,97860000";"2,08200000"
"202300021532";"19";"04";"2023";"11:35";"1";"77";"77373";"2";"1";"1";"6";"RUE DE LA LIBERATION";"48,78058946";"2,60025498"
"202300021533";"1";"07";"2023";"19:00";"1";"91";"91421";"2";"1";"1";"4";"NATIONALE 6 (PARTIE FORET)";"48,68436000";"2,48875000"
"202300021534";"19";"04";"2023";"16:00";"1";"77";"77390";"2";"1";"1";"3";"PREMIERE AVENUE";"48,78997000";"2,65518000"
"202300021535";"2";"07";"2023";"16:40";"1";"77";"77132";"1";"1";"1";"1";"D344";"48,87710000";"2,79832000"
"202300021536";"20";"04";"2023";"12:52";"1";"77";"77307";"2";"1";"1";"3";"CH DE LA BERGAME";"48,87189000";"2,73687000"
"202300021537";"2";"07";"2023";"09:30";"1";"77";"77058";"2";"1";"1";"6";"Avenue Jacques Cartier";"48,83473000";"2,70870000"
"202300021538";"20";"04";"2023";"14:21";"1";"69";"69266";"2";"3";"8";"6";"43 Rue de la Poudrette";"45,76172261";"4,92006510"
"202300021539";"1";"07";"2023";"17:50";"1";"77";"77124";"2";"3";"1";"7";"D10";"48,86210000";"2,72242000"
"202300021540";"20";"04";"2023";"18:25";"1";"69";"69029";"2";"1";"1";"6";"Boulevard Pinel";"45,73021000";"4,88748000"
"202300021541";"2";"07";"2023";"23:10";"5";"73";"73008";"2";"2";"1";"3";"D991 INNOCENT SAINT ROUTE DE";"45,70883000";"5,89389000"
"202300021542";"2";"07";"2023";"23:20";"5";"69";"69275";"2";"1";"1";"1";"57 Route de Vaulx";"45,77915844";"4,94736692"
"202300021543";"20";"04";"2023";"17:25";"1";"69";"69259";"2";"2";"1";"3";"Rue Gambetta";"45,69644000";"4,88370000"
"202300021544";"2";"07";"2023";"10:45";"1";"69";"69286";"2";"1";"2";"3";"Route de Strasbourg";"45,82508000";"4,90396000"
"202300021545";"2";"07";"2023";"17:45";"1";"64";"64122";"2";"1";"1";"6";"EDOUARD VII (AVENUE)";"43,48358000";" -1,55869000"
"202300021546";"20";"04";"2023";"08:50";"1";"69";"69290";"2";"9";"1";"5";"139 Route de Toussieu";"45,68688000";"4,98393000"
"202300021547";"1";"07";"2023";"18:20";"1";"64";"64122";"2";"6";"8";"7";"""KENNEDY (AVENUE DU PRESIDENT J,F)""";"43,47031000";" -1,55520000"
"202300021548";"2";"07";"2023";"09:50";"1";"63";"63070";"2";"1";"8";"2";"ROYAT (ROUTE DE)";"45,74705000";"3,06339000"
"202300021549";"20";"04";"2023";"13:40";"1";"65";"65286";"2";"1";"1";"6";"10 Avenue du Marechal Foch";"43,09238000";" -0,04622000"
"202300021550";"30";"06";"2023";"15:38";"1";"62";"62051";"2";"6";"1";"6";"D 941";"50,52072000";"2,79304000"
"202300021551";"30";"06";"2023";"22:57";"5";"51";"51230";"2";"1";"1";"1";"MENDES FRANCE (PLACE PIERRE)";"49,04547000";"3,95870000"
"202300021552";"19";"04";"2023";"13:50";"1";"64";"64102";"2";"1";"1";"2";"ALLEES MARINES (AVENUE DES)";"43,50029000";" -1,49119000"
"202300021553";"2";"07";"2023";"11:05";"1";"38";"38053";"2";"3";"1";"3";"TIXIER (AVENUE)";"45,58857000";"5,28779000"
"202300021554";"18";"04";"2023";"22:10";"2";"63";"63113";"2";"2";"1";"3";"Lafayette / Sablon";"45,77357000";"3,09000000"
"202300021555";"2";"07";"2023";"12:00";"1";"37";"37261";"2";"2";"1";"3";"MALRAUX (QUAI ANDRE)";"47,39753000";"0,69946000"
"202300021556";"20";"04";"2023";"22:15";"5";"61";"61001";"2";"2";"9";"3";"Rue du Château";"48,42813000";"0,08550000"
"202300021557";"1";"07";"2023";"15:50";"1";"35";"35278";"1";"1";"1";"2";"PORTE DE MAUREPAS";"48,14083000";" -1,68911000"
"202300021558";"20";"04";"2023";"19:15";"1";"57";"57480";"2";"3";"8";"3";"SAINT ANDRE (RUE )";"49,09393000";"6,16807000"
"202300021559";"1";"07";"2023";"08:35";"1";"35";"35115";"2";"6";"2";"3";"JAURES (BD JEAN)";"48,35341031";" -1,20088667"
"202300021560";"20";"04";"2023";"17:30";"1";"56";"56260";"2";"2";"1";"3";"Boulevard du General Monsabert";"47,66206000";" -2,78132000"
"202300021561";"1";"07";"2023";"18:00";"1";"34";"34003";"2";"1";"1";"6";"BAGNAS (CAMP NATURISTE";"43,29702000";"3,51785200"
"202300021562";"20";"04";"2023";"18:20";"2";"54";"54382";"2";"1";"1";"1";"JEAN-BAPTISTE BLONDEAU (RUE)";"49,54410000";"5,78243000"
"202300021563";"2";"07";"2023";"01:25";"3";"33";"33249";"2";"6";"2";"1";"Avenue du Président J.F. Kennedy";"44,86572000";" -0,51384000"
"202300021564";"20";"04";"2023";"19:20";"1";"49";"49099";"2";"1";"1";"1";"MONNET (RUE JEAN)";"47,04650000";" -0,88892000"
"202300021565";"2";"07";"2023";"12:12";"1";"19";"19275";"2";"1";"1";"6";"Rue Pierre Semard";"45,55649945";"2,31457686"
"202300021566";"30";"06";"2023";"16:00";"1";"15";"15014";"2";"2";"1";"3";"N 122";"44,91224000";"2,43681000"
"202300021567";"20";"04";"2023";"23:47";"3";"47";"47031";"1";"1";"1";"2";"JEAN JAURES (Avenue)  ";"44,17623000";"0,65784000"
"202300021568";"2";"07";"2023";"07:10";"1";"14";"14118";"2";"1";"1";"6";"29 Rue Basse";"49,18484200";" -0,35727000"
"202300021569";"20";"04";"2023";"02:25";"4";"45";"45147";"2";"1";"1";"6";"79 Rue Gustave Roland";"47,92882000";"1,90672000"
"202300021570";"30";"06";"2023";"12:35";"1";"12";"12145";"2";"1";"1";"3";"DE GAULLE CHARLES (AVENUE)";"44,11591000";"3,06737000"
"202300021571";"19";"04";"2023";"17:30";"1";"39";"39198";"2";"1";"1";"3";"22 Boulevard des Frères Lumière";"47,09796500";"5,49954400"
"202300021572";"27";"06";"2023";"11:20";"1";"12";"12089";"2";"1";"1";"6";"DECAZES (PLACE)";"44,55538815";"2,25721300"
"202300021573";"16";"04";"2023";"22:25";"5";"34";"34032";"2";"2";"1";"3";"STRASBOURG (BD DE)";"43,34779000";"3,21693000"
"202300021574";"2";"07";"2023";"09:30";"1";"06";"06088";"2";"1";"1";"6";"ARENE (AV. PAUL)";"43,70530500";"7,25090400"
"202300021575";"19";"04";"2023";"11:45";"1";"33";"33318";"2";"2";"1";"3";"Avenue du Général Leclerc";"44,78240000";" -0,68878000"
"202300021576";"1";"07";"2023";"04:25";"5";"75";"75117";"2";"1";"1";"2";"PORTE DE CHAMPERRET";"48,88642300";"2,28929700"
"202300021577";"19";"04";"2023";"13:27";"1";"32";"32013";"2";"9";"1";"2";"SADI-CARNOT (BOULEVARD)";"43,64540000";"0,58780000"
"202300021578";"2";"07";"2023";"08:28";"1";"75";"75105";"2";"3";"1";"1";"QUAI DE MONTEBELLO";"48,85192300";"2,34917200"
"202300021579";"19";"04";"2023";"07:25";"1";"32";"32013";"2";"1";"1";"7";"AMIRAL PEPHAU";"43,63986000";"0,58811000"
"202300021580";"20";"04";"2023";"21:00";"1";"29";"29232";"2";"6";"1";"6";"Avenue des Oiseaux";"47,99209000";" -4,11969000"
"202300021581";"2";"07";"2023";"17:50";"1";"75";"75119";"2";"3";"1";"2";"RUE DELESSEUX";"48,88831200";"2,38628000"
"202300021582";"2";"07";"2023";"12:30";"1";"75";"75119";"2";"3";"1";"3";"RUE DE BELLEVILLE";"48,87719200";"2,40654700"
"202300021583";"20";"04";"2023";"08:35";"1";"29";"29232";"1";"1";"1";"4";"Pont de Poulguinan";"47,98330092";" -4,11895037"
"202300021584";"20";"04";"2023";"21:40";"5";"29";"29039";"2";"1";"1";"6";"Avenue du Cabellou";"47,85662211";" -3,89911518"
"202300021585";"2";"07";"2023";"03:50";"5";"75";"75119";"2";"3";"1";"2";"AVENUE DE FLANDRE";"48,89112000";"2,37756800"
"202300021586";"20";"04";"2023";"15:10";"1";"29";"29019";"2";"1";"1";"4";"boulevard Léon Blum";"48,40224000";" -4,48423000"
"202300021587";"1";"07";"2023";"17:25";"1";"75";"75117";"2";"5";"1";"3";"AVENUE DE SAINT OUEN";"48,89301100";"2,32745400"
"202300021588";"20";"04";"2023";"19:40";"2";"28";"28134";"2";"9";"1";"3";"KENNEDY (AVENUE DU PRESIDENT)";"48,72827000";"1,38408000"
"202300021589";"2";"07";"2023";"17:00";"1";"75";"75116";"2";"5";"1";"2";"BOULEVARD ANDRE MAUROIS";"48,87777813";"2,27937412"
"202300021590";"2";"07";"2023";"07:40";"1";"75";"75116";"2";"3";"1";"3";"RUE JOSEPH ET MARIE HACKIN";"48,87836300";"2,27979600"
"202300021591";"20";"04";"2023";"09:55";"1";"25";"25056";"2";"2";"1";"6";"CARNOT AVENUE";"47,24245900";"6,02962200"
"202300021592";"2";"07";"2023";"00:30";"4";"75";"75116";"2";"1";"1";"6";"ALLEE DE LONGCHAMP";"48,86568700";"2,24554600"
"202300021593";"6";"04";"2023";"19:15";"1";"22";"22113";"2";"1";"1";"2";"FRERES LAGADEC (RUE DES)";"48,72775700";" -3,46582500"
"202300021594";"27";"06";"2023";"19:30";"1";"75";"75114";"2";"3";"1";"7";"AVENUE DU MAINE";"48,83617400";"2,32347100"
"202300021595";"8";"04";"2023";"18:35";"1";"19";"19031";"2";"1";"1";"2";"MICHELET (BOULEVARD)";"45,16547000";"1,54123000"