"Num_Acc";"jour";"mois";"an";"hrmn";"lum";"dep";"com";"agg";"int";"atm";"col";"adr";"lat";"long"
"202300022183";"16";"11";"2023";"08:30";"2";"93";"93050";"2";"1";"3";"6";"Avenue Pascal";"48,86976000";"2,55346000"
"202300022184";"26";"01";"2023";"17:30";"5";"75";"75117";"2";"1";"2";"3";"PORTE DE CLICHY";"48,89515800";"2,30641000"
"202300022185";"28";"05";"2023";"02:20";"5";"83";"83137";"2";"1";"1";"2";"HERRIOT (AVE EDOUARD)";"43,12915000";"5,89727000"
"202300022186";"25";"01";"2023";"18:50";"2";"75";"75116";"2";"1";"1";"2";"ECHANGEUR MAILLOT";"48,87783829";"2,27973282"
"202300022187";"16";"11";"2023";"20:40";"5";"93";"93048";"2";"1";"2";"3";"Boulevard Aristide Briand";"48,87267600";"2,45336800"
"202300022188";"10";"03";"2023";"20:00";"5";"34";"34172";"2";"1";"1";"2";"12 Avenue Henri Marès";"43,62042000";"3,85619000"
"202300022189";"28";"01";"2023";"02:00";"5";"75";"75120";"2";"1";"1";"2";"BOULEVARD PERIPHERIQUE EXTERIEUR NORD  ";"48,86427400";"2,41349900"
"202300022190";"27";"05";"2023";"20:25";"1";"83";"83069";"2";"1";"1";"3";"AEROPORT (AVENUE DE L')";"43,09963000";"6,13260000"
"202300022191";"16";"11";"2023";"16:23";"1";"93";"93029";"2";"3";"3";"3";"Rue Branly / Rue Paul Lossing";"48,92808000";"2,45591000"
"202300022192";"10";"03";"2023";"07:00";"1";"34";"34172";"2";"2";"8";"1";"108 Avenue du Pont Juvénal";"43,60590000";"3,89410000"
"202300022193";"28";"01";"2023";"16:55";"1";"75";"75115";"2";"3";"1";"6";"RUE BALARD";"48,84399098";"2,27733761"
"202300022194";"28";"05";"2023";"22:27";"3";"83";"83050";"2";"1";"1";"1";"GRASSE(ROUTE VIEILLE  DE)";"43,54256800";"6,48741900"
"202300022195";"16";"11";"2023";"21:40";"5";"92";"92046";"2";"1";"1";"7";"DE STALINGRAD";"48,81190998";"2,29460174"
"202300022196";"27";"05";"2023";"16:25";"1";"77";"77014";"2";"1";"1";"3";"D210";"48,41387000";"2,71515000"
"202300022197";"9";"03";"2023";"16:50";"1";"34";"34172";"2";"8";"1";"3";"23 Avenue du Professeur Grasset";"43,62378000";"3,86745000"
"202300022198";"28";"01";"2023";"09:00";"1";"75";"75114";"2";"1";"8";"6";"BOULEVARD BRUNE";"48,82556500";"2,31531700"
"202300022199";"16";"11";"2023";"09:15";"1";"92";"92075";"2";"1";"2";"7";"ANTOINE FRATACCI (RUE)";"48,82148725";"2,28766716"
"202300022200";"28";"01";"2023";"01:05";"5";"75";"75111";"2";"2";"1";"3";"BOULEVARD VOLTAIRE";"48,85469800";"2,38537600"
"202300022201";"9";"03";"2023";"12:00";"1";"34";"34172";"2";"9";"1";"3";"39 Rue de la Figairasse";"43,60486000";"3,85585000"
"202300022202";"28";"05";"2023";"19:05";"1";"74";"74012";"2";"1";"1";"3";"VERDUN (AVENUE DE)";"46,18000000";"6,24000000"
"202300022203";"15";"11";"2023";"19:10";"5";"92";"92062";"2";"1";"1";"3";"DE DION BOUTON (QUAI) DU 29 AU 65";"48,88347000";"2,24884000"
"202300022204";"28";"01";"2023";"01:20";"5";"75";"75109";"2";"2";"1";"3";"RUE DE LA VICTOIRE";"48,87526200";"2,33229200"
"202300022205";"10";"03";"2023";"09:13";"1";"33";"33069";"2";"3";"6";"3";"Avenue Président Robert Schuman";"44,85583000";" -0,59477000"
"202300022206";"28";"05";"2023";"22:35";"5";"72";"72181";"2";"1";"1";"3";"BOLLEE (AV) N° PAIRS 154 A 222";"47,99762000";"0,21567000"
"202300022207";"28";"01";"2023";"01:00";"5";"75";"75101";"2";"1";"1";"6";"AVENUE GENERAL LEMONNIER";"48,86231386";"2,33104616"
"202300022208";"16";"11";"2023";"01:20";"5";"92";"92020";"2";"1";"1";"1";"VERDUN AVENUE DE AUTRES N°";"48,79536411";"2,27440345"
"202300022209";"28";"01";"2023";"01:00";"5";"94";"94068";"2";"1";"8";"7";"CENTENAIRE (AV DU)";"48,80106700";"2,50945400"
"202300022210";"10";"03";"2023";"08:10";"1";"31";"31555";"2";"9";"1";"3";"ECHANGEUR SESQUIERES (A62-A620)";"43,64794000";"1,42203000"
"202300022211";"28";"05";"2023";"12:50";"1";"72";"72181";"2";"9";"7";"3";"LECLERC GENERAL (AV) PAIRS DE 2 A 68";"47,99875000";"0,19522000"
"202300022212";"28";"01";"2023";"14:40";"1";"94";"94038";"2";"9";"1";"3";"Avenue du Général de Gaulle (accès c.c. Carrefour Hay les Roses)";"48,78360000";"2,34584000"
"202300022213";"16";"11";"2023";"14:29";"1";"92";"92040";"2";"3";"2";"3";"GALLIENI (BOULEVARD)";"48,82525349";"2,26781219"
"202300022214";"10";"03";"2023";"18:40";"5";"28";"28134";"2";"9";"2";"5";"RN 12 (ZONE COMMERCIALE)";"48,74593000";"1,36808000"
"202300022215";"28";"05";"2023";"20:00";"1";"69";"69259";"2";"1";"1";"6";"10 Rue Georges Charpak";"45,69472000";"4,87172000"
"202300022216";"10";"03";"2023";"13:33";"1";"27";"27229";"2";"1";"2";"3";"Rue Victor Hugo";"49,02219500";"1,14639700"
"202300022217";"15";"11";"2023";"11:20";"1";"92";"92012";"2";"9";"1";"3";"BONTEMPS (rue Marcel)";"48,82649769";"2,23967546"
"202300022218";"27";"01";"2023";"23:55";"5";"94";"94041";"2";"1";"8";"7";" Avenue Georges Gosnat";"48,81152000";"2,38424000"
"202300022219";"28";"05";"2023";"19:05";"1";"67";"67482";"2";"1";"1";"2";"PIERRE CORNEILLE (AVENUE)";"48,59309000";"7,69643000"
"202300022220";"14";"11";"2023";"16:30";"2";"63";"63026";"1";"1";"1";"7";"D213";"45,67086400";"2,99825900"
"202300022221";"9";"03";"2023";"14:20";"1";"24";"24138";"1";"1";"1";"3";"La Rampinsolle RD6021";"45,15853000";"0,70925000"
"202300022222";"28";"01";"2023";"20:05";"5";"93";"93005";"2";"6";"1";"3";"Boulevard Lefèvre / Rue Louis Coutant";"48,93868000";"2,48895000"
"202300022223";"10";"03";"2023";"08:30";"1";"15";"15014";"2";"9";"2";"7";"SQUARE (PLACE DU)";"44,92836000";"2,44274000"
"202300022224";"16";"11";"2023";"20:30";"3";"95";"95313";"1";"1";"2";"6";"A16";"49,12320117";"2,25300193"
"202300022225";"28";"01";"2023";"09:55";"1";"93";"93064";"2";"6";"1";"3";"Rond-Point de l'Europe";"48,87760000";"2,47569000"
"202300022226";"28";"05";"2023";"08:25";"1";"64";"64284";"2";"6";"1";"3";"18 JUIN 1940 DU";"43,29118000";" -0,40498000"
"202300022227";"10";"03";"2023";"10:05";"1";"13";"13214";"2";"1";"1";"6";"bougie (rue de la)";"43,32186000";"5,38948000"
"202300022228";"28";"01";"2023";"10:58";"1";"93";"93077";"2";"1";"1";"6";"Boulevard d'Aulnay";"48,89770100";"2,50697800"
"202300022229";"12";"11";"2023";"15:39";"1";"95";"95445";"1";"1";"2";"3";"N184";"49,09878715";"2,26471599"
"202300022230";"28";"05";"2023";"20:14";"1";"61";"61001";"2";"1";"1";"7";"Voie Communale";"48,42871000";"0,08179000"
"202300022231";"10";"03";"2023";"07:50";"1";"10";"10387";"2";"2";"2";"3";"HENRI BARBUSSE (RUE)";"48,29670000";"4,08486000"
"202300022232";"28";"01";"2023";"15:15";"1";"93";"93046";"2";"1";"1";"2";"Avenue Lucie Aubrac";"48,92964000";"2,54802000"
"202300022233";"16";"11";"2023";"19:09";"5";"95";"95487";"2";"1";"2";"6";"D929Z";"49,14911400";"2,28875800"
"202300022234";"28";"01";"2023";"13:30";"1";"92";"92051";"2";"1";"1";"3";"CHARLES DE GAULLE (AVENUE,N°118 A 192 +";"48,88249967";"2,26735014"
"202300022235";"11";"03";"2023";"20:05";"5";"75";"75113";"2";"1";"1";"2";"PORTE D IVRY";"48,81761400";"2,36746900"
"202300022236";"28";"05";"2023";"01:15";"5";"59";"59527";"2";"1";"1";"3";"NORD OUEST VOIE INTERCOMMUNALE";"50,66282000";"3,03660000"
"202300022237";"28";"01";"2023";"00:45";"5";"92";"92026";"2";"9";"1";"7";"BOULEVARD CIRCULAIRE";"48,89012397";"2,24946678"
"202300022238";"10";"03";"2023";"11:45";"1";"75";"75117";"2";"1";"1";"3";"PORTE D ASNIERES";"48,88959100";"2,29741700"
"202300022239";"17";"11";"2023";"08:40";"1";"06";"06161";"2";"1";"1";"5";"2411 Route Départementale 6007";"43,62818300";"7,13309000"
"202300022240";"28";"05";"2023";"18:00";"1";"57";"57463";"2";"1";"1";"6";"Rue Laurent Charles Maréchal";"49,10078287";"6,19047135"
"202300022241";"28";"01";"2023";"16:25";"1";"92";"92025";"2";"3";"1";"2";"HENRI LITTOLFF N° PAIRS SEULEMENT (RUE)";"48,91731764";"2,26205975"
"202300022242";"14";"11";"2023";"15:00";"1";"31";"31282";"2";"1";"1";"6";"Route de Bessières";"43,66966000";"1,44501300"
"202300022243";"10";"03";"2023";"09:45";"1";"75";"75120";"2";"1";"2";"5";"PORTE DE VINCENNES";"48,84914500";"2,41514000"
"202300022244";"28";"01";"2023";"08:50";"1";"92";"92060";"2";"3";"8";"3";"RESISTANCE (AVENUE DE LA) (RD 75)";"48,78342120";"2,26923868"
"202300022245";"28";"05";"2023";"10:19";"1";"49";"49007";"2";"3";"1";"6";"JAURES";"47,45498000";" -0,52475000"
"202300022246";"17";"11";"2023";"13:55";"1";"84";"84037";"1";"1";"1";"1";"d68";"44,07551600";"4,83284700"
"202300022247";"10";"03";"2023";"09:15";"1";"75";"75113";"2";"1";"2";"2";"PORTE D ITALIE";"48,81803000";"2,35216400"
"202300022248";"28";"01";"2023";"11:30";"1";"92";"92012";"2";"1";"8";"2";"GALLIENI (RUE) 55/157 - 50/140";"48,83712765";"2,24461654"
"202300022249";"28";"05";"2023";"03:00";"3";"45";"45286";"2";"1";"1";"6";"Avenue Gaston Galloux";"47,88504000";"1,92439000"
"202300022250";"10";"03";"2023";"06:30";"2";"75";"75120";"2";"1";"2";"6";"PORTE DE BAGNOLET";"48,86488886";"2,41294205"
"202300022251";"27";"01";"2023";"23:14";"5";"92";"92002";"2";"9";"2";"3";"ARISTIDE BRIAND (AVENUE)";"48,75846432";"2,30699533"
"202300022252";"27";"01";"2023";"15:45";"1";"91";"91235";"2";"1";"1";"6";"27 Rue Edouard Aubert";"48,62260000";"2,37137900"
"202300022253";"8";"03";"2023";"14:00";"1";"75";"75112";"2";"1";"2";"2";"PORTE DE CHARENTON";"48,83080700";"2,40315400"
"202300022254";"28";"05";"2023";"13:30";"1";"35";"35238";"2";"2";"1";"3";"LAURENT (CHARLES)";"48,12355700";" -1,68454000"
"202300022255";"28";"01";"2023";"12:00";"1";"972";"97203";"1";"1";"1";"3";"N3";"14,83499000";" -61,09811000"
"202300022256";"11";"03";"2023";"04:35";"5";"75";"75106";"2";"3";"1";"6";"RUE GUISARDE";"48,85188800";"2,33455500"
"202300022257";"28";"05";"2023";"16:50";"1";"34";"34301";"2";"1";"1";"7";"15 Rue de la Clavière";"43,41207000";"3,68756000"
"202300022258";"11";"03";"2023";"00:10";"5";"75";"75116";"2";"2";"1";"3";"ALLEE DE LA REINE MARGUERITE";"48,85856500";"2,24487800"
"202300022259";"28";"05";"2023";"19:10";"1";"25";"25056";"2";"1";"1";"2";"BLUM BOULEVARD LEON (entre 51 ET  90)";"47,26123000";"6,03469000"
"202300022260";"22";"01";"2023";"18:15";"3";"11";"11067";"1";"1";"1";"5";"D6113";"43,21132200";"2,83314200"
"202300022261";"11";"03";"2023";"19:40";"5";"75";"75120";"2";"4";"2";"7";"RUE DES PYRENEES";"48,86778700";"2,39621000"
"202300022262";"29";"01";"2023";"19:00";"5";"84";"84056";"1";"1";"1";"6";"Route de Carpentras";"44,10860800";"4,91501400"
"202300022263";"16";"11";"2023";"17:00";"3";"21";"21561";"1";"1";"6";"6";"D16J";"47,40505900";"4,79270000"
"202300022264";"29";"01";"2023";"04:45";"3";"63";"63388";"1";"1";"1";"6";"D987";"45,99880000";"2,77670000"
"202300022265";"11";"03";"2023";"18:55";"2";"75";"75111";"2";"4";"8";"3";"BOULEVARD VOLTAIRE";"48,86238500";"2,37250900"
"202300022266";"16";"11";"2023";"11:35";"1";"76";"76244";"1";"1";"3";"3";"A28 - PK 063.000";"49,71321400";"1,39481300"
"202300022267";"28";"05";"2023";"07:20";"1";"25";"25056";"2";"2";"1";"3";"OBSERVATOIRE AVENUE DE L'";"47,24634000";"5,99790000"
"202300022268";"11";"03";"2023";"09:55";"1";"75";"75110";"2";"2";"1";"6";"RUE DU FAUBOURG SAINT DENIS";"48,87282300";"2,35442700"
"202300022269";"28";"01";"2023";"23:00";"3";"60";"60358";"2";"1";"1";"6";"Rue de Paris";"49,20093300";"2,91990600"
"202300022270";"28";"01";"2023";"16:10";"1";"21";"21520";"1";"1";"1";"6";"Voie-Romaine (Chemin)";"47,28168900";"4,72180400"
"202300022271";"27";"05";"2023";"11:40";"1";"25";"25056";"2";"1";"1";"6";"FLEMING BOULEVARD";"47,22579000";"5,96542000"
"202300022272";"16";"11";"2023";"17:30";"3";"25";"25097";"1";"1";"3";"4";"A36 PK046.100";"47,52901700";"6,85830100"
"202300022273";"11";"03";"2023";"01:52";"5";"75";"75108";"2";"2";"1";"3";"RUE DE L ARCADE";"48,87331600";"2,32430500"
"202300022274";"29";"01";"2023";"06:15";"3";"51";"51056";"1";"1";"9";"7";"D48";"48,60631700";"3,61565530"
"202300022275";"16";"11";"2023";"22:00";"3";"25";"25614";"1";"1";"3";"6";"Autoroute A36 - PK 046.800 - Dir. MULHOUSE -Echangeur 10 - BROGNARD";"47,52100100";"6,85421900"
"202300022276";"28";"01";"2023";"05:10";"3";"56";"56131";"1";"1";"1";"1";"Bihilic";"48,01012300";" -3,42502500"
"202300022277";"27";"05";"2023";"20:35";"1";"22";"22113";"2";"6";"1";"3";"GARENN C'HLAS (RUE DE)";"48,72204000";" -3,48187000"
"202300022278";"11";"03";"2023";"22:25";"5";"75";"75101";"2";"2";"2";"3";"BOULEVARD DE SEBASTOPOL";"48,86058100";"2,34935700"
"202300022279";"28";"01";"2023";"14:50";"1";"76";"76636";"1";"1";"1";"7";"Route de Rouen";"49,50035400";"0,94232400"
"202300022280";"11";"03";"2023";"18:35";"5";"75";"75101";"2";"2";"1";"7";"RUE DE RIVOLI";"48,86643800";"2,32353800"
"202300022281";"17";"11";"2023";"07:45";"1";"54";"54166";"1";"1";"1";"7";"Dommartin-la-Chaussée";"49,01475083";"5,87473512"
"202300022282";"26";"05";"2023";"17:30";"1";"17";"17415";"2";"1";"7";"6";"NATIONAL 1 A 67 ET 2 A 44 COURS";"45,74734100";" -0,63553200"
"202300022283";"28";"01";"2023";"23:45";"3";"49";"49029";"1";"1";"1";"7";"D751";"47,38011300";" -0,38622100"
"202300022284";"10";"03";"2023";"23:10";"5";"75";"75104";"2";"3";"1";"3";"RUE DU RENARD";"48,85985800";"2,35275500"
"202300022285";"27";"01";"2023";"15:35";"1";"29";"29212";"2";"1";"1";"3";"rue des Myosotis";"48,37372900";" -4,58385200"
"202300022286";"28";"05";"2023";"06:50";"1";"17";"17415";"2";"1";"1";"7";"Rue de Gatérat";"45,74534000";" -0,67637600"
"202300022287";"17";"11";"2023";"05:50";"5";"30";"30334";"2";"5";"1";"1";"Avenue de la Gare";"44,01108900";"4,41215900"
"202300022288";"11";"03";"2023";"23:19";"5";"94";"94068";"2";"9";"1";"6";"8 Rue de la Poste";"48,79248899";"2,51540156"
"202300022289";"28";"01";"2023";"10:20";"1";"29";"29101";"2";"3";"1";"3";"175 Rue de la Mairie";"48,58619200";" -4,56907900"
"202300022290";"16";"11";"2023";"17:20";"2";"62";"62060";"1";"1";"2";"1";"D119";"50,24415900";"2,09947200"
"202300022291";"17";"01";"2023";"18:10";"3";"29";"29015";"1";"1";"1";"7";"Grande Ile";"48,48965500";" -4,50099300"
"202300022292";"11";"03";"2023";"01:30";"5";"94";"94077";"2";"1";"1";"6";"41 Rue du Maréchal Galliéni";"48,74268800";"2,42213600"
"202300022293";"12";"11";"2023";"20:00";"5";"57";"57540";"2";"1";"2";"6";"Rue du Collège";"48,76763200";"7,25976300"
"202300022294";"11";"03";"2023";"15:29";"1";"93";"93066";"2";"2";"1";"3";"Avenue du Stade de France / Rue Francis de Pressensé";"48,91968100";"2,36169700"
"202300022295";"28";"05";"2023";"18:12";"1";"14";"14536";"2";"2";"1";"3";"6 Rue des Quatre Francs";"49,40941400";"0,25149500"
"202300022296";"29";"01";"2023";"05:20";"4";"31";"31524";"1";"3";"1";"1";"D125";"42,83676500";"0,60351800"
"202300022297";"16";"11";"2023";"13:30";"1";"56";"56240";"1";"1";"8";"3";"Village le Duer";"47,53677600";" -2,74085300"
"202300022298";"27";"01";"2023";"22:35";"3";"06";"06132";"1";"1";"1";"2";"D6204 quartier noce";"43,98909800";"7,54746300"
"202300022299";"10";"03";"2023";"10:05";"1";"93";"93066";"2";"2";"8";"1";"Rue du Landy / Rue du Gaz";"48,91538000";"2,36529000"
"202300022300";"29";"05";"2023";"00:45";"3";"13";"13071";"2";"3";"1";"3";"ROUTE NATIONALE 113 - GAVOTTE";"43,39527000";"5,34348000"
"202300022301";"29";"01";"2023";"09:45";"1";"64";"64528";"1";"1";"8";"6";"CD 22";"43,23280489";" -1,20669816"
"202300022302";"11";"03";"2023";"20:30";"5";"93";"93048";"2";"1";"1";"6";"157 Rue de Rosny";"48,86728000";"2,45693000"
"202300022303";"16";"11";"2023";"18:00";"2";"56";"56147";"1";"1";"1";"2";"La Garenne";"47,53747100";" -2,27088700"
"202300022304";"28";"01";"2023";"19:30";"3";"16";"16175";"1";"1";"1";"6";"Chez Embeillard";"45,52965100";" -0,04377400"
"202300022305";"27";"05";"2023";"12:00";"1";"13";"13103";"1";"1";"1";"4";"RN 113";"43,60200000";"5,10100000"
"202300022306";"9";"03";"2023";"12:30";"1";"93";"93029";"2";"1";"1";"3";"Rue du Colonel Fabien";"48,93697000";"2,45441000"
"202300022307";"29";"01";"2023";"07:45";"2";"85";"85008";"1";"1";"1";"7";"D747 PK4";"46,63088818";" -1,44034099"
"202300022308";"16";"11";"2023";"15:00";"1";"76";"76400";"2";"9";"2";"3";"Rue des Ecuyers";"49,82288200";"0,91973100"
"202300022309";"11";"03";"2023";"14:00";"1";"93";"93027";"2";"1";"1";"6";"40 Boulevard Pasteur";"48,92245638";"2,38359198"
"202300022310";"28";"05";"2023";"05:15";"2";"13";"13209";"2";"1";"1";"2";"MICHELET (BOULEVARD)";"43,25247775";"5,40258883"
"202300022311";"28";"01";"2023";"23:30";"4";"37";"37029";"2";"6";"1";"3";"D760";"47,11192000";"0,73128300"
"202300022312";"17";"11";"2023";"15:25";"1";"76";"76377";"2";"3";"7";"6";"2892 Route de Neufchatel";"49,50726900";"1,16259000"
"202300022313";"11";"03";"2023";"12:45";"1";"92";"92078";"2";"1";"1";"2";"MOULIN CAGE (QUAI)";"48,92505000";"2,32975000"
"202300022314";"28";"05";"2023";"20:00";"1";"13";"13206";"2";"2";"1";"3";"PIERRE PUGET (COURS)";"43,29000000";"5,37254000"
"202300022315";"10";"03";"2023";"13:40";"1";"92";"92019";"2";"2";"6";"3";"GRILLONS (RUE DES)";"48,75670165";"2,27611586"
"202300022316";"27";"05";"2023";"22:45";"5";"13";"13210";"2";"1";"1";"6";"RABATAU (BOULEVARD)";"43,27972000";"5,39934000"
"202300022317";"11";"03";"2023";"13:45";"1";"92";"92002";"2";"1";"1";"6";"BOIS DE VERRIERES (AVENUE DU)";"48,75611000";"2,28331000"
"202300022318";"29";"10";"2023";"09:45";"1";"33";"33506";"2";"1";"3";"7";"Route de Langon";"44,69115626";" -0,08771628"
"202300022319";"28";"01";"2023";"19:42";"5";"971";"97103";"1";"1";"1";"6";"N1";"16,24531100";" -61,58828300"
"202300022320";"27";"05";"2023";"13:35";"1";"13";"13211";"2";"3";"1";"1";"VIENNE (AVENUE DE)";"43,28800000";"5,44000000"
"202300022321";"9";"03";"2023";"19:10";"3";"08";"08452";"1";"1";"2";"7";"D946";"49,47200700";"4,40985100"
"202300022322";"16";"11";"2023";"02:35";"3";"33";"33505";"1";"1";"1";"6";"Route de Creon";"44,77158399";" -0,33083439"
"202300022323";"29";"01";"2023";"04:45";"3";"17";"17465";"1";"1";"1";"7";"Autoroute A10, PK 411+700, sens Bordeaux - Paris";"45,97146900";" -0,54811500"
"202300022324";"12";"03";"2023";"10:55";"1";"21";"21261";"1";"1";"1";"7";"A31";"47,27465800";"5,14785600"
"202300022325";"29";"01";"2023";"00:15";"3";"987";"98722";"1";"1";"1";"6";"pk 16.500 - papenoo";" -17,59200000";" -149,39100000"
"202300022326";"28";"05";"2023";"16:40";"1";"11";"11069";"2";"1";"1";"3";"9 Rue Voltaire";"43,21105000";"2,34706000"
"202300022327";"28";"05";"2023";"23:45";"5";"08";"08497";"2";"1";"1";"7";"1 Promenade des Bertholet";"49,77452900";"4,68169100"
"202300022328";"11";"03";"2023";"12:05";"1";"972";"97226";"1";"1";"1";"3";"departementale 9";"14,45425400";" -60,86197300"
"202300022329";"28";"01";"2023";"15:00";"1";"988";"98808";"2";"1";"3";"7";"RT3 tribu de Wany";" -21,27491800";"165,61788800"
"202300022330";"17";"11";"2023";"10:07";"1";"49";"49064";"1";"1";"1";"2";"N162";"47,67145600";" -0,70926700"
"202300022331";"29";"01";"2023";"12:00";"1";"973";"97311";"2";"1";"2";"1";"Allee des Paganis";"5,47274800";" -54,03231400"
"202300022332";"15";"11";"2023";"17:10";"1";"49";"49183";"1";"1";"2";"7";"les Hautes Allières";"47,54639000";" -1,00867200"
"202300022333";"27";"05";"2023";"19:50";"2";"07";"07008";"1";"1";"1";"5";"D2 ( ROUTE DEPARTEMENTALE )";"44,71428000";"4,62659000"
"202300022334";"12";"03";"2023";"01:45";"3";"22";"22030";"1";"1";"8";"6";"D767 PR 48+800";"48,70925800";" -3,38317800"
"202300022335";"28";"01";"2023";"20:00";"3";"971";"97115";"2";"1";"2";"6";"rue de la pépinière";"16,23778600";" -61,65600800"
"202300022336";"14";"11";"2023";"07:10";"2";"42";"42334";"1";"1";"2";"7";"Route de Balbigny";"45,85176000";"4,32591000"
"202300022337";"12";"03";"2023";"14:00";"1";"79";"79175";"2";"3";"1";"7";"";"46,13070300";"0,00017700"
"202300022338";"28";"05";"2023";"18:35";"1";"07";"07281";"1";"1";"1";"5";"TASSIGNY (RUE DE LATTRE DE)";"44,95324000";"4,81930000"
"202300022339";"28";"01";"2023";"20:45";"3";"13";"13025";"1";"1";"1";"1";"La Cardeline / D 7N";"43,49027700";"5,56789000"
"202300022340";"17";"11";"2023";"17:15";"3";"68";"68025";"1";"1";"3";"5";"PK039.800";"47,47328700";"7,27668300"
"202300022341";"12";"03";"2023";"20:00";"3";"72";"72058";"1";"1";"3";"7";"RD304 - Route du Mans";"47,96543000";"0,27966000"
"202300022342";"28";"05";"2023";"06:05";"2";"06";"06029";"2";"3";"1";"3";"MACE (RUE)";"43,55245000";"7,02236000"
"202300022343";"25";"01";"2023";"08:35";"2";"33";"33349";"1";"3";"1";"3";"Le Joucla";"44,74482100";" -0,48638900"
"202300022344";"11";"03";"2023";"13:38";"1";"34";"34032";"1";"1";"1";"6";"A75 - PK 328 + 860";"43,37317200";"3,28987200"
"202300022345";"26";"05";"2023";"18:20";"1";"05";"05061";"2";"1";"1";"6";"Chemin du Châteauvieux";"44,54371000";"6,06692000"
"202300022346";"16";"11";"2023";"07:15";"2";"44";"44188";"1";"6";"1";"3";"les 5 coins";"47,06256500";" -1,56874400"
"202300022347";"25";"01";"2023";"17:30";"2";"33";"33528";"1";"1";"1";"3";"20 Route de Blagon";"44,87311500";" -0,98563700"
"202300022348";"16";"01";"2023";"15:20";"1";"30";"30174";"2";"1";"1";"3";"ROUTE D'ALÈS";"44,02907300";"4,37764900"
"202300022349";"16";"11";"2023";"13:26";"1";"03";"03257";"1";"1";"1";"6";"39 Route du Breuil";"46,22302200";"3,64388900"
"202300022350";"27";"05";"2023";"18:25";"1";"75";"75115";"2";"1";"1";"2";"BD PERIPHERIQUE ";"48,82637600";"2,29701300"
"202300022351";"28";"01";"2023";"21:30";"3";"37";"37089";"2";"1";"1";"6";"D21";"47,16247300";"0,31235900"
"202300022352";"11";"03";"2023";"17:45";"1";"57";"57667";"1";"1";"1";"6";"D954";"49,23976500";"6,56441200"
"202300022353";"16";"11";"2023";"17:40";"5";"15";"15120";"2";"1";"2";"6";"D681";"45,21541100";"2,33875600"
"202300022354";"27";"05";"2023";"21:20";"1";"75";"75112";"2";"1";"1";"3";"BD PERIPHERIQUE INTERIEUR";"48,82847100";"2,39741800"
"202300022355";"28";"01";"2023";"01:57";"3";"05";"05006";"1";"1";"1";"6";"N94";"44,77830100";"6,56031800"
"202300022356";"11";"03";"2023";"15:00";"1";"56";"56164";"2";"6";"1";"3";"26 Rue de Ker Anna";"47,65682600";" -2,86277800"
"202300022357";"27";"05";"2023";"20:45";"1";"75";"75115";"2";"1";"1";"2";"BD PERIPHERIQUE EXTERIEUR";"48,83425600";"2,27589400"
"202300022358";"16";"11";"2023";"18:00";"5";"70";"70198";"2";"3";"3";"3";"Rue Louis Pasteur";"47,55301300";"5,68484600"
"202300022359";"11";"03";"2023";"15:00";"1";"79";"79080";"1";"6";"2";"7";"";"46,66473500";" -0,24747100"
"202300022360";"29";"01";"2023";"14:30";"1";"13";"13092";"2";"3";"1";"6";"Place de la Sente";"43,54892500";"5,03119100"
"202300022361";"17";"11";"2023";"02:27";"3";"06";"06079";"1";"1";"1";"6";"Boulevard du Bon Puits";"43,52327600";"6,93198500"
"202300022362";"27";"05";"2023";"15:55";"1";"75";"75112";"2";"1";"1";"4";"BD PERIPHERIQUE INTERIEUR";"48,83781600";"2,41272600"
"202300022363";"28";"01";"2023";"19:45";"3";"71";"71360";"1";"1";"1";"6";"Route des Etoiles";"46,31465400";"4,75440900"
"202300022364";"12";"03";"2023";"12:30";"1";"79";"79063";"1";"3";"1";"2";"N/A";"47,05581200";" -0,32324000"
"202300022365";"16";"11";"2023";"23:30";"5";"16";"16030";"1";"6";"2";"6";"D731";"45,49336600";" -0,20417700"
"202300022366";"12";"03";"2023";"09:53";"1";"33";"33310";"1";"1";"8";"6";"Liot";"44,49627447";" -0,50872654"
"202300022367";"27";"05";"2023";"08:55";"1";"75";"75114";"2";"1";"1";"3";"BD PERIPHERIQUE INTERIEUR";"48,82146000";"2,31922600"
"202300022368";"28";"01";"2023";"19:30";"3";"67";"67101";"1";"1";"1";"1";"D422";"48,52726700";"7,50652400"
"202300022369";"11";"11";"2023";"10:45";"1";"16";"16303";"1";"1";"1";"1";"D5";"45,46560300";" -0,09808600"
"202300022370";"28";"05";"2023";"18:45";"1";"75";"75117";"2";"1";"1";"2";"AVENUE DE VILLIERS";"48,88401200";"2,30380300"
"202300022371";"28";"01";"2023";"20:45";"3";"22";"22162";"1";"1";"1";"7";"D786";"48,77022000";" -3,09462500"
"202300022372";"12";"03";"2023";"16:05";"1";"32";"32224";"1";"1";"1";"1";"D930";"43,88993700";"0,37806300"
"202300022373";"28";"05";"2023";"02:50";"5";"75";"75116";"2";"2";"1";"7";"AVENUE DE LA PORTE DE SAINT CLOUD";"48,83867500";"2,25395700"
"202300022374";"28";"01";"2023";"20:08";"3";"59";"59215";"1";"1";"1";"3";"départementale 350";"50,35650300";"3,60310300"
"202300022375";"15";"11";"2023";"18:05";"3";"53";"53141";"1";"3";"1";"5";"Bouge";"48,06443600";" -0,61863500"
"202300022376";"10";"03";"2023";"16:30";"1";"47";"47310";"2";"3";"2";"3";"Rue du Marechal Foch";"44,39187000";"0,31259500"
"202300022377";"11";"03";"2023";"16:54";"1";"02";"02680";"1";"1";"1";"7";"";"49,60788700";"3,39256500"