"Num_Acc";"jour";"mois";"an";"hrmn";"lum";"dep";"com";"agg";"int";"atm";"col";"adr";"lat";"long"
"202300022770";"15";"11";"2023";"14:10";"1";"33";"33318";"1";"1";"1";"3";"Avenue du Maréchal de Lattre de Tassigny (rd)";"44,77331000";" -0,71053000"
"202300022771";"20";"12";"2023";"13:10";"1";"64";"64284";"2";"1";"1";"4";"RAUSKI";"43,26550000";" -0,38974000"
"202300022772";"15";"11";"2023";"05:30";"3";"33";"33039";"1";"1";"2";"2";"Quai du Président Wilson";"44,81582275";" -0,53646460"
"202300022773";"9";"09";"2023";"10:18";"1";"66";"66136";"2";"2";"1";"3";"N/A";"42,70170000";"2,89706000"
"202300022774";"20";"12";"2023";"16:37";"1";"63";"63113";"2";"6";"1";"2";"elisée Reclus /Louis Blériot";"45,78811000";"3,13981000"
"202300022775";"15";"11";"2023";"19:11";"5";"27";"27681";"2";"6";"1";"6";"LECLERC (BOULEVARD DU MARECHAL)";"49,09554000";"1,48573000"
"202300022776";"12";"09";"2023";"16:45";"1";"65";"65440";"2";"1";"8";"6";"Avenue des Forges";"43,24115141";"0,07722504"
"202300022777";"1";"12";"2023";"16:00";"1";"62";"62510";"2";"1";"1";"3";"D58E4";"50,42525000";"2,79413000"
"202300022778";"15";"11";"2023";"07:00";"5";"27";"27229";"2";"2";"1";"3";"BOIS DES COMMUNES (RUE DU)";"49,02939000";"1,17999000"
"202300022779";"12";"09";"2023";"17:30";"1";"64";"64445";"2";"1";"3";"3";"EUROPE DE L'";"43,32650000";" -0,32633000"
"202300022780";"29";"11";"2023";"00:10";"5";"62";"62193";"2";"3";"1";"3";"Boulevard Léon Gambetta";"50,94656000";"1,84329000"
"202300022781";"14";"11";"2023";"18:17";"5";"27";"27229";"2";"2";"1";"6";"CHURCHILL (AVENUE WINSTON)";"49,01792000";"1,16766500"
"202300022782";"11";"09";"2023";"15:30";"1";"64";"64445";"2";"1";"1";"2";"LEON BLUM";"43,32501000";" -0,32517000"
"202300022783";"14";"11";"2023";"13:28";"1";"27";"27229";"2";"1";"2";"2";"GAMBETTA (BOULEVARD)";"49,01903900";"1,14949400"
"202300022784";"16";"12";"2023";"18:00";"3";"62";"62764";"1";"1";"1";"4";"D917";"50,31283000";"2,77585000"
"202300022785";"12";"09";"2023";"21:40";"5";"64";"64122";"2";"2";"3";"3";"SABAOU (AVENUE DU)";"43,47442000";" -1,55030000"
"202300022786";"12";"11";"2023";"17:40";"3";"15";"15014";"2";"3";"3";"3";"N 122";"44,89801000";"2,41184000"
"202300022787";"17";"12";"2023";"15:30";"1";"59";"59350";"2";"3";"1";"3";"CHEMIN SAINT MARTIN RUE DU";"50,64129000";"2,97892000"
"202300022788";"12";"09";"2023";"09:50";"1";"64";"64122";"2";"1";"8";"6";"VERDUN (AVENUE DE)";"43,48180000";" -1,55730000"
"202300022789";"19";"12";"2023";"12:10";"1";"59";"59178";"2";"1";"2";"6";"WARENGHIEN (RUE DE)";"50,37333000";"3,06612000"
"202300022790";"15";"11";"2023";"18:30";"3";"13";"13117";"2";"3";"1";"3";"EUROPE ( AVENUE DE L' )";"43,43175000";"5,24875000"
"202300022791";"11";"09";"2023";"22:15";"5";"64";"64024";"2";"6";"2";"3";"BAHINOS (ROND POINT DE)";"43,49415479";" -1,51876164"
"202300022792";"12";"12";"2023";"18:25";"5";"56";"56260";"2";"1";"1";"6";"AOUT 1944(RUE DU 4)";"47,67416000";" -2,75890000"
"202300022793";"15";"11";"2023";"16:20";"1";"13";"13215";"2";"3";"1";"3";"SAINT ANTOINE (AVENUE DE)";"43,37852000";"5,35629000"
"202300022794";"10";"09";"2023";"13:40";"1";"64";"64024";"2";"1";"1";"3";"GENERAL LECLERC (PLACE DU)";"43,49474000";" -1,52899000"
"202300022795";"19";"12";"2023";"09:00";"1";"51";"51454";"2";"3";"1";"1";"CAILLOIS (RUE ROGER)";"49,21908000";"4,02407000"
"202300022796";"18";"12";"2023";"17:25";"5";"51";"51506";"2";"1";"8";"6";"ROOSEVELT (AVE PRESIDENT)";"48,94503000";"4,38291000"
"202300022797";"12";"09";"2023";"19:30";"3";"63";"63164";"1";"1";"2";"3";"D 210 A (RTE)";"45,82625000";"3,15732000"
"202300022798";"14";"11";"2023";"20:25";"5";"13";"13205";"2";"2";"1";"3";"BAILLE (BOULEVARD)";"43,28801478";"5,39141023"
"202300022799";"20";"12";"2023";"08:25";"2";"49";"49267";"2";"1";"1";"3";"VERDUN";"47,46804000";" -0,49328000"
"202300022800";"7";"09";"2023";"15:55";"1";"61";"61169";"1";"9";"1";"3";"D962";"48,75234400";" -0,52504800"
"202300022801";"14";"11";"2023";"18:25";"5";"10";"10387";"2";"2";"8";"6";"TEINTURIERS (DES)";"48,30000000";"4,09000000"
"202300022802";"19";"12";"2023";"18:30";"2";"49";"49267";"2";"1";"1";"6";"GRAND MONTREJEAU";"47,46557000";" -0,51963000"
"202300022803";"14";"11";"2023";"14:30";"1";"10";"10343";"2";"6";"8";"3";"FABLE (RUE)";"48,27387000";"4,09263000"
"202300022804";"11";"09";"2023";"17:40";"1";"61";"61001";"2";"6";"1";"3";"Voie Communale";"48,43655000";"0,10493000"
"202300022805";"20";"12";"2023";"11:36";"1";"45";"45338";"2";"6";"1";"1";"15 Rue George Sand";"47,98465000";"2,71098000"
"202300022806";"14";"11";"2023";"07:40";"1";"10";"10387";"2";"2";"1";"6";"NOES (RUE DES)";"48,29760313";"4,05864894"
"202300022807";"25";"05";"2023";"21:45";"5";"59";"59112";"2";"3";"1";"6";"BERTHELOT (RUE)";"50,39342000";"3,52741300"
"202300022808";"20";"12";"2023";"08:55";"2";"43";"43157";"2";"3";"1";"6";"Avenue D 'Aiguilhe";"45,04709000";"3,87938000"
"202300022809";"15";"11";"2023";"17:45";"5";"06";"06088";"2";"1";"1";"1";"JOLY (CORNICHE ANDRE DE)";"43,70233170";"7,29455720"
"202300022810";"12";"09";"2023";"13:55";"1";"59";"59508";"2";"1";"1";"6";"LILLE (RUE DE)MENIN A 8 MAI 1945";"50,74854518";"3,11949668"
"202300022811";"20";"12";"2023";"16:30";"2";"41";"41018";"2";"3";"1";"3";"LAPLACE (RUE)";"47,60347000";"1,33400000"
"202300022812";"15";"11";"2023";"17:38";"2";"75";"75116";"2";"1";"1";"6";"BOULEVARD DE L AMIRAL BRUIX";"48,87308100";"2,27672700"
"202300022813";"11";"09";"2023";"13:15";"1";"59";"59152";"1";"2";"1";"3";"Chemin du Petit Enfer";"50,74413200";"3,00225000"
"202300022814";"20";"12";"2023";"06:40";"5";"38";"38185";"2";"2";"2";"3";"EDMOND ESMONIN (AVENUE)";"45,15927000";"5,72881000"
"202300022815";"13";"11";"2023";"23:55";"5";"75";"75120";"2";"7";"1";"6";"PLACE DE LA PORTE DE BAGNOLET";"48,86481300";"2,40893900"
"202300022816";"20";"12";"2023";"19:00";"5";"37";"37261";"2";"2";"8";"6";"HALLEBARDIER (RUE DU)";"47,38235787";"0,69498315"
"202300022817";"12";"09";"2023";"20:30";"5";"59";"59328";"2";"2";"1";"3";"HIPPODROME AV DE L N°237 AU389";"50,64451000";"3,02866000"
"202300022818";"20";"12";"2023";"16:10";"1";"37";"37261";"2";"1";"1";"6";"PAS NOTRE-DAME (RUE DU)";"47,41377000";"0,69661000"
"202300022819";"11";"09";"2023";"18:30";"2";"59";"59350";"2";"1";"8";"3";"Avenue Roger Salengro";"50,64037000";"2,99039000"
"202300022820";"15";"11";"2023";"11:50";"1";"75";"75119";"2";"2";"1";"2";"RUE DE LORRAINE";"48,88508400";"2,38377300"
"202300022821";"16";"12";"2023";"16:53";"1";"36";"36044";"2";"1";"1";"3";"N/A";"46,81739430";"1,69703901"
"202300022822";"15";"11";"2023";"10:48";"1";"75";"75118";"2";"2";"1";"6";"BOULEVARD NEY";"48,89808800";"2,34436700"
"202300022823";"25";"06";"2023";"05:00";"5";"59";"59360";"2";"2";"1";"3";"PARE AMBROISE RUE";"50,60164000";"3,03962000"
"202300022824";"20";"12";"2023";"08:55";"1";"35";"35238";"2";"1";"1";"2";"TILLON (AVENUE CHARLES)";"48,12558000";" -1,69682000"
"202300022825";"20";"12";"2023";"16:50";"1";"31";"31557";"2";"9";"2";"6";"CHE FERRO LEBRES";"43,58501200";"1,37258600"
"202300022826";"9";"09";"2023";"00:40";"3";"59";"59185";"2";"1";"1";"6";"D645";"50,33606000";"3,20844000"
"202300022827";"19";"12";"2023";"07:30";"3";"31";"31069";"2";"1";"8";"6";"PARC (AV DU)";"43,63128500";"1,38865000"
"202300022828";"20";"12";"2023";"17:50";"5";"28";"28134";"2";"1";"1";"6";"EUROPE (BOULEVARD DE L')";"48,73779000";"1,34700000"
"202300022829";"7";"09";"2023";"18:30";"1";"59";"59122";"2";"1";"1";"6";"LIBERTE (BOULEVARD DE LA)";"50,17186820";"3,22750578"
"202300022830";"12";"09";"2023";"09:55";"1";"58";"58194";"2";"2";"2";"3";"FRANCIS GARNIER";"46,99327000";"3,17290000"
"202300022831";"20";"12";"2023";"11:10";"1";"27";"27229";"2";"2";"8";"1";"GAMBETTA (BOULEVARD)";"49,01918000";"1,15212000"
"202300022832";"11";"09";"2023";"12:25";"1";"58";"58194";"2";"3";"1";"3";"ARDENETS";"46,97946000";"3,13153000"
"202300022833";"20";"12";"2023";"10:12";"1";"27";"27229";"2";"2";"8";"1";"SEMARD (RUE PIERRE)";"49,01595000";"1,16566000"
"202300022834";"8";"09";"2023";"21:29";"5";"57";"57491";"2";"3";"1";"3";"TREHEMONT (ROUTE DE)";"49,25177000";"6,05154000"
"202300022835";"11";"09";"2023";"16:40";"1";"56";"56083";"2";"1";"1";"6";"REPUBLIQUE ( AV. DE LA )";"47,80004000";" -3,28818000"
"202300022836";"15";"12";"2023";"12:30";"1";"26";"26008";"1";"3";"1";"3";"Route de Rochemaure";"44,57578000";"4,72057000"
"202300022837";"11";"09";"2023";"19:00";"1";"56";"56162";"1";"1";"1";"7";"MOULIN DU TER (RUE DU )";"47,73293000";" -3,40406000"
"202300022838";"10";"09";"2023";"23:54";"3";"56";"56098";"1";"1";"1";"3";"N/A";"47,77812000";" -3,35489000"
"202300022839";"15";"12";"2023";"11:45";"1";"24";"24322";"2";"1";"1";"6";"FENELON (COURS)";"45,18165000";"0,72105000"
"202300022840";"9";"09";"2023";"19:57";"1";"56";"56162";"2";"3";"1";"1";"DOLMEN (RUE DU)";"47,70429910";" -3,44535610"
"202300022841";"18";"12";"2023";"10:39";"1";"21";"21278";"2";"6";"1";"3";"AHUY (D') (ROUTE)";"47,34704000";"5,03491000"
"202300022842";"11";"09";"2023";"18:45";"1";"54";"54578";"2";"3";"7";"3";"Boulevard du Docteur Cattenoz";"48,67332697";"6,15993440"
"202300022843";"19";"12";"2023";"18:45";"5";"14";"14118";"2";"1";"2";"6";"137 Rue de Falaise";"49,16852200";" -0,35201400"
"202300022844";"11";"09";"2023";"19:50";"2";"54";"54274";"2";"1";"1";"3";"Rue Gabriel Fauré";"48,67120857";"6,21171176"
"202300022845";"19";"12";"2023";"18:10";"5";"14";"14118";"2";"1";"3";"6";"JUIN (BOULEVARD MARECHAL)";"49,20311000";" -0,39081000"
"202300022846";"12";"09";"2023";"14:35";"1";"54";"54270";"1";"1";"1";"6";"D26";"49,47743000";"5,88552000"
"202300022847";"19";"12";"2023";"17:30";"5";"14";"14437";"2";"1";"3";"6";"65 Avenue Pierre Mendès France";"49,17010000";" -0,32393000"
"202300022848";"7";"09";"2023";"14:00";"1";"52";"52448";"1";"1";"1";"5";"RN4";"48,62582000";"4,93471000"
"202300022849";"20";"12";"2023";"12:45";"1";"13";"13210";"2";"1";"1";"3";"CAPELETTE (AVENUE DE LA)";"43,27963187";"5,41055937"
"202300022850";"19";"12";"2023";"20:15";"5";"13";"13210";"2";"1";"1";"3";"JACQUES HEBERT (RUE)";"43,28310000";"5,39277000"
"202300022851";"12";"09";"2023";"17:30";"1";"51";"51454";"2";"2";"8";"2";"VIGNOBLE (ALLEE)";"49,22250000";"4,01452000"
"202300022852";"19";"12";"2023";"11:00";"1";"13";"13208";"2";"1";"1";"6";"PRADO (AVENUE DU)";"43,27600000";"5,38900000"
"202300022853";"12";"09";"2023";"08:47";"1";"51";"51454";"2";"9";"1";"3";"FARMAN (AVENUE HENRI)";"49,23670000";"4,07110000"
"202300022854";"20";"12";"2023";"13:25";"1";"13";"13001";"2";"1";"1";"3";"CLUB HIPPIQUE (AV)";"43,51263000";"5,42708000"
"202300022855";"8";"09";"2023";"18:45";"1";"51";"51172";"2";"6";"1";"3";"ALSACE LORRAINE (BOULEVARD)";"49,21960000";"4,04140000"
"202300022856";"10";"09";"2023";"10:00";"1";"51";"51454";"2";"4";"1";"6";"VOLTAIRE (RUE)";"49,25593000";"4,03860000"
"202300022857";"17";"12";"2023";"08:40";"1";"07";"07186";"2";"3";"1";"3";"MOBILES (BLD. DES)";"44,73619000";"4,60125000"
"202300022858";"20";"12";"2023";"07:30";"3";"07";"07281";"1";"1";"2";"1";"C.D. 533 (VERS LE PUY)";"44,93217000";"4,79362000"
"202300022859";"9";"09";"2023";"18:20";"1";"50";"50129";"2";"2";"1";"7";"THIVET ( avenue du )";"49,63549000";" -1,66567000"
"202300022860";"31";"08";"2023";"09:26";"1";"46";"46042";"2";"1";"1";"6";"BASTIE (AVENUE MARYSE)";"44,45935000";"1,42420000"
"202300022861";"12";"09";"2023";"08:30";"1";"45";"45234";"2";"1";"1";"6";"2 Rue Alexandre Avisse";"47,90315000";"1,89342700"
"202300022862";"10";"09";"2023";"22:47";"5";"45";"45004";"2";"1";"1";"7";"D2107 PR 0 + 793";"47,98680768";"2,73255140"
"202300022863";"19";"12";"2023";"14:15";"1";"06";"06088";"2";"1";"1";"3";"Promenade des Anglais";"43,68197610";"7,23239700"
"202300022864";"4";"09";"2023";"08:56";"1";"45";"45004";"2";"1";"1";"3";"D93 PR 0 + 393";"47,97737000";"2,73652000"
"202300022865";"9";"09";"2023";"20:23";"2";"45";"45208";"2";"1";"1";"7";"Boulevard John Kennedy";"47,99828340";"2,72085589"
"202300022866";"11";"09";"2023";"15:25";"1";"44";"44184";"2";"1";"1";"3";"Rue Pitre Grenapin";"47,26040300";" -2,25847700"
"202300022867";"19";"12";"2023";"09:00";"1";"06";"06088";"2";"3";"1";"6";"BARLA (RUE)";"43,70195200";"7,28289400"
"202300022868";"11";"09";"2023";"19:10";"2";"43";"43157";"2";"3";"1";"5";"2b Boulevard Alexandre Clair";"45,03958000";"3,88215000"
"202300022869";"19";"12";"2023";"20:00";"5";"06";"06069";"2";"1";"1";"3";"Route de Cannes";"43,62469000";"6,96474000"
"202300022870";"10";"09";"2023";"21:10";"5";"41";"41047";"2";"2";"1";"3";"RD 2152";"47,60314000";"1,34959000"
"202300022871";"20";"12";"2023";"13:25";"1";"06";"06029";"2";"1";"1";"3";"POESIE (AVENUE PIERRE)";"43,55256000";"6,96278000"
"202300022872";"12";"09";"2023";"18:35";"1";"38";"38516";"2";"4";"1";"3";"CHARTREUSE (ROUTE DE) 34 A FIN";"45,20782000";"5,74152000"
"202300022873";"12";"09";"2023";"14:02";"1";"38";"38169";"2";"1";"1";"6";"CURIE (BOULEVARD J.)";"45,19140000";"5,69492000"
"202300022874";"20";"12";"2023";"17:50";"5";"75";"75118";"2";"3";"8";"6";"BOULEVARD BARBES";"48,88973400";"2,34964000"
"202300022875";"11";"09";"2023";"09:45";"1";"38";"38185";"2";"3";"1";"6";"BOULEVARD AGUTTE SEMBAT";"45,18875000";"5,72574000"
"202300022876";"12";"09";"2023";"08:45";"1";"38";"38053";"2";"1";"1";"3";"HERRIOT (EDOUARD)";"45,58721000";"5,27260000"
"202300022877";"12";"09";"2023";"19:10";"1";"37";"37261";"2";"1";"1";"2";"NAPOLEON (PONT)";"47,39924000";"0,67547000"
"202300022878";"20";"12";"2023";"10:07";"1";"75";"75105";"2";"1";"1";"2";"QUAI SAINT MICHEL";"48,85339000";"2,34561300"
"202300022879";"11";"09";"2023";"14:00";"1";"37";"37261";"2";"1";"1";"6";"STRAUSS (RUE JOHANN)";"47,36759000";"0,71056000"
"202300022880";"11";"09";"2023";"18:30";"1";"35";"35278";"1";"3";"1";"6";"RD 82";"48,16229000";" -1,69011000"
"202300022881";"11";"09";"2023";"14:55";"1";"35";"35238";"2";"2";"1";"3";"GUYENNE (AVENUE DE)";"48,12141000";" -1,71461000"
"202300022882";"18";"12";"2023";"21:50";"5";"75";"75105";"2";"2";"1";"3";"BOULEVARD DE PORT ROYAL";"48,83948200";"2,33760100"
"202300022883";"11";"09";"2023";"12:00";"1";"35";"35278";"1";"1";"1";"4";"RD 29";"48,15716010";" -1,69866174"
"202300022884";"11";"09";"2023";"17:08";"1";"34";"34032";"2";"1";"1";"3";"PEZENAS (ROUTE DE)";"43,35756000";"3,24260000"
"202300022885";"20";"12";"2023";"14:10";"1";"75";"75120";"2";"1";"1";"3";"AVENUE DU PROFESSEUR ANDRE LEMIERE";"48,85835700";"2,41462600"
"202300022886";"11";"09";"2023";"15:20";"1";"34";"34003";"2";"1";"1";"3";"MARCELLIN ALBERT (H15 A H16";"43,30800000";"3,47803000"
"202300022887";"12";"09";"2023";"17:05";"1";"33";"33192";"2";"1";"3";"4";"Cours du Général de Gaulle";"44,78971000";" -0,60519000"
"202300022888";"12";"09";"2023";"16:40";"1";"33";"33550";"2";"8";"3";"6";"Route de Toulouse";"44,78186043";" -0,56602389"
"202300022889";"11";"09";"2023";"17:55";"1";"33";"33167";"2";"1";"1";"6";"Rue Jules Guesde";"44,82922000";" -0,52870000"
"202300022890";"11";"09";"2023";"09:45";"1";"33";"33063";"1";"1";"1";"4";"Boulevard des Frères Moga";"44,82385093";" -0,54325461"
"202300022891";"20";"12";"2023";"17:10";"5";"75";"75119";"2";"3";"1";"6";"RUE AUGUSTIN THIERRY";"48,87635500";"2,39312400"
"202300022892";"12";"09";"2023";"19:55";"2";"32";"32013";"2";"6";"8";"7";"DARWIN";"43,63310000";"0,58923000"
"202300022893";"20";"12";"2023";"16:53";"2";"75";"75118";"2";"3";"2";"6";"AVENUE DE SAINT OUEN";"48,89041100";"2,32660200"
"202300022894";"11";"09";"2023";"13:03";"1";"31";"31555";"2";"2";"1";"3";"TUCAUT (CHE DE) DU 8AU 364";"43,56014000";"1,36050000"
"202300022895";"7";"09";"2023";"08:03";"1";"30";"30189";"2";"3";"1";"3";"Rue Docteur Calmette";"43,82933357";"4,36694473"
"202300022896";"12";"09";"2023";"20:15";"1";"29";"29232";"1";"6";"1";"6";"Rond-Point Gutenberg";"47,98020542";" -4,08071553"
"202300022897";"20";"12";"2023";"12:15";"1";"75";"75116";"2";"3";"1";"2";"RUE PERGOLESE";"48,87439200";"2,28285000"
"202300022898";"11";"09";"2023";"14:00";"1";"29";"29019";"2";"1";"1";"6";"avenue de Tarente";"48,40337900";" -4,50779500"
"202300022899";"7";"09";"2023";"17:00";"1";"26";"26198";"2";"1";"1";"6";"Vieille Route du Teil";"44,56285000";"4,74723000"
"202300022900";"12";"09";"2023";"21:00";"5";"25";"25388";"2";"9";"1";"3";"HOLLANDE (RUE DE LA PETITE)";"47,50380000";"6,79513000"
"202300022901";"12";"09";"2023";"10:20";"1";"25";"25056";"2";"2";"1";"3";"CHASNOT RUE DU";"47,25211000";"6,02690000"
"202300022902";"20";"12";"2023";"13:10";"1";"75";"75115";"2";"2";"1";"3";"AVENUE DE SUFFREN";"48,84581498";"2,30955362"
"202300022903";"12";"09";"2023";"14:57";"1";"22";"22187";"2";"2";"1";"3";"CHALUTIER SANS PITIE (Avenue du)";"48,53013000";" -2,76466000"
"202300022904";"12";"09";"2023";"07:40";"1";"22";"22278";"2";"9";"1";"6";"FONTAINE-SAINT-BRIEUC (DE LA)";"48,51769000";" -2,76644000"
"202300022905";"20";"12";"2023";"11:30";"1";"75";"75115";"2";"3";"1";"6";"RUE NANTEUIL";"48,83514100";"2,30556800"
"202300022906";"8";"09";"2023";"16:25";"1";"19";"19031";"2";"3";"1";"6";"Boulevard Brune";"45,15316000";"1,53437000"
"202300022907";"7";"09";"2023";"09:30";"1";"19";"19031";"2";"3";"1";"3";"RIBOT (AVENUE)";"45,16473000";"1,51318000"
"202300022908";"8";"09";"2023";"08:35";"1";"18";"18033";"2";"6";"1";"6";"49 Avenue des Frères Voisin";"47,06950000";"2,37630000"
"202300022909";"20";"12";"2023";"10:50";"1";"75";"75115";"2";"3";"1";"6";"RUE DE DANTZIG";"48,83252600";"2,29762500"
"202300022910";"11";"09";"2023";"11:50";"1";"17";"17333";"2";"1";"3";"6";"COTE DE BEAUTE (BOULEVARD)";"45,60150000";" -1,00001000"
"202300022911";"11";"09";"2023";"23:30";"5";"13";"13213";"2";"9";"1";"6";"JEAN PAUL SARTRE (AVENUE)";"43,32179555";"5,41772377"
"202300022912";"11";"09";"2023";"15:00";"1";"13";"13208";"2";"1";"1";"1";"MADRAGUE DE MONTREDON (AVE DE LA) ";"43,23741000";"5,36380000"
"202300022913";"20";"12";"2023";"00:09";"5";"75";"75115";"2";"2";"2";"1";"RUE DE VAUGIRARD";"48,84442700";"2,31769200"
"202300022914";"11";"09";"2023";"16:00";"1";"13";"13203";"2";"3";"1";"5";"NATIONAL (BOULEVARD)";"43,30573000";"5,38398000"
"202300022915";"11";"09";"2023";"06:04";"5";"13";"13207";"2";"1";"1";"6";"RIVE NEUVE (QUAI)";"43,29274739";"5,36878109"
"202300022916";"20";"12";"2023";"18:50";"5";"75";"75111";"2";"2";"8";"6";"RUE DU FAUBOURG SAINT ANTOINE";"48,85130200";"2,37613400"
"202300022917";"6";"08";"2023";"19:25";"1";"13";"13028";"1";"1";"1";"2";"BODIN (AVENUE EMILE)";"43,20642444";"5,58575274"
"202300022918";"20";"12";"2023";"18:00";"5";"75";"75111";"2";"2";"2";"3";"BOULEVARD RICHARD LENOIR";"48,85515100";"2,37033500"
"202300022919";"12";"09";"2023";"08:00";"1";"13";"13001";"1";"1";"1";"3";"LOQUI (ROUTE DE)";"43,51625271";"5,38066945"
"202300022920";"20";"12";"2023";"16:20";"1";"75";"75102";"2";"1";"2";"6";"RUE DES JEUNEURS";"48,86970900";"2,34389500"
"202300022921";"11";"09";"2023";"23:45";"5";"10";"10343";"2";"1";"1";"7";"SAPINS (AVENUE)";"48,27638000";"4,08892000"
"202300022922";"11";"09";"2023";"22:24";"5";"10";"10387";"2";"1";"1";"6";"MAJOR GENERAL VANIER (AVENUE)";"48,30570000";"4,07100000"
"202300022923";"20";"12";"2023";"14:35";"1";"75";"75102";"2";"2";"1";"6";"RUE DE TURBIGO";"48,86411500";"2,35013260"
"202300022924";"11";"09";"2023";"20:08";"5";"10";"10343";"2";"1";"1";"7";"MICHEL BAROIN (RUE)";"48,28170000";"4,09570000"
"202300022925";"9";"09";"2023";"17:10";"1";"10";"10387";"2";"1";"1";"2";"GAMBETTA (RUE)";"48,29809000";"4,06816000"
"202300022926";"15";"12";"2023";"08:00";"2";"94";"94046";"2";"1";"1";"3";"Rue Victor Hugo";"48,80086000";"2,43441000"
"202300022927";"11";"09";"2023";"17:30";"1";"09";"09225";"2";"3";"1";"3";"CORDELIERS RUE DES";"43,11760000";"1,61228000"
"202300022928";"20";"12";"2023";"00:42";"5";"94";"94076";"2";"2";"2";"2";"Boulevard Maxime Gorki";"48,79606000";"2,36836000"
"202300022929";"11";"09";"2023";"13:53";"1";"09";"09122";"2";"1";"1";"6";"LERIDA (AVENUE DE)";"42,96448900";"1,60287200"
"202300022930";"19";"12";"2023";"19:15";"5";"94";"94028";"2";"1";"2";"6";"Avenue du Maréchal Foch";"48,78461000";"2,43675000"
"202300022931";"12";"09";"2023";"12:29";"1";"06";"06088";"2";"9";"1";"1";"REPUBLIQUE (AV. DE LA)";"43,70787000";"7,28407000"
"202300022932";"20";"12";"2023";"11:15";"1";"94";"94022";"2";"2";"1";"3";"Boulevard des Alliés";"48,76690000";"2,40399200"
"202300022933";"11";"09";"2023";"09:40";"1";"06";"06027";"2";"3";"1";"6";"DELATTRE DE TASSIGNY AV DU MAL";"43,65800000";"7,16238400"
"202300022934";"20";"12";"2023";"13:45";"1";"94";"94018";"2";"3";"1";"3";"37 Place Bobillot";"48,82025634";"2,40385804"
"202300022935";"12";"09";"2023";"12:00";"1";"04";"04112";"2";"1";"1";"6";"GIONO (AV. J.)";"43,82952000";"5,78545000"
"202300022936";"11";"09";"2023";"15:05";"1";"03";"03190";"2";"6";"1";"6";"Rue Félix Mathé";"46,56271200";"3,32524600"
"202300022937";"20";"12";"2023";"18:20";"5";"93";"93073";"2";"5";"2";"2";"Avenue Pasteur / Rue de l'Argonne";"48,94192000";"2,57364000"
"202300022938";"11";"09";"2023";"08:10";"1";"01";"01451";"1";"6";"1";"3";"PARIS (ROUTE DE)";"46,22452000";"5,20666000"
"202300022939";"11";"09";"2023";"16:00";"1";"75";"75112";"2";"1";"1";"2";"PORTE DOREE";"48,83513000";"2,41161900"
"202300022940";"15";"12";"2023";"23:45";"5";"93";"93032";"2";"3";"1";"3";"Rue Vaillant Couturier / Rue de l'Avenir";"48,87059850";"2,55476117"
"202300022941";"11";"09";"2023";"01:20";"5";"75";"75120";"2";"1";"1";"4";"PORTE DE MONTREUIL";"48,85993000";"2,41398200"
"202300022942";"20";"12";"2023";"08:10";"1";"93";"93001";"2";"2";"1";"3";"Boulevard Anatole France / Rue des Noyers";"48,91624000";"2,38164000"
"202300022943";"20";"12";"2023";"11:02";"1";"92";"92063";"2";"9";"1";"6";"DOUMER (AVENUE PAUL) EST";"48,88010644";"2,18108252"
"202300022944";"12";"09";"2023";"07:55";"1";"75";"75105";"2";"3";"1";"3";"QUAI SAINT MICHEL";"48,85375600";"2,34429000"
"202300022945";"20";"12";"2023";"08:14";"2";"92";"92026";"2";"6";"1";"3";"JEAN MERMOZ (SQUARE ET PLACE)";"48,90255816";"2,27459908"
"202300022946";"12";"09";"2023";"18:00";"1";"75";"75116";"2";"3";"2";"3";"AVENUE DE LA PORTE DE SAINT CLOUD";"48,83682443";"2,25365326"
"202300022947";"12";"09";"2023";"14:30";"1";"75";"75115";"2";"7";"2";"2";"PLACE DES INSURGES DE VARSOVIE";"48,82709400";"2,29270100"
"202300022948";"19";"12";"2023";"19:27";"5";"92";"92025";"2";"2";"1";"3";"PAUL BERT (RUE)";"48,92566338";"2,24716265"
"202300022949";"12";"09";"2023";"10:00";"1";"75";"75115";"2";"2";"1";"3";"RUE VIGEE LEBRUN";"48,83854700";"2,31150500"
"202300022950";"20";"12";"2023";"16:25";"1";"92";"92009";"2";"3";"8";"3";"EUROPE (AVENUE)";"48,90722905";"2,26466328"
"202300022951";"12";"09";"2023";"16:20";"1";"75";"75114";"2";"3";"2";"6";"AVENUE DU GENERAL LECLERC";"48,82878642";"2,32774615"
"202300022952";"20";"12";"2023";"13:54";"1";"92";"92004";"2";"1";"2";"3";"DOCTEUR DERVAUX  ( QUAI DU )";"48,90656000";"2,29078000"
"202300022953";"12";"09";"2023";"13:09";"1";"75";"75114";"2";"3";"3";"3";"AVENUE DU GENERAL LECLERC";"48,83078160";"2,32941172"
"202300022954";"18";"12";"2023";"09:00";"1";"33";"33334";"2";"8";"5";"3";"passage à niveau 28 Route de Rapin";"44,68961300";" -0,41745900"
"202300022955";"12";"09";"2023";"04:58";"5";"75";"75114";"2";"7";"1";"5";"PLACE VICTOR BASCH";"48,82784700";"2,32665600"
"202300022956";"20";"12";"2023";"14:40";"1";"51";"51217";"2";"2";"2";"3";"Rue Gambetta";"49,07478800";"3,63999900"
"202300022957";"12";"09";"2023";"18:30";"1";"75";"75114";"2";"1";"8";"3";"RUE BOISSONADE";"48,83830000";"2,33200000"
"202300022958";"21";"12";"2023";"13:50";"1";"972";"97227";"1";"1";"1";"1";"RN5, Les coteaux";"14,47748400";" -60,96270600"
"202300022959";"12";"09";"2023";"11:55";"1";"75";"75113";"2";"3";"2";"2";"RUE DES PEUPLIERS";"48,82287547";"2,35298002"
"202300022960";"12";"09";"2023";"11:50";"1";"75";"75112";"2";"2";"3";"1";"QUAI DE LA RAPEE";"48,84348300";"2,37069300"
"202300022961";"19";"12";"2023";"18:45";"3";"50";"50592";"2";"1";"2";"1";"9 route de pont-farcy";"48,96978000";" -1,06069000"