"Num_Acc";"jour";"mois";"an";"hrmn";"lum";"dep";"com";"agg";"int";"atm";"col";"adr";"lat";"long"
"202300022962";"11";"09";"2023";"19:00";"1";"75";"75112";"2";"2";"1";"1";"CARREFOUR DE PATTE D OIE";"48,82210000";"2,44200000"
"202300022963";"20";"12";"2023";"19:15";"3";"35";"35193";"1";"1";"2";"6";"D82";"48,23765100";" -1,70957600"
"202300022964";"12";"09";"2023";"02:58";"5";"75";"75111";"2";"5";"1";"3";"AVENUE LEDRU ROLLIN";"48,85743300";"2,37969800"
"202300022965";"12";"09";"2023";"18:30";"1";"75";"75108";"2";"2";"2";"3";"RUE LA BOETIE";"48,87141800";"2,30731100"
"202300022966";"20";"12";"2023";"14:05";"1";"51";"51422";"1";"4";"1";"1";"D980";"49,22030939";"3,93729215"
"202300022967";"12";"09";"2023";"17:00";"1";"75";"75108";"2";"3";"2";"3";"AVENUE CESAR CAIRE";"48,87616175";"2,31948289"
"202300022968";"20";"12";"2023";"17:15";"1";"56";"56051";"1";"1";"1";"1";"bellevue";"47,90013200";" -2,59364200"
"202300022969";"12";"09";"2023";"11:30";"1";"75";"75108";"2";"3";"1";"6";"RUE DE LISBONNE";"48,87775285";"2,31557143"
"202300022970";"21";"12";"2023";"13:20";"1";"89";"89464";"1";"1";"2";"1";"RD 606";"48,06234400";"3,29059000"
"202300022971";"11";"09";"2023";"10:38";"1";"75";"75107";"2";"5";"1";"6";"AVENUE BOSQUET";"48,86190200";"2,30203800"
"202300022972";"12";"09";"2023";"18:20";"1";"75";"75104";"2";"2";"8";"2";"RUE DE RIVOLI";"48,85594200";"2,35796600"
"202300022973";"2";"09";"2023";"00:20";"5";"94";"94058";"2";"2";"1";"1";"Avenue du Général de Gaulle";"48,84325000";"2,50340000"
"202300022974";"21";"12";"2023";"07:35";"2";"55";"55470";"1";"2";"2";"3";"D635";"48,70372500";"5,07082300"
"202300022975";"11";"09";"2023";"17:00";"1";"94";"94043";"2";"1";"1";"6";"20 Avenue de Fontainebleau";"48,81472200";"2,36090900"
"202300022976";"19";"12";"2023";"19:10";"3";"49";"49180";"1";"2";"1";"3";"D214";"47,33837200";" -0,14052600"
"202300022977";"12";"09";"2023";"14:40";"1";"94";"94038";"2";"2";"2";"3";"Rue de Chevilly";"48,77393100";"2,35186600"
"202300022978";"21";"12";"2023";"05:50";"3";"47";"47228";"1";"1";"2";"6";"N21";"44,32532845";"0,72028893"
"202300022979";"12";"09";"2023";"14:20";"1";"94";"94028";"2";"2";"3";"6";"Rue Juliette Savar";"48,78009000";"2,46553000"
"202300022980";"20";"12";"2023";"16:15";"1";"47";"47069";"1";"1";"1";"1";"D125";"44,22763323";"0,58292283"
"202300022981";"12";"09";"2023";"13:10";"1";"94";"94028";"2";"1";"2";"3";"Avenue de la Brèche";"48,78407000";"2,45417000"
"202300022982";"12";"09";"2023";"08:25";"1";"94";"94017";"2";"1";"1";"3";"Av. Henri-Marie le Boursicaud";"48,81484000";"2,52440000"
"202300022983";"19";"12";"2023";"17:35";"3";"41";"41180";"1";"1";"8";"5";"D764";"47,37600800";"1,22733800"
"202300022984";"20";"12";"2023";"18:20";"3";"34";"34234";"1";"9";"1";"6";"D13";"43,53340600";"3,22720200"
"202300022985";"12";"09";"2023";"19:30";"1";"93";"93070";"2";"9";"2";"7";"Rue du Docteur Bauer";"48,91245546";"2,33561654"
"202300022986";"20";"12";"2023";"23:20";"3";"25";"25240";"1";"1";"2";"1";"D461";"47,05012500";"6,62505600"
"202300022987";"10";"06";"2023";"05:45";"2";"93";"93048";"2";"2";"1";"6";"Avenue Walwein / Rue Franklin";"48,86233000";"2,44393000"
"202300022988";"22";"08";"2023";"19:00";"1";"93";"93032";"2";"5";"1";"3";"Avenue Vaillant Couturier / Rue Hippolyte Pina";"48,87450000";"2,55199000"
"202300022989";"21";"12";"2023";"12:05";"1";"25";"25122";"1";"1";"2";"1";"d72";"46,94567000";"6,18639700"
"202300022990";"12";"09";"2023";"09:40";"1";"93";"93032";"2";"2";"1";"3";"Avenue des Chèvrefeuilles / Avenue des Charmilles";"48,88851638";"2,54741594"
"202300022991";"20";"12";"2023";"10:50";"1";"29";"29024";"2";"1";"1";"6";"Rue de la Madeleine";"48,27129000";" -3,57563700"
"202300022992";"11";"09";"2023";"19:03";"1";"93";"93032";"2";"2";"1";"2";"Rue Paul Vaillant Couturier / Avenue de Bordeaux";"48,87615000";"2,54971000"
"202300022993";"18";"12";"2023";"08:10";"1";"38";"38039";"2";"1";"9";"6";"Chemin de la Gare";"45,26851000";"5,86598000"
"202300022994";"21";"12";"2023";"08:05";"1";"06";"06090";"2";"1";"1";"1";"1719 Avenue Lord Astor";"43,61424600";"6,93523600"
"202300022995";"9";"09";"2023";"03:05";"5";"93";"93032";"2";"2";"1";"3";"Rue Parmentier / Rue Aristide Briand";"48,88277683";"2,53501915"
"202300022996";"20";"12";"2023";"13:02";"1";"14";"14377";"1";"1";"8";"6";"D104";"49,32250300";" -0,70276600"
"202300022997";"12";"09";"2023";"12:50";"1";"93";"93031";"2";"1";"3";"6";"Rue de Saint-gratien";"48,96009338";"2,30375737"
"202300022998";"20";"12";"2023";"20:00";"3";"64";"64411";"1";"1";"2";"7";"RD 918 - col d'Osquich";"43,19927531";" -1,01934943"
"202300022999";"12";"09";"2023";"17:30";"1";"93";"93010";"2";"1";"2";"3";"Rue Paul Vaillant-couturier";"48,90159942";"2,47604700"
"202300023000";"20";"12";"2023";"15:45";"1";"36";"36117";"1";"1";"1";"6";"N/A";"46,55581000";"1,56029500"
"202300023001";"12";"09";"2023";"00:25";"5";"92";"92072";"2";"1";"1";"6";"GRANDE RUE";"48,82611000";"2,21852000"
"202300023002";"12";"09";"2023";"19:40";"1";"92";"92063";"2";"1";"8";"6";"BONS RAISINS (RUE DES)";"48,87164509";"2,20105451"
"202300023003";"22";"06";"2023";"05:10";"3";"07";"07024";"1";"1";"1";"5";"D901";"44,38515800";"4,17184400"
"202300023004";"20";"12";"2023";"09:58";"1";"21";"21644";"1";"1";"1";"6";"D104";"47,34914400";"5,31431200"
"202300023005";"11";"09";"2023";"18:15";"1";"92";"92050";"2";"1";"1";"6";"HEBERT CELESTIN RUE";"48,89707394";"2,22414047"
"202300023006";"20";"12";"2023";"15:50";"1";"85";"85172";"1";"1";"1";"6";"RD 59";"46,79862300";" -1,97846300"
"202300023007";"11";"09";"2023";"11:30";"1";"92";"92036";"2";"1";"1";"4";"GRESILLONS (QUAI DES)";"48,91976000";"2,32245000"
"202300023008";"20";"12";"2023";"14:50";"1";"17";"17218";"2";"1";"1";"7";"Rive Gauche de la Sevre";"46,31907900";" -0,96907100"
"202300023009";"12";"09";"2023";"10:20";"1";"92";"92025";"2";"3";"2";"3";"VALMY> 68   55 (BD DE)";"48,93381000";"2,25559000"
"202300023010";"21";"12";"2023";"15:00";"1";"30";"30165";"1";"1";"1";"3";"D981";"44,09757357";"4,14618874"
"202300023011";"21";"12";"2023";"02:40";"5";"987";"98715";"2";"1";"1";"6";"Route de ceinture, Pamatai, PK 3 +700, commune de FAA'A en face du magasin Tahiti Glace.";" -17,58400000";" -149,56000000"
"202300023012";"12";"09";"2023";"18:59";"1";"92";"92024";"2";"1";"8";"4";"CLICHY (QUAI DE) DE (104 A 202)";"48,91262000";"2,31236000"
"202300023013";"21";"12";"2023";"18:55";"4";"13";"13109";"1";"1";"1";"1";"A8, pk 24.200, sens 2";"43,50797400";"5,50157500"
"202300023014";"12";"09";"2023";"16:15";"1";"974";"97415";"1";"1";"1";"3";"N1";" -20,97083700";"55,29869600"
"202300023015";"12";"09";"2023";"10:23";"1";"47";"47169";"1";"1";"1";"6";"D268";"44,13846400";"0,60782500"
"202300023016";"10";"12";"2023";"08:15";"1";"13";"13001";"1";"1";"1";"2";"A8";"43,52357800";"5,40841700"
"202300023017";"13";"09";"2023";"12:45";"1";"51";"51649";"2";"1";"1";"1";"Rue des Hauts-Pas";"48,72474600";"4,58433500"
"202300023018";"8";"12";"2023";"22:20";"5";"49";"49129";"1";"4";"1";"3";"A11-PK259+400";"47,50135900";" -0,50854100"
"202300023019";"12";"09";"2023";"11:45";"1";"51";"51635";"1";"1";"1";"7";"D14";"48,80699100";"4,84201000"
"202300023020";"20";"12";"2023";"15:00";"1";"51";"51466";"1";"1";"1";"2";"A4 PK 116.000 sens PARIS-REIMS";"49,18285400";"3,75045800"
"202300023021";"12";"09";"2023";"07:39";"1";"84";"84088";"1";"2";"1";"3";"Chemin de Prato-plage";"44,02218000";"5,04741300"
"202300023022";"12";"09";"2023";"09:25";"1";"01";"01354";"2";"6";"1";"3";"Rue de la Faucille";"46,25940000";"6,02923600"
"202300023023";"20";"12";"2023";"14:45";"1";"34";"34329";"1";"1";"6";"5";"Autoroute A9 PK 166+000";"43,30334579";"3,22158808"
"202300023024";"12";"09";"2023";"15:45";"1";"22";"22044";"1";"1";"2";"2";"RN 12 - PR 42+700";"48,47704000";" -2,60042000"
"202300023025";"21";"12";"2023";"16:40";"1";"974";"97418";"1";"1";"7";"2";"Route nationale 2";" -20,90296300";"55,54183200"
"202300023026";"12";"09";"2023";"11:55";"1";"50";"50214";"1";"1";"1";"7";"Aire de la Vallée de la Vire (Aire de pique-nique)";"48,90860900";" -1,10465200"
"202300023027";"20";"12";"2023";"19:10";"5";"971";"97125";"1";"2";"1";"2";"nationale 4";"16,25627500";" -61,28974200"
"202300023028";"21";"12";"2023";"10:20";"1";"66";"66056";"2";"6";"7";"2";"N/A";"42,65923400";"2,68279400"
"202300023029";"19";"12";"2023";"05:50";"3";"66";"66224";"2";"6";"1";"6";"Avenue du Littoral";"42,72729200";"2,99328100"
"202300023030";"12";"09";"2023";"15:29";"1";"21";"21273";"1";"1";"8";"7";"D35";"47,29256400";"4,81656100"
"202300023031";"21";"12";"2023";"11:20";"1";"06";"06157";"2";"3";"1";"6";"Rue du Pavillon";"43,72175000";"7,11032700"
"202300023032";"6";"09";"2023";"06:47";"2";"51";"51342";"1";"1";"1";"6";"D40";"48,98310000";"3,95084000"
"202300023033";"20";"12";"2023";"08:00";"2";"38";"38336";"1";"1";"2";"2";"Autoroute A7 PK007+000 sens S/N";"45,46365200";"4,83292200"
"202300023034";"21";"12";"2023";"00:50";"3";"89";"89298";"1";"1";"2";"7";"A19";"48,05449000";"3,10818700"
"202300023035";"8";"09";"2023";"08:50";"1";"59";"59624";"2";"1";"1";"2";"D76";"50,03165600";"3,29432700"
"202300023036";"21";"12";"2023";"16:54";"2";"58";"58124";"1";"1";"2";"6";"route départementale 174";"47,05307800";"3,06173100"
"202300023037";"12";"09";"2023";"16:20";"1";"56";"56165";"1";"1";"1";"4";"Les Landes Brien";"47,89391000";" -2,36560100"
"202300023038";"31";"08";"2023";"02:15";"3";"56";"56154";"1";"1";"1";"6";"pont d'oust";"47,72886000";" -2,21458000"
"202300023039";"20";"12";"2023";"17:00";"5";"54";"54215";"2";"3";"2";"6";"Rue Anatole France";"48,75394800";"6,14267200"
"202300023040";"12";"09";"2023";"09:15";"1";"56";"56083";"1";"1";"1";"4";"N/A";"47,78821000";" -3,28236000"
"202300023041";"12";"09";"2023";"17:25";"1";"56";"56147";"2";"3";"2";"2";"Zone Artisanale des Metairies";"47,52132700";" -2,28743600"
"202300023042";"21";"12";"2023";"12:50";"1";"03";"03308";"1";"1";"1";"3";"D68";"46,27354400";"2,97643700"
"202300023043";"13";"09";"2023";"07:20";"1";"74";"74275";"1";"1";"1";"1";"D909a";"45,81783440";"6,22926634"
"202300023044";"12";"09";"2023";"19:30";"2";"2A";"2A362";"2";"1";"1";"2";"T 10";"41,70105100";"9,35035200"
"202300023045";"20";"12";"2023";"20:10";"3";"03";"03283";"1";"1";"1";"1";"les talbots";"46,51141900";"3,59332300"
"202300023046";"13";"09";"2023";"12:30";"1";"2B";"2B049";"1";"1";"1";"7";"Route départementale 81B";"42,48969400";"8,68460700"
"202300023047";"11";"09";"2023";"13:05";"1";"61";"61091";"1";"1";"7";"6";"Voie Communale";"48,62004000";" -0,52372000"
"202300023048";"21";"12";"2023";"09:00";"1";"73";"73179";"1";"4";"1";"1";"D13 Route du noiray";"45,60624300";"5,85412000"
"202300023049";"9";"09";"2023";"23:50";"3";"42";"42081";"1";"8";"1";"6";"Route de Bellegarde";"45,62019100";"4,26951900"
"202300023050";"20";"12";"2023";"16:30";"2";"01";"01185";"1";"1";"2";"6";"D8";"45,98381200";"5,56337400"
"202300023051";"11";"09";"2023";"06:39";"3";"22";"22204";"1";"1";"1";"2";"D8";"48,69626700";" -3,21809000"
"202300023052";"19";"12";"2023";"16:07";"1";"69";"69143";"2";"9";"1";"3";"53 Avenue Carnot";"45,88633700";"4,83137200"
"202300023053";"12";"09";"2023";"16:30";"1";"25";"25349";"1";"1";"1";"2";"D461";"47,14382500";"6,49712600"
"202300023054";"21";"12";"2023";"20:00";"3";"81";"81140";"1";"1";"2";"6";"D112";"43,67837900";"1,87749300"
"202300023055";"5";"09";"2023";"15:55";"1";"25";"25262";"1";"1";"1";"7";"D461";"47,13652000";"6,61565800"
"202300023056";"12";"09";"2023";"07:40";"2";"29";"29150";"1";"1";"5";"6";"Keryoualen";"47,80174100";" -3,62561700"
"202300023057";"20";"12";"2023";"13:15";"1";"65";"65059";"2";"9";"1";"4";"Rue Philadelphe de Gerde";"43,06884700";"0,15749400"
"202300023058";"2";"09";"2023";"20:45";"2";"29";"29217";"2";"4";"1";"3";"rue paul serusier";"47,85263900";" -3,73734200"
"202300023059";"13";"09";"2023";"14:40";"1";"84";"84075";"1";"1";"1";"7";"route de sault";"44,01313831";"5,24676098"
"202300023060";"9";"09";"2023";"12:30";"1";"84";"84005";"1";"1";"1";"2";"D164";"44,14215100";"5,34137200"
"202300023061";"16";"12";"2023";"23:30";"4";"62";"62589";"2";"1";"1";"6";"D341";"50,34763100";"2,68901600"
"202300023062";"13";"09";"2023";"17:00";"1";"26";"26368";"1";"1";"2";"1";"D93";"44,71889100";"5,26487100"
"202300023063";"12";"09";"2023";"16:15";"1";"58";"58147";"2";"1";"1";"1";"Le Bourg";"47,15972300";"3,38574700"
"202300023064";"19";"12";"2023";"20:50";"3";"13";"13211";"1";"1";"1";"2";"A50-Sens Marseille vers Aubagne";"43,29191000";"5,48075000"
"202300023065";"13";"09";"2023";"08:50";"1";"06";"06079";"2";"1";"7";"6";"Avenue de Fréjus";"43,52918200";"6,92832400"
"202300023066";"17";"12";"2023";"19:39";"3";"69";"69271";"1";"1";"1";"2";"Rocade Est";"45,74778100";"4,98811300"
"202300023067";"13";"09";"2023";"00:20";"3";"50";"50569";"1";"3";"1";"7";"6 Rue des Moulins";"49,03978100";" -1,35047100"
"202300023068";"11";"09";"2023";"08:30";"1";"90";"90070";"2";"1";"1";"6";"Rue de la Boulois";"47,47106400";"6,92261500"
"202300023069";"12";"09";"2023";"22:00";"3";"83";"83005";"1";"1";"1";"6";"D71";"43,68786000";"6,11303300"
"202300023070";"9";"09";"2023";"12:30";"1";"07";"07100";"1";"1";"1";"3";"route de villefort";"44,42212318";"4,04837857"
"202300023071";"20";"12";"2023";"09:55";"3";"33";"33249";"1";"1";"2";"4";"Pont d'Aquitaine";"44,87876220";" -0,53049139"
"202300023072";"13";"09";"2023";"16:20";"1";"24";"24408";"1";"1";"1";"3";"Route l'Ancienne Poste";"45,32374800";"0,78582800"
"202300023073";"20";"12";"2023";"09:15";"1";"33";"33192";"1";"1";"1";"2";"ROCADE A 630";"44,79003708";" -0,60711432"
"202300023074";"10";"09";"2023";"20:00";"2";"85";"85192";"1";"1";"1";"5";"RD 13";"46,78433300";" -1,01360040"
"202300023075";"20";"12";"2023";"21:07";"3";"91";"91064";"1";"1";"1";"7";"RN 118";"48,74876000";"2,21678000"
"202300023076";"11";"09";"2023";"13:25";"1";"27";"27069";"1";"1";"1";"6";"130 Route de Breteuil";"48,82061400";"0,75426800"
"202300023077";"12";"09";"2023";"13:40";"1";"17";"17140";"1";"1";"1";"7";"Route de Boyardville";"45,92173700";" -1,25591800"
"202300023078";"20";"12";"2023";"18:00";"3";"94";"94034";"1";"1";"9";"3";"A6A";"48,75628517";"2,33422052"
"202300023079";"13";"09";"2023";"17:15";"1";"30";"30320";"1";"1";"1";"1";"N/A";"44,12121500";"4,30285100"
"202300023080";"12";"09";"2023";"16:17";"1";"88";"88408";"1";"2";"1";"3";"4 Route du Chêne";"47,90707600";"6,68116300"
"202300023081";"20";"12";"2023";"10:50";"1";"94";"94038";"1";"1";"2";"5";"A6B";"48,77350191";"2,34614102"
"202300023082";"13";"09";"2023";"16:30";"1";"95";"95392";"2";"1";"1";"7";"16 BEL AIR (RUE DU)";"49,07651200";"2,20481900"
"202300023083";"19";"12";"2023";"21:37";"3";"91";"91340";"1";"1";"2";"7";"RN 104";"48,60915000";"2,43970000"
"202300023084";"12";"09";"2023";"13:00";"1";"39";"39310";"1";"1";"1";"3";"N/A";"46,79477100";"5,53002800"
"202300023085";"13";"09";"2023";"06:15";"3";"60";"60030";"1";"1";"1";"6";"Autoroute A16, PK 063+800 sens PARIS-BOULOGNE";"49,36246743";"2,10786009"
"202300023086";"8";"09";"2023";"15:40";"1";"59";"59370";"2";"1";"1";"3";"route de mons";"50,31562700";"3,97730800"
"202300023087";"11";"09";"2023";"14:10";"1";"79";"79048";"1";"1";"1";"2";"N/A";"46,34710500";" -0,29487100"
"202300023088";"20";"12";"2023";"08:20";"2";"93";"93066";"1";"1";"1";"7";"AUTOROUTE A1";"48,91182000";"2,35786000"
"202300023089";"12";"09";"2023";"21:40";"3";"37";"37036";"1";"1";"1";"1";"rd 766";"47,54651611";"0,28583698"
"202300023090";"20";"12";"2023";"17:52";"3";"94";"94046";"1";"1";"2";"2";"A86";"48,80856288";"2,44905786"
"202300023091";"13";"09";"2023";"09:15";"1";"69";"69188";"1";"3";"2";"5";"Route de Lyon";"45,92308000";"4,45866800"
"202300023092";"12";"09";"2023";"19:00";"1";"77";"77216";"1";"1";"3";"6";"A6";"48,29037500";"2,68211800"
"202300023093";"20";"12";"2023";"07:45";"2";"77";"77258";"1";"1";"1";"6";"A4.Y";"48,83212511";"2,65067079"
"202300023094";"12";"09";"2023";"19:25";"2";"77";"77216";"1";"1";"3";"3";"A6";"48,29001800";"2,68299800"
"202300023095";"12";"09";"2023";"12:00";"1";"34";"34088";"1";"1";"1";"7";"d5";"43,57100100";"3,73919200"
"202300023096";"12";"09";"2023";"12:35";"1";"66";"66144";"2";"6";"1";"1";"13 Rue des Constellations";"42,63345300";"2,87059900"
"202300023097";"11";"08";"2023";"19:00";"1";"10";"10387";"2";"3";"1";"3";"LEON BOURGEOIS (RUE)";"48,30157000";"4,05152000"
"202300023098";"11";"08";"2023";"19:15";"1";"10";"10387";"2";"1";"1";"6";"VASSAULES (RUE DES)";"48,31005455";"4,06819832"
"202300023099";"28";"09";"2023";"08:10";"1";"78";"78190";"2";"1";"1";"6";"FERNAND HOSTACHY (BOULEVARD)";"48,87772900";"2,14571100"
"202300023100";"11";"10";"2023";"14:30";"1";"35";"35055";"2";"6";"1";"3";"BOURGOGNE (AVENUE DE)";"48,09051000";" -1,61573000"
"202300023101";"19";"12";"2023";"09:45";"1";"976";"97611";"2";"1";"1";"7";"kaweni-Kaweni nord ( Z I )";" -12,76896000";"45,22450000"
"202300023102";"19";"12";"2023";"08:45";"1";"974";"97416";"1";"1";"1";"2";"ROND POINT LA CAFRINE";" -21,35360000";"55,51259000"
"202300023103";"18";"12";"2023";"17:10";"1";"974";"97416";"1";"1";"1";"3";"BADAMIER(CHEMIN)";" -21,32966514";"55,45849460"
"202300023104";"19";"12";"2023";"11:35";"1";"974";"97411";"2";"1";"1";"6";"LECLERC (DU MARECHAL)";" -20,88037000";"55,44892000"
"202300023105";"18";"12";"2023";"06:50";"1";"974";"97407";"1";"1";"1";"1";"OWENS JAMES";" -20,93072000";"55,30974000"
"202300023106";"19";"12";"2023";"21:50";"5";"69";"69386";"2";"1";"1";"6";"Place Jules Ferry";"45,76790000";"4,85931000"
"202300023107";"19";"12";"2023";"11:55";"1";"69";"69383";"2";"3";"1";"6";"Rue d'Aubigny";"45,76135327";"4,86389056"
"202300023108";"19";"12";"2023";"19:10";"5";"69";"69382";"2";"1";"1";"3";"13 Quai Jean Moulin";"45,76582000";"4,83801000"
"202300023109";"19";"12";"2023";"20:30";"5";"2B";"2B033";"2";"3";"1";"1";"ROUTE ROYALE";"42,67749000";"9,43359000"
"202300023110";"19";"12";"2023";"14:57";"1";"2B";"2B033";"2";"1";"1";"1";"ROUTE ROYALE";"42,70000000";"9,45000000"
"202300023111";"19";"12";"2023";"17:15";"1";"971";"97101";"2";"1";"7";"6";"VIEUX BOURG";"16,24962000";" -61,52956000"
"202300023112";"19";"12";"2023";"06:58";"1";"971";"97101";"2";"1";"1";"6";"Frédéric JALTON";"16,27356612";" -61,50493026"
"202300023113";"18";"12";"2023";"14:00";"1";"971";"97113";"1";"1";"1";"3";"SECTION GRANDE RAVINE";"16,21206000";" -61,47525000"
"202300023114";"19";"12";"2023";"18:40";"5";"95";"95555";"2";"1";"2";"6";"D109";"48,96708500";"2,28438700"
"202300023115";"19";"12";"2023";"17:25";"5";"91";"91421";"2";"9";"1";"6";"SENART (AVENUE DE)";"48,70306000";"2,45413000"
"202300023116";"19";"12";"2023";"19:10";"3";"91";"91432";"2";"1";"2";"2";"RD 118";"48,71301800";"2,35072200"
"202300023117";"19";"12";"2023";"13:44";"1";"87";"87085";"2";"9";"1";"3";"RUBEN (AVENUE ERNEST)";"45,82355000";"1,25121000"
"202300023118";"15";"12";"2023";"18:00";"3";"80";"80702";"1";"1";"2";"6";"GRIMAUX (RUE)";"49,84372000";"2,29575000"
"202300023119";"19";"12";"2023";"19:20";"5";"80";"80001";"2";"1";"2";"6";"GENERAL LECLERC (du)";"50,10673000";"1,84527000"
"202300023120";"19";"12";"2023";"20:45";"3";"77";"77337";"2";"2";"2";"3";"LUZARD (COURS DU)";"48,84590000";"2,62015000"
"202300023121";"19";"12";"2023";"19:30";"3";"77";"77058";"1";"1";"2";"2";"MARIE CURIE  (AVENUE)";"48,83727000";"2,74003000"
"202300023122";"19";"12";"2023";"16:19";"2";"77";"77131";"2";"1";"1";"6";"STRASBOURG (AVENUE DE)";"48,80782000";"3,08342000"
"202300023123";"19";"12";"2023";"19:25";"5";"76";"76108";"2";"1";"3";"6";"Chemin de Clères";"49,46386842";"1,09887421"
"202300023124";"18";"12";"2023";"19:20";"5";"76";"76351";"2";"2";"1";"3";"GEORGE V (QUAI)";"49,49075000";"0,11675000"
"202300023125";"19";"12";"2023";"02:45";"3";"76";"76341";"1";"1";"1";"6";"RD 489";"49,52180000";"0,18977000"
"202300023126";"18";"12";"2023";"11:26";"1";"76";"76351";"2";"2";"1";"3";"WINSTON CHURCHILL";"49,49408000";"0,13872000"
"202300023127";"17";"12";"2023";"02:25";"5";"76";"76351";"2";"1";"1";"7";"VICTOR HUGO";"49,49167493";"0,10901016"
"202300023128";"19";"12";"2023";"18:55";"3";"73";"73029";"1";"1";"1";"3";"N201";"45,56496000";"5,94707000"
"202300023129";"2";"07";"2023";"19:22";"1";"88";"88387";"1";"3";"1";"3";"RD3";"48,36918000";"5,82539300"
"202300023130";"30";"06";"2023";"17:20";"1";"03";"03290";"1";"1";"1";"6";"RN 7";"46,63606000";"3,27763800"
"202300023131";"2";"07";"2023";"04:35";"4";"42";"42304";"2";"9";"2";"6";"1382 Route des Monts";"45,54699700";"4,20171300"
"202300023132";"2";"07";"2023";"02:30";"3";"31";"31451";"2";"1";"1";"7";"chemin de la barrière";"43,47528300";"1,99911500"
"202300023133";"26";"06";"2023";"19:15";"1";"31";"31196";"1";"1";"1";"7";"D75f";"43,25028200";"0,99734700"
"202300023134";"13";"10";"2023";"07:30";"1";"13";"13209";"2";"3";"1";"3";"CATHERINE BLUM (BOULEVARD)";"43,26391785";"5,41842991"
"202300023135";"1";"07";"2023";"11:50";"1";"17";"17458";"1";"1";"1";"7";"D142";"45,35878000";" -0,29851900"
"202300023136";"12";"10";"2023";"17:00";"1";"13";"13206";"2";"3";"1";"6";"BRETEUIL (RUE)";"43,28030000";"5,37821000"
"202300023137";"3";"07";"2023";"09:15";"1";"47";"47157";"2";"3";"1";"3";"107 Boulevard de la Liberté";"44,50354900";"0,17028800"
"202300023138";"15";"05";"2023";"08:55";"1";"33";"33056";"2";"3";"1";"3";"Avenue du 11 Novembre";"44,90408800";" -0,61958200"
"202300023139";"2";"07";"2023";"18:45";"1";"72";"72185";"1";"1";"1";"6";"Lieu Dit Pillette";"47,71140400";" -0,01204300"
"202300023140";"12";"10";"2023";"23:30";"5";"11";"11069";"2";"1";"1";"6";"41 Avenue Docteur Henri Gout";"43,21096000";"2,33830000"
"202300023141";"13";"10";"2023";"10:13";"1";"10";"10333";"2";"1";"1";"6";"NOTRE DAME DES PRES (RUE DE)";"48,28880000";"4,04530000"
"202300023142";"10";"10";"2023";"16:00";"1";"06";"06088";"2";"1";"1";"2";"RIQUIER (BD DE)";"43,70126410";"7,28806400"
"202300023143";"3";"07";"2023";"14:25";"1";"14";"14047";"2";"1";"1";"6";"9 rue Maréchal Foch";"49,27728300";" -0,70106500"
"202300023144";"13";"10";"2023";"08:25";"1";"06";"06069";"2";"3";"1";"3";"CAPUCINS (CHEMIN ET IMPASSE DES)";"43,65178200";"6,92993860"
"202300023145";"2";"07";"2023";"12:50";"1";"13";"13081";"1";"1";"1";"2";"A7-Sens Marseille vers Lyon";"43,48350000";"5,24130000"
"202300023146";"13";"10";"2023";"20:25";"5";"06";"06027";"2";"1";"1";"3";"VAL FLEURI CHEMIN DU";"43,66373000";"7,14882000"
"202300023147";"2";"07";"2023";"03:30";"3";"13";"13213";"1";"1";"1";"2";"A507 sens Aubagne- Marseille";"43,32843700";"5,41727082"
"202300023148";"1";"07";"2023";"06:15";"1";"83";"83047";"1";"1";"1";"6";"A570";"43,13446859";"6,04783523"
"202300023149";"11";"10";"2023";"08:25";"1";"06";"06027";"2";"3";"1";"3";"BOUCHER RUE HELENE";"43,65874000";"7,14766000"
"202300023150";"13";"10";"2023";"18:00";"1";"75";"75119";"2";"1";"1";"2";"BD PERIPHERIQUE EXTERIEUR PORTE DE LA VILLETTE";"48,90033400";"2,38078500"
"202300023151";"1";"07";"2023";"16:45";"1";"69";"69029";"2";"2";"1";"2";"Avenue Jean Mermoz";"45,72957000";"4,89388000"
"202300023152";"13";"10";"2023";"12:05";"1";"75";"75120";"2";"1";"1";"2";"PORTE DES LILAS";"48,87474500";"2,41054300"
"202300023153";"2";"07";"2023";"07:49";"1";"91";"91377";"2";"9";"1";"2";"RN20";"48,71895000";"2,29896000"
"202300023154";"13";"10";"2023";"09:55";"1";"75";"75112";"2";"4";"1";"3";"BOULEVARD PONIATOWSKI";"48,82920200";"2,39025600"
"202300023155";"2";"07";"2023";"17:40";"1";"94";"94033";"1";"1";"1";"3";"A86";"48,85428168";"2,48956832"
"202300023156";"13";"10";"2023";"10:45";"1";"75";"75106";"2";"3";"1";"2";"RUE DANTON";"48,85304200";"2,34294700"
"202300023157";"2";"07";"2023";"14:30";"1";"93";"93051";"1";"1";"1";"5";"A4";"48,83623318";"2,55184364"
"202300023158";"12";"10";"2023";"22:10";"5";"75";"75120";"2";"3";"1";"1";"RUE DES PYRENEES";"48,85244100";"2,40612900"
"202300023159";"2";"07";"2023";"14:00";"1";"94";"94046";"1";"1";"1";"1";"A86";"48,81577215";"2,45029735"
"202300023160";"13";"10";"2023";"23:20";"5";"75";"75119";"2";"3";"2";"3";"AVENUE DE FLANDRE";"48,88837600";"2,37413600"