"Num_Acc";"jour";"mois";"an";"hrmn";"lum";"dep";"com";"agg";"int";"atm";"col";"adr";"lat";"long"
"202300023161";"2";"07";"2023";"12:00";"1";"94";"94073";"1";"1";"1";"5";"A86";"48,75511212";"2,38274011"
"202300023162";"12";"10";"2023";"21:05";"5";"75";"75116";"2";"1";"1";"6";"AVENUE DE L HIPPODROME";"48,86064700";"2,24062900"
"202300023163";"2";"07";"2023";"09:00";"1";"93";"93051";"1";"1";"1";"5";"A4";"48,83504713";"2,57471770"
"202300023164";"12";"10";"2023";"22:30";"5";"75";"75116";"2";"2";"1";"3";"AVENUE DE LA PORTE DE SAINT CLOUD";"48,83853900";"2,25222500"
"202300023165";"2";"07";"2023";"04:15";"3";"94";"94022";"1";"1";"1";"6";"A86";"48,77637562";"2,42140187"
"202300023166";"12";"10";"2023";"19:40";"5";"75";"75116";"2";"3";"1";"6";"AVENUE DE VERSAILLES";"48,83819400";"2,25822100"
"202300023167";"1";"07";"2023";"11:30";"1";"94";"94017";"1";"1";"1";"2";"A4";"48,83020089";"2,49576700"
"202300023168";"13";"10";"2023";"09:00";"1";"75";"75115";"2";"1";"1";"7";"BOULEVARD LEFEBVRE";"48,83036400";"2,29399300"
"202300023169";"28";"04";"2023";"16:45";"1";"74";"74127";"1";"1";"1";"7";"route des grandes alpes";"46,34177300";"6,55463200"
"202300023170";"22";"04";"2023";"17:15";"1";"74";"74081";"2";"2";"1";"1";"Rue émile chautemps";"46,06101200";"6,57701800"
"202300023171";"12";"10";"2023";"21:50";"5";"75";"75115";"2";"2";"1";"1";"RUE LECOURBE";"48,84264700";"2,30269000"
"202300023172";"19";"04";"2023";"16:25";"1";"74";"74278";"2";"6";"1";"2";"avenue des vallées";"46,08233600";"6,53827600"
"202300023173";"13";"10";"2023";"09:54";"1";"75";"75113";"2";"1";"1";"3";"RUE JEAN BAPTISTE BERLIER";"48,82587100";"2,38482000"
"202300023174";"18";"04";"2023";"07:30";"1";"74";"74007";"1";"1";"1";"3";"445 route de thonon";"46,07666900";"6,31316900"
"202300023175";"13";"10";"2023";"05:30";"5";"75";"75111";"2";"3";"1";"2";"RUE JEAN PIERRE TIMBAUD";"48,86766100";"2,37728900"
"202300023176";"13";"04";"2023";"08:39";"1";"74";"74179";"1";"3";"1";"1";"route de bellegarde";"45,99767700";"6,01068600"
"202300023177";"13";"10";"2023";"17:40";"1";"75";"75108";"2";"4";"1";"1";"RUE DE ROME";"48,87549700";"2,32402500"
"202300023178";"31";"03";"2023";"17:25";"1";"74";"74010";"2";"1";"2";"5";"Avenue d'aix-les-bains";"45,88867900";"6,10618800"
"202300023179";"27";"03";"2023";"17:45";"1";"74";"74281";"2";"1";"1";"3";"GENEVE (AVE DE) JUSQUE CROISEE ANTHY";"46,35827000";"6,45163000"
"202300023180";"13";"10";"2023";"15:00";"1";"75";"75107";"2";"2";"1";"3";"QUAI VOLTAIRE";"48,85957900";"2,32952300"
"202300023181";"1";"05";"2023";"03:40";"3";"69";"69382";"1";"1";"1";"6";"Route de Métropole 7";"45,74804083";"4,82996911"
"202300023182";"15";"03";"2023";"16:25";"1";"14";"14256";"2";"1";"1";"3";"16 Rue du Mont Cauvin";"49,32217537";" -0,78628028"
"202300023183";"13";"10";"2023";"00:10";"5";"75";"75102";"2";"3";"1";"3";"RUE MONTMARTRE";"48,86777600";"2,34379500"
"202300023184";"1";"07";"2023";"19:45";"1";"14";"14118";"2";"1";"1";"6";"66 Rue Eugène Boudin";"49,19410000";" -0,38266000"
"202300023185";"12";"10";"2023";"19:10";"2";"94";"94081";"2";"2";"1";"1";"Avenue du Colonel Fabien";"48,78257000";"2,38085000"
"202300023186";"1";"07";"2023";"19:00";"3";"974";"97416";"1";"9";"1";"3";"LENORMAND(CHEMIN)";" -21,27858000";"55,47081000"
"202300023187";"1";"07";"2023";"06:00";"2";"973";"97302";"2";"2";"1";"3";"COLOMB (CHRISTOPHE)";"4,93921094";" -52,32718349"
"202300023188";"13";"10";"2023";"15:05";"1";"94";"94076";"2";"1";"1";"3";"Rue de Gentilly";"48,80054100";"2,35246600"
"202300023189";"1";"07";"2023";"18:45";"3";"973";"97309";"2";"1";"2";"7";"TIGRE (ROUTE DU)";"4,91196769";" -52,30809152"
"202300023190";"11";"10";"2023";"17:20";"1";"94";"94037";"2";"2";"1";"3";"Rue des Champs Elysées";"48,81396000";"2,33860000"
"202300023191";"1";"07";"2023";"08:55";"1";"972";"97209";"2";"9";"1";"2";"GRAND CARAIBE (RUE DU)";"14,60231211";" -61,07568294"
"202300023192";"13";"10";"2023";"20:15";"5";"94";"94073";"2";"6";"1";"6";"Rue de la Saussaie";"48,76772100";"2,38545900"
"202300023193";"30";"06";"2023";"15:50";"1";"69";"69202";"2";"7";"1";"6";"Place Lieutenant Soubeirat";"45,74754000";"4,80039000"
"202300023194";"12";"10";"2023";"13:40";"1";"94";"94028";"2";"1";"2";"2";"Avenue des Compagnons de la Libération";"48,77768000";"2,45770000"
"202300023195";"1";"07";"2023";"19:37";"1";"2A";"2A004";"1";"3";"1";"2";"CONFINA 1 LOT";"41,95257134";"8,78447056"
"202300023196";"12";"10";"2023";"13:24";"1";"94";"94028";"2";"3";"1";"1";"Rue Juliette Savar";"48,77635000";"2,46807000"
"202300023197";"1";"07";"2023";"02:15";"5";"2A";"2A004";"2";"9";"1";"2";"RICANTO ROUTE ET PLAGE";"41,92845000";"8,76532000"
"202300023198";"12";"10";"2023";"09:00";"1";"94";"94011";"2";"6";"3";"3";"Avenue Jean Rostand";"48,76805374";"2,48753214"
"202300023199";"1";"07";"2023";"11:10";"1";"95";"95280";"2";"2";"1";"3";"MARCEAU (AVENUE)";"49,03001571";"2,46467650"
"202300023200";"11";"10";"2023";"21:00";"5";"94";"94053";"2";"1";"1";"1";"Avenue Pierre Mendès France";"48,77548000";"2,54829000"
"202300023201";"13";"10";"2023";"06:30";"5";"94";"94017";"2";"6";"1";"3";"Avenue Ambroise Croizat";"48,81740630";"2,52723768"
"202300023202";"1";"07";"2023";"11:50";"1";"91";"91027";"2";"1";"1";"3";"AV FRANCOIS MITTERRAND";"48,70414000";"2,37168000"
"202300023203";"13";"10";"2023";"16:20";"1";"94";"94002";"2";"1";"1";"6";"Rue Joffrin";"48,80009800";"2,42708500"
"202300023204";"1";"07";"2023";"09:20";"1";"91";"91027";"2";"2";"2";"3";"AV FRANCOIS MITTERRAND";"48,71608300";"2,37080300"
"202300023205";"30";"06";"2023";"18:20";"1";"91";"91687";"2";"3";"1";"6";"CHATILLON (RUE DE)";"48,68333000";"2,38333000"
"202300023206";"13";"10";"2023";"20:00";"5";"93";"93078";"2";"3";"6";"1";"Boulevard Robert Ballanger / Avenue Diderot";"48,95549000";"2,53900000"
"202300023207";"13";"10";"2023";"06:45";"5";"93";"93066";"2";"3";"1";"2";"Avenue de Stalingrad / Rue de Las Casas";"48,94604700";"2,36697100"
"202300023208";"1";"07";"2023";"18:45";"1";"83";"83061";"1";"1";"1";"5";"D7";"43,47994981";"6,77573812"
"202300023209";"13";"10";"2023";"13:30";"1";"93";"93051";"2";"3";"1";"3";"Allee Charles Lindbergh / Allée Didier Daurat";"48,84281000";"2,54074000"
"202300023210";"13";"10";"2023";"09:10";"1";"93";"93051";"2";"1";"1";"1";"Place Pablo Picasso";"48,83926000";"2,55552000"
"202300023211";"30";"06";"2023";"23:30";"3";"71";"71306";"2";"2";"1";"3";"HOSPICE (RUE DE L')";"46,66613000";"4,36232000"
"202300023212";"13";"10";"2023";"12:30";"1";"93";"93048";"2";"1";"1";"3";"Rue Brulefer";"48,87083500";"2,46317300"
"202300023213";"1";"07";"2023";"14:55";"1";"69";"69290";"2";"2";"1";"3";"Rue du Dauphiné";"45,71220000";"4,92002000"
"202300023214";"13";"10";"2023";"17:19";"1";"93";"93079";"2";"1";"1";"6";"Route de Saint-leu";"48,95340400";"2,33627400"
"202300023215";"2";"07";"2023";"00:22";"5";"64";"64102";"2";"1";"2";"7";"LORRAINE (BOULEVARD D'ALSACE)";"43,49442100";" -1,46813500"
"202300023216";"1";"07";"2023";"13:55";"1";"64";"64024";"2";"1";"2";"3";"BARTHES (RUE DES)";"43,48426000";" -1,50678000"
"202300023217";"13";"10";"2023";"15:35";"1";"93";"93047";"2";"1";"8";"4";"Rue du Général de Gaulle";"48,89930600";"2,55785300"
"202300023218";"1";"07";"2023";"18:20";"1";"63";"63113";"2";"2";"1";"1";"PAULINES (AVENUE DES)";"45,77530000";"3,09611000"
"202300023219";"13";"10";"2023";"16:55";"1";"93";"93010";"2";"1";"1";"6";"Rue du Professeur Vaillant";"48,89902766";"2,49126792"
"202300023220";"27";"06";"2023";"08:00";"1";"59";"59368";"2";"2";"1";"3";"PRE CATELAN RUE DU";"50,65541400";"3,06043900"
"202300023221";"13";"10";"2023";"06:20";"5";"93";"93008";"2";"1";"1";"1";"BARBUSSE (AVENUE HENRI) A30";"48,90535000";"2,42093000"
"202300023222";"1";"07";"2023";"09:30";"1";"54";"54525";"1";"1";"2";"6";"D26";"49,47281000";"5,88882000"
"202300023223";"1";"07";"2023";"19:30";"1";"51";"51454";"2";"1";"1";"7";"CHAMPAGNE   (  AVENUE DE)";"49,23859000";"4,04491000"
"202300023224";"13";"10";"2023";"07:40";"3";"93";"93005";"2";"2";"1";"3";"Avenue de Nonneville / Avenue Vercingétorix";"48,92355600";"2,50002500"
"202300023225";"1";"07";"2023";"18:00";"1";"50";"50066";"2";"1";"1";"3";"GRACE DE DIEU (RUE)";"48,80346000";" -1,56765000"
"202300023226";"1";"07";"2023";"11:00";"1";"49";"49007";"2";"1";"1";"6";"CARNOT";"47,47390000";" -0,54586000"
"202300023227";"12";"10";"2023";"22:48";"5";"92";"92075";"2";"1";"1";"2";"JEAN BLEUZEN";"48,82208391";"2,29402435"
"202300023228";"1";"07";"2023";"18:55";"1";"45";"45302";"2";"1";"1";"3";"Parking Carrefour";"47,96089000";"1,88723000"
"202300023229";"12";"10";"2023";"18:25";"1";"92";"92064";"2";"1";"1";"6";"MARECHAL FOCH";"48,84774376";"2,20777273"
"202300023230";"1";"07";"2023";"14:55";"1";"37";"37261";"2";"2";"1";"3";"VELPEAU (PLACE)";"47,38761000";"0,70212000"
"202300023231";"13";"10";"2023";"11:25";"1";"92";"92062";"2";"1";"1";"6";"JAURES (RUE JEAN) DU 165 AU 99";"48,88358389";"2,24362671"
"202300023232";"1";"07";"2023";"05:50";"1";"37";"37261";"2";"1";"2";"7";"PONT CHER (AVENUE DE)";"47,36504000";"0,67497000"
"202300023233";"1";"07";"2023";"14:05";"1";"35";"35238";"2";"1";"8";"2";"MANOIR DE SERVIGNE (DU)";"48,10237000";" -1,72579000"
"202300023234";"13";"10";"2023";"12:00";"1";"92";"92020";"2";"3";"1";"3";"BOIN RUE JEAN";"48,80929481";"2,28535652"
"202300023235";"30";"06";"2023";"23:55";"3";"29";"29247";"1";"1";"2";"2";"RN 165";"47,97841340";" -4,01133854"
"202300023236";"13";"10";"2023";"11:20";"1";"92";"92040";"2";"1";"1";"3";"GALLIENI (BOULEVARD)";"48,82711437";"2,26761818"
"202300023237";"12";"10";"2023";"09:15";"1";"92";"92012";"2";"1";"2";"3";"DENFERT ROCHEREAU (RUE)";"48,84605598";"2,24413490"
"202300023238";"1";"07";"2023";"19:35";"1";"29";"29019";"2";"2";"1";"3";"rue Albert Thibaudet";"48,37283407";" -4,53911170"
"202300023239";"12";"10";"2023";"17:19";"1";"92";"92007";"2";"1";"1";"7";"HUGO (AVENUE VICTOR)";"48,80583276";"2,32457650"
"202300023240";"1";"07";"2023";"19:40";"1";"26";"26362";"2";"1";"1";"1";"Avenue de la Marne";"44,93627000";"4,89721000"
"202300023241";"13";"10";"2023";"15:45";"1";"92";"92004";"2";"2";"1";"3";"MAURICE LAISNEY";"48,92397568";"2,28216666"
"202300023242";"1";"07";"2023";"13:10";"1";"22";"22360";"2";"6";"1";"3";"ROND POINT DE BREZILLET";"48,49310000";" -2,76225000"
"202300023243";"1";"07";"2023";"05:10";"3";"17";"17380";"1";"6";"2";"7";"D25";"45,66188300";" -1,06026300"
"202300023244";"14";"10";"2023";"18:10";"1";"49";"49063";"2";"4";"7";"1";"D751";"47,35024500";" -0,74914100"
"202300023245";"1";"07";"2023";"01:30";"5";"14";"14437";"2";"1";"2";"6";"35 Rue Pasteur";"49,17890000";" -0,32487000"
"202300023246";"1";"07";"2023";"14:00";"1";"13";"13117";"2";"1";"1";"6";"MONTICELLI ( RUE ADOLPHE)";"43,44451000";"5,25316000"
"202300023247";"13";"10";"2023";"15:25";"1";"33";"33205";"1";"1";"1";"6";"D11";"44,62338100";" -0,37048800"
"202300023248";"27";"06";"2023";"16:45";"1";"13";"13208";"2";"1";"1";"3";"RABATAU (BOULEVARD)";"43,27619539";"5,39708273"
"202300023249";"30";"06";"2023";"17:00";"1";"13";"13201";"2";"2";"1";"3";"LIEUTAUD (COURS)      2 A 52";"43,29515000";"5,38175000"
"202300023250";"13";"10";"2023";"18:00";"1";"28";"28139";"1";"1";"1";"6";"A11 PK 077+700 sens PARIS-PROVINCE";"48,31859800";"1,33828700"
"202300023251";"1";"07";"2023";"14:37";"1";"10";"10387";"2";"1";"2";"1";"PREMIER RAM (RUE DU)";"48,29270000";"4,07230000"
"202300023252";"14";"10";"2023";"15:05";"1";"51";"51592";"2";"1";"8";"7";"4 Rue du Four a Chaux";"49,10832200";"3,73643900"
"202300023253";"1";"07";"2023";"19:00";"1";"07";"07281";"1";"1";"1";"2";"PLAINE (CHEMIN DE LA)";"44,94797000";"4,85813000"
"202300023254";"1";"07";"2023";"19:45";"1";"07";"07316";"1";"1";"1";"3";"NIMES (ROUTE DE)";"44,87972000";"4,84856000"
"202300023255";"14";"10";"2023";"05:45";"2";"974";"97412";"2";"1";"1";"2";"31 Rue Hippolyte Foucque";" -21,37442700";"55,62345200"
"202300023256";"14";"10";"2023";"13:05";"1";"972";"97216";"1";"1";"1";"1";"nationale 1";"14,81281700";" -61,02182100"
"202300023257";"30";"06";"2023";"16:30";"1";"75";"75120";"2";"1";"1";"4";"PORTE DE MONTREUIL";"48,85181400";"2,41521500"
"202300023258";"30";"06";"2023";"12:10";"1";"75";"75117";"2";"1";"1";"2";"PORTE D ASNIERES";"48,89088600";"2,29941600"
"202300023259";"29";"06";"2023";"10:10";"1";"75";"75116";"2";"4";"1";"3";"PORTE DE PASSY";"48,85857876";"2,26113439"
"202300023260";"14";"10";"2023";"14:01";"1";"68";"68300";"1";"3";"1";"3";"échangereur D55/D8II";"47,78691500";"7,43315200"
"202300023261";"1";"07";"2023";"20:00";"1";"75";"75105";"2";"3";"1";"6";"RUE DES FOSSES SAINT BERNARD";"48,84880500";"2,35533200"
"202300023262";"1";"07";"2023";"18:15";"1";"75";"75114";"2";"1";"1";"2";"BOULEVARD BRUNE";"48,82427900";"2,32108700"
"202300023263";"13";"10";"2023";"20:10";"5";"86";"86165";"2";"3";"1";"1";"Avenue du Général de Gaulle";"46,42078600";"0,86994800"
"202300023264";"1";"07";"2023";"14:20";"1";"75";"75114";"2";"2";"1";"3";"BOULEVARD ROMAIN ROLLAND";"48,81979800";"2,32575800"
"202300023265";"1";"07";"2023";"17:00";"1";"75";"75113";"2";"2";"1";"3";"BOULEVARD AUGUSTE BLANQUI";"48,82965700";"2,34830800"
"202300023266";"13";"10";"2023";"17:30";"1";"974";"97414";"1";"4";"1";"3";"Route Hubert Delisle";" -21,25271700";"55,42493100"
"202300023267";"1";"07";"2023";"12:10";"1";"75";"75120";"2";"2";"1";"3";"RUE DE MENILMONTANT";"48,87009600";"2,39575900"
"202300023268";"14";"10";"2023";"00:30";"5";"38";"38239";"2";"1";"1";"7";"Route de Grenoble";"45,32735100";"5,57265900"
"202300023269";"30";"06";"2023";"18:30";"1";"75";"75112";"2";"1";"1";"6";"QUAI DE BERCY";"48,83424000";"2,38118100"
"202300023270";"13";"10";"2023";"17:25";"1";"38";"38239";"2";"1";"1";"3";"D1085";"45,32536600";"5,58753500"
"202300023271";"30";"06";"2023";"17:32";"1";"75";"75109";"2";"1";"7";"7";"BOULEVARD POISSONNIERE";"48,87126900";"2,34433200"
"202300023272";"1";"07";"2023";"20:15";"1";"75";"75103";"2";"2";"1";"3";"RUE DES ARCHIVES";"48,86122500";"2,35820500"
"202300023273";"1";"07";"2023";"15:00";"1";"75";"75103";"2";"7";"1";"3";"PLACE DE LA REPUBLIQUE";"48,86734400";"2,36336100"
"202300023274";"13";"10";"2023";"14:00";"1";"38";"38239";"2";"1";"1";"4";"6 Route de Grenoble";"45,32696142";"5,57432370"
"202300023275";"30";"06";"2023";"18:35";"1";"75";"75104";"2";"4";"1";"2";"QUAI DES CELESTINS";"48,85200400";"2,36114600"
"202300023276";"1";"07";"2023";"23:00";"2";"94";"94068";"2";"1";"1";"6";"Boulevard du Général Giraud";"48,79841000";"2,47411000"
"202300023277";"14";"10";"2023";"11:25";"1";"67";"67278";"1";"1";"1";"7";"D92";"48,92695400";"7,14125300"
"202300023278";"1";"07";"2023";"18:15";"1";"94";"94076";"2";"1";"1";"3";"Avenue Paul Vaillant-couturier";"48,79456000";"2,35986000"
"202300023279";"14";"10";"2023";"15:00";"1";"2A";"2A085";"1";"1";"1";"3";"T40";"41,91278900";"8,92436900"
"202300023280";"1";"07";"2023";"09:50";"1";"94";"94028";"2";"2";"2";"3";"Avenue Pierre Brossolette";"48,79160200";"2,46199600"
"202300023281";"14";"10";"2023";"17:40";"1";"80";"80599";"1";"1";"1";"6";"Chaussée Brunehaut";"50,20377300";"1,98364400"
"202300023282";"1";"07";"2023";"08:35";"2";"94";"94071";"2";"1";"2";"6";"Avenue Winston Churchill";"48,76553334";"2,52504498"
"202300023283";"1";"07";"2023";"19:38";"1";"93";"93073";"2";"2";"1";"6";"Rue de Picardie / Avenue Roger Salengro";"48,94140000";"2,57132000"
"202300023284";"1";"07";"2023";"11:50";"1";"93";"93050";"2";"1";"1";"2";"Avenue Léon Blum";"48,86756000";"2,53291000"
"202300023285";"14";"10";"2023";"17:30";"1";"81";"81069";"1";"1";"1";"6";"Route de Bournazel";"44,07145400";"1,95633900"
"202300023286";"1";"07";"2023";"20:45";"1";"93";"93031";"2";"1";"1";"6";"Rue Maurice";"48,95106000";"2,32743000"
"202300023287";"1";"07";"2023";"20:10";"2";"93";"93001";"2";"1";"1";"2";"Rue Molière";"48,91883152";"2,40485690"
"202300023288";"14";"10";"2023";"19:00";"3";"71";"71289";"1";"1";"1";"6";"Rue de la Clayette";"46,32557600";"4,46196200"
"202300023289";"1";"07";"2023";"11:00";"1";"92";"92078";"2";"1";"2";"2";"VERDUN (AVENUE) (IMPAIRS 1 A 25)";"48,93560824";"2,33471132"
"202300023290";"10";"10";"2023";"11:45";"1";"55";"55551";"2";"1";"1";"7";"D901";"48,97534400";"5,70349200"
"202300023291";"1";"07";"2023";"13:00";"1";"92";"92026";"2";"2";"1";"3";"VERDUN (DE 01 A 61)";"48,90039828";"2,26074815"
"202300023292";"14";"10";"2023";"13:05";"1";"12";"12090";"1";"1";"8";"6";"RD 994";"44,37930000";"2,41447100"
"202300023293";"2";"07";"2023";"02:00";"3";"44";"44110";"1";"1";"1";"1";"122 Franchaud";"47,50222800";" -1,48227110"
"202300023294";"2";"07";"2023";"17:35";"1";"08";"08430";"1";"1";"7";"3";"D24";"49,54386200";"4,92230400"
"202300023295";"13";"10";"2023";"11:10";"1";"42";"42149";"2";"3";"1";"6";"Rue Philibert Gary";"45,64289300";"4,23105600"
"202300023296";"2";"07";"2023";"12:04";"1";"45";"45288";"1";"2";"1";"3";"D151 PR 3 + 254";"48,03901200";"2,42848800"
"202300023297";"14";"10";"2023";"10:25";"1";"22";"22171";"1";"9";"1";"6";"Saint-Guihen";"48,40263900";" -2,77641900"
"202300023298";"2";"07";"2023";"16:12";"1";"76";"76238";"1";"1";"1";"3";"D925";"49,57233300";"0,23472500"
"202300023299";"2";"07";"2023";"08:30";"1";"68";"68238";"2";"1";"1";"6";"3 Rue Principale";"47,70952900";"7,50614700"
"202300023300";"13";"10";"2023";"19:30";"2";"39";"39333";"2";"2";"1";"6";"2 Rue Roussin";"46,43123200";"5,72565800"
"202300023301";"2";"07";"2023";"00:06";"3";"22";"22327";"1";"1";"1";"4";"Point routier 08.400 - Route nationale 176";"48,49194000";" -2,04140000"
"202300023302";"14";"10";"2023";"16:37";"1";"39";"39038";"1";"1";"1";"3";"Route de la Plaine";"46,54865700";"5,70737600"
"202300023303";"14";"10";"2023";"00:30";"3";"25";"25634";"1";"1";"2";"7";"N57";"46,97544300";"6,34226600"
"202300023304";"2";"07";"2023";"16:35";"1";"85";"85064";"1";"2";"1";"3";"D6";"46,83719600";" -1,34070480"
"202300023305";"2";"07";"2023";"17:00";"1";"24";"24543";"1";"1";"1";"6";"Autoroute A89, PK 89+380, sens Bordeaux/Brive";"45,05798600";"0,42327400"
"202300023306";"2";"07";"2023";"12:20";"1";"56";"56189";"1";"1";"1";"3";"D724";"47,92325200";" -2,71285000"
"202300023307";"13";"10";"2023";"20:30";"4";"35";"35179";"2";"2";"3";"3";"Rue des Terre Neuvas";"48,51460700";" -1,90805900"
"202300023308";"2";"07";"2023";"04:45";"3";"56";"56063";"1";"1";"1";"6";"N/A";"47,79172000";" -3,44543000"
"202300023309";"1";"07";"2023";"22:20";"3";"56";"56002";"1";"1";"1";"7";"Ker Eugène";"47,53566000";" -2,54523900"
"202300023310";"13";"10";"2023";"13:04";"1";"02";"02820";"1";"1";"1";"3";"D338";"49,64120600";"3,25821300"
"202300023311";"1";"07";"2023";"17:45";"1";"67";"67463";"1";"1";"8";"7";"D248";"48,91601300";"8,12305900"
"202300023312";"30";"06";"2023";"12:05";"1";"76";"76067";"1";"1";"1";"7";"Rn 31 les Carreaux";"49,46622800";"1,61979700"
"202300023313";"14";"10";"2023";"13:45";"1";"03";"03108";"1";"1";"2";"6";"32 Route du Kaolin";"46,20470900";"2,92283300"
"202300023314";"1";"07";"2023";"19:25";"1";"80";"80008";"2";"1";"1";"6";"193 Rue de Visse";"50,03246900";"1,62279600"
"202300023315";"13";"10";"2023";"18:35";"1";"06";"06138";"2";"1";"1";"6";"67 Avenue Corniche d?Or";"43,50141600";"6,95322600"
"202300023316";"2";"07";"2023";"07:40";"1";"71";"71484";"1";"2";"2";"3";"Route de Saint-germain-du-bois";"46,68433100";"5,25500800"
"202300023317";"2";"07";"2023";"06:00";"2";"42";"42318";"1";"1";"2";"6";"Route de Sauvessanges";"45,37934200";"3,89708900"
"202300023318";"13";"10";"2023";"20:00";"4";"50";"50568";"1";"1";"2";"1";"5 Route de Montpinchon";"49,00443400";" -1,41458500"
"202300023319";"2";"07";"2023";"17:50";"1";"47";"47220";"1";"1";"1";"7";"D120";"44,34558100";"0,22539100"
"202300023320";"1";"07";"2023";"18:00";"1";"34";"34149";"1";"1";"1";"7";"RD15";"43,49226100";"3,29484700"
"202300023321";"13";"10";"2023";"23:35";"3";"50";"50111";"1";"1";"1";"6";"La Roulandiere de Bas";"49,04642700";" -1,26687700"
"202300023322";"2";"07";"2023";"06:37";"2";"44";"44102";"1";"1";"1";"6";"1 La Vrignais";"47,07720286";" -1,46819871"
"202300023323";"2";"07";"2023";"06:30";"2";"29";"29165";"1";"1";"1";"7";"Touloupry";"47,83866366";" -4,22783363"
"202300023324";"13";"10";"2023";"17:40";"1";"50";"50484";"2";"6";"1";"3";"Rue de Mortain";"48,58103600";" -1,09199200"
"202300023325";"1";"07";"2023";"11:00";"1";"31";"31490";"1";"1";"1";"2";"Route Métropolitaine 820 (Ex D820)";"43,72513400";"1,38141300"
"202300023326";"2";"07";"2023";"07:15";"1";"38";"38347";"1";"1";"1";"1";"route départementale 156";"45,26084200";"5,27011200"
"202300023327";"30";"06";"2023";"04:40";"3";"70";"70312";"1";"1";"2";"6";"D16";"47,58783700";"6,74591700"
"202300023328";"1";"07";"2023";"20:20";"1";"14";"14174";"1";"4";"1";"2";"D54";"48,91497000";" -0,56909000"
"202300023329";"14";"10";"2023";"02:27";"3";"45";"45286";"1";"1";"1";"4";"Route de Sandillon";"47,87319500";"1,94713400"
"202300023330";"2";"07";"2023";"00:54";"3";"18";"18143";"1";"1";"1";"6";"3 Route du Chautay";"47,01901700";"2,95001700"
"202300023331";"1";"07";"2023";"18:47";"1";"21";"21416";"1";"1";"8";"6";"D70";"47,39129000";"5,30624700"
"202300023332";"13";"10";"2023";"16:30";"1";"64";"64327";"1";"1";"1";"7";"D18";"43,02649400";" -1,07598400"
"202300023333";"1";"07";"2023";"22:30";"2";"85";"85288";"1";"1";"1";"6";"Rue du moulin des landes";"46,49582200";" -1,58277500"
"202300023334";"29";"06";"2023";"13:45";"1";"27";"27050";"1";"1";"1";"4";"Route de Bernay";"49,09383800";"0,74527700"
"202300023335";"29";"09";"2023";"20:00";"3";"73";"73110";"1";"1";"1";"6";"D66";"45,62717322";"6,43546933"
"202300023336";"1";"07";"2023";"21:00";"2";"27";"27502";"2";"1";"1";"6";"D21";"48,81595700";"0,70250300"
"202300023337";"2";"07";"2023";"06:00";"2";"987";"98734";"2";"1";"1";"3";"PK 35+500";" -17,71200000";" -149,50800000"
"202300023338";"2";"07";"2023";"06:00";"2";"24";"24373";"1";"1";"1";"6";"D25";"44,68180600";"0,50176600"
"202300023339";"2";"07";"2023";"05:40";"2";"37";"37096";"1";"1";"1";"1";"D 31";"47,36592478";"0,98514050"
"202300023340";"13";"10";"2023";"04:30";"3";"21";"21500";"1";"1";"1";"6";"Route Rd 905";"47,52000700";"4,47155700"
"202300023341";"1";"07";"2023";"23:15";"3";"68";"68278";"1";"1";"2";"4";"A35 PK 104.800";"47,74276500";"7,42161300"
"202300023342";"14";"10";"2023";"09:30";"1";"85";"85135";"2";"1";"1";"2";"3 Rue de fontenay";"46,53491900";" -1,21734900"
"202300023343";"1";"07";"2023";"12:00";"1";"987";"98738";"1";"1";"1";"3";"Ech. Outumaoro";" -17,57604400";" -149,61282800"
"202300023344";"2";"07";"2023";"07:00";"1";"988";"98831";"1";"1";"1";"7";"RT1, devant entreprise COLAS";" -20,99285000";"164,72743000"
"202300023345";"14";"10";"2023";"13:00";"1";"37";"37206";"1";"1";"1";"6";"D2";"47,49206300";"0,65839400"
"202300023346";"1";"07";"2023";"22:05";"5";"971";"97108";"1";"1";"2";"6";"d203";"15,88525000";" -61,22780400"
"202300023347";"14";"10";"2023";"14:05";"1";"48";"48045";"1";"1";"1";"6";"Rn 88 PR 16+250 décroissant";"44,65409300";"3,73938600"
"202300023348";"1";"07";"2023";"18:50";"5";"971";"97131";"2";"1";"1";"6";"Rue la Savane";"15,86215600";" -61,58416200"
"202300023349";"2";"07";"2023";"08:30";"1";"66";"66108";"1";"1";"1";"6";"";"42,72083200";"2,66987100"
"202300023350";"13";"10";"2023";"13:20";"1";"68";"68118";"1";"1";"1";"2";"A35";"47,73816200";"7,42293800"
"202300023351";"2";"07";"2023";"03:45";"3";"34";"34154";"1";"4";"1";"4";"D66";"43,58542700";"3,94115200"
"202300023352";"1";"07";"2023";"17:50";"1";"06";"06019";"1";"6";"1";"1";"D21";"43,76844300";"7,33165100"
"202300023353";"13";"10";"2023";"16:20";"1";"68";"68278";"2";"1";"1";"1";"Rue du Luxembourg";"47,74627900";"7,41646500"
"202300023354";"2";"07";"2023";"17:45";"1";"04";"04096";"1";"1";"1";"7";"Route de Restefond la Bonette";"44,37399700";"6,78254500"
"202300023355";"2";"07";"2023";"16:15";"1";"04";"04120";"1";"1";"1";"3";"Meyronnes";"44,46930900";"6,81433400"
"202300023356";"2";"07";"2023";"18:30";"1";"25";"25465";"1";"1";"1";"1";"D50";"47,32025100";"6,35983900"
"202300023357";"1";"07";"2023";"21:04";"1";"68";"68230";"1";"1";"1";"1";"D468";"47,94192000";"7,54372400"