"Num_Acc";"jour";"mois";"an";"hrmn";"lum";"dep";"com";"agg";"int";"atm";"col";"adr";"lat";"long"
"202300023942";"28";"01";"2023";"13:30";"1";"988";"98819";"1";"3";"2";"6";"VU 27/ VU 16- OUEGOA";" -20,34845000";"164,44237200"
"202300023943";"8";"03";"2023";"08:30";"1";"63";"63075";"2";"3";"1";"3";"Savarounes/ Valéry Giscard d'Estaing";"45,77817000";"3,06171000"
"202300023944";"23";"07";"2023";"20:00";"2";"62";"62490";"1";"1";"3";"7";"Rue des sorbiers";"50,28158317";"2,57487544"
"202300023945";"28";"01";"2023";"03:50";"3";"971";"97118";"1";"1";"1";"1";"D23";"16,21722900";" -61,60716500"
"202300023946";"9";"03";"2023";"16:00";"1";"60";"60057";"2";"1";"2";"3";"Rue Henri Brispot";"49,42501000";"2,08702000"
"202300023947";"5";"08";"2023";"18:30";"1";"34";"34270";"2";"1";"1";"3";"D132E2";"43,58691900";"3,83092400"
"202300023948";"26";"05";"2023";"16:35";"1";"47";"47323";"2";"1";"1";"1";"FUMEL(AVENUE DE )";"44,40870000";"0,73070000"
"202300023949";"27";"01";"2023";"19:21";"3";"78";"78548";"1";"1";"2";"1";"D13";"48,72479500";"1,98817100"
"202300023950";"22";"01";"2023";"12:07";"1";"13";"13085";"1";"1";"1";"1";"D3";"43,23569100";"5,67699200"
"202300023951";"27";"05";"2023";"10:05";"1";"47";"47201";"2";"2";"1";"2";"MARNE (AV. DE LA)";"44,19450000";"0,60332000"
"202300023952";"8";"03";"2023";"20:10";"5";"59";"59512";"2";"3";"2";"3";"BRAME (AVENUE JULES)";"50,68598000";"3,20436000"
"202300023953";"2";"08";"2023";"08:05";"1";"973";"97304";"2";"1";"1";"3";"Rue Denis PAPIN";"5,15514000";" -52,66725000"
"202300023954";"27";"01";"2023";"12:00";"1";"58";"58160";"2";"1";"3";"7";"Route de Busserolles";"46,98193600";"3,10304800"
"202300023955";"5";"08";"2023";"04:45";"3";"83";"83116";"1";"1";"1";"6";"Route de Rougiers";"43,41562800";"5,84985000"
"202300023956";"17";"01";"2023";"08:20";"1";"67";"67028";"2";"9";"1";"6";"Rue de l'Europe";"48,37528100";"7,59026500"
"202300023957";"9";"03";"2023";"09:05";"1";"59";"59350";"2";"1";"2";"2";"Pont Léon Jouhaux";"50,63650000";"3,03691000"
"202300023958";"27";"05";"2023";"15:00";"1";"45";"45004";"1";"1";"1";"2";"D2007 PR 21 + 314";"47,97912697";"2,74225187"
"202300023959";"6";"08";"2023";"00:20";"5";"44";"44009";"2";"1";"1";"1";"366bis Route du Loroux Bottereau";"47,19058738";" -1,46955013"
"202300023960";"8";"03";"2023";"15:00";"1";"59";"59350";"2";"9";"2";"3";"TOURNAI PONT DE";"50,62197000";"3,08866000"
"202300023961";"28";"01";"2023";"03:53";"3";"55";"55038";"1";"1";"1";"2";"chemin";"49,03876800";"5,08109100"
"202300023962";"27";"01";"2023";"19:30";"3";"57";"57634";"1";"1";"9";"6";"D50a";"49,15327800";"6,12399800"
"202300023963";"7";"03";"2023";"15:50";"1";"59";"59569";"2";"1";"1";"6";"CROIZAT (RUE AMBROISE)";"50,36723000";"3,11946000"
"202300023964";"4";"08";"2023";"19:45";"1";"31";"31157";"2";"1";"1";"6";"Rue du Pré Vicinal";"43,53730300";"1,34327200"
"202300023965";"26";"05";"2023";"18:00";"1";"45";"45068";"1";"1";"1";"2";"D2007 PR 17 + 175";"48,01519000";"2,73986000"
"202300023966";"3";"08";"2023";"15:00";"1";"19";"19273";"1";"1";"1";"7";"D8";"45,06307346";"1,56379134"
"202300023967";"28";"01";"2023";"16:10";"1";"73";"73150";"1";"1";"1";"1";"N90 - PR67+250";"45,56487900";"6,68163100"
"202300023968";"9";"03";"2023";"16:45";"1";"59";"59431";"2";"1";"3";"3";"MOULIN  (RUE DU)";"50,70008700";"2,84565300"
"202300023969";"2";"08";"2023";"22:40";"3";"19";"19170";"1";"1";"1";"7";"Lieu-dit Tillet";"44,96583233";"1,76236689"
"202300023970";"26";"01";"2023";"07:30";"3";"44";"44066";"1";"1";"2";"2";"Route de la paquelais";"47,35251800";" -1,65925700"
"202300023971";"27";"05";"2023";"23:40";"5";"44";"44198";"2";"1";"1";"3";"26 Rue de la Poste";"47,14823000";" -1,53655000"
"202300023972";"7";"03";"2023";"18:35";"5";"54";"54482";"2";"6";"1";"6";"JEAN XXIII (RUE)";"48,69916000";"6,21086000"
"202300023973";"6";"08";"2023";"20:25";"2";"56";"56051";"1";"1";"1";"7";"Le Grazo";"47,87006000";" -2,59162500"
"202300023974";"26";"01";"2023";"13:30";"1";"38";"38562";"1";"1";"1";"6";"D1091";"45,06235100";"5,76359500"
"202300023975";"1";"08";"2023";"17:00";"1";"56";"56177";"1";"1";"2";"7";"Lieu Dit Malachappe";"47,79923300";" -3,06597900"
"202300023976";"27";"05";"2023";"15:05";"1";"38";"38053";"2";"9";"1";"1";"Rue Isaac Asimov";"45,58965000";"5,25200000"
"202300023977";"8";"03";"2023";"08:15";"1";"44";"44184";"2";"1";"2";"6";"90 Rue Henri Gautier";"47,28149000";" -2,20408000"
"202300023978";"28";"01";"2023";"12:20";"1";"33";"33321";"1";"1";"8";"6";"D115 - PK 33+600";"45,03461600";" -0,44248900"
"202300023979";"5";"08";"2023";"18:40";"1";"56";"56252";"1";"1";"1";"6";"Banastère";"47,52124500";" -2,65483800"
"202300023980";"28";"01";"2023";"00:20";"3";"22";"22168";"2";"1";"1";"7";"Boulevard des Traouiero";"48,82351200";" -3,48420600"
"202300023981";"27";"05";"2023";"12:15";"1";"37";"37261";"2";"1";"1";"2";"CHURCHILL (BOULEVARD WINSTON)";"47,37361000";"0,68240000"
"202300023982";"29";"07";"2023";"20:00";"1";"56";"56143";"2";"1";"1";"6";"Avenue du Parc";"47,56007900";" -2,49766200"
"202300023983";"21";"02";"2023";"19:44";"5";"42";"42218";"2";"2";"1";"3";"Boulevard Claude Verney Carron";"45,46362000";"4,38224000"
"202300023984";"27";"01";"2023";"18:45";"3";"91";"91689";"1";"1";"1";"4";"AUTOROUTE A6A";"48,73903000";"2,31841000"
"202300023985";"27";"05";"2023";"12:15";"1";"37";"37214";"2";"1";"1";"7";"VOISIN (BOULEVARD ANDRE-GEORGES)";"47,42619000";"0,65516000"
"202300023986";"6";"08";"2023";"20:25";"2";"59";"59307";"1";"2";"1";"3";"D3 / rue Stephane Schoonaert";"50,84016200";"2,20738300"
"202300023987";"27";"01";"2023";"07:05";"5";"91";"91689";"1";"1";"1";"2";"AUTOROUTE A6B";"48,74682000";"2,32643000"
"202300023988";"9";"03";"2023";"19:30";"5";"37";"37261";"2";"4";"1";"3";"GARE DU CANAL (QUAI DE LA)";"47,39656000";"0,70358000"
"202300023989";"26";"05";"2023";"23:50";"5";"34";"34172";"1";"1";"1";"3";"Avenue Président Pierre Mendès France";"43,60766000";"3,93128000"
"202300023990";"5";"08";"2023";"22:32";"3";"76";"76317";"1";"1";"3";"6";"Route de Bretteville";"49,65325200";"0,40331800"
"202300023991";"27";"01";"2023";"18:00";"5";"93";"93078";"1";"1";"1";"4";"AUTOROUTE A104";"48,96162000";"2,54503000"
"202300023992";"27";"05";"2023";"15:25";"1";"31";"31555";"2";"1";"1";"3";"RUE DU FAUBOURG BONNEFOY";"43,61942000";"1,45693000"
"202300023993";"4";"08";"2023";"12:20";"1";"79";"79271";"1";"1";"1";"6";"N/A";"46,52230100";" -0,37696400"
"202300023994";"9";"03";"2023";"17:50";"1";"37";"37122";"2";"2";"1";"3";"HORTENSE (RUE DE LA REINE)";"47,33565000";"0,64586000"
"202300023995";"6";"08";"2023";"05:40";"2";"79";"79217";"1";"1";"1";"7";"N/A";"46,33821700";" -0,19784000"
"202300023996";"27";"05";"2023";"15:15";"1";"29";"29039";"2";"6";"1";"3";"Rue de Lanriec";"47,86915662";" -3,89317542"
"202300023997";"9";"03";"2023";"13:00";"1";"37";"37261";"2";"1";"3";"6";"BEDEL (RUE MAURICE)";"47,37806000";"0,69685000"
"202300023998";"27";"01";"2023";"08:00";"2";"95";"95682";"1";"1";"1";"4";"N104";"49,06726802";"2,37810640"
"202300023999";"4";"08";"2023";"23:30";"5";"2A";"2A271";"2";"1";"1";"3";"RT20";"41,97967200";"8,83378000"
"202300024000";"9";"03";"2023";"08:50";"1";"37";"37122";"2";"1";"1";"2";"RD 37";"47,37134316";"0,65400553"
"202300024001";"27";"01";"2023";"19:30";"3";"77";"77058";"1";"1";"1";"2";"A4";"48,83081400";"2,69313200"
"202300024002";"30";"07";"2023";"11:22";"3";"2A";"2A017";"1";"1";"1";"1";"d81";"42,00957300";"8,74921000"
"202300024003";"19";"05";"2023";"15:00";"1";"19";"19275";"2";"1";"1";"6";"FOCH (BOULEVARD)";"45,54653839";"2,30826080"
"202300024004";"26";"01";"2023";"15:35";"1";"974";"97416";"1";"3";"1";"6";"LAMBRIQUET (RUE JOSEPH)";" -21,33000000";"55,48000000"
"202300024005";"3";"08";"2023";"20:00";"2";"2B";"2B123";"1";"1";"1";"1";"RT10 Bastia";"42,04851200";"9,42772900"
"202300024006";"9";"03";"2023";"09:25";"1";"37";"37261";"2";"1";"1";"2";"TANNEURS (RUE DES)";"47,39605063";"0,68208039"
"202300024007";"6";"08";"2023";"10:30";"1";"2B";"2B074";"2";"9";"1";"3";"rt20";"42,25575300";"9,16949600"
"202300024008";"26";"01";"2023";"17:15";"1";"974";"97411";"2";"4";"1";"3";"GRANITS (ALLEE DES)";" -20,89932000";"55,44683000"
"202300024009";"9";"03";"2023";"19:00";"3";"33";"33281";"2";"1";"1";"3";"Avenue François Mitterrand";"44,81284000";" -0,69431000"
"202300024010";"6";"08";"2023";"04:20";"3";"80";"80080";"1";"1";"2";"6";"D1029";"49,87555500";"2,84228300"
"202300024011";"26";"01";"2023";"18:25";"1";"974";"97411";"2";"1";"1";"6";"JAURES (BOULEVARD JEAN)";" -20,89945000";"55,47951000"
"202300024012";"26";"05";"2023";"14:12";"1";"15";"15014";"2";"1";"1";"1";"LECLERC (AVENUE DU GENERAL)";"44,91211000";"2,44245000"
"202300024013";"4";"08";"2023";"19:10";"1";"82";"82149";"1";"1";"1";"7";"N/A";"44,13736224";"1,48983718"
"202300024014";"26";"01";"2023";"13:35";"1";"974";"97411";"2";"9";"1";"6";"JAURES (BOULEVARD JEAN)";" -20,88988000";"55,46456000"
"202300024015";"9";"03";"2023";"18:25";"1";"33";"33192";"2";"4";"2";"3";"Allée Flora";"44,76910000";" -0,59709000"
"202300024016";"28";"05";"2023";"00:20";"5";"13";"13054";"2";"9";"1";"3";"FIGUERES (RUE DES )";"43,42112000";"5,20776000"
"202300024017";"4";"08";"2023";"08:10";"1";"82";"82119";"1";"3";"1";"3";"D820";"44,21795500";"1,51824300"
"202300024018";"9";"03";"2023";"16:40";"1";"33";"33063";"2";"1";"1";"6";"Place Pey Berland";"44,83783000";" -0,57629000"
"202300024019";"25";"01";"2023";"11:20";"1";"974";"97411";"2";"9";"2";"5";"PAYET (RUE ROGER)";" -20,89328000";"55,48693000"
"202300024020";"3";"08";"2023";"16:50";"1";"65";"65212";"2";"1";"1";"6";"Route de la Vallee d’Aure";"42,86370500";"0,33859100"
"202300024021";"27";"05";"2023";"18:40";"1";"13";"13210";"2";"9";"1";"3";"ROMAIN ROLLAND (BOULEVARD)";"43,27224000";"5,41452000"
"202300024022";"9";"03";"2023";"08:50";"1";"33";"33063";"2";"1";"1";"3";"Cours du Médoc";"44,86263000";" -0,57199000"
"202300024023";"19";"01";"2023";"14:23";"1";"973";"97302";"2";"2";"1";"3";"GRANT (CITE)";"4,94754000";" -52,30401000"
"202300024024";"6";"08";"2023";"07:45";"1";"65";"65218";"2";"1";"1";"1";"D929";"43,01483000";"0,37254800"
"202300024025";"8";"03";"2023";"19:10";"2";"30";"30007";"1";"9";"1";"1";"CYPRES (MONTEE DES)";"44,09982000";"4,08110000"
"202300024026";"26";"01";"2023";"04:30";"5";"69";"69383";"2";"1";"1";"6";"77 Rue du Dauphiné";"45,75303866";"4,87017348"
"202300024027";"27";"05";"2023";"21:05";"4";"11";"11069";"2";"4";"1";"6";"1821 Boulevard Léon Blum";"43,22652000";"2,34024000"
"202300024028";"4";"08";"2023";"13:55";"1";"65";"65456";"1";"1";"3";"2";"D929";"43,14291800";"0,42458800"
"202300024029";"4";"08";"2023";"15:15";"1";"65";"65093";"1";"1";"8";"7";"D775";"43,04460900";"0,46828200"
"202300024030";"25";"01";"2023";"08:50";"1";"69";"69387";"2";"3";"1";"3";"Avenue Jean Jaurès";"45,73136000";"4,83361000"
"202300024031";"7";"03";"2023";"08:00";"1";"29";"29019";"2";"6";"2";"2";"avenue de Provence";"48,40776231";" -4,51321274"
"202300024032";"5";"08";"2023";"11:00";"1";"32";"32005";"1";"1";"1";"6";"RD 25 PK 5.435";"43,72324600";" -0,04640200"
"202300024033";"27";"05";"2023";"10:05";"1";"10";"10387";"2";"2";"7";"6";"Boulevard du 14 Juillet";"48,29410000";"4,07870000"
"202300024034";"21";"01";"2023";"13:42";"1";"972";"97213";"1";"1";"1";"1";"ROUTE DEPARTEMENTALE 3";"14,64942000";" -60,98892000"
"202300024035";"9";"03";"2023";"07:08";"5";"27";"27229";"2";"1";"2";"6";"VAL ITON (RUE DU)";"49,03427000";"1,15378000"
"202300024036";"27";"05";"2023";"03:20";"5";"08";"08105";"2";"1";"1";"6";"";"49,77742600";"4,72288900"
"202300024037";"25";"01";"2023";"19:15";"5";"2B";"2B033";"2";"1";"1";"2";"IMPERIALE - ROUTE";"42,66642000";"9,43954000"
"202300024038";"3";"08";"2023";"13:00";"1";"32";"32264";"1";"2";"1";"3";"D154";"43,92958900";" -0,11410900"
"202300024039";"9";"03";"2023";"13:10";"1";"25";"25056";"2";"2";"1";"3";"EDISON RUE THOMAS";"47,23552700";"5,98273900"
"202300024040";"4";"08";"2023";"22:10";"3";"11";"11262";"1";"1";"1";"6";"139 Route de Cuxac";"43,22406300";"3,00758800"
"202300024041";"25";"01";"2023";"19:25";"5";"971";"97101";"2";"3";"1";"3";"CHAUVEL";"16,23949000";" -61,51939000"
"202300024042";"27";"05";"2023";"22:05";"5";"06";"06088";"2";"2";"1";"3";"RIQUIER (BD DE)";"43,70360000";"7,28839000"
"202300024043";"26";"01";"2023";"22:01";"5";"95";"95280";"2";"1";"2";"6";"PAUL VAILLANT COUTURIER (BOULEVARD)";"49,03093000";"2,45967000"
"202300024044";"8";"03";"2023";"16:56";"1";"22";"22113";"1";"9";"2";"2";"TREBEURDEN (ROUTE DE)";"48,75291379";" -3,51428390"
"202300024045";"27";"05";"2023";"15:44";"1";"06";"06088";"2";"1";"1";"6";"DESAMBROIS (AV.)";"43,70520800";"7,27191100"
"202300024046";"2";"08";"2023";"22:32";"3";"11";"11262";"1";"1";"1";"5";"N/A";"43,21168200";"3,01278600"
"202300024047";"29";"07";"2023";"01:20";"3";"11";"11090";"1";"1";"1";"6";"N/A";"43,09811600";"2,23460200"
"202300024048";"7";"03";"2023";"12:10";"1";"19";"19031";"2";"1";"1";"3";"TEINCHURIER (AVENUE DU)";"45,14858000";"1,48062000"
"202300024049";"27";"05";"2023";"17:10";"1";"06";"06029";"2";"1";"1";"1";"DOLLFUS (RUE JEAN)";"43,54973300";"7,00779600"
"202300024050";"26";"01";"2023";"12:00";"1";"91";"91549";"2";"2";"2";"3";"VICTOR HUGO (AVENUE)";"48,64999000";"2,33183000"
"202300024051";"9";"03";"2023";"17:15";"1";"13";"13202";"2";"9";"1";"2";"CARGO RHIN FIDELI (RUE)";"43,32684000";"5,35659000"
"202300024052";"26";"01";"2023";"16:00";"1";"88";"88424";"2";"1";"1";"6";"Rond Point Ernest Charlier";"48,27354000";"6,96797000"
"202300024053";"6";"08";"2023";"19:00";"1";"71";"71282";"2";"2";"1";"3";"D680";"46,83624000";"4,36024200"
"202300024054";"26";"05";"2023";"22:00";"5";"75";"75116";"2";"1";"1";"2";"PORTE DAUPHINE";"48,86988700";"2,27151000"
"202300024055";"21";"01";"2023";"17:42";"1";"87";"87085";"2";"1";"1";"6";"LIAISON SUD ( voie de)";"45,81240000";"1,25559000"
"202300024056";"4";"08";"2023";"14:50";"1";"89";"89414";"1";"2";"2";"3";"Route Departementale 939";"48,28473500";"3,37572100"
"202300024057";"8";"03";"2023";"12:50";"1";"13";"13206";"2";"3";"1";"3";"BAILLE (BOULEVARD)";"43,28649000";"5,38642000"
"202300024058";"26";"05";"2023";"18:00";"1";"75";"75120";"2";"1";"1";"2";"PORTE DE BAGNOLET";"48,85993000";"2,41398200"
"202300024059";"9";"03";"2023";"20:50";"5";"75";"75117";"2";"1";"1";"2";"PORTE DE CLICHY";"48,89503100";"2,30658900"
"202300024060";"26";"01";"2023";"21:45";"5";"83";"83062";"2";"3";"1";"3";"FABRI DE PEIRESC (AVENUE)";"43,14106000";"6,03005000"
"202300024061";"6";"08";"2023";"12:00";"1";"89";"89418";"1";"2";"1";"3";"D965";"47,84340700";"3,95597900"
"202300024062";"9";"03";"2023";"20:45";"5";"75";"75120";"2";"2";"2";"6";"AVENUE CARTELLIER";"48,86458600";"2,41242300"
"202300024063";"27";"05";"2023";"16:55";"1";"75";"75118";"2";"2";"1";"3";"BOULEVARD NEY";"48,89773400";"2,32901400"
"202300024064";"22";"01";"2023";"19:35";"5";"83";"83061";"2";"1";"1";"1";"RUE DE LA MONTAGNE";"43,44209231";"6,75345415"
"202300024065";"19";"01";"2023";"14:45";"1";"83";"83061";"1";"1";"1";"6";"D7";"43,49399012";"6,77851582"
"202300024066";"26";"05";"2023";"10:24";"1";"75";"75116";"2";"3";"1";"6";"AVENUE KLEBER";"48,86883500";"2,29144500"
"202300024067";"9";"03";"2023";"11:40";"1";"75";"75118";"2";"2";"1";"3";"BOULEVARD BARBES";"48,88835000";"2,34961100"
"202300024068";"3";"08";"2023";"21:45";"3";"89";"89311";"2";"1";"3";"1";"Les Vernes";"47,74759500";"3,38720100"
"202300024069";"8";"03";"2023";"22:47";"5";"75";"75117";"2";"7";"3";"3";"AVENUE DE WAGRAM";"48,87840982";"2,29840636"
"202300024070";"27";"05";"2023";"21:58";"5";"75";"75105";"2";"3";"1";"1";"BOULEVARD SAINT MICHEL";"48,85137500";"2,34320200"
"202300024071";"26";"01";"2023";"07:00";"5";"78";"78440";"2";"1";"2";"2";"EUROPE (AVENUE DE L')";"48,97076000";"1,91956200"
"202300024072";"9";"03";"2023";"10:10";"1";"75";"75115";"2";"2";"1";"3";"RUE DE LA CONVENTION";"48,83998600";"2,29035700"
"202300024073";"28";"07";"2023";"08:15";"2";"49";"49218";"2";"1";"2";"6";"Rue des Mauges (Le Fuilet)";"47,28057900";" -1,11604600"
"202300024074";"27";"05";"2023";"19:00";"1";"75";"75120";"2";"1";"1";"1";"RUE D AVRON";"48,85248800";"2,40488700"
"202300024075";"9";"03";"2023";"09:30";"1";"75";"75115";"2";"1";"8";"6";"QUAI DE GRENELLE";"48,85259400";"2,28616800"
"202300024076";"26";"01";"2023";"12:35";"1";"77";"77067";"1";"2";"8";"3";"BOISSENART CENTRE COMMERCIAL";"48,58683000";"2,60275000"
"202300024077";"27";"05";"2023";"16:30";"1";"75";"75120";"2";"1";"1";"6";"RUE BELGRAND";"48,86473900";"2,40317800"
"202300024078";"5";"08";"2023";"01:00";"3";"12";"12291";"1";"1";"1";"6";"Lieu-dit la Graillerie, D153";"44,19490100";"3,06719700"
"202300024079";"25";"01";"2023";"20:30";"5";"77";"77371";"2";"1";"1";"6";"D216";"48,81982700";"3,01483300"
"202300024080";"8";"03";"2023";"09:45";"1";"75";"75114";"2";"2";"8";"1";"BOULEVARD BRUNE";"48,82304200";"2,32548800"
"202300024081";"26";"01";"2023";"15:00";"1";"76";"76540";"1";"1";"1";"3";"A150";"49,45100000";"1,05729000"
"202300024082";"27";"05";"2023";"22:01";"5";"75";"75118";"2";"1";"1";"3";"RUE STEPHENSON";"48,88959500";"2,35590700"
"202300024083";"25";"01";"2023";"19:50";"5";"74";"74133";"2";"9";"1";"4";"INDUSTRIE (RUE DE L')";"46,18528000";"6,21905000"
"202300024084";"1";"08";"2023";"16:40";"1";"42";"42273";"1";"2";"1";"3";"Route de Marchangy";"46,17951800";"4,12161100"
"202300024085";"25";"01";"2023";"08:37";"5";"72";"72181";"2";"3";"1";"3";"MAC JEAN (AV) N° IMP 107 ET plus";"47,98066000";"0,22004000"
"202300024086";"23";"01";"2023";"18:28";"3";"71";"71445";"1";"1";"1";"5";"RD673";"46,78384000";"4,88840000"
"202300024087";"9";"03";"2023";"09:25";"1";"75";"75113";"2";"3";"1";"3";"RUE JEAN ANTOINE DE BAIF";"48,82806877";"2,38483250"
"202300024088";"27";"05";"2023";"17:00";"1";"75";"75112";"2";"1";"1";"2";"RUE DU FAUBOURG SAINT ANTOINE";"48,85030900";"2,38276400"
"202300024089";"26";"01";"2023";"07:30";"5";"66";"66136";"2";"3";"1";"6";"RICHEPIN (JEAN)";"42,70497000";"2,89055000"
"202300024090";"6";"08";"2023";"14:15";"1";"42";"42011";"2";"3";"1";"3";"Rue du 11 Novembre";"45,81840678";"4,18426126"
"202300024091";"25";"01";"2023";"17:10";"1";"66";"66136";"2";"3";"1";"3";"";"42,72460000";"2,88716000"
"202300024092";"26";"01";"2023";"23:36";"5";"65";"65440";"2";"1";"8";"6";"AVENUE DU REGIMENT DE BIGORRE ";"43,23231900";"0,07266800"
"202300024093";"26";"01";"2023";"17:55";"2";"64";"64445";"2";"1";"1";"3";"rue Nogué";"43,29934000";" -0,37120000"
"202300024094";"9";"03";"2023";"20:15";"5";"75";"75112";"2";"2";"2";"6";"BOULEVARD DIDEROT";"48,84675600";"2,38177100"
"202300024095";"26";"01";"2023";"08:39";"1";"64";"64445";"2";"6";"2";"6";"ROND POINT FRANCOIS MITTERAND";"43,33043000";" -0,35559000"
"202300024096";"4";"08";"2023";"16:45";"1";"42";"42302";"1";"1";"1";"2";"Chemin de la Buanderie";"45,48324400";"4,45983200"
"202300024097";"26";"01";"2023";"13:20";"1";"64";"64125";"2";"1";"1";"6";"Rue Erretegia";"43,44135188";" -1,58819094"
"202300024098";"26";"01";"2023";"19:05";"5";"61";"61001";"2";"1";"1";"3";"D112";"48,43829000";"0,08651000"
"202300024099";"9";"03";"2023";"00:05";"5";"75";"75112";"2";"2";"2";"6";"AVENUE DAUMESNIL";"48,84111400";"2,38903200"
"202300024100";"4";"08";"2023";"21:30";"2";"47";"47252";"2";"1";"1";"6";"Av Jacques Bordeneuve";"44,39507500";"0,58628800"
"202300024101";"26";"01";"2023";"22:32";"5";"60";"60057";"2";"2";"1";"3";"Rue de Clermont";"49,43364000";"2,09345000"
"202300024102";"26";"01";"2023";"14:40";"1";"59";"59378";"2";"9";"1";"6";"CHATEAUX RUE DES";"50,65477000";"3,11201000"
"202300024103";"25";"01";"2023";"17:25";"2";"58";"58194";"2";"1";"1";"7";"PETIT MOUESSE";"46,98881000";"3,17267000"
"202300024104";"27";"05";"2023";"06:20";"1";"75";"75108";"2";"2";"1";"1";"AVENUE DE FRIEDLAND";"48,87398549";"2,29727983"
"202300024105";"7";"08";"2023";"15:50";"1";"41";"41256";"1";"1";"1";"7";"La Veve";"47,32689800";"2,01749300"
"202300024106";"26";"01";"2023";"15:30";"1";"54";"54167";"1";"1";"1";"6";"RD400";"48,67636600";"5,92680200"
"202300024107";"9";"03";"2023";"09:15";"1";"75";"75111";"2";"3";"8";"3";"BOULEVARD RICHARD LENOIR";"48,85545165";"2,37047732"
"202300024108";"25";"01";"2023";"12:35";"1";"54";"54395";"2";"3";"1";"2";"Boulevard du 26e Régiment d'Infanterie";"48,69879000";"6,18769000"
"202300024109";"27";"05";"2023";"17:15";"1";"94";"94043";"2";"1";"1";"3";"Avenue de Fontainebleau";"48,81413000";"2,36109000"
"202300024110";"24";"01";"2023";"17:10";"1";"49";"49099";"2";"3";"8";"3";"CALINS (AVENUE DES)";"47,05993000";" -0,87327000"
"202300024111";"25";"01";"2023";"07:58";"3";"49";"49007";"2";"6";"1";"3";"VISITATION PLACE";"47,46657000";" -0,55709000"
"202300024112";"27";"05";"2023";"14:40";"1";"94";"94043";"2";"1";"1";"3";"1 Boulevard Chastenet de Géry";"48,80773700";"2,35724800"
"202300024113";"3";"08";"2023";"18:25";"1";"41";"41181";"1";"2";"3";"3";"D976";"47,32143300";"1,29296100"
"202300024114";"26";"01";"2023";"08:20";"2";"45";"45232";"2";"3";"2";"6";"405 Rue du Général de Gaulle";"47,86583000";"1,89632000"
"202300024115";"8";"03";"2023";"21:50";"5";"75";"75110";"2";"2";"2";"3";"RUE LA FAYETTE";"48,88062000";"2,36203000"
"202300024116";"26";"01";"2023";"03:30";"5";"37";"37261";"2";"2";"1";"6";"MIRABEAU (RUE)";"47,39756000";"0,69930000"
"202300024117";"27";"05";"2023";"14:30";"1";"94";"94041";"2";"2";"1";"6";"Rue Lénine";"48,81663419";"2,39525422"
"202300024118";"6";"08";"2023";"02:25";"3";"41";"41110";"1";"1";"1";"7";"Route de Romorantin";"47,29427200";"1,81728200"
"202300024119";"19";"01";"2023";"10:32";"1";"35";"35288";"2";"2";"1";"3";"PORTES CARTIERS (LIEU DIT LES)";"48,66261000";" -1,98333000"
"202300024120";"26";"01";"2023";"13:50";"1";"35";"35115";"2";"1";"1";"6";"PASTEUR (RUE)";"48,35035931";" -1,19659647"
"202300024121";"26";"01";"2023";"01:00";"5";"33";"33063";"2";"3";"1";"3";"Rue de la Faiencerie";"44,86358000";" -0,55943000"
"202300024122";"4";"03";"2023";"04:30";"5";"75";"75104";"2";"2";"1";"3";"RUE CRILLON";"48,84950700";"2,36564900"
"202300024123";"3";"08";"2023";"11:50";"1";"34";"34251";"1";"1";"1";"7";"D25";"43,77154500";"3,38426600"
"202300024124";"24";"01";"2023";"20:10";"3";"31";"31555";"1";"9";"1";"2";"A621 (SEPT DENIERS-ANCELY)";"43,62410000";"1,41780000"
"202300024125";"27";"05";"2023";"10:55";"1";"93";"93078";"2";"2";"1";"3";"Avenue de la Gare / Avenue Edouard Branly";"48,94666000";"2,56358000"
"202300024126";"25";"01";"2023";"06:15";"5";"29";"29019";"2";"6";"1";"2";"Rond Point de Pen ar Ch'leuz";"48,41532100";" -4,47975100"
"202300024127";"8";"03";"2023";"12:26";"1";"75";"75109";"2";"1";"2";"6";"RUE DE CHATEAUDUN";"48,87623000";"2,33477900"
"202300024128";"2";"08";"2023";"10:50";"1";"34";"34074";"2";"1";"1";"1";"Chemin du Moulin Neuf";"43,45163800";"3,05061000"
"202300024129";"8";"02";"2023";"01:00";"5";"93";"93010";"2";"1";"1";"6";"Rue Baudin";"48,89851895";"2,47305907"
"202300024130";"9";"03";"2023";"09:30";"1";"75";"75108";"2";"2";"8";"3";"PLACE DE LA CONCORDE";"48,86678200";"2,32209700"
"202300024131";"26";"01";"2023";"08:48";"1";"21";"21231";"2";"1";"8";"1";"2 Boulevard de l'Ouest";"47,32336328";"5,01840243"
"202300024132";"5";"08";"2023";"15:00";"1";"68";"68082";"2";"2";"1";"2";"D2";"47,86765300";"7,34892000"
"202300024133";"14";"11";"2023";"08:40";"1";"75";"75118";"2";"2";"8";"3";"BOULEVARD BARBES";"48,88835200";"2,34958400"
"202300024134";"8";"03";"2023";"09:10";"1";"75";"75101";"2";"1";"2";"7";"VOIE GEORGES POMPIDOU";"48,85668000";"2,34835000"
"202300024135";"24";"01";"2023";"17:10";"1";"19";"19031";"2";"1";"1";"6";"BRUNE (BOULEVARD)";"45,15323000";"1,53620000"
"202300024136";"26";"05";"2023";"17:10";"1";"93";"93027";"2";"1";"1";"2";"Rue de la Convention";"48,92775000";"2,39160000"
"202300024137";"2";"08";"2023";"17:20";"1";"22";"22015";"1";"1";"1";"3";"Le Rocher";"48,39708300";" -2,56729200"
"202300024138";"24";"01";"2023";"08:45";"1";"19";"19031";"2";"6";"1";"3";"ALVITRE (AVENUE ABBE)";"45,15237863";"1,50484264"
"202300024139";"15";"11";"2023";"03:35";"5";"75";"75117";"2";"7";"1";"6";"PLACE DU MARECHAL JUIN";"48,88491600";"2,29793700"