"Num_Acc";"jour";"mois";"an";"hrmn";"lum";"dep";"com";"agg";"int";"atm";"col";"adr";"lat";"long"
"202300024140";"7";"03";"2023";"21:40";"5";"75";"75101";"2";"3";"2";"6";"PONT NEUF";"48,85686800";"2,34121900"
"202300024141";"26";"05";"2023";"16:30";"1";"92";"92076";"2";"1";"1";"6";"CHASSE ROYALE";"48,83483721";"2,14630097"
"202300024142";"6";"08";"2023";"16:10";"1";"39";"39202";"1";"2";"3";"3";"N/A";"46,92572500";"5,96933700"
"202300024143";"26";"01";"2023";"10:00";"1";"13";"13117";"2";"9";"1";"4";"PADOVANI ( AVE )";"43,43609000";"5,25822000"
"202300024144";"9";"03";"2023";"21:01";"5";"94";"94041";"2";"3";"2";"6";"Rue Robespierre / Rue Lucien Selva";"48,80988962";"2,38508427"
"202300024145";"15";"11";"2023";"00:40";"5";"75";"75116";"2";"2";"1";"3";"AVENUE DE NEUILLY";"48,87867000";"2,28006700"
"202300024146";"27";"05";"2023";"11:49";"1";"92";"92048";"2";"4";"1";"2";"LARRIS (RUE DES)";"48,80875623";"2,24462762"
"202300024147";"26";"01";"2023";"02:10";"5";"13";"13103";"2";"6";"1";"7";"RN 113";"43,61726000";"5,09539000"
"202300024148";"8";"03";"2023";"20:20";"5";"94";"94041";"2";"1";"2";"1";"Rue Barbès";"48,81804864";"2,37390661"
"202300024149";"5";"08";"2023";"22:05";"3";"39";"39019";"1";"2";"1";"3";"N/A";"46,94592500";"5,78118500"
"202300024150";"15";"11";"2023";"07:40";"1";"75";"75115";"2";"2";"1";"7";"AVENUE DE SUFFREN";"48,85117100";"2,30093600"
"202300024151";"26";"01";"2023";"18:20";"5";"13";"13208";"2";"1";"1";"6";"PARADIS (RUE)";"43,27142000";"5,38599000"
"202300024152";"8";"03";"2023";"17:10";"1";"94";"94041";"2";"1";"2";"6";"Avenue Maurice Thorez";"48,81727000";"2,37598000"
"202300024153";"27";"05";"2023";"16:15";"1";"92";"92044";"2";"2";"1";"3";"TREZEL(RUE)15A29 ET 12A24";"48,89527000";"2,29493000"
"202300024154";"15";"11";"2023";"14:15";"1";"75";"75114";"2";"1";"1";"6";"BOULEVARD JOURDAN";"48,82021200";"2,33868000"
"202300024155";"26";"01";"2023";"12:10";"1";"13";"13215";"2";"1";"1";"1";"FORTUNÉ CHAILLAN (RUE)";"43,36299000";"5,36060000"
"202300024156";"9";"03";"2023";"16:45";"1";"94";"94048";"2";"2";"2";"3";"Avenue de la Belle Image / Rue des Orfevres";"48,73595000";"2,55003000"
"202300024157";"6";"08";"2023";"16:10";"1";"25";"25074";"1";"1";"2";"1";"pk 2 D41";"47,18347800";"6,70469600"
"202300024158";"27";"05";"2023";"15:49";"1";"92";"92025";"2";"1";"1";"6";"BELLEVUE (RUE DE)";"48,91952800";"2,23727100"
"202300024159";"26";"01";"2023";"22:05";"5";"13";"13004";"2";"1";"1";"2";"RUE GAMBETTA";"43,67532988";"4,62497324"
"202300024160";"14";"11";"2023";"20:05";"5";"75";"75104";"2";"3";"8";"3";"BOULEVARD BEAUMARCHAIS";"48,85481200";"2,36873200"
"202300024161";"9";"03";"2023";"13:30";"1";"93";"93066";"2";"7";"1";"6";"Place Stéphane Mallarme";"48,94047400";"2,35751900"
"202300024162";"5";"08";"2023";"18:05";"1";"25";"25403";"1";"4";"1";"7";"Le Rondot";"47,02701700";"6,61902700"
"202300024163";"26";"05";"2023";"23:48";"5";"92";"92007";"2";"2";"1";"7";"PETIT (AVENUE ALBERT) N° 39 A FIN";"48,79627900";"2,32175000"
"202300024164";"25";"01";"2023";"22:45";"3";"11";"11069";"1";"1";"1";"2";"ROCADE NORD - RD 6113";"43,22985000";"2,32614000"
"202300024165";"15";"11";"2023";"18:10";"5";"75";"75109";"2";"1";"1";"6";"RUE DE CHATEAUDUN";"48,87625100";"2,33420000"
"202300024166";"4";"08";"2023";"05:00";"3";"25";"25162";"1";"1";"1";"6";"Rue de Saint Vit";"47,22526600";"5,80927800"
"202300024167";"9";"03";"2023";"18:30";"2";"93";"93046";"2";"2";"2";"6";"Av du Consul General Nordling / Av du Pdt J Fitzgerald Kennedy";"48,91655249";"2,53152788"
"202300024168";"26";"01";"2023";"07:57";"5";"10";"10387";"2";"1";"9";"6";"GEORGES POMPIDOU (RUE)";"48,28690000";"4,07850000"
"202300024169";"28";"05";"2023";"16:00";"1";"2A";"2A348";"2";"1";"1";"2";"Route Départementale 70";"42,12606834";"8,70370388"
"202300024170";"15";"11";"2023";"09:25";"1";"75";"75107";"2";"2";"1";"3";"QUAI D ORSAY";"48,86282800";"2,31346600"
"202300024171";"4";"08";"2023";"23:00";"5";"44";"44018";"2";"6";"1";"2";"68bis Rue de Nantes";"47,14422250";" -1,68693244"
"202300024172";"25";"01";"2023";"14:40";"1";"10";"10387";"2";"2";"1";"3";"PAIX (RUE DE LA)";"48,30900000";"4,06100000"
"202300024173";"9";"03";"2023";"00:20";"5";"93";"93074";"2";"1";"2";"2";"Rue de Meaux";"48,93515774";"2,57052451"
"202300024174";"27";"05";"2023";"20:50";"2";"01";"01045";"1";"2";"1";"3";"D2";"45,96339700";"5,04054100"
"202300024175";"25";"01";"2023";"10:54";"1";"10";"10387";"2";"1";"8";"6";"EMILE ZOLA (RUE)";"48,29615658";"4,07409847"
"202300024176";"15";"11";"2023";"07:40";"1";"75";"75104";"2";"2";"1";"6";"RUE SAINT ANTOINE";"48,85535500";"2,35958700"
"202300024177";"9";"03";"2023";"18:05";"5";"93";"93061";"2";"2";"3";"6";"Avenue du Bélvédère / Avenue René Fonck";"48,88048833";"2,40836710"
"202300024178";"5";"08";"2023";"11:00";"1";"44";"44029";"1";"2";"2";"3";"6bis l’esperance";"47,27575269";" -1,30465329"
"202300024179";"26";"01";"2023";"21:57";"5";"06";"06088";"2";"1";"1";"6";"MASSENA (PLACE)";"43,69673000";"7,27066000"
"202300024180";"28";"05";"2023";"17:30";"1";"86";"86096";"2";"1";"1";"7";"Rue de la Garenne";"46,81070100";"0,30992900"
"202300024181";"4";"08";"2023";"19:12";"1";"44";"44087";"1";"1";"1";"6";"N/A";"47,02283634";" -1,81196094"
"202300024182";"9";"03";"2023";"21:05";"5";"93";"93027";"2";"2";"3";"6";"Avenue Marcel Cachin / Rue Chabrol";"48,92931000";"2,39659000"
"202300024183";"26";"01";"2023";"16:15";"1";"75";"75113";"2";"4";"2";"3";"QUAI D IVRY";"48,82363700";"2,38224900"
"202300024184";"14";"11";"2023";"22:01";"5";"94";"94068";"2";"2";"2";"3";"Avenue Pierre Semard";"48,80259400";"2,51158000"
"202300024185";"5";"08";"2023";"18:30";"1";"44";"44015";"1";"1";"1";"1";"la Havardais";"47,43669500";" -1,75716900"
"202300024186";"28";"05";"2023";"02:50";"3";"85";"85223";"1";"1";"1";"6";"Autoroute A83, pk076+500, sortie 7, sens NANTES / NIORT";"46,53810000";" -1,07999000"
"202300024187";"9";"03";"2023";"08:10";"1";"92";"92072";"2";"1";"1";"1";"GRANDE RUE";"48,82422000";"2,21254000"
"202300024188";"24";"01";"2023";"22:30";"5";"75";"75120";"2";"1";"1";"3";"PORTE DE BAGNOLET";"48,86082300";"2,41383200"
"202300024189";"14";"11";"2023";"19:10";"5";"94";"94015";"2";"1";"2";"1";"Quai Louis Ferber";"48,83134500";"2,51677600"
"202300024190";"23";"01";"2023";"12:35";"1";"75";"75116";"2";"1";"1";"3";"PORTE DE PASSY";"48,86027700";"2,26337300"
"202300024191";"8";"03";"2023";"12:30";"1";"92";"92072";"2";"1";"2";"2";"GRANDE RUE";"48,82438427";"2,21300751"
"202300024192";"28";"05";"2023";"07:35";"1";"02";"02776";"1";"1";"1";"2";"A26";"50,00102500";"3,17946500"
"202300024193";"4";"08";"2023";"19:00";"2";"35";"35263";"1";"3";"1";"2";"La petite vallée";"48,66764000";" -1,94612500"
"202300024194";"9";"03";"2023";"20:25";"5";"92";"92064";"2";"4";"1";"6";"DAILLY";"48,84176500";"2,22165000"
"202300024195";"5";"08";"2023";"12:15";"1";"29";"29277";"2";"1";"2";"7";"Route de Locmélar";"48,41092100";" -4,07754200"
"202300024196";"15";"11";"2023";"09:01";"1";"94";"94016";"2";"4";"1";"2";"Rue Gabriel Péri";"48,79638000";"2,34324000"
"202300024197";"25";"01";"2023";"16:42";"1";"75";"75112";"2";"1";"1";"6";"AVENUE DAUMESNIL";"48,83743600";"2,40145900"
"202300024198";"28";"05";"2023";"10:11";"1";"68";"68188";"1";"1";"1";"2";"D430";"47,93652900";"7,04558400"
"202300024199";"5";"08";"2023";"21:15";"1";"29";"29018";"1";"1";"1";"7";"Route de Ty ar Boudiged";"48,36292700";" -3,84898600"
"202300024200";"26";"01";"2023";"22:20";"5";"75";"75119";"2";"3";"8";"6";"AVENUE JEAN JAURES";"48,88876700";"2,39311900"
"202300024201";"27";"05";"2023";"13:30";"1";"972";"97221";"2";"1";"1";"6";"Quartier Medecin";"14,51884500";" -60,98212500"
"202300024202";"13";"11";"2023";"07:30";"2";"94";"94041";"2";"1";"2";"2";"MAURICE GUNSBOURG (R)";"48,81114354";"2,40093452"
"202300024203";"9";"03";"2023";"17:21";"1";"92";"92050";"2";"1";"2";"3";"CLEMENCEAU GEORGES AVENUE N° PAIR";"48,88592000";"2,21605000"
"202300024204";"7";"08";"2023";"15:00";"1";"31";"31576";"1";"1";"1";"6";"D16";"43,40771300";"1,65704700"
"202300024205";"26";"01";"2023";"08:25";"1";"75";"75119";"2";"7";"2";"6";"PLACE AUGUSTE BARON";"48,90011617";"2,38835156"
"202300024206";"15";"11";"2023";"13:20";"1";"94";"94034";"2";"1";"1";"3";"49 Boulevard Pasteur";"48,75767100";"2,31649400"
"202300024207";"9";"03";"2023";"07:35";"1";"92";"92050";"2";"1";"8";"6";"REPUBLIQUE AVENUE DE LA";"48,90953000";"2,21731000"
"202300024208";"28";"05";"2023";"11:45";"1";"28";"28158";"1";"1";"1";"3";"D921";"48,41227900";"1,42716000"
"202300024209";"26";"01";"2023";"15:15";"1";"75";"75115";"2";"3";"2";"6";"RUE DE LA FEDERATION";"48,85278500";"2,29833900"
"202300024210";"15";"11";"2023";"10:20";"1";"93";"93049";"2";"1";"1";"6";"Avenue Georges Clémenceau";"48,86774100";"2,50645900"
"202300024211";"26";"01";"2023";"17:05";"5";"75";"75110";"2";"1";"2";"6";"RUE DU FAUBOURG DU TEMPLE";"48,87180975";"2,37627357"
"202300024212";"8";"03";"2023";"18:00";"1";"92";"92036";"2";"2";"2";"1";"LOUIS ROCHE (AVENUE) (1/45)";"48,92335700";"2,32130000"
"202300024213";"26";"05";"2023";"16:45";"1";"28";"28006";"1";"3";"1";"3";"D923";"48,43582400";"1,40645900"
"202300024214";"26";"01";"2023";"20:30";"5";"75";"75103";"2";"3";"2";"3";"BOULEVARD BEAUMARCHAIS";"48,85925300";"2,36759000"
"202300024215";"9";"03";"2023";"06:44";"5";"92";"92012";"2";"2";"1";"3";"ANATOLE FRANCE (BOULEVARD) 1/4BIS";"48,85032000";"2,23773000"
"202300024216";"28";"05";"2023";"05:30";"2";"51";"51203";"1";"1";"1";"6";"D977";"49,04974600";"4,44949500"
"202300024217";"15";"11";"2023";"16:30";"1";"93";"93046";"2";"2";"1";"3";"Allée Danton / Avenue Gambetta";"48,91815400";"2,52171500"
"202300024218";"26";"01";"2023";"16:40";"1";"94";"94081";"2";"3";"8";"3";"Avenue Lucien Français";"48,78730638";"2,38649520"
"202300024219";"10";"03";"2023";"02:05";"3";"62";"62149";"1";"1";"2";"7";"D206";"50,75000600";"2,08334700"
"202300024220";"26";"01";"2023";"07:00";"5";"94";"94074";"2";"1";"8";"6";"Avenue de la Plage Bleue";"48,75131000";"2,46481000"
"202300024221";"15";"11";"2023";"14:37";"1";"93";"93063";"2";"3";"1";"6";"Rue Vassou / Avenue Lénine";"48,88482000";"2,43101000"
"202300024222";"7";"03";"2023";"17:40";"2";"972";"97223";"2";"4";"1";"1";"Route départementale 6";"14,55846500";" -60,94280400"
"202300024223";"26";"01";"2023";"07:30";"2";"93";"93049";"2";"2";"2";"6";"HUIT MAI 1945 (AV DU)";"48,85247900";"2,51148200"
"202300024224";"28";"05";"2023";"14:50";"1";"68";"68106";"1";"1";"1";"7";"D431";"47,88997400";"7,11315400"
"202300024225";"10";"03";"2023";"07:10";"1";"972";"97227";"2";"1";"1";"6";"Rue Jules Ferry";"14,46886100";" -60,91914700"
"202300024226";"15";"11";"2023";"12:56";"1";"93";"93031";"2";"2";"1";"3";"Avenue de la République / Rue Claude Debussy";"48,94720600";"2,34262700"
"202300024227";"26";"01";"2023";"15:20";"1";"94";"94038";"2";"3";"2";"6";"Rue Paul Hochart";"48,77659000";"2,35916000"
"202300024228";"8";"03";"2023";"19:45";"3";"35";"35152";"1";"1";"3";"3";"A84";"48,23410700";" -1,48160900"
"202300024229";"27";"05";"2023";"18:40";"1";"71";"71456";"1";"1";"1";"1";"D139";"46,81584800";"5,02283300"
"202300024230";"25";"01";"2023";"14:13";"1";"94";"94028";"2";"1";"1";"6";"Avenue de la Pompadour";"48,77291000";"2,43448000"
"202300024231";"15";"11";"2023";"09:00";"1";"92";"92020";"2";"6";"1";"3";"REPUBLIQUE AV. N°27 A 105 ET 26 A 178";"48,80231734";"2,29678622"
"202300024232";"26";"01";"2023";"13:45";"1";"94";"94077";"2";"1";"2";"6";"136 Avenue de la République";"48,73139500";"2,41522300"
"202300024233";"27";"05";"2023";"19:35";"1";"38";"38342";"1";"1";"1";"7";"RD 1075,  Farceyre";"44,90043900";"5,61538200"
"202300024234";"26";"01";"2023";"17:23";"2";"93";"93073";"2";"2";"2";"3";"Avenue Lavoisier / Avenue Gilbert Berger";"48,95288000";"2,58949000"
"202300024235";"14";"11";"2023";"19:47";"3";"92";"92035";"2";"3";"1";"3";"National ( boulevard )";"48,90225000";"2,23950000"
"202300024236";"9";"03";"2023";"12:40";"1";"62";"62422";"2";"5";"1";"6";"D27";"50,12670600";"2,63417700"
"202300024237";"26";"01";"2023";"16:45";"1";"93";"93078";"2";"1";"2";"3";"Allee Louis Breguet";"48,95671000";"2,56155000"
"202300024238";"14";"11";"2023";"10:30";"1";"92";"92035";"2";"2";"2";"3";"National ( boulevard )";"48,90685000";"2,23885000"
"202300024239";"28";"05";"2023";"16:30";"1";"22";"22175";"1";"2";"7";"3";"D52";"48,49293300";" -2,40662800"
"202300024240";"26";"01";"2023";"12:45";"1";"93";"93078";"2";"2";"2";"3";"Avenue Georges Clémenceau / Avenue Charles de Gaulle";"48,95818000";"2,55833000"
"202300024241";"15";"11";"2023";"19:35";"5";"92";"92023";"2";"2";"1";"3";"PASTEUR (RUE)";"48,77924000";"2,22848000"
"202300024242";"10";"03";"2023";"00:00";"3";"30";"30117";"1";"1";"5";"7";"departementale 6113";"43,72272200";"4,54598000"
"202300024243";"26";"01";"2023";"17:25";"1";"93";"93066";"2";"1";"2";"6";"Avenue Romain Rolland";"48,93753107";"2,37421900"
"202300024244";"26";"05";"2023";"14:20";"1";"34";"34270";"2";"2";"1";"3";"21 Rue des Coteaux";"43,57648900";"3,83775300"
"202300024245";"5";"03";"2023";"16:30";"1";"30";"30060";"2";"6";"1";"7";"D135";"43,79399100";"4,38478900"
"202300024246";"15";"11";"2023";"19:10";"5";"92";"92012";"2";"1";"1";"6";"JEAN JAURES (BOULEVARD) 1/61 - COTE IMPA";"48,84051143";"2,23961806"
"202300024247";"26";"01";"2023";"18:25";"3";"93";"93048";"2";"3";"2";"3";"Avenue de la Résistance / Rue de la Beaune";"48,86187000";"2,43712000"
"202300024248";"9";"03";"2023";"19:20";"3";"51";"51625";"1";"1";"3";"3";"D934";"48,75799200";"3,41428000"
"202300024249";"27";"05";"2023";"11:30";"1";"83";"83087";"2";"1";"1";"2";"Route de Brignoles";"43,37738600";"5,78505300"
"202300024250";"26";"01";"2023";"07:55";"2";"93";"93006";"2";"2";"1";"3";"Avenue de Stalingrad / Rue Jeanne Hornet";"48,87425000";"2,42804000"
"202300024251";"9";"03";"2023";"11:10";"1";"19";"19055";"1";"1";"2";"6";"Chez Durieux";"45,45016300";"2,31080900"
"202300024252";"16";"11";"2023";"11:50";"1";"976";"97610";"1";"1";"2";"1";"route nationale 1";" -12,74748200";"45,22793900"
"202300024253";"10";"03";"2023";"13:40";"1";"65";"65128";"1";"1";"1";"6";"D41";"43,18430800";"0,34531800"
"202300024254";"8";"05";"2023";"22:00";"3";"83";"83096";"1";"1";"1";"1";"Dn7";"43,46341300";"5,80925200"
"202300024255";"25";"01";"2023";"21:40";"5";"93";"93047";"2";"2";"1";"3";"Avenue Denis Papin / Avenue Pascal";"48,90646000";"2,58785000"
"202300024256";"16";"11";"2023";"06:40";"3";"08";"08339";"1";"1";"2";"6";"N/A";"49,42680900";"4,34943800"
"202300024257";"27";"05";"2023";"15:05";"1";"62";"62080";"2";"1";"1";"6";"Rue de Douai";"50,10642600";"2,85284000"
"202300024258";"9";"03";"2023";"10:30";"1";"11";"11304";"1";"1";"1";"1";"";"42,89977228";"2,16734355"
"202300024259";"26";"01";"2023";"09:30";"1";"93";"93010";"2";"1";"2";"2";"Avenue Galliéni";"48,90687227";"2,48703539"
"202300024260";"9";"03";"2023";"16:29";"1";"63";"63432";"2";"1";"2";"6";"3 Rue de la Croix Blanche";"45,97339700";"3,25650200"
"202300024261";"26";"01";"2023";"13:40";"1";"93";"93008";"2";"2";"2";"3";"Rue de Paris / Route de Noisy";"48,89570000";"2,42623000"
"202300024262";"15";"11";"2023";"18:50";"5";"86";"86272";"1";"2";"2";"3";"D14";"46,82841200";"0,46572800"
"202300024263";"26";"05";"2023";"13:55";"1";"51";"51409";"1";"2";"1";"2";"D977";"48,87934400";"4,28731300"
"202300024264";"10";"03";"2023";"14:45";"1";"41";"41049";"1";"1";"2";"1";"D956";"47,32679600";"1,49227400"
"202300024265";"26";"01";"2023";"10:40";"1";"93";"93001";"2";"9";"2";"3";"Avenue Jean Jaurès";"48,90623760";"2,39476740"
"202300024266";"27";"05";"2023";"17:30";"1";"56";"56052";"2";"1";"1";"6";"Rue Gohec";"47,52082530";" -2,57739544"
"202300024267";"27";"01";"2023";"14:50";"1";"21";"21021";"1";"9";"1";"6";"A31";"47,34753200";"5,16339200"
"202300024268";"10";"03";"2023";"10:25";"1";"34";"34130";"1";"2";"6";"3";"D909";"43,50136400";"3,18916500"
"202300024269";"15";"11";"2023";"18:00";"2";"43";"43117";"1";"2";"1";"5";"RN 102";"45,24986800";"3,43478700"
"202300024270";"27";"05";"2023";"04:50";"3";"11";"11262";"1";"1";"1";"6";"";"43,22416100";"3,04525100"
"202300024271";"26";"01";"2023";"20:10";"3";"37";"37261";"1";"4";"2";"2";"Bretelle d'entrée A10";"47,39148900";"0,70592500"
"202300024272";"8";"03";"2023";"15:40";"1";"68";"68138";"2";"2";"2";"3";"7 Rue de Bettendorf";"47,58575300";"7,25879300"
"202300024273";"26";"01";"2023";"19:30";"3";"51";"51527";"1";"1";"8";"1";"D28";"49,25804910";"3,78746688"
"202300024274";"28";"05";"2023";"07:00";"1";"63";"63283";"1";"1";"5";"6";"D941";"45,85673100";"2,66970400"
"202300024275";"15";"11";"2023";"18:50";"5";"68";"68145";"2";"1";"1";"3";"38 Grand'Rue";"48,08137800";"7,39232400"
"202300024276";"26";"01";"2023";"11:15";"1";"2B";"2B218";"1";"1";"1";"6";"T50";"42,21198300";"9,31943700"
"202300024277";"9";"03";"2023";"12:30";"1";"22";"22366";"2";"1";"2";"6";"Rue Beaumanoir";"48,60390700";" -3,61182000"
"202300024278";"26";"01";"2023";"20:55";"5";"2B";"2B050";"1";"1";"1";"7";"Route de l?Aeroport";"42,54925500";"8,78352600"
"202300024279";"15";"11";"2023";"18:35";"3";"974";"97404";"1";"6";"1";"7";"Avenue de l'Océan";" -21,26252000";"55,33907400"
"202300024280";"28";"05";"2023";"10:45";"1";"63";"63239";"2";"1";"1";"3";"départemental 9";"45,70315800";"3,35742800"
"202300024281";"10";"03";"2023";"12:30";"1";"22";"22147";"2";"1";"1";"1";"27 Rue Philippe Lemercier";"48,19104400";" -2,40956000"
"202300024282";"27";"05";"2023";"18:10";"1";"61";"61309";"1";"1";"1";"6";"D920";"48,39531100";"0,62796100"
"202300024283";"14";"11";"2023";"06:50";"1";"972";"97227";"1";"1";"1";"6";"Les Coteaux";"14,50022200";" -60,98173900"
"202300024284";"27";"01";"2023";"04:40";"4";"63";"63073";"1";"1";"4";"7";"D23";"45,57829200";"3,17528100"
"202300024285";"9";"03";"2023";"11:45";"1";"35";"35068";"2";"1";"2";"1";"Rue de Vitré";"48,11115600";" -1,38422900"
"202300024286";"29";"10";"2023";"13:00";"1";"51";"51029";"2";"1";"1";"7";"route départementale 9, PR 48+500";"48,97917800";"4,02847400"
"202300024287";"28";"05";"2023";"05:50";"3";"49";"49125";"2";"4";"1";"7";"Boulevard jacques savary";"47,18307400";" -0,26441200"
"202300024288";"26";"01";"2023";"18:00";"2";"47";"47100";"2";"1";"1";"6";"Avenue de la Candélie";"44,23690900";"0,64899300"
"202300024289";"15";"11";"2023";"17:20";"2";"56";"56193";"1";"1";"2";"6";"route de merlevenez";"47,71676400";" -3,29810900"
"202300024290";"20";"01";"2023";"18:40";"3";"34";"34028";"2";"1";"4";"7";"352 Impasse Rouanels";"43,62135100";"3,15391300"
"202300024291";"29";"10";"2023";"12:30";"1";"2A";"2A017";"1";"1";"1";"6";"D81";"42,01617400";"8,72906700"
"202300024292";"20";"01";"2023";"08:05";"1";"44";"44084";"2";"1";"8";"6";"29 Rue du Fresne";"47,24096500";" -1,34668800"
"202300024293";"9";"03";"2023";"18:20";"1";"35";"35299";"1";"1";"2";"5";"29 route de saint-malo";"48,65285700";" -1,93157100"
"202300024294";"27";"05";"2023";"20:55";"2";"12";"12182";"1";"1";"1";"6";"Le Truel";"44,44499300";"2,93601900"
"202300024295";"18";"01";"2023";"22:51";"3";"44";"44192";"1";"1";"1";"7";"1 Les Breteches";"47,25092900";" -2,01481100"
"202300024296";"27";"05";"2023";"01:55";"3";"47";"47119";"1";"1";"1";"6";"Larché";"44,19429800";" -0,00815400"
"202300024297";"10";"03";"2023";"11:45";"1";"58";"58079";"1";"1";"8";"2";"N151";"47,45171500";"3,48884600"
"202300024298";"26";"01";"2023";"10:50";"1";"29";"29062";"1";"1";"1";"6";"Penc?hoad";"48,16287600";" -4,01139400"
"202300024299";"10";"11";"2023";"14:40";"1";"32";"32256";"2";"1";"3";"1";"Boulevard Alsace Lorraine";"43,51211200";"0,40644000"
"202300024300";"10";"03";"2023";"12:37";"1";"58";"58122";"1";"1";"6";"6";"D1";"47,28237300";"3,07299600"
"202300024301";"27";"01";"2023";"05:30";"4";"03";"03223";"2";"4";"5";"3";"Place de la Bruyère";"46,14603100";"3,55090100"
"202300024302";"27";"05";"2023";"15:20";"1";"41";"41296";"1";"2";"1";"3";"Route C2";"47,62188700";"2,07609400"
"202300024303";"16";"11";"2023";"16:40";"1";"89";"89276";"1";"1";"2";"1";"Route Nationale 77";"48,05313500";"3,79923100"
"202300024304";"10";"03";"2023";"12:25";"1";"06";"06059";"1";"1";"1";"3";"676 Avenue Georges Clemenceau";"43,73067000";"7,37419200"
"202300024305";"13";"11";"2023";"16:00";"1";"49";"49339";"1";"1";"2";"6";"Chemin rural des Palluaux";"47,56138400";" -0,54697200"
"202300024306";"26";"05";"2023";"11:20";"1";"34";"34194";"2";"3";"1";"3";"70 Cours National";"43,53985800";"3,45840500"
"202300024307";"25";"01";"2023";"07:35";"3";"01";"01258";"1";"2";"1";"3";"D17";"46,09617000";"4,81095400"
"202300024308";"8";"03";"2023";"09:45";"1";"60";"60577";"2";"1";"1";"1";"Chemin du Grand Pre";"49,43806400";"1,74997000"
"202300024309";"25";"01";"2023";"14:15";"1";"58";"58250";"1";"1";"1";"6";"D34";"46,85194500";"3,45718500"
"202300024310";"28";"05";"2023";"16:00";"1";"34";"34036";"2";"1";"1";"6";"6 route du Bosc";"43,70121000";"3,37154700"
"202300024311";"15";"11";"2023";"07:50";"2";"12";"12288";"1";"3";"8";"3";"D840";"44,43021900";"2,45090600"
"202300024312";"1";"01";"2023";"07:15";"3";"14";"14290";"2";"1";"1";"6";"D132";"49,06867683";" -0,36797628"
"202300024313";"7";"03";"2023";"11:40";"1";"18";"18223";"1";"1";"1";"2";"Route de Méry Es Bois";"47,22015800";"2,39587200"
"202300024314";"28";"05";"2023";"09:00";"1";"39";"39478";"2";"1";"1";"6";"Avenue de la Libération";"46,37848300";"5,84885200"
"202300024315";"27";"01";"2023";"17:00";"1";"18";"18242";"1";"1";"1";"1";"";"46,81769400";"2,91433800"
"202300024316";"5";"03";"2023";"21:30";"3";"16";"16082";"2";"1";"1";"6";"D19";"45,47849456";"0,21320676"
"202300024317";"27";"05";"2023";"13:10";"1";"39";"39510";"1";"1";"1";"6";"N/A";"46,36862700";"5,91519000"
"202300024318";"15";"11";"2023";"20:00";"3";"47";"47173";"1";"4";"1";"1";"RD 667";"44,42943600";"0,49404700"
"202300024319";"26";"01";"2023";"16:20";"1";"10";"10401";"2";"4";"1";"3";"Rue de la Promenade du Parc";"48,23089700";"4,47253400"
"202300024320";"18";"05";"2023";"08:15";"2";"39";"39510";"1";"1";"1";"6";"N/A";"46,35959500";"5,89886600"
"202300024321";"16";"11";"2023";"09:45";"1";"34";"34142";"1";"1";"1";"7";"Lodève";"43,69749500";"3,33813800"
"202300024322";"9";"03";"2023";"16:25";"1";"21";"21479";"1";"1";"7";"1";"D6 PK 22+250";"47,51450500";"4,80006000"
"202300024323";"26";"01";"2023";"17:05";"2";"21";"21154";"2";"1";"8";"6";"Rue de la Libération";"47,86496307";"4,57424146"
"202300024324";"27";"01";"2023";"13:15";"1";"85";"85289";"1";"1";"1";"7";"RD49 ";"46,61762500";" -0,64995300"
"202300024325";"10";"11";"2023";"07:35";"2";"35";"35069";"2";"1";"2";"6";"D92";"48,05321400";" -1,51192900"
"202300024326";"27";"01";"2023";"12:50";"1";"87";"87097";"1";"1";"2";"1";"D62";"46,04319400";"0,87625600"
"202300024327";"9";"03";"2023";"18:50";"2";"85";"85172";"1";"2";"1";"1";"Route des birollières";"46,82416000";" -1,94247400"
"202300024328";"15";"11";"2023";"22:00";"3";"35";"35284";"1";"1";"2";"6";"Departemantal 137";"48,60672500";" -1,97676400"
"202300024329";"26";"01";"2023";"14:07";"1";"34";"34255";"2";"1";"1";"6";"4 Avenue du Clapas";"43,69042000";"3,80729400"
"202300024330";"27";"05";"2023";"10:50";"1";"38";"38257";"1";"6";"1";"3";"D520";"45,48545100";"5,39792400"
"202300024331";"9";"03";"2023";"23:15";"3";"27";"27243";"1";"1";"8";"7";"CD 180";"49,39714300";"0,31342700"
"202300024332";"17";"01";"2023";"14:45";"1";"53";"53267";"1";"1";"8";"7";"A81";"48,05895800";" -0,50466300"
"202300024333";"15";"11";"2023";"14:00";"1";"35";"35243";"1";"1";"1";"1";"La Renaudière";"48,36963131";" -1,23882651"
"202300024334";"27";"01";"2023";"07:20";"2";"06";"06088";"1";"1";"1";"6";"A8, Pk 188.800 chaussée sud";"43,69226600";"7,18960800"
"202300024335";"28";"05";"2023";"11:47";"1";"02";"02382";"1";"1";"1";"3";"N/A";"49,85113200";"3,20282100"
"202300024336";"8";"03";"2023";"22:10";"3";"28";"28098";"1";"2";"3";"3";"D308.4";"48,74341300";"1,44676700"
"202300024337";"19";"01";"2023";"07:10";"3";"64";"64545";"1";"1";"4";"6";"A63";"43,35827700";" -1,71103000"