"Num_Acc";"jour";"mois";"an";"hrmn";"lum";"dep";"com";"agg";"int";"atm";"col";"adr";"lat";"long"
"202300024733";"11";"09";"2023";"17:56";"1";"81";"81101";"1";"1";"1";"3";"N88";"43,99036000";"2,17445600"
"202300024734";"13";"11";"2023";"22:30";"5";"69";"69290";"2";"1";"1";"6";"Rue de l'Industrie";"45,68842024";"4,93208368"
"202300024735";"11";"09";"2023";"18:30";"1";"71";"71370";"1";"1";"1";"1";"route de roche";"46,56305000";"4,02039000"
"202300024736";"19";"12";"2023";"04:50";"5";"13";"13103";"2";"3";"1";"3";"AVENUE FABRE -JULIEN";"43,63954000";"5,10254000"
"202300024737";"13";"11";"2023";"15:30";"1";"69";"69290";"2";"1";"8";"3";"Rue de l'Egalité";"45,69177000";"4,94633000"
"202300024738";"11";"09";"2023";"10:40";"1";"46";"46086";"1";"1";"1";"6";"Rue de Malastreges";"44,96348500";"1,56297700"
"202300024739";"20";"12";"2023";"01:05";"5";"13";"13214";"2";"1";"1";"1";"CAPITAINE GEZE (BOULEVARD)";"43,33124000";"5,37408000"
"202300024740";"12";"09";"2023";"08:30";"2";"44";"44116";"2";"1";"1";"6";"29 Rue René Moritz";"47,28344300";" -2,03243300"
"202300024741";"9";"11";"2023";"17:30";"2";"69";"69091";"2";"1";"2";"1";"Chemin de la Forestière";"45,59157378";"4,73840557"
"202300024742";"19";"12";"2023";"14:30";"1";"13";"13203";"2";"2";"1";"1";"STRASBOURG (BOULEVARD)";"43,30904000";"5,37837000"
"202300024743";"13";"11";"2023";"15:50";"1";"66";"66136";"2";"1";"1";"6";"Avenue du LANGUEDOC";"42,72852000";"2,88833000"
"202300024744";"12";"09";"2023";"12:00";"1";"29";"29158";"2";"2";"1";"1";"Rue du Menhir Couché";"47,81972262";" -4,35787618"
"202300024745";"14";"11";"2023";"10:00";"1";"63";"63300";"2";"1";"2";"6";"VIRLOGEUX (AVENUE)";"45,89032000";"3,11815000"
"202300024746";"19";"12";"2023";"12:29";"1";"13";"13211";"2";"1";"1";"6";"RAOUL FOLLEREAU (AV)";"43,29390000";"5,44570000"
"202300024747";"10";"09";"2023";"10:30";"1";"84";"84017";"1";"2";"1";"3";"Route de Flassan";"44,11676900";"5,19190900"
"202300024748";"8";"12";"2023";"19:00";"5";"12";"12145";"2";"1";"2";"3";"MERLE ALFRED";"44,10178150";"3,07510239"
"202300024749";"13";"11";"2023";"07:40";"2";"63";"63300";"1";"9";"1";"3";"RD227 / chemin des Pêchers";"45,90778000";"3,09437000"
"202300024750";"12";"09";"2023";"13:00";"1";"70";"70056";"2";"4";"1";"3";"Grande Rue";"47,78635600";"6,01117900"
"202300024751";"19";"12";"2023";"15:30";"1";"10";"10387";"2";"1";"1";"7";"TURENNE (RUE DE)";"48,29423000";"4,07262000"
"202300024752";"11";"09";"2023";"18:20";"1";"70";"70428";"2";"1";"7";"6";"29 Rue Gustave Courtois";"47,65293600";"6,12346700"
"202300024753";"14";"11";"2023";"09:00";"1";"63";"63113";"2";"3";"1";"1";"PASTEUR (BD)";"45,77273000";"3,07832000"
"202300024754";"12";"09";"2023";"14:50";"1";"58";"58110";"1";"1";"1";"7";"Hameau des Quatre Vents";"47,17945300";"3,73547200"
"202300024755";"9";"11";"2023";"11:00";"1";"62";"62178";"2";"6";"1";"7";"D841";"50,49361000";"2,57174200"
"202300024756";"19";"12";"2023";"16:00";"1";"06";"06069";"2";"1";"1";"2";"RIOU BLANQUET (TRAVERSE DE)";"43,66119990";"6,92413100"
"202300024757";"9";"09";"2023";"04:00";"3";"45";"45272";"1";"1";"1";"6";"D2020 PR 36 + 950";"47,83461400";"1,91695300"
"202300024758";"13";"11";"2023";"19:15";"5";"58";"58194";"2";"1";"2";"1";"SAINT GILDARD";"46,99233000";"3,14942000"
"202300024759";"18";"12";"2023";"12:00";"1";"05";"05061";"2";"1";"1";"6";"Bernard GIVAUDAN (Avenue) D900B";"44,54166000";"6,06459000"
"202300024760";"11";"09";"2023";"17:00";"1";"64";"64555";"2";"1";"1";"3";"D936, route des pyrénées";"43,34688700";" -0,79353700"
"202300024761";"7";"11";"2023";"01:15";"4";"58";"58194";"2";"3";"2";"6";"RIVAGE";"46,98880000";"3,16327000"
"202300024762";"12";"09";"2023";"01:30";"3";"64";"64123";"1";"1";"3";"6";"2435 Route de Saint-Palais";"43,46102200";" -1,14435100"
"202300024763";"9";"06";"2023";"14:00";"1";"73";"73007";"1";"4";"1";"3";"D72 / Route de la Muraz";"45,56277200";"6,27528500"
"202300024764";"19";"12";"2023";"16:30";"2";"03";"03185";"2";"2";"1";"6";"KENNEDY ( AVENUE JOHN )";"46,32810000";"2,60872000"
"202300024765";"8";"09";"2023";"15:45";"1";"43";"43163";"1";"1";"1";"7";"D501";"45,25558500";"4,40026000"
"202300024766";"14";"11";"2023";"08:36";"2";"56";"56083";"2";"1";"2";"6";"Rue Nationale";"47,80559000";" -3,27485000"
"202300024767";"10";"09";"2023";"17:15";"1";"21";"21500";"1";"1";"1";"6";"Route de Marigny";"47,50379000";"4,45871100"
"202300024768";"13";"11";"2023";"18:40";"5";"56";"56121";"2";"6";"8";"3";"FAOUEDIC ( AVE DU )";"47,74780000";" -3,36494000"
"202300024769";"18";"12";"2023";"15:00";"1";"02";"02738";"1";"1";"1";"2";"N/A";"49,66396000";"3,26418000"
"202300024770";"8";"09";"2023";"09:15";"1";"24";"24133";"1";"4";"7";"1";"La Meynardie (Château)";"45,54866300";"0,99144100"
"202300024771";"14";"11";"2023";"18:50";"5";"54";"54395";"2";"1";"2";"3";"Rue Saint-Léon";"48,68841000";"6,17341000"
"202300024772";"9";"09";"2023";"15:40";"1";"85";"85154";"1";"1";"1";"6";"RD 949B";"46,67709800";" -0,85917920"
"202300024773";"13";"11";"2023";"18:20";"5";"54";"54547";"2";"1";"3";"6";"Rue de Gembloux";"48,66140000";"6,17866000"
"202300024774";"19";"12";"2023";"11:26";"1";"75";"75108";"2";"7";"1";"3";"PLACE DE LA CONCORDE";"48,86667200";"2,32202000"
"202300024775";"11";"09";"2023";"13:30";"1";"85";"85295";"2";"2";"1";"6";"RD 753";"46,98495000";" -1,22876600"
"202300024776";"19";"12";"2023";"19:35";"5";"75";"75106";"2";"1";"2";"3";"RUE DE RENNES";"48,84523100";"2,32521700"
"202300024777";"13";"11";"2023";"17:45";"4";"54";"54547";"2";"3";"2";"3";"Avenue Jeanne d'Arc";"48,66055000";"6,18582000"
"202300024778";"11";"09";"2023";"23:15";"3";"85";"85146";"1";"2";"1";"3";"RD 86";"46,92551250";" -1,31374720"
"202300024779";"10";"09";"2023";"03:25";"3";"27";"27267";"1";"1";"1";"3";"route départementale 137";"49,24758200";"0,67252600"
"202300024780";"19";"12";"2023";"11:30";"1";"75";"75120";"2";"2";"1";"6";"RUE DE MENILMONTANT";"48,86830900";"2,38819100"
"202300024781";"13";"11";"2023";"15:00";"1";"54";"54395";"2";"3";"1";"3";"Boulevard Charlemagne";"48,68259000";"6,16220000"
"202300024782";"12";"09";"2023";"17:20";"1";"27";"27057";"1";"2";"1";"3";"RD  613 PK 034.234";"49,05958200";"1,04076100"
"202300024783";"14";"11";"2023";"18:15";"5";"53";"53130";"2";"1";"1";"6";"CARRES ( RUE DES GRANDS )";"48,07889000";" -0,75410000"
"202300024784";"19";"12";"2023";"15:21";"1";"75";"75119";"2";"2";"1";"2";"RUE DE CRIMEE";"48,89530500";"2,37205200"
"202300024785";"10";"09";"2023";"14:40";"1";"30";"30259";"2";"1";"1";"1";"Route d’Uzes";"44,10853500";"4,11591400"
"202300024786";"14";"11";"2023";"08:00";"2";"51";"51454";"2";"2";"8";"3";"HOURLIER (RUE LEON)";"49,26516600";"4,02896300"
"202300024787";"19";"12";"2023";"20:30";"5";"75";"75118";"2";"2";"2";"6";"AVENUE DE LA PORTE DE CLIGNANCOURT";"48,90069700";"2,34420500"
"202300024788";"12";"09";"2023";"07:40";"1";"88";"88304";"2";"1";"1";"2";"281 Av du Mal de Lattre de Tassigny";"48,29328700";"6,13184100"
"202300024789";"29";"08";"2023";"15:35";"1";"35";"35210";"1";"1";"1";"7";"RN12";"48,14334000";" -1,77870000"
"202300024790";"14";"11";"2023";"15:15";"1";"50";"50218";"2";"6";"2";"1";"VENDEENS (AV DES)";"48,83270000";" -1,57352000"
"202300024791";"18";"12";"2023";"22:28";"5";"75";"75116";"2";"7";"1";"1";"AVENUE DE VERSAILLES";"48,84741600";"2,27373100"
"202300024792";"14";"11";"2023";"17:10";"1";"49";"49328";"2";"1";"1";"1";"ROMANS (RUE DES)";"47,24522000";" -0,10716000"
"202300024793";"11";"09";"2023";"19:00";"1";"82";"82037";"1";"1";"1";"5";"A20";"44,14461500";"1,50418300"
"202300024794";"19";"12";"2023";"12:35";"1";"75";"75115";"2";"1";"1";"5";"RUE DE LA CROIX NIVERT";"48,84046900";"2,29075100"
"202300024795";"13";"11";"2023";"19:15";"5";"49";"49007";"2";"1";"1";"3";"AYRAULT";"47,47739000";" -0,55324000"
"202300024796";"11";"09";"2023";"12:30";"1";"69";"69173";"1";"1";"1";"3";"Autoroute 89";"45,87259400";"4,54916300"
"202300024797";"14";"11";"2023";"19:00";"5";"45";"45234";"2";"1";"1";"6";"Avenue de l'Hôpital";"47,83486000";"1,91820000"
"202300024798";"11";"09";"2023";"22:40";"3";"33";"33343";"1";"1";"3";"7";"A62";"44,57920400";" -0,33006500"
"202300024799";"19";"12";"2023";"12:05";"1";"75";"75115";"2";"3";"1";"3";"RUE LINOIS";"48,84852800";"2,28285800"
"202300024800";"13";"11";"2023";"17:50";"2";"45";"45075";"2";"1";"3";"6";"D2152 PR 78 + 294";"47,88798000";"1,83260000"
"202300024801";"11";"09";"2023";"17:40";"1";"11";"11398";"1";"1";"8";"7";"N/A";"42,92228000";"2,93470100"
"202300024802";"18";"12";"2023";"09:00";"1";"75";"75114";"2";"2";"8";"6";"AVENUE REILLE";"48,82422400";"2,33607800"
"202300024803";"9";"11";"2023";"09:30";"1";"42";"42218";"2";"2";"3";"6";"Rue des Passementiers";"45,42151000";"4,39742000"
"202300024804";"9";"09";"2023";"12:10";"1";"29";"29233";"1";"3";"1";"5";"Rue Rene Gasnier de Fresne";"47,86118200";" -3,57897900"
"202300024805";"18";"12";"2023";"13:00";"1";"75";"75113";"2";"5";"1";"6";"RUE BOBILLOT";"48,82813600";"2,35277900"
"202300024806";"31";"10";"2023";"18:30";"5";"42";"42218";"2";"1";"1";"3";"Boulevard Alfred de Musset";"45,44238000";"4,37911000"
"202300024807";"11";"09";"2023";"09:35";"1";"77";"77183";"2";"1";"1";"3";"87 Rue de Condé";"48,94406600";"3,12889900"
"202300024808";"19";"12";"2023";"00:20";"5";"75";"75112";"2";"4";"1";"6";"BOULEVARD DE BERCY";"48,84026700";"2,38058800"
"202300024809";"14";"11";"2023";"18:35";"3";"41";"41018";"2";"1";"6";"2";"RD 957";"47,61359000";"1,33512000"
"202300024810";"10";"09";"2023";"06:00";"2";"78";"78531";"1";"9";"1";"4";"A13 PK54 Sens Paris/Province";"49,00188890";"1,60768460"
"202300024811";"14";"11";"2023";"13:15";"1";"41";"41018";"2";"1";"1";"1";"RIFFAULT (RUE EUGENE)";"47,59187000";"1,34274000"
"202300024812";"18";"12";"2023";"17:05";"5";"94";"94046";"2";"2";"8";"2";"Rue de Gravelle";"48,81100000";"2,45200000"
"202300024813";"9";"09";"2023";"05:55";"3";"84";"84150";"1";"1";"1";"6";"D976";"44,33221400";"4,94731300"
"202300024814";"19";"12";"2023";"16:00";"1";"94";"94065";"1";"1";"1";"6";"Rue du Lion";"48,74171742";"2,35605660"
"202300024815";"14";"11";"2023";"13:40";"1";"41";"41018";"2";"9";"8";"1";"GENTIL (BOULEVARD RENE)";"47,57920000";"1,35023000"
"202300024816";"10";"09";"2023";"21:20";"3";"83";"83107";"1";"1";"1";"6";"D7";"43,41338927";"6,70332527"
"202300024817";"12";"09";"2023";"08:05";"1";"38";"38158";"1";"1";"1";"3";"avenue des maquis de l'oisans";"45,14816300";"5,76003300"
"202300024818";"11";"11";"2023";"09:50";"1";"41";"41295";"1";"1";"2";"1";"D951";"47,60516000";"1,37670000"
"202300024819";"14";"11";"2023";"18:31";"5";"38";"38563";"1";"6";"3";"6";"D1076";"45,35002000";"5,56871000"
"202300024820";"11";"09";"2023";"16:30";"1";"86";"86294";"2";"2";"1";"3";"Place Francois Albert";"46,63895600";"0,16551100"
"202300024821";"14";"11";"2023";"10:10";"1";"37";"37214";"2";"1";"2";"6";"RD 37";"47,39404525";"0,64710313"
"202300024822";"19";"12";"2023";"08:50";"1";"94";"94028";"2";"9";"1";"3";"Route de la Pompadour";"48,77296500";"2,44478300"
"202300024823";"12";"09";"2023";"06:45";"5";"33";"33056";"2";"1";"8";"1";"Rue Jean Duvert";"44,91873900";" -0,61284200"
"202300024824";"11";"09";"2023";"20:30";"2";"14";"14328";"2";"1";"1";"6";"30 Rue de Verdun";"49,22171800";" -0,24502500"
"202300024825";"19";"12";"2023";"22:26";"5";"94";"94077";"2";"1";"2";"6";"Voie de Seine";"48,74168000";"2,42935000"
"202300024826";"14";"11";"2023";"14:30";"1";"35";"35238";"2";"5";"1";"6";"PATTON (AVENUE DU GENERAL SIR GEORGES)";"48,13845000";" -1,65862000"
"202300024827";"11";"09";"2023";"19:50";"2";"60";"60015";"2";"6";"1";"7";"Rue Roger Salengro";"49,32550000";"2,32547000"
"202300024828";"19";"12";"2023";"19:15";"5";"94";"94017";"2";"1";"3";"6";"Avenue Maurice Thorez";"48,81630826";"2,53857534"
"202300024829";"14";"11";"2023";"11:20";"1";"35";"35238";"2";"1";"2";"6";"LOUIS D'OR ( DU)";"48,11317000";" -1,68578000"
"202300024830";"11";"09";"2023";"16:45";"1";"80";"80393";"1";"2";"1";"2";"D1017";"49,73024900";"2,80501100"
"202300024831";"19";"12";"2023";"15:25";"1";"93";"93055";"2";"2";"1";"6";"Avenue Édouard Vaillant / Impasse d’Aubervilliers";"48,90276000";"2,39282000"
"202300024832";"12";"09";"2023";"13:55";"1";"59";"59214";"1";"2";"1";"3";"D956";"50,30030200";"3,05571700"
"202300024833";"14";"11";"2023";"11:15";"1";"35";"35051";"1";"1";"2";"2";"LAVIAUX (LIEU-DIT)";"48,11250000";" -1,58246000"
"202300024834";"9";"09";"2023";"20:20";"2";"59";"59285";"2";"1";"1";"1";"D955";"50,27073200";"3,40844400"
"202300024835";"19";"12";"2023";"01:30";"3";"93";"93074";"2";"9";"1";"7";"Rue de Sevran";"48,93417800";"2,56220200"
"202300024836";"13";"11";"2023";"22:00";"3";"35";"35055";"1";"1";"1";"6";"RD 463";"48,07526200";" -1,58160100"
"202300024837";"11";"09";"2023";"13:45";"1";"59";"59034";"2";"1";"1";"3";"Rue du Croquet";"50,52291900";"3,08709100"
"202300024838";"19";"12";"2023";"13:00";"1";"93";"93005";"2";"1";"1";"3";"Chemin du Moulin de la Ville";"48,95048900";"2,49573400"
"202300024839";"14";"11";"2023";"12:15";"1";"35";"35115";"2";"1";"2";"2";"CHESNARDIERE (BD DE LA DU N°2 AU N°34)";"48,34842000";" -1,19541000"
"202300024840";"11";"09";"2023";"13:50";"1";"83";"83126";"1";"1";"1";"2";"A50";"43,11955000";"5,86093000"
"202300024841";"19";"12";"2023";"08:45";"1";"92";"92046";"2";"1";"8";"6";"PIERRE BROSSOLETTE";"48,81821680";"2,30856478"
"202300024842";"14";"11";"2023";"11:40";"1";"34";"34172";"2";"1";"1";"3";"VANIERES (AVENUE DE)";"43,59648000";"3,84520000"
"202300024843";"11";"09";"2023";"15:40";"1";"33";"33065";"1";"1";"1";"3";"ROUTE NATIONALE 230";"44,82867000";" -0,50341000"
"202300024844";"13";"11";"2023";"23:30";"5";"34";"34172";"2";"1";"1";"7";"MALBOSC (RUE DE)";"43,62693000";"3,83143000"
"202300024845";"11";"09";"2023";"19:00";"1";"94";"94003";"1";"1";"1";"3";"A6A";"48,80831322";"2,34031176"
"202300024846";"19";"12";"2023";"19:50";"5";"92";"92050";"2";"1";"2";"3";"BOULEVARD DE LA DEFENSE";"48,90685000";"2,21226000"
"202300024847";"14";"11";"2023";"20:05";"5";"33";"33281";"2";"2";"8";"3";"Avenue de Foncastel";"44,83461000";" -0,63724000"
"202300024848";"11";"09";"2023";"18:15";"1";"91";"91235";"1";"1";"1";"2";"RN 104";"48,62486000";"2,36368000"
"202300024849";"19";"12";"2023";"18:25";"5";"92";"92050";"2";"1";"2";"6";"ARAGO FRANCOIS AVENUE";"48,90080852";"2,22457767"
"202300024850";"11";"09";"2023";"03:57";"3";"92";"92019";"1";"1";"1";"6";"RN 385";"48,75993977";"2,27329095"
"202300024851";"14";"11";"2023";"19:02";"2";"33";"33281";"2";"6";"2";"3";"Avenue de Bourranville";"44,84340713";" -0,63200891"
"202300024852";"19";"12";"2023";"18:00";"5";"92";"92044";"2";"1";"2";"7";"BINEAU (BOULEVARD)";"48,88658872";"2,28413254"
"202300024853";"10";"09";"2023";"21:15";"5";"92";"92064";"2";"1";"1";"6";"A13";"48,83936013";"2,21689418"
"202300024854";"18";"12";"2023";"19:40";"5";"92";"92044";"2";"1";"1";"2";"CHARLES PASQUA(QUAI) 2 A 30";"48,90067000";"2,28398000"
"202300024855";"14";"11";"2023";"08:22";"1";"33";"33063";"2";"3";"2";"3";"Cours Victor Hugo";"44,83500000";" -0,57203000"
"202300024856";"10";"09";"2023";"18:35";"1";"78";"78545";"1";"1";"1";"7";"A12 W";"48,80842900";"2,05393500"
"202300024857";"10";"09";"2023";"14:25";"1";"92";"92026";"1";"1";"1";"7";"A14";"48,88749184";"2,25218368"
"202300024858";"14";"11";"2023";"10:00";"1";"33";"33529";"2";"1";"1";"3";"MARIOLAN (CH. DE)";"44,64736900";" -1,15613400"
"202300024859";"19";"12";"2023";"08:45";"1";"92";"92040";"2";"3";"1";"3";"GALLIENI (BOULEVARD)";"48,82463897";"2,26782471"
"202300024860";"10";"09";"2023";"11:10";"1";"92";"92064";"1";"1";"7";"3";"A13";"48,83956984";"2,21301550"
"202300024861";"19";"12";"2023";"16:50";"5";"92";"92026";"2";"2";"2";"2";"JULES FERRY ( RUE )";"48,89876053";"2,26241648"
"202300024862";"13";"11";"2023";"22:20";"5";"29";"29019";"2";"6";"1";"3";"place Albert Premier";"48,39813800";" -4,48901900"
"202300024863";"11";"09";"2023";"11:15";"1";"93";"93005";"1";"1";"1";"3";"AUTOROUTE A3";"48,96878607";"2,48061025"
"202300024864";"13";"12";"2023";"20:20";"5";"92";"92025";"2";"1";"1";"6";"CHARLES DE GAULLE (BD)";"48,91426630";"2,22913519"
"202300024865";"13";"11";"2023";"07:40";"5";"29";"29019";"2";"8";"3";"3";"rue Dupuy de Lome";"48,38896900";" -4,51488700"
"202300024866";"11";"09";"2023";"08:50";"1";"95";"95252";"1";"1";"1";"3";"A15";"48,98829419";"2,20429427"
"202300024867";"19";"12";"2023";"17:55";"5";"92";"92019";"2";"2";"2";"6";"DIVISION LECLERC (AVENUE DE LA)";"48,76275368";"2,27988929"
"202300024868";"11";"09";"2023";"05:30";"3";"93";"93001";"1";"1";"1";"3";"AUTOROUTE A86";"48,92155225";"2,36732304"
"202300024869";"4";"07";"2023";"18:45";"1";"74";"74134";"1";"1";"1";"1";"D902";"46,14221400";"6,64275900"
"202300024870";"19";"12";"2023";"11:40";"1";"92";"92012";"2";"3";"8";"3";"JEAN JAURES (BOULEVARD) 63/215 - 70/208";"48,83531166";"2,24256098"
"202300024871";"30";"06";"2023";"19:20";"1";"74";"74164";"1";"1";"2";"6";"N/A";"46,11346800";"6,50244700"
"202300024872";"14";"11";"2023";"13:15";"1";"26";"26198";"1";"1";"1";"1";"Route de Sauzet";"44,56309000";"4,76434000"
"202300024873";"19";"12";"2023";"09:40";"1";"92";"92012";"2";"9";"8";"3";"JEAN JAURES (BOULEVARD) 63/215 - 70/208";"48,83465518";"2,24294454"
"202300024874";"28";"06";"2023";"17:54";"1";"74";"74010";"1";"1";"1";"7";"Route de cuvat";"45,95960100";"6,11847300"
"202300024875";"14";"11";"2023";"10:00";"1";"25";"25462";"2";"1";"2";"1";"ROCADE G.POMPIDOU (DU 25 A LA FIN)";"46,90223000";"6,32967000"
"202300024876";"18";"12";"2023";"16:42";"1";"92";"92007";"2";"3";"1";"7";"PICHETS (RUE DES)";"48,78860335";"2,30452806"
"202300024877";"28";"06";"2023";"12:30";"1";"74";"74264";"1";"4";"1";"3";"D1205";"46,06281700";"6,54470800"
"202300024878";"14";"11";"2023";"19:20";"5";"25";"25056";"2";"1";"2";"1";"GRAY ROUTE DE";"47,24460100";"5,99343300"
"202300024879";"27";"06";"2023";"19:15";"1";"74";"74042";"2";"3";"1";"6";"Quai du bargy_";"46,07550100";"6,41278600"
"202300024880";"18";"12";"2023";"20:50";"5";"92";"92004";"2";"2";"1";"3";"GAMBETTA (RUE)";"48,90973386";"2,29284570"
"202300024881";"14";"11";"2023";"11:45";"1";"25";"25056";"2";"3";"2";"3";"MONTRAPON AVENUE DE";"47,24615000";"6,00916000"
"202300024882";"27";"06";"2023";"07:10";"1";"74";"74042";"2";"1";"1";"3";"587 Avenue des glières";"46,07344600";"6,40130100"
"202300024883";"19";"12";"2023";"16:50";"5";"92";"92014";"2";"1";"1";"6";"GENERAL LECLERC (AV.) (57 A 135 - 50 A 1";"48,78220264";"2,31649160"
"202300024884";"19";"12";"2023";"17:15";"3";"50";"50565";"2";"1";"2";"6";"19 Grande Rue";"48,75355000";" -1,45814000"
"202300024885";"25";"06";"2023";"19:25";"1";"74";"74140";"1";"4";"1";"3";"Route du Col";"46,26663900";"6,46277700"
"202300024886";"13";"11";"2023";"17:46";"5";"17";"17333";"2";"2";"2";"3";"JAURES (AVENUE)";"45,61306000";" -0,99427000"
"202300024887";"24";"06";"2023";"19:30";"1";"74";"74264";"2";"1";"1";"6";"914, RUE DU CROZET";"46,06656100";"6,53866200"
"202300024888";"9";"11";"2023";"18:25";"3";"17";"17306";"2";"9";"2";"3";"HEDDE (AVENUE DANIEL)";"45,63186000";" -1,03194000"
"202300024889";"16";"12";"2023";"21:30";"5";"68";"68112";"2";"2";"1";"3";"Route d'Issenheim";"47,90362700";"7,22199800"
"202300024890";"19";"06";"2023";"08:30";"1";"74";"74234";"1";"3";"1";"3";"D1508";"45,75796700";"6,31538200"
"202300024891";"19";"10";"2023";"07:12";"5";"30";"30032";"2";"6";"1";"6";"RD PT DES FONTETES";"43,80708000";"4,63822000"
"202300024892";"19";"12";"2023";"17:25";"3";"95";"95134";"1";"1";"2";"4";"D301";"49,13593271";"2,25483120"
"202300024893";"18";"06";"2023";"17:05";"1";"74";"74094";"2";"1";"1";"6";"413 Route de montagny";"46,17810300";"6,29609400"
"202300024894";"24";"06";"2023";"17:00";"1";"74";"74212";"1";"1";"1";"7";"D12";"45,94042200";"6,40207900"
"202300024895";"20";"12";"2023";"16:35";"1";"31";"31575";"1";"1";"2";"6";"Fourbet";"43,52331956";"1,42628342"
"202300024896";"14";"11";"2023";"20:00";"5";"13";"13215";"2";"2";"1";"1";"LE CHATELIER";"43,34631000";"5,36612000"
"202300024897";"17";"06";"2023";"14:30";"1";"74";"74188";"1";"1";"1";"7";"Route du lac";"46,20733900";"6,71648700"
"202300024898";"17";"06";"2023";"11:53";"1";"74";"74136";"1";"1";"1";"1";"Route de la colombière";"45,97620000";"6,46509500"
"202300024899";"19";"12";"2023";"15:45";"1";"972";"97214";"1";"3";"1";"2";"chemin bon repos";"14,84397300";" -61,08327200"
"202300024900";"12";"06";"2023";"18:18";"1";"74";"74094";"2";"1";"1";"6";"route des fontaines_";"46,18666400";"6,28306400"
"202300024901";"14";"11";"2023";"18:15";"5";"13";"13210";"2";"1";"1";"6";"MAURIAC (RUE)";"43,27274000";"5,42083000"
"202300024902";"12";"06";"2023";"10:40";"1";"74";"74147";"2";"9";"1";"3";"Route du bout du lac_";"45,79144500";"6,21331600"
"202300024903";"19";"12";"2023";"15:10";"1";"972";"97210";"1";"1";"1";"3";"quartier vapeur";"14,62523200";" -60,91387300"
"202300024904";"7";"06";"2023";"20:30";"2";"74";"74213";"1";"1";"8";"3";"N/A";"45,91504200";"6,08230600"
"202300024905";"5";"06";"2023";"15:37";"1";"74";"74043";"2";"1";"1";"2";"665 Avenue du saleve";"46,26058700";"6,34935700"
"202300024906";"14";"12";"2023";"16:55";"3";"62";"62307";"1";"1";"2";"1";"D243";"50,91513949";"1,73643490"
"202300024907";"4";"06";"2023";"16:50";"1";"74";"74250";"1";"1";"1";"2";"autoroute A40";"46,08079092";"6,37457281"
"202300024908";"13";"12";"2023";"19:30";"5";"62";"62261";"2";"1";"2";"6";"D940";"50,48591700";"1,62350600"
"202300024909";"29";"05";"2023";"18:30";"1";"74";"74238";"1";"1";"1";"7";"D902";"46,24727100";"6,63640700"
"202300024910";"29";"04";"2023";"16:12";"1";"10";"10081";"1";"1";"1";"6";"ROCADE EST (RD 610)";"48,32960000";"4,04813000"
"202300024911";"19";"12";"2023";"21:50";"3";"85";"85153";"1";"1";"2";"6";"la Bonnière";"46,79211200";" -1,10146800"
"202300024912";"9";"09";"2023";"07:00";"1";"974";"97416";"1";"1";"1";"6";"RN1";" -21,30533000";"55,42898000"
"202300024913";"9";"09";"2023";"19:35";"5";"972";"97213";"1";"1";"1";"5";"AUTOROUTE A1";"14,61768000";" -61,01780000"
"202300024914";"19";"12";"2023";"17:00";"5";"67";"67194";"2";"2";"2";"6";"Rue de la Haute Vienne";"48,73276400";"7,90683000"
"202300024915";"9";"09";"2023";"21:30";"3";"972";"97209";"1";"1";"1";"6";"REDOUTE (ROUTE DE LA)";"14,63520000";" -61,05544000"
"202300024916";"9";"09";"2023";"17:00";"1";"972";"97209";"2";"1";"1";"3";"SALVADOR ALLENDE (AVENUE)";"14,61036000";" -61,04822000"
"202300024917";"10";"09";"2023";"09:15";"1";"69";"69384";"2";"1";"1";"2";"Cours d'Herbouville";"45,77390393";"4,83843045"
"202300024918";"10";"09";"2023";"16:50";"1";"2B";"2B033";"2";"1";"1";"6";"TOUTES RUES";"42,67531200";"9,43730500"
"202300024919";"19";"12";"2023";"11:15";"1";"71";"71240";"1";"1";"8";"2";"RD 980";"46,41074500";"4,65850400"
"202300024920";"10";"09";"2023";"09:45";"1";"971";"97101";"1";"1";"1";"7";"RN1-  HAUTEUR DE SORTIE LAURICISQUE";"16,25346000";" -61,53443000"
"202300024921";"10";"09";"2023";"15:30";"1";"88";"88429";"1";"1";"7";"7";"Rue du Sous Froid";"48,06745708";"6,59732401"
"202300024922";"20";"12";"2023";"10:10";"1";"42";"42128";"1";"1";"2";"3";"N7";"45,93890500";"4,29456000"
"202300024923";"8";"09";"2023";"09:50";"1";"84";"84035";"1";"1";"1";"3";"BANON (ROUTE DE)";"43,88329000";"4,99745000"
"202300024924";"19";"12";"2023";"16:25";"1";"47";"47251";"1";"1";"8";"7";"lieu dit Maillas";"44,29862100";"0,25798600"
"202300024925";"19";"12";"2023";"23:30";"3";"34";"34281";"1";"1";"1";"6";"D2";"43,53521800";"3,56195200"
"202300024926";"10";"09";"2023";"02:35";"3";"77";"77186";"1";"1";"1";"2";"RD606. de la rochette à l'obélisque";"48,43969000";"2,69042000"
"202300024927";"9";"09";"2023";"19:50";"1";"77";"77131";"2";"3";"1";"3";"DAVENE (RUE)";"48,81106000";"3,07780000"
"202300024928";"19";"12";"2023";"14:35";"1";"25";"25287";"1";"3";"1";"3";"D12";"47,18784600";"5,88741700"
"202300024929";"10";"09";"2023";"17:00";"1";"69";"69266";"2";"4";"1";"4";"Rue du 4 Août 1789";"45,76607000";"4,90163000"
"202300024930";"19";"12";"2023";"13:55";"1";"25";"25021";"2";"3";"1";"1";"35 Grande Rue";"47,03171100";"5,77863700"