"Num_Acc";"jour";"mois";"an";"hrmn";"lum";"dep";"com";"agg";"int";"atm";"col";"adr";"lat";"long"
"202300025129";"1";"07";"2023";"05:45";"1";"59";"59571";"2";"1";"1";"6";"Rue de la Republique";"50,18723100";"3,48767100"
"202300025130";"30";"06";"2023";"11:15";"1";"13";"13212";"1";"1";"1";"2";"A507 sens Aubagne- Marseille";"43,31222900";"5,42417400"
"202300025131";"22";"06";"2023";"14:17";"1";"13";"13071";"1";"1";"1";"2";"A7-Sens Marseille vers Lyon";"43,41182000";"5,28274000"
"202300025132";"28";"06";"2023";"13:50";"1";"83";"83137";"1";"1";"1";"3";"A50";"43,12629000";"5,90921000"
"202300025133";"30";"06";"2023";"01:30";"3";"83";"83035";"1";"1";"2";"6";"A50";"43,19021082";"5,76551732"
"202300025134";"29";"06";"2023";"18:00";"1";"83";"83062";"1";"1";"1";"6";"A57";"43,14363957";"6,02062675"
"202300025135";"28";"06";"2023";"16:50";"1";"33";"33065";"1";"1";"1";"3";"ROUTE NATIONALE 230";"44,82648000";" -0,50816000"
"202300025136";"29";"06";"2023";"16:55";"1";"62";"62907";"1";"1";"1";"3";"A1";"50,48588000";"2,98521000"
"202300025137";"30";"06";"2023";"20:25";"1";"94";"94038";"1";"1";"1";"7";"A6A";"48,79014534";"2,34408380"
"202300025138";"30";"06";"2023";"16:40";"1";"92";"92002";"1";"1";"1";"2";"AUTOROUTE A10";"48,73015500";"2,30755800"
"202300025139";"30";"06";"2023";"15:30";"1";"91";"91689";"1";"1";"1";"3";"A6";"48,74540000";"2,32439000"
"202300025140";"30";"06";"2023";"11:15";"1";"91";"91161";"1";"1";"1";"2";"AUTOROUTE A126";"48,71101000";"2,29825000"
"202300025141";"30";"06";"2023";"17:18";"1";"78";"78646";"1";"1";"1";"6";"RN12";"48,79076500";"2,11056400"
"202300025142";"30";"06";"2023";"16:06";"1";"92";"92050";"1";"1";"1";"3";"A86";"48,90228800";"2,20393400"
"202300025143";"30";"06";"2023";"12:00";"1";"92";"92036";"1";"1";"1";"2";"RN 315 ";"48,93664875";"2,29983247"
"202300025144";"30";"06";"2023";"08:30";"1";"93";"93006";"1";"1";"1";"3";"AUTOROUTE A3";"48,86562694";"2,41958736"
"202300025145";"29";"06";"2023";"16:50";"1";"988";"98818";"2";"1";"1";"2";"COLLARD (RUE DU DOCTEUR GEORGES)";" -22,25165000";"166,45458000"
"202300025146";"29";"06";"2023";"06:45";"1";"988";"98818";"2";"3";"1";"3";"RUE AUGUSTE BENEBIG/RUE BATAILLE";" -22,27202000";"166,45059000"
"202300025147";"29";"06";"2023";"12:55";"1";"976";"97611";"2";"1";"1";"6";"passamanty-Vahibé ( route )";" -12,80239000";"45,20974000"
"202300025148";"29";"06";"2023";"08:20";"1";"974";"97416";"1";"1";"1";"5";"RN1 (ROUTE NATIONALE)";" -21,31261000";"55,49508000"
"202300025149";"28";"06";"2023";"16:15";"1";"974";"97416";"1";"1";"1";"2";"RN02";" -21,35314000";"55,51017000"
"202300025150";"18";"06";"2023";"20:17";"4";"974";"97411";"2";"3";"1";"3";"BOIS DE NEFLES (ROUTE DE)";" -20,90364000";"55,47820000"
"202300025151";"29";"06";"2023";"15:40";"1";"973";"97302";"2";"3";"1";"1";"NOVAPARC (RESIDENCE) RTE DE RABAN";"4,92616000";" -52,31361000"
"202300025152";"29";"06";"2023";"11:45";"1";"973";"97302";"2";"1";"1";"3";"BADUEL (ROUTE DE)";"4,93545000";" -52,31267000"
"202300025153";"29";"06";"2023";"13:55";"1";"69";"69387";"2";"2";"1";"3";"Rue de l'Université";"45,74922000";"4,84200000"
"202300025154";"29";"06";"2023";"14:00";"1";"69";"69386";"2";"1";"1";"3";"Rue Duquesne";"45,77276000";"4,84593000"
"202300025155";"15";"06";"2023";"13:10";"1";"69";"69386";"2";"2";"1";"3";"Rue de Créqui";"45,76804000";"4,84611000"
"202300025156";"25";"06";"2023";"19:20";"5";"972";"97213";"1";"1";"1";"7";"ROUTE NATIONALE 6";"14,61902500";" -61,00150700"
"202300025157";"30";"06";"2023";"00:10";"5";"69";"69385";"2";"1";"2";"7";"Rue des Macchabées";"45,75570000";"4,81525000"
"202300025158";"29";"06";"2023";"15:45";"1";"69";"69149";"2";"1";"1";"2";"Rue Francisque Jomard";"45,71721000";"4,79369000"
"202300025159";"20";"06";"2023";"06:50";"1";"971";"97113";"1";"1";"1";"7";"Section Port Blanc";"16,21958000";" -61,47600000"
"202300025160";"23";"06";"2023";"08:09";"1";"971";"97113";"1";"1";"2";"7";"SECTION LEROUX";"16,22778000";" -61,47592000"
"202300025161";"29";"06";"2023";"13:40";"1";"2A";"2A004";"2";"1";"1";"1";"ANGELO LOT SAN ANCIENNE RTE DE SARTENE";"41,93040000";"8,77988000"
"202300025162";"29";"06";"2023";"14:30";"1";"86";"86194";"2";"1";"1";"2";"D910";"46,54844020";"0,29982300"
"202300025163";"29";"06";"2023";"18:35";"1";"81";"81060";"2";"1";"1";"6";"ROUCAN ( AV. DU )";"44,05780000";"2,14996000"
"202300025164";"29";"06";"2023";"21:45";"2";"78";"78650";"2";"2";"1";"1";"MONTESSON (ROUTE DE)";"48,90251000";"2,13573000"
"202300025165";"24";"06";"2023";"17:00";"1";"77";"77449";"2";"1";"1";"2";"BD LA MERIDIENNE";"48,85122400";"2,78479300"
"202300025166";"29";"06";"2023";"15:15";"1";"77";"77442";"1";"1";"1";"2";"D210";"48,42314000";"2,76773000"
"202300025167";"28";"06";"2023";"20:30";"1";"76";"76351";"2";"3";"1";"3";"JEAN JAURES (AVENUE)";"49,50086000";"0,17817000"
"202300025168";"29";"06";"2023";"22:40";"5";"71";"71040";"2";"2";"1";"3";"CHARBONNIERE (RUE DE LA)";"46,70469000";"4,39113000"
"202300025169";"29";"06";"2023";"09:40";"1";"69";"69264";"2";"9";"1";"3";"Rue de Belleville";"45,99959740";"4,71931235"
"202300025170";"29";"06";"2023";"18:10";"1";"64";"64348";"2";"1";"2";"4";"CHARLES DE GAULLE";"43,31324000";" -0,41664000"
"202300025171";"29";"06";"2023";"00:55";"5";"64";"64445";"2";"1";"1";"2";"CAMI SALIE DU";"43,31824000";" -0,30279000"
"202300025172";"28";"06";"2023";"22:12";"5";"63";"63113";"2";"2";"1";"3";"CLOS NOTRE DAME / Diomède";"45,78371124";"3,07670295"
"202300025173";"30";"06";"2023";"00:10";"5";"59";"59368";"2";"2";"1";"1";"DE GAULLE RUE DU GENERAL";"50,65772738";"3,07380080"
"202300025174";"29";"06";"2023";"07:00";"1";"59";"59360";"2";"1";"1";"1";"DOUMER PAUL RUE";"50,59681000";"3,03785000"
"202300025175";"28";"06";"2023";"07:40";"1";"54";"54395";"2";"2";"1";"6";"boulevard de l'insurrection du ghetto de Varsovie";"48,68557632";"6,18139476"
"202300025176";"27";"06";"2023";"19:50";"1";"51";"51454";"2";"1";"1";"4";"LAMBERT (BOULEVARD VICTOR)";"49,24343000";"4,04556000"
"202300025177";"29";"06";"2023";"17:00";"1";"47";"47323";"2";"2";"1";"1";"ABIDJAN";"44,42211000";"0,70871000"
"202300025178";"29";"06";"2023";"08:25";"1";"45";"45234";"2";"3";"1";"3";"25 Quai du Roi";"47,89961000";"1,92474000"
"202300025179";"25";"06";"2023";"21:30";"1";"44";"44184";"2";"2";"1";"2";"116 Rue Jean Gutenberg";"47,28179000";" -2,23491000"
"202300025180";"7";"05";"2023";"19:01";"1";"44";"44184";"2";"5";"1";"6";"1 Rue Michel de Montaigne";"47,28647000";" -2,21847000"
"202300025181";"22";"06";"2023";"07:50";"1";"44";"44184";"2";"1";"1";"5";"2 Boulevard Pierre de Maupertuis";"47,27748000";" -2,23358000"
"202300025182";"18";"06";"2023";"09:24";"1";"42";"42170";"1";"1";"1";"6";"Route du Beaujolais";"46,03780000";"4,17256000"
"202300025183";"29";"06";"2023";"00:48";"3";"41";"41018";"2";"1";"1";"2";"FOIX (QUAI DU)";"47,58040000";"1,32659000"
"202300025184";"28";"06";"2023";"13:30";"1";"41";"41295";"2";"1";"1";"7";"D951";"47,58981000";"1,35761000"
"202300025185";"29";"06";"2023";"15:50";"1";"37";"37261";"2";"1";"1";"6";"DELAROCHE (RUE)";"47,42200000";"0,67919000"
"202300025186";"28";"06";"2023";"17:15";"1";"35";"35055";"1";"1";"1";"2";"VOIE DE LA LIBERTE";"48,07970000";" -1,63484000"
"202300025187";"29";"06";"2023";"16:00";"1";"34";"34172";"2";"1";"1";"6";"58 Cours Gambetta";"43,60855200";"3,86901800"
"202300025188";"29";"06";"2023";"10:15";"1";"34";"34172";"2";"1";"1";"6";"1694 Avenue de la Justice de Castelnau";"43,62685000";"3,88976600"
"202300025189";"29";"06";"2023";"19:00";"1";"33";"33063";"2";"8";"1";"1";"Quai de Bacalan";"44,86336987";" -0,55033296"
"202300025190";"28";"06";"2023";"21:22";"2";"31";"31483";"1";"1";"1";"7";"ROUTE DE LA SERRE DE CAZAUX";"43,12860000";"0,72423000"
"202300025191";"29";"06";"2023";"19:00";"1";"29";"29232";"2";"2";"1";"3";"Rue Laennec";"47,99496559";" -4,10809360"
"202300025192";"28";"06";"2023";"18:00";"1";"29";"29232";"2";"1";"1";"6";"Rue de Kergestin";"47,98470006";" -4,13130194"
"202300025193";"28";"06";"2023";"11:45";"1";"29";"29039";"2";"1";"1";"2";"rue de Penanguer";"47,90578136";" -3,91645157"
"202300025194";"28";"06";"2023";"19:30";"1";"29";"29019";"2";"1";"1";"6";"rue Anatole France";"48,38281600";" -4,51209500"
"202300025195";"29";"06";"2023";"10:55";"1";"25";"25056";"2";"1";"1";"6";"BLUM  BOULEVARD LEON (inf 51)";"47,25968800";"6,02947400"
"202300025196";"14";"06";"2023";"11:45";"1";"22";"22278";"2";"1";"1";"6";"71° RI (DU)";"48,51106000";" -2,76042000"
"202300025197";"28";"06";"2023";"17:20";"1";"17";"17306";"2";"1";"1";"2";"HEDDE (AVENUE DANIEL)";"45,63585400";" -1,02864500"
"202300025198";"29";"06";"2023";"19:41";"1";"17";"17300";"2";"3";"1";"3";"LOMBARD   AVENUE MODERE";"46,16885000";" -1,19512000"
"202300025199";"29";"06";"2023";"10:45";"1";"13";"13019";"2";"9";"1";"3";"CD6";"43,42275000";"5,37011100"
"202300025200";"12";"10";"2023";"16:50";"1";"37";"37233";"2";"1";"1";"2";"BONNIN (AVENUE JEAN)";"47,39592000";"0,70970000"
"202300025201";"29";"06";"2023";"03:55";"3";"11";"11069";"1";"1";"1";"6";"";"43,20476000";"2,38796000"
"202300025202";"9";"10";"2023";"01:15";"4";"34";"34172";"2";"1";"1";"6";"CORSE (RUE DE)";"43,63527000";"3,81170000"
"202300025203";"28";"06";"2023";"21:56";"5";"10";"10387";"2";"2";"1";"3";"VICTOR HUGO (RUE)";"48,29347000";"4,06879000"
"202300025204";"10";"10";"2023";"13:00";"1";"34";"34003";"2";"1";"1";"6";"REVEILLE (D5 A E4 ET E12 A F11";"43,31508000";"3,46825000"
"202300025205";"29";"06";"2023";"14:35";"1";"08";"08105";"2";"1";"1";"6";"106 Avenue Charles de Gaulle";"49,77065000";"4,71114000"
"202300025206";"29";"06";"2023";"14:25";"1";"07";"07281";"1";"1";"1";"7";"C.D.533";"44,93132000";"4,81428000"
"202300025207";"12";"10";"2023";"08:15";"1";"33";"33063";"2";"3";"1";"3";"Quai du Maréchal Lyautey";"44,84330000";" -0,57008000"
"202300025208";"29";"06";"2023";"13:05";"1";"06";"06088";"2";"1";"1";"1";"CESSOLE (BD DE) (A PARTIR DU 101-114)";"43,71050000";"7,25591700"
"202300025209";"29";"06";"2023";"02:10";"5";"03";"03190";"2";"1";"1";"6";"Rue de Bourgogne";"46,56730000";"3,33800000"
"202300025210";"11";"10";"2023";"22:10";"3";"33";"33162";"2";"1";"1";"2";"Avenue du Taillan-Médoc";"44,87350000";" -0,63460000"
"202300025211";"29";"06";"2023";"18:25";"1";"75";"75120";"2";"1";"1";"2";"PORTE DE MONTREUIL";"48,85632100";"2,41413700"
"202300025212";"29";"06";"2023";"15:10";"1";"75";"75112";"2";"1";"1";"3";"PORT DE BERCY";"48,82714100";"2,39103000"
"202300025213";"12";"10";"2023";"13:59";"1";"31";"31555";"2";"1";"1";"6";"AV DES MINIMES";"43,61718400";"1,43689100"
"202300025214";"28";"06";"2023";"07:10";"1";"75";"75116";"2";"1";"1";"2";"ECHANGEUR MAILLOT";"48,87819400";"2,27997400"
"202300025215";"12";"10";"2023";"07:45";"2";"31";"31555";"2";"1";"1";"3";"AV JEAN CHAUBET";"43,60461000";"1,47543000"
"202300025216";"29";"06";"2023";"12:00";"1";"75";"75120";"2";"1";"8";"1";"AVENUE GAMBETTA";"48,86347600";"2,38983200"
"202300025217";"10";"10";"2023";"08:20";"1";"31";"31555";"2";"1";"1";"3";"RTE D ALBI";"43,63677600";"1,46445500"
"202300025218";"29";"06";"2023";"15:15";"1";"75";"75116";"2";"7";"1";"6";"AVENUE DE VERSAILLES";"48,83800800";"2,25757300"
"202300025219";"29";"06";"2023";"14:45";"1";"75";"75116";"2";"1";"1";"3";"AVENUE VICTOR HUGO";"48,86915300";"2,28414000"
"202300025220";"8";"10";"2023";"04:25";"3";"31";"31555";"1";"1";"1";"6";"VA007553 A61";"43,63403000";"1,47815000"
"202300025221";"28";"06";"2023";"09:55";"1";"75";"75115";"2";"1";"1";"6";"RUE ALPHONSE BERTILLON";"48,83440500";"2,31081300"
"202300025222";"12";"10";"2023";"11:35";"1";"31";"31483";"2";"1";"1";"6";"PYRENNEES (BOULEVARD DES)";"43,10118100";"0,71492900"
"202300025223";"29";"06";"2023";"11:45";"1";"75";"75115";"2";"1";"1";"6";"BOULEVARD GARIBALDI";"48,84555600";"2,31023400"
"202300025224";"28";"06";"2023";"14:30";"1";"75";"75114";"2";"1";"1";"7";"AVENUE DU MAINE";"48,83405800";"2,32440800"
"202300025225";"12";"10";"2023";"10:00";"1";"29";"29039";"2";"1";"2";"3";"2 Rue du Moros";"47,87733300";" -3,90466400"
"202300025226";"29";"06";"2023";"18:50";"1";"75";"75113";"2";"2";"1";"6";"RUE PAU CASALS";"48,83102900";"2,37759200"
"202300025227";"11";"10";"2023";"17:10";"1";"26";"26252";"2";"1";"1";"7";"DESCARTES RUE";"44,86435000";"4,87173000"
"202300025228";"28";"06";"2023";"23:00";"5";"75";"75111";"2";"2";"1";"1";"RUE DE CHARONNE";"48,85575800";"2,39132700"
"202300025229";"29";"06";"2023";"20:50";"2";"75";"75110";"2";"2";"1";"6";"RUE ALBERT THOMAS";"48,86932500";"2,36337200"
"202300025230";"12";"10";"2023";"21:30";"5";"25";"25056";"2";"2";"1";"3";"CHURCHILL BD WINSTON";"47,24740000";"5,99904000"
"202300025231";"29";"06";"2023";"14:40";"1";"75";"75110";"2";"3";"1";"6";"RUE DES ECLUSES SAINT MARTIN";"48,87734300";"2,36582800"
"202300025232";"11";"10";"2023";"15:47";"1";"19";"19031";"2";"2";"1";"6";"Rue Philibert Lalande";"45,15975397";"1,50347471"
"202300025233";"29";"06";"2023";"10:00";"1";"75";"75110";"2";"3";"1";"3";"BOULEVARD SAINT MARTIN";"48,86795100";"2,36238200"
"202300025234";"29";"06";"2023";"11:10";"1";"75";"75108";"2";"2";"1";"3";"RUE LA BOETIE";"48,87393100";"2,31589300"
"202300025235";"12";"10";"2023";"16:00";"1";"17";"17415";"2";"9";"1";"6";"LEMERCIER COURS";"45,74769300";" -0,64027300"
"202300025236";"29";"06";"2023";"13:23";"1";"75";"75107";"2";"5";"1";"6";"QUAI D ORSAY";"48,86258800";"2,31902200"
"202300025237";"29";"06";"2023";"10:30";"1";"94";"94003";"2";"1";"1";"3";"Avenue Aristide Briand";"48,80412600";"2,32505400"
"202300025238";"27";"06";"2023";"00:50";"5";"94";"94028";"2";"9";"1";"6";"Allée Parmentier";"48,78788000";"2,45014000"
"202300025239";"12";"10";"2023";"16:45";"1";"17";"17291";"1";"1";"1";"2";"08 PK RN237 RE MOULIN JUSTICE";"46,17414000";" -1,12298800"
"202300025240";"26";"06";"2023";"20:15";"1";"94";"94069";"2";"1";"1";"6";"Rue du Maréchal Leclerc";"48,81793500";"2,44155200"
"202300025241";"29";"06";"2023";"00:10";"5";"93";"93070";"2";"1";"1";"2";"Avenue Michelet";"48,91222206";"2,34423190"
"202300025242";"29";"06";"2023";"09:30";"1";"93";"93048";"2";"9";"1";"3";"Boulevard Aristide Briand";"48,87262449";"2,45331639"
"202300025243";"29";"06";"2023";"05:15";"1";"93";"93007";"2";"6";"1";"6";"Rue Maxime Gorki";"48,94173051";"2,45926397"
"202300025244";"12";"10";"2023";"17:15";"1";"14";"14118";"2";"1";"1";"6";"12 Avenue Président Coty";"49,19199000";" -0,39515000"
"202300025245";"29";"06";"2023";"10:25";"1";"92";"92075";"2";"1";"1";"2";"LYCEE (BOULEVARD DU)";"48,82252000";"2,28476000"
"202300025246";"28";"06";"2023";"17:30";"1";"92";"92048";"2";"9";"1";"2";"PAVE DES GARDES (ROUTE DU)";"48,81145000";"2,21119000"
"202300025247";"12";"10";"2023";"18:45";"2";"13";"13117";"2";"3";"1";"3";"GLACIERE ( RUE DE LA )";"43,42323000";"5,24116000"
"202300025248";"29";"06";"2023";"13:24";"1";"92";"92024";"2";"3";"1";"3";"JEAN JAURES (BD) DE 47 A 109)   (56 A 14";"48,90369789";"2,30324775"
"202300025249";"12";"10";"2023";"17:56";"2";"13";"13106";"2";"9";"1";"6";"8 MAI 1945 (AVENUE DU)";"43,39864000";"5,36660000"
"202300025250";"29";"06";"2023";"10:42";"1";"92";"92024";"2";"1";"1";"5";"JEAN JAURES (BD) DE (111 A 159)";"48,90756000";"2,30013000"
"202300025251";"28";"06";"2023";"14:32";"1";"92";"92012";"2";"1";"1";"3";"REINE (ROUTE DE LA) 82/FIN - 107TER/FIN";"48,84004000";"2,23660000"
"202300025252";"29";"06";"2023";"19:30";"1";"92";"92014";"2";"1";"1";"6";"MARECHAL JOFFRE (BD DU) (43 A 97 - 58 A";"48,78005000";"2,31367000"
"202300025253";"12";"10";"2023";"23:28";"5";"13";"13209";"2";"1";"1";"1";"MICHELET (BOULEVARD)";"43,25184466";"5,40297287"
"202300025254";"28";"06";"2023";"17:40";"1";"17";"17045";"1";"2";"1";"3";"D137";"45,84726200";" -0,81910400"
"202300025255";"12";"10";"2023";"22:45";"5";"13";"13211";"2";"6";"1";"1";"MONTRE (TRAVERSE DE LA)";"43,29743000";"5,47950000"
"202300025256";"29";"06";"2023";"10:20";"1";"43";"43185";"1";"1";"1";"7";"D651";"45,40078500";"3,30212100"
"202300025257";"30";"06";"2023";"15:30";"1";"974";"97405";"1";"1";"1";"1";"40 Chemin Laguerre";" -21,36376100";"55,55972200"
"202300025258";"12";"10";"2023";"23:00";"5";"13";"13212";"2";"3";"1";"3";"24 AVRIL 15 (AVENUE DU)";"43,30830000";"5,43636000"
"202300025259";"24";"06";"2023";"22:00";"5";"01";"01427";"2";"1";"1";"6";"Quai de Saone";"45,94013800";"4,77112400"
"202300025260";"12";"10";"2023";"18:07";"1";"13";"13002";"2";"6";"1";"6";"MOUREN (PLACE)";"43,35598000";"5,48664000"
"202300025261";"25";"06";"2023";"05:10";"2";"01";"01194";"2";"1";"1";"3";"Rue du Marmont";"45,98691700";"4,76230000"
"202300025262";"26";"06";"2023";"12:40";"1";"14";"14027";"1";"1";"1";"6";"3 Route de Saint-Célerin (Ondefontaine)";"48,98424500";" -0,64064000"
"202300025263";"12";"10";"2023";"00:50";"5";"13";"13207";"2";"1";"1";"1";"Corniche John Fitzgérald Kennedy";"43,27657930";"5,35808882"
"202300025264";"12";"10";"2023";"21:00";"5";"13";"13001";"2";"9";"1";"6";"REPUBLIQUE (BD DE LA)";"43,52889000";"5,43960000"
"202300025265";"12";"10";"2023";"19:40";"3";"13";"13001";"1";"9";"1";"3";"ST CANADET (ROUTE) D.13";"43,59053000";"5,45739000"
"202300025266";"12";"10";"2023";"23:15";"5";"10";"10387";"2";"1";"1";"3";"FERNAND GIROUX (RUE)";"48,30089000";"4,06342000"
"202300025267";"12";"10";"2023";"13:05";"1";"09";"09207";"2";"1";"1";"6";"PYRENEES (AV DES)";"42,92894000";"1,63559000"
"202300025268";"12";"10";"2023";"11:37";"1";"06";"06029";"2";"1";"1";"3";"BUISSONS ARDENTS";"43,55827000";"6,96512000"
"202300025269";"12";"10";"2023";"08:50";"1";"06";"06027";"2";"3";"1";"4";"JUIN BOULEVARD MARECHAL";"43,65768000";"7,15101000"
"202300025270";"10";"10";"2023";"14:45";"1";"06";"06027";"2";"1";"1";"2";"CANNES AVENUE DE (RN7)";"43,65367900";"7,14643600"
"202300025271";"8";"10";"2023";"16:45";"1";"02";"02243";"1";"1";"1";"2";"N/A";"49,41555000";"3,39131000"
"202300025272";"7";"10";"2023";"15:50";"1";"02";"02722";"2";"1";"1";"6";"66 Rue Saint-martin";"49,37960000";"3,32811000"
"202300025273";"6";"10";"2023";"18:30";"1";"02";"02722";"2";"1";"7";"6";"N/A";"49,38415000";"3,32826000"
"202300025274";"5";"10";"2023";"14:05";"1";"02";"02722";"2";"1";"1";"6";"N/A";"49,37711000";"3,32872000"
"202300025275";"12";"10";"2023";"12:05";"1";"75";"75118";"2";"1";"2";"7";"BOULEVARD PERIPHERIQUE";"48,90091100";"2,36024600"
"202300025276";"11";"10";"2023";"10:30";"1";"75";"75114";"2";"1";"1";"2";"PORTE D ORLEANS";"48,81998400";"2,32569600"
"202300025277";"10";"10";"2023";"18:30";"1";"75";"75119";"2";"1";"1";"2";"PORTE DE PANTIN";"48,89006900";"2,39627400"
"202300025278";"12";"10";"2023";"18:45";"2";"75";"75120";"2";"3";"8";"6";"AVENUE GAMBETTA";"48,86469100";"2,39451300"
"202300025279";"10";"10";"2023";"17:15";"1";"75";"75120";"2";"4";"1";"6";"RUE DES PYRENEES";"48,86778300";"2,39621500"
"202300025280";"12";"10";"2023";"11:22";"1";"75";"75116";"2";"2";"2";"3";"AVENUE FERDINAND BUISSON";"48,83670900";"2,25362600"
"202300025281";"12";"10";"2023";"14:45";"1";"75";"75113";"2";"2";"1";"3";"QUAI PANHARD ET LEVASSOR";"48,82810700";"2,38487400"
"202300025282";"12";"10";"2023";"16:10";"1";"75";"75111";"2";"3";"1";"6";"RUE DU FAUBOURG SAINT ANTOINE";"48,85102200";"2,37721500"
"202300025283";"11";"10";"2023";"12:55";"1";"75";"75108";"2";"2";"1";"3";"AVENUE DE MARIGNY";"48,87110500";"2,31631300"
"202300025284";"11";"10";"2023";"23:37";"5";"75";"75101";"2";"2";"1";"6";"BOULEVARD DE SEBASTOPOL";"48,86007500";"2,34909000"
"202300025285";"11";"10";"2023";"09:50";"1";"75";"75102";"2";"1";"1";"6";"BOULEVARD POISSONNIERE";"48,87123300";"2,34456600"
"202300025286";"11";"10";"2023";"14:15";"1";"94";"94081";"2";"1";"1";"6";"Avenue de l'Abbé Roger Derry";"48,79069675";"2,39258653"
"202300025287";"11";"10";"2023";"18:00";"1";"94";"94068";"2";"1";"1";"3";"117 Quai Winston Churchill";"48,80130000";"2,52220000"
"202300025288";"11";"10";"2023";"22:45";"3";"94";"94068";"2";"2";"1";"3";"Rue Garnier Pagès";"48,80011100";"2,49730100"
"202300025289";"12";"10";"2023";"09:40";"1";"94";"94076";"2";"1";"1";"1";"Rue Marcel Grosménil";"48,79680000";"2,35472000"
"202300025290";"12";"10";"2023";"08:45";"1";"94";"94076";"2";"2";"3";"6";"Avenue de la République";"48,78847000";"2,36180000"
"202300025291";"12";"10";"2023";"19:30";"5";"94";"94076";"2";"1";"1";"6";"45 Voie Dalou";"48,78628700";"2,37596800"
"202300025292";"11";"10";"2023";"23:00";"5";"94";"94011";"2";"2";"1";"2";"Avenue Auguste Gross";"48,77391641";"2,48650870"
"202300025293";"11";"10";"2023";"08:47";"1";"94";"94028";"2";"1";"1";"6";"Avenue François Mitterrand";"48,76940400";"2,46523500"
"202300025294";"12";"10";"2023";"08:20";"1";"93";"93078";"2";"6";"3";"6";"Avenue du Sausset / Avenue du Sausset";"48,96303000";"2,51789000"
"202300025295";"12";"10";"2023";"15:32";"1";"93";"93070";"2";"2";"1";"3";"Rue Louis Blanc / Avenue Gabriel Péri";"48,90678000";"2,33180000"
"202300025296";"11";"10";"2023";"09:36";"1";"93";"93066";"2";"9";"1";"3";"Rue du Fort de la Briche";"48,94419700";"2,34216600"
"202300025297";"12";"10";"2023";"12:10";"1";"93";"93062";"2";"1";"2";"3";"Allée des Bosquets";"48,90165044";"2,51836945"
"202300025298";"12";"10";"2023";"18:10";"2";"93";"93055";"2";"3";"1";"3";"Avenue Jean Lolive / Rue Pierre Brossolette";"48,89450000";"2,42038000"
"202300025299";"11";"10";"2023";"15:25";"1";"93";"93051";"2";"1";"1";"3";"Boulevard du Ru de Nesles";"48,84039000";"2,58134000"
"202300025300";"12";"10";"2023";"00:00";"5";"93";"93049";"2";"2";"1";"6";"Rue Edgar Quinet / Rue Faidherbe";"48,85661600";"2,51045900"
"202300025301";"12";"10";"2023";"13:00";"1";"93";"93046";"2";"3";"1";"3";"Avenue de Sully / Allée Dior";"48,91434000";"2,52355000"
"202300025302";"12";"10";"2023";"11:45";"1";"93";"93079";"2";"3";"1";"6";"Rue Maurice Grandcoing / Ruelle des Roses";"48,96510000";"2,34427000"
"202300025303";"12";"10";"2023";"15:39";"1";"93";"93029";"2";"3";"1";"3";"Rue Charles Gide / Rue Pierre Médrano";"48,91753800";"2,44395300"
"202300025304";"12";"10";"2023";"09:00";"1";"93";"93029";"2";"1";"2";"4";"Rue d'Alsace Lorraine";"48,93018000";"2,44300000"
"202300025305";"12";"10";"2023";"21:50";"5";"93";"93027";"2";"3";"1";"3";"Avenue Henri Barbusse / Rue Paul Verlaine";"48,93223909";"2,39351173"
"202300025306";"12";"10";"2023";"13:35";"1";"93";"93057";"2";"1";"1";"3";"Allée Monthyon";"48,91303400";"2,50632200"
"202300025307";"12";"10";"2023";"14:35";"1";"93";"93001";"2";"4";"8";"3";"Rue André Karman / Rue Edouard Poisson";"48,91045057";"2,38505949"
"202300025308";"12";"10";"2023";"01:08";"5";"93";"93001";"2";"1";"1";"3";"Avenue du Président Roosevelt";"48,91811200";"2,37902300"
"202300025309";"11";"10";"2023";"20:09";"5";"92";"92072";"2";"1";"1";"2";"GARENNE (RUE DE LA)";"48,81876000";"2,20776000"
"202300025310";"10";"10";"2023";"18:45";"1";"92";"92063";"2";"1";"1";"2";"NATIONAL (BOULEVARD)";"48,88643352";"2,18787253"
"202300025311";"12";"10";"2023";"11:50";"1";"92";"92062";"2";"1";"1";"2";"DE DION BOUTON (QUAI) DU 29 AU 65";"48,88038250";"2,24496156"
"202300025312";"11";"10";"2023";"09:10";"1";"92";"92050";"2";"6";"8";"3";"NERUDA PABLO RUE";"48,89568222";"2,21584193"
"202300025313";"12";"10";"2023";"09:07";"1";"92";"92048";"2";"1";"3";"3";"PARIS (RUE DE) N° 12 A 164";"48,81440703";"2,24675596"
"202300025314";"12";"10";"2023";"21:10";"5";"92";"92026";"2";"9";"1";"3";"STRASBOURG";"48,89101128";"2,24777484"
"202300025315";"11";"10";"2023";"12:30";"1";"92";"92024";"2";"3";"1";"3";"JEAN JAURES (BD) DE 47 A 109)   (56 A 14";"48,90089256";"2,30552137"
"202300025316";"12";"10";"2023";"08:28";"2";"92";"92007";"2";"1";"2";"3";"BRIAND (AVENUE ARISTIDE) N° 162 A 300";"48,80136958";"2,32374287"
"202300025317";"13";"10";"2023";"13:26";"1";"80";"80425";"1";"1";"1";"2";"N/A";"50,05738000";"2,58086400"
"202300025318";"12";"10";"2023";"08:20";"1";"01";"01105";"2";"2";"1";"6";"Rue Victor Hugo";"45,92212500";"4,88340100"
"202300025319";"11";"10";"2023";"13:00";"1";"01";"01325";"1";"4";"1";"5";"D22";"45,96100100";"5,14966900"
"202300025320";"12";"10";"2023";"23:00";"3";"17";"17413";"1";"1";"1";"2";"D137";"46,07592500";" -1,07303400"