"Num_Acc";"jour";"mois";"an";"hrmn";"lum";"dep";"com";"agg";"int";"atm";"col";"adr";"lat";"long"
"202300025321";"13";"10";"2023";"06:00";"3";"06";"06161";"1";"1";"1";"1";"Route de Grasse";"43,65745400";"7,10844900"
"202300025322";"13";"10";"2023";"07:05";"2";"71";"71270";"1";"1";"1";"2";"A6 PK392.300 direction PARIS";"46,27568296";"4,78786245"
"202300025323";"12";"10";"2023";"15:45";"1";"28";"28104";"1";"1";"1";"2";"D134";"48,47547800";"1,60182100"
"202300025324";"12";"10";"2023";"21:30";"3";"17";"17264";"1";"1";"1";"7";"D106";"46,20667100";" -1,15833900"
"202300025325";"13";"10";"2023";"06:09";"3";"72";"72213";"1";"1";"1";"1";"D338";"47,93928900";"0,23624900"
"202300025326";"13";"10";"2023";"16:50";"1";"44";"44073";"1";"1";"2";"7";"N/A";"47,41014000";" -1,64182000"
"202300025327";"13";"10";"2023";"12:15";"1";"30";"30060";"1";"6";"1";"6";"d135 pk 15+78";"43,80401900";"4,40505600"
"202300025328";"13";"10";"2023";"15:30";"1";"76";"76198";"1";"1";"2";"7";"RUE DE LA GROTTE";"49,67210100";"0,85112900"
"202300025329";"11";"10";"2023";"07:45";"1";"76";"76142";"1";"1";"1";"2";"75 Route de Forges - D915";"49,53145100";"1,63710200"
"202300025330";"13";"10";"2023";"10:30";"1";"76";"76330";"2";"1";"1";"1";"332 Rue du Coudray";"49,82775200";"0,90414400"
"202300025331";"12";"10";"2023";"22:30";"3";"80";"80142";"1";"2";"1";"6";"D141";"49,90298600";"2,08628700"
"202300025332";"13";"10";"2023";"15:15";"1";"71";"71450";"1";"1";"1";"7";"Route de Quincy";"46,91699400";"4,51518800"
"202300025333";"12";"10";"2023";"13:35";"1";"63";"63452";"1";"1";"1";"7";"D996";"45,57332653";"3,04765024"
"202300025334";"12";"10";"2023";"22:38";"3";"49";"49055";"1";"3";"1";"3";"Le Pré des Landes";"47,55379915";" -0,58140099"
"202300025335";"13";"10";"2023";"07:55";"2";"42";"42149";"2";"6";"1";"2";"Route de St Etienne";"45,63843000";"4,23592700"
"202300025336";"13";"10";"2023";"14:45";"1";"42";"42288";"1";"2";"1";"3";"Route d'Arthun";"45,77055200";"4,00452500"
"202300025337";"11";"10";"2023";"09:50";"1";"46";"46251";"2";"2";"1";"6";"Rue Faidherbe";"44,85989600";"1,88896700"
"202300025338";"12";"10";"2023";"08:25";"1";"46";"46322";"1";"1";"1";"1";"Route des Vignes";"44,42682321";"1,39449120"
"202300025339";"12";"10";"2023";"19:55";"3";"68";"68347";"1";"1";"1";"1";"RD432";"47,51446200";"7,29434300"
"202300025340";"12";"10";"2023";"12:00";"1";"39";"39013";"2";"3";"1";"1";"Route de Villette";"46,91333100";"5,76722540"
"202300025341";"12";"10";"2023";"19:00";"2";"25";"25545";"1";"4";"1";"3";"D334";"47,03284800";"6,13228100"
"202300025342";"11";"10";"2023";"11:15";"1";"35";"35184";"2";"3";"1";"6";"Rue du Général de Gaulle";"48,20067500";" -2,04672700"
"202300025343";"8";"10";"2023";"17:00";"1";"29";"29185";"2";"1";"1";"2";"D10";"48,65236100";" -4,19261300"
"202300025344";"13";"10";"2023";"10:45";"1";"31";"31542";"1";"1";"1";"1";"Rue du Bazert";"43,05673000";"0,58935600"
"202300025345";"12";"10";"2023";"19:45";"3";"31";"31592";"1";"1";"1";"6";"Route de Saint Paul";"43,73168500";"1,23906800"
"202300025346";"13";"10";"2023";"18:25";"1";"38";"38150";"2";"1";"1";"3";"93 Rue Jean Jaurès";"45,19807400";"5,83395700"
"202300025347";"12";"10";"2023";"06:38";"3";"02";"02780";"1";"9";"1";"5";"N/A";"49,36144300";"3,39636300"
"202300025348";"7";"10";"2023";"23:19";"3";"26";"26099";"1";"1";"1";"6";"Route de Montsegur";"44,36985600";"4,89115800"
"202300025349";"12";"10";"2023";"14:00";"1";"58";"58205";"1";"1";"1";"7";"D977bis";"47,20328800";"3,96584200"
"202300025350";"12";"10";"2023";"11:50";"1";"72";"72312";"1";"1";"1";"7";"impasse du grand breuil";"47,93040500";" -0,14762900"
"202300025351";"13";"10";"2023";"17:05";"1";"72";"72031";"1";"1";"8";"7";"Alliere";"48,08602100";"0,49631600"
"202300025352";"10";"10";"2023";"16:25";"1";"14";"14431";"1";"1";"1";"2";"D40";"49,05655200";" -0,11990500"
"202300025353";"11";"10";"2023";"15:50";"1";"64";"64306";"1";"1";"1";"3";"D281 - ROUTE DE NAVARRENX";"43,36468900";" -0,63699200"
"202300025354";"13";"10";"2023";"00:30";"3";"64";"64353";"1";"1";"1";"1";"D934";"43,09617300";" -0,41774300"
"202300025355";"12";"10";"2023";"10:10";"1";"64";"64539";"1";"1";"1";"3";"950 Route de Saint-Jean-Pied-de-Port";"43,27317500";" -1,02976400"
"202300025356";"13";"10";"2023";"16:00";"1";"18";"18242";"2";"9";"1";"7";"chemin communal non revêtu";"46,82292500";"2,91992800"
"202300025357";"13";"10";"2023";"15:00";"1";"10";"10401";"1";"2";"1";"3";"RD 163 / RD 81";"48,22037716";"4,42209318"
"202300025358";"11";"10";"2023";"14:20";"1";"07";"07052";"2";"1";"1";"6";"Chemin de Margier";"44,94802300";"4,77995900"
"202300025359";"13";"10";"2023";"16:53";"1";"53";"53147";"2";"1";"8";"6";"Rue Jules Renard";"48,30155600";" -0,60798200"
"202300025360";"12";"10";"2023";"21:30";"3";"04";"04024";"1";"1";"1";"6";"D900";"44,18965900";"6,36479600"
"202300025361";"13";"10";"2023";"05:15";"3";"17";"17107";"1";"1";"1";"7";"D5";"46,03412500";" -0,94264500"
"202300025362";"5";"10";"2023";"07:45";"2";"37";"37151";"1";"1";"1";"3";"D938";"47,44436251";"0,63521147"
"202300025363";"12";"10";"2023";"20:15";"3";"72";"72300";"1";"1";"1";"6";"A11";"48,05565200";"0,36769900"
"202300025364";"12";"10";"2023";"15:15";"1";"49";"49323";"1";"6";"1";"3";"Rond point D323 - Avenue des Carreaux";"47,50886400";" -0,47114600"
"202300025365";"11";"10";"2023";"17:50";"1";"13";"13037";"1";"1";"1";"3";"Chemin de la Bosque III";"43,54007100";"5,20079300"
"202300025366";"9";"10";"2023";"08:30";"1";"33";"33122";"2";"1";"1";"1";"Chemin de Marticot";"44,75267391";" -0,68721011"
"202300025367";"13";"10";"2023";"06:30";"3";"68";"68278";"1";"1";"1";"2";"A35 PK104.200";"47,74575050";"7,42103219"
"202300025368";"12";"10";"2023";"14:00";"1";"06";"06085";"1";"1";"1";"6";"A8";"43,58566340";"7,02809630"
"202300025369";"13";"10";"2023";"09:50";"1";"34";"34166";"1";"1";"1";"2";"A9 PK 152+900";"43,36225900";"3,35570100"
"202300025370";"13";"10";"2023";"16:40";"1";"13";"13114";"1";"1";"1";"2";"D10";"43,54676700";"5,31966800"
"202300025371";"12";"10";"2023";"06:45";"1";"987";"98729";"2";"1";"1";"3";"pk 4.5 c/montagne Paopao";" -17,57700000";" -150,20200000"
"202300025372";"13";"10";"2023";"04:50";"2";"971";"97107";"1";"1";"1";"6";"Allee des Mineurs";"16,02123600";" -61,57877700"
"202300025373";"13";"10";"2023";"17:20";"1";"29";"29233";"2";"1";"2";"3";"181 Rue de Pont-aven";"47,87130953";" -3,56392792"
"202300025374";"12";"10";"2023";"15:50";"1";"95";"95675";"1";"1";"2";"4";"D317";"49,06283600";"2,52315100"
"202300025375";"12";"10";"2023";"08:25";"1";"66";"66164";"2";"3";"1";"6";"N/A";"42,76620200";"2,86936300"
"202300025376";"13";"10";"2023";"11:15";"1";"34";"34199";"2";"6";"1";"3";"D913";"43,45100300";"3,41661900"
"202300025377";"13";"10";"2023";"08:35";"1";"83";"83115";"1";"1";"1";"1";"74 Avenue du Général Leclerc";"43,30894900";"6,64973800"
"202300025378";"12";"10";"2023";"14:30";"1";"57";"57460";"1";"4";"2";"1";"D63b";"49,26618700";"6,64326300"
"202300025379";"9";"10";"2023";"17:30";"1";"73";"73227";"1";"1";"1";"1";"D915 Route de champ greffon";"45,44796204";"6,58444130"
"202300025380";"11";"10";"2023";"16:00";"1";"38";"38022";"2";"1";"1";"5";"Route des Alpes";"45,61204900";"5,53767800"
"202300025381";"13";"10";"2023";"06:30";"3";"26";"26235";"2";"6";"1";"2";"D59";"44,36426400";"4,72619700"
"202300025382";"12";"10";"2023";"09:30";"1";"07";"07140";"1";"1";"1";"3";"RD 532";"45,09323900";"4,76401100"
"202300025383";"11";"10";"2023";"07:15";"3";"31";"31395";"1";"1";"1";"2";"avenue pic d'estats";"43,42372800";"1,30352100"
"202300025384";"13";"10";"2023";"07:38";"3";"16";"16388";"1";"3";"1";"3";"route départementale 41";"45,63705700";"0,04514700"
"202300025385";"10";"10";"2023";"07:45";"2";"44";"44026";"2";"1";"1";"7";"44 Le Chemin Nantais";"47,28911300";" -1,43230000"
"202300025386";"13";"10";"2023";"13:55";"1";"22";"22259";"1";"1";"8";"3";"3 La Ville Fontaine";"48,45460300";" -2,10430400"
"202300025387";"12";"10";"2023";"23:20";"3";"22";"22002";"1";"1";"1";"7";"Le Chesnay";"48,50580100";" -2,58880400"
"202300025388";"12";"10";"2023";"15:40";"1";"13";"13071";"1";"1";"1";"2";"A7-Sens Marseille vers Lyon";"43,41556994";"5,27772034"
"202300025389";"12";"10";"2023";"09:45";"1";"69";"69385";"1";"1";"1";"5";"Route de Métropole 6";"45,75244000";"4,82000000"
"202300025390";"12";"10";"2023";"08:40";"1";"33";"33318";"1";"1";"1";"3";"ROCADE A 630";"44,78882290";" -0,62615097"
"202300025391";"12";"10";"2023";"08:25";"1";"33";"33003";"1";"1";"1";"3";"AUTOROUTE A 10";"44,93194060";" -0,46848267"
"202300025392";"11";"10";"2023";"19:25";"1";"33";"33281";"1";"1";"1";"6";"ROCADE A 630";"44,82873109";" -0,67551434"
"202300025393";"11";"10";"2023";"11:25";"1";"33";"33550";"1";"1";"1";"4";"AUTOROUTE A 62";"44,77689000";" -0,55663000"
"202300025394";"10";"10";"2023";"22:15";"3";"59";"59271";"1";"1";"1";"2";"AUTOROUTE A16";"51,00444000";"2,31077000"
"202300025395";"12";"10";"2023";"11:52";"1";"94";"94021";"1";"1";"1";"2";"A6A";"48,76152910";"2,34008141"
"202300025396";"12";"10";"2023";"09:30";"1";"94";"94021";"1";"1";"2";"2";"A6B";"48,76323303";"2,34206347"
"202300025397";"12";"10";"2023";"08:34";"1";"91";"91064";"1";"1";"3";"2";"RN 118";"48,75348500";"2,22332300"
"202300025398";"10";"10";"2023";"09:47";"1";"78";"78007";"1";"1";"1";"4";"A13W";"48,89523900";"2,00718900"
"202300025399";"11";"10";"2023";"19:45";"1";"93";"93048";"1";"1";"1";"3";"AUTOROUTE A3";"48,87447000";"2,43874000"
"202300025400";"11";"10";"2023";"20:30";"5";"93";"93007";"1";"1";"1";"7";"AUTOROUTE A1";"48,94683358";"2,44255543"
"202300025401";"12";"10";"2023";"10:00";"1";"94";"94069";"1";"1";"2";"2";"A4";"48,81744769";"2,43111134"
"202300025402";"12";"10";"2023";"08:30";"1";"94";"94033";"1";"1";"2";"3";"A86";"48,85724000";"2,48879000"
"202300025403";"11";"10";"2023";"17:15";"1";"77";"77363";"1";"1";"1";"2";"A104";"48,92869685";"2,62840045"
"202300025404";"11";"10";"2023";"05:30";"3";"77";"77083";"1";"9";"1";"5";"A4.W";"48,83100751";"2,60627873"
"202300025405";"22";"07";"2023";"16:25";"1";"35";"35238";"2";"1";"1";"6";"SAINT-GERMAIN (PLACE)";"48,11055000";" -1,67626000"
"202300025406";"11";"10";"2023";"22:00";"5";"974";"97411";"2";"1";"1";"2";"BONNIER (ALLEE)";" -20,88083000";"55,45992000"
"202300025407";"11";"10";"2023";"11:50";"1";"972";"97213";"2";"1";"1";"6";"PLACE D'ARMES";"14,61339000";" -60,99354000"
"202300025408";"11";"10";"2023";"15:30";"1";"69";"69389";"2";"2";"1";"3";"23 Quai du Commerce";"45,78050100";"4,80907008"
"202300025409";"11";"10";"2023";"22:39";"5";"2B";"2B120";"1";"1";"1";"6";"11 - RT";"42,65615000";"9,44143000"
"202300025410";"11";"10";"2023";"09:45";"1";"971";"97113";"1";"1";"1";"2";"RN4 - SECTION RIVIERA";"16,20873364";" -61,47003204"
"202300025411";"11";"10";"2023";"08:05";"1";"971";"97101";"2";"9";"1";"3";"PETIT PEROU";"16,25178772";" -61,51388615"
"202300025412";"11";"10";"2023";"14:29";"1";"91";"91432";"2";"1";"1";"6";"AV FERDINAND DE LESSEPS";"48,69563000";"2,33691500"
"202300025413";"7";"10";"2023";"15:46";"1";"87";"87065";"2";"3";"1";"3";"TOULOUSE (RUE DE)";"45,79826000";"1,29568000"
"202300025414";"6";"10";"2023";"14:05";"1";"83";"83123";"2";"9";"1";"6";"ESTIENNE D'ORVES (BD)";"43,11634000";"5,80565900"
"202300025415";"10";"10";"2023";"07:30";"1";"83";"83069";"2";"1";"1";"6";"Route de Toulon";"43,12623000";"6,09879000"
"202300025416";"11";"10";"2023";"19:20";"2";"78";"78299";"2";"1";"1";"1";"MICHELET (BOULEVARD)";"49,00017000";"1,88929000"
"202300025417";"11";"10";"2023";"22:40";"5";"77";"77284";"2";"1";"1";"3";"D603";"48,95690000";"2,90017000"
"202300025418";"11";"10";"2023";"13:30";"1";"77";"77186";"1";"1";"1";"3";"RD607 de Barbizon à pavé du roi";"48,44074000";"2,65103000"
"202300025419";"8";"10";"2023";"04:30";"5";"76";"76351";"2";"1";"1";"7";"JENNER (PLACE)";"49,50825000";"0,13626000"
"202300025420";"11";"07";"2023";"17:35";"1";"74";"74281";"2";"1";"3";"3";"GENEVE (AVE DE) JUSQUE CROISEE ANTHY";"46,35500000";"6,44700000"
"202300025421";"10";"10";"2023";"12:31";"1";"67";"67180";"2";"1";"1";"7";"WINTERSHOUSE (ROUTE DE)";"48,80817000";"7,77414000"
"202300025422";"11";"10";"2023";"19:20";"2";"64";"64445";"1";"1";"1";"2";"MARTYRS DU PONT LONG DES";"43,34100000";" -0,37975000"
"202300025423";"11";"10";"2023";"22:10";"5";"64";"64024";"2";"9";"1";"7";"CHAMBRE D'AMOUR (AVENUE DE LA)";"43,49618000";" -1,53649000"
"202300025424";"10";"10";"2023";"08:59";"1";"64";"64102";"2";"1";"1";"2";"LISSES (RUE DES)";"43,48943000";" -1,47206000"
"202300025425";"10";"10";"2023";"20:05";"5";"63";"63245";"2";"2";"1";"3";"SANITAS LOUIS (RUE)";"45,89469253";"3,09491515"
"202300025426";"11";"10";"2023";"08:39";"1";"63";"63113";"2";"1";"1";"6";"ROSSIGNOL (RUE)";"45,78426000";"3,06857000"
"202300025427";"6";"10";"2023";"16:10";"1";"62";"62215";"2";"3";"1";"6";"Rue Montesquieu";"50,48920000";"2,94893000"
"202300025428";"11";"10";"2023";"17:15";"1";"59";"59378";"2";"7";"1";"2";"GUESDE JULES RUE";"50,66694000";"3,07605000"
"202300025429";"11";"10";"2023";"15:30";"1";"58";"58194";"2";"3";"1";"3";"PONT DE LOIRE";"46,98186000";"3,16034000"
"202300025430";"10";"10";"2023";"10:45";"1";"54";"54184";"2";"1";"1";"3";"avenue de Brigachtal";"48,70004353";"6,22381926"
"202300025431";"11";"10";"2023";"15:45";"1";"53";"53130";"2";"1";"1";"6";"PARIS ( RUE DE )";"48,07126000";" -0,76226000"
"202300025432";"10";"10";"2023";"20:45";"3";"49";"49015";"1";"1";"1";"1";"RD 107";"47,51506000";" -0,56953000"
"202300025433";"12";"10";"2023";"01:15";"5";"44";"44190";"2";"1";"1";"6";"1 Rue Marie Curie";"47,18755000";" -1,48325000"
"202300025434";"11";"10";"2023";"18:36";"1";"42";"42187";"2";"6";"1";"6";"Rue Pierre Dépierre";"46,03341000";"4,07747000"
"202300025435";"30";"09";"2023";"06:12";"5";"35";"35241";"1";"1";"1";"6";"ACACIAS (RUE DES)";"48,61676570";" -2,02935398"
"202300025436";"12";"10";"2023";"01:10";"5";"31";"31555";"2";"3";"1";"3";"RUE DU LOT";"43,58185000";"1,40781000"
"202300025437";"11";"10";"2023";"16:00";"1";"31";"31069";"2";"1";"1";"3";"GRENADE (ROUTE DE)";"43,63793000";"1,39024000"
"202300025438";"19";"04";"2023";"19:55";"1";"60";"60567";"2";"3";"1";"1";"Route Nationale";"49,43686700";"1,89904800"
"202300025439";"19";"04";"2023";"16:20";"1";"16";"16028";"2";"9";"1";"6";"Avenue de l?Europe";"45,47641100";" -0,16094300"
"202300025440";"19";"04";"2023";"20:20";"1";"53";"53073";"2";"1";"1";"6";"Rue des Sports";"47,81117000";" -1,11812300"
"202300025441";"20";"04";"2023";"18:24";"1";"85";"85278";"1";"1";"1";"7";"Impasse du Bourg Paille";"46,42966400";" -1,56727900"
"202300025442";"19";"04";"2023";"16:40";"1";"52";"52524";"1";"1";"1";"5";"N67";"48,26459311";"5,12330988"
"202300025443";"20";"04";"2023";"17:20";"1";"30";"30020";"1";"1";"1";"5";"rd 135";"43,76149600";"4,31570600"
"202300025444";"19";"04";"2023";"18:30";"1";"01";"01087";"1";"1";"1";"6";"A40 PK 112+300 direction MACON";"46,17128300";"5,68336000"
"202300025445";"20";"04";"2023";"11:55";"1";"34";"34337";"2";"2";"1";"3";"Chemin de la Capouillere";"43,53004000";"3,86589200"
"202300025446";"19";"04";"2023";"14:20";"1";"13";"13037";"1";"9";"1";"5";"1455 Rn 113";"43,54762700";"5,18287500"
"202300025447";"19";"04";"2023";"11:15";"1";"13";"13069";"1";"1";"1";"2";"Autoroute A7 PK 236+600";"43,62433400";"5,13181700"
"202300025448";"17";"04";"2023";"15:15";"1";"33";"33214";"1";"1";"1";"5";"rd6";"44,98458702";" -1,06665015"
"202300025449";"19";"04";"2023";"12:37";"1";"77";"77273";"1";"1";"1";"1";"D401";"49,05092100";"2,73397600"
"202300025450";"20";"04";"2023";"17:35";"1";"34";"34154";"1";"1";"1";"4";"D66 PR 4+616";"43,59249800";"3,94033700"
"202300025451";"20";"04";"2023";"07:40";"1";"83";"83112";"2";"1";"1";"3";"D559";"43,17449700";"5,71211800"
"202300025452";"20";"04";"2023";"17:25";"1";"83";"83023";"1";"1";"1";"3";"DN 7";"43,39527200";"6,14003200"
"202300025453";"20";"04";"2023";"16:45";"1";"26";"26235";"1";"1";"1";"7";"D13";"44,37126300";"4,67266600"
"202300025454";"20";"04";"2023";"13:15";"1";"44";"44172";"2";"6";"1";"3";"170 Route de Thouaré";"47,25788349";" -1,46222770"
"202300025455";"19";"04";"2023";"15:05";"1";"29";"29103";"2";"6";"1";"7";"Pont de l'Europe";"48,44986027";" -4,26536783"
"202300025456";"19";"04";"2023";"14:50";"1";"13";"13071";"1";"1";"1";"3";"A51-Sens Aix en Provence vers Marseille";"43,41418849";"5,36456931"
"202300025457";"19";"04";"2023";"15:40";"1";"13";"13071";"1";"1";"1";"2";"A7-Sens Marseille vers Lyon";"43,40439894";"5,31594824"
"202300025458";"19";"04";"2023";"09:15";"1";"77";"77517";"1";"1";"7";"2";"A104.EXT";"48,90909000";"2,63770000"
"202300025459";"18";"04";"2023";"20:20";"1";"59";"59512";"2";"2";"1";"3";"GUESDE (RUE JULES)";"50,67534000";"3,20244000"
"202300025460";"18";"04";"2023";"08:25";"1";"54";"54184";"2";"6";"1";"6";"M674";"48,70823000";"6,24356000"
"202300025461";"18";"04";"2023";"02:30";"3";"59";"59196";"1";"1";"1";"2";"AUTOROUTE A25";"50,64469653";"2,92983045"
"202300025462";"17";"04";"2023";"16:30";"1";"72";"72181";"2";"1";"1";"6";"TURQUIE (RUE DE)";"47,99252000";"0,23296000"
"202300025463";"12";"04";"2023";"11:45";"1";"971";"97120";"2";"2";"1";"6";"FREBAULT";"16,24088000";" -61,53527000"
"202300025464";"12";"04";"2023";"17:50";"1";"76";"76540";"2";"2";"1";"3";"Route du Havre";"49,45276620";"1,05666697"
"202300025465";"12";"04";"2023";"12:30";"1";"62";"62186";"2";"1";"1";"6";"D58";"50,44337200";"2,72128800"
"202300025466";"11";"04";"2023";"10:29";"1";"76";"76351";"2";"3";"1";"6";"RENE COTY";"49,49520000";"0,10983000"
"202300025467";"18";"04";"2023";"18:00";"5";"974";"97411";"2";"1";"1";"2";"TOPAZES(ALLEE DES)";" -20,89582000";"55,44654000"
"202300025468";"18";"04";"2023";"11:30";"1";"974";"97411";"2";"3";"1";"6";"CHAUDRON  (BLD 1 DU)";" -20,89123000";"55,49098000"
"202300025469";"18";"04";"2023";"07:10";"1";"974";"97409";"2";"1";"1";"3";"BELZOR(RUE)";" -20,97278382";"55,65191567"
"202300025470";"18";"04";"2023";"18:40";"1";"69";"69387";"2";"1";"1";"6";"Rue Pasteur";"45,73325573";"4,82095782"
"202300025471";"18";"04";"2023";"15:15";"1";"69";"69383";"2";"2";"1";"6";"Avenue Maréchal de Saxe";"45,76032000";"4,84566000"
"202300025472";"17";"04";"2023";"04:37";"5";"972";"97213";"1";"1";"2";"6";"ROUTE DEPARTEMENTALE 3";"14,65495000";" -60,98943000"
"202300025473";"17";"04";"2023";"21:00";"5";"972";"97209";"1";"1";"1";"4";"AUTOROUTE (A1)";"14,61427000";" -61,04671000"
"202300025474";"17";"04";"2023";"14:20";"1";"69";"69381";"2";"1";"1";"2";"Pont de Lattre de Tassigny";"45,77246000";"4,83888000"
"202300025475";"18";"04";"2023";"14:41";"1";"971";"97113";"1";"1";"1";"1";"COCOYER";"16,22720837";" -61,47759855"
"202300025476";"17";"04";"2023";"17:20";"1";"971";"97101";"1";"3";"1";"3";"LE RAIZET(SECTEUR)";"16,25782350";" -61,53228611"
"202300025477";"18";"04";"2023";"18:45";"1";"91";"91161";"2";"3";"1";"1";"RTE DE LONGJUMEAU";"48,71142000";"2,29776000"
"202300025478";"17";"04";"2023";"22:50";"3";"91";"91432";"2";"1";"1";"3";"RD 118";"48,71341000";"2,34945000"
"202300025479";"17";"04";"2023";"13:40";"1";"83";"83123";"2";"1";"1";"2";"CHARLES DE GAULLE (QUAI)";"43,11777000";"5,80158100"
"202300025480";"17";"04";"2023";"17:45";"1";"83";"83129";"2";"1";"1";"2";"Traverse de la Calade";"43,11064100";"5,82624300"
"202300025481";"17";"04";"2023";"17:30";"1";"83";"83090";"2";"6";"1";"3";"ROUTE DE SANARY";"43,12658000";"5,82499000"
"202300025482";"18";"04";"2023";"21:15";"5";"81";"81004";"2";"1";"1";"1";"GAMBETTA (AV)";"43,92393000";"2,14779000"
"202300025483";"18";"04";"2023";"08:00";"1";"81";"81004";"2";"2";"1";"3";"THOMAS (AV ALBERT)";"43,94300000";"2,14996000"
"202300025484";"16";"04";"2023";"15:10";"1";"76";"76351";"2";"3";"1";"3";"LOUIS BLANC";"49,50725311";"0,12630093"
"202300025485";"18";"04";"2023";"11:45";"1";"71";"71076";"2";"1";"1";"3";"THENARD (RUE LOUIS JACQUES)";"46,81015000";"4,85372000"
"202300025486";"18";"04";"2023";"08:40";"1";"71";"71475";"1";"1";"1";"2";"ROUTE NATIONALE 80";"46,75554000";"4,81532000"
"202300025487";"6";"08";"2023";"02:00";"3";"02";"02586";"1";"1";"3";"6";"D977";"49,74757000";"4,18310900"
"202300025488";"2";"08";"2023";"22:30";"3";"02";"02361";"1";"1";"2";"2";"Route de Laon";"49,88974100";"3,62584200"
"202300025489";"18";"04";"2023";"17:10";"1";"69";"69266";"2";"3";"1";"4";"Rue Lucette et René Desgrand";"45,78544000";"4,90049000"
"202300025490";"3";"08";"2023";"08:00";"1";"02";"02146";"2";"1";"2";"3";"N/A";"49,00904400";"3,56899600"
"202300025491";"18";"04";"2023";"13:08";"1";"69";"69282";"2";"2";"1";"3";"Avenue Docteur Schweitzer";"45,76629000";"5,02902000"
"202300025492";"5";"08";"2023";"17:15";"1";"84";"84123";"1";"1";"1";"5";"RD942 - PK 66500";"44,11344200";"5,41656000"
"202300025493";"5";"08";"2023";"15:32";"1";"84";"84089";"2";"6";"1";"3";"Route d?Aix - Rond point du farigoulier";"43,67113100";"5,49719800"
"202300025494";"6";"08";"2023";"06:30";"1";"03";"03118";"2";"4";"1";"6";"Rue Jules Bertin";"46,09255800";"3,19764300"
"202300025495";"1";"08";"2023";"18:50";"1";"15";"15251";"1";"1";"1";"7";"D990";"45,05783470";"3,25693131"
"202300025496";"18";"04";"2023";"18:45";"1";"69";"69259";"2";"2";"1";"1";"Boulevard Irène Joliot Curie";"45,71424000";"4,87917000"
"202300025497";"3";"08";"2023";"14:40";"1";"15";"15092";"1";"1";"2";"7";"D922";"45,41548064";"2,50245273"
"202300025498";"31";"07";"2023";"19:00";"1";"15";"15162";"2";"1";"1";"7";"RD 3";"45,28500200";"2,65215800"
"202300025499";"4";"08";"2023";"11:50";"1";"15";"15120";"1";"1";"3";"6";"D681";"45,20352100";"2,32552100"
"202300025500";"17";"04";"2023";"19:45";"1";"69";"69029";"2";"1";"1";"3";"Avenue Franklin Roosevelt";"45,73836000";"4,89426000"
"202300025501";"1";"08";"2023";"15:30";"1";"01";"01015";"2";"3";"8";"1";"D10";"45,70776400";"5,65287900"
"202300025502";"1";"08";"2023";"10:50";"1";"01";"01457";"1";"4";"1";"6";"Route de Biziat";"46,21604900";"4,97439100"
"202300025503";"5";"08";"2023";"15:35";"1";"01";"01447";"2";"1";"1";"7";"Route de Neuville";"46,18843900";"5,39719500"
"202300025504";"5";"08";"2023";"14:00";"1";"85";"85008";"1";"1";"2";"2";"A87 sortie 32";"46,62540800";" -1,43866200"
"202300025505";"5";"08";"2023";"14:30";"1";"70";"70532";"1";"3";"1";"6";"D108";"47,55401200";"6,13133700"
"202300025506";"5";"08";"2023";"06:00";"3";"70";"70372";"1";"1";"5";"6";"D20";"47,80552800";"5,99141400"
"202300025507";"16";"04";"2023";"15:07";"1";"66";"66136";"2";"3";"1";"3";"DIAZ (NARCISSE VIRGILE)";"42,71754000";"2,88934000"
"202300025508";"5";"08";"2023";"11:05";"1";"26";"26369";"1";"1";"1";"2";"RD 94";"44,37685400";"5,43266400"
"202300025509";"5";"08";"2023";"13:00";"1";"26";"26306";"1";"1";"1";"7";"D108";"44,32900600";"5,26288000"
"202300025510";"6";"08";"2023";"10:05";"1";"26";"26146";"1";"1";"1";"2";"Route de Montélimar";"44,44965500";"4,94407300"
"202300025511";"18";"04";"2023";"22:45";"3";"64";"64545";"1";"6";"1";"7";"RD810";"43,37311942";" -1,68030101"
"202300025512";"5";"08";"2023";"12:00";"1";"26";"26165";"1";"1";"1";"1";"route nationale 7";"44,78597001";"4,84949909"
"202300025513";"18";"04";"2023";"09:15";"1";"64";"64483";"2";"1";"1";"3";"ITHURRALDE ANDRE (AVENUE)";"43,39609000";" -1,64683000"
"202300025514";"30";"07";"2023";"06:25";"2";"58";"58245";"1";"1";"1";"6";"D979";"46,76052500";"3,63413600"
"202300025515";"30";"07";"2023";"01:15";"5";"58";"58151";"2";"1";"1";"6";"1 Rue de Decize";"46,88361200";"3,46342900"
"202300025516";"5";"08";"2023";"15:26";"1";"66";"66161";"1";"1";"1";"6";"Route Nationale 116";"42,60590100";"2,39699800"
"202300025517";"17";"04";"2023";"08:35";"1";"64";"64445";"2";"3";"1";"3";"FEDERICO GARCIA LORCA";"43,30781000";" -0,35486000"
"202300025518";"5";"08";"2023";"16:05";"1";"54";"54097";"2";"1";"1";"6";"rue de Cirey";"48,52489376";"6,91921681"
"202300025519";"17";"04";"2023";"17:30";"1";"64";"64024";"2";"1";"1";"3";"BAYONNE (AVENUE DE)";"43,48104000";" -1,51200000"
"202300025520";"5";"08";"2023";"00:05";"3";"06";"06162";"1";"1";"1";"3";"Départementale 43";"44,06224500";"7,60182600"