"Num_Acc";"jour";"mois";"an";"hrmn";"lum";"dep";"com";"agg";"int";"atm";"col";"adr";"lat";"long"
"202300025521";"3";"08";"2023";"16:55";"1";"06";"06136";"1";"1";"1";"7";"Route de Breil";"43,90720900";"7,47369100"
"202300025522";"3";"08";"2023";"09:20";"1";"14";"14026";"2";"1";"2";"7";"Rue de Ducy";"49,21511743";" -0,60054159"
"202300025523";"18";"04";"2023";"17:40";"1";"62";"62065";"2";"2";"1";"3";"Rue de la Bastille";"50,41152800";"2,83440800"
"202300025524";"4";"08";"2023";"15:00";"1";"05";"05114";"2";"1";"2";"5";"D41";"44,59484100";"6,36533800"
"202300025525";"18";"04";"2023";"17:45";"1";"60";"60057";"2";"1";"1";"2";"N/A";"49,43013137";"2,11875200"
"202300025526";"7";"08";"2023";"17:00";"1";"05";"05096";"2";"9";"1";"1";"Rue du Queyrelet";"44,69771300";"6,32807100"
"202300025527";"18";"04";"2023";"14:15";"1";"60";"60057";"2";"1";"1";"2";"Av du Pdt J Fitzgerald Kennedy";"49,42602000";"2,10242000"
"202300025528";"27";"07";"2023";"07:45";"1";"50";"50471";"2";"2";"3";"3";"Route de Barneville";"49,36415300";" -1,72908300"
"202300025529";"18";"04";"2023";"20:23";"1";"59";"59599";"2";"3";"1";"3";"PIATS (RUE DES)";"50,72285000";"3,17164000"
"202300025530";"18";"04";"2023";"16:00";"1";"59";"59599";"2";"3";"1";"6";"VIROLOIS (RUE DU)";"50,72470000";"3,17564000"
"202300025531";"3";"08";"2023";"20:50";"1";"50";"50618";"1";"2";"1";"3";"Route de Barfleur";"49,66839200";" -1,37553300"
"202300025532";"31";"07";"2023";"19:00";"1";"50";"50639";"2";"1";"3";"6";"24 Rue du Général de Gaulle";"48,83657400";" -1,22095800"
"202300025533";"18";"04";"2023";"11:30";"1";"59";"59356";"2";"6";"1";"3";"GRAND LOGIS ROND POINT DU";"50,66300000";"2,98700000"
"202300025534";"3";"08";"2023";"12:30";"1";"50";"50239";"1";"1";"2";"2";"rn 174, pk 26.6, thereval";"49,11559600";" -1,15669700"
"202300025535";"7";"08";"2023";"11:30";"1";"09";"09189";"1";"1";"1";"1";"Route Nationale 20, ";"42,67578100";"1,83536300"
"202300025536";"18";"04";"2023";"17:45";"1";"51";"51454";"1";"1";"1";"4";"Boulevard des Tondeurs";"49,27311000";"4,06095000"
"202300025537";"5";"08";"2023";"19:08";"1";"60";"60667";"1";"1";"3";"7";"départementale 932";"49,29186800";"2,72218500"
"202300025538";"4";"08";"2023";"12:10";"1";"64";"64259";"2";"1";"8";"7";"D22";"43,30307200";" -1,25009400"
"202300025539";"18";"04";"2023";"07:20";"1";"51";"51454";"2";"1";"1";"6";"rue du Docteur Lemoine";"49,26442187";"4,03977424"
"202300025540";"3";"08";"2023";"20:30";"1";"73";"73043";"2";"3";"1";"3";"D1201";"45,75978400";"5,93314300"
"202300025541";"14";"04";"2023";"14:00";"1";"50";"50129";"2";"1";"3";"2";"SCHMITT (AVENUE RENE)";"49,63115000";" -1,64614000"
"202300025542";"4";"08";"2023";"06:40";"2";"18";"18132";"2";"3";"1";"7";"4 Route de Baugy";"47,18673100";"2,82059700"
"202300025543";"14";"04";"2023";"13:00";"1";"50";"50129";"2";"1";"2";"7";"BROSSOLETTE (RUE PIERRE)";"49,63296000";" -1,59046000"
"202300025544";"6";"08";"2023";"15:35";"1";"43";"43127";"2";"1";"1";"7";"D46";"45,33322500";"4,17889200"
"202300025545";"5";"08";"2023";"17:35";"1";"43";"43086";"1";"1";"1";"1";"D20";"45,24446700";"3,52200900"
"202300025546";"17";"04";"2023";"18:30";"1";"49";"49007";"2";"2";"1";"3";"Boulevard de la Résistance et de la Déportation";"47,47141000";" -0,54721000"
"202300025547";"7";"08";"2023";"13:35";"1";"10";"10114";"1";"1";"1";"7";"route départementale 619";"48,51520400";"3,64654900"
"202300025548";"6";"08";"2023";"06:45";"1";"10";"10193";"1";"1";"1";"6";"D 960";"48,42843766";"4,42904741"
"202300025549";"6";"08";"2023";"16:20";"1";"10";"10432";"1";"1";"1";"6";"route départementale 36";"48,06602100";"4,23866300"
"202300025550";"6";"08";"2023";"19:40";"1";"16";"16023";"1";"1";"1";"6";"D27";"45,92550200";"0,22743500"
"202300025551";"18";"04";"2023";"20:40";"2";"45";"45234";"2";"2";"1";"3";"23bis Rue Croix de Bois";"47,89975000";"1,89782000"
"202300025552";"5";"08";"2023";"11:45";"1";"16";"16280";"1";"1";"2";"7";"D88";"45,75926000";"0,33624200"
"202300025553";"3";"08";"2023";"22:56";"3";"16";"16120";"1";"1";"2";"7";"D101";"45,60929523";"0,24756807"
"202300025554";"18";"04";"2023";"16:00";"1";"45";"45208";"2";"1";"8";"1";"Parking centre commercial";"47,99710000";"2,74169000"
"202300025555";"7";"08";"2023";"12:45";"1";"07";"07301";"1";"1";"1";"6";"RD532";"45,10563700";"4,67457000"
"202300025556";"5";"08";"2023";"08:20";"1";"21";"21580";"2";"1";"1";"6";"4 Rue du Bas";"47,45640600";"4,66148500"
"202300025557";"18";"04";"2023";"21:45";"3";"44";"44162";"2";"1";"1";"1";"14 Chemin du Vigneau";"47,21530000";" -1,62600000"
"202300025558";"3";"08";"2023";"12:00";"1";"40";"40310";"2";"6";"1";"3";"giratoire intersection  D50 / D116";"43,75650800";" -1,32524200"
"202300025559";"18";"04";"2023";"09:00";"1";"44";"44109";"2";"1";"1";"3";"14 Boulevard Gustave Roch";"47,20487000";" -1,54893000"
"202300025560";"5";"08";"2023";"12:20";"1";"24";"24172";"1";"1";"1";"1";"Avenue des Grottes";"44,93892900";"1,02919600"
"202300025561";"18";"04";"2023";"20:55";"5";"37";"37261";"2";"7";"1";"3";"POUSSIN (RUE NICOLAS)";"47,37283000";"0,68454000"
"202300025562";"18";"04";"2023";"18:30";"1";"37";"37208";"2";"1";"1";"3";"BEAUGAILLARD (AVENUE)";"47,36598000";"0,71811000"
"202300025563";"7";"08";"2023";"17:30";"1";"24";"24156";"1";"1";"1";"5";"D710";"45,04750000";"0,85744300"
"202300025564";"18";"04";"2023";"18:05";"1";"35";"35238";"2";"3";"1";"3";"SAINT-JEAN BAPTISTE DE LA SALLE";"48,11524000";" -1,70249000"
"202300025565";"6";"08";"2023";"06:15";"2";"04";"04113";"1";"1";"1";"6";"D900";"44,14308700";"6,29415800"
"202300025566";"18";"04";"2023";"13:20";"1";"33";"33318";"2";"6";"1";"3";"Allée des Tulipes";"44,78996000";" -0,63451000"
"202300025567";"3";"08";"2023";"11:10";"1";"85";"85127";"1";"1";"2";"1";"RD21";"46,42400300";" -1,51615800"
"202300025568";"18";"04";"2023";"14:30";"1";"33";"33009";"2";"3";"1";"3";"KEMP (RUE ROBERT)";"44,65744000";" -1,15857000"
"202300025569";"18";"04";"2023";"21:30";"5";"31";"31555";"2";"1";"1";"6";"39 Rue Henri Moissan";"43,63041000";"1,45514000"
"202300025570";"6";"08";"2023";"12:00";"1";"28";"28304";"1";"2";"1";"1";"N154";"48,29360100";"1,70974700"
"202300025571";"18";"04";"2023";"12:05";"1";"31";"31555";"2";"1";"1";"2";"AV EDOUARD BELIN";"43,57020000";"1,47344000"
"202300025572";"4";"08";"2023";"13:00";"1";"28";"28147";"1";"1";"3";"6";"D23";"48,51629900";"1,24144400"
"202300025573";"18";"04";"2023";"10:10";"1";"31";"31555";"2";"1";"1";"3";"68 Rue Adolphe Coll";"43,59775000";"1,42250000"
"202300025574";"18";"04";"2023";"09:20";"1";"31";"31483";"2";"1";"1";"6";"LIBERATION (PLACE DE LA )";"43,10933000";"0,72861000"
"202300025575";"3";"08";"2023";"17:50";"1";"17";"17150";"1";"2";"2";"3";"D219e4";"45,96582500";" -0,40231700"
"202300025576";"18";"04";"2023";"07:50";"1";"30";"30007";"2";"3";"1";"3";"STALINGRAD (AVENUE DE)";"44,12504000";"4,08979000"
"202300025577";"2";"08";"2023";"17:15";"1";"17";"17410";"1";"1";"1";"2";"Les Caillebottes";"45,36213100";" -0,72274800"
"202300025578";"17";"04";"2023";"20:30";"1";"29";"29039";"2";"6";"1";"3";"Rue de Keriolet";"47,88774000";" -3,91599000"
"202300025579";"18";"04";"2023";"19:00";"1";"28";"28404";"2";"9";"1";"6";"CRECY (ROUTE DE)";"48,72149000";"1,32395000"
"202300025580";"5";"08";"2023";"18:00";"1";"37";"37273";"1";"1";"1";"6";"ZAC des Fougerolles (Zone commerciale)";"47,39724900";"0,78499700"
"202300025581";"18";"04";"2023";"10:55";"1";"28";"28085";"2";"9";"1";"6";"LATHAN (RUE HUBERT)";"48,45216000";"1,49762000"
"202300025582";"3";"08";"2023";"09:45";"1";"37";"37109";"1";"1";"1";"6";"Route de la Pinsonnerie";"47,42942300";"0,58211400"
"202300025583";"17";"04";"2023";"17:35";"1";"25";"25056";"2";"1";"8";"2";"FONTAINE-ARGENT AVENUE";"47,24573000";"6,03360000"
"202300025584";"4";"08";"2023";"15:10";"1";"37";"37050";"2";"1";"1";"3";"215 Avenue du Grand Sud";"47,32336700";"0,70965200"
"202300025585";"18";"04";"2023";"14:00";"1";"22";"22278";"2";"1";"1";"5";"APOLLINAIRE (GUILLAUME)";"48,49598000";" -2,74956000"
"202300025586";"17";"04";"2023";"00:20";"3";"19";"19031";"1";"1";"1";"7";"Avenue Edmond Michelet";"45,14548412";"1,52894497"
"202300025587";"5";"08";"2023";"19:00";"1";"30";"30346";"1";"1";"1";"2";"D981";"43,96621000";"4,50935800"
"202300025588";"16";"04";"2023";"12:05";"1";"19";"19031";"2";"2";"1";"3";"SEMARD (AVENUE PIERRE) A PARTIR DE N° 75";"45,15740000";"1,52375000"
"202300025589";"4";"08";"2023";"12:30";"1";"30";"30055";"1";"4";"1";"1";"N/A";"44,12320600";"4,23613600"
"202300025590";"17";"04";"2023";"19:30";"1";"13";"13071";"1";"1";"1";"2";"QUICK (CD6)";"43,41071000";"5,32595000"
"202300025591";"6";"08";"2023";"18:50";"1";"88";"88116";"1";"1";"1";"7";"Route de Travexin";"47,95148100";"6,82711800"
"202300025592";"18";"04";"2023";"07:30";"1";"13";"13203";"2";"3";"1";"3";"MIRABEAU (BOULEVARD)";"43,31427535";"5,36974048"
"202300025593";"18";"04";"2023";"18:10";"2";"13";"13005";"1";"1";"1";"3";"DIRIGEABLE (AVENUE DU)";"43,28291000";"5,60651000"
"202300025594";"4";"08";"2023";"11:10";"1";"88";"88302";"1";"3";"2";"2";"Rue du Seu";"47,91687800";"6,79193300"
"202300025595";"18";"04";"2023";"15:00";"1";"13";"13070";"2";"3";"1";"3";"VOLTAIRE (BOULEVARD)";"43,28141000";"5,51613000"
"202300025596";"6";"08";"2023";"02:00";"3";"33";"33015";"1";"9";"1";"6";"Autoroute A89, PK 020.785, sens PERIGUEUX-BORDEAUX";"44,88508200";" -0,26861800"
"202300025597";"18";"04";"2023";"20:00";"2";"13";"13001";"2";"1";"1";"7";"ROI RENE (BD DU)";"43,52434000";"5,45262000"
"202300025598";"17";"04";"2023";"17:40";"1";"11";"11069";"2";"1";"1";"6";"Rue de Verdun";"43,21261081";"2,35067791"
"202300025599";"18";"04";"2023";"23:30";"5";"06";"06088";"2";"1";"1";"3";"MONTEL (BD PAUL)";"43,67571000";"7,20736000"
"202300025600";"7";"08";"2023";"01:45";"3";"68";"68252";"1";"1";"1";"3";"RD83 PK 051+800 SENS SUD NORD";"48,14123400";"7,36641900"
"202300025601";"18";"04";"2023";"17:40";"1";"75";"75118";"2";"1";"1";"2";"PORTE DE SAINT OUEN";"48,90061600";"2,33034900"
"202300025602";"18";"04";"2023";"17:05";"1";"75";"75118";"2";"1";"1";"3";"PORTE DE CLIGNANCOURT";"48,90119400";"2,35074700"
"202300025603";"5";"08";"2023";"18:45";"2";"973";"97307";"2";"2";"1";"3";"Rue Ebene Verte";"4,84401200";" -52,32332600"
"202300025604";"18";"04";"2023";"08:30";"1";"75";"75115";"2";"1";"1";"2";"BD PERIPHERIQUE EXTERIEUR";"48,83494100";"2,26804000"
"202300025605";"17";"04";"2023";"20:40";"1";"75";"75112";"2";"1";"1";"3";"PORTE DE VINCENNES";"48,84493300";"2,41426000"
"202300025606";"18";"04";"2023";"18:30";"2";"75";"75115";"2";"2";"2";"3";"RUE DE VAUGIRARD";"48,84551600";"2,31916300"
"202300025607";"5";"08";"2023";"16:45";"1";"973";"97307";"2";"1";"1";"2";"Route de la Distillerie";"4,87455300";" -52,33129300"
"202300025608";"15";"04";"2023";"13:25";"1";"75";"75116";"2";"1";"1";"3";"AVENUE RAYMOND POINCARE";"48,86908710";"2,28549000"
"202300025609";"6";"08";"2023";"17:50";"1";"73";"73272";"1";"1";"1";"7";"A43 PK 141+300 SENS ITALIE - FRANCE";"45,47323100";"6,28805300"
"202300025610";"18";"04";"2023";"15:05";"1";"75";"75112";"2";"2";"1";"6";"AVENUE DU GENERAL MICHEL BIZOT";"48,83622000";"2,40290300"
"202300025611";"4";"08";"2023";"14:45";"1";"49";"49307";"1";"1";"1";"7";"A85";"47,53487800";" -0,32375300"
"202300025612";"18";"04";"2023";"18:45";"1";"75";"75111";"2";"3";"1";"3";"BOULEVARD VOLTAIRE";"48,86100700";"2,37478500"
"202300025613";"7";"08";"2023";"15:00";"1";"30";"30036";"1";"1";"1";"3";"RN 113";"43,78024300";"4,29279000"
"202300025614";"18";"04";"2023";"14:54";"1";"75";"75110";"2";"2";"1";"4";"RUE LA FAYETTE";"48,87852000";"2,35406800"
"202300025615";"18";"04";"2023";"09:15";"1";"75";"75110";"2";"2";"1";"3";"RUE DU FAUBOURG SAINT MARTIN";"48,87177100";"2,35713100"
"202300025616";"6";"08";"2023";"01:30";"3";"30";"30344";"1";"2";"1";"5";"Route Nationale 113";"43,73982104";"4,24346387"
"202300025617";"18";"04";"2023";"09:00";"1";"75";"75110";"2";"3";"1";"3";"RUE D ABBEVILLE";"48,87863000";"2,35054300"
"202300025618";"18";"04";"2023";"11:40";"1";"75";"75109";"2";"4";"1";"5";"RUE HALEVY";"48,87115700";"2,33234400"
"202300025619";"3";"08";"2023";"15:52";"1";"01";"01451";"1";"1";"1";"2";"A40 PK167+700";"46,23835653";"5,27549744"
"202300025620";"18";"04";"2023";"00:01";"5";"75";"75107";"2";"3";"1";"2";"AVENUE DE LA BOURDONNAIS";"48,85991700";"2,29667400"
"202300025621";"6";"08";"2023";"15:00";"1";"68";"68300";"1";"1";"1";"6";"Sausheim (Embranchement d'autoroute)";"47,79017300";"7,39889500"
"202300025622";"17";"04";"2023";"15:40";"1";"75";"75104";"2";"2";"1";"6";"RUE FRANCOIS MIRON";"48,85535400";"2,35959000"
"202300025623";"6";"08";"2023";"07:20";"2";"68";"68309";"1";"1";"1";"2";"A35";"47,67144200";"7,47199100"
"202300025624";"17";"04";"2023";"14:40";"1";"75";"75103";"2";"3";"1";"3";"RUE DU TEMPLE";"48,86677600";"2,36196500"
"202300025625";"17";"04";"2023";"22:15";"5";"94";"94068";"2";"1";"1";"6";"Avenue de l’Alma";"48,78530000";"2,49520000"
"202300025626";"4";"08";"2023";"13:15";"1";"31";"31004";"1";"1";"1";"6";"A61 PK 253.900";"43,45209100";"1,59851000"
"202300025627";"18";"04";"2023";"18:25";"1";"94";"94058";"2";"1";"8";"3";"Avenue du Général de Gaulle";"48,84768000";"2,49790000"
"202300025628";"18";"04";"2023";"12:00";"1";"94";"94076";"2";"1";"1";"3";"Boulevard Maxime Gorki";"48,79237347";"2,36948363"
"202300025629";"5";"08";"2023";"15:40";"1";"987";"98715";"2";"9";"1";"3";"Face au marché de FAA'A";" -17,58400000";" -149,56000000"
"202300025630";"18";"04";"2023";"07:50";"1";"94";"94043";"2";"1";"1";"3";"Avenue de Fontainebleau";"48,80901000";"2,36263000"
"202300025631";"6";"08";"2023";"22:00";"4";"64";"64021";"1";"1";"1";"6";"A 64 PK 114.000 sens toulouse bayonne";"43,29819800";" -0,23088500"
"202300025632";"18";"04";"2023";"01:00";"5";"94";"94019";"2";"2";"1";"6";"Pont de Chennevières";"48,79043313";"2,52227077"
"202300025633";"7";"08";"2023";"09:30";"1";"13";"13007";"1";"1";"1";"1";"A52 P.K 14.160";"43,36086900";"5,61453800"
"202300025634";"17";"04";"2023";"14:25";"1";"94";"94017";"2";"1";"1";"2";"Boulevard de Stalingrad";"48,82084419";"2,49999958"
"202300025635";"17";"04";"2023";"21:25";"5";"93";"93078";"2";"2";"1";"3";"Boulevard Robert Ballanger / Avenue Emile Dambel";"48,95747000";"2,54512000"
"202300025636";"18";"04";"2023";"20:01";"1";"93";"93064";"2";"3";"1";"3";"Rue Leon Blum / Rue Conrad Adenauer";"48,88097308";"2,48008168"
"202300025637";"4";"08";"2023";"07:58";"1";"38";"38486";"2";"9";"1";"2";"D6";"45,15972900";"5,69468100"
"202300025638";"18";"04";"2023";"11:25";"1";"93";"93031";"2";"1";"1";"1";"Boulevard Foch";"48,94452638";"2,33741158"
"202300025639";"17";"04";"2023";"23:00";"5";"93";"93031";"2";"3";"1";"1";"Avenue Joffre / Rue des Carrières";"48,95874000";"2,30080000"
"202300025640";"6";"08";"2023";"14:45";"1";"34";"34329";"1";"1";"1";"2";"A9";"43,29511700";"3,19837900"
"202300025641";"18";"04";"2023";"21:45";"5";"93";"93007";"2";"2";"8";"2";"Avenue Hoche / Avenue Ambroise Croizat";"48,93443923";"2,46848355"
"202300025642";"18";"04";"2023";"16:25";"1";"93";"93001";"2";"1";"1";"6";"Pont de Stains";"48,90742500";"2,37675100"
"202300025643";"18";"04";"2023";"19:15";"1";"92";"92046";"2";"3";"2";"3";"PIERRE BROSSOLETTE (AVENUE)";"48,81715068";"2,30712086"
"202300025644";"18";"04";"2023";"08:50";"1";"92";"92072";"2";"1";"1";"6";"GRANDE RUE";"48,82710365";"2,22204119"
"202300025645";"18";"04";"2023";"09:10";"1";"92";"92050";"2";"5";"1";"2";"RENAN ERNEST RUE";"48,89289605";"2,18661457"
"202300025646";"5";"08";"2023";"15:30";"1";"13";"13103";"1";"1";"1";"2";"A7";"43,66251600";"5,09939400"
"202300025647";"18";"04";"2023";"18:40";"1";"92";"92020";"2";"1";"1";"6";"DEFORGES RUE ETIENNE N° PAIRS";"48,79897029";"2,28690237"
"202300025648";"18";"04";"2023";"16:00";"1";"92";"92040";"2";"1";"1";"7";"GAMBETTA (BOULEVARD)";"48,82725198";"2,27821738"
"202300025649";"4";"08";"2023";"18:25";"3";"987";"98740";"1";"1";"1";"1";"Atoll de TIKEHAU";" -15,36400000";" -147,96400000"
"202300025650";"16";"01";"2023";"06:00";"5";"91";"91174";"2";"1";"2";"6";"RUE DE PARIS";"48,60539000";"2,46733000"
"202300025651";"17";"04";"2023";"22:45";"5";"92";"92040";"2";"3";"1";"3";"GOUVERNEUR GAL EBOUE DU 02 AU 64";"48,82593000";"2,26953000"
"202300025652";"15";"01";"2023";"14:20";"1";"91";"91521";"2";"1";"1";"6";"BONTE (RUE)";"48,65895000";"2,41210000"
"202300025653";"6";"08";"2023";"13:00";"1";"988";"98822";"1";"1";"1";"6";"Ometteux (Tribu)";" -21,00449400";"165,40431400"
"202300025654";"18";"04";"2023";"09:25";"1";"92";"92026";"2";"3";"1";"3";"VERDUN (DE 62 A FIN)";"48,90131655";"2,26000392"
"202300025655";"11";"01";"2023";"16:10";"1";"91";"91174";"2";"1";"1";"3";"BD JEAN JAURES";"48,60611000";"2,46660000"
"202300025656";"4";"08";"2023";"19:20";"3";"988";"98803";"1";"1";"1";"6";"RT1 - NESSSADIOU";" -21,62460800";"165,54620900"
"202300025657";"5";"08";"2023";"09:50";"1";"974";"97403";"2";"1";"1";"7";"270 Rue Jean Lauret";" -21,24439200";"55,48027600"
"202300025658";"18";"04";"2023";"18:45";"1";"92";"92060";"2";"6";"1";"3";"CHARLES DE GAULLE (PLACE)";"48,77279040";"2,25171179"
"202300025659";"11";"01";"2023";"15:05";"1";"91";"91521";"2";"1";"1";"4";"ROUTE DE MENNECY ";"48,64241000";"2,42043000"
"202300025660";"10";"01";"2023";"08:10";"5";"91";"91174";"2";"1";"1";"6";"RUE DE LA POUDRERIE";"48,60427000";"2,47750000"
"202300025661";"18";"04";"2023";"14:30";"1";"92";"92012";"2";"2";"1";"7";"MEUDON (RUE DE) - COTE IMPAIR";"48,82554285";"2,24188149"
"202300025662";"4";"08";"2023";"11:20";"1";"973";"97303";"1";"1";"1";"5";"N1 - Trou Poissons";"5,44187700";" -53,11546300"
"202300025663";"19";"04";"2023";"05:00";"3";"83";"83058";"1";"1";"1";"6";"Route de Salernes";"43,54498700";"6,32209500"
"202300025664";"4";"01";"2023";"07:50";"5";"91";"91228";"2";"1";"2";"6";"AV DE L ORME A MARTIN";"48,63068000";"2,41274000"
"202300025665";"7";"08";"2023";"07:00";"1";"973";"97304";"1";"4";"1";"3";"PK41";"5,08901000";" -52,61245300"
"202300025666";"18";"01";"2023";"14:13";"1";"84";"84087";"1";"6";"1";"1";"VENISSAT-NORD (CHEMIN DE)";"44,11479000";"4,81979000"
"202300025667";"18";"04";"2023";"18:40";"1";"41";"41157";"1";"2";"1";"3";"D20/D144";"47,45479100";"1,57570700"
"202300025668";"25";"01";"2023";"09:00";"2";"76";"76231";"1";"1";"8";"7";"Rue du Thuit Anger";"49,28238100";"0,99142400"
"202300025669";"18";"04";"2023";"17:40";"1";"11";"11203";"2";"1";"1";"6";"1a Avenue Georges Clémenceau";"43,20012000";"2,76451000"
"202300025670";"5";"08";"2023";"16:30";"1";"971";"97118";"2";"1";"1";"3";"Daubin";"16,22377100";" -61,60279900"
"202300025671";"24";"01";"2023";"07:25";"2";"76";"76540";"2";"2";"1";"3";"Rue d'Ornay";"49,44323000";"1,12272000"
"202300025672";"19";"04";"2023";"13:50";"1";"84";"84091";"2";"3";"1";"3";"2167 Avenue de Provence";"44,17447900";"4,76161800"
"202300025673";"24";"01";"2023";"15:45";"1";"76";"76351";"2";"3";"1";"1";"BELLOT";"49,48534000";"0,12710000"
"202300025674";"19";"04";"2023";"08:30";"1";"30";"30076";"2";"1";"1";"6";"Rue de Bagnols";"44,11331500";"4,52404300"
"202300025675";"6";"08";"2023";"02:45";"3";"971";"97114";"1";"1";"1";"1";"N1";"16,14483500";" -61,58281100"
"202300025676";"18";"04";"2023";"17:00";"1";"56";"56243";"2";"1";"1";"6";"route de l'hippodrome";"47,63575500";" -2,72355800"
"202300025677";"24";"01";"2023";"09:00";"1";"71";"71486";"2";"2";"1";"3";"WALDECK ROCHET (AVENUE)";"46,66320200";"4,36990300"
"202300025678";"19";"04";"2023";"16:00";"1";"82";"82025";"1";"2";"1";"3";"4195 Route de Montbartier";"43,96844600";"1,32082200"
"202300025679";"3";"08";"2023";"15:05";"1";"972";"97228";"2";"1";"1";"1";"route nationale 1 belle étoile";"14,76982000";" -60,98557400"
"202300025680";"25";"01";"2023";"08:55";"1";"67";"67482";"2";"3";"8";"3";"SOLEURE (RUE DE)";"48,57750000";"7,75478000"
"202300025681";"19";"04";"2023";"15:40";"1";"63";"63139";"1";"1";"1";"1";"ROUTE DÉPARTEMENTALE 906";"45,37334467";"3,75282142"
"202300025682";"6";"08";"2023";"08:10";"1";"44";"44020";"1";"1";"1";"6";"N/A";"47,16923500";" -1,65168300"
"202300025683";"18";"04";"2023";"14:40";"1";"63";"63296";"1";"9";"1";"3";"Route départementale 10";"45,77526800";"3,38286600"
"202300025684";"24";"01";"2023";"23:09";"5";"67";"67482";"2";"1";"1";"6";"KELLERMANN (QUAI)";"48,58604000";"7,74508000"
"202300025685";"19";"04";"2023";"09:25";"1";"61";"61063";"1";"1";"1";"7";"D924";"48,71015600";" -0,39073600"
"202300025686";"2";"08";"2023";"18:00";"1";"33";"33214";"2";"3";"1";"1";"Avenue du Cantabria";"45,00692800";" -1,19302500"
"202300025687";"24";"01";"2023";"17:00";"5";"67";"67482";"2";"1";"1";"4";"LOUIS PASTEUR (QUAI)";"48,57431000";"7,73997000"
"202300025688";"19";"04";"2023";"10:10";"1";"61";"61240";"1";"3";"1";"4";"D958";"48,62688400";"0,13113800"
"202300025689";"4";"08";"2023";"08:15";"1";"37";"37118";"1";"2";"9";"1";"D16";"47,20783900";"0,25390900"
"202300025690";"18";"04";"2023";"23:52";"3";"49";"49125";"2";"6";"1";"6";"Boulevard du docteur lionet";"47,18837100";" -0,28856800"
"202300025691";"22";"01";"2023";"00:30";"5";"67";"67204";"1";"1";"4";"6";"FONTAINE (RUE DE LA)";"48,62468000";"7,73961000"
"202300025692";"4";"08";"2023";"20:40";"2";"77";"77486";"1";"1";"1";"6";"D2a";"48,70204600";"3,10112000"
"202300025693";"19";"04";"2023";"10:25";"1";"12";"12107";"1";"1";"1";"6";"Route de Rodez";"44,36363200";"2,89479000"
"202300025694";"24";"01";"2023";"18:08";"2";"66";"66136";"2";"3";"1";"3";"";"42,69482000";"2,88909100"
"202300025695";"4";"08";"2023";"11:50";"1";"95";"95348";"1";"1";"1";"2";"D14";"49,07413300";"1,95285200"
"202300025696";"25";"01";"2023";"08:30";"1";"62";"62907";"1";"9";"1";"1";"D917";"50,48517200";"2,98560400"
"202300025697";"13";"04";"2023";"17:33";"1";"68";"68059";"1";"1";"1";"5";"D83";"47,73011600";"7,16199200"
"202300025698";"5";"08";"2023";"03:10";"3";"91";"91661";"1";"1";"1";"1";"Avenue de la Plesse";"48,69792900";"2,24870000"
"202300025699";"20";"01";"2023";"16:10";"1";"59";"59527";"2";"1";"1";"6";"LECLERC RUE DU GENERAL";"50,66608000";"3,04998000"
"202300025700";"7";"08";"2023";"09:55";"1";"91";"91038";"1";"1";"1";"7";"Route de Villeneuve";"48,48493700";"2,22932300"
"202300025701";"25";"01";"2023";"08:15";"1";"59";"59350";"2";"1";"1";"3";"FAUBOURG D'ARRAS RUE";"50,60381448";"3,05665612"
"202300025702";"18";"04";"2023";"22:41";"3";"68";"68078";"1";"1";"1";"1";"D83";"48,04678400";"7,32274700"
"202300025703";"24";"01";"2023";"13:40";"1";"55";"55545";"2";"1";"1";"3";"MISS SIBLEY";"49,15177000";"5,39578000"
"202300025704";"15";"04";"2023";"20:15";"2";"35";"35306";"1";"2";"1";"6";"d76";"48,57995700";" -1,91672800"
"202300025705";"10";"04";"2023";"22:10";"3";"29";"29281";"1";"1";"1";"6";"Kerveguen";"47,99316700";" -3,81510400"
"202300025706";"5";"08";"2023";"09:25";"1";"2B";"2B193";"1";"1";"1";"1";"francardo T20";"42,38699100";"9,19307800"
"202300025707";"25";"01";"2023";"10:49";"1";"49";"49267";"2";"3";"1";"3";"TAILLANDERIE";"47,46884000";" -0,50133000"
"202300025708";"18";"04";"2023";"19:30";"1";"29";"29031";"1";"1";"1";"2";"Route de Lorient";"47,79859100";" -3,52287800"
"202300025709";"24";"01";"2023";"18:45";"5";"49";"49007";"2";"1";"1";"2";"GAULLE BOULEVARD CHARLES DE";"47,46937000";" -0,56060000"
"202300025710";"7";"08";"2023";"14:45";"1";"2B";"2B199";"1";"1";"1";"2";"route territoriale 30";"42,65240800";"9,07378400"
"202300025711";"24";"01";"2023";"17:20";"2";"49";"49007";"2";"1";"1";"2";"FOCH BOULEVARD";"47,46813000";" -0,55070000"
"202300025712";"7";"08";"2023";"09:40";"1";"2B";"2B314";"1";"1";"1";"7";"PSITE DE SALECCIA - CASTA";"42,68382300";"9,17667400"
"202300025713";"19";"04";"2023";"08:30";"1";"31";"31160";"1";"1";"1";"3";"Route de Toulouse";"43,67852702";"1,26580779"
"202300025714";"24";"01";"2023";"04:45";"4";"49";"49015";"2";"1";"1";"6";"219 Avenue Pierre Mendès-France";"47,50671000";" -0,58967000"
"202300025715";"6";"08";"2023";"06:00";"2";"2B";"2B188";"1";"1";"1";"7";"Pont de Torreno";"42,59261600";"9,36365100"
"202300025716";"19";"04";"2023";"06:20";"2";"02";"02810";"2";"1";"1";"6";"1 Rue Lavoisier";"49,25317100";"3,09749500"