"Num_Acc";"jour";"mois";"an";"hrmn";"lum";"dep";"com";"agg";"int";"atm";"col";"adr";"lat";"long"
"202300025717";"25";"01";"2023";"07:55";"2";"45";"45284";"1";"1";"2";"4";"D2060 PR 90 + 325";"47,92302000";"1,99360000"
"202300025718";"6";"08";"2023";"10:45";"1";"34";"34213";"1";"3";"1";"3";"Avenue de Sète";"43,47451300";"3,67842400"
"202300025719";"18";"04";"2023";"17:20";"1";"01";"01050";"2";"3";"1";"2";"Route de Saint Jean";"46,38417300";"4,99864100"
"202300025720";"24";"01";"2023";"19:15";"5";"44";"44184";"2";"5";"1";"3";"47 Boulevard du Moulin de La Butte";"47,28650000";" -2,21850000"
"202300025721";"5";"08";"2023";"19:20";"1";"34";"34063";"1";"1";"1";"1";"D13e5";"43,49399700";"3,38344600"
"202300025722";"25";"01";"2023";"03:50";"3";"44";"44162";"1";"1";"1";"6";"Rue de la Syonnière";"47,24727000";" -1,64693000"
"202300025723";"19";"04";"2023";"11:10";"1";"70";"70292";"2";"6";"1";"3";"Avenue Victor Hugo";"47,82800300";"5,89912000"
"202300025724";"4";"08";"2023";"10:00";"1";"34";"34145";"2";"4";"1";"3";"Avenue de Mauguio";"43,67417000";"4,12766700"
"202300025725";"25";"01";"2023";"18:10";"1";"41";"41018";"2";"1";"1";"2";"VENDOME (AVENUE DE)";"47,58153500";"1,30608930"
"202300025726";"19";"04";"2023";"14:50";"1";"05";"05045";"1";"1";"1";"3";"RN 94";"44,53263100";"6,45459700"
"202300025727";"4";"08";"2023";"02:00";"3";"84";"84147";"1";"9";"1";"7";"D973";"43,70247500";"5,44342500"
"202300025728";"25";"01";"2023";"18:45";"5";"37";"37122";"2";"3";"1";"3";"MARTYRS (RUE DES)";"47,35514000";"0,66696000"
"202300025729";"29";"07";"2023";"16:30";"1";"83";"83027";"1";"1";"1";"7";"D66";"43,20178200";"5,73536200"
"202300025730";"18";"04";"2023";"14:20";"1";"64";"64405";"1";"1";"1";"1";"RD 943";"43,33827300";" -0,26381100"
"202300025731";"25";"01";"2023";"05:55";"5";"37";"37261";"2";"2";"1";"7";"RABELAIS (PLACE)";"47,38455000";"0,67689000"
"202300025732";"18";"04";"2023";"15:15";"1";"18";"18165";"1";"1";"1";"1";"N/A";"47,34404300";"2,30234400"
"202300025733";"25";"01";"2023";"13:50";"1";"35";"35278";"1";"3";"1";"2";"RD 29";"48,15820000";" -1,69740000"
"202300025734";"5";"08";"2023";"16:00";"1";"83";"83127";"1";"1";"1";"1";"Route de Marseille";"43,27089400";"5,79067500"
"202300025735";"18";"04";"2023";"12:15";"1";"16";"16194";"1";"2";"1";"3";"D88";"45,93791300";" -0,06793800"
"202300025736";"24";"01";"2023";"08:20";"1";"34";"34003";"2";"1";"1";"2";"19 Avenue du 8 Mai 1945";"43,31690000";"3,47500000"
"202300025737";"18";"04";"2023";"17:30";"1";"37";"37179";"2";"4";"1";"3";"D77";"47,44980299";"0,72437831"
"202300025738";"25";"01";"2023";"13:55";"1";"33";"33162";"2";"6";"1";"3";"Avenue de Saint-Medard";"44,86404000";" -0,66098000"
"202300025739";"3";"08";"2023";"10:30";"1";"83";"83115";"1";"1";"1";"3";"Av du Croiseur Leger le Malin";"43,32902500";"6,66739200"
"202300025740";"18";"04";"2023";"17:00";"1";"30";"30161";"1";"1";"1";"2";"N/A";"44,02479600";"4,11153700"
"202300025741";"25";"01";"2023";"21:50";"5";"31";"31555";"2";"1";"2";"1";"CHE DE LESTANG";"43,55849000";"1,39435000"
"202300025742";"3";"08";"2023";"15:30";"1";"83";"83068";"1";"3";"1";"3";"Route du Littoral";"43,28862800";"6,60404900"
"202300025743";"23";"01";"2023";"17:30";"2";"29";"29019";"1";"1";"1";"2";"D112";"48,42257538";" -4,47700816"
"202300025744";"18";"04";"2023";"20:50";"2";"88";"88488";"1";"2";"1";"3";"D165";"48,19194000";"6,09225200"
"202300025745";"25";"01";"2023";"19:10";"5";"22";"22113";"2";"6";"1";"6";"RESISTANCE (AVENUE DE LA)";"48,74741000";" -3,46130000"
"202300025746";"4";"08";"2023";"13:40";"1";"83";"83107";"1";"1";"1";"1";"Route Nd7";"43,46173900";"6,65483400"
"202300025747";"18";"04";"2023";"17:05";"1";"62";"62836";"1";"1";"1";"2";"A26";"50,50919700";"2,62329500"
"202300025748";"24";"01";"2023";"08:25";"2";"18";"18255";"1";"6";"1";"2";"";"47,04059000";"2,33040000"
"202300025749";"3";"08";"2023";"18:10";"1";"06";"06157";"2";"1";"7";"1";"Route de Saint-Jeannet";"43,73344100";"7,12121100"
"202300025750";"19";"04";"2023";"06:45";"1";"976";"97605";"2";"1";"2";"1";"D16 CHICONI route du collège";" -12,83348800";"45,12214800"
"202300025751";"5";"08";"2023";"14:55";"1";"13";"13042";"1";"1";"1";"6";"rd2";"43,30300800";"5,66800100"
"202300025752";"25";"01";"2023";"18:15";"5";"14";"14220";"2";"2";"1";"3";"128-130 Avenue de la République";"49,35808900";"0,07598900"
"202300025753";"19";"04";"2023";"07:40";"1";"60";"60533";"1";"1";"1";"2";"A1";"49,55012127";"2,73059725"
"202300025754";"25";"01";"2023";"18:25";"5";"14";"14137";"1";"3";"1";"3";"D9";"49,18721000";" -0,42195000"
"202300025755";"17";"04";"2023";"20:15";"3";"987";"98714";"2";"1";"1";"6";"RT 101 Quai de Fare Piti - District de NUNUE";" -16,38800000";" -151,76500000"
"202300025756";"5";"08";"2023";"18:25";"1";"13";"13097";"1";"1";"6";"1";"D24";"43,59873000";"4,77853800"
"202300025757";"24";"01";"2023";"21:00";"3";"10";"10357";"1";"1";"1";"2";"N/A";"48,30447000";"4,09979000"
"202300025758";"7";"08";"2023";"15:00";"1";"13";"13096";"1";"1";"1";"1";"D38";"43,52200104";"4,38665792"
"202300025759";"8";"03";"2023";"08:45";"1";"29";"29232";"2";"2";"2";"3";"Rue du Frugy";"47,98743839";" -4,09855038"
"202300025760";"24";"01";"2023";"15:25";"1";"10";"10387";"2";"6";"1";"3";"ROBERT GALLEY (RUE)";"48,28982000";"4,06751000"
"202300025761";"17";"04";"2023";"12:36";"1";"988";"98821";"2";"1";"2";"7";"N'dé (Tribu)";" -22,15156200";"166,30218900"
"202300025762";"1";"08";"2023";"19:10";"1";"13";"13059";"1";"6";"7";"6";"RD96";"43,64214700";"5,53433100"
"202300025763";"24";"01";"2023";"20:00";"5";"06";"06088";"2";"1";"1";"6";"VERANY (BD J.B.)";"43,70960000";"7,28396000"
"202300025764";"7";"03";"2023";"21:45";"5";"29";"29019";"2";"2";"3";"3";"rue Traverse";"48,38581100";" -4,49072100"
"202300025765";"18";"04";"2023";"16:15";"1";"66";"66164";"2";"6";"1";"3";"N/A";"42,77111138";"2,88411230"
"202300025766";"24";"01";"2023";"19:10";"1";"974";"97411";"1";"1";"3";"6";"LITTORAL (ROUTE 2 DU)";" -20,89634657";"55,37607729"
"202300025767";"6";"03";"2023";"15:40";"1";"29";"29019";"2";"2";"1";"3";"rue Fautras";"48,38943600";" -4,49262500"
"202300025768";"18";"04";"2023";"17:20";"1";"83";"83101";"1";"3";"1";"1";"Route des Plages";"43,25118500";"6,64449700"
"202300025769";"23";"01";"2023";"16:55";"1";"974";"97411";"2";"1";"2";"2";"VICTOIRE (AVENUE DE LA)";" -20,87701000";"55,44799000"
"202300025770";"4";"08";"2023";"18:15";"1";"71";"71382";"1";"8";"1";"3";"champ cornu";"46,51792700";"3,85786400"
"202300025771";"24";"01";"2023";"11:20";"1";"69";"69388";"2";"1";"1";"6";"Boulevard des Etats-Unis";"45,73520000";"4,86542000"
"202300025772";"16";"03";"2023";"15:15";"1";"83";"83138";"2";"1";"1";"2";"Route Departementale 562";"43,60948200";"6,73577800"
"202300025773";"4";"08";"2023";"23:10";"3";"10";"10030";"1";"1";"3";"6";"D610";"48,32598300";"4,02916100"
"202300025774";"24";"01";"2023";"07:43";"2";"69";"69388";"2";"1";"1";"1";"133 Rue Marius Berliet";"45,73925000";"4,86620000"
"202300025775";"17";"04";"2023";"22:00";"3";"13";"13035";"1";"1";"1";"7";"D569";"43,67665600";"5,02671700"
"202300025776";"4";"03";"2023";"16:50";"1";"26";"26198";"2";"9";"1";"3";"Avenue John Fitzgerald Kennedy";"44,55396487";"4,74203825"
"202300025777";"6";"08";"2023";"18:15";"1";"68";"68329";"2";"1";"2";"6";"11 Route de la Schlucht";"48,04899000";"7,11529800"
"202300025778";"24";"01";"2023";"09:45";"1";"69";"69389";"2";"1";"8";"6";"177 Avenue Sidoine Apollinaire";"45,76198000";"4,80437000"
"202300025779";"19";"04";"2023";"00:30";"3";"71";"71481";"1";"2";"1";"7";"Rue des Fougères";"46,19789400";"4,77303400"
"202300025780";"5";"08";"2023";"16:15";"1";"67";"67010";"1";"1";"1";"3";"D 425";"48,39479000";"7,38680400"
"202300025781";"24";"01";"2023";"07:35";"5";"69";"69389";"2";"1";"1";"6";"22 Avenue Joannès Masset";"45,76872318";"4,80102913"
"202300025782";"23";"05";"2023";"16:35";"1";"73";"73008";"2";"6";"1";"3";"MASSONNAT CHEMIN DES";"45,70312000";"5,92956000"
"202300025783";"8";"03";"2023";"22:41";"5";"17";"17300";"2";"3";"8";"3";"NORMANDIN   RUE EMILE";"46,15042000";" -1,14614000"
"202300025784";"6";"08";"2023";"06:50";"2";"67";"67080";"1";"1";"2";"6";"RD 93";"48,54863500";"7,55043400"
"202300025785";"18";"04";"2023";"18:30";"1";"57";"57211";"2";"2";"1";"2";"Rue de la Fontaine Chaudron";"49,18668600";"6,14633600"
"202300025786";"24";"01";"2023";"07:25";"5";"69";"69034";"2";"1";"1";"6";"120 Rue Pasteur";"45,79445201";"4,84666421"
"202300025787";"23";"05";"2023";"17:00";"1";"69";"69029";"2";"1";"1";"3";"Route de Genas";"45,75105000";"4,90711000"
"202300025788";"23";"01";"2023";"16:00";"1";"971";"97113";"1";"1";"1";"6";"Morne Salines";"16,21180000";" -61,44070000"
"202300025789";"6";"08";"2023";"01:15";"3";"55";"55324";"1";"1";"3";"7";"D643";"49,45929316";"5,41275528"
"202300025790";"19";"04";"2023";"16:00";"1";"73";"73179";"2";"6";"1";"3";"Rue de l'Erier";"45,59858300";"5,88687500"
"202300025791";"15";"01";"2023";"13:00";"1";"971";"97113";"1";"1";"1";"7";"GRAND BAIE ( RN4)";"16,21793688";" -61,50968313"
"202300025792";"3";"05";"2023";"17:10";"1";"69";"69091";"2";"1";"1";"2";"Route Neuve";"45,58389760";"4,76730062"
"202300025793";"7";"08";"2023";"15:22";"1";"57";"57724";"1";"6";"1";"3";"N52";"49,26365300";"6,10934300"
"202300025794";"15";"01";"2023";"17:00";"1";"971";"97113";"1";"1";"1";"4";"GRAND BAIE ( RN4)";"16,21944095";" -61,51654959"
"202300025795";"8";"03";"2023";"13:30";"1";"14";"14437";"1";"1";"2";"5";"N814";"49,17735000";" -0,31747000"
"202300025796";"18";"04";"2023";"10:10";"1";"01";"01345";"1";"1";"1";"3";"D1075";"45,95579700";"5,32580000"
"202300025797";"24";"05";"2023";"21:18";"2";"66";"66136";"2";"3";"1";"5";"";"42,71977000";"2,88659000"
"202300025798";"24";"01";"2023";"13:20";"1";"2A";"2A004";"2";"3";"2";"3";"BIANCAMARIA COLONEL ET CAPITAINE AVE";"41,93292609";"8,73736113"
"202300025799";"8";"03";"2023";"12:20";"1";"13";"13117";"1";"1";"1";"3";"";"43,42727907";"5,26433786"
"202300025800";"18";"04";"2023";"17:35";"1";"69";"69127";"1";"9";"1";"3";"Avenue Bourgelat";"45,79466900";"4,71963600"
"202300025801";"4";"08";"2023";"16:20";"1";"03";"03040";"1";"3";"1";"5";"D2009";"46,54622500";"3,32020500"
"202300025802";"24";"01";"2023";"09:15";"1";"2A";"2A004";"2";"9";"1";"3";"CAMPI LOUIS BD";"41,94358000";"8,75436000"
"202300025803";"19";"04";"2023";"08:00";"1";"64";"64135";"1";"1";"1";"6";"Route de Dax";"43,55473800";" -0,80365400"
"202300025804";"8";"03";"2023";"19:00";"2";"13";"13210";"2";"1";"1";"2";"PAUL CLAUDEL (BOULEVARD)";"43,26969573";"5,42172105"
"202300025805";"24";"05";"2023";"08:11";"1";"66";"66136";"2";"3";"1";"5";"";"42,68757000";"2,87208000"
"202300025806";"24";"01";"2023";"08:23";"1";"2A";"2A004";"2";"1";"1";"6";"VAZZIO CITE EDF";"41,93559000";"8,79335000"
"202300025807";"4";"08";"2023";"15:40";"1";"63";"63263";"1";"1";"1";"1";"D68";"45,76802400";"3,02214100"
"202300025808";"26";"05";"2023";"16:40";"1";"64";"64348";"1";"1";"1";"2";"SANTONA DE";"43,32126000";" -0,39354000"
"202300025809";"19";"04";"2023";"15:35";"1";"14";"14733";"1";"1";"1";"2";"4 Vaussieux";"49,26600061";" -0,61310174"
"202300025810";"7";"03";"2023";"15:55";"1";"11";"11069";"2";"1";"2";"3";"8 Avenue du Souvenir Francais";"43,20849000";"2,38387000"
"202300025811";"29";"07";"2023";"23:00";"3";"42";"42132";"1";"1";"1";"7";"Route du Bourg";"45,38510700";"4,72740400"
"202300025812";"24";"01";"2023";"07:10";"5";"91";"91027";"2";"1";"1";"2";"VC QUAI DE L'INDUSTRIE";"48,69760000";"2,39460000"
"202300025813";"26";"05";"2023";"09:40";"1";"64";"64445";"2";"6";"1";"3";"BACHAGA BOUALAN";"43,31640000";" -0,37487000"
"202300025814";"8";"03";"2023";"13:55";"1";"06";"06088";"2";"1";"1";"6";"GIACOBI (AV.)";"43,71100600";"7,29242700"
"202300025815";"6";"08";"2023";"12:30";"1";"07";"07119";"1";"1";"1";"7";"D16";"44,82697696";"4,08143027"
"202300025816";"16";"04";"2023";"17:55";"1";"27";"27447";"1";"2";"1";"3";"D830 ";"48,96180000";"0,95946900"
"202300025817";"4";"08";"2023";"17:20";"1";"01";"01342";"1";"1";"1";"6";"D2a";"45,89572400";"5,02840700"
"202300025818";"26";"05";"2023";"15:00";"1";"59";"59279";"2";"1";"1";"6";"PERI (RUE GABRIEL)";"50,78420900";"3,13193100"
"202300025819";"24";"01";"2023";"07:35";"2";"85";"85191";"2";"6";"1";"3";"PALISSY ROND-POINT BERNARD";"46,69039000";" -1,42890000"
"202300025820";"9";"04";"2023";"20:30";"2";"60";"60612";"1";"9";"1";"7";"N324";"49,20909200";"2,60655500"
"202300025821";"6";"08";"2023";"09:45";"1";"01";"01185";"2";"1";"2";"6";"route départementale 8";"45,97817600";"5,60177700"
"202300025822";"7";"03";"2023";"21:15";"5";"75";"75120";"2";"1";"2";"7";"ECHANGEUR BAGNOLET";"48,86452890";"2,41338193"
"202300025823";"26";"05";"2023";"20:40";"1";"59";"59512";"2";"3";"1";"3";"Boulevard du Général de Gaulle";"50,68746500";"3,17495500"
"202300025824";"19";"04";"2023";"12:20";"1";"59";"59091";"1";"6";"1";"7";"113 Route Nationale";"50,73176517";"2,56778598"
"202300025825";"7";"03";"2023";"02:52";"5";"75";"75112";"2";"1";"1";"6";"QUAI DE BERCY";"48,82834422";"2,38826573"
"202300025826";"4";"05";"2023";"21:10";"5";"59";"59360";"2";"1";"1";"6";"CALMETTE RUE DU DOCTEUR";"50,61336000";"3,01209000"
"202300025827";"24";"01";"2023";"08:30";"2";"83";"83137";"2";"1";"3";"2";"HERRIOT (AVE EDOUARD)";"43,12931000";"5,89960000"
"202300025828";"6";"08";"2023";"07:00";"2";"81";"81038";"1";"1";"1";"6";"A68";"43,88587700";"1,94301400"
"202300025829";"13";"04";"2023";"12:13";"1";"13";"13213";"2";"1";"1";"2";"A507 sens Aubagne- Marseille";"43,32693815";"5,42017771"
"202300025830";"5";"08";"2023";"22:10";"3";"81";"81165";"1";"1";"1";"6";"Route de Bonnan";"44,13451300";"1,87057300"
"202300025831";"25";"05";"2023";"07:50";"1";"57";"57672";"2";"1";"1";"6";"CHATEAU JEANNOT (RUE) ";"49,36782000";"6,14962000"
"202300025832";"23";"01";"2023";"14:15";"1";"83";"83090";"1";"1";"1";"5";"CANNIERS (CHEMIN DES)";"43,12332000";"5,88157000"
"202300025833";"6";"03";"2023";"18:30";"2";"75";"75106";"2";"3";"1";"3";"RUE D ASSAS";"48,84631300";"2,33098500"
"202300025834";"17";"04";"2023";"17:20";"1";"33";"33192";"1";"1";"1";"4";"ROCADE A 630";"44,78755600";" -0,59835200"
"202300025835";"4";"08";"2023";"21:30";"2";"46";"46102";"2";"3";"1";"3";"Avenue du Marechal Joffre";"44,60805300";"2,02604900"
"202300025836";"24";"01";"2023";"19:00";"5";"81";"81004";"2";"4";"1";"3";"PARTISANS (ESPL DES)";"43,93107000";"2,14725000"
"202300025837";"26";"05";"2023";"15:15";"1";"54";"54395";"2";"1";"1";"3";"Rue Marcel Brot";"48,67801000";"6,20537000"
"202300025838";"8";"03";"2023";"19:05";"5";"75";"75120";"2";"2";"8";"6";"BOULEVARD DE BELLEVILLE";"48,87210900";"2,37703600"
"202300025839";"22";"01";"2023";"16:45";"1";"80";"80131";"1";"1";"1";"6";"Rue Jean Leroy";"49,86376000";"2,35148000"
"202300025840";"4";"08";"2023";"20:50";"1";"79";"79049";"2";"2";"1";"3";"N/A";"46,84026000";" -0,49320000"
"202300025841";"18";"04";"2023";"13:58";"1";"94";"94034";"1";"1";"1";"4";"D86";"48,75923000";"2,32379000"
"202300025842";"8";"03";"2023";"17:25";"1";"75";"75120";"2";"1";"3";"1";"RUE D AVRON";"48,85186600";"2,40137600"
"202300025843";"26";"05";"2023";"13:00";"1";"54";"54547";"2";"3";"1";"3";"Avenue Jeanne d'Arc";"48,65863000";"6,17926000"
"202300025844";"24";"01";"2023";"18:20";"3";"79";"79003";"1";"1";"1";"2";"N/A";"46,30768000";" -0,43009000"
"202300025845";"18";"04";"2023";"16:30";"1";"95";"95277";"1";"1";"1";"7";"A3";"48,97291672";"2,48744845"
"202300025846";"24";"01";"2023";"13:14";"1";"77";"77495";"2";"1";"8";"6";"POUILLY (RUE DE)";"48,57026000";"2,61937000"
"202300025847";"6";"08";"2023";"14:39";"1";"17";"17064";"1";"2";"1";"4";"D14";"45,69047100";" -1,02487200"
"202300025848";"26";"05";"2023";"08:50";"1";"54";"54184";"1";"1";"1";"6";"RD 674";"48,70171961";"6,24256521"
"202300025849";"24";"01";"2023";"18:05";"5";"77";"77058";"2";"1";"1";"6";"ANDRE MALRAUX (AVENUE)";"48,84274000";"2,72389800"
"202300025850";"26";"05";"2023";"15:00";"1";"51";"51454";"2";"6";"1";"7";"avenue de l'Europe";"49,25228000";"4,06286000"
"202300025851";"6";"08";"2023";"02:10";"5";"17";"17225";"2";"2";"1";"7";"Avenue de la Palmyre";"45,71515800";" -1,15625000"
"202300025852";"24";"01";"2023";"03:10";"3";"77";"77221";"1";"1";"1";"6";"D217B";"48,85228000";"2,72221000"
"202300025853";"8";"03";"2023";"16:10";"1";"75";"75120";"2";"5";"2";"3";"AVENUE GAMBETTA";"48,87172500";"2,40438300"
"202300025854";"22";"06";"2023";"23:38";"4";"16";"16078";"2";"1";"1";"6";"Rue des Plantiers";"45,72816633";"0,18213894"
"202300025855";"26";"05";"2023";"11:50";"1";"51";"51454";"2";"6";"1";"3";"Place des combattants d'AFN";"49,22033480";"4,02100146"
"202300025856";"18";"04";"2023";"11:10";"1";"95";"95277";"1";"1";"1";"2";"A1";"48,97751700";"2,49333300"
"202300025857";"24";"01";"2023";"06:30";"5";"76";"76540";"2";"3";"1";"3";"Boulevard du Midi";"49,43378800";"1,04392600"
"202300025858";"8";"03";"2023";"14:45";"1";"75";"75120";"2";"3";"2";"1";"RUE MARTIN GARAT";"48,86517800";"2,40727900"
"202300025859";"22";"01";"2023";"22:00";"5";"76";"76351";"2";"1";"1";"6";"JULES DURAND (BD)";"49,49264000";"0,16913000"
"202300025860";"26";"05";"2023";"08:30";"1";"49";"49099";"2";"2";"1";"3";"CALINS (AVENUE DES)";"47,05950000";" -0,87401000"
"202300025861";"17";"04";"2023";"16:30";"1";"93";"93005";"1";"1";"1";"4";"AUTOROUTE A3";"48,94090000";"2,47896000"
"202300025862";"3";"08";"2023";"23:30";"3";"86";"86274";"1";"2";"3";"3";"D347";"47,07737500";" -0,01969200"
"202300025863";"22";"01";"2023";"02:30";"5";"76";"76552";"2";"6";"1";"6";"EDITH CAVELL";"49,50903004";"0,08466393"
"202300025864";"25";"05";"2023";"08:49";"1";"49";"49246";"1";"1";"1";"2";"A87N";"47,44816000";" -0,51528000"
"202300025865";"8";"03";"2023";"12:20";"1";"75";"75118";"2";"3";"2";"3";"RUE DES ROSES";"48,89327000";"2,36143000"
"202300025866";"3";"08";"2023";"15:35";"1";"47";"47157";"2";"1";"1";"6";"Avenue Jean Jaures";"44,50702300";"0,14642700"
"202300025867";"24";"01";"2023";"18:50";"5";"74";"74118";"2";"1";"1";"6";"DEPORTES (ROUTE DES )";"46,18234700";"6,23044400"
"202300025868";"16";"04";"2023";"19:40";"1";"95";"95527";"1";"1";"1";"5";"A3";"48,98502843";"2,50547741"
"202300025869";"27";"05";"2023";"00:50";"5";"43";"43157";"2";"2";"1";"3";"Avenue Marechal Foch";"45,04109900";"3,88839300"
"202300025870";"24";"01";"2023";"12:40";"1";"74";"74010";"2";"1";"1";"6";"ROMAINS (PLACE DES)";"45,90847000";"6,12195000"
"202300025871";"16";"04";"2023";"16:55";"1";"93";"93005";"1";"1";"1";"2";"AUTOROUTE A3";"48,94127000";"2,47883000"
"202300025872";"7";"03";"2023";"23:35";"5";"75";"75118";"2";"3";"2";"6";"9 RUE ORDENER";"48,89029100";"2,35832100"
"202300025873";"6";"08";"2023";"12:10";"1";"33";"33554";"2";"3";"1";"3";"Avenue des Tabernottes";"44,87857464";" -0,46672213"
"202300025874";"26";"05";"2023";"18:25";"1";"38";"38158";"1";"1";"1";"2";"RN87";"45,15100000";"5,73500000"
"202300025875";"23";"01";"2023";"16:20";"1";"72";"72181";"1";"2";"1";"4";"LEFAUCHEUX PIERRE (BD)";"47,95465000";"0,17960000"
"202300025876";"4";"08";"2023";"22:10";"5";"33";"33056";"2";"4";"1";"3";"Rue des Gravières";"44,93147534";" -0,63366383"
"202300025877";"26";"05";"2023";"09:05";"1";"37";"37261";"2";"7";"1";"3";"CHURCHILL (BOULEVARD WINSTON)";"47,37371000";"0,68213000"
"202300025878";"8";"03";"2023";"20:40";"5";"75";"75117";"2";"2";"3";"3";"BOULEVARD BERTHIER";"48,89356900";"2,31179500"
"202300025879";"18";"04";"2023";"18:30";"1";"94";"94028";"1";"1";"1";"5";"A86";"48,79310493";"2,44131616"
"202300025880";"7";"08";"2023";"19:45";"1";"33";"33284";"2";"1";"1";"6";"7 Avenue de la République";"44,60584700";" -0,93833100"
"202300025881";"23";"01";"2023";"13:20";"1";"71";"71040";"2";"3";"1";"2";"DE LATTRE DE TASSIGNY (BLD DU MARECHAL)";"46,67094800";"4,38630700"
"202300025882";"26";"05";"2023";"10:10";"1";"35";"35238";"2";"6";"1";"6";"CANADA (AVENUE DU)";"48,08930000";" -1,68218000"
"202300025883";"8";"03";"2023";"19:15";"5";"75";"75117";"2";"3";"2";"3";"AVENUE NIEL";"48,88327700";"2,29657700"
"202300025884";"18";"04";"2023";"13:30";"1";"77";"77495";"1";"1";"1";"2";"A105";"48,58696000";"2,63664700"
"202300025885";"27";"05";"2023";"00:15";"5";"34";"34108";"2";"1";"1";"6";"29 Avenue des Jardiniers";"43,45161500";"3,75657800"
"202300025886";"6";"08";"2023";"10:12";"1";"85";"85163";"2";"2";"1";"3";"Rue du puits neuf";"47,00456609";" -2,24534019"
"202300025887";"24";"01";"2023";"16:15";"1";"70";"70388";"2";"2";"8";"6";"HACQUARD (RUE MARCEL)";"47,61683668";"6,12439983"
"202300025888";"8";"03";"2023";"11:05";"1";"75";"75117";"2";"1";"1";"3";"RUE DE COURCELLES";"48,88212900";"2,30013800"
"202300025889";"6";"08";"2023";"17:45";"1";"85";"85214";"1";"1";"1";"6";"RD 109";"46,55128580";" -1,66879260"
"202300025890";"26";"05";"2023";"09:10";"1";"34";"34301";"2";"1";"1";"2";"26 Promenade Jean-Baptiste Marty";"43,39606000";"3,69535000"
"202300025891";"24";"01";"2023";"14:20";"1";"69";"69092";"1";"1";"1";"1";"Avenue Alfred Gap";"46,00726000";"4,71195000"
"202300025892";"23";"01";"2023";"16:30";"1";"69";"69264";"2";"1";"1";"6";"32 Boulevard Etienne Bernand";"45,98630000";"4,71486000"
"202300025893";"4";"08";"2023";"15:30";"1";"85";"85016";"1";"1";"1";"3";"le plantis";"46,66732750";" -1,61809390"
"202300025894";"8";"03";"2023";"09:20";"1";"75";"75117";"2";"2";"2";"2";"PLACE GENERAL CATROUX";"48,88251700";"2,31052000"
"202300025895";"24";"05";"2023";"22:35";"5";"34";"34172";"2";"1";"1";"1";"1107 Avenue de Toulouse";"43,59298000";"3,85948000"
"202300025896";"17";"04";"2023";"06:30";"2";"77";"77175";"1";"1";"1";"4";"RN104";"48,66509800";"2,61326100"
"202300025897";"23";"01";"2023";"16:40";"1";"69";"69290";"2";"1";"8";"6";"17 Rue Anatole France";"45,69128000";"4,93588000"
"202300025898";"7";"08";"2023";"15:50";"1";"85";"85300";"1";"1";"1";"6";"RD4";"46,70343900";" -1,51963300"
"202300025899";"17";"04";"2023";"14:35";"1";"974";"97416";"2";"1";"1";"7";"COLARDEAU (CHEMIN FERNAND)";" -21,28540000";"55,46919000"
"202300025900";"8";"03";"2023";"13:15";"1";"75";"75116";"2";"4";"1";"6";"RUE DE CHAILLOT";"48,86582100";"2,29603000"
"202300025901";"26";"05";"2023";"19:10";"1";"33";"33063";"2";"1";"1";"2";"Rue Duffour Dubergier";"44,83718000";" -0,57605000"
"202300025902";"7";"08";"2023";"00:40";"3";"44";"44159";"1";"1";"1";"7";"Rue du four à pain";"47,14826500";" -1,39984000"
"202300025903";"24";"01";"2023";"08:30";"1";"67";"67482";"2";"8";"8";"3";"JEAN JAURES (AVENUE)";"48,56676000";"7,77375000"
"202300025904";"17";"04";"2023";"15:10";"1";"974";"97411";"2";"1";"1";"3";"MONTAGNE (ROUTE DE LA)";" -20,88031000";"55,44402000"
"202300025905";"7";"03";"2023";"08:50";"1";"75";"75116";"2";"2";"1";"3";"AVENUE THEOPHILE GAUTIER";"48,84993900";"2,27222000"
"202300025906";"26";"05";"2023";"10:10";"1";"33";"33281";"2";"3";"7";"3";"Avenue Léon Blum";"44,85254000";" -0,64314000"
"202300025907";"3";"08";"2023";"17:00";"1";"50";"50294";"2";"3";"1";"3";"2 Le Haut de Tabarin";"49,59196800";" -1,65552900"
"202300025908";"24";"01";"2023";"17:05";"1";"64";"64545";"2";"3";"8";"3";"Rue Paul Gélos";"43,37794000";" -1,67238000"
"202300025909";"6";"08";"2023";"15:40";"1";"50";"50616";"2";"1";"1";"3";"2 Le Grand Neufbourg";"48,66813200";" -1,38343500"
"202300025910";"8";"03";"2023";"21:22";"5";"75";"75115";"2";"2";"3";"6";"ROND POINT DU PONT MIRABEAU";"48,84606916";"2,27694869"
"202300025911";"26";"05";"2023";"09:40";"1";"33";"33069";"2";"3";"1";"3";"Avenue d'Eysines";"44,86206000";" -0,61585000"
"202300025912";"17";"04";"2023";"21:50";"5";"974";"97407";"2";"4";"1";"3";"STRASBOURG(BOULEVARD)";" -20,93823000";"55,29673000"
"202300025913";"24";"01";"2023";"17:10";"1";"64";"64445";"2";"1";"8";"4";"boulevard de la Paix";"43,31732000";" -0,34238000"
"202300025914";"8";"03";"2023";"17:50";"1";"75";"75115";"2";"1";"3";"6";"QUAI ANDRE CITROEN";"48,84512300";"2,27639100"
"202300025915";"4";"08";"2023";"16:15";"1";"14";"14658";"1";"3";"1";"3";"Route de la Dolère";"48,84010500";" -0,97889900"
"202300025916";"25";"05";"2023";"08:40";"1";"33";"33192";"2";"1";"1";"3";"Avenue Favard";"44,78612862";" -0,60403615"