"Num_Acc";"jour";"mois";"an";"hrmn";"lum";"dep";"com";"agg";"int";"atm";"col";"adr";"lat";"long"
"202300025917";"23";"01";"2023";"13:50";"1";"64";"64102";"2";"1";"8";"3";"Cours Comte de Cabarrus";"43,48170900";" -1,48527600"
"202300025918";"6";"08";"2023";"06:25";"2";"56";"56178";"2";"9";"1";"6";"Rue Henri Dunant";"48,05856700";" -2,96913600"
"202300025919";"23";"01";"2023";"18:39";"2";"63";"63113";"2";"1";"1";"1";"DELILLE (PLACE)";"45,77988000";"3,09170000"
"202300025920";"8";"03";"2023";"15:35";"1";"75";"75115";"2";"2";"3";"1";"PONT DE GRENELLE";"48,84956397";"2,28126168"
"202300025921";"25";"05";"2023";"22:41";"5";"31";"31555";"2";"1";"1";"1";"RUE MARIE CLAIRE DE CATELLAN";"43,62645502";"1,44355550"
"202300025922";"5";"08";"2023";"19:25";"1";"56";"56069";"2";"1";"1";"3";"Route de Port Melite";"47,63995100";" -3,44989500"
"202300025923";"21";"01";"2023";"04:15";"3";"57";"57672";"2";"1";"4";"6";"MONDORFF (ROUTE DE)";"49,38985966";"6,18676186"
"202300025924";"8";"03";"2023";"09:00";"1";"75";"75115";"2";"1";"2";"7";"13 Boulevard de Grenelle";"48,85374331";"2,28972673"
"202300025925";"24";"01";"2023";"10:40";"1";"56";"56121";"2";"1";"1";"6";"VILLARET DE JOYEUSE (RUE)";"47,76098000";" -3,37293000"
"202300025926";"5";"08";"2023";"02:20";"3";"29";"29181";"1";"1";"2";"1";"Trévianou";"48,47968700";" -4,26012400"
"202300025927";"24";"01";"2023";"00:36";"3";"56";"56121";"2";"1";"1";"6";"6 Rue Monistrol";"47,73867000";" -3,38092000"
"202300025928";"7";"03";"2023";"16:35";"1";"75";"75114";"2";"3";"1";"6";"49 AVENUE DU MAINE";"48,84007800";"2,32173200"
"202300025929";"6";"08";"2023";"01:00";"3";"22";"22176";"1";"1";"1";"6";"La Mare";"48,45809600";" -2,75543300"
"202300025930";"26";"05";"2023";"19:10";"1";"29";"29232";"2";"1";"1";"5";"Rue Paul Borrossi";"47,98754000";" -4,12920000"
"202300025931";"8";"03";"2023";"16:30";"1";"75";"75108";"2";"1";"2";"3";"AVENUE GEORGE V";"48,86546400";"2,30140200"
"202300025932";"3";"08";"2023";"16:30";"1";"35";"35178";"1";"1";"2";"3";"La Bouzille";"48,28798400";" -1,43897500"
"202300025933";"23";"01";"2023";"19:25";"5";"56";"56107";"1";"1";"1";"4";"Quélisoy les Bruyères";"47,72209000";" -3,38232000"
"202300025934";"26";"05";"2023";"20:55";"1";"28";"28404";"1";"1";"1";"6";"BERTIN (RUE JEAN)";"48,71057000";"1,37600000"
"202300025935";"5";"08";"2023";"17:12";"1";"35";"35334";"2";"1";"1";"1";"76 Rue Nationale";"48,15659600";" -1,59170900"
"202300025936";"23";"01";"2023";"15:00";"1";"54";"54395";"2";"1";"1";"6";"Boulevard Lobau";"48,68180000";"6,19760000"
"202300025937";"8";"03";"2023";"20:05";"5";"75";"75103";"2";"2";"1";"3";"RUE DE TURBIGO";"48,86684400";"2,36191300"
"202300025938";"26";"05";"2023";"21:05";"1";"28";"28404";"2";"1";"1";"6";"CHAPPEY (AVE MARC)";"48,73044000";"1,34035000"
"202300025939";"14";"01";"2023";"22:00";"5";"44";"44109";"2";"9";"2";"6";"13 Rue Gaëtan Rondeau";"47,20671000";" -1,53391500"
"202300025940";"26";"05";"2023";"07:35";"1";"27";"27681";"2";"1";"1";"7";"IVRY (ROUTE D')";"49,07252000";"1,47339000"
"202300025941";"4";"08";"2023";"10:30";"1";"76";"76658";"2";"1";"1";"6";"Route du Chêne";"49,50485800";"0,36460900"
"202300025942";"22";"01";"2023";"05:20";"3";"40";"40192";"2";"1";"1";"7";"CANENX (AV DE) R.D. 53";"43,91210000";" -0,48126000"
"202300025943";"8";"03";"2023";"10:20";"1";"75";"75102";"2";"2";"5";"4";"BOULEVARD DES ITALIENS";"48,87128500";"2,33593200"
"202300025944";"3";"08";"2023";"20:20";"1";"76";"76647";"1";"1";"1";"7";"21 Avenue Maréchal de Lattre de Tassigny";"49,53677900";"0,36747500"
"202300025945";"26";"05";"2023";"11:30";"1";"27";"27299";"2";"1";"1";"3";"BRIAND (AVENUE ARISTIDE)";"49,04206000";"1,15960000"
"202300025946";"13";"11";"2023";"18:00";"5";"13";"13004";"2";"1";"1";"3";"AV STALINGRAD";"43,68813000";"4,63594000"
"202300025947";"24";"01";"2023";"11:20";"1";"37";"37261";"2";"2";"1";"6";"TANNEURS (RUE DES)";"47,39582000";"0,68041000"
"202300025948";"7";"03";"2023";"18:50";"5";"75";"75104";"2";"3";"1";"6";"6 QUAI DE GESVRES";"48,85657300";"2,34953000"
"202300025949";"24";"05";"2023";"11:30";"1";"27";"27229";"2";"9";"1";"2";"CONCHES (ROUTE DE)";"49,01909020";"1,11863200"
"202300025950";"4";"08";"2023";"12:30";"1";"02";"02309";"1";"1";"1";"5";"N/A";"49,53478000";"3,75239400"
"202300025951";"24";"01";"2023";"16:30";"1";"34";"34172";"2";"1";"1";"6";"545 Avenue du Pont Trinquat";"43,59856000";"3,89055000"
"202300025952";"14";"11";"2023";"18:40";"5";"06";"06088";"2";"1";"1";"1";"Boulevard René Cassin";"43,67009700";"7,21555600"
"202300025953";"4";"08";"2023";"04:19";"3";"59";"59267";"1";"1";"1";"7";"départementale 89";"50,06276600";"3,15013600"
"202300025954";"8";"03";"2023";"14:00";"1";"94";"94081";"2";"3";"2";"3";"Rue Auber / Rue Gournay";"48,80411000";"2,37252000"
"202300025955";"26";"05";"2023";"08:55";"1";"25";"25056";"2";"6";"1";"2";"VESOUL RUE DE (sup 52)";"47,25950000";"6,00846000"
"202300025956";"24";"01";"2023";"00:10";"5";"33";"33063";"2";"3";"1";"3";"Cours d'Albret";"44,83841029";" -0,58173090"
"202300025957";"4";"08";"2023";"18:05";"1";"13";"13005";"1";"1";"1";"2";"A50-Sens Marseille vers Aubagne";"43,28699573";"5,56574464"
"202300025958";"13";"11";"2023";"08:25";"1";"06";"06088";"2";"2";"7";"3";"VERANY (BD J.B.)";"43,71635000";"7,28254000"
"202300025959";"26";"05";"2023";"17:20";"1";"22";"22278";"2";"6";"1";"7";"ABERYSWITH (ROND POINT)";"48,49826000";" -2,75258000"
"202300025960";"8";"03";"2023";"18:52";"5";"94";"94071";"2";"4";"2";"3";"Rue du Moulin à Vent";"48,76388300";"2,52939100"
"202300025961";"4";"08";"2023";"17:25";"1";"13";"13056";"1";"1";"6";"2";"A55-Sens Martigues vers Marseille";"43,39666000";"5,04399000"
"202300025962";"23";"01";"2023";"17:00";"2";"33";"33550";"2";"3";"1";"3";"Rue Saint Bris";"44,79231523";" -0,56721479"
"202300025963";"13";"11";"2023";"07:45";"1";"06";"06088";"2";"9";"1";"6";"STE MARGUERITE (AV.) A PARTIR DU 62-63)";"43,67811730";"7,21829910"
"202300025964";"8";"03";"2023";"13:35";"1";"94";"94075";"2";"3";"2";"7";"Av du Mal de Lattre de Tassigny";"48,73433000";"2,52032000"
"202300025965";"26";"05";"2023";"05:50";"1";"17";"17415";"2";"1";"1";"3";"GAMBETTA 2 A 72 ET 5 A 87 AVENUE";"45,74709000";" -0,62831000"
"202300025966";"4";"08";"2023";"00:57";"3";"13";"13005";"1";"1";"1";"6";"A50-Sens Marseille vers Aubagne";"43,28656021";"5,53658673"
"202300025967";"24";"01";"2023";"15:20";"1";"31";"31555";"2";"1";"1";"1";"BD DE LA MEDITERRANEE";"43,58576823";"1,46136537"
"202300025968";"12";"11";"2023";"23:07";"5";"06";"06088";"2";"1";"1";"1";"BISCHOFFSHEIM (BD)";"43,71941000";"7,29651000"
"202300025969";"8";"03";"2023";"09:55";"1";"94";"94071";"2";"1";"2";"6";"Rue de la Fosse Rouge";"48,77546000";"2,52428000"
"202300025970";"3";"08";"2023";"01:06";"3";"13";"13005";"1";"1";"1";"2";"A501-Sens Pont de l'Etoile vers Aubagne";"43,30337000";"5,56959000"
"202300025971";"26";"05";"2023";"16:15";"1";"17";"17299";"2";"1";"1";"1";"MILLE PATTES BOULEVARD DES";"45,92563000";" -0,97554000"
"202300025972";"24";"01";"2023";"09:14";"1";"31";"31555";"1";"1";"1";"3";"29 PURPAN  (PERIPH OUEST A620)";"43,60602000";"1,40503000"
"202300025973";"4";"08";"2023";"11:10";"1";"83";"83144";"1";"1";"1";"2";"A57";"43,13525855";"5,99079429"
"202300025974";"26";"05";"2023";"10:00";"1";"15";"15014";"2";"1";"1";"2";"DAUZIER (BOULEVARD LOUIS)";"44,92358000";"2,43118000"
"202300025975";"14";"11";"2023";"17:29";"3";"04";"04112";"1";"1";"1";"3";"BOUTEILLE(CHEMIN DE)";"43,83490000";"5,80850000"
"202300025976";"24";"01";"2023";"13:15";"1";"29";"29232";"1";"1";"1";"2";"Rond-Point de Kerustum";"47,97963000";" -4,09453000"
"202300025977";"2";"08";"2023";"06:35";"1";"13";"13028";"1";"1";"1";"6";"A50";"43,20238637";"5,63307923"
"202300025978";"8";"03";"2023";"12:37";"1";"93";"93073";"1";"2";"1";"3";"Rue des Terres Noires / Rue du Sonnet";"49,00243984";"2,53329813"
"202300025979";"26";"05";"2023";"07:20";"1";"13";"13103";"1";"9";"1";"2";"ROUTE D'ARLES-RN 113";"43,64050502";"5,05180556"
"202300025980";"14";"11";"2023";"17:35";"5";"75";"75114";"2";"1";"1";"3";"PORTE DE VANVES";"48,82192200";"2,31673300"
"202300025981";"6";"08";"2023";"05:45";"2";"69";"69199";"1";"1";"1";"6";"Autoroute 7";"45,69368763";"4,84414887"
"202300025982";"23";"01";"2023";"15:15";"1";"29";"29019";"2";"3";"7";"2";"rue Monjaret de Kerjegu";"48,38907000";" -4,45671000"
"202300025983";"26";"05";"2023";"10:40";"1";"13";"13214";"2";"1";"1";"2";"DANIELLE CASANOVA PROLONGE (BD)";"43,32617000";"5,37449000"
"202300025984";"29";"07";"2023";"22:30";"3";"69";"69189";"1";"1";"1";"3";"Autoroute 7";"45,52385931";"4,86057455"
"202300025985";"7";"03";"2023";"22:30";"5";"92";"92036";"2";"2";"2";"3";"BONGARDE (RUE)";"48,92488000";"2,32542200"
"202300025986";"24";"01";"2023";"18:20";"3";"27";"27375";"2";"1";"1";"2";"TABARLY (VOIE ERIC)";"49,21439000";"1,18029000"
"202300025987";"13";"11";"2023";"17:35";"5";"75";"75117";"2";"1";"1";"5";"BD PERIPHERIQUE INTERIEUR";"48,89317200";"2,30352100"
"202300025988";"8";"03";"2023";"11:30";"1";"92";"92073";"2";"1";"1";"6";"JAURES (AVENUE JEAN)";"48,86400500";"2,20859800"
"202300025989";"3";"08";"2023";"19:44";"1";"42";"42044";"1";"1";"1";"2";"RN88";"45,38886000";"4,30136000"
"202300025990";"25";"05";"2023";"17:22";"1";"11";"11069";"2";"3";"2";"2";"";"43,23029000";"2,36051000"
"202300025991";"24";"01";"2023";"16:25";"1";"27";"27234";"1";"1";"8";"2";"RN 154";"49,03396000";"1,18650000"
"202300025992";"13";"11";"2023";"16:10";"1";"75";"75116";"2";"1";"2";"6";"BD PERIPHERIQUE EXTERIEUR";"48,85724600";"2,25848900"
"202300025993";"2";"08";"2023";"11:25";"1";"67";"67218";"1";"1";"2";"2";"M35";"48,54934000";"7,73059000"
"202300025994";"8";"03";"2023";"16:20";"1";"92";"92051";"2";"6";"2";"3";"BINEAU (BOULEVARD, N°53 A 131 ET 52 A 13";"48,88669178";"2,28305072"
"202300025995";"24";"05";"2023";"14:45";"1";"11";"11069";"2";"1";"1";"2";"5 Square Gambetta";"43,21171000";"2,35737000"
"202300025996";"23";"01";"2023";"17:20";"1";"22";"22187";"1";"1";"1";"4";"RN12";"48,54518000";" -2,80150000"
"202300025997";"13";"11";"2023";"13:00";"1";"75";"75113";"2";"1";"2";"2";"BD PERIPHERIQUE EXTERIEUR";"48,82649100";"2,38914600"
"202300025998";"5";"08";"2023";"14:05";"1";"33";"33003";"1";"1";"1";"3";"AUTOROUTE A 10";"44,93225000";" -0,46843000"
"202300025999";"8";"03";"2023";"20:44";"5";"92";"92050";"2";"4";"2";"3";"REPUBLIQUE AVENUE DE LA";"48,90683256";"2,21201509"
"202300026000";"17";"01";"2023";"08:02";"2";"18";"18033";"2";"2";"2";"3";"60 Boulevard du Marechal Foch";"47,07822100";"2,40888100"
"202300026001";"26";"05";"2023";"09:54";"1";"10";"10387";"2";"2";"7";"6";"Rue Etienne Pedron";"48,31060000";"4,07450000"
"202300026002";"14";"11";"2023";"20:30";"3";"75";"75105";"2";"2";"1";"3";"BOULEVARD DE L HOPITAL";"48,84321700";"2,36418000"
"202300026003";"8";"03";"2023";"10:24";"1";"92";"92035";"2";"3";"1";"2";"Général de Gaulle  ( avenue du )";"48,90886000";"2,25532000"
"202300026004";"24";"01";"2023";"12:30";"1";"13";"13206";"2";"1";"1";"3";"NOTRE DAME (BOULEVARD)";"43,28728046";"5,37370697"
"202300026005";"14";"11";"2023";"12:05";"1";"75";"75119";"2";"1";"2";"6";"AVENUE DE FLANDRE";"48,89398600";"2,38089500"
"202300026006";"26";"05";"2023";"07:29";"1";"10";"10362";"2";"3";"1";"1";"Avenue du General Leclerc";"48,29217692";"4,04056871"
"202300026007";"8";"03";"2023";"08:55";"1";"92";"92024";"2";"1";"2";"7";"HENRI BARBUSSE (RUE) DE (1 A 73)   (2 A";"48,89722326";"2,29957011"
"202300026008";"2";"08";"2023";"12:50";"1";"33";"33487";"1";"1";"2";"4";"AUTOROUTE A 10";"44,95385559";" -0,45651197"
"202300026009";"24";"01";"2023";"05:10";"5";"13";"13214";"2";"1";"1";"3";"BUREL (BOULEVARD)";"43,31590993";"5,38871348"
"202300026010";"14";"11";"2023";"17:15";"5";"75";"75116";"2";"3";"2";"2";"ALLEE DE LA REINE MARGUERITE";"48,86489700";"2,24907500"
"202300026011";"23";"05";"2023";"18:35";"1";"07";"07102";"2";"6";"1";"1";"Jean MOULIN (Rue)";"44,93759700";"4,86353000"
"202300026012";"8";"03";"2023";"07:50";"1";"92";"92060";"2";"1";"2";"2";"GALILEE (AVENUE)";"48,77400656";"2,24489897"
"202300026013";"2";"08";"2023";"15:05";"1";"59";"59462";"1";"1";"1";"2";"AUTOROUTE A1";"50,50830032";"3,02539229"
"202300026014";"23";"01";"2023";"18:10";"5";"13";"13005";"2";"1";"1";"1";"Route de Marseille";"43,28492108";"5,55100410"
"202300026015";"13";"11";"2023";"08:50";"1";"75";"75114";"2";"2";"1";"3";"BOULEVARD ARAGO";"48,83480900";"2,34157300"
"202300026016";"26";"05";"2023";"01:30";"5";"75";"75120";"2";"1";"1";"4";"PORTE DE BAGNOLET";"48,86694200";"2,41322000"
"202300026017";"8";"03";"2023";"18:20";"2";"92";"92012";"2";"5";"3";"1";"ALPHONSE LE GALLO (QUAI) 1/34";"48,84120000";"2,22520000"
"202300026018";"6";"08";"2023";"15:00";"1";"91";"91689";"1";"1";"1";"4";"AUTOROUTE A6B";"48,74852000";"2,32784000"
"202300026019";"23";"01";"2023";"07:45";"2";"13";"13004";"2";"1";"1";"6";"AV STALINGRAD";"43,68520000";"4,63402000"
"202300026020";"26";"05";"2023";"18:48";"1";"75";"75105";"2";"3";"1";"6";"BOULEVARD SAINT MARCEL";"48,83718900";"2,35300000"
"202300026021";"7";"03";"2023";"14:30";"1";"92";"92004";"2";"1";"8";"6";"MARNE   ( AVENUE DE LA )";"48,90824000";"2,28414000"
"202300026022";"14";"11";"2023";"16:13";"1";"75";"75113";"2";"7";"2";"3";"PLACE D ITALIE";"48,83109200";"2,35606000"
"202300026023";"24";"01";"2023";"07:45";"1";"07";"07281";"2";"6";"1";"2";"GROSS-UMSTADT (AVENUE DE)";"44,94340000";"4,85760000"
"202300026024";"6";"08";"2023";"12:00";"1";"91";"91136";"1";"1";"1";"4";"AUTOROUTE A10";"48,71458000";"2,27288000"
"202300026025";"14";"11";"2023";"00:20";"5";"75";"75107";"2";"1";"1";"6";"AVENUE CHARLES FLOQUET";"48,85564200";"2,29518700"
"202300026026";"4";"03";"2023";"05:25";"3";"37";"37030";"1";"1";"1";"7";"La Pitronnière";"47,59452043";"0,86339235"
"202300026027";"26";"05";"2023";"18:05";"1";"75";"75120";"2";"2";"1";"6";"AVENUE GAMBETTA";"48,86495000";"2,39726700"
"202300026028";"25";"01";"2023";"07:20";"5";"75";"75120";"2";"1";"1";"2";"PORTE DE BAGNOLET";"48,86260800";"2,41355300"
"202300026029";"13";"11";"2023";"20:15";"5";"75";"75112";"2";"3";"1";"6";"RUE DU FAUBOURG SAINT ANTOINE";"48,85099200";"2,37720300"
"202300026030";"24";"01";"2023";"20:35";"5";"75";"75112";"2";"1";"1";"6";"BOULEVARD PERIPHERIQUE INTERIEUR NORD  ";"48,84225400";"2,41363200"
"202300026031";"26";"05";"2023";"19:00";"1";"75";"75119";"2";"3";"1";"6";"RUE PETIT";"48,88483200";"2,38196200"
"202300026032";"7";"03";"2023";"11:20";"1";"06";"06161";"1";"1";"1";"4";"Route du Bord de Mer";"43,61866700";"7,12983300"
"202300026033";"5";"08";"2023";"20:50";"1";"91";"91687";"1";"1";"1";"5";"AUTOROUTE A6";"48,66085000";"2,37098000"
"202300026034";"5";"08";"2023";"18:15";"1";"91";"91521";"1";"1";"1";"7";"AUTOROUTE A6";"48,64264600";"2,39173100"
"202300026035";"24";"01";"2023";"08:50";"1";"75";"75115";"2";"1";"1";"1";"QUAI D ISSY LES MOULINEAUX";"48,83881900";"2,26944300"
"202300026036";"14";"11";"2023";"14:15";"1";"75";"75111";"2";"2";"2";"3";"BOULEVARD VOLTAIRE";"48,85041100";"2,39251700"
"202300026037";"8";"03";"2023";"17:45";"1";"974";"97412";"2";"1";"1";"3";"Rue Raphaël Babet";" -21,37924700";"55,62534000"
"202300026038";"4";"08";"2023";"18:45";"1";"94";"94038";"1";"1";"1";"4";"A6A";"48,78945300";"2,34440982"
"202300026039";"9";"03";"2023";"07:50";"2";"63";"63358";"1";"1";"1";"6";"D122";"46,02759700";"3,04828200"
"202300026040";"23";"01";"2023";"21:59";"5";"75";"75107";"2";"2";"1";"3";"QUAI ANATOLE FRANCE";"48,85954800";"2,32934200"
"202300026041";"26";"05";"2023";"08:30";"1";"75";"75116";"2";"7";"1";"3";"PLACE DU MARECHAL DE LATTRE DE TASSIGNY";"48,87166900";"2,27405200"
"202300026042";"14";"11";"2023";"10:43";"1";"75";"75111";"2";"3";"2";"3";"AVENUE DE LA REPUBLIQUE";"48,86380200";"2,38227100"
"202300026043";"26";"05";"2023";"10:30";"1";"75";"75114";"2";"1";"1";"6";"RUE DIDOT";"48,82697600";"2,31398400"
"202300026044";"4";"08";"2023";"12:25";"1";"91";"91617";"1";"9";"1";"2";"RN6 PROVINCE / RN104 INT";"48,64516500";"2,53462900"
"202300026045";"8";"03";"2023";"14:40";"1";"28";"28048";"2";"1";"3";"6";"Route Nationale la Bourdiniere";"48,31824300";"1,42885000"
"202300026046";"22";"01";"2023";"19:40";"5";"75";"75118";"2";"1";"1";"4";"BOULEVARD PERIPHERIQUE EXTERIEUR NORD  ";"48,90086000";"2,36571200"
"202300026047";"14";"11";"2023";"10:40";"1";"75";"75111";"2";"2";"2";"6";"RUE SAINT MAUR";"48,86946200";"2,37391900"
"202300026048";"25";"05";"2023";"13:05";"1";"75";"75114";"2";"3";"1";"6";"RUE LIANCOURT";"48,83388100";"2,32726300"
"202300026049";"24";"01";"2023";"22:20";"5";"75";"75105";"2";"3";"1";"6";"RUE LACEPEDE";"48,84370700";"2,35368900"
"202300026050";"8";"03";"2023";"13:25";"1";"67";"67283";"1";"1";"2";"1";"D1004";"48,69179300";"7,38528000"
"202300026051";"4";"08";"2023";"13:50";"1";"91";"91553";"1";"1";"2";"4";"RN 104";"48,63145000";"2,50236000"
"202300026052";"14";"11";"2023";"13:08";"1";"75";"75107";"2";"1";"2";"2";"PLACE JOFFRE";"48,85274300";"2,30323200"
"202300026053";"7";"03";"2023";"07:20";"1";"62";"62156";"1";"1";"2";"7";"la grande place du haut buisson";"50,88940100";"1,75501100"
"202300026054";"26";"05";"2023";"18:45";"1";"75";"75113";"2";"3";"1";"3";"AVENUE D ITALIE";"48,82579500";"2,35739800"
"202300026055";"4";"08";"2023";"10:25";"1";"91";"91086";"1";"1";"1";"2";"RN 104";"48,62536000";"2,39572000"
"202300026056";"24";"01";"2023";"16:00";"1";"75";"75116";"2";"2";"1";"3";"ROUTE DE LA MUETTE A NEUILLY";"48,87253400";"2,26443300"
"202300026057";"4";"08";"2023";"02:23";"3";"91";"91617";"1";"1";"1";"6";"RN6 PROVINCE / RN 104 EXT";"48,64409000";"2,53770000"
"202300026058";"26";"05";"2023";"17:15";"1";"75";"75112";"2";"1";"1";"2";"ROUTE DAUPHINE";"48,83757600";"2,43685800"
"202300026059";"13";"11";"2023";"23:15";"5";"75";"75107";"2";"3";"1";"3";"RUE DE SEVRES";"48,84600700";"2,31390100"
"202300026060";"6";"03";"2023";"08:00";"1";"62";"62775";"2";"1";"1";"1";"Rue d’Eclemy";"50,78584800";"1,90233500"
"202300026061";"3";"08";"2023";"20:00";"1";"91";"91377";"1";"1";"1";"3";"AUTOROUTE A10";"48,72196000";"2,29586000"
"202300026062";"6";"08";"2023";"06:26";"1";"78";"78117";"1";"1";"1";"6";"RN12";"48,78830800";"2,13747400"
"202300026063";"25";"01";"2023";"09:10";"1";"75";"75115";"2";"2";"1";"3";"RUE DE LA CROIX NIVERT";"48,83580400";"2,28971500"
"202300026064";"26";"05";"2023";"13:25";"1";"75";"75112";"2";"3";"1";"2";"ESPLANADE SAINT LOUIS";"48,84024000";"2,43614100"
"202300026065";"4";"08";"2023";"12:55";"1";"78";"78321";"1";"1";"1";"2";"RN12 INT";"48,79715300";"1,90963500"
"202300026066";"14";"11";"2023";"23:35";"5";"75";"75107";"2";"3";"1";"2";"AVENUE RAPP";"48,85987700";"2,30085200"
"202300026067";"9";"03";"2023";"09:40";"1";"37";"37229";"1";"1";"1";"2";"A10 PK173+800";"47,57287800";"1,05382900"
"202300026068";"25";"01";"2023";"14:07";"1";"75";"75113";"2";"2";"1";"5";"BOULEVARD KELLERMANN";"48,81916100";"2,35947600"
"202300026069";"26";"05";"2023";"17:10";"1";"75";"75109";"2";"2";"1";"3";"RUE DES MATHURINS";"48,87313600";"2,32673800"
"202300026070";"25";"01";"2023";"12:05";"1";"75";"75113";"2";"1";"1";"6";"RUE DE LA PROVIDENCE";"48,82547500";"2,34874700"
"202300026071";"14";"11";"2023";"18:50";"5";"75";"75102";"2";"2";"1";"3";"BOULEVARD DE SEBASTOPOL";"48,86339800";"2,35096900"
"202300026072";"7";"03";"2023";"17:45";"1";"83";"83097";"1";"1";"2";"1";"Chemin Départemental 6";"43,46989500";"5,75207200"
"202300026073";"3";"08";"2023";"17:30";"1";"78";"78043";"1";"1";"2";"5";"A12 W";"48,82588000";"2,07609000"
"202300026074";"24";"01";"2023";"15:48";"1";"75";"75113";"2";"2";"1";"6";"QUAI D AUSTERLITZ";"48,84192900";"2,36791500"
"202300026075";"6";"08";"2023";"06:40";"1";"93";"93066";"1";"1";"1";"7";"AUTOROUTE A1";"48,93395618";"2,38339584"
"202300026076";"8";"03";"2023";"17:00";"1";"91";"91225";"1";"1";"2";"2";"Route Nationale 6";"48,66298300";"2,51485300"
"202300026077";"13";"11";"2023";"20:45";"5";"94";"94073";"2";"1";"1";"2";"Boulevard de Stalingrad";"48,77383887";"2,39942676"
"202300026078";"24";"05";"2023";"23:10";"5";"75";"75108";"2";"2";"1";"3";"RUE D ANJOU";"48,87342800";"2,32241100"
"202300026079";"25";"01";"2023";"16:15";"2";"75";"75112";"2";"3";"1";"6";"AVENUE DAUMESNIL";"48,84241400";"2,38547000"
"202300026080";"7";"03";"2023";"19:00";"4";"19";"19178";"1";"2";"1";"1";"D 920 LIEU DIT LES POUGES PK 36 + 990";"45,26679200";"1,55497300"
"202300026081";"14";"11";"2023";"08:26";"1";"94";"94044";"2";"1";"2";"2";"24 Avenue Gabriel Péri";"48,75375300";"2,48515900"
"202300026082";"26";"05";"2023";"19:30";"1";"94";"94052";"2";"1";"1";"6";"Boulevard Albert 1er";"48,83788400";"2,49381800"
"202300026083";"5";"08";"2023";"17:15";"1";"95";"95154";"1";"1";"2";"6";"A1";"49,04869000";"2,54723000"
"202300026084";"24";"01";"2023";"13:15";"1";"75";"75112";"2";"2";"1";"3";"AVENUE LEDRU ROLLIN";"48,84867400";"2,37258500"
"202300026085";"14";"11";"2023";"14:00";"1";"94";"94052";"2";"9";"9";"1";"Boulevard de Strasbourg";"48,83639200";"2,47560300"
"202300026086";"7";"03";"2023";"22:30";"3";"56";"56240";"1";"1";"3";"7";"Kerblanquet";"47,52876000";" -2,75341100"
"202300026087";"4";"08";"2023";"22:00";"3";"95";"95582";"1";"1";"8";"6";"A15";"48,97054000";"2,24921000"
"202300026088";"26";"05";"2023";"16:00";"1";"94";"94076";"2";"2";"1";"7";"Avenue de la Division Leclerc";"48,78458800";"2,36738100"
"202300026089";"24";"01";"2023";"07:05";"2";"75";"75112";"2";"2";"1";"6";"RUE CHALIGNY";"48,84699300";"2,38379800"
"202300026090";"4";"08";"2023";"17:40";"1";"93";"93005";"1";"1";"2";"3";"AUTOROUTE A1";"48,96114000";"2,46937000"
"202300026091";"13";"11";"2023";"22:00";"5";"94";"94069";"1";"1";"2";"2";"A4";"48,81713700";"2,45308800"
"202300026092";"9";"03";"2023";"09:45";"1";"2B";"2B319";"1";"1";"1";"2";"10 Penticchie";"42,43068300";"9,52352600"
"202300026093";"25";"01";"2023";"15:30";"1";"75";"75110";"2";"1";"1";"6";"BOULEVARD DE MAGENTA";"48,86954500";"2,36210700"
"202300026094";"4";"08";"2023";"09:45";"1";"93";"93039";"1";"1";"1";"2";"AUTOROUTE A86";"48,92692000";"2,33586000"
"202300026095";"6";"03";"2023";"18:41";"1";"32";"32440";"2";"9";"1";"7";"RD 180";"43,63936700";"0,02016500"
"202300026096";"26";"05";"2023";"14:40";"1";"94";"94038";"2";"9";"1";"6";"97 Avenue du Général de Gaulle";"48,78365000";"2,34576000"
"202300026097";"24";"01";"2023";"22:20";"5";"75";"75110";"2";"2";"1";"7";"BOULEVARD DE MAGENTA";"48,87856300";"2,35405900"
"202300026098";"14";"11";"2023";"15:59";"1";"93";"93050";"2";"2";"2";"6";"Avenue du General de Gaulle / Rue Marx Dormoy";"48,85700230";"2,53110158"
"202300026099";"2";"08";"2023";"19:00";"1";"93";"93006";"1";"1";"2";"3";"AUTOROUTE A3";"48,86577158";"2,41749625"
"202300026100";"25";"05";"2023";"19:20";"1";"94";"94028";"2";"1";"1";"6";"Avenue de la Pompadour";"48,77299000";"2,43535000"
"202300026101";"3";"03";"2023";"17:00";"1";"89";"89063";"1";"1";"1";"1";"D3";"47,98436400";"3,27871100"
"202300026102";"25";"01";"2023";"18:08";"5";"75";"75109";"2";"1";"1";"1";"RUE DE LA CHAUSSEE D ANTIN";"48,87491000";"2,33246300"
"202300026103";"12";"02";"2023";"17:12";"1";"61";"61153";"1";"1";"1";"6";"Voie Communale";"48,71938000";" -0,07042400"
"202300026104";"14";"11";"2023";"06:25";"5";"93";"93048";"2";"2";"1";"3";"Boulevard Théophile Sueur / Rue de la Cote du Nord";"48,86330000";"2,46666000"
"202300026105";"6";"08";"2023";"06:00";"2";"93";"93051";"1";"1";"1";"2";"A4";"48,83501479";"2,57867375"
"202300026106";"25";"01";"2023";"12:25";"1";"94";"94041";"2";"1";"8";"6";"Rue Louise Aglaé Crette";"48,80223837";"2,39702582"
"202300026107";"26";"05";"2023";"16:44";"1";"93";"93066";"2";"2";"1";"2";"Rue du Bec à Loué / Av I et Frederic Joliot Curie";"48,93353710";"2,36995843"
"202300026108";"14";"11";"2023";"17:00";"5";"93";"93029";"2";"2";"8";"3";"Avenue Jean Jaurès / Avenue Henri Barbusse";"48,91983718";"2,45139844"
"202300026109";"25";"01";"2023";"17:15";"2";"94";"94080";"2";"2";"1";"3";"Cours Marigny / Rue d'Idalie";"48,84530000";"2,43966000"