"Num_Acc";"jour";"mois";"an";"hrmn";"lum";"dep";"com";"agg";"int";"atm";"col";"adr";"lat";"long"
"202300027097";"16";"06";"2023";"10:49";"1";"93";"93063";"2";"2";"1";"1";"Avenue Gaston Roussel / Rue du Docteur Parat";"48,89329000";"2,43747000"
"202300027098";"28";"06";"2023";"15:00";"1";"93";"93005";"2";"1";"1";"3";"Boulevard Marc Chagall";"48,95237096";"2,49588673"
"202300027099";"28";"06";"2023";"11:38";"1";"92";"92046";"2";"9";"1";"6";"TOUR (RUE DE LA)";"48,82319043";"2,30548605"
"202300027100";"27";"06";"2023";"12:32";"1";"92";"92077";"2";"1";"1";"6";"MARNES (RUE DE)";"48,83032426";"2,17988089"
"202300027101";"15";"06";"2023";"08:20";"1";"92";"92051";"2";"9";"1";"3";"MADRID (AVENUE DE)";"48,88423332";"2,26028144"
"202300027102";"14";"06";"2023";"20:30";"1";"92";"92051";"2";"1";"7";"7";"ROULE (AVENUE DU, N° 29 A 91 ET 30 A 86)";"48,88407087";"2,27070183"
"202300027103";"28";"06";"2023";"03:40";"3";"92";"92050";"2";"1";"1";"6";"PASTEUR RUE";"48,88520885";"2,21949148"
"202300027104";"28";"06";"2023";"07:24";"1";"92";"92049";"2";"2";"1";"3";"PERI RUE GABRIEL AUTRES N°";"48,81845000";"2,31947000"
"202300027105";"27";"06";"2023";"22:35";"5";"92";"92020";"2";"1";"1";"2";"PARIS AVENUE DE N° IMPAIRS";"48,80705000";"2,29365000"
"202300027106";"28";"06";"2023";"19:30";"1";"92";"92040";"2";"2";"1";"3";"VICTOR CRESSON (AVENUE) DU 02 AU 40";"48,82395145";"2,27280915"
"202300027107";"28";"06";"2023";"16:50";"1";"92";"92040";"2";"2";"1";"2";"DIDEROT";"48,82506000";"2,27212000"
"202300027108";"28";"06";"2023";"07:45";"1";"92";"92036";"2";"8";"1";"6";"LUCIEN LANTERNIER (AVENUE) (1/17)";"48,93293000";"2,29280000"
"202300027109";"23";"06";"2023";"19:44";"1";"92";"92036";"2";"2";"1";"6";"LOUIS CALMEL (RUE) (1)";"48,92676000";"2,29449000"
"202300027110";"28";"06";"2023";"16:30";"1";"92";"92035";"2";"1";"1";"3";"National ( boulevard )";"48,90608000";"2,23886000"
"202300027111";"28";"06";"2023";"09:20";"1";"92";"92026";"2";"6";"1";"3";"EUROPE ( ROND POINT DE L' )";"48,90514460";"2,25605965"
"202300027112";"28";"06";"2023";"20:25";"1";"92";"92024";"2";"1";"1";"6";"VICTOR MERIC (RUE)";"48,90096670";"2,30489597"
"202300027113";"28";"06";"2023";"11:10";"1";"92";"92024";"2";"2";"1";"2";"CLICHY (QUAI DE) DE (104 A 202)";"48,91197834";"2,31041864"
"202300027114";"27";"06";"2023";"19:16";"1";"92";"92024";"2";"2";"1";"6";"GENERAL LECLERC (BD DU) (9 A 59)   (4 A";"48,90140000";"2,31518000"
"202300027115";"15";"06";"2023";"19:00";"1";"92";"92004";"2";"2";"1";"3";"MAURICE LAISNEY";"48,92397000";"2,28214000"
"202300027116";"27";"06";"2023";"11:45";"1";"92";"92004";"2";"3";"1";"3";"ARGENTEUIL AV D'";"48,91236000";"2,28461000"
"202300027117";"29";"06";"2023";"17:10";"1";"60";"60531";"1";"1";"1";"6";"D36";"49,43596400";"2,69608400"
"202300027118";"28";"06";"2023";"15:17";"1";"35";"35108";"1";"1";"1";"6";"RD 173 PK 25+400";"47,93689600";" -1,45825800"
"202300027119";"28";"06";"2023";"16:15";"1";"50";"50565";"1";"1";"1";"1";"Mizouard";"48,75656800";" -1,41057300"
"202300027120";"29";"06";"2023";"14:35";"1";"83";"83072";"1";"1";"1";"7";"D562";"43,49228500";"6,37762800"
"202300027121";"29";"06";"2023";"15:00";"1";"71";"71317";"1";"1";"1";"1";"D985";"46,72573400";"4,08120600"
"202300027122";"5";"05";"2023";"18:05";"1";"44";"44047";"1";"1";"1";"2";"";"47,27254000";" -1,71752000"
"202300027123";"28";"06";"2023";"20:30";"2";"12";"12084";"1";"1";"1";"6";"Autoroute A 75 PK 222+600";"44,06670500";"3,02509700"
"202300027124";"29";"06";"2023";"17:45";"1";"30";"30315";"1";"1";"1";"2";"RN 100";"43,94837300";"4,69371600"
"202300027125";"28";"06";"2023";"06:27";"1";"44";"44192";"1";"3";"1";"3";"";"47,26145138";" -1,98013544"
"202300027126";"28";"06";"2023";"14:15";"1";"59";"59039";"1";"1";"1";"5";"D643";"50,15756578";"3,29722514"
"202300027127";"29";"06";"2023";"10:55";"1";"77";"77068";"1";"1";"1";"2";"D62";"48,50133700";"3,15751800"
"202300027128";"24";"06";"2023";"15:20";"1";"2A";"2A139";"2";"1";"1";"7";"rt 10";"41,64907600";"9,32808300"
"202300027129";"29";"06";"2023";"04:20";"4";"80";"80086";"2";"1";"1";"6";"27 Rue Martin";"50,13456100";"2,16101800"
"202300027130";"28";"06";"2023";"01:15";"3";"71";"71093";"1";"1";"1";"6";"1366 Route de Pierre";"46,85562400";"5,27704700"
"202300027131";"24";"06";"2023";"16:25";"1";"71";"71401";"2";"3";"1";"3";"30 Le Bourg";"46,57279000";"5,24655200"
"202300027132";"28";"06";"2023";"22:40";"3";"47";"47173";"1";"1";"1";"6";"route de Miramont";"44,43155800";"0,51693700"
"202300027133";"29";"06";"2023";"13:40";"1";"34";"34150";"1";"3";"1";"3";"RD51";"43,38978400";"3,53731900"
"202300027134";"28";"06";"2023";"17:58";"1";"35";"35207";"1";"1";"1";"1";"D92";"48,08092939";" -1,51312530"
"202300027135";"27";"06";"2023";"11:00";"1";"38";"38126";"2";"1";"1";"1";"Avenue du Grésivaudan";"45,20668100";"5,75407300"
"202300027136";"26";"06";"2023";"08:40";"1";"38";"38431";"1";"1";"1";"1";"Chemin de Pré Barau";"45,25001100";"5,84728000"
"202300027137";"28";"06";"2023";"23:00";"3";"01";"01229";"1";"3";"1";"6";"Route d'Etrez";"46,33731800";"5,14766200"
"202300027138";"29";"06";"2023";"11:45";"1";"60";"60588";"2";"2";"1";"3";"D119";"49,61871433";"1,91138506"
"202300027139";"29";"06";"2023";"11:15";"1";"10";"10126";"1";"3";"1";"3";"Lieu Maison Neuve";"48,27300000";"4,62235400"
"202300027140";"28";"06";"2023";"17:45";"1";"40";"40217";"2";"1";"1";"5";"Route de Pontenx";"44,32957400";" -1,09035000"
"202300027141";"2";"06";"2023";"16:15";"1";"40";"40217";"2";"3";"1";"3";"Rue du moulies";"44,34292900";" -1,06075400"
"202300027142";"28";"06";"2023";"18:30";"1";"04";"04163";"1";"1";"1";"6";"RD 950";"44,09972900";"5,52629500"
"202300027143";"26";"06";"2023";"10:35";"1";"31";"31424";"2";"6";"1";"6";"Boulevard Victor Hugo";"43,56714400";"1,30730200"
"202300027144";"29";"06";"2023";"00:40";"3";"34";"34337";"1";"1";"1";"1";"RM185";"43,54475300";"3,83068800"
"202300027145";"28";"06";"2023";"08:00";"1";"44";"44028";"1";"1";"1";"3";"";"47,34407500";" -1,36886500"
"202300027146";"28";"06";"2023";"14:25";"1";"57";"57693";"1";"9";"1";"5";"Autoroute A315";"49,12222500";"6,23542800"
"202300027147";"26";"06";"2023";"19:10";"1";"51";"51147";"1";"1";"1";"7";"A4";"49,02726864";"4,50421259"
"202300027148";"29";"06";"2023";"13:00";"1";"78";"78009";"1";"1";"1";"2";"A10 - PK 032+450 - en direction de Paris";"48,48807800";"1,91235800"
"202300027149";"27";"06";"2023";"11:20";"1";"987";"98733";"2";"1";"1";"1";"RT1 Pk 22+800";" -17,69600000";" -149,54800000"
"202300027150";"27";"06";"2023";"19:50";"1";"45";"45142";"1";"1";"1";"5";"D2060 PR 76 + 238";"47,90811500";"2,17361900"
"202300027151";"28";"06";"2023";"19:08";"1";"77";"77005";"1";"1";"1";"7";"départemental 105 A";"48,91018700";"2,69848600"
"202300027152";"28";"06";"2023";"15:55";"1";"91";"91661";"2";"6";"1";"2";"D118";"48,68543900";"2,21791300"
"202300027153";"28";"06";"2023";"18:30";"1";"34";"34054";"1";"1";"1";"2";"D12e3";"43,38930000";"2,60155000"
"202300027154";"29";"06";"2023";"16:20";"1";"83";"83138";"1";"1";"1";"1";"D562";"43,61064400";"6,72591300"
"202300027155";"29";"06";"2023";"09:15";"1";"21";"21292";"2";"6";"1";"3";"D905";"47,23474500";"5,22955100"
"202300027156";"29";"06";"2023";"16:33";"1";"68";"68063";"2";"3";"1";"6";"Rue de Schweighouse";"47,79970500";"7,17937800"
"202300027157";"29";"06";"2023";"12:50";"1";"63";"63284";"1";"3";"1";"3";"D2 route de malintrat /VC";"45,79564900";"3,21159100"
"202300027158";"27";"05";"2023";"00:50";"3";"81";"81093";"1";"1";"1";"4";" A68";"43,89342400";"2,02541100"
"202300027159";"29";"06";"2023";"10:00";"1";"46";"46272";"1";"4";"1";"3";"D2";"44,62101300";"2,11436400"
"202300027160";"18";"06";"2023";"08:20";"1";"33";"33284";"2";"1";"1";"2";"79 Avenue de la Libération";"44,62410600";" -0,90199700"
"202300027161";"27";"06";"2023";"12:00";"1";"50";"50139";"1";"1";"1";"7";"D551";"49,02626100";" -1,03797200"
"202300027162";"27";"06";"2023";"18:25";"1";"22";"22076";"1";"1";"1";"1";"D43 - Le Rocher";"48,57922600";" -2,35871900"
"202300027163";"11";"10";"2023";"14:30";"1";"23";"23096";"2";"2";"1";"3";"GUILLAUMIN (BOULEVARD)";"46,17120000";"1,86660000"
"202300027164";"11";"10";"2023";"19:25";"1";"17";"17291";"2";"1";"1";"4";"MARE  RUE DU FIEF DE LA";"46,17721100";" -1,13285600"
"202300027165";"11";"10";"2023";"19:10";"1";"17";"17300";"2";"6";"1";"3";"CARNOT   AVENUE";"46,16449000";" -1,18177000"
"202300027166";"11";"10";"2023";"23:20";"5";"13";"13211";"2";"1";"1";"7";"POMME (BOULEVARD DE LA )";"43,29211000";"5,44558000"
"202300027167";"8";"10";"2023";"23:25";"3";"13";"13214";"2";"1";"1";"1";"Louis VILLECROZE (Bld)";"43,32129000";"5,39207000"
"202300027168";"11";"10";"2023";"20:00";"2";"11";"11262";"1";"1";"1";"5";"N/A";"43,19661000";"2,99912000"
"202300027169";"11";"10";"2023";"08:38";"1";"75";"75115";"2";"1";"1";"6";"PORTE DE SEVRES";"48,83468000";"2,27468100"
"202300027170";"10";"10";"2023";"18:20";"1";"75";"75116";"2";"1";"1";"3";"PORTE MAILLOT";"48,87632300";"2,27852500"
"202300027171";"10";"10";"2023";"23:35";"5";"75";"75102";"2";"2";"1";"3";"BOULEVARD DE SEBASTOPOL";"48,86623400";"2,35253900"
"202300027172";"10";"10";"2023";"11:30";"1";"75";"75112";"2";"1";"1";"3";"BOULEVARD DE LA GUYANE";"48,84090200";"2,41412700"
"202300027173";"11";"10";"2023";"17:40";"1";"75";"75118";"2";"3";"1";"3";"BOULEVARD BARBES";"48,88973900";"2,34958900"
"202300027174";"11";"10";"2023";"10:52";"1";"75";"75119";"2";"2";"1";"3";"RUE D AUBERVILLIERS";"48,88447800";"2,36481900"
"202300027175";"11";"10";"2023";"16:05";"1";"75";"75117";"2";"2";"1";"1";"BOULEVARD BERTHIER";"48,89247400";"2,30878900"
"202300027176";"11";"10";"2023";"20:05";"3";"75";"75116";"2";"1";"1";"6";"AVENUE DE LA PORTE D AUTEUIL";"48,84799500";"2,25033500"
"202300027177";"11";"10";"2023";"16:30";"1";"75";"75115";"2";"3";"1";"3";"RUE DE VOUILLE";"48,83362500";"2,30901500"
"202300027178";"11";"10";"2023";"14:30";"1";"75";"75115";"2";"2";"1";"6";"RUE LECOURBE";"48,83958000";"2,29298000"
"202300027179";"11";"10";"2023";"08:10";"1";"75";"75115";"2";"2";"1";"6";"RUE DE LA CONVENTION";"48,83806400";"2,29460400"
"202300027180";"11";"10";"2023";"18:00";"1";"75";"75112";"2";"3";"1";"2";"ROUTE ROYALE DE BEAUTE";"48,83475100";"2,43748000"
"202300027181";"11";"10";"2023";"07:23";"2";"75";"75112";"2";"2";"1";"6";"AVENUE DE NOGENT";"48,83890000";"2,46050000"
"202300027182";"10";"10";"2023";"13:20";"1";"75";"75112";"2";"1";"1";"6";"RUE DE CHARENTON";"48,84984900";"2,37399400"
"202300027183";"11";"10";"2023";"20:00";"5";"75";"75110";"2";"2";"1";"6";"RUE DU FAUBOURG SAINT DENIS";"48,87483800";"2,35570200"
"202300027184";"11";"10";"2023";"16:35";"1";"75";"75109";"2";"3";"1";"3";"RUE DES MARTYRS";"48,88077300";"2,34023700"
"202300027185";"11";"10";"2023";"09:35";"1";"75";"75109";"2";"3";"1";"2";"RUE DE LONDRES";"48,87696500";"2,32956100"
"202300027186";"11";"10";"2023";"17:40";"1";"75";"75108";"2";"4";"1";"6";"BOULEVARD HAUSSMANN";"48,87532400";"2,31575300"
"202300027187";"11";"10";"2023";"17:27";"1";"75";"75107";"2";"2";"1";"6";"RUE SAINT DOMINIQUE";"48,85768000";"2,30019500"
"202300027188";"10";"10";"2023";"12:30";"1";"75";"75114";"2";"1";"1";"6";"RUE BRUNE";"48,82709000";"2,30781100"
"202300027189";"10";"10";"2023";"12:40";"1";"75";"75107";"2";"2";"1";"7";"BOULEVARD DES INVALIDES";"48,84943454";"2,31514335"
"202300027190";"11";"10";"2023";"13:45";"1";"75";"75104";"2";"3";"1";"7";"RUE DE RIVOLI";"48,85509700";"2,36167400"
"202300027191";"10";"10";"2023";"18:52";"2";"75";"75102";"2";"3";"1";"2";"BOULEVARD DE BONNE NOUVELLE";"48,86957268";"2,35254943"
"202300027192";"10";"10";"2023";"14:00";"1";"75";"75103";"2";"3";"1";"3";"RUE DE TURBIGO";"48,86678000";"2,36191000"
"202300027193";"10";"10";"2023";"08:23";"1";"94";"94081";"2";"1";"1";"6";"94 Rue de Choisy";"48,78544100";"2,39991100"
"202300027194";"10";"10";"2023";"08:00";"2";"94";"94043";"2";"3";"1";"3";"Avenue Charles Gide";"48,80569400";"2,34862200"
"202300027195";"11";"10";"2023";"16:10";"1";"94";"94065";"1";"1";"1";"2";"Avenue de Fontainebleau";"48,75211000";"2,36878000"
"202300027196";"11";"10";"2023";"03:15";"5";"94";"94065";"2";"1";"1";"6";"Avenue des Trois Marchés Min";"48,75592000";"2,35617000"
"202300027197";"11";"10";"2023";"11:10";"1";"94";"94055";"2";"1";"1";"6";"Avenue de Pince Vent";"48,78998544";"2,55021416"
"202300027198";"11";"10";"2023";"19:28";"2";"94";"94071";"2";"1";"1";"3";"Avenue de Bonneuil";"48,76972438";"2,50992316"
"202300027199";"10";"10";"2023";"19:20";"5";"93";"93032";"2";"2";"1";"3";"Avenue Vaillant Couturier / Rue de la Mare";"48,87614000";"2,54982000"
"202300027200";"11";"10";"2023";"18:45";"1";"93";"93027";"2";"6";"1";"3";"Avenue Jean Mermoz / Rue Georges Politzer";"48,93206711";"2,39948175"
"202300027201";"11";"10";"2023";"17:54";"1";"92";"92076";"2";"1";"1";"6";"REPUBLIQUE";"48,83781007";"2,15721354"
"202300027202";"11";"10";"2023";"10:35";"1";"92";"92064";"2";"1";"1";"6";"ALFRED BELMONTET";"48,85375837";"2,21797693"
"202300027203";"11";"10";"2023";"15:35";"1";"92";"92040";"2";"1";"1";"6";"RESISTANCE (PLACE DE LA)";"48,82136640";"2,25003161"
"202300027204";"11";"10";"2023";"09:05";"1";"92";"92040";"2";"3";"1";"3";"VERDUN (AVENUE DE) DU 115 AU 149";"48,81799148";"2,25086398"
"202300027205";"17";"10";"2023";"18:15";"1";"92";"92036";"2";"3";"1";"3";"CAMELINAT (BOULEVARD) (2 AU 66)";"48,92761000";"2,29724000"
"202300027206";"10";"10";"2023";"09:15";"1";"92";"92024";"2";"1";"1";"3";"GENERAL LECLERC (BD DU) (9 A 59)   (4 A";"48,90406000";"2,31185000"
"202300027207";"11";"10";"2023";"07:40";"1";"92";"92019";"1";"1";"1";"3";"LECLERC DIVISION (AVENUE)";"48,77071584";"2,24799871"
"202300027208";"12";"10";"2023";"16:10";"1";"63";"63425";"1";"4";"1";"3";"croisement D96 et D74";"45,66032200";"3,13312100"
"202300027209";"12";"10";"2023";"11:50";"1";"47";"47324";"2";"1";"1";"6";"place du 19 mars 1962";"44,63710500";"0,74193100"
"202300027210";"11";"10";"2023";"19:30";"2";"08";"08320";"1";"1";"1";"6";"RD985";"49,34009800";"4,36585300"
"202300027211";"11";"10";"2023";"15:10";"1";"17";"17262";"1";"2";"1";"3";"intersection D728/D125";"45,74594200";" -0,71044200"
"202300027212";"7";"10";"2023";"18:52";"1";"22";"22048";"1";"1";"1";"5";"la Pénezais";"48,47160299";" -2,13948548"
"202300027213";"8";"10";"2023";"17:43";"1";"41";"41167";"2";"1";"1";"3";"Avenue du Géneral de Gaulle";"47,48730300";"1,18902300"
"202300027214";"11";"10";"2023";"08:12";"1";"83";"83086";"1";"1";"1";"4";"DN7 PK78";"43,46521600";"6,53887200"
"202300027215";"9";"10";"2023";"15:15";"1";"86";"86165";"1";"6";"1";"3";"3 Route de Bourg-archambault";"46,41061500";"0,89584100"
"202300027216";"11";"10";"2023";"17:30";"2";"971";"97109";"1";"4";"1";"3";"Boulevard Amedee Valeau";"15,98721515";" -61,71993077"
"202300027217";"12";"10";"2023";"18:15";"1";"72";"72155";"1";"1";"1";"1";"D139 BIS";"47,86169300";"0,23232200"
"202300027218";"11";"10";"2023";"17:15";"1";"85";"85215";"1";"2";"1";"3";"RD37";"46,85538000";" -1,19214800"
"202300027219";"11";"10";"2023";"17:30";"1";"50";"50546";"1";"1";"7";"1";"R du Stade a Bossard";"49,04575900";" -1,09219600"
"202300027220";"11";"10";"2023";"14:30";"1";"41";"41265";"2";"2";"1";"7";"4 Rue du Bourg Neuf";"47,77501700";"0,78697100"
"202300027221";"12";"10";"2023";"06:50";"2";"34";"34270";"1";"1";"1";"1";"M132e2";"43,58687200";"3,83569800"
"202300027222";"11";"10";"2023";"20:45";"3";"51";"51009";"2";"1";"1";"6";"Route de Soyer";"48,58590900";"3,80110300"
"202300027223";"12";"10";"2023";"09:46";"1";"2B";"2B354";"1";"8";"1";"6";"T20";"42,13641600";"9,14252400"
"202300027224";"12";"10";"2023";"09:25";"1";"81";"81182";"1";"1";"1";"6";"RD63";"43,74489110";"2,27830250"
"202300027225";"12";"10";"2023";"07:20";"3";"49";"49170";"1";"1";"1";"2";"D770";"47,67308790";" -0,52696556"
"202300027226";"12";"10";"2023";"17:02";"1";"35";"35095";"2";"6";"1";"3";"28 Rue de Rennes";"48,54602200";" -1,74726100"
"202300027227";"12";"10";"2023";"08:00";"2";"35";"35319";"2";"2";"1";"3";"Avenue de la Vallée";"48,02977200";" -1,92481700"
"202300027228";"11";"10";"2023";"18:15";"1";"29";"29235";"2";"2";"1";"3";"rue d'Oradour Sur Glane";"48,40309298";" -4,38554585"
"202300027229";"2";"10";"2023";"09:00";"1";"31";"31255";"2";"1";"1";"1";"D26";"43,03670600";"0,59802100"
"202300027230";"12";"10";"2023";"10:00";"1";"15";"15130";"1";"1";"1";"2";"D990";"45,06237600";"3,24233200"
"202300027231";"8";"10";"2023";"16:15";"1";"58";"58079";"2";"1";"1";"6";"Rue du Faubourg de Bethléem";"47,46038400";"3,52421300"
"202300027232";"9";"10";"2023";"17:15";"1";"66";"66107";"2";"1";"1";"6";"N/A";"42,80965376";"2,58880377"
"202300027233";"11";"10";"2023";"18:20";"1";"54";"54275";"1";"1";"1";"7";"Rue de la Gare";"48,96852665";"5,87824345"
"202300027234";"10";"10";"2023";"21:30";"5";"14";"14119";"2";"2";"1";"1";"1 Rue du Lucet";"49,14251700";" -0,25890800"
"202300027235";"11";"10";"2023";"15:45";"1";"14";"14229";"2";"6";"1";"7";"2 Faubourg des Couperees";"49,23395800";" -0,03796900"
"202300027236";"11";"10";"2023";"21:00";"3";"60";"60471";"1";"1";"1";"1";"Rd 1032";"49,57195800";"3,02815000"
"202300027237";"11";"10";"2023";"17:00";"1";"53";"53140";"1";"1";"1";"2";"PK 48+250 rn162";"48,12700700";" -0,71939000"
"202300027238";"11";"10";"2023";"08:03";"2";"85";"85127";"1";"1";"5";"3";"RD21";"46,42362600";" -1,51652100"
"202300027239";"11";"10";"2023";"18:40";"1";"37";"37104";"1";"1";"1";"1";"route de saint branchs";"47,25772814";"0,77996492"
"202300027240";"11";"10";"2023";"06:20";"5";"08";"08490";"2";"2";"1";"3";"Rue de la Forteresse";"49,42591600";"4,67703200"
"202300027241";"12";"10";"2023";"12:45";"1";"24";"24225";"1";"1";"1";"1";"Avenue de Bergerac";"44,83737700";"0,40876900"
"202300027242";"11";"10";"2023";"07:15";"1";"987";"98738";"1";"1";"1";"6";"PK 14.8 RT 1";" -17,61800000";" -149,54900000"
"202300027243";"12";"10";"2023";"06:50";"1";"973";"97309";"2";"6";"1";"3";"Giratoire Adelaide Tablon";"4,88701400";" -52,28511000"
"202300027244";"12";"10";"2023";"12:50";"1";"62";"62355";"1";"1";"8";"6";"A1";"50,33725100";"2,92528700"
"202300027245";"11";"10";"2023";"19:15";"5";"34";"34134";"2";"3";"1";"1";"M5";"43,59005900";"3,80094200"
"202300027246";"11";"10";"2023";"22:45";"3";"91";"91666";"1";"1";"1";"1";"Rue d'orsay";"48,67581300";"2,22087000"
"202300027247";"12";"10";"2023";"20:00";"3";"30";"30330";"1";"1";"1";"7";"N/A";"44,02648900";"4,00644800"
"202300027248";"11";"10";"2023";"10:15";"1";"13";"13015";"2";"3";"1";"3";"Avenue des noyers";"43,43446500";"5,40972600"
"202300027249";"11";"10";"2023";"17:00";"1";"68";"68111";"2";"1";"1";"3";"Rue des Forgerons";"48,00429700";"7,27845000"
"202300027250";"5";"10";"2023";"16:45";"1";"38";"38236";"1";"1";"1";"6";"1025 Chemin de Beljoyer";"45,42153900";"5,72490400"
"202300027251";"11";"10";"2023";"00:15";"3";"69";"69032";"1";"1";"1";"1";"Route de Lyon";"45,84640225";"4,58875832"
"202300027252";"11";"10";"2023";"10:00";"1";"17";"17219";"2";"3";"1";"1";"Rue du Moulin des Coquards";"45,83066800";" -1,10475900"
"202300027253";"12";"10";"2023";"07:50";"2";"14";"14630";"1";"6";"8";"3";"Route de Caen";"49,25668600";" -0,64771100"
"202300027254";"10";"10";"2023";"08:56";"2";"56";"56242";"1";"1";"7";"5";"Bistoquet";"48,10167500";" -3,10352000"
"202300027255";"12";"10";"2023";"10:34";"1";"22";"22093";"2";"2";"1";"3";"24 Rue du Moulin à Vent";"48,46268500";" -2,43126200"
"202300027256";"11";"10";"2023";"17:29";"1";"35";"35031";"1";"1";"1";"1";"Les Forges";"48,15164000";" -1,44429500"
"202300027257";"12";"10";"2023";"07:55";"2";"59";"59126";"2";"1";"2";"6";"Rue de Cambrai";"50,31285900";"3,12291700"
"202300027258";"11";"10";"2023";"23:35";"3";"59";"59416";"1";"1";"1";"7";"30 Rue du Bas Schoubrouck";"50,68654500";"2,52806200"
"202300027259";"11";"10";"2023";"16:30";"1";"59";"59034";"1";"6";"1";"3";"D549";"50,52813300";"3,09973200"
"202300027260";"11";"10";"2023";"19:55";"1";"33";"33249";"1";"1";"1";"3";"ROCADE A 630";"44,88441528";" -0,51758856"
"202300027261";"11";"10";"2023";"17:05";"1";"33";"33039";"1";"1";"1";"3";"ROCADE A 630";"44,79244728";" -0,53999808"
"202300027262";"8";"10";"2023";"18:20";"1";"59";"59359";"1";"1";"1";"7";"AUTOROUTE A16";"50,98549000";"2,23094000"
"202300027263";"11";"10";"2023";"19:15";"3";"91";"91434";"1";"1";"1";"2";"AUTOROUTE A6";"48,66927000";"2,35077000"
"202300027264";"11";"10";"2023";"18:35";"2";"91";"91692";"1";"1";"1";"4";"RN 118";"48,67162700";"2,19391200"
"202300027265";"11";"10";"2023";"18:30";"2";"92";"92002";"1";"1";"1";"3";"N385";"48,75994034";"2,27899253"
"202300027266";"11";"10";"2023";"17:00";"1";"91";"91136";"1";"1";"1";"3";"AUTOROUTE A10";"48,71360000";"2,27555000"
"202300027267";"11";"10";"2023";"08:14";"1";"91";"91589";"1";"1";"1";"3";"AUTOROUTE A6";"48,67884000";"2,33505000"
"202300027268";"11";"10";"2023";"10:00";"1";"93";"93007";"1";"1";"1";"5";"AUTOROUTE A1";"48,94785000";"2,44451000"
"202300027269";"11";"10";"2023";"17:30";"1";"94";"94028";"1";"1";"1";"2";"A86";"48,79614431";"2,44319764"
"202300027270";"11";"10";"2023";"09:30";"1";"94";"94022";"1";"1";"1";"2";"A86";"48,77633000";"2,42206000"
"202300027271";"11";"10";"2023";"09:20";"1";"93";"93051";"1";"1";"1";"3";"A4";"48,83515238";"2,57609455"
"202300027272";"11";"10";"2023";"08:10";"1";"94";"94073";"1";"1";"1";"3";"A86";"48,75717000";"2,38389000"
"202300027273";"9";"06";"2023";"19:15";"1";"32";"32013";"2";"3";"1";"3";"PIERRE DE MONTESQUIOU (AVENUE)";"43,63939000";"0,59023000"
"202300027274";"30";"07";"2023";"18:05";"1";"62";"62609";"1";"1";"8";"5";"A26";"50,36096407";"2,77406185"
"202300027275";"18";"06";"2023";"15:15";"1";"13";"13048";"1";"1";"1";"1";"D561";"43,62193400";"5,67080700"
"202300027276";"10";"10";"2023";"13:15";"1";"974";"97411";"2";"1";"1";"3";"BRASSENS (AVENUE GEORGES)";" -20,90439000";"55,48282000"
"202300027277";"10";"10";"2023";"12:30";"1";"974";"97411";"2";"1";"1";"3";"KARTING (DU)";" -20,89460000";"55,49760000"
"202300027278";"8";"10";"2023";"19:30";"5";"974";"97411";"2";"6";"1";"2";"MACE (ROUTE GABRIEL)";" -20,90508000";"55,50437000"
"202300027279";"8";"10";"2023";"06:50";"1";"974";"97411";"2";"1";"1";"1";"MONTAGNE (ROUTE DE LA)";" -20,88683000";"55,44066000"
"202300027280";"9";"10";"2023";"17:10";"1";"973";"97302";"2";"1";"1";"5";"MONTABO (ROUTE DE) 2";"4,94067266";" -52,30218530"
"202300027281";"10";"10";"2023";"02:50";"1";"973";"97309";"2";"1";"1";"6";"TROUBIRAN (CHEMIN DE)";"4,91985823";" -52,30449870"
"202300027282";"9";"10";"2023";"13:25";"1";"973";"97302";"2";"3";"1";"2";"BOULEVARD DES CITES";"4,92160949";" -52,31699377"
"202300027283";"6";"10";"2023";"19:05";"3";"973";"97302";"2";"1";"1";"7";"TIGRE (ROUTE DU)";"4,91066000";" -52,30828000"
"202300027284";"6";"10";"2023";"20:00";"4";"973";"97302";"2";"2";"1";"3";"MONTABO (ROUTE DE) 3";"4,93784096";" -52,29871988"
"202300027285";"9";"10";"2023";"07:50";"1";"973";"97302";"2";"3";"1";"3";"MONTABO (ROUTE DE) 1";"4,93952000";" -52,30107000"
"202300027286";"7";"10";"2023";"04:25";"5";"973";"97302";"2";"1";"1";"7";"ROUTE NATIONALE 1";"4,92179000";" -52,32993000"
"202300027287";"9";"10";"2023";"14:15";"1";"69";"69386";"2";"1";"1";"3";"Quai Charles de Gaulle";"45,77945000";"4,84538000"
"202300027288";"19";"09";"2023";"17:45";"1";"972";"97213";"2";"1";"1";"6";"ACAJOU PROLONGEE";"14,62823800";" -61,02120900"
"202300027289";"9";"10";"2023";"13:00";"1";"69";"69384";"2";"2";"1";"3";"Rue de Cuire";"45,77953000";"4,82924000"
"202300027290";"9";"10";"2023";"02:00";"5";"971";"97101";"2";"9";"3";"6";"EDOUARD BOTINO (AVENUE)";"16,25889468";" -61,52362794"
"202300027291";"9";"10";"2023";"08:20";"1";"95";"95019";"2";"1";"1";"6";"COUTURIER PAUL VAILLANT (AVENUE)";"48,98246000";"2,42143000"
"202300027292";"9";"10";"2023";"15:40";"1";"95";"95428";"2";"4";"1";"1";"GALLERANDS (RUE DES)";"48,99050000";"2,32651000"
"202300027293";"10";"10";"2023";"17:30";"1";"91";"91215";"2";"6";"1";"6";"AV DU HUIT MAI 1945";"48,69767000";"2,51899000"
"202300027294";"10";"10";"2023";"08:20";"1";"91";"91114";"2";"9";"1";"3";"AV DE LA FORET";"48,68661000";"2,49842000"