"Num_Acc";"jour";"mois";"an";"hrmn";"lum";"dep";"com";"agg";"int";"atm";"col";"adr";"lat";"long"
"202300027295";"10";"10";"2023";"12:15";"1";"91";"91201";"2";"2";"1";"3";"BD HENRI BARBUSSE";"48,68607900";"2,40871800"
"202300027296";"7";"10";"2023";"09:15";"1";"88";"88209";"2";"2";"1";"3";"MOSELLE (RUE DE LA)";"48,19345100";"6,44157900"
"202300027297";"5";"10";"2023";"18:16";"1";"87";"87085";"1";"1";"1";"7";"ANTONY (RUE  ET CHEMIN D')";"45,83267000";"1,24334000"
"202300027298";"5";"10";"2023";"10:56";"1";"87";"87085";"2";"3";"1";"3";"FEYTIAT (RUE DE)";"45,81797000";"1,28961000"
"202300027299";"6";"10";"2023";"08:11";"1";"87";"87085";"2";"1";"1";"3";"BUISSON (RUE FERDINAND)";"45,82479000";"1,25547000"
"202300027300";"5";"10";"2023";"17:30";"1";"87";"87085";"1";"1";"1";"6";"SOLIGNAC (RUE DE)";"45,80612000";"1,26491000"
"202300027301";"6";"10";"2023";"09:20";"1";"85";"85194";"2";"1";"7";"2";"STERNES (RUE DES)";"46,53078010";" -1,79041200"
"202300027302";"6";"10";"2023";"11:55";"1";"85";"85194";"2";"9";"1";"3";"42 Avenue charles de gaulle";"46,50791000";" -1,76977000"
"202300027303";"9";"10";"2023";"15:10";"1";"83";"83129";"2";"3";"1";"3";"RAYNAUD (AVENUE JOSEPH)";"43,09080022";"5,84825170"
"202300027304";"7";"10";"2023";"09:10";"1";"83";"83129";"2";"3";"7";"6";"CANTARELLE (BOUCLE DE LA)";"43,09500700";"5,83855600"
"202300027305";"7";"10";"2023";"10:55";"1";"83";"83009";"2";"1";"1";"3";"BEAUSSET (ROUTE DU)";"43,15240100";"5,76369200"
"202300027306";"9";"10";"2023";"00:00";"3";"81";"81065";"2";"1";"1";"6";"BRUNIQUEL (RD 4 - AV MARTHE)";"43,62131000";"2,27017000"
"202300027307";"5";"10";"2023";"21:00";"5";"80";"80160";"2";"1";"1";"6";"LATAPIE (RUE)";"49,86418000";"2,34487000"
"202300027308";"5";"10";"2023";"19:40";"2";"80";"80489";"2";"1";"1";"1";"CAMON (RUE DE )";"49,87653000";"2,35152000"
"202300027309";"4";"10";"2023";"00:50";"5";"80";"80021";"2";"1";"1";"6";"GENERAL LECLERC (RUE DU )";"49,89662000";"2,29433000"
"202300027310";"9";"10";"2023";"20:20";"4";"77";"77379";"1";"9";"1";"6";"Route Départementale 619";"48,55260000";"3,29108000"
"202300027311";"10";"10";"2023";"07:19";"3";"77";"77335";"1";"3";"1";"3";"RN3 (ROUTE NATIONALE)";"48,95759000";"2,84940900"
"202300027312";"9";"10";"2023";"09:05";"1";"77";"77438";"2";"2";"1";"3";"GENERAL LECLERC  (AVENUE DU)";"48,87378000";"2,68997000"
"202300027313";"9";"10";"2023";"18:00";"1";"76";"76447";"2";"6";"1";"6";"avenue nordhon";"49,54729000";"0,18880000"
"202300027314";"9";"10";"2023";"08:00";"1";"76";"76351";"2";"3";"1";"3";"HOTEL DE VILLE (PLACE DE)";"49,49425100";"0,10643200"
"202300027315";"8";"10";"2023";"03:20";"3";"76";"76341";"1";"1";"1";"1";"RD 6382";"49,51120000";"0,19913000"
"202300027316";"10";"10";"2023";"20:40";"3";"73";"73029";"1";"4";"1";"3";"D5 / N201";"45,55955000";"5,94953000"
"202300027317";"8";"10";"2023";"18:30";"1";"72";"72181";"2";"1";"1";"7";"LEFAUCHEUX PIERRE (BD)";"47,95519997";"0,17941833"
"202300027318";"7";"10";"2023";"04:15";"3";"72";"72181";"2";"1";"1";"6";"DEMORIEUX PT DE FER AU PT DE CHEM DE FER";"48,00110000";"0,18983000"
"202300027319";"8";"10";"2023";"15:15";"1";"72";"72181";"2";"9";"1";"2";"CHATEAUBRIAND (COURS)";"48,00193000";"0,20756000"
"202300027320";"8";"10";"2023";"14:10";"1";"72";"72181";"2";"1";"1";"3";"RHIN ET DANUBE (AV) N° PAIRS 194 A 338";"48,02296000";"0,18286000"
"202300027321";"9";"10";"2023";"09:55";"1";"71";"71153";"2";"1";"1";"6";"MARECHAL LECLERC (RUE)";"46,80655000";"4,42818000"
"202300027322";"10";"10";"2023";"16:45";"1";"69";"69259";"2";"1";"1";"3";"Avenue Marcel Houel";"45,69681000";"4,88597000"
"202300027323";"10";"10";"2023";"08:10";"1";"69";"69290";"2";"1";"1";"4";"32 Route de Lyon";"45,70091000";"4,91898000"
"202300027324";"9";"10";"2023";"20:10";"5";"69";"69271";"2";"1";"1";"7";"Boulevard de l'Europe";"45,73821000";"4,94129000"
"202300027325";"9";"10";"2023";"12:45";"1";"69";"69259";"2";"1";"1";"4";"51 Avenue Jules Guesde";"45,71800247";"4,88778343"
"202300027326";"9";"10";"2023";"06:00";"5";"69";"69276";"2";"6";"1";"1";"Route Départementale 312                                     ";"45,67885000";"4,85040000"
"202300027327";"9";"10";"2023";"22:30";"5";"68";"68066";"2";"2";"1";"3";"ALSACE (RUE D')";"48,07667000";"7,36601000"
"202300027328";"9";"10";"2023";"12:25";"1";"67";"67218";"2";"1";"1";"1";"MOULIN (RUE DU)";"48,53522000";"7,72340000"
"202300027329";"9";"10";"2023";"12:00";"1";"66";"66136";"2";"3";"1";"6";"N/A";"42,68856000";"2,88883000"
"202300027330";"5";"10";"2023";"16:45";"1";"66";"66136";"2";"1";"1";"4";"N/A";"42,73000000";"2,88112000"
"202300027331";"5";"10";"2023";"17:50";"1";"66";"66136";"2";"3";"1";"6";"N/A";"42,69144000";"2,89477000"
"202300027332";"9";"10";"2023";"15:25";"1";"64";"64545";"2";"6";"1";"3";"CAPITAINE PELLOT (RUE DU)";"43,34571000";" -1,76263000"
"202300027333";"9";"10";"2023";"17:25";"1";"64";"64445";"2";"1";"1";"6";"CARNOT";"43,30118000";" -0,36940000"
"202300027334";"9";"10";"2023";"13:10";"1";"64";"64445";"2";"3";"1";"3";"LEON BLUM";"43,31542000";" -0,33243000"
"202300027335";"10";"10";"2023";"01:25";"3";"63";"63300";"1";"6";"1";"6";"RD2009, giratoire autoroute A71 diff13";"45,89609000";"3,14074000"
"202300027336";"9";"10";"2023";"19:25";"5";"59";"59205";"2";"3";"1";"3";"AV JULES GUESDE";"50,32515000";"3,35735000"
"202300027337";"9";"10";"2023";"10:20";"1";"59";"59512";"2";"1";"1";"6";"DE GAULLE  (BOULEVARD DU GENERAL)";"50,68730000";"3,17479000"
"202300027338";"9";"10";"2023";"11:55";"1";"59";"59276";"2";"1";"1";"3";"CROIZAT (BOULEVARD AMBROISE)";"50,34617000";"3,14849000"
"202300027339";"7";"10";"2023";"19:55";"5";"59";"59276";"2";"1";"1";"6";"EGALITE (RUE DE L')";"50,35167000";"3,15078000"
"202300027340";"6";"10";"2023";"17:10";"1";"57";"57631";"2";"1";"1";"7";"PARC (RUE DU) C3-C4";"49,10790000";"7,06619000"
"202300027341";"9";"10";"2023";"11:40";"1";"56";"56260";"2";"6";"1";"3";"Boulevard du Colonel Remy";"47,65933000";" -2,78099000"
"202300027342";"9";"10";"2023";"09:35";"1";"56";"56121";"2";"1";"7";"6";"192 Rue de Belgique";"47,76149000";" -3,38775000"
"202300027343";"9";"10";"2023";"18:50";"1";"53";"53130";"2";"3";"1";"7";"EINSTEIN ( RUE ALBERT )";"48,05380000";" -0,74015000"
"202300027344";"9";"10";"2023";"18:34";"1";"45";"45234";"2";"1";"1";"3";"1 Boulevard de Québec ";"47,91466000";"1,90263000"
"202300027345";"9";"10";"2023";"11:35";"1";"45";"45284";"2";"1";"1";"6";"100 Rue de Charbonnière";"47,91635000";"1,96091000"
"202300027346";"8";"10";"2023";"19:05";"1";"44";"44184";"2";"6";"7";"6";"75 Boulevard du Docteur René Laënnec";"47,26645000";" -2,24050000"
"202300027347";"9";"10";"2023";"18:10";"1";"43";"43046";"2";"1";"1";"6";"Avenue de Roderie";"45,05088000";"3,89570000"
"202300027348";"9";"10";"2023";"17:35";"1";"38";"38523";"2";"2";"1";"3";"RAVAT (RUE J.)";"45,22090000";"5,35030000"
"202300027349";"9";"10";"2023";"10:00";"1";"38";"38151";"2";"1";"1";"3";"GRUGLIASCO (AVENUE DE )";"45,15045000";"5,71804580"
"202300027350";"5";"10";"2023";"17:00";"1";"38";"38053";"1";"1";"1";"2";"CHAMBERY (RTE DE )";"45,58392771";"5,29627725"
"202300027351";"6";"08";"2023";"01:50";"3";"94";"94017";"1";"9";"2";"6";"A4";"48,83025978";"2,49298865"
"202300027352";"6";"08";"2023";"00:20";"3";"94";"94069";"1";"1";"1";"2";"A4";"48,81737044";"2,42861395"
"202300027353";"4";"08";"2023";"17:20";"1";"94";"94046";"1";"1";"1";"2";"A86";"48,81418936";"2,44875500"
"202300027354";"3";"08";"2023";"16:40";"1";"94";"94033";"1";"1";"3";"4";"A86";"48,85106447";"2,49004498"
"202300027355";"2";"08";"2023";"08:30";"1";"94";"94015";"1";"1";"3";"2";"A4";"48,82945356";"2,52827231"
"202300027356";"1";"08";"2023";"23:56";"5";"94";"94073";"1";"1";"2";"2";"A86";"48,77246663";"2,39724760"
"202300027357";"14";"03";"2023";"19:55";"3";"974";"97409";"1";"1";"1";"6";"BRAS DES CHEVRETTES (chemin)";" -20,96730000";"55,64206000"
"202300027358";"10";"03";"2023";"13:15";"1";"974";"97409";"2";"1";"3";"6";"RN2 SENS STE SUZANNE ST BENOIT";" -20,94454000";"55,64996000"
"202300027359";"24";"01";"2023";"13:30";"1";"974";"97409";"1";"1";"2";"6";"RN2 DIRECTION ST BENT SORTIE PETIT BAZAR";" -20,94370000";"55,64920000"
"202300027360";"2";"08";"2023";"09:50";"1";"58";"58194";"2";"3";"8";"6";"HENRI BOUQUILLARD";"46,99488000";"3,13337000"
"202300027361";"1";"06";"2023";"18:00";"2";"973";"97302";"2";"1";"1";"7";"BADUEL (ROUTE DE)";"4,93175000";" -52,30727000"
"202300027362";"2";"04";"2023";"23:45";"3";"05";"05061";"1";"1";"1";"7";"RD 14";"44,60970778";"6,14024162"
"202300027363";"2";"08";"2023";"22:30";"5";"974";"97411";"2";"1";"1";"6";"JAURES (BOULEVARD JEAN)";" -20,89497000";"55,47229000"
"202300027364";"1";"08";"2023";"18:20";"5";"974";"97411";"2";"1";"1";"1";"BANCOUL (CHEMIN)";" -20,90738000";"55,47900000"
"202300027365";"2";"08";"2023";"13:25";"1";"972";"97213";"2";"1";"1";"2";"VIEUX CHEMIN CALIFORNIE (RUE DU)";"14,61952000";" -61,03205000"
"202300027366";"1";"08";"2023";"22:30";"5";"972";"97213";"1";"6";"1";"2";"ROUTE NATIONALE 1";"14,64694604";" -60,97582698"
"202300027367";"1";"08";"2023";"13:00";"1";"971";"97107";"2";"1";"1";"1";"MARQUIS DE BOUILLET ( RUE DU)";"16,04860000";" -61,56626000"
"202300027368";"2";"08";"2023";"19:45";"1";"2A";"2A004";"2";"1";"1";"4";"CAMPI LOUIS BD";"41,94400000";"8,75600000"
"202300027369";"1";"08";"2023";"15:55";"1";"95";"95127";"2";"9";"1";"3";"PETIT ALBI (RUE DU)";"49,05399000";"2,04454000"
"202300027370";"2";"08";"2023";"18:20";"1";"91";"91191";"2";"1";"6";"3";"REPUBLIQUE (AVENUE DE LA)";"48,71939000";"2,45417000"
"202300027371";"28";"07";"2023";"08:15";"1";"78";"78158";"1";"1";"1";"1";"ROUTE DE SAINT GERMAIN RD 186";"48,83233500";"2,11254000"
"202300027372";"2";"08";"2023";"14:05";"1";"78";"78172";"2";"7";"1";"6";"CLEMENT (RUE DESIRE)";"49,00503200";"2,11639000"
"202300027373";"1";"08";"2023";"15:45";"1";"77";"77296";"1";"1";"1";"6";"AV PHILIPPE BUR";"48,62733000";"2,59144000"
"202300027374";"2";"08";"2023";"18:45";"1";"76";"76540";"2";"1";"3";"3";"Avenue Olivier de Serres";"49,44891000";"1,12014000"
"202300027375";"1";"08";"2023";"23:45";"4";"76";"76341";"1";"1";"3";"7";"RD 6382";"49,51346000";"0,19447000"
"202300027376";"1";"08";"2023";"21:00";"2";"76";"76351";"2";"1";"2";"6";"HENRY GENESTAL";"49,49581000";"0,10578000"
"202300027377";"2";"08";"2023";"09:15";"1";"72";"72181";"1";"9";"2";"6";"PATTON GENERAL RTE ST-AUBIN A AV RUBILLA";"48,02907000";"0,17863000"
"202300027378";"2";"08";"2023";"00:35";"5";"72";"72181";"2";"1";"2";"6";"CUGNOT NICOLAS (BD)";"47,99683000";"0,22298000"
"202300027379";"2";"08";"2023";"14:20";"1";"64";"64122";"2";"1";"1";"3";"REINE VICTORIA (AVENUE DE LA)";"43,48529000";" -1,55280000"
"202300027380";"31";"07";"2023";"18:40";"1";"64";"64122";"2";"3";"1";"6";"EDOUARD VII (AVENUE)";"43,48415000";" -1,55767000"
"202300027381";"2";"08";"2023";"18:50";"1";"63";"63113";"2";"2";"1";"4";"FLAUBERT (BD GUSTAVE)";"45,76887000";"3,12412000"
"202300027382";"2";"08";"2023";"16:45";"1";"63";"63113";"2";"1";"1";"2";"QUINET (BD EDGAR)";"45,80005000";"3,11248000"
"202300027383";"11";"07";"2023";"17:30";"1";"59";"59172";"2";"1";"1";"7";"RUE PIERRE BERIOT";"50,32473300";"3,37385700"
"202300027384";"2";"08";"2023";"15:20";"1";"56";"56098";"2";"6";"6";"2";"PERI (RUE GABRIEL)";"47,76064000";" -3,35383000"
"202300027385";"2";"08";"2023";"14:55";"1";"51";"51454";"2";"2";"1";"3";"WITRY (ROUTE DE)";"49,26506600";"4,06019200"
"202300027386";"29";"07";"2023";"14:50";"1";"49";"49328";"2";"2";"1";"3";"AMY (RUE ROBERT)";"47,24687000";" -0,07611000"
"202300027387";"1";"08";"2023";"14:55";"1";"45";"45302";"2";"1";"1";"6";"425 Rue du 8 Mai 1945";"47,93238300";"1,88898700"
"202300027388";"17";"04";"2023";"13:25";"1";"69";"69383";"2";"2";"1";"1";"Rue Paul Bert";"45,75709000";"4,85870000"
"202300027389";"2";"08";"2023";"11:15";"1";"38";"38318";"2";"1";"1";"2";"LUCIEN MAGNAT(MONTEE)";"45,53036000";"4,90371000"
"202300027390";"17";"04";"2023";"09:20";"1";"972";"97209";"1";"1";"1";"2";"AUTOROUTE A1";"14,61805000";" -61,03931000"
"202300027391";"2";"08";"2023";"18:15";"1";"35";"35238";"2";"2";"8";"3";"MONTS D'ARREE (AVENUE DES)";"48,13516000";" -1,65967000"
"202300027392";"17";"04";"2023";"14:35";"1";"2B";"2B037";"2";"1";"1";"1";"TOUTES RUES";"42,59163000";"9,43243000"
"202300027393";"17";"04";"2023";"07:20";"1";"971";"97101";"1";"3";"1";"3";"PETIT PEROU";"16,25155000";" -61,51619000"
"202300027394";"2";"08";"2023";"14:30";"1";"35";"35238";"2";"2";"8";"3";"ROCHESTER (AVENUE DE)";"48,12845000";" -1,66429000"
"202300027395";"17";"04";"2023";"01:30";"5";"971";"97101";"1";"1";"1";"3";"RN1-  HAUTEUR DE SORTIE LAURICISQUE";"16,25377000";" -61,54960000"
"202300027396";"2";"08";"2023";"14:50";"1";"35";"35238";"2";"1";"8";"4";"SAINT-BRIEUC (DE)";"48,11697757";" -1,71071827"
"202300027397";"15";"04";"2023";"05:26";"2";"971";"97101";"1";"1";"1";"2";"GRAND CAMP(SECTION)";"16,25391000";" -61,53921000"
"202300027398";"17";"04";"2023";"08:00";"1";"2A";"2A004";"2";"6";"1";"3";"SEBASTIANU COSTA BD";"41,94112000";"8,74580000"
"202300027399";"2";"08";"2023";"10:04";"1";"34";"34108";"2";"1";"1";"2";"MUSCAT (AVENUE DU)";"43,44427000";"3,75027000"
"202300027400";"17";"04";"2023";"07:20";"2";"95";"95277";"1";"9";"1";"2";"D317";"48,98110000";"2,46720000"
"202300027401";"17";"04";"2023";"11:50";"1";"95";"95018";"2";"1";"1";"3";"D909";"48,95621000";"2,25596000"
"202300027402";"15";"04";"2023";"22:40";"5";"87";"87085";"2";"3";"1";"2";"DUMAS (AVENUE GEORGES)";"45,82701000";"1,26193000"
"202300027403";"1";"08";"2023";"18:30";"1";"34";"34003";"2";"3";"1";"3";"EGALITE (F13 A H14";"43,30757000";"3,47420000"
"202300027404";"15";"04";"2023";"09:09";"1";"87";"87085";"2";"2";"2";"7";"EUROPE (CARREFOUR DE L')";"45,86175000";"1,27495000"
"202300027405";"14";"04";"2023";"13:15";"1";"87";"87085";"2";"3";"1";"3";"ARMAND (RUE LOUIS-)";"45,86916000";"1,26826000"
"202300027406";"1";"08";"2023";"11:00";"1";"33";"33032";"2";"1";"1";"6";"Rue du Maréchal Foch";"44,90193838";" -0,50672561"
"202300027407";"17";"04";"2023";"19:20";"1";"78";"78502";"2";"1";"1";"3";"SIMON VOUET (AVENUE)";"48,87886000";"2,11237000"
"202300027408";"2";"08";"2023";"18:15";"1";"29";"29039";"2";"3";"8";"6";"Rue de Trégunc";"47,87192175";" -3,90679445"
"202300027409";"17";"04";"2023";"16:45";"1";"76";"76540";"2";"1";"1";"3";"Rue d'Elbeuf";"49,42643000";"1,08308000"
"202300027410";"15";"04";"2023";"15:00";"1";"76";"76351";"2";"1";"1";"6";"GEORGE V (QUAI)";"49,49113000";"0,11490000"
"202300027411";"25";"02";"2023";"13:50";"1";"73";"73065";"2";"6";"1";"2";"STADE (PLACE DU)";"45,57238253";"5,91039160"
"202300027412";"17";"04";"2023";"17:50";"1";"72";"72095";"2";"3";"1";"3";"ROME (AV DE)";"48,02346900";"0,20569600"
"202300027413";"17";"04";"2023";"11:15";"1";"71";"71306";"2";"1";"1";"2";"MACON (RUE DE)";"46,67267022";"4,37704736"
"202300027414";"14";"04";"2023";"14:25";"1";"67";"67482";"2";"3";"1";"3";"FAUBOURG DE PIERRE (RUE DU)";"48,58656000";"7,74672000"
"202300027415";"16";"04";"2023";"22:22";"3";"65";"65100";"2";"1";"1";"6";"Avenue du Bois du Commandeur";"43,25878500";"0,04511900"
"202300027416";"14";"04";"2023";"18:10";"1";"64";"64445";"2";"2";"1";"1";"HONORE BARADAT";"43,30537000";" -0,36083000"
"202300027417";"16";"04";"2023";"18:30";"1";"64";"64102";"2";"6";"1";"3";"JORLIS (ROND POINT DE)";"43,49837000";" -1,49371000"
"202300027418";"16";"04";"2023";"14:05";"1";"64";"64102";"2";"1";"1";"1";"LACHEPAILLET (RUE DES REMPARTS)";"43,49058000";" -1,47895000"
"202300027419";"14";"04";"2023";"16:30";"1";"63";"63193";"2";"3";"1";"3";"rue de la Piscine/ rue de Durtol";"45,77662000";"3,19250000"
"202300027420";"16";"04";"2023";"03:42";"5";"63";"63113";"2";"2";"1";"3";"Jaurès / Coubertin";"45,76790337";"3,08405489"
"202300027421";"10";"04";"2023";"00:14";"3";"59";"59350";"2";"1";"1";"6";"FAUBOURG D'ARRAS RUE";"50,60835000";"3,05975000"
"202300027422";"17";"04";"2023";"06:40";"2";"59";"59560";"1";"1";"1";"3";"BOUVRY ROGER RUE";"50,53674000";"3,01743000"
"202300027423";"17";"04";"2023";"17:15";"1";"54";"54395";"2";"3";"1";"6";"Rue Isabey";"48,69037000";"6,17287000"
"202300027424";"17";"04";"2023";"22:05";"3";"54";"54575";"1";"1";"1";"2";"RD17";"49,47247800";"5,80411900"
"202300027425";"15";"04";"2023";"14:35";"1";"50";"50129";"1";"1";"1";"2";"VAL CANU (RUE DU)";"49,64145000";" -1,53715000"
"202300027426";"17";"04";"2023";"09:20";"1";"45";"45232";"2";"1";"1";"3";"600 Avenue de Verdun";"47,86852600";"1,91122200"
"202300027427";"16";"04";"2023";"18:55";"1";"45";"45208";"2";"1";"1";"7";"2 Boulevard des Belles Manières";"47,99480000";"2,73284000"
"202300027428";"17";"04";"2023";"19:50";"2";"43";"43157";"2";"1";"2";"2";"Rue Salvador Allende";"45,02348000";"3,88166000"
"202300027429";"17";"04";"2023";"14:40";"1";"37";"37214";"2";"4";"1";"2";"PORTILLON (QUAI)";"47,40049000";"0,67850000"
"202300027430";"17";"04";"2023";"07:00";"2";"35";"35281";"2";"1";"1";"3";"HAIE-DES-COGNETS (BOUL DE LA)";"48,08193000";" -1,73417000"
"202300027431";"31";"07";"2023";"11:10";"1";"12";"12202";"2";"1";"7";"6";"BOURRAN (AVENUE DE)";"44,36371000";"2,55288000"
"202300027432";"2";"08";"2023";"20:00";"1";"06";"06088";"2";"1";"1";"1";"CIMIEZ (BD) A PARTIR DU 16-17";"43,70799300";"7,27125900"
"202300027433";"17";"04";"2023";"10:35";"1";"35";"35150";"1";"6";"1";"3";"RN12";"48,35161716";" -1,23020858"
"202300027434";"2";"08";"2023";"12:15";"1";"03";"03190";"2";"1";"1";"6";"Route de Lyon";"46,54458000";"3,34209000"
"202300027435";"17";"04";"2023";"23:15";"5";"33";"33063";"2";"1";"1";"1";"Quai de Bacalan";"44,86110000";" -0,55236000"
"202300027436";"2";"08";"2023";"11:15";"1";"75";"75112";"2";"4";"8";"6";"BOULEVARD PERIPHERIQUE INTERIEUR SUD";"48,82775800";"2,39324500"
"202300027437";"1";"08";"2023";"09:00";"1";"75";"75118";"2";"1";"1";"3";"PORTE DE CLIGNANCOURT";"48,90104100";"2,35076400"
"202300027438";"17";"04";"2023";"22:15";"5";"33";"33069";"2";"2";"1";"3";"Rue Raymond Poincaré";"44,86243000";" -0,59011000"
"202300027439";"2";"08";"2023";"14:00";"1";"75";"75120";"2";"1";"1";"3";"RUE PELLEPORT";"48,86979900";"2,40007500"
"202300027440";"17";"04";"2023";"19:00";"1";"31";"31555";"1";"1";"1";"3";"AV DE LATTRE DE TASSIGNY";"43,57219000";"1,43843000"
"202300027441";"2";"08";"2023";"09:20";"1";"75";"75119";"2";"2";"1";"6";"AVENUE DE FLANDRE";"48,88838900";"2,37413800"
"202300027442";"17";"04";"2023";"12:40";"1";"31";"31555";"2";"1";"1";"3";"SANG DE SERP (CHE DU) DU 3AU 200";"43,61902000";"1,42579000"
"202300027443";"2";"08";"2023";"18:46";"1";"75";"75107";"2";"3";"6";"6";"BOULEVARD RASPAIL";"48,85174311";"2,32676804"
"202300027444";"16";"04";"2023";"20:12";"1";"31";"31555";"2";"3";"1";"3";"AV DE LARDENNE";"43,58986934";"1,36968613"
"202300027445";"2";"08";"2023";"16:00";"1";"75";"75112";"2";"2";"1";"2";"PONT D AUSTERLITZ";"48,84564900";"2,36721800"
"202300027446";"17";"04";"2023";"09:45";"1";"30";"30007";"2";"1";"1";"6";"BLANC (BD LOUIS)";"44,12642000";"4,07981000"
"202300027447";"2";"08";"2023";"15:10";"1";"75";"75111";"2";"2";"1";"6";"RUE DE LA ROQUETTE";"48,85934000";"2,38683500"
"202300027448";"15";"04";"2023";"19:36";"1";"29";"29019";"2";"1";"1";"6";"rue Amiral Grivel";"48,38345800";" -4,53089400"
"202300027449";"13";"04";"2023";"10:45";"1";"22";"22113";"2";"1";"1";"2";"RESISTANCE (AVENUE DE LA)";"48,74450000";" -3,46228000"
"202300027450";"2";"08";"2023";"14:29";"1";"75";"75111";"2";"7";"1";"2";"BOULEVARD RICHARD LENOIR";"48,85348500";"2,36960900"
"202300027451";"9";"04";"2023";"21:50";"5";"19";"19031";"2";"3";"1";"3";"MARBEAU (BOULEVARD DU DOCTEUR)";"45,15468000";"1,52864000"
"202300027452";"2";"08";"2023";"17:10";"1";"75";"75115";"2";"2";"1";"3";"RUE DE LA CONVENTION";"48,83549600";"2,30238700"
"202300027453";"16";"04";"2023";"11:00";"1";"13";"13117";"2";"9";"1";"3";"CHEMIN DEPARTEMENTAL CD 20";"43,45390000";"5,23187000"
"202300027454";"2";"08";"2023";"19:15";"1";"75";"75104";"2";"2";"1";"7";"PONT AU CHANGE";"48,85723900";"2,34711400"
"202300027455";"17";"04";"2023";"08:00";"1";"13";"13205";"2";"3";"1";"6";"ALGER (RUE D')";"43,28933000";"5,39050000"
"202300027456";"2";"08";"2023";"15:15";"1";"75";"75102";"2";"2";"1";"3";"RUE DE GRAMONT";"48,86954100";"2,33679100"
"202300027457";"17";"04";"2023";"14:40";"1";"13";"13005";"2";"1";"1";"2";"RN 8";"43,28546000";"5,59005000"
"202300027458";"2";"08";"2023";"01:25";"5";"75";"75109";"2";"2";"3";"3";"RUE DE LA TOUR D AUVERGNE";"48,87924100";"2,34323500"
"202300027459";"17";"04";"2023";"16:52";"1";"10";"10387";"2";"1";"2";"6";"Boulevard Victor Hugo";"48,29361000";"4,06882000"
"202300027460";"31";"07";"2023";"18:15";"1";"94";"94068";"2";"2";"2";"2";"Avenue Louis Blanc";"48,79268100";"2,49746000"
"202300027461";"27";"01";"2023";"18:50";"5";"38";"38185";"2";"2";"4";"3";"BERRIAT (COURS)             1 A 55-72";"45,18788000";"5,72162000"
"202300027462";"2";"08";"2023";"03:05";"5";"94";"94021";"2";"3";"3";"3";"BOULEVARD CIRCULAIRE EST";"48,76371000";"2,35708000"
"202300027463";"26";"01";"2023";"20:15";"5";"38";"38185";"2";"9";"1";"3";"ROND-POINT PIERRE ET MARIE CURIE";"45,16029000";"5,71962000"
"202300027464";"1";"08";"2023";"21:55";"5";"93";"93064";"2";"1";"2";"6";"Avenue du Général de Gaulle";"48,88126000";"2,47660000"
"202300027465";"24";"01";"2023";"16:10";"1";"75";"75104";"2";"2";"8";"7";"RUE SAINT ANTOINE";"48,85341700";"2,36715100"
"202300027466";"2";"08";"2023";"05:50";"2";"93";"93008";"2";"1";"2";"2";"Rue de Paris";"48,89898800";"2,44394800"
"202300027467";"24";"01";"2023";"19:15";"5";"38";"38185";"2";"3";"1";"1";"AVENUE JEAN PERROT";"45,17858000";"5,73599000"
"202300027468";"23";"01";"2023";"18:00";"5";"75";"75112";"2";"4";"1";"6";"QUAI DE LA RAPEE";"48,84648400";"2,36688400"
"202300027469";"2";"08";"2023";"17:53";"1";"92";"92072";"2";"9";"8";"7";"BRUYERES (CARREFOUR DES)";"48,81265000";"2,21459000"
"202300027470";"24";"01";"2023";"11:00";"1";"94";"94080";"2";"1";"1";"6";"Rue Raymond du Temple";"48,84532300";"2,43820600"
"202300027471";"24";"01";"2023";"14:10";"1";"38";"38421";"2";"1";"1";"6";"AVENUE GABRIEL PÉRI";"45,18466000";"5,76788000"
"202300027472";"2";"08";"2023";"14:30";"1";"92";"92035";"2";"1";"1";"6";"National ( boulevard )";"48,90750000";"2,23817000"
"202300027473";"24";"01";"2023";"13:00";"1";"94";"94034";"2";"1";"1";"6";"Allée des Moissons";"48,75338000";"2,32837000"
"202300027474";"23";"01";"2023";"01:13";"5";"38";"38185";"2";"1";"4";"7";"AVENUE DE L'EUROPE";"45,15870000";"5,73173000"
"202300027475";"24";"01";"2023";"09:00";"1";"94";"94033";"2";"1";"1";"3";"Avenue Parmentier";"48,85347600";"2,45219100"
"202300027476";"2";"08";"2023";"17:45";"1";"92";"92002";"2";"1";"1";"2";"GENERAL DE GAULLE (AVENUE DU)";"48,76204086";"2,30143771"
"202300027477";"23";"01";"2023";"19:00";"5";"94";"94017";"2";"1";"1";"6";"Avenue François Mitterrand";"48,81564700";"2,51436600"
"202300027478";"24";"01";"2023";"12:53";"1";"93";"93066";"2";"1";"8";"6";"Avenue du Président Wilson";"48,91696400";"2,35796200"
"202300027479";"1";"08";"2023";"23:49";"5";"92";"92002";"2";"1";"2";"4";"DIVISION LECLERC (1 A 29 -2 A 34)";"48,75236000";"2,30463000"
"202300027480";"24";"01";"2023";"08:10";"1";"93";"93064";"2";"1";"8";"6";"Rue des Chardons";"48,86998300";"2,49684300"
"202300027481";"16";"04";"2023";"20:50";"2";"75";"75113";"2";"1";"1";"2";"PORTE D ITALIE";"48,81670700";"2,36510700"
"202300027482";"2";"08";"2023";"19:10";"1";"65";"65441";"1";"1";"1";"7";"D924";"42,96532600";"0,59921600"
"202300027483";"24";"01";"2023";"15:10";"1";"93";"93055";"2";"1";"1";"2";"Rue Cartier Bresson";"48,90239700";"2,39938000"
"202300027484";"3";"08";"2023";"10:00";"1";"80";"80779";"1";"9";"2";"6";"A16 PK 167+500";"50,10443200";"1,88946700"
"202300027485";"16";"04";"2023";"18:55";"1";"75";"75117";"2";"1";"1";"1";"BD PERIPHERIQUE INTERIEUR";"48,89556200";"2,30769100"
"202300027486";"24";"01";"2023";"16:05";"1";"93";"93051";"2";"1";"1";"6";"71 Rue du Docteur Sureau";"48,84388900";"2,55066500"