"Num_Acc";"jour";"mois";"an";"hrmn";"lum";"dep";"com";"agg";"int";"atm";"col";"adr";"lat";"long"
"202300027881";"23";"01";"2023";"12:10";"1";"94";"94021";"2";"2";"1";"2";"Avenue Georges Guynemer / Boulevard Jean Mermoz";"48,76681000";"2,33625000"
"202300027882";"15";"04";"2023";"15:45";"1";"83";"83069";"2";"3";"1";"3";"GODILLOT  ( AVENUE ALEXIS )";"43,11688000";"6,12265000"
"202300027883";"25";"05";"2023";"19:50";"1";"28";"28134";"2";"3";"1";"6";"CROIX TIENAC (ALLEE DE LA)";"48,73597000";"1,38826000"
"202300027884";"7";"03";"2023";"00:00";"5";"93";"93070";"2";"2";"1";"6";"Rue Albert Dhalenne / Quai de Seine";"48,91776000";"2,32968000"
"202300027885";"28";"07";"2023";"12:00";"1";"42";"42253";"1";"3";"1";"2";"Route de Renaison";"46,04422500";"3,99760700"
"202300027886";"22";"01";"2023";"22:59";"5";"93";"93072";"2";"3";"1";"3";"Rue des Fleurs / Rue Jean Jaurés";"48,96384600";"2,38054800"
"202300027887";"7";"03";"2023";"18:10";"2";"93";"93066";"2";"2";"1";"6";"79 Rue Gabriel Péri / Rue Franklin";"48,93527871";"2,35589574"
"202300027888";"23";"01";"2023";"07:30";"5";"93";"93072";"2";"2";"1";"6";"Chemin de Saint Leger / Avenue de Stalingrad";"48,94753290";"2,37531736"
"202300027889";"12";"04";"2023";"06:05";"2";"74";"74012";"2";"9";"8";"6";"GIFFRE (AVENUE DU)";"46,19681000";"6,23881000"
"202300027890";"2";"08";"2023";"11:00";"1";"56";"56205";"1";"1";"1";"3";"La Croix Lasne";"47,56162800";" -2,71111200"
"202300027891";"25";"05";"2023";"07:40";"1";"15";"15014";"2";"6";"1";"3";"VOLONTAIRE (AVENUE DES)";"44,91421000";"2,44109000"
"202300027892";"23";"01";"2023";"13:15";"1";"93";"93064";"2";"1";"1";"3";"Avenue du Général de Gaulle";"48,87937300";"2,47818900"
"202300027893";"7";"03";"2023";"14:10";"1";"93";"93048";"2";"2";"8";"1";"Rue de Paris";"48,85502222";"2,41908923"
"202300027894";"25";"05";"2023";"08:45";"1";"13";"13103";"2";"1";"1";"6";"BOULEVARD DES PRINCES DES BAUX";"43,64394000";"5,08939000"
"202300027895";"16";"04";"2023";"20:45";"5";"69";"69264";"2";"3";"1";"6";"Avenue Edouard Herriot";"45,97887000";"4,72680000"
"202300027896";"1";"08";"2023";"11:15";"1";"59";"59546";"1";"1";"1";"3";"route d'Hazebrouck RD37";"50,78696000";"2,56487800"
"202300027897";"23";"01";"2023";"15:10";"1";"93";"93055";"2";"1";"1";"3";"Avenue Jean Jaurès";"48,90468000";"2,39334000"
"202300027898";"24";"05";"2023";"16:57";"1";"10";"10357";"1";"1";"1";"7";"Route de Baires";"48,28378000";"4,12089000"
"202300027899";"7";"03";"2023";"15:15";"1";"93";"93045";"2";"2";"1";"1";"Avenue du Maréchal Juin / Rue de Romainville";"48,87834185";"2,42247722"
"202300027900";"16";"04";"2023";"16:30";"1";"69";"69259";"2";"3";"1";"3";"Avenue Jules Guesde";"45,71656000";"4,88797000"
"202300027901";"23";"01";"2023";"19:30";"3";"93";"93049";"2";"3";"1";"3";"Rue Pierre de Coubertin / Allee Pierre de Craon";"48,86439659";"2,51121850"
"202300027902";"2";"08";"2023";"14:00";"1";"76";"76075";"2";"4";"6";"1";"Route de la Mer";"49,76839100";"1,04875700"
"202300027903";"16";"04";"2023";"06:00";"3";"69";"69290";"1";"1";"1";"6";"Route de Grenoble";"45,70408000";"4,99591000"
"202300027904";"24";"05";"2023";"12:19";"1";"10";"10387";"2";"1";"1";"4";"ANATOLE FRANCE (RUE)";"48,28574000";"4,07470000"
"202300027905";"2";"08";"2023";"01:48";"4";"79";"79174";"2";"1";"8";"7";"N/A";"46,21924400";" -0,14834000"
"202300027906";"23";"01";"2023";"00:15";"5";"93";"93049";"2";"3";"1";"6";"Rue Pasteur / Rue Florian";"48,85682109";"2,49907717"
"202300027907";"7";"03";"2023";"12:25";"1";"93";"93010";"2";"3";"1";"6";"Avenue Galliéni / Rue des Ecoles";"48,90708000";"2,48836000"
"202300027908";"23";"01";"2023";"16:20";"1";"92";"92022";"2";"1";"1";"6";"SALENGRO (AVENUE ROGER)";"48,81810298";"2,19712025"
"202300027909";"15";"04";"2023";"19:45";"1";"62";"62133";"2";"2";"1";"3";"Rue de Rouvroy";"50,41226000";"2,91181000"
"202300027910";"24";"05";"2023";"10:30";"1";"10";"10333";"2";"3";"1";"3";"CHARLES BALTET (RUE)";"48,28166000";"4,06072000"
"202300027911";"7";"03";"2023";"18:00";"1";"92";"92050";"2";"1";"1";"6";"JOFFRE MARECHAL AVENUE DU";"48,88570750";"2,19642811"
"202300027912";"16";"04";"2023";"18:30";"1";"59";"59286";"2";"1";"1";"6";"GUERIN RUE DU PROFESSEUR";"50,61198000";"2,99653000"
"202300027913";"23";"01";"2023";"21:10";"5";"92";"92050";"2";"9";"1";"3";"COMMUNE DE PARIS AVENUE DE LA";"48,90739300";"2,21288300"
"202300027914";"24";"05";"2023";"10:55";"1";"09";"09121";"2";"9";"1";"6";"D1";"42,94604000";"1,61560000"
"202300027915";"7";"03";"2023";"10:36";"1";"92";"92040";"1";"1";"1";"6";"GALLIENI (BOULEVARD)";"48,82800000";"2,26750000"
"202300027916";"23";"01";"2023";"19:15";"5";"92";"92049";"2";"2";"1";"3";"BROSSOLETTE AVENUE PIERRE";"48,81769000";"2,30788000"
"202300027917";"16";"04";"2023";"09:35";"1";"56";"56260";"2";"6";"1";"2";"ANCIENS COMBATTANTS EN AFN (PLACE DES";"47,66391000";" -2,75580000"
"202300027918";"19";"05";"2023";"23:45";"5";"08";"08409";"2";"2";"1";"6";"PHILIPPOTEAUX (AVENUE)";"49,69672000";"4,93901000"
"202300027919";"5";"03";"2023";"18:45";"2";"92";"92025";"2";"1";"1";"2";"EGALITE (RUE DE L')";"48,92260100";"2,24131200"
"202300027920";"23";"01";"2023";"09:10";"1";"92";"92026";"2";"9";"1";"3";"MARECHAL JOFFRE (QUAI DU)";"48,89835000";"2,26875000"
"202300027921";"25";"05";"2023";"18:20";"1";"01";"01451";"2";"3";"1";"3";"HERRIOT ( BOULEVARD EDOUARD COTE PAIR)";"46,21302000";"5,21817000"
"202300027922";"6";"03";"2023";"22:00";"5";"92";"92024";"2";"1";"1";"2";"MARTRE (RUE) DE (59 A 109)   (58 A 120)";"48,90390000";"2,30527000"
"202300027923";"16";"04";"2023";"12:15";"1";"54";"54323";"2";"3";"1";"3";"Avenue de Saintignon";"49,52594200";"5,77516800"
"202300027924";"25";"05";"2023";"09:34";"1";"75";"75117";"2";"2";"1";"6";"RUE DE ROME";"48,88565100";"2,31683000"
"202300027925";"7";"03";"2023";"08:04";"1";"92";"92024";"2";"1";"8";"6";"VICTOR HUGO (BD)";"48,90011517";"2,31478125"
"202300027926";"23";"01";"2023";"20:00";"5";"92";"92012";"2";"6";"1";"7";"MARCEL SEMBAT (PLACE)";"48,83361000";"2,24369000"
"202300027927";"24";"05";"2023";"13:05";"1";"75";"75105";"2";"2";"1";"3";"RUE GAY LUSSAC";"48,84428100";"2,34215800"
"202300027928";"7";"03";"2023";"13:35";"1";"92";"92023";"2";"1";"1";"6";"GENERAL DE GAULLE (AV DU) N°130 A 340 ET";"48,78379000";"2,24748000"
"202300027929";"23";"01";"2023";"21:45";"3";"2A";"2A211";"1";"1";"2";"6";"lieu-dit Calo";"41,79508800";"8,98254600"
"202300027930";"23";"05";"2023";"13:30";"1";"75";"75105";"2";"3";"1";"3";"QUAI DE LA TOURNELLE";"48,85039600";"2,35352700"
"202300027931";"7";"03";"2023";"09:00";"1";"92";"92012";"2";"1";"1";"2";"GENERAL LECLERC (AVENUE DU) 1/33 - 2/58";"48,83213000";"2,23889000"
"202300027932";"16";"04";"2023";"13:27";"1";"49";"49267";"2";"2";"1";"2";"HERAUDIERES";"47,46382000";" -0,49085000"
"202300027933";"23";"05";"2023";"09:27";"1";"75";"75105";"2";"3";"1";"3";"BOULEVARD SAINT MICHEL";"48,85034400";"2,34261200"
"202300027934";"7";"03";"2023";"09:10";"1";"92";"92002";"2";"1";"1";"3";"ARISTIDE BRIAND (AVENUE)";"48,75666000";"2,30638000"
"202300027935";"25";"05";"2023";"18:30";"1";"75";"75120";"2";"2";"1";"6";"BOULEVARD DAVOUT";"48,85352400";"2,41079000"
"202300027936";"24";"01";"2023";"08:30";"1";"01";"01248";"1";"1";"1";"1";"départementale 1083";"45,90389900";"4,93494600"
"202300027937";"6";"03";"2023";"09:45";"1";"47";"47133";"1";"1";"8";"7";"Brun";"44,07946600";"0,57334900"
"202300027938";"25";"05";"2023";"09:00";"1";"75";"75120";"2";"1";"1";"2";"RUE DES VIGNOLES";"48,85403800";"2,39991900"
"202300027939";"15";"04";"2023";"15:10";"1";"42";"42218";"2";"2";"2";"3";"Boulevard Joseph Bethenod";"45,42716000";"4,38575000"
"202300027940";"24";"05";"2023";"22:15";"5";"75";"75120";"2";"7";"1";"6";"RUE BELGRAND";"48,86490600";"2,39867100"
"202300027941";"5";"03";"2023";"09:24";"1";"91";"91235";"2";"1";"1";"3";"Av du Dr Louis Francois Fichez";"48,63866300";"2,36035000"
"202300027942";"20";"01";"2023";"10:40";"1";"86";"86221";"1";"3";"9";"3";"Route des Templiers";"46,80644900";"0,34417000"
"202300027943";"15";"04";"2023";"21:25";"3";"41";"41018";"1";"1";"1";"7";"VICOMTE (CHEMIN DE )";"47,54258500";"1,28337600"
"202300027944";"25";"05";"2023";"22:10";"5";"75";"75119";"2";"3";"1";"3";"RUE DE L INSPECTEUR ALLES";"48,87929800";"2,39816600"
"202300027945";"6";"03";"2023";"10:45";"1";"972";"97214";"2";"1";"1";"6";"Crochemort N1";"14,83239900";" -61,05184100"
"202300027946";"16";"04";"2023";"10:35";"1";"35";"35238";"2";"1";"1";"3";"SUEDE (DE)";"48,08671000";" -1,67938000"
"202300027947";"21";"01";"2023";"19:00";"3";"33";"33030";"1";"1";"1";"1";"D1113";"44,61631700";" -0,32091000"
"202300027948";"25";"05";"2023";"17:20";"1";"75";"75120";"2";"7";"1";"2";"PLACE DU MAQUIS DU VERCORS";"48,87763700";"2,40863000"
"202300027949";"19";"01";"2023";"13:30";"1";"17";"17310";"1";"1";"3";"7";"Route de Pons";"45,56834500";" -0,73668500"
"202300027950";"15";"04";"2023";"10:55";"1";"35";"35115";"2";"1";"1";"6";"ROUSSEAU (RUE JEAN-JACQUES)";"48,35359000";" -1,20352000"
"202300027951";"25";"05";"2023";"19:20";"1";"75";"75118";"2";"1";"1";"3";"BOULEVARD DE CLICHY";"48,88406300";"2,32844500"
"202300027952";"5";"03";"2023";"18:45";"3";"972";"97217";"1";"1";"1";"4";"Pointe Borgnèse (Informations)";"14,45514300";" -60,90323000"
"202300027953";"23";"01";"2023";"16:50";"1";"46";"46137";"1";"1";"1";"7";"D653 PK 114+500";"44,39488933";"1,36485212"
"202300027954";"4";"03";"2023";"21:10";"5";"35";"35125";"2";"1";"1";"3";"Rue de la Garenne";"47,93365400";" -1,22675700"
"202300027955";"25";"05";"2023";"08:00";"1";"75";"75117";"2";"3";"1";"3";"BOULEVARD MALESHERBES";"48,88989700";"2,30387500"
"202300027956";"25";"05";"2023";"15:00";"1";"75";"75116";"2";"1";"1";"3";"RUE DE LA POMPE";"48,86442100";"2,27794500"
"202300027957";"7";"03";"2023";"23:00";"5";"974";"97414";"2";"1";"1";"7";"Rue Gonneau";" -21,27138400";"55,43715100"
"202300027958";"7";"03";"2023";"08:30";"1";"22";"22239";"1";"9";"1";"6";"D64";"48,36358800";" -2,13406800"
"202300027959";"18";"01";"2023";"07:50";"2";"86";"86261";"1";"3";"1";"1";"Route de Saint Julien l'Ars";"46,56022200";"0,48312700"
"202300027960";"25";"05";"2023";"10:05";"1";"75";"75115";"2";"3";"1";"3";"BOULEVARD DE VAUGIRARD";"48,84156400";"2,31832800"
"202300027961";"16";"04";"2023";"11:00";"1";"22";"22215";"1";"1";"1";"5";"PONT NOIR (RUE DU)";"48,48772000";" -2,82490000"
"202300027962";"7";"03";"2023";"18:30";"5";"62";"62181";"2";"1";"2";"6";"D8";"50,13855800";"2,71035900"
"202300027963";"21";"01";"2023";"19:45";"5";"67";"67302";"1";"6";"1";"3";"D421";"48,74182800";"7,39049400"
"202300027964";"25";"05";"2023";"22:10";"5";"75";"75113";"2";"2";"1";"3";"BOULEVARD ARAGO";"48,83496500";"2,34499500"
"202300027965";"23";"01";"2023";"11:30";"1";"38";"38342";"2";"1";"1";"6";"Chemin de Martine";"44,88550700";"5,62386300"
"202300027966";"3";"04";"2023";"16:40";"1";"19";"19272";"2";"9";"1";"6";"Dr Ramon (Rue)";"45,25243000";"1,76243000"
"202300027967";"7";"03";"2023";"20:25";"3";"51";"51282";"1";"1";"1";"1";"D27";"49,25397200";"3,93075000"
"202300027968";"25";"05";"2023";"19:25";"1";"75";"75112";"2";"1";"1";"6";"BOULEVARD DE BERCY";"48,84037000";"2,37989600"
"202300027969";"19";"01";"2023";"15:20";"1";"62";"62869";"1";"1";"1";"1";"D60";"50,26037600";"2,71823600"
"202300027970";"22";"01";"2023";"16:45";"1";"56";"56229";"1";"1";"1";"7";"1 rue Noblet";"47,75864900";" -2,23160900"
"202300027971";"17";"04";"2023";"00:55";"5";"13";"13208";"2";"1";"1";"5";"PRADO (AVENUE DU)";"43,27082999";"5,38869254"
"202300027972";"6";"03";"2023";"09:20";"1";"51";"51380";"2";"2";"1";"3";"Avenue de l’Empereur";"48,87182900";"3,54250100"
"202300027973";"25";"05";"2023";"18:30";"1";"75";"75112";"2";"4";"1";"3";"QUAI DE BERCY";"48,82800000";"2,38900000"
"202300027974";"24";"01";"2023";"20:40";"5";"74";"74225";"2";"1";"1";"2";"7 avenue des alpes";"45,85555300";"5,95382800"
"202300027975";"16";"04";"2023";"17:30";"1";"13";"13208";"2";"9";"1";"4";"POMPIDOU (PROMENADE)";"43,26424598";"5,37362368"
"202300027976";"25";"05";"2023";"10:37";"1";"75";"75112";"2";"1";"1";"3";"BOULEVARD SOULT";"48,83988500";"2,40890300"
"202300027977";"4";"03";"2023";"10:00";"1";"56";"56020";"1";"1";"1";"6";"N/A";"47,78815400";" -2,45478200"
"202300027978";"24";"01";"2023";"07:15";"5";"77";"77341";"1";"2";"8";"3";"D411 / D49";"48,44528400";"3,35580800"
"202300027979";"7";"03";"2023";"06:00";"3";"79";"79008";"1";"1";"1";"7";"";"46,72277000";" -0,29800400"
"202300027980";"25";"05";"2023";"11:36";"1";"75";"75108";"2";"7";"1";"3";"PLACE DE LA CONCORDE";"48,86486900";"2,32122600"
"202300027981";"15";"04";"2023";"22:25";"5";"13";"13203";"2";"7";"1";"3";"DOCTEUR LÉON PERRIN (RUE)";"43,31492000";"5,38874000"
"202300027982";"23";"01";"2023";"14:35";"1";"65";"65007";"1";"1";"1";"4";"D935";"43,32901800";"0,06937600"
"202300027983";"25";"05";"2023";"09:15";"1";"75";"75117";"2";"1";"1";"3";"AVENUE DES TERNES";"48,88010700";"2,28793500"
"202300027984";"17";"01";"2023";"18:40";"5";"61";"61168";"2";"1";"4";"6";"D908";"48,58594000";" -0,36532700"
"202300027985";"6";"03";"2023";"23:00";"3";"79";"79298";"1";"1";"1";"5";"";"46,27904600";" -0,52255900"
"202300027986";"25";"05";"2023";"08:45";"1";"75";"75103";"2";"7";"1";"6";"PLACE DE LA REPUBLIQUE";"48,86734500";"2,36338200"
"202300027987";"14";"04";"2023";"23:20";"5";"13";"13063";"2";"1";"8";"1";"MOULIN CHEMIN DU";"43,58040000";"5,01414000"
"202300027988";"6";"03";"2023";"20:20";"5";"2B";"2B050";"2";"1";"1";"7";"Route de santore";"42,56001900";"8,75385000"
"202300027989";"23";"01";"2023";"17:30";"2";"47";"47069";"1";"4";"1";"1";"Sous Carcas";"44,23416900";"0,54893900"
"202300027990";"24";"05";"2023";"20:34";"2";"75";"75104";"2";"3";"1";"6";"RUE SAINT ANTOINE";"48,85460400";"2,36295100"
"202300027991";"16";"04";"2023";"19:55";"1";"08";"08105";"2";"1";"1";"6";"18 Quai Jean Charcot";"49,77540000";"4,72501000"
"202300027992";"24";"01";"2023";"13:15";"1";"39";"39500";"2";"1";"1";"6";"1 Rue de la République";"46,93921000";"5,87765800"
"202300027993";"22";"01";"2023";"11:05";"1";"38";"38324";"1";"1";"4";"7";"Route de Champier";"45,39605400";"5,04972000"
"202300027994";"7";"03";"2023";"14:11";"1";"82";"82087";"1";"2";"2";"3";"Route de Vazerac";"44,15247100";"1,21738500"
"202300027995";"25";"05";"2023";"15:15";"1";"94";"94046";"2";"2";"1";"3";"71 Avenue Georges Clémenceau";"48,81067331";"2,44354981"
"202300027996";"16";"04";"2023";"14:30";"1";"03";"03185";"2";"1";"1";"6";"Avenue de la Republique";"46,34532000";"2,59812000"
"202300027997";"23";"01";"2023";"17:20";"2";"70";"70120";"1";"1";"8";"6";"pk 32 D4";"47,70208700";"6,66570200"
"202300027998";"25";"05";"2023";"19:00";"1";"94";"94065";"2";"1";"1";"6";"7 Rue Baltard";"48,75823164";"2,34674782"
"202300027999";"15";"04";"2023";"18:15";"1";"75";"75120";"2";"1";"1";"2";"PORTE DE BAGNOLET";"48,86349200";"2,41340900"
"202300028000";"16";"01";"2023";"05:50";"3";"66";"66150";"1";"1";"1";"7";"";"42,40441400";"2,52702700"
"202300028001";"6";"03";"2023";"14:20";"1";"33";"33314";"1";"1";"1";"5";"route d'artigues";"45,19265300";" -0,77091000"
"202300028002";"25";"05";"2023";"14:05";"1";"94";"94073";"2";"3";"1";"3";"Avenue de Fontainebleau / Rue des Alouettes";"48,74785243";"2,36931968"
"202300028003";"17";"01";"2023";"11:50";"1";"06";"06059";"1";"1";"1";"1";"tunnel du cap estel";"43,72050100";"7,36882700"
"202300028004";"15";"04";"2023";"17:00";"1";"75";"75118";"2";"1";"1";"5";"PORTE DE CLIGNANCOURT";"48,90104100";"2,35276400"
"202300028005";"25";"05";"2023";"11:50";"1";"94";"94065";"2";"6";"1";"2";"Avenue Charles Lindbergh / Rue des Halliers";"48,75334406";"2,34968752"
"202300028006";"7";"03";"2023";"13:15";"1";"89";"89466";"1";"3";"1";"2";"Route départementale 81";"48,17517600";"3,18085800"
"202300028007";"19";"01";"2023";"15:30";"1";"50";"50273";"1";"3";"3";"6";"Route de Carentan";"49,30545800";" -1,42779900"
"202300028008";"14";"04";"2023";"13:40";"1";"75";"75112";"2";"1";"2";"3";"PORTE DOREE";"48,84405100";"2,41384200"
"202300028009";"23";"01";"2023";"17:30";"2";"07";"07214";"1";"1";"8";"3";"Départementale 21";"44,92991400";"4,58209300"
"202300028010";"25";"05";"2023";"04:05";"5";"94";"94077";"2";"1";"1";"6";"59 Avenue Paul Painlevé";"48,73958000";"2,41818000"
"202300028011";"7";"03";"2023";"16:50";"1";"61";"61168";"1";"1";"1";"1";"D20 PR11+480";"48,61664000";" -0,35864300"
"202300028012";"17";"01";"2023";"07:40";"5";"27";"27467";"2";"6";"1";"6";"Rue du Président Georges Pompidou";"49,35012100";"0,52057400"
"202300028013";"25";"05";"2023";"08:00";"1";"93";"93059";"2";"1";"1";"6";"Avenue Elisée Reclus";"48,95131823";"2,35790793"
"202300028014";"13";"04";"2023";"23:45";"5";"75";"75120";"2";"3";"1";"6";"RUE DE BAGNOLET";"48,85836300";"2,40070500"
"202300028015";"2";"03";"2023";"07:50";"2";"61";"61298";"1";"1";"1";"3";"D958";"48,76436400";" -0,04907300"
"202300028016";"23";"01";"2023";"20:50";"3";"31";"31395";"1";"1";"1";"2";"A64";"43,48127810";"1,32621300"
"202300028017";"25";"05";"2023";"12:50";"1";"93";"93064";"2";"1";"1";"3";"Rue de la Côte des Chênes";"48,87162074";"2,49556565"
"202300028018";"24";"01";"2023";"06:10";"3";"06";"06149";"1";"1";"1";"6";"A8 PK204.050 en chaussée SUD";"43,74142600";"7,33192600"
"202300028019";"16";"04";"2023";"18:30";"1";"75";"75120";"2";"2";"1";"1";"RUE SAINT FARGEAU";"48,87077200";"2,39923900"
"202300028020";"25";"05";"2023";"01:25";"5";"93";"93055";"2";"1";"1";"3";"Avenue Jean Jaurès";"48,91645000";"2,40607000"
"202300028021";"7";"03";"2023";"07:50";"1";"12";"12068";"2";"4";"1";"3";"baraque de combrouze";"44,31534300";"2,30482200"
"202300028022";"18";"01";"2023";"08:39";"1";"38";"38064";"1";"1";"2";"5";"A43";"45,55974783";"5,40382298"
"202300028023";"16";"04";"2023";"13:02";"1";"75";"75119";"2";"1";"1";"7";"BOULEVARD DE LA VILLETTE";"48,87981200";"2,37043300"
"202300028024";"6";"03";"2023";"18:20";"1";"34";"34326";"1";"1";"1";"6";"D907";"43,38775600";"2,75937100"
"202300028025";"25";"05";"2023";"16:55";"1";"93";"93050";"2";"2";"1";"6";"Place de la Résistance";"48,85716088";"2,53133308"
"202300028026";"23";"01";"2023";"13:30";"1";"29";"29233";"2";"1";"1";"6";"Rue Pasteur";"47,86859900";" -3,54807300"
"202300028027";"16";"04";"2023";"02:15";"5";"75";"75117";"2";"3";"1";"6";"AVENUE DE SAINT OUEN";"48,89576800";"2,32832800"
"202300028028";"5";"03";"2023";"16:50";"1";"39";"39404";"1";"1";"1";"6";"";"46,69625500";"5,60498300"
"202300028029";"23";"01";"2023";"21:45";"3";"2B";"2B355";"1";"1";"1";"6";"RT20";"42,51802500";"9,40056300"
"202300028030";"25";"05";"2023";"08:15";"1";"93";"93050";"2";"3";"1";"6";"Boulevard du Marechal Foch / Avenue Michel Debré";"48,85410000";"2,51936000"
"202300028031";"23";"01";"2023";"17:45";"5";"05";"05052";"2";"1";"3";"6";"Route de la Gare";"44,67193400";"6,61794300"
"202300028032";"7";"03";"2023";"07:00";"1";"25";"25304";"2";"1";"1";"7";"38 Rue du Commandant Rolland";"47,45236400";"6,87573000"
"202300028033";"16";"04";"2023";"15:15";"1";"75";"75113";"2";"3";"1";"6";"RUE DE L ESPERANCE";"48,82601800";"2,34746300"
"202300028034";"25";"05";"2023";"09:25";"1";"93";"93031";"2";"3";"1";"3";"Avenue du 18 Juin 1940 / Rue du Port";"48,95226449";"2,30725855"
"202300028035";"24";"01";"2023";"12:45";"1";"71";"71275";"1";"1";"1";"1";"D982";"46,26886400";"4,03402100"
"202300028036";"16";"04";"2023";"13:20";"1";"75";"75111";"2";"3";"1";"2";"AVENUE PARMENTIER";"48,86999500";"2,37106000"
"202300028037";"18";"01";"2023";"18:25";"5";"67";"67300";"2";"1";"2";"6";"Route Industrielle de la Hardt";"48,53687600";"7,50060400"
"202300028038";"7";"03";"2023";"22:00";"3";"03";"03080";"1";"1";"1";"7";"Route de Serbannes";"46,10492100";"3,31103700"
"202300028039";"24";"05";"2023";"16:30";"1";"93";"93008";"2";"1";"1";"4";"Avenue Paul Vaillant - Couturier";"48,90977000";"2,44484000"
"202300028040";"24";"01";"2023";"08:40";"1";"67";"67438";"1";"1";"1";"7";"D426";"48,44240500";"7,59061900"
"202300028041";"24";"01";"2023";"10:00";"1";"74";"74243";"2";"1";"1";"6";"Rue du général pacthod";"46,14360600";"6,08045200"
"202300028042";"25";"05";"2023";"19:05";"1";"93";"93001";"2";"1";"1";"6";"4 Rue Chapon";"48,91561000";"2,38460000"
"202300028043";"16";"04";"2023";"20:45";"4";"94";"94041";"2";"2";"1";"1";"35 Boulevard de Brandebourg";"48,81456007";"2,39684612"
"202300028044";"18";"02";"2023";"22:00";"5";"58";"58095";"2";"1";"1";"7";"Chemin du Port des Vignots";"46,83747000";"3,47351400"
"202300028045";"16";"01";"2023";"10:00";"1";"73";"73211";"1";"1";"4";"6";"D925";"45,71136400";"6,43880400"
"202300028046";"24";"05";"2023";"23:40";"3";"92";"92078";"2";"3";"1";"6";"HENRY BARBUSSE (RUE)(IMPAIRS)";"48,93608747";"2,33389914"
"202300028047";"7";"03";"2023";"11:15";"1";"06";"06151";"1";"1";"1";"6";"M2565";"43,89544900";"7,25287600"
"202300028048";"23";"01";"2023";"08:30";"1";"17";"17476";"1";"1";"8";"5";"D19";"45,36597100";" -0,43803700"
"202300028049";"15";"04";"2023";"23:20";"5";"93";"93071";"2";"3";"1";"1";"Avenue Henri Barbusse / Rue de la Campagne";"48,93451000";"2,53847000"
"202300028050";"6";"03";"2023";"18:50";"2";"50";"50419";"1";"1";"8";"6";"Rue du Puits (Hérenguerville)";"48,98183700";" -1,50851700"
"202300028051";"21";"01";"2023";"01:45";"3";"29";"29042";"1";"1";"1";"6";"route de Treyer";"48,25588400";" -4,48441700"
"202300028052";"25";"05";"2023";"12:10";"1";"92";"92064";"2";"1";"1";"6";"DIX-HUI JUIN";"48,85007900";"2,22185100"
"202300028053";"16";"04";"2023";"14:56";"1";"93";"93070";"2";"2";"1";"2";"Rue Charles Schmidt / Avenue Gabriel Péri";"48,90603437";"2,33227462"
"202300028054";"7";"03";"2023";"12:45";"1";"85";"85084";"1";"2";"1";"3";"RD60";"46,77373800";" -1,15667600"
"202300028055";"24";"01";"2023";"18:00";"2";"60";"60360";"1";"1";"1";"1";"Avenue Louis Aragon";"49,33093179";"2,45700475"
"202300028056";"23";"01";"2023";"05:30";"3";"94";"94034";"1";"1";"1";"6";"A86";"48,75630157";"2,33994087"
"202300028057";"25";"05";"2023";"09:30";"1";"92";"92044";"2";"2";"1";"3";"BAUDIN (RUE)85 + ET 86+";"48,89894000";"2,28768000"
"202300028058";"16";"04";"2023";"11:00";"1";"93";"93070";"2";"3";"1";"3";"Rue Charles Schmidt / Rue Mathieu";"48,90308583";"2,33398184"
"202300028059";"6";"03";"2023";"19:20";"3";"27";"27100";"1";"1";"1";"4";"Route de Beuzeville";"49,35443400";"0,38435500"
"202300028060";"25";"05";"2023";"09:45";"1";"92";"92044";"2";"2";"1";"6";"PDT WILSON(RUE)107A131 ET 110A130";"48,89643344";"2,28658587"
"202300028061";"21";"01";"2023";"20:00";"5";"93";"93006";"1";"1";"1";"2";"AUTOROUTE A3";"48,86627623";"2,41437177"
"202300028062";"21";"01";"2023";"13:40";"1";"93";"93078";"1";"1";"8";"2";"AUTOROUTE A104";"48,96200000";"2,54627000"
"202300028063";"7";"03";"2023";"18:00";"1";"28";"28386";"1";"1";"1";"1";"D939";"48,56520600";"1,26201200"
"202300028064";"25";"05";"2023";"10:33";"1";"92";"92040";"2";"4";"1";"6";"VICTOR HUGO (ROND-POINT)";"48,82790573";"2,27404207"
"202300028065";"16";"04";"2023";"15:30";"1";"93";"93066";"2";"1";"1";"2";"Avenue du Président Wilson";"48,90475780";"2,35824189"
"202300028066";"25";"05";"2023";"09:40";"1";"92";"92036";"2";"1";"1";"6";"LENINE (AVENUE)";"48,93297771";"2,28481025"
"202300028067";"21";"02";"2023";"19:30";"3";"19";"19176";"1";"1";"1";"6";"A89";"45,41209900";"2,02053000"
"202300028068";"13";"11";"2023";"15:41";"1";"75";"75110";"2";"4";"2";"6";"BOULEVARD DE MAGENTA";"48,88198545";"2,35101905"
"202300028069";"23";"01";"2023";"18:40";"3";"94";"94074";"1";"1";"1";"4";"N406";"48,76473430";"2,46211590"
"202300028070";"24";"05";"2023";"18:18";"1";"92";"92025";"2";"1";"1";"6";"AUDRA (AV)";"48,92804900";"2,25093700"
"202300028071";"24";"02";"2023";"19:20";"3";"72";"72031";"1";"1";"1";"6";"autoroute A 11 pk 145+400";"48,08742500";"0,50369700"
"202300028072";"16";"04";"2023";"15:15";"1";"93";"93064";"2";"1";"1";"6";"Rue du 4e Zouave";"48,87251603";"2,47679215"
"202300028073";"13";"11";"2023";"17:25";"5";"94";"94052";"2";"1";"2";"2";"Boulevard de Strasbourg";"48,84279700";"2,48497700"