"Num_Acc";"jour";"mois";"an";"hrmn";"lum";"dep";"com";"agg";"int";"atm";"col";"adr";"lat";"long"
"202300028868";"15";"12";"2023";"20:18";"5";"973";"97302";"2";"1";"1";"7";"MADELEINE (ROUTE DE LA)";"4,91878000";" -52,32167000"
"202300028869";"13";"12";"2023";"13:00";"1";"973";"97302";"2";"3";"1";"3";"MONTABO (ROUTE DE) 2";"4,94472000";" -52,31106000"
"202300028870";"15";"12";"2023";"19:50";"5";"69";"69388";"2";"1";"1";"6";"Avenue Paul Santy";"45,73061329";"4,87494061"
"202300028871";"28";"06";"2023";"17:25";"1";"60";"60612";"1";"9";"1";"6";"D1330";"49,21123441";"2,60738558"
"202300028872";"15";"12";"2023";"19:35";"5";"69";"69387";"2";"1";"1";"6";"Avenue Tony Garnier";"45,73012000";"4,82406000"
"202300028873";"28";"06";"2023";"14:00";"1";"13";"13071";"1";"1";"1";"2";"A7-Sens Marseille vers Lyon";"43,41264900";"5,28156700"
"202300028874";"15";"12";"2023";"08:00";"1";"971";"97120";"2";"3";"1";"3";"GENERAL DE GAULLE";"16,24301697";" -61,53961658"
"202300028875";"14";"06";"2023";"15:10";"1";"69";"69152";"1";"1";"1";"2";"Route de Métropole 7";"45,70132000";"4,83541000"
"202300028876";"28";"06";"2023";"07:50";"1";"92";"92012";"1";"1";"1";"6";"A13";"48,84830363";"2,23126544"
"202300028877";"15";"12";"2023";"11:49";"1";"2A";"2A004";"2";"1";"1";"3";"ERBAJOLO CHEMIN";"41,94133000";"8,74448000"
"202300028878";"27";"06";"2023";"09:38";"1";"78";"78640";"1";"1";"1";"2";"";"48,77800000";"2,21424200"
"202300028879";"14";"12";"2023";"12:47";"1";"87";"87085";"2";"1";"1";"6";"FLEURUS (BOULEVARD DE)";"45,83096000";"1,26344000"
"202300028880";"27";"06";"2023";"08:50";"1";"78";"78158";"1";"1";"1";"2";"A13";"48,83258000";"2,13818900"
"202300028881";"15";"12";"2023";"17:13";"2";"86";"86194";"2";"2";"1";"1";"Viaduc Léon Blum";"46,58558700";"0,33322900"
"202300028882";"27";"06";"2023";"17:00";"1";"75";"75120";"2";"1";"1";"3";"ECHANGEUR BAGNOLET";"48,86630511";"2,41315520"
"202300028883";"15";"12";"2023";"06:00";"5";"84";"84035";"2";"9";"1";"3";"BOSCODOMINI (AVENUE)";"43,81746000";"5,04370000"
"202300028884";"27";"06";"2023";"17:30";"1";"95";"95500";"1";"1";"1";"2";"A15";"49,03617521";"2,09541678"
"202300028885";"14";"12";"2023";"18:15";"5";"83";"83062";"2";"1";"1";"3";"DELAGE (RUE MARC)";"43,12494000";"6,00476000"
"202300028886";"27";"06";"2023";"07:00";"1";"92";"92078";"1";"1";"1";"2";"AUTOROUTE A86";"48,92763127";"2,33308867"
"202300028887";"12";"12";"2023";"14:10";"1";"83";"83118";"2";"3";"1";"6";"RUE LÉON ISNARD";"43,42604000";"6,77004000"
"202300028888";"26";"06";"2023";"00:55";"3";"95";"95527";"1";"1";"1";"2";"A1";"49,00062000";"2,52238000"
"202300028889";"13";"12";"2023";"21:00";"5";"80";"80001";"2";"1";"2";"3";"PRESIDENT ROBERT SCHUMAN (du)";"50,10597000";"1,85772000"
"202300028890";"27";"06";"2023";"19:05";"1";"76";"76114";"2";"6";"1";"6";"Boulevard Jules Passas";"49,56987000";"0,47858000"
"202300028891";"24";"06";"2023";"11:45";"1";"83";"83126";"2";"1";"1";"6";"ROUVE (LA )";"43,10020000";"5,90001000"
"202300028892";"16";"06";"2023";"13:47";"1";"68";"68224";"2";"1";"1";"6";"KOECHLIN (RUE)";"47,75528000";"7,33616000"
"202300028893";"15";"12";"2023";"10:10";"1";"77";"77285";"2";"1";"1";"6";"RESISTANCE  (AVENUE DE LA )";"48,54160000";"2,62830000"
"202300028894";"15";"12";"2023";"19:35";"5";"77";"77284";"2";"1";"1";"6";"D603";"48,95302700";"2,88374200"
"202300028895";"15";"12";"2023";"19:02";"5";"77";"77464";"2";"9";"1";"6";"CORNILLOT (RUE)";"48,88434000";"2,71147000"
"202300028896";"16";"06";"2023";"07:50";"1";"988";"98818";"2";"3";"1";"3";"RUE DE METZ/ROUTE DU PORT DESPOINTES";" -22,27754000";"166,45047000"
"202300028897";"27";"06";"2023";"13:35";"1";"973";"97302";"1";"6";"1";"7";"GALMOT (ROND-POINT)";"4,92155000";" -52,32978000"
"202300028898";"15";"12";"2023";"23:30";"5";"77";"77131";"2";"2";"5";"2";"STRASBOURG (AVENUE DE)";"48,80323000";"3,08564000"
"202300028899";"27";"06";"2023";"23:35";"5";"69";"69387";"2";"2";"1";"1";"Rue de Marseille";"45,74683000";"4,83678000"
"202300028900";"27";"06";"2023";"18:15";"1";"69";"69388";"2";"1";"1";"6";"14b Rue de Champagneux";"45,73084000";"4,85108000"
"202300028901";"27";"06";"2023";"09:30";"1";"69";"69149";"2";"1";"1";"7";"21 Grande Rue";"45,71875000";"4,81029000"
"202300028902";"25";"06";"2023";"23:20";"3";"971";"97113";"1";"9";"1";"1";"RN4-ROND POINT SAINT FELIX";"16,20737372";" -61,45651102"
"202300028903";"15";"12";"2023";"18:30";"5";"76";"76429";"2";"1";"8";"3";"Route de Paris";"49,40990000";"1,14278000"
"202300028904";"27";"06";"2023";"13:40";"1";"91";"91161";"2";"1";"1";"4";"AV PIERRE BROSSOLETTE";"48,70009000";"2,31765000"
"202300028905";"27";"06";"2023";"15:40";"1";"91";"91326";"2";"1";"1";"3";"COUR DE FRANCE (AVENUE DE LA)";"48,69141000";"2,37059000"
"202300028906";"26";"06";"2023";"07:29";"1";"87";"87085";"2";"3";"1";"3";"PERRIN (RUE FRANCOIS)";"45,82916000";"1,24372000"
"202300028907";"26";"06";"2023";"14:30";"1";"83";"83069";"2";"1";"1";"6";"GAMBETTA (AVENUE)";"43,11715200";"6,12859700"
"202300028908";"26";"06";"2023";"09:15";"1";"83";"83061";"2";"6";"1";"6";"AVENUE DE LATTRE DE TASSIGNY";"43,43094000";"6,75464000"
"202300028909";"23";"06";"2023";"18:30";"1";"80";"80021";"1";"1";"1";"2";"SAINT HONORE (RUE)";"49,88804000";"2,28904000"
"202300028910";"27";"06";"2023";"10:10";"1";"79";"79191";"1";"2";"1";"3";"";"46,35610000";" -0,48120000"
"202300028911";"27";"06";"2023";"20:50";"2";"76";"76575";"2";"3";"1";"6";"Rue Moliere";"49,40367100";"1,07542300"
"202300028912";"24";"06";"2023";"21:36";"1";"76";"76351";"2";"3";"1";"3";"FRANCOIS 1ER (BD)";"49,49027000";"0,10076000"
"202300028913";"2";"06";"2023";"08:40";"1";"73";"73008";"2";"1";"1";"1";"SOURCES DE ST SIMOND CHEMIN DES";"45,70940965";"5,91937914"
"202300028914";"26";"06";"2023";"11:30";"1";"72";"72181";"2";"9";"1";"2";"DEMORIEUX ENTRE PT CHEM DE FER ET HUISNE";"47,99810000";"0,18890000"
"202300028915";"26";"06";"2023";"08:45";"1";"72";"72181";"2";"9";"1";"3";"BOEUFS LE PETIT HOUX (CHEMIN AUX)";"47,95386000";"0,21985000"
"202300028916";"26";"06";"2023";"18:30";"1";"71";"71105";"2";"3";"1";"3";"COUPEE (GRANDE-RUE DE LA)";"46,30973000";"4,80018000"
"202300028917";"27";"06";"2023";"18:10";"1";"69";"69259";"2";"1";"1";"3";"Avenue Francis de Pressensé";"45,72589000";"4,86314000"
"202300028918";"27";"06";"2023";"22:50";"3";"67";"67482";"2";"1";"1";"1";"GENERAL KOENIG (QUAI DU)";"48,57543000";"7,75674000"
"202300028919";"27";"06";"2023";"16:35";"1";"67";"67482";"2";"1";"1";"2";"FRERES EBERTS (RUE DES)";"48,55327000";"7,74289000"
"202300028920";"15";"06";"2023";"18:10";"1";"67";"67482";"2";"7";"1";"3";"MARTIN SCHONGAUER (RUE)";"48,56778000";"7,72361000"
"202300028921";"16";"06";"2023";"17:55";"1";"64";"64445";"2";"1";"1";"3";"OLOF PALME";"43,33861000";" -0,37884000"
"202300028922";"26";"06";"2023";"15:57";"1";"64";"64140";"2";"1";"1";"6";"DUBOY (RUE ANDRE)";"43,52832000";" -1,49395000"
"202300028923";"15";"06";"2023";"19:00";"1";"59";"59508";"2";"2";"1";"1";"DRONCKAERT (RUE DU)";"50,74037000";"3,13213000"
"202300028924";"27";"06";"2023";"21:00";"1";"59";"59512";"2";"1";"1";"6";"VERDUN (AVENUE DE)";"50,68637000";"3,19925000"
"202300028925";"26";"06";"2023";"17:30";"1";"57";"57463";"2";"1";"1";"3";"DRAPIERS (RUE DES )";"49,11755000";"6,24722000"
"202300028926";"26";"06";"2023";"15:13";"1";"57";"57463";"2";"1";"1";"7";"SEBASTOPOL (AVENUE DE )";"49,10940000";"6,23085000"
"202300028927";"27";"06";"2023";"11:00";"1";"54";"54395";"2";"1";"1";"3";"Avenue de Strasbourg";"48,68081262";"6,19421840"
"202300028928";"26";"06";"2023";"12:15";"1";"54";"54395";"2";"1";"1";"3";"Avenue de la Libération";"48,69616795";"6,16286606"
"202300028929";"27";"06";"2023";"11:20";"1";"54";"54575";"1";"1";"1";"6";"D125";"49,45755400";"5,85146400"
"202300028930";"27";"06";"2023";"16:45";"1";"51";"51454";"2";"1";"1";"3";"ESSILLARDS (RUE DES)";"49,23283000";"4,04788000"
"202300028931";"27";"06";"2023";"11:30";"1";"51";"51573";"2";"1";"1";"6";"BRIAND (RUE ARISTIDE)";"49,25015000";"4,00809000"
"202300028932";"23";"06";"2023";"07:35";"1";"50";"50129";"2";"1";"1";"6";"DELAVILLE ( AVENUE)";"49,63589000";" -1,62552000"
"202300028933";"27";"06";"2023";"11:48";"1";"49";"49007";"2";"1";"1";"6";"PLANTAGENET";"47,47238000";" -0,55455000"
"202300028934";"26";"06";"2023";"18:00";"1";"49";"49015";"2";"6";"1";"3";"LANGEVIN RUE PAUL";"47,51780000";" -0,60830000"
"202300028935";"26";"06";"2023";"06:45";"1";"49";"49246";"2";"6";"1";"2";"MOULIN MARCILLE CHEMIN";"47,43676000";" -0,50428000"
"202300028936";"27";"06";"2023";"16:26";"1";"47";"47001";"2";"1";"1";"3";"BARA (RUE JOSEPH)";"44,20329000";"0,62171000"
"202300028937";"27";"06";"2023";"16:50";"1";"45";"45234";"2";"1";"1";"3";"33 Rue Basse d'Ingré";"47,90525000";"1,88967000"
"202300028938";"27";"06";"2023";"18:00";"1";"43";"43157";"2";"1";"1";"2";"40 Avenue des Belges";"45,04912200";"3,90009700"
"202300028939";"27";"06";"2023";"16:15";"1";"43";"43041";"2";"9";"1";"7";"Chemin du Stade";"45,04319000";"3,93303000"
"202300028940";"27";"06";"2023";"08:48";"1";"43";"43157";"2";"1";"1";"3";"Rue Burel";"45,04084000";"3,88707000"
"202300028941";"27";"06";"2023";"20:55";"1";"37";"37233";"2";"1";"1";"3";"RABATERIE ( RUE DE LA )";"47,39199000";"0,73467000"
"202300028942";"27";"06";"2023";"09:20";"1";"34";"34172";"2";"4";"1";"6";"261 Rue de Puech Villa";"43,64139000";"3,83493000"
"202300028943";"25";"06";"2023";"10:40";"1";"34";"34003";"1";"1";"1";"6";"RD51";"43,32035800";"3,47606000"
"202300028944";"27";"06";"2023";"20:15";"1";"25";"25056";"1";"1";"1";"6";"RN 1057 (ROUTE DE GRAY-CH.EPITAPHE)";"47,24028000";"5,98111000"
"202300028945";"27";"06";"2023";"20:29";"1";"25";"25056";"2";"3";"1";"3";"MONTS DE BREGILLE RUELLE DES";"47,24252500";"6,04474100"
"202300028946";"27";"06";"2023";"15:00";"1";"25";"25056";"2";"2";"1";"2";"CHOPARD RUE ALEXIS";"47,24896000";"6,03135000"
"202300028947";"27";"06";"2023";"11:20";"1";"25";"25056";"2";"1";"1";"6";"DENFERT ROCHEREAU AVENUE";"47,24400000";"6,02700000"
"202300028948";"27";"06";"2023";"08:20";"1";"25";"25056";"2";"1";"1";"3";"rue francis clerc";"47,25767400";"6,01756800"
"202300028949";"26";"06";"2023";"13:15";"1";"14";"14333";"2";"1";"1";"6";"Quai de la Quarantaine";"49,42046200";"0,23468100"
"202300028950";"27";"06";"2023";"08:35";"1";"13";"13117";"2";"2";"1";"3";"CD20 E";"43,42721000";"5,23544000"
"202300028951";"27";"06";"2023";"07:40";"1";"13";"13047";"1";"1";"1";"2";"RN 569";"43,55042000";"4,95739000"
"202300028952";"27";"06";"2023";"14:17";"1";"06";"06088";"2";"2";"1";"6";"RIQUIER (BD DE)";"43,70324500";"7,28953900"
"202300028953";"26";"06";"2023";"13:20";"1";"06";"06069";"2";"1";"1";"3";"SAINT MATHIEU (ROUTE ET PLACE)";"43,65729400";"6,93325600"
"202300028954";"27";"06";"2023";"08:30";"1";"06";"06029";"2";"9";"1";"3";"TONNER (AVENUE FRANCIS)";"43,55026000";"6,95767000"
"202300028955";"27";"06";"2023";"10:24";"1";"05";"05061";"2";"1";"1";"7";"VARSIE  ( RUE DE )";"44,57933000";"6,07414000"
"202300028956";"27";"06";"2023";"22:30";"5";"01";"01053";"2";"9";"1";"3";"Route de Marboz";"46,22257000";"5,22853000"
"202300028957";"27";"06";"2023";"08:35";"1";"75";"75120";"2";"1";"1";"5";"PORTE DES LILAS";"48,87653400";"2,40964500"
"202300028958";"26";"06";"2023";"08:20";"1";"75";"75116";"2";"4";"1";"2";"PORTE MAILLOT";"48,87765500";"2,28034400"
"202300028959";"26";"06";"2023";"10:20";"1";"75";"75120";"2";"1";"1";"5";"PORTE DE MONTREUIL";"48,85271300";"2,41446400"
"202300028960";"26";"06";"2023";"09:50";"1";"75";"75117";"2";"1";"1";"2";"PORTE DE CHAMPERRET";"48,88703500";"2,29029000"
"202300028961";"27";"06";"2023";"13:30";"1";"75";"75112";"2";"1";"1";"2";"BOULEVARD PERIPHERIQUE INTERIEUR SUD";"48,83142900";"2,40385100"
"202300028962";"26";"06";"2023";"18:10";"1";"75";"75115";"2";"9";"1";"6";"RUE FALGUIERE";"48,83988200";"2,31243000"
"202300028963";"27";"06";"2023";"10:30";"1";"75";"75105";"2";"2";"1";"3";"QUAI DE LA TOURNELLE";"48,85110400";"2,35129500"
"202300028964";"27";"06";"2023";"18:50";"1";"75";"75120";"2";"3";"1";"2";"RUE DE BAGNOLET";"48,85966500";"2,40308800"
"202300028965";"27";"06";"2023";"18:31";"1";"75";"75119";"2";"2";"1";"6";"PORTE DE LA VILLETTE";"48,89853000";"2,38653100"
"202300028966";"27";"06";"2023";"15:45";"1";"75";"75119";"2";"7";"1";"3";"PLACE AUGUSTE BARON";"48,90065700";"2,38700200"
"202300028967";"27";"06";"2023";"14:55";"1";"75";"75118";"2";"3";"1";"3";"BOULEVARD DE CLICHY";"48,88453100";"2,32696400"
"202300028968";"22";"06";"2023";"03:00";"5";"75";"75117";"2";"2";"1";"7";"RUE DE ROME";"48,88566900";"2,31682300"
"202300028969";"27";"06";"2023";"18:40";"1";"75";"75116";"2";"2";"1";"3";"PLACE DE COLOMBIE";"48,86263148";"2,26811349"
"202300028970";"27";"06";"2023";"09:45";"1";"75";"75116";"2";"1";"1";"2";"ROUTE DES TRIBUNES";"48,86215000";"2,23050500"
"202300028971";"27";"06";"2023";"17:15";"1";"75";"75115";"2";"3";"1";"3";"AVENUE DE SUFFREN";"48,85156300";"2,30026000"
"202300028972";"26";"06";"2023";"09:25";"1";"75";"75114";"2";"1";"1";"3";"AVENUE DU GENERAL LECLERC";"48,83178000";"2,33031800"
"202300028973";"26";"06";"2023";"08:55";"1";"75";"75115";"2";"2";"1";"3";"RUE DE JAVEL";"48,84376900";"2,28635400"
"202300028974";"27";"06";"2023";"17:55";"1";"75";"75113";"2";"1";"1";"6";"RUE DES CORDELIERES";"48,83422400";"2,34896000"
"202300028975";"16";"06";"2023";"18:40";"1";"75";"75113";"2";"4";"1";"3";"BOULEVARD MASSENA";"48,82263900";"2,37307200"
"202300028976";"27";"06";"2023";"16:55";"1";"75";"75112";"2";"1";"1";"2";"RUE DE CHARENTON";"48,83464000";"2,39351600"
"202300028977";"9";"06";"2023";"22:40";"5";"75";"75112";"2";"1";"1";"6";"RUE CHALIGNY";"48,84821900";"2,38400100"
"202300028978";"27";"06";"2023";"18:00";"1";"75";"75109";"2";"1";"1";"2";"RUE DU DELTA";"48,88241900";"2,34892700"
"202300028979";"27";"06";"2023";"10:34";"1";"75";"75108";"2";"1";"1";"3";"BOULEVARD MALESHERBES";"48,87274200";"2,32136800"
"202300028980";"27";"06";"2023";"09:56";"1";"75";"75115";"2";"2";"1";"2";"RUE LINOIS";"48,84767500";"2,28414200"
"202300028981";"27";"06";"2023";"08:30";"1";"75";"75103";"2";"3";"1";"3";"BOULEVARD BEAUMARCHAIS";"48,85760700";"2,36805900"
"202300028982";"27";"06";"2023";"18:45";"1";"94";"94044";"2";"1";"1";"6";"Rue Paul Valéry";"48,75308000";"2,47521000"
"202300028983";"27";"06";"2023";"11:30";"1";"94";"94058";"2";"1";"1";"3";"Boulevard d'Alsace-lorraine";"48,85202800";"2,50934900"
"202300028984";"26";"06";"2023";"09:10";"1";"94";"94042";"2";"2";"1";"1";"Avenue du Général Galliéni";"48,82011000";"2,47841000"
"202300028985";"27";"06";"2023";"20:10";"1";"94";"94081";"2";"2";"1";"3";"Avenue Lucien Français";"48,78504743";"2,38848594"
"202300028986";"27";"06";"2023";"19:05";"1";"94";"94081";"2";"1";"1";"3";"21 Avenue Anatole France";"48,80264000";"2,40354700"
"202300028987";"25";"06";"2023";"14:51";"1";"94";"94019";"2";"2";"1";"3";"Rue du Pont";"48,79023000";"2,52244000"
"202300028988";"27";"06";"2023";"11:30";"1";"94";"94075";"2";"3";"1";"2";"Av du Mal de Lattre de Tassigny";"48,73443000";"2,52009000"
"202300028989";"26";"06";"2023";"14:40";"1";"93";"93078";"2";"1";"1";"6";"Boulevard Robert Ballanger";"48,95637737";"2,54154498"
"202300028990";"27";"06";"2023";"11:45";"1";"93";"93059";"2";"3";"1";"3";"Chemin des Joncherolles / Rue du 8 Mai 1945";"48,95839508";"2,35401928"
"202300028991";"24";"06";"2023";"12:00";"1";"93";"93064";"2";"1";"1";"3";"Rue du 4e Zouave";"48,87279231";"2,47799054"
"202300028992";"27";"06";"2023";"18:45";"1";"93";"93001";"2";"1";"1";"3";"Rue du Clos Bénard";"48,91210000";"2,38549000"
"202300028993";"26";"06";"2023";"09:10";"1";"93";"93001";"2";"2";"1";"3";"Rue Lopez et Jules Martin / Rue Danielle Casanova";"48,91549654";"2,39995230"
"202300028994";"27";"06";"2023";"20:20";"1";"92";"92064";"2";"1";"1";"7";"REPUBLIQUE";"48,85158400";"2,21306700"
"202300028995";"26";"06";"2023";"17:00";"1";"92";"92051";"2";"1";"1";"3";"ROULE (AVENUE DU, N° 29 A 91 ET 30 A 86)";"48,88264000";"2,27685000"
"202300028996";"23";"06";"2023";"12:30";"1";"92";"92051";"2";"2";"1";"6";"ROULE (AVENUE DU, N° 29 A 91 ET 30 A 86)";"48,88189591";"2,28016287"
"202300028997";"27";"06";"2023";"18:45";"1";"92";"92040";"2";"2";"1";"3";"CAMILLE DESMOULINS";"48,83153541";"2,26721585"
"202300028998";"27";"06";"2023";"21:20";"2";"92";"92012";"2";"1";"1";"7";"SILLY (RUE DE) 89/FIN - 90/FIN";"48,83394756";"2,23318040"
"202300028999";"12";"06";"2023";"20:15";"1";"92";"92004";"2";"1";"1";"6";"ALBERT DE MUN";"48,92056500";"2,28136800"
"202300029000";"10";"06";"2023";"07:40";"1";"92";"92004";"2";"2";"1";"3";"ARGENTEUIL AV D'";"48,92122000";"2,27841000"
"202300029001";"26";"06";"2023";"18:15";"1";"92";"92004";"2";"4";"1";"6";"PARFUMERIE ( RUE DE LA )";"48,91344328";"2,29918152"
"202300029002";"15";"06";"2023";"07:50";"1";"92";"92004";"2";"1";"1";"3";"AULAGNIER ( QUAI )";"48,91475200";"2,31212900"
"202300029003";"28";"06";"2023";"14:55";"1";"76";"76421";"1";"1";"1";"5";"D6015";"49,55493700";"0,42679300"
"202300029004";"28";"06";"2023";"18:29";"1";"80";"80569";"1";"2";"1";"3";"Rue d'Harbonnières";"49,89005200";"2,65244200"
"202300029005";"27";"06";"2023";"13:20";"1";"11";"11069";"1";"1";"1";"2";"N/A";"43,19227500";"2,36411900"
"202300029006";"25";"06";"2023";"02:39";"3";"33";"33392";"1";"1";"1";"6";"D10";"44,60006700";" -0,29152400"
"202300029007";"28";"06";"2023";"17:12";"1";"31";"31573";"1";"1";"1";"6";"D112";"43,66478300";"1,72051900"
"202300029008";"28";"06";"2023";"11:40";"1";"42";"42284";"1";"2";"1";"3";"Rte de Saint Germain Lespinasse";"46,09298000";"3,97471700"
"202300029009";"28";"06";"2023";"00:50";"3";"51";"51476";"1";"1";"1";"7";"D977";"49,01558100";"4,41015200"
"202300029010";"28";"06";"2023";"11:14";"1";"44";"44111";"1";"1";"1";"1";"La Noé";"47,37026900";" -1,72533100"
"202300029011";"26";"06";"2023";"07:50";"1";"62";"62269";"1";"1";"1";"5";"D941";"50,43351800";"2,45012500"
"202300029012";"24";"06";"2023";"09:00";"1";"56";"56128";"1";"3";"7";"3";"Toulmelin";"47,99936700";" -3,09255500"
"202300029013";"27";"06";"2023";"19:15";"1";"79";"79005";"2";"1";"1";"1";"";"46,82452500";" -0,14077800"
"202300029014";"28";"06";"2023";"07:55";"1";"2A";"2A130";"1";"1";"1";"1";"Lorello";"41,87559300";"8,80066000"
"202300029015";"27";"06";"2023";"21:10";"1";"33";"33289";"2";"1";"1";"1";"2bis Avenue Jean-paul Glanet";"44,65057500";"0,08538800"
"202300029016";"26";"06";"2023";"18:30";"1";"63";"63430";"2";"2";"1";"3";"RD44 / route du Fau";"45,85599000";"3,52421900"
"202300029017";"28";"06";"2023";"16:00";"1";"49";"49330";"1";"2";"7";"3";"lieu dit le trou noir";"47,64864700";" -0,62371000"
"202300029018";"28";"06";"2023";"14:45";"1";"12";"12198";"2";"2";"1";"3";"Route de Rodez";"44,30557800";"2,24942900"
"202300029019";"28";"06";"2023";"13:45";"1";"42";"42019";"2";"5";"1";"5";"Rue de Roanne";"45,75004500";"4,00864200"
"202300029020";"27";"06";"2023";"18:40";"1";"47";"47111";"1";"1";"1";"1";"RD 666";"44,36690700";"0,46227300"
"202300029021";"28";"06";"2023";"04:40";"3";"68";"68377";"1";"1";"1";"6";"Rue de Walheim";"47,62454800";"7,27271700"
"202300029022";"26";"06";"2023";"06:45";"1";"25";"25321";"1";"3";"1";"3";"D398";"47,09051100";"6,69409400"
"202300029023";"28";"06";"2023";"15:50";"1";"02";"02201";"2";"1";"1";"6";"25 Rue des Gais Voisins";"49,34049600";"3,15641600"
"202300029024";"25";"06";"2023";"16:15";"1";"70";"70315";"1";"1";"1";"5";"D64";"47,90702400";"6,29332200"
"202300029025";"27";"06";"2023";"22:12";"3";"70";"70353";"1";"1";"1";"6";"RD15 - PK 53+600";"47,27861800";"5,66940700"
"202300029026";"26";"06";"2023";"11:50";"1";"06";"06120";"1";"1";"1";"6";"M2205";"44,23806600";"6,94199700"
"202300029027";"28";"06";"2023";"16:00";"1";"06";"06090";"1";"1";"1";"1";"Route de Tanneron";"43,58825600";"6,91001400"
"202300029028";"27";"06";"2023";"15:15";"1";"14";"14298";"1";"1";"1";"7";"Route du Wigwam";"49,35746000";" -1,10307500"
"202300029029";"28";"06";"2023";"11:45";"1";"05";"05163";"1";"1";"1";"1";"Les Demoiselles Coiffées (Attraction)";"44,49548000";"6,34280200"
"202300029030";"26";"06";"2023";"16:45";"1";"50";"50365";"1";"3";"1";"4";"D971";"48,94132900";" -1,48670000"
"202300029031";"27";"06";"2023";"19:20";"1";"60";"60045";"2";"2";"1";"1";"2 Rue du Général Taupin";"49,22301400";"2,66867500"
"202300029032";"28";"06";"2023";"07:40";"1";"18";"18129";"1";"1";"1";"2";"";"46,95988700";"2,37908900"
"202300029033";"27";"06";"2023";"08:20";"1";"18";"18111";"1";"1";"1";"6";"";"47,24433800";"2,66591200"
"202300029034";"27";"06";"2023";"16:40";"1";"10";"10226";"1";"1";"1";"3";"D43";"48,19021610";"4,35093901"
"202300029035";"28";"06";"2023";"10:15";"1";"40";"40217";"1";"3";"1";"1";"D652";"44,36750500";" -1,10946900"
"202300029036";"24";"06";"2023";"13:15";"1";"04";"04209";"2";"2";"1";"1";"Route de la Motte du Caire";"44,21785500";"5,93954300"
"202300029037";"27";"06";"2023";"16:32";"1";"04";"04173";"1";"1";"1";"6";"Route de Nice";"43,94780600";"6,51248900"
"202300029038";"27";"06";"2023";"16:18";"1";"04";"04174";"1";"1";"1";"1";"N202";"43,96369300";"6,74243000"
"202300029039";"28";"06";"2023";"12:16";"1";"85";"85234";"2";"1";"1";"3";"24 Rue neuve";"46,78690000";" -2,07358900"
"202300029040";"27";"06";"2023";"17:15";"1";"37";"37139";"1";"1";"1";"3";"route départementale 3";"47,43446443";"0,53337336"
"202300029041";"27";"06";"2023";"02:00";"5";"30";"30006";"2";"2";"1";"3";"Rue de la Garrigue";"43,69969000";"4,19898700"
"202300029042";"28";"06";"2023";"07:45";"1";"30";"30329";"1";"1";"1";"1";"RD907";"44,06341700";"3,93149100"
"202300029043";"27";"06";"2023";"18:15";"5";"987";"98734";"2";"1";"1";"3";"PK 36 RT1";" -17,71200000";" -149,50800000"
"202300029044";"15";"06";"2023";"12:25";"1";"38";"38553";"2";"3";"1";"1";"impasse paul bert";"45,61849900";"5,14806600"
"202300029045";"28";"06";"2023";"11:30";"1";"06";"06079";"1";"1";"1";"2";"Autoroute A8 - pk 155.800 nord";"43,53968300";"6,91894100"
"202300029046";"28";"06";"2023";"12:30";"1";"38";"38104";"1";"1";"1";"2";"Autoroute A43 de Lyon à Chambéry";"45,57050330";"5,59244545"
"202300029047";"27";"06";"2023";"00:40";"5";"973";"97304";"2";"1";"1";"6";"Avenue de France";"5,17209800";" -52,64978300"
"202300029048";"27";"06";"2023";"22:50";"3";"973";"97305";"1";"1";"2";"5";"Route Nationale 1";"4,92528200";" -52,39036600"
"202300029049";"28";"06";"2023";"01:42";"3";"77";"77088";"1";"1";"1";"6";"D152";"48,30909300";"2,53562600"
"202300029050";"28";"06";"2023";"13:15";"1";"77";"77127";"1";"1";"1";"1";"D 471 ";"48,67638300";"2,68459100"
"202300029051";"28";"06";"2023";"10:17";"1";"30";"30039";"2";"2";"1";"3";"D6086";"43,88212700";"4,49040900"
"202300029052";"24";"06";"2023";"19:10";"1";"34";"34213";"2";"1";"1";"6";"Rue Marcel Palat";"43,48667900";"3,67008700"
"202300029053";"28";"06";"2023";"10:50";"1";"34";"34296";"2";"1";"1";"6";"195 Chemin de l’Escouo Port";"43,75910400";"4,05258200"
"202300029054";"28";"06";"2023";"17:30";"1";"83";"83143";"1";"1";"1";"1";"D562";"43,45259800";"6,10688600"
"202300029055";"28";"06";"2023";"14:20";"1";"89";"89198";"1";"1";"1";"3";"AUTOROUTE A6";"47,85626200";"3,56687100"
"202300029056";"27";"06";"2023";"10:10";"1";"21";"21442";"2";"9";"1";"7";"D974";"47,19650300";"4,96968300"
"202300029057";"24";"06";"2023";"00:24";"3";"67";"67067";"1";"1";"1";"7";"D263";"48,74738900";"7,72165100"
"202300029058";"28";"06";"2023";"14:45";"1";"42";"42180";"1";"4";"1";"3";"Route des Baluzes";"45,58918400";"4,15577200"
"202300029059";"27";"06";"2023";"11:50";"1";"38";"38072";"1";"1";"1";"1";"Route de Marseille";"45,31024326";"4,80923341"
"202300029060";"27";"06";"2023";"16:45";"1";"69";"69004";"1";"1";"1";"6";"46 Rue Aymé Chalus";"45,90790700";"4,65084100"
"202300029061";"23";"06";"2023";"10:40";"1";"31";"31135";"2";"1";"1";"7";"Carrefour Market (Supermarché)";"43,21099400";"1,08389100"
"202300029062";"28";"06";"2023";"12:00";"1";"40";"40123";"1";"1";"1";"1";"départementale 947";"43,83183300";" -1,10137900"