"Num_Acc";"jour";"mois";"an";"hrmn";"lum";"dep";"com";"agg";"int";"atm";"col";"adr";"lat";"long"
"202300029063";"28";"06";"2023";"11:30";"1";"33";"33413";"1";"3";"1";"3";"Route de la Souloire";"44,84998693";" -0,32750845"
"202300029064";"26";"06";"2023";"12:10";"1";"33";"33056";"2";"3";"1";"3";"Rue Georges Guynemer";"44,92384500";" -0,62176800"
"202300029065";"28";"06";"2023";"16:30";"1";"50";"50139";"1";"1";"1";"6";"29 Route de Giéville";"49,03511800";" -1,02073100"
"202300029066";"27";"06";"2023";"15:24";"1";"59";"59581";"2";"1";"1";"7";"13 Rue de l'Epinette";"50,67685800";"2,79345100"
"202300029067";"27";"06";"2023";"16:20";"1";"13";"13071";"1";"1";"1";"6";"A5501DSens Lyon vers A55-Mlle Vieux Port";"43,40187000";"5,29842600"
"202300029068";"24";"05";"2023";"09:25";"1";"13";"13085";"2";"1";"1";"3";"A50-Sens Aubagne vers Toulon";"43,26060200";"5,59155800"
"202300029069";"21";"06";"2023";"18:25";"1";"13";"13213";"1";"1";"1";"4";"A507 sens Marseille - Aubagne";"43,32992000";"5,40637000"
"202300029070";"13";"06";"2023";"12:30";"1";"13";"13071";"1";"1";"1";"4";"A7-Sens Marseille vers Lyon";"43,41205000";"5,28258000"
"202300029071";"27";"06";"2023";"18:35";"5";"83";"83137";"1";"1";"1";"2";"A50 TUNNEL TUBE SUD";"43,12696802";"5,92140338"
"202300029072";"26";"06";"2023";"07:08";"1";"69";"69382";"2";"1";"1";"3";"Route de Métropole 7";"45,73721000";"4,82087000"
"202300029073";"27";"06";"2023";"09:00";"1";"69";"69276";"1";"1";"1";"5";"Boulevard Urbain Sud";"45,68688222";"4,86796407"
"202300029074";"27";"06";"2023";"17:46";"1";"33";"33162";"1";"1";"1";"3";"ROCADE A 630";"44,86237000";" -0,65703000"
"202300029075";"9";"10";"2023";"10:20";"1";"37";"37261";"2";"4";"1";"3";"SAINT BARTHELEMY (RUE ET ALLEE)";"47,41217000";"0,70001000"
"202300029076";"9";"10";"2023";"08:30";"2";"37";"37122";"1";"1";"1";"5";"RD 37";"47,34465818";"0,64632654"
"202300029077";"26";"09";"2023";"21:15";"5";"34";"34172";"2";"1";"1";"7";"MONTELS-EGLISE (RUE DE)";"43,58307000";"3,88710000"
"202300029078";"7";"10";"2023";"15:45";"1";"34";"34003";"2";"1";"1";"5";"HYPER U (PARKINGS)";"43,29872000";"3,47765000"
"202300029079";"10";"10";"2023";"17:15";"1";"33";"33069";"2";"2";"1";"3";"Boulevard Pierre 1er";"44,85705000";" -0,59111000"
"202300029080";"9";"10";"2023";"19:15";"1";"33";"33200";"2";"6";"1";"3";"Rue Georges Clémenceau";"44,87780000";" -0,67713000"
"202300029081";"9";"10";"2023";"18:00";"1";"33";"33063";"2";"3";"1";"3";"Rue Lucien Faure";"44,86199724";" -0,55604607"
"202300029082";"9";"10";"2023";"09:20";"1";"31";"31555";"1";"1";"1";"2";"20 LESPINET  (PERIPH OUEST A620)";"43,56705000";"1,48216000"
"202300029083";"9";"10";"2023";"12:10";"1";"31";"31483";"2";"6";"1";"3";"D921";"43,09515000";"0,73609000"
"202300029084";"5";"10";"2023";"16:59";"1";"30";"30189";"2";"1";"1";"3";"Boulevard du Président Salvador Allende";"43,82331000";"4,36769000"
"202300029085";"9";"09";"2023";"12:50";"1";"30";"30189";"2";"2";"1";"3";"Rue Notre Dame";"43,83720000";"4,36630000"
"202300029086";"9";"10";"2023";"19:50";"2";"30";"30007";"2";"6";"1";"3";"Avenue Monge";"44,14584000";"4,10096000"
"202300029087";"9";"10";"2023";"14:45";"1";"30";"30007";"2";"1";"1";"2";"Quai de Grabieux";"44,13875000";"4,08534000"
"202300029088";"9";"10";"2023";"15:20";"1";"29";"29232";"2";"2";"1";"6";"Pont Max Jacob";"47,99352000";" -4,10580000"
"202300029089";"9";"10";"2023";"07:36";"5";"29";"29019";"2";"3";"1";"3";"rue de Guilers";"48,38839489";" -4,51576978"
"202300029090";"9";"10";"2023";"13:33";"1";"27";"27681";"2";"1";"1";"3";"POTERIE (RUE DE LA)";"49,08129000";"1,48410000"
"202300029091";"9";"10";"2023";"12:40";"1";"22";"22113";"2";"3";"1";"3";"PRUD'HOMME (RUE SULLY)";"48,74203400";" -3,47424300"
"202300029092";"8";"10";"2023";"08:25";"1";"19";"19031";"2";"6";"1";"3";"RHIN ET DANUBE (ROND POINT)";"45,14464000";"1,47591000"
"202300029093";"9";"10";"2023";"15:30";"1";"15";"15014";"2";"1";"1";"6";"RD 120";"44,92230000";"2,42771000"
"202300029094";"9";"10";"2023";"10:40";"1";"15";"15014";"2";"1";"1";"3";"RD 120";"44,91930000";"2,42842000"
"202300029095";"7";"10";"2023";"23:38";"5";"15";"15014";"2";"1";"1";"6";"CHAZERAT (RUE)";"44,92992000";"2,44705000"
"202300029096";"8";"10";"2023";"20:40";"5";"14";"14069";"2";"1";"1";"7";"108 Route d’Orbec";"49,13085000";"0,25827000"
"202300029097";"9";"10";"2023";"15:30";"1";"14";"14118";"2";"1";"1";"2";"2 Boulevard André Detolle";"49,18307200";" -0,38723400"
"202300029098";"9";"10";"2023";"09:20";"1";"13";"13213";"2";"9";"1";"6";"MARCEL DELPRAT (AVENUE)";"43,33430000";"5,45454000"
"202300029099";"5";"10";"2023";"18:00";"1";"13";"13005";"2";"1";"1";"1";"BLANCARD (PROMENADE PIERRE)";"43,29700000";"5,56860000"
"202300029100";"8";"10";"2023";"09:40";"1";"12";"12202";"2";"1";"1";"6";"JEAN MONNET (AVENUE)";"44,35852000";"2,55699000"
"202300029101";"10";"10";"2023";"07:34";"2";"10";"10325";"2";"2";"1";"1";"Rue de la Liberté";"48,26305000";"4,05908000"
"202300029102";"9";"10";"2023";"08:32";"1";"10";"10081";"2";"1";"1";"4";"PENETRANTE NORD";"48,31608000";"4,06240000"
"202300029103";"6";"10";"2023";"17:28";"1";"10";"10387";"2";"3";"1";"3";"FAUBOURG CRONCELS (RUE DU)";"48,28328000";"4,07888000"
"202300029104";"9";"10";"2023";"18:00";"1";"07";"07281";"2";"1";"1";"3";"NARVIK (RUE DE)";"44,94862000";"4,84538000"
"202300029105";"23";"08";"2023";"10:27";"1";"06";"06083";"2";"2";"1";"6";"EDOUARD VII (AVENUE)";"43,77310000";"7,49565000"
"202300029106";"9";"10";"2023";"15:35";"1";"06";"06029";"2";"9";"1";"3";"GRASSE (AVENUE DE)";"43,55506000";"7,00839000"
"202300029107";"9";"10";"2023";"10:45";"1";"06";"06030";"2";"1";"1";"6";"SADI CARNOT (BOULEVARD)";"43,57553000";"7,01691000"
"202300029108";"9";"10";"2023";"13:20";"1";"04";"04070";"2";"1";"1";"7";"JUIN (AV. MAR.)";"44,08159000";"6,22268000"
"202300029109";"7";"10";"2023";"20:28";"5";"03";"03190";"2";"3";"1";"3";"TANNERIES (RUE DES)";"46,56608000";"3,33721000"
"202300029110";"6";"10";"2023";"20:20";"3";"02";"02212";"1";"1";"1";"1";"N/A";"49,63188000";"3,27725000"
"202300029111";"10";"10";"2023";"19:15";"5";"75";"75116";"2";"1";"1";"4";"PORTE DAUPHINE";"48,87290600";"2,27444700"
"202300029112";"9";"10";"2023";"21:10";"5";"75";"75113";"2";"4";"1";"2";"PORTE D ITALIE";"48,81611400";"2,36252300"
"202300029113";"10";"10";"2023";"17:40";"1";"75";"75120";"2";"4";"1";"6";"RUE DES RONDONNEAUX";"48,86347600";"2,39958000"
"202300029114";"10";"10";"2023";"10:30";"1";"75";"75119";"2";"2";"1";"6";"RUE DU MAROC";"48,88646800";"2,36935500"
"202300029115";"10";"10";"2023";"08:45";"1";"75";"75116";"2";"7";"1";"3";"PLACE DE L ALMA";"48,86453000";"2,30130100"
"202300029116";"10";"10";"2023";"17:20";"1";"75";"75114";"2";"4";"1";"7";"BOULEVARD RASPAIL";"48,83922300";"2,33061600"
"202300029117";"10";"10";"2023";"11:15";"1";"75";"75114";"2";"2";"1";"7";"BOULEVARD JOURDAN";"48,82323743";"2,32553959"
"202300029118";"10";"10";"2023";"16:10";"1";"75";"75113";"2";"9";"1";"3";"RUE BAUDRICOURT";"48,82574300";"2,36302100"
"202300029119";"10";"10";"2023";"11:25";"1";"75";"75112";"2";"1";"1";"3";"RUE DE BERCY";"48,84389000";"2,37316300"
"202300029120";"10";"10";"2023";"08:10";"1";"75";"75112";"2";"1";"1";"3";"AVENUE DAUMESNIL";"48,83621800";"2,40475900"
"202300029121";"10";"10";"2023";"21:05";"5";"75";"75111";"2";"1";"1";"3";"RUE OBERKAMPF";"48,86600500";"2,37885100"
"202300029122";"10";"10";"2023";"19:10";"2";"75";"75109";"2";"2";"1";"3";"BOULEVARD DE ROCHECHOUART";"48,88327000";"2,34692000"
"202300029123";"10";"10";"2023";"16:05";"1";"75";"75108";"2";"1";"1";"6";"BOULEVARD MALESHERBES";"48,88015100";"2,30778000"
"202300029124";"10";"10";"2023";"09:50";"1";"75";"75108";"2";"7";"1";"1";"Place de l'Alma";"48,86421248";"2,30180740"
"202300029125";"9";"10";"2023";"17:45";"1";"75";"75107";"2";"3";"1";"2";"AVENUE DE BRETEUIL";"48,84883200";"2,31142000"
"202300029126";"10";"10";"2023";"14:20";"1";"75";"75104";"2";"2";"1";"5";"BOULEVARD HENRI IV";"48,85206900";"2,36544200"
"202300029127";"10";"10";"2023";"14:30";"1";"75";"75101";"2";"2";"1";"6";"RUE DE RIVOLI";"48,85963200";"2,34481000"
"202300029128";"10";"10";"2023";"13:35";"1";"75";"75101";"2";"3";"1";"3";"RUE DE LA GRANDE TRUANDERIE";"48,86246900";"2,35043700"
"202300029129";"10";"10";"2023";"09:30";"1";"75";"75103";"2";"2";"1";"6";"RUE DE TURBIGO";"48,86684400";"2,36190900"
"202300029130";"9";"10";"2023";"23:00";"5";"94";"94081";"2";"1";"1";"3";"Avenue Paul Vaillant Couturier";"48,79651400";"2,39853600"
"202300029131";"10";"10";"2023";"16:35";"1";"94";"94078";"2";"9";"1";"3";"Avenue Winston Churchill";"48,75403400";"2,44869938"
"202300029132";"10";"10";"2023";"18:20";"1";"94";"94028";"1";"1";"1";"2";"Avenue du Maréchal Foch";"48,77765900";"2,43859700"
"202300029133";"10";"10";"2023";"11:30";"1";"94";"94068";"2";"1";"1";"6";"40bis Rue du Four";"48,81242400";"2,47294800"
"202300029134";"10";"10";"2023";"08:06";"1";"94";"94054";"2";"2";"1";"3";"Av des Martyrs de Chateaubriant";"48,74946000";"2,40649000"
"202300029135";"10";"10";"2023";"20:50";"5";"94";"94018";"2";"6";"1";"6";"Quai des Carrieres";"48,81840000";"2,41098000"
"202300029136";"10";"10";"2023";"19:35";"5";"94";"94071";"2";"3";"1";"6";"rue Delacroix";"48,77498000";"2,52548000"
"202300029137";"10";"10";"2023";"17:40";"1";"93";"93078";"2";"1";"1";"6";"Avenue du Sausset";"48,96271000";"2,51660000"
"202300029138";"10";"10";"2023";"14:00";"1";"93";"93073";"2";"1";"1";"4";"Avenue du Valquiou";"48,98068471";"2,53191924"
"202300029139";"10";"10";"2023";"00:05";"5";"93";"93007";"2";"3";"1";"6";"Rue Jean-Pierre Timbaud / Allée des Dahlias";"48,94373200";"2,45145300"
"202300029140";"9";"10";"2023";"21:20";"5";"93";"93071";"2";"3";"1";"3";"Rue du Pont Blanc / Rue Gabriel Péri";"48,94228000";"2,53269000"
"202300029141";"10";"10";"2023";"13:40";"1";"93";"93051";"2";"2";"1";"3";"Boulevard du Ru de Nesles / Rue des Aerostiers";"48,83189400";"2,58404500"
"202300029142";"10";"10";"2023";"21:30";"3";"93";"93008";"2";"6";"1";"3";"Avenue Paul Vaillant - Couturier / Avenue Pierre Sémard";"48,90953400";"2,44569300"
"202300029143";"10";"10";"2023";"18:22";"1";"92";"92078";"1";"1";"1";"1";"CHARLES DE GAULLE (BD) (71 AU 153)";"48,93888000";"2,32686000"
"202300029144";"9";"10";"2023";"20:30";"5";"92";"92072";"2";"9";"1";"7";"GRANDE RUE";"48,82382901";"2,20884025"
"202300029145";"10";"10";"2023";"16:15";"1";"92";"92064";"2";"1";"1";"6";"DOCTEUR DESFOSSEZ";"48,84382012";"2,21857872"
"202300029146";"4";"10";"2023";"09:18";"1";"92";"92063";"2";"1";"7";"6";"DIX-HUIT JUIN 1940 (AVENUE DU) EST";"48,86782629";"2,19519585"
"202300029147";"10";"10";"2023";"13:30";"1";"92";"92051";"2";"1";"1";"3";"BOURDON (BOULEVARD)";"48,89398568";"2,26802149"
"202300029148";"10";"10";"2023";"17:58";"1";"92";"92049";"2";"1";"1";"6";"PERIER RUE N°35 A 88 ET 26B A 90";"48,81422025";"2,31574394"
"202300029149";"9";"10";"2023";"13:08";"1";"92";"92036";"2";"3";"1";"5";"GENERAL DE GAULLE (AVENUE) (PAIRS)";"48,93377574";"2,31337667"
"202300029150";"10";"10";"2023";"08:00";"1";"92";"92024";"2";"1";"1";"2";"HENRI BARBUSSE (RUE) DE (73 A 139)";"48,89999000";"2,30614000"
"202300029151";"10";"10";"2023";"17:12";"1";"92";"92019";"2";"3";"1";"3";"DIVISION LECLERC (AVENUE DE LA)";"48,76552798";"2,26040125"
"202300029152";"10";"10";"2023";"16:33";"1";"92";"92007";"2";"1";"1";"2";"MONTROUGE (AVENUE DE)";"48,78525992";"2,31013656"
"202300029153";"10";"10";"2023";"11:48";"1";"17";"17094";"2";"6";"1";"3";"boulevard aristide briand";"46,07687800";" -1,08807600"
"202300029154";"6";"10";"2023";"22:55";"3";"36";"36097";"2";"1";"1";"3";"Route de Vatan";"47,02692317";"1,75692953"
"202300029155";"10";"10";"2023";"13:30";"1";"76";"76392";"2";"2";"7";"6";"Rue du Maréchal Leclerc";"49,83379900";"1,40133600"
"202300029156";"9";"10";"2023";"23:00";"3";"21";"21614";"1";"1";"1";"6";"a31";"47,43243475";"5,16783661"
"202300029157";"10";"10";"2023";"08:50";"1";"84";"84149";"2";"1";"1";"3";"D977";"44,16878700";"4,96058900"
"202300029158";"8";"10";"2023";"18:30";"1";"01";"01398";"1";"1";"1";"6";"Le Grand Étang";"46,00580800";"4,86701800"
"202300029159";"3";"10";"2023";"13:00";"1";"71";"71336";"2";"1";"1";"1";"19 Route de Louhans";"46,71777500";"4,95181500"
"202300029160";"10";"10";"2023";"23:30";"5";"30";"30312";"2";"1";"1";"7";"Chemin de la Gare";"44,02456400";"4,79700200"
"202300029161";"11";"10";"2023";"10:20";"1";"62";"62230";"1";"1";"1";"6";"D127";"50,75720465";"1,79297036"
"202300029162";"11";"10";"2023";"13:47";"1";"19";"19094";"1";"4";"1";"1";"Route de Pompadour";"45,32507100";"1,31904600"
"202300029163";"10";"10";"2023";"18:00";"1";"2B";"2B346";"2";"1";"1";"1";"Arena";"42,50225600";"9,46440000"
"202300029164";"11";"10";"2023";"14:55";"1";"19";"19274";"1";"1";"1";"6";"A-89";"45,18799366";"1,49089204"
"202300029165";"10";"08";"2023";"18:16";"1";"82";"82010";"1";"2";"1";"3";"Route du château d'eau";"44,03463592";"0,90830255"
"202300029166";"11";"10";"2023";"17:00";"1";"89";"89267";"2";"1";"1";"6";"Place du Prieuré";"47,54182400";"4,03594700"
"202300029167";"6";"10";"2023";"16:15";"1";"63";"63122";"1";"1";"1";"7";"D 26";"45,50263553";"3,03529342"
"202300029168";"9";"10";"2023";"16:20";"1";"22";"22079";"1";"1";"1";"6";"Le Péray";"48,39610000";" -2,72338600"
"202300029169";"11";"10";"2023";"11:50";"1";"35";"35187";"1";"4";"1";"1";"La Ville Neveu";"48,07845700";" -1,96050200"
"202300029170";"11";"10";"2023";"12:15";"1";"02";"02284";"1";"1";"1";"6";"rd 460 erloy";"49,93025000";"3,84458200"
"202300029171";"11";"10";"2023";"11:30";"2";"15";"15261";"1";"1";"1";"3";"RD 922";"45,19958200";"2,37968500"
"202300029172";"11";"10";"2023";"03:30";"3";"54";"54295";"1";"1";"1";"7";"D643";"49,30792920";"5,81445515"
"202300029173";"8";"10";"2023";"16:30";"1";"06";"06073";"1";"1";"7";"7";"M97";"44,19405100";"7,13577000"
"202300029174";"10";"10";"2023";"14:50";"1";"14";"14410";"1";"1";"1";"7";"Avenue de Paris";"49,12043467";" -0,07695497"
"202300029175";"10";"09";"2023";"11:40";"1";"14";"14739";"1";"1";"1";"6";"Route de Sainte-Croix";"49,32790500";" -0,52412500"
"202300029176";"10";"10";"2023";"07:15";"2";"64";"64448";"1";"1";"1";"1";"route de bayonne";"43,34544800";" -0,47585100"
"202300029177";"10";"10";"2023";"17:45";"1";"07";"07011";"1";"1";"1";"7";"Le Pont de l?Huile";"44,73071400";"4,35153000"
"202300029178";"8";"10";"2023";"16:50";"1";"24";"24141";"1";"1";"1";"6";"D106, Route des pigeonniers";"45,33947700";"0,39931700"
"202300029179";"10";"10";"2023";"16:24";"1";"04";"04088";"2";"9";"1";"6";"Avenue Saint Promasse";"43,95961100";"5,78183900"
"202300029180";"10";"10";"2023";"16:45";"1";"85";"85213";"1";"3";"1";"7";"la merlerie";"46,59500800";" -1,38530700"
"202300029181";"10";"10";"2023";"16:53";"1";"17";"17483";"1";"2";"7";"1";"D137";"46,01593300";" -1,04961500"
"202300029182";"10";"10";"2023";"17:10";"1";"37";"37130";"1";"2";"1";"3";"Bel Air";"47,03614600";"0,84974500"
"202300029183";"11";"10";"2023";"09:00";"1";"31";"31120";"1";"1";"1";"1";"D24 PR09+100";"43,67285800";"1,12026800"
"202300029184";"10";"10";"2023";"08:40";"1";"69";"69244";"2";"2";"1";"3";"34 Avenue Victor Hugo";"45,76600700";"4,78380600"
"202300029185";"10";"10";"2023";"05:45";"1";"987";"98715";"2";"1";"1";"2";"RT1 Face au magasin U EXPRESS FAA'A";" -17,58402000";" -149,56000000"
"202300029186";"11";"10";"2023";"08:50";"1";"77";"77020";"1";"1";"1";"6";"N4";"48,69256100";"3,19854500"
"202300029187";"10";"10";"2023";"11:00";"1";"971";"97117";"1";"1";"1";"3";"section PAVE D 101";"16,30946700";" -61,38654300"
"202300029188";"10";"10";"2023";"16:40";"1";"45";"45242";"1";"1";"1";"7";"D617 PR 1 + 505";"47,86813500";"2,71954500"
"202300029189";"10";"10";"2023";"03:30";"4";"77";"77521";"2";"1";"1";"1";"12 Rue de Paris";"48,85969800";"2,88085900"
"202300029190";"11";"10";"2023";"07:10";"2";"83";"83035";"2";"1";"8";"7";"avenue des cigalles";"43,18099300";"5,77652600"
"202300029191";"11";"10";"2023";"15:50";"1";"83";"83065";"2";"1";"1";"1";"3037 Route du Littoral";"43,26356200";"6,61078200"
"202300029192";"11";"10";"2023";"08:03";"1";"13";"13101";"2";"1";"1";"6";"Avenue Alonso Flores";"43,40581800";"5,52885800"
"202300029193";"10";"10";"2023";"11:00";"1";"73";"73050";"1";"1";"1";"6";"D1504";"45,68229600";"5,85091600"
"202300029194";"10";"10";"2023";"17:35";"1";"73";"73249";"1";"1";"1";"6";"D1006 - n°1417";"45,52692300";"5,99270900"
"202300029195";"11";"10";"2023";"10:00";"1";"42";"42296";"1";"2";"1";"3";"Route der Lyon";"45,73215700";"4,28836900"
"202300029196";"8";"10";"2023";"18:30";"2";"38";"38276";"2";"1";"1";"3";"2294 Route Nationale 1085";"45,56017300";"5,30523200"
"202300029197";"10";"10";"2023";"07:30";"1";"26";"26380";"1";"1";"1";"3";"Route Rn 7";"45,11216476";"4,82534771"
"202300029198";"10";"10";"2023";"17:10";"1";"26";"26313";"2";"1";"7";"6";"95 Avenue de Provence";"44,97070000";"4,95479100"
"202300029199";"10";"10";"2023";"10:43";"1";"17";"17400";"2";"2";"1";"3";"1 Route de Beillant";"45,69635600";" -0,52845400"
"202300029200";"10";"10";"2023";"23:10";"5";"86";"86062";"2";"1";"1";"1";"Route de Paris";"46,63777900";"0,35795000"
"202300029201";"10";"10";"2023";"20:00";"3";"49";"49332";"1";"1";"1";"3";"D63";"47,09361300";" -0,92209000"
"202300029202";"4";"10";"2023";"17:00";"1";"44";"44026";"1";"1";"1";"3";"N/A";"47,28865000";" -1,47818100"
"202300029203";"8";"10";"2023";"18:30";"1";"22";"22118";"1";"4";"7";"3";"D795";"48,45837500";" -2,02199700"
"202300029204";"10";"10";"2023";"21:15";"3";"60";"60671";"1";"1";"1";"6";"D136";"49,16007139";"2,81801409"
"202300029205";"10";"10";"2023";"19:39";"3";"59";"59558";"1";"1";"1";"6";"D114";"50,24151000";"3,45948100"
"202300029206";"10";"10";"2023";"16:40";"1";"13";"13214";"1";"1";"1";"3";"A7-Sens Lyon vers Marseille";"43,33375937";"5,37746625"
"202300029207";"9";"10";"2023";"17:11";"1";"13";"13212";"1";"1";"1";"2";"A507 sens Marseille - Aubagne";"43,30355324";"5,42537431"
"202300029208";"9";"10";"2023";"13:50";"1";"01";"01249";"1";"1";"1";"3";"A42   6.290 A 8.310";"45,81587000";"4,96709000"
"202300029209";"7";"10";"2023";"01:30";"3";"57";"57039";"1";"1";"1";"6";"Autoroute A31";"49,07503000";"6,11115000"
"202300029210";"10";"10";"2023";"19:45";"5";"94";"94065";"1";"1";"1";"5";"N186";"48,75485637";"2,34650229"
"202300029211";"10";"10";"2023";"18:00";"1";"91";"91136";"1";"1";"1";"2";"CD 591";"48,71477000";"2,26684000"
"202300029212";"10";"10";"2023";"15:20";"1";"94";"94038";"1";"1";"1";"2";"A6A";"48,77730361";"2,34638358"
"202300029213";"10";"10";"2023";"12:40";"1";"91";"91689";"1";"1";"1";"2";"AUTOROUTE A6";"48,72736000";"2,31373000"
"202300029214";"10";"10";"2023";"10:10";"1";"91";"91659";"1";"1";"1";"2";"AUTOROUTE A6";"48,58101000";"2,45971000"
"202300029215";"10";"10";"2023";"09:05";"1";"92";"92002";"1";"1";"1";"3";"AUTOROUTE A86";"48,76321419";"2,31082028"
"202300029216";"10";"10";"2023";"07:45";"2";"94";"94038";"1";"1";"1";"4";"A6A";"48,78358086";"2,34675599"
"202300029217";"10";"10";"2023";"09:30";"1";"91";"91434";"1";"1";"1";"3";"AUTOROUTE A6";"48,66812000";"2,35461000"
"202300029218";"10";"10";"2023";"09:30";"1";"91";"91377";"2";"1";"1";"7";"RN20";"48,71905000";"2,29925000"
"202300029219";"9";"10";"2023";"20:45";"3";"91";"91434";"1";"1";"1";"2";"AUTOROUTE A6";"48,66838000";"2,35398000"
"202300029220";"10";"10";"2023";"18:45";"2";"92";"92036";"1";"1";"1";"2";"A86";"48,93513721";"2,26665421"
"202300029221";"10";"10";"2023";"17:58";"1";"78";"78402";"1";"1";"1";"2";"A13";"48,96443600";"1,79733600"
"202300029222";"9";"10";"2023";"13:00";"1";"78";"78672";"1";"1";"1";"2";"A13";"48,93015800";"1,98351900"
"202300029223";"9";"10";"2023";"07:50";"1";"92";"92047";"1";"1";"1";"3";"A13";"48,83469779";"2,17151041"
"202300029224";"9";"10";"2023";"07:47";"1";"92";"92060";"1";"1";"1";"3";"RN385";"48,77531057";"2,23927949"
"202300029225";"9";"10";"2023";"03:04";"3";"92";"92025";"1";"9";"1";"5";"A86";"48,92210032";"2,22649712"
"202300029226";"10";"10";"2023";"18:30";"1";"95";"95555";"1";"1";"1";"5";"D170";"48,97143000";"2,27607000"
"202300029227";"21";"09";"2023";"15:00";"1";"95";"95018";"1";"1";"2";"6";"DESERTS (RUE DES)";"48,95150621";"2,28003055"
"202300029228";"10";"10";"2023";"08:50";"1";"95";"95582";"1";"1";"1";"2";"D170";"48,96395000";"2,26747000"
"202300029229";"10";"10";"2023";"06:50";"3";"93";"93064";"1";"1";"1";"3";"AUTOROUTE A86";"48,86737315";"2,48181211"
"202300029230";"10";"10";"2023";"17:14";"1";"77";"77373";"1";"1";"1";"6";"RN104";"48,77395173";"2,61204393"
"202300029231";"3";"07";"2023";"22:36";"5";"19";"19031";"2";"1";"1";"6";"33 avenue Ribot";"45,16481158";"1,51811809"
"202300029232";"7";"05";"2023";"08:25";"1";"28";"28023";"1";"1";"2";"6";"D32";"48,51745400";"1,68036600"
"202300029233";"30";"05";"2023";"18:40";"1";"13";"13215";"1";"1";"8";"2";"A7-Sens Lyon vers Marseille";"43,37990000";"5,35355000"
"202300029234";"8";"10";"2023";"03:15";"3";"75";"75116";"2";"1";"1";"6";"PORT DEBILLY";"48,86139400";"2,29276700"
"202300029235";"9";"10";"2023";"17:45";"1";"75";"75115";"2";"3";"1";"7";"RUE DE LOURMEL";"48,83971000";"2,28314700"
"202300029236";"9";"10";"2023";"07:10";"2";"75";"75114";"2";"2";"1";"6";"BOULEVARD JOURDAN";"48,82278600";"2,32660600"
"202300029237";"9";"10";"2023";"19:10";"2";"75";"75111";"2";"3";"1";"6";"RUE DE LA ROQUETTE";"48,85328800";"2,37025100"
"202300029238";"9";"10";"2023";"18:00";"1";"75";"75110";"2";"2";"1";"2";"RUE LA FAYETTE";"48,88161600";"2,36579700"
"202300029239";"9";"10";"2023";"00:40";"5";"75";"75110";"2";"1";"1";"3";"QUAI DE JEMMAPES";"48,86961100";"2,36700000"
"202300029240";"8";"10";"2023";"22:15";"5";"75";"75109";"2";"5";"1";"3";"RUE DE LIEGE";"48,87963400";"2,32704200"
"202300029241";"9";"10";"2023";"01:09";"3";"75";"75107";"2";"1";"1";"3";"AVENUE DE LOWENDAL";"48,85208100";"2,30763000"
"202300029242";"8";"10";"2023";"18:55";"2";"94";"94081";"2";"1";"1";"7";"Avenue Rabelais";"48,78078900";"2,39067400"
"202300029243";"9";"10";"2023";"17:05";"1";"94";"94015";"2";"1";"1";"7";"Boulevard Pasteur";"48,83242700";"2,52502900"
"202300029244";"9";"10";"2023";"18:00";"1";"94";"94076";"2";"9";"1";"6";"58 Avenue de Stalingrad";"48,78567000";"2,36682300"
"202300029245";"9";"10";"2023";"21:40";"5";"94";"94041";"2";"9";"1";"3";"Avenue Georges Gosnat";"48,81122000";"2,38402000"
"202300029246";"9";"10";"2023";"19:20";"5";"94";"94034";"2";"1";"1";"2";"Avenue de Stalingrad";"48,76333000";"2,33381000"
"202300029247";"9";"10";"2023";"18:00";"1";"94";"94073";"1";"1";"1";"3";"Avenue du Luxembourg";"48,75552000";"2,37348000"
"202300029248";"9";"10";"2023";"19:00";"2";"94";"94033";"2";"1";"1";"6";"Place Moreau-david";"48,84380000";"2,46500000"
"202300029249";"9";"10";"2023";"05:52";"1";"94";"94073";"2";"8";"1";"6";"Av du Pdt Franklin Roosevelt";"48,76690945";"2,40374560"
"202300029250";"9";"10";"2023";"12:10";"1";"93";"93070";"2";"5";"1";"3";"Boulevard Jean Jaurès / Rue du Docteur Bauer";"48,91295000";"2,33522000"
"202300029251";"9";"10";"2023";"09:20";"1";"93";"93048";"2";"2";"1";"3";"Boulevard Aristide Briand / Boulevard de la Boissière";"48,87811549";"2,45750144"
"202300029252";"9";"10";"2023";"19:45";"5";"93";"93079";"2";"1";"1";"6";"Avenue de la Division Leclerc";"48,95199373";"2,34306222"
"202300029253";"9";"10";"2023";"10:45";"1";"93";"93031";"2";"5";"1";"3";"Avenue de Lattre de Tassigny / Avenue Salvador Allende";"48,95726000";"2,30994000"
"202300029254";"9";"10";"2023";"09:30";"1";"93";"93031";"2";"9";"1";"3";"Avenue de Lattre de Tassigny";"48,95896000";"2,30680200"
"202300029255";"9";"10";"2023";"07:30";"2";"93";"93031";"2";"3";"1";"3";"Rue d'Ormesson / Rue des Econdeaux";"48,96210400";"2,31095900"
"202300029256";"8";"10";"2023";"23:20";"5";"93";"93001";"2";"3";"1";"3";"Avenue de la République / Rue Guyard Delalain";"48,91072200";"2,38516100"
"202300029257";"9";"10";"2023";"21:55";"5";"92";"92073";"2";"1";"1";"2";"SELLIER (BOULEVARD HENRI)";"48,86774519";"2,22179747"
"202300029258";"8";"10";"2023";"12:45";"1";"92";"92064";"2";"1";"1";"7";"DOCTEUR NICOLI";"48,85564518";"2,22110831"