"Num_Acc";"jour";"mois";"an";"hrmn";"lum";"dep";"com";"agg";"int";"atm";"col";"adr";"lat";"long"
"202300029656";"29";"07";"2023";"16:00";"1";"976";"97608";"2";"1";"1";"3";"Route des Badamiers";" -12,78026800";"45,28046800"
"202300029657";"21";"01";"2023";"11:30";"1";"75";"75120";"2";"3";"1";"6";"BOULEVARD DE CHARONNE";"48,84882900";"2,39950200"
"202300029658";"6";"04";"2023";"10:15";"1";"91";"91494";"1";"1";"1";"7";"CD 19";"48,61378900";"2,34875700"
"202300029659";"31";"07";"2023";"14:50";"1";"971";"97111";"1";"1";"1";"3";"Rn2 la perle";"16,34015000";" -61,77737300"
"202300029660";"21";"01";"2023";"15:40";"1";"75";"75110";"2";"7";"8";"6";"RUE DU FAUBOURG SAINT MARTIN";"48,88382000";"2,36855100"
"202300029661";"17";"04";"2023";"10:20";"1";"78";"78320";"2";"1";"1";"6";"D915";"49,07314900";"1,51390300"
"202300029662";"14";"07";"2023";"13:50";"1";"18";"18285";"1";"2";"1";"3";"N/A";"47,02563400";"2,21023100"
"202300029663";"21";"01";"2023";"01:30";"5";"75";"75108";"2";"3";"1";"3";"AVENUE DES CHAMPS ELYSEES";"48,87101600";"2,30348300"
"202300029664";"16";"04";"2023";"22:20";"3";"34";"34289";"1";"1";"1";"6";"D18 PR 19+525";"43,38930300";"3,39656600"
"202300029665";"4";"06";"2023";"22:30";"3";"78";"78262";"1";"9";"1";"3";"route de boissy sans avoir";"48,80695900";"1,79929000"
"202300029666";"20";"01";"2023";"18:35";"5";"75";"75104";"2";"2";"1";"7";"PONT DE SULLY";"48,85082534";"2,36144096"
"202300029667";"16";"04";"2023";"12:35";"1";"83";"83107";"1";"1";"1";"2";"Corniche des Issambres";"43,35175500";"6,71329600"
"202300029668";"30";"07";"2023";"11:45";"1";"78";"78443";"1";"2";"1";"1";"D912";"48,80458000";"1,86767700"
"202300029669";"17";"04";"2023";"18:42";"1";"83";"83023";"2";"1";"1";"7";"Avenue des Berges";"43,40853900";"6,05992600"
"202300029670";"20";"01";"2023";"06:50";"5";"75";"75101";"2";"2";"1";"6";"RUE ETIENNE MARCEL";"48,86441500";"2,34665600"
"202300029671";"1";"08";"2023";"17:10";"1";"2B";"2B095";"1";"1";"1";"7";"RD 84, PK 64.050";"42,35241900";"9,05282000"
"202300029672";"21";"01";"2023";"14:25";"1";"94";"94081";"2";"2";"7";"6";"Rue du Gal Malleret Joinville / Rue du Bel Air";"48,78103200";"2,40313300"
"202300029673";"31";"07";"2023";"09:39";"1";"66";"66230";"1";"3";"1";"3";"N/A";"42,64924000";"2,52942500"
"202300029674";"17";"04";"2023";"12:25";"1";"13";"13022";"1";"3";"1";"1";"RD559";"43,21887500";"5,58077000"
"202300029675";"31";"07";"2023";"22:20";"5";"83";"83119";"2";"1";"1";"6";"avenue Paul Signac";"43,27025300";"6,64461000"
"202300029676";"21";"01";"2023";"18:30";"5";"94";"94041";"2";"3";"1";"6";"Avenue Georges Gosnat";"48,81128890";"2,38395542"
"202300029677";"16";"04";"2023";"05:40";"3";"88";"88321";"1";"1";"1";"6";"Rue du 12 Septembre 44";"48,34975400";"5,67693300"
"202300029678";"31";"07";"2023";"17:40";"1";"13";"13048";"2";"1";"1";"1";"Route de Rians";"43,63557000";"5,64300300"
"202300029679";"16";"04";"2023";"16:00";"1";"44";"44066";"1";"1";"1";"1";"8 Rue olivier de serres";"47,37303800";" -1,64998800"
"202300029680";"21";"01";"2023";"19:35";"5";"94";"94028";"2";"6";"1";"3";"Rue Charles Gounod / Avenue Francois Mauriac";"48,78485000";"2,45105000"
"202300029681";"1";"08";"2023";"02:00";"3";"57";"57582";"1";"1";"3";"1";"D60 Pk 0+300";"49,29810500";"6,16844200"
"202300029682";"21";"01";"2023";"17:00";"1";"94";"94054";"2";"1";"1";"6";"4 Avenue Marcel Cachin (parking)";"48,74521000";"2,41026000"
"202300029683";"17";"04";"2023";"12:35";"1";"01";"01397";"2";"6";"1";"2";"30 Route de Divonne";"46,31475400";"6,10816800"
"202300029684";"21";"01";"2023";"11:10";"1";"94";"94019";"2";"2";"1";"3";"Route de la Libération / Rue Fusilles de Chateaubriant";"48,79881000";"2,54502000"
"202300029685";"24";"07";"2023";"16:00";"1";"07";"07097";"1";"9";"1";"2";"Route départementale 86";"45,02094800";"4,83262200"
"202300029686";"6";"04";"2023";"18:30";"1";"47";"47157";"2";"1";"1";"6";"25 Avenue Francois Mitterrand";"44,51013300";"0,13928200"
"202300029687";"1";"08";"2023";"12:40";"1";"01";"01224";"1";"1";"1";"6";"D84";"45,81320600";"5,21645700"
"202300029688";"21";"01";"2023";"12:05";"1";"93";"93072";"2";"3";"1";"6";"Boulevard Maxime Gorki / Rue Salvador Allende";"48,94657000";"2,38666000"
"202300029689";"17";"04";"2023";"08:00";"1";"33";"33243";"2";"4";"1";"3";"Route de Montagne";"44,92340400";" -0,22276300"
"202300029690";"21";"01";"2023";"21:00";"5";"93";"93071";"2";"1";"1";"2";"Avenue Robert Ballanger";"48,93606800";"2,53145200"
"202300029691";"31";"07";"2023";"19:10";"1";"81";"81225";"1";"3";"1";"6";"D988";"43,91964000";"1,98169000"
"202300029692";"15";"04";"2023";"15:43";"1";"33";"33052";"2";"6";"1";"7";"3 Rue des Acacias";"44,95168900";" -0,23816400"
"202300029693";"21";"01";"2023";"14:25";"1";"93";"93070";"2";"1";"7";"6";"Rue Albert Dhalenne";"48,91571000";"2,33113000"
"202300029694";"31";"07";"2023";"19:40";"2";"09";"09130";"1";"1";"1";"3";"D21";"42,94945800";"1,57482400"
"202300029695";"21";"01";"2023";"13:30";"1";"93";"93031";"2";"1";"1";"1";"Boulevard Foch";"48,94806000";"2,33158000"
"202300029696";"16";"04";"2023";"18:10";"1";"61";"61216";"1";"1";"1";"7";"D16 PK 7+870";"48,61246600";" -0,07332000"
"202300029697";"26";"07";"2023";"16:00";"1";"33";"33238";"1";"1";"1";"1";"Avenue de Gradignan";"44,74521300";" -0,61851700"
"202300029698";"16";"04";"2023";"07:30";"3";"35";"35228";"2";"1";"1";"6";"12 Rue de la ville basle";"48,58833527";" -2,05743536"
"202300029699";"1";"08";"2023";"07:45";"1";"50";"50099";"2";"6";"1";"2";"Route Américaine";"49,30146400";" -1,26414700"
"202300029700";"31";"07";"2023";"11:00";"1";"13";"13213";"1";"1";"1";"4";"A507 sens Aubagne- Marseille";"43,32920217";"5,41484365"
"202300029701";"16";"04";"2023";"19:00";"1";"13";"13215";"1";"1";"1";"2";"A7-Sens Lyon vers Marseille";"43,37604100";"5,35988300"
"202300029702";"30";"07";"2023";"19:00";"1";"54";"54312";"1";"1";"1";"2";"Autoroute A 31";"48,94195000";"6,11265000"
"202300029703";"29";"07";"2023";"18:20";"1";"59";"59343";"1";"1";"1";"4";"AUTOROUTE A1";"50,58945000";"3,09676000"
"202300029704";"16";"04";"2023";"14:00";"1";"13";"13202";"1";"1";"1";"2";"Tunnel Joliette Marseille vers Aubagne";"43,29962531";"5,36366684"
"202300029705";"30";"07";"2023";"04:10";"5";"93";"93008";"1";"1";"1";"3";"AUTOROUTE A86";"48,90621000";"2,45998000"
"202300029706";"29";"07";"2023";"18:00";"1";"92";"92036";"1";"1";"1";"4";"AUTOROUTE A15";"48,94647077";"2,28241919"
"202300029707";"1";"04";"2023";"15:05";"1";"42";"42183";"1";"1";"1";"2";"N88";"45,40423100";"4,37596800"
"202300029708";"30";"07";"2023";"03:15";"3";"94";"94046";"1";"1";"1";"6";"A86";"48,81070243";"2,44917546"
"202300029709";"16";"04";"2023";"20:07";"1";"91";"91589";"1";"1";"1";"2";"AUTOROUTE A6";"48,68282000";"2,32953000"
"202300029710";"12";"05";"2023";"22:00";"3";"88";"88114";"1";"1";"1";"1";"D429";"48,18985500";"5,90808600"
"202300029711";"16";"04";"2023";"18:20";"1";"94";"94034";"2";"1";"1";"4";"A86";"48,75772551";"2,32805983"
"202300029712";"16";"04";"2023";"18:12";"1";"91";"91086";"1";"1";"1";"4";"RN 104";"48,62376000";"2,38229000"
"202300029713";"16";"04";"2023";"15:50";"1";"94";"94034";"1";"1";"1";"2";"A86";"48,75772551";"2,32805983"
"202300029714";"15";"04";"2023";"20:45";"3";"92";"92019";"1";"1";"1";"3";"RN385";"48,77609570";"2,22940165"
"202300029715";"16";"04";"2023";"21:05";"5";"94";"94017";"1";"1";"1";"2";"A86";"48,83041529";"2,49042330"
"202300029716";"16";"04";"2023";"00:40";"3";"77";"77495";"1";"1";"1";"3";"A5b";"48,59433289";"2,63556230"
"202300029717";"14";"04";"2023";"08:30";"1";"93";"93051";"1";"1";"1";"5";"A4";"48,83642000";"2,55222000"
"202300029718";"14";"04";"2023";"07:35";"1";"94";"94017";"1";"1";"1";"2";"A4";"48,83020089";"2,49576700"
"202300029719";"14";"04";"2023";"17:40";"1";"972";"97209";"2";"1";"1";"6";"PAUL NARDAL (AVENUE)";"14,60751000";" -61,07299000"
"202300029720";"15";"04";"2023";"10:00";"1";"972";"97209";"1";"1";"1";"2";"RD 41 (ROCADE)";"14,61654000";" -61,06041000"
"202300029721";"14";"04";"2023";"08:50";"1";"972";"97209";"2";"1";"1";"6";"PROFESSEUR RAYMOND GARCIN (RUE DU)";"14,61913000";" -61,07807000"
"202300029722";"14";"04";"2023";"22:50";"5";"2B";"2B033";"2";"1";"1";"6";"TOUTES RUES";"42,70270000";"9,44740000"
"202300029723";"22";"05";"2023";"23:45";"4";"31";"31555";"2";"1";"1";"5";"VA007598 LESPINET A620 Sortie 20";"43,57111800";"1,47630000"
"202300029724";"15";"04";"2023";"06:30";"2";"971";"97101";"1";"1";"1";"2";"GRAND CAMP(SECTION)";"16,25410000";" -61,53955000"
"202300029725";"15";"04";"2023";"05:30";"5";"2A";"2A004";"2";"1";"8";"1";"COLONNA D'ORNANO COLONEL AV.";"41,92842000";"8,73514000"
"202300029726";"24";"05";"2023";"19:21";"1";"29";"29232";"1";"1";"1";"2";"RN 165";"47,98666591";" -4,02370932"
"202300029727";"14";"04";"2023";"22:37";"3";"91";"91339";"1";"1";"2";"6";"RTE NATIONALE 20";"48,61498000";"2,25546000"
"202300029728";"22";"05";"2023";"16:40";"1";"14";"14118";"2";"1";"1";"3";"916p Cours Montalivet";"49,17933000";" -0,34079000"
"202300029729";"21";"03";"2023";"19:10";"2";"86";"86066";"2";"2";"1";"3";"Avenue de Velbert";"46,81645000";"0,52814000"
"202300029730";"24";"05";"2023";"02:35";"3";"13";"13019";"1";"1";"1";"5";"D60 A";"43,43124000";"5,33488000"
"202300029731";"14";"04";"2023";"16:00";"1";"83";"83144";"1";"1";"1";"5";"SAINTE CLAIRE (AVENUE)";"43,13517000";"6,00842000"
"202300029732";"11";"04";"2023";"13:45";"1";"83";"83126";"2";"1";"1";"6";"BLUM (RUE LEON)";"43,10191024";"5,88121042"
"202300029733";"24";"05";"2023";"21:50";"5";"13";"13214";"2";"4";"1";"5";"GIBBES (CHEMIN DE)";"43,32367736";"5,38188365"
"202300029734";"15";"04";"2023";"08:52";"1";"78";"78490";"2";"6";"3";"3";"SAINT GERMAIN (AVENUE DE)";"48,82693600";"1,95217800"
"202300029735";"24";"05";"2023";"15:40";"1";"13";"13202";"2";"1";"1";"1";"CAMILLE PELLETAN (AVENUE)";"43,30282000";"5,37419000"
"202300029736";"14";"04";"2023";"19:45";"2";"78";"78498";"2";"1";"2";"6";"SCHWEITZER RUE DU DOCTEUR";"48,92083000";"2,03430000"
"202300029737";"24";"05";"2023";"11:15";"1";"13";"13209";"2";"1";"1";"1";"REDON (BOULEVARD DU)";"43,24954000";"5,42261000"
"202300029738";"14";"04";"2023";"21:30";"5";"72";"72181";"2";"1";"1";"4";"JAURES JEAN (AV) N° IMP 35 A 179";"47,98800000";"0,20770000"
"202300029739";"14";"04";"2023";"18:25";"1";"72";"72095";"2";"3";"1";"4";"SAINT NICOLAS (BD)";"48,03062000";"0,20449000"
"202300029740";"24";"05";"2023";"08:20";"1";"13";"13005";"1";"3";"1";"3";"PALUDS (AVENUE DES)";"43,28417000";"5,60200000"
"202300029741";"14";"04";"2023";"19:05";"1";"72";"72181";"2";"1";"1";"3";"JACOBINS (PL DES)";"48,00772000";"0,19877000"
"202300029742";"5";"04";"2023";"07:05";"1";"11";"11262";"2";"1";"1";"6";"50 Avenue du General Leclerc";"43,17790000";"2,99490000"
"202300029743";"14";"04";"2023";"13:25";"1";"72";"72181";"1";"1";"2";"1";"TOURS (RTE) LIGNE DROITE DES HUNAUDIERES";"47,96282000";"0,22217000"
"202300029744";"15";"04";"2023";"11:20";"1";"71";"71486";"2";"1";"2";"6";"WALDECK ROCHET (AVENUE)";"46,66035233";"4,37197655"
"202300029745";"24";"05";"2023";"11:00";"1";"07";"07281";"2";"2";"1";"6";"MALET (RUE FERNINAND)";"44,94059000";"4,83770000"
"202300029746";"15";"04";"2023";"03:50";"5";"69";"69264";"2";"6";"2";"6";"Boulevard Burdeau";"45,99712000";"4,73038000"
"202300029747";"24";"05";"2023";"18:15";"1";"06";"06069";"1";"3";"1";"3";"SAINT JOSEPH (CHEMIN ET PLACE)";"43,65236000";"6,95155000"
"202300029748";"15";"04";"2023";"15:20";"1";"69";"69264";"2";"1";"1";"6";"747 Route de Frans";"45,98499000";"4,73086000"
"202300029749";"5";"03";"2023";"15:00";"1";"51";"51250";"2";"3";"8";"4";"N31";"49,31007800";"3,68708300"
"202300029750";"24";"05";"2023";"19:10";"1";"75";"75120";"2";"1";"1";"2";"PORTE DE BAGNOLET";"48,86964300";"2,41326700"
"202300029751";"15";"04";"2023";"23:53";"5";"64";"64102";"2";"1";"1";"6";"AQUITAINE (AVENUE DE L')";"43,48655000";" -1,46740000"
"202300029752";"5";"03";"2023";"16:23";"1";"09";"09130";"1";"1";"1";"7";"route forrestière";"42,93878800";"1,57105600"
"202300029753";"24";"05";"2023";"16:42";"1";"75";"75116";"2";"1";"1";"3";"BOULEVARD PERIPHERIQUE";"48,85949600";"2,26272700"
"202300029754";"15";"04";"2023";"17:36";"1";"62";"62250";"1";"1";"1";"1";"D39";"50,44323315";"2,91927946"
"202300029755";"4";"03";"2023";"19:50";"2";"44";"44159";"1";"1";"1";"1";"";"47,13810000";" -1,40259700"
"202300029756";"23";"05";"2023";"10:20";"1";"75";"75116";"2";"1";"1";"7";"BD PERIPHERIQUE INTERIEUR";"48,85453900";"2,25492300"
"202300029757";"23";"05";"2023";"06:00";"2";"75";"75114";"2";"1";"1";"7";"BD PERIPHERIQUE INTERIEUR";"48,82009900";"2,32574100"
"202300029758";"6";"04";"2023";"15:50";"1";"62";"62628";"2";"3";"1";"2";"Rue de Courtaigne";"50,42445000";"2,88380000"
"202300029759";"4";"03";"2023";"12:05";"1";"13";"13070";"1";"1";"1";"2";"A50-Sens Aubagne vers Marseille";"43,28559000";"5,51400000"
"202300029760";"24";"05";"2023";"10:00";"1";"75";"75117";"2";"1";"1";"2";"BD PERIPHERIQUE EXTERIEUR OUEST";"48,88465800";"2,28612800"
"202300029761";"15";"04";"2023";"21:15";"1";"59";"59599";"2";"3";"1";"3";"FOREST (CHAUSSEE FERNAND)";"50,73686000";"3,15430000"
"202300029762";"4";"03";"2023";"10:55";"1";"13";"13211";"1";"1";"1";"2";"A50-Sens Aubagne vers Marseille";"43,28653000";"5,43258000"
"202300029763";"24";"05";"2023";"19:45";"1";"75";"75108";"2";"1";"1";"6";"AVENUE DE WAGRAM";"48,87690400";"2,29729900"
"202300029764";"15";"04";"2023";"16:35";"1";"54";"54197";"2";"1";"1";"2";"SAINT-EXUPERY (RUE ANTOINE DE)";"48,63851906";"6,18810296"
"202300029765";"4";"03";"2023";"08:30";"1";"13";"13026";"1";"1";"1";"2";"A55-Sens Marseille vers Martigues";"43,39821000";"5,12132200"
"202300029766";"24";"05";"2023";"20:10";"1";"75";"75115";"2";"2";"1";"6";"AVENUE DE LA MOTTE PICQUET";"48,84913800";"2,29813100"
"202300029767";"19";"02";"2023";"01:35";"3";"13";"13210";"1";"1";"1";"2";"S10CD-Sens Aubagne vers Marseille";"43,28495394";"5,40975531"
"202300029768";"14";"04";"2023";"17:49";"1";"54";"54184";"1";"1";"1";"4";"route de l'Amezule";"48,71200000";"6,24291700"
"202300029769";"24";"05";"2023";"07:00";"1";"75";"75114";"2";"2";"1";"3";"RUE DE GERGOVIE";"48,83436200";"2,31362500"
"202300029770";"24";"05";"2023";"19:50";"1";"75";"75113";"2";"1";"1";"6";"QUAI D AUSTERLITZ";"48,84337700";"2,36596100"
"202300029771";"5";"03";"2023";"13:30";"1";"69";"69199";"1";"1";"1";"5";"Route Départementale 383";"45,70172000";"4,84517000"
"202300029772";"14";"04";"2023";"18:00";"1";"51";"51454";"2";"2";"1";"6";"avenue du Général Bonaparte";"49,22995349";"4,00711164"
"202300029773";"4";"03";"2023";"13:10";"1";"69";"69266";"1";"1";"1";"3";"Route Départementale 383 ";"45,76036000";"4,90932000"
"202300029774";"24";"05";"2023";"08:10";"1";"75";"75112";"2";"2";"1";"3";"QUAI DE LA RAPEE";"48,84644000";"2,36683600"
"202300029775";"15";"04";"2023";"21:40";"3";"51";"51431";"1";"2";"1";"3";"D951";"49,01454900";"3,94192200"
"202300029776";"12";"11";"2023";"21:00";"3";"04";"04157";"1";"1";"1";"7";"Route de Moustiers - D56 PK17,500";"43,85025100";"6,14480100"
"202300029777";"24";"05";"2023";"23:10";"5";"75";"75111";"2";"1";"1";"3";"BOULEVARD DE BELLEVILLE";"48,86953700";"2,37969100"
"202300029778";"5";"03";"2023";"03:20";"4";"33";"33192";"1";"1";"1";"2";"ROCADE A 630";"44,78594000";" -0,59459000"
"202300029779";"15";"04";"2023";"14:30";"1";"49";"49007";"2";"2";"1";"3";"MAINE";"47,47841000";" -0,54692000"
"202300029780";"9";"11";"2023";"09:50";"1";"85";"85227";"1";"1";"8";"6";"D745";"46,47224200";" -0,64831300"
"202300029781";"5";"03";"2023";"17:00";"1";"91";"91339";"1";"1";"1";"7";"RN 104";"48,62465000";"2,26302000"
"202300029782";"24";"05";"2023";"19:45";"1";"75";"75110";"2";"1";"1";"7";"BOULEVARD DE MAGENTA";"48,87265700";"2,35930000"
"202300029783";"5";"03";"2023";"08:20";"1";"91";"91086";"1";"1";"1";"6";"RN 104";"48,62300000";"2,38700000"
"202300029784";"15";"04";"2023";"13:20";"1";"45";"45308";"1";"1";"2";"2";"90 Route de Saint-Jean de Braye";"47,93159600";"1,95006100"
"202300029785";"13";"11";"2023";"17:20";"1";"27";"27243";"1";"1";"1";"2";"Route d'Honfleur";"49,40851300";"0,30256600"
"202300029786";"24";"05";"2023";"09:50";"1";"75";"75109";"2";"3";"1";"6";"RUE DU HAVRE";"48,87482600";"2,32677700"
"202300029787";"4";"03";"2023";"22:05";"3";"91";"91174";"1";"1";"1";"4";"RN 104";"48,61466000";"2,45296000"
"202300029788";"13";"11";"2023";"06:40";"5";"27";"27622";"2";"1";"2";"6";"Route de Beaumont";"49,10920700";"0,72452100"
"202300029789";"14";"04";"2023";"17:15";"1";"45";"45234";"2";"1";"1";"3";"18bis Rue des Montées";"47,87842000";"1,91242000"
"202300029790";"23";"05";"2023";"18:40";"1";"75";"75108";"2";"5";"1";"3";"AVENUE DES CHAMPS ELYSEES";"48,86887300";"2,30989000"
"202300029791";"12";"11";"2023";"19:50";"3";"28";"28319";"1";"1";"2";"6";"D2020";"48,28679600";"1,98062600"
"202300029792";"4";"03";"2023";"05:40";"5";"86";"86194";"2";"2";"1";"6";"Avenue du 11 Novembre";"46,56625300";"0,36340100"
"202300029793";"3";"03";"2023";"18:26";"1";"72";"72181";"2";"6";"1";"6";"rue Martial VIVET";"48,01899000";"0,15393000"
"202300029794";"13";"11";"2023";"07:50";"1";"17";"17211";"1";"2";"1";"7";"D150 et rue de la montagne PK 8+500";"46,03776800";" -0,51203400"
"202300029795";"24";"05";"2023";"17:15";"1";"75";"75102";"2";"2";"1";"3";"BOULEVARD DES CAPUCINES";"48,87027000";"2,33005400"
"202300029796";"10";"04";"2023";"15:00";"1";"34";"34301";"2";"3";"1";"3";"59 Boulevard Camille Blanc";"43,40755700";"3,66857300"
"202300029797";"10";"11";"2023";"19:05";"3";"17";"17113";"2";"9";"2";"7";"Route du Bourg";"45,11839300";" -0,14739300"
"202300029798";"3";"03";"2023";"12:20";"1";"69";"69290";"1";"5";"1";"3";"100 Route de Lyon";"45,70471000";"4,91239000"
"202300029799";"23";"05";"2023";"11:50";"1";"94";"94052";"2";"1";"1";"6";"Avenue de Joinville";"48,82932500";"2,46702700"
"202300029800";"15";"04";"2023";"12:30";"1";"33";"33529";"2";"1";"1";"3";"rue Lagrua";"44,64564000";" -1,15788000"
"202300029801";"12";"11";"2023";"11:55";"1";"30";"30004";"2";"7";"1";"6";"5 Place Emile Jamais";"43,73874600";"4,18164700"
"202300029802";"3";"03";"2023";"18:52";"1";"64";"64024";"2";"1";"1";"3";"BAB (BOULEVARD DU)";"43,48809900";" -1,53582700"
"202300029803";"24";"05";"2023";"15:22";"1";"94";"94003";"2";"1";"1";"7";"Avenue Aristide Briand";"48,80980000";"2,32631000"
"202300029804";"14";"04";"2023";"17:20";"1";"30";"30007";"2";"3";"2";"3";"Avenue des Maladreries";"44,11964000";"4,10313000"
"202300029805";"11";"11";"2023";"18:30";"3";"67";"67388";"1";"1";"2";"1";"D1062";"48,91413927";"7,64624388"
"202300029806";"3";"03";"2023";"15:50";"1";"54";"54357";"2";"4";"8";"6";"QUINZE SEPTEMBRE 1944 (RUE DU)";"48,71369000";"6,16373000"
"202300029807";"23";"05";"2023";"13:15";"1";"94";"94037";"2";"3";"1";"3";"Avenue Paul Vaillant-couturier";"48,81650000";"2,33801000"
"202300029808";"4";"03";"2023";"15:55";"1";"973";"97302";"2";"1";"1";"3";"MADELEINE (ROUTE DE LA)";"4,91780000";" -52,32148000"
"202300029809";"14";"04";"2023";"18:30";"1";"30";"30243";"2";"3";"2";"4";"N/A";"44,06100000";"4,09020000"
"202300029810";"24";"05";"2023";"16:40";"1";"94";"94070";"2";"1";"1";"2";"Route de Paris";"48,71710000";"2,57132000"
"202300029811";"3";"03";"2023";"19:50";"4";"973";"97302";"1";"9";"1";"3";"GIRATOIRE MARINGOUINS";"4,90771596";" -52,32248282"
"202300029812";"13";"11";"2023";"08:15";"2";"31";"31351";"2";"1";"7";"6";"4 Chemin des Panedautes";"43,67455700";"1,29347900"
"202300029813";"15";"04";"2023";"19:00";"1";"25";"25388";"2";"4";"2";"2";"GRAND -CHARMONT (ROUTE DE)";"47,51695000";"6,81176000"
"202300029814";"4";"03";"2023";"16:00";"1";"69";"69388";"2";"1";"1";"6";"Boulevard des Etats-Unis";"45,73003000";"4,86696000"
"202300029815";"24";"05";"2023";"16:15";"1";"93";"93078";"2";"9";"1";"3";"Avenue des Nations";"48,97302904";"2,51052728"
"202300029816";"13";"11";"2023";"06:50";"3";"82";"82085";"1";"1";"1";"2";"A62 - PK 183+450";"43,98635800";"1,24190600"
"202300029817";"15";"04";"2023";"19:18";"1";"25";"25056";"1";"1";"1";"6";"route de gray";"47,24757000";"5,97897000"
"202300029818";"3";"03";"2023";"07:00";"1";"972";"97209";"1";"1";"1";"2";"RD 41 (ROCADE)";"14,61382000";" -61,06381000"
"202300029819";"12";"11";"2023";"18:25";"3";"44";"44026";"1";"9";"2";"6";"N/A";"47,28630300";" -1,50801300"
"202300029820";"4";"03";"2023";"00:25";"3";"971";"97101";"2";"1";"1";"2";"ROUTE DES ABYMES";"16,25735000";" -61,52012000"
"202300029821";"23";"05";"2023";"18:50";"1";"93";"93073";"2";"2";"1";"3";"Rue Louis Eschard / Rue de la Raperie";"48,97675000";"2,55859000"
"202300029822";"14";"04";"2023";"19:58";"1";"17";"17306";"2";"1";"1";"3";"REPUBLIQUE (DE LA) (BD)";"45,62462000";" -1,02734000"
"202300029823";"4";"03";"2023";"05:00";"5";"91";"91114";"2";"1";"1";"7";"RUE TALMA";"48,69308000";"2,50159000"
"202300029824";"15";"04";"2023";"18:55";"1";"17";"17300";"2";"1";"1";"3";"MARILLAC   QUAI";"46,14627100";" -1,16125800"
"202300029825";"8";"11";"2023";"08:08";"1";"06";"06085";"1";"1";"1";"5";"A8, PK 165.800 voie SUD";"43,58398920";"7,01180960"
"202300029826";"24";"05";"2023";"11:51";"1";"93";"93066";"2";"1";"1";"3";"Rue Charles Michels";"48,93423000";"2,34343000"
"202300029827";"2";"04";"2023";"03:20";"4";"15";"15014";"2";"1";"2";"6";"Rue des Malaudes";"44,91614000";"2,43789000"
"202300029828";"4";"03";"2023";"14:55";"1";"71";"71306";"2";"1";"1";"3";"PAGEOT (RUE DE LA PLACE )";"46,65939000";"4,35922000"
"202300029829";"10";"11";"2023";"08:20";"1";"86";"86297";"1";"1";"1";"2";"A10";"46,57091300";"0,28880600"
"202300029830";"4";"03";"2023";"10:15";"1";"64";"64102";"2";"1";"1";"3";"CAMOUSEIGT (ALLEE DE)";"43,48385000";" -1,50186000"
"202300029831";"24";"05";"2023";"17:27";"1";"93";"93051";"2";"6";"1";"3";"Rue du Docteur Vaillant / Rue Camille Flammarion";"48,83862215";"2,56725669"
"202300029832";"15";"04";"2023";"20:15";"2";"13";"13001";"2";"2";"1";"2";"BRIAND ARISTIDE (BD)";"43,53231957";"5,45093091"
"202300029833";"11";"11";"2023";"08:30";"1";"73";"73104";"1";"1";"1";"6";"A 43";"45,55549215";"5,75633973"
"202300029834";"3";"03";"2023";"16:30";"1";"62";"62587";"2";"3";"1";"3";"D46";"50,43229400";"2,92204500"
"202300029835";"15";"04";"2023";"13:00";"1";"09";"09122";"2";"9";"2";"2";"VILLOTE (ALLEES DE)";"42,96408000";"1,61049000"
"202300029836";"14";"05";"2023";"17:30";"1";"93";"93048";"2";"3";"1";"3";"Avenue Paul Signac / Boulevard Aristide Briand";"48,86974000";"2,44969000"
"202300029837";"13";"11";"2023";"08:45";"1";"988";"98808";"1";"1";"1";"7";"RPN3";" -21,37718900";"165,68467500"
"202300029838";"3";"03";"2023";"12:00";"1";"62";"62270";"1";"1";"1";"5";"D301";"50,47122000";"2,52422000"
"202300029839";"15";"04";"2023";"09:10";"1";"06";"06088";"2";"4";"1";"3";"ST LAMBERT A PARTIR DU N° 131)";"43,71769100";"7,26289800"
"202300029840";"13";"11";"2023";"07:30";"5";"29";"29005";"2";"1";"3";"6";"Rue Jean-Marie Carer";"47,85734643";" -3,60500736"
"202300029841";"24";"05";"2023";"15:50";"1";"93";"93046";"2";"3";"1";"3";"Avenue Aristide Briand / Boulevard Gutenberg";"48,91198299";"2,52079034"
"202300029842";"3";"03";"2023";"17:55";"2";"60";"60057";"2";"9";"2";"6";"Boulevard du Général de Gaulle";"49,42952000";"2,09012000"
"202300029843";"15";"04";"2023";"06:50";"2";"06";"06029";"2";"1";"1";"6";"CROISETTE (BOULEVARD DE)";"43,55120000";"7,01827000"
"202300029844";"9";"11";"2023";"00:45";"4";"77";"77257";"2";"1";"2";"1";"D17";"49,02032100";"3,03166100"
"202300029845";"15";"04";"2023";"21:00";"5";"06";"06027";"2";"9";"8";"2";"PLAGE BOULEVARD DE LA";"43,65100000";"7,15200000"
"202300029846";"4";"03";"2023";"18:30";"2";"42";"42187";"2";"2";"1";"3";"Boulevard Jean-Baptiste Clément";"46,04630000";"4,08487000"
"202300029847";"28";"05";"2023";"17:20";"1";"93";"93032";"2";"2";"1";"3";"Avenue de l'Abbaye / Avenue Guynemer";"48,87793252";"2,56917501"
"202300029848";"15";"04";"2023";"10:30";"1";"75";"75113";"2";"1";"2";"2";"QUAI D IVRY";"48,82599900";"2,38707100"
"202300029849";"13";"11";"2023";"18:47";"5";"78";"78090";"1";"4";"1";"1";"D44";"48,97080200";"1,90728700"