"Num_Acc";"jour";"mois";"an";"hrmn";"lum";"dep";"com";"agg";"int";"atm";"col";"adr";"lat";"long"
"202300029850";"23";"05";"2023";"19:40";"1";"93";"93032";"2";"1";"1";"6";"Avenue Jean Jaurès";"48,88331604";"2,52851708"
"202300029851";"4";"03";"2023";"19:45";"1";"37";"37261";"2";"1";"1";"4";"SANITAS (PONT DU)";"47,37168000";"0,69653000"
"202300029852";"13";"11";"2023";"15:00";"1";"84";"84141";"2";"1";"1";"1";"Rue de la Groseillere";"43,98554700";"4,90173700"
"202300029853";"13";"04";"2023";"08:50";"1";"75";"75118";"2";"1";"1";"5";"PORTE DE CLIGNANCOURT";"48,90110400";"2,34664600"
"202300029854";"24";"05";"2023";"17:30";"1";"93";"93001";"2";"1";"1";"3";"Rue Henri Manigart";"48,91275112";"2,39843854"
"202300029855";"11";"11";"2023";"01:20";"3";"06";"06048";"2";"1";"1";"6";"D2204";"43,79037200";"7,35033800"
"202300029856";"4";"03";"2023";"19:00";"2";"37";"37122";"2";"3";"1";"6";"VERDUN (RUE DE)";"47,34459000";"0,66484000"
"202300029857";"12";"11";"2023";"14:45";"1";"88";"88344";"1";"1";"3";"7";"D71";"48,36233400";"5,60393900"
"202300029858";"15";"04";"2023";"18:05";"1";"75";"75116";"2";"1";"1";"2";"BOULEVARD PERIPHERIQUE INTERIEUR OUEST";"48,85115600";"2,25229300"
"202300029859";"24";"05";"2023";"12:50";"1";"93";"93001";"2";"1";"1";"5";"Boulevard Félix Faure";"48,90953903";"2,37713188"
"202300029860";"4";"03";"2023";"23:40";"5";"33";"33063";"2";"2";"1";"3";"Avenue d'Ares";"44,83651000";" -0,60116000"
"202300029861";"13";"11";"2023";"07:45";"2";"57";"57206";"2";"1";"3";"6";"53 Avenue Jeanne d'Arc";"49,30244600";"6,10518000"
"202300029862";"15";"04";"2023";"14:15";"1";"75";"75120";"2";"3";"1";"6";"RUE DE BAGNOLET";"48,86234600";"2,40632700"
"202300029863";"12";"11";"2023";"21:45";"3";"57";"57160";"1";"1";"3";"6";"D23a";"49,20193500";"6,66182400"
"202300029864";"4";"03";"2023";"18:52";"2";"33";"33063";"2";"2";"1";"3";"Rue Bellus Mareilhac";"44,85252863";" -0,61693758"
"202300029865";"23";"05";"2023";"17:27";"1";"93";"93001";"2";"9";"1";"3";"Avenue du Président Roosevelt";"48,91793611";"2,37908517"
"202300029866";"14";"04";"2023";"03:00";"5";"75";"75117";"2";"2";"1";"3";"AVENUE DE WAGRAM";"48,88154700";"2,30068900"
"202300029867";"3";"03";"2023";"05:30";"5";"33";"33119";"2";"1";"1";"1";"Rue Frédéric Joliot-Curie";"44,85304000";" -0,53855000"
"202300029868";"12";"11";"2023";"15:40";"1";"01";"01262";"1";"2";"2";"2";"Route de Tramoyes";"45,89626400";"4,96927800"
"202300029869";"24";"05";"2023";"16:10";"1";"92";"92064";"1";"1";"1";"7";"PARC SAINT CLOUD";"48,83667000";"2,19481000"
"202300029870";"4";"03";"2023";"16:05";"1";"31";"31555";"2";"1";"1";"3";"CHE DE FENOUILLET";"43,64982000";"1,41366000"
"202300029871";"10";"11";"2023";"22:34";"3";"01";"01211";"1";"1";"2";"6";"D22";"46,10098400";"5,18958600"
"202300029872";"14";"04";"2023";"23:30";"5";"75";"75116";"2";"2";"1";"1";"ALLEE DE LONGCHAMP";"48,86765000";"2,25089000"
"202300029873";"24";"05";"2023";"01:30";"5";"92";"92051";"2";"1";"1";"6";"GENERAL CORDONNIER (RUE DU)";"48,88442178";"2,27527097"
"202300029874";"4";"03";"2023";"05:10";"3";"29";"29232";"1";"1";"1";"6";"Pont de Poulguinan";"47,98388000";" -4,11631000"
"202300029875";"15";"04";"2023";"16:00";"1";"75";"75112";"2";"1";"1";"2";"QUAI DE LA RAPEE";"48,84412700";"2,36886600"
"202300029876";"4";"03";"2023";"14:33";"1";"29";"29019";"2";"1";"1";"2";"rue Commandant Somme-Py";"48,40379700";" -4,48667300"
"202300029877";"24";"05";"2023";"09:40";"1";"92";"92040";"2";"2";"1";"4";"GALLIENI (BOULEVARD)";"48,83458000";"2,26693000"
"202300029878";"6";"11";"2023";"13:44";"1";"33";"33184";"1";"2";"3";"3";"les forgettes";"45,16863500";" -0,54359300"
"202300029879";"15";"04";"2023";"19:38";"1";"75";"75110";"2";"2";"1";"3";"RUE DU FAUBOURG SAINT MARTIN";"48,87175700";"2,35720300"
"202300029880";"15";"04";"2023";"23:30";"5";"75";"75107";"2";"1";"1";"7";"QUAI D ORSAY";"48,86229500";"2,30543100"
"202300029881";"24";"05";"2023";"12:00";"1";"92";"92025";"2";"2";"1";"6";"CHARLES DE GAULLE (BD)";"48,91454800";"2,22914100"
"202300029882";"4";"03";"2023";"18:15";"1";"18";"18279";"2";"2";"1";"3";"9 Rue Blanche Baron";"47,22234000";"2,06546000"
"202300029883";"12";"11";"2023";"18:35";"5";"33";"33449";"1";"1";"1";"1";"D1215";"44,90657257";" -0,74678600"
"202300029884";"12";"04";"2023";"06:30";"2";"75";"75101";"2";"3";"2";"6";"RUE DE VALOIS";"48,86468900";"2,33858700"
"202300029885";"23";"05";"2023";"22:40";"5";"92";"92071";"2";"1";"1";"6";"DESGRANGES (BOULEVARD DES)";"48,78164933";"2,29332894"
"202300029886";"4";"03";"2023";"20:45";"3";"18";"18033";"1";"1";"8";"2";"Avenue d'Issoudun";"47,05938000";"2,36164000"
"202300029887";"12";"11";"2023";"18:30";"3";"22";"22081";"2";"9";"2";"3";"Rue Morin";"48,48558100";" -2,64159000"
"202300029888";"14";"04";"2023";"12:50";"1";"94";"94076";"2";"1";"2";"6";"Boulevard Maxime Gorki";"48,78794500";"2,36778500"
"202300029889";"4";"03";"2023";"10:15";"1";"13";"13075";"2";"1";"1";"6";"GENERAL DE GAULLE (MAIL)";"43,34661988";"5,46585006"
"202300029890";"24";"05";"2023";"12:20";"1";"92";"92012";"2";"1";"1";"6";"JEAN BAPTISTE CLEMENT (AVENUE) 49/FIN -";"48,84507955";"2,23533757"
"202300029891";"13";"11";"2023";"15:45";"1";"27";"27279";"2";"2";"2";"6";"Avenue du General de Gaulle";"49,09259600";"1,60207800"
"202300029892";"15";"04";"2023";"09:30";"1";"94";"94002";"2";"2";"2";"3";"Rue de Dijon / Rue de Grenoble";"48,78663000";"2,43074000"
"202300029893";"24";"05";"2023";"15:48";"1";"92";"92004";"2";"1";"1";"6";"COLOMBES ( RUE DE 31 A )";"48,91362000";"2,28156000"
"202300029894";"3";"03";"2023";"15:15";"1";"13";"13212";"2";"1";"1";"2";"JEAN RAMEAU (RUE)";"43,30816929";"5,41854873"
"202300029895";"13";"11";"2023";"12:45";"1";"59";"59174";"1";"1";"3";"1";"D27";"50,18779400";"4,05215300"
"202300029896";"24";"05";"2023";"15:20";"1";"92";"92004";"2";"1";"1";"3";"FAIDHERBE ( AVENUE )";"48,90844900";"2,26888800"
"202300029897";"15";"04";"2023";"12:30";"1";"93";"93073";"2";"6";"1";"1";"Place Pierre Curie / Rue de Reims";"48,94063000";"2,57844000"
"202300029898";"4";"03";"2023";"18:38";"2";"13";"13005";"2";"1";"1";"3";"VERDUN (AVENUE DE)";"43,28791000";"5,57784000"
"202300029899";"12";"11";"2023";"19:50";"3";"13";"13055";"1";"1";"1";"2";"A50-Sens Marseille vers Aubagne";"43,28472850";"5,41130939"
"202300029900";"4";"03";"2023";"23:25";"5";"10";"10387";"2";"1";"1";"1";"CARNOT (RUE)";"48,29703000";"4,06654000"
"202300029901";"14";"04";"2023";"22:16";"5";"93";"93063";"2";"1";"2";"1";"Boulevard Roger Salengro";"48,88080000";"2,45028000"
"202300029902";"24";"05";"2023";"11:15";"1";"92";"92004";"2";"1";"1";"3";"VOLTAIRE ( BD 16 A FIN )";"48,91659000";"2,28915000"
"202300029903";"10";"11";"2023";"19:00";"3";"13";"13211";"1";"1";"1";"4";"A50-Sens Marseille vers Aubagne";"43,28569000";"5,42902000"
"202300029904";"4";"03";"2023";"14:55";"1";"10";"10387";"2";"2";"1";"3";"EDOUARD HERRIOT (RUE)";"48,28012000";"4,07268000"
"202300029905";"25";"05";"2023";"15:15";"1";"76";"76281";"1";"1";"1";"3";"D110";"49,50980800";"0,57562400"
"202300029906";"14";"04";"2023";"22:54";"5";"92";"92063";"2";"2";"1";"1";"HOPITAL STELL (BOULEVARD DE L')";"48,87631000";"2,18582000"
"202300029907";"4";"03";"2023";"14:11";"1";"10";"10387";"2";"3";"1";"6";"REPUBLIQUE (RUE DE LA )";"48,29834000";"4,07388000"
"202300029908";"6";"11";"2023";"16:40";"1";"42";"42218";"1";"1";"1";"3";"N88";"45,43415000";"4,42016000"
"202300029909";"4";"03";"2023";"04:40";"5";"09";"09225";"2";"9";"1";"6";"RIJOLE AVENUE DE LA";"43,12000000";"1,62000000"
"202300029910";"15";"04";"2023";"11:15";"1";"92";"92050";"2";"1";"2";"1";"VAILLANT COUTURIER PAUL RUE";"48,87976000";"2,20735000"
"202300029911";"25";"05";"2023";"16:35";"1";"80";"80151";"1";"1";"1";"1";"D929";"49,98575200";"2,59457600"
"202300029912";"2";"03";"2023";"20:30";"5";"72";"72181";"2";"4";"1";"6";"AUVRAY (RUE) N° PAIRS";"48,00135000";"0,19722000"
"202300029913";"15";"04";"2023";"12:18";"1";"92";"92062";"2";"1";"8";"6";"DEFENSE (ROND POINT DE LA)";"48,89037844";"2,24164236"
"202300029914";"27";"02";"2023";"16:20";"1";"29";"29019";"2";"1";"1";"6";"rue Joachim du Bellay";"48,40057300";" -4,48409100"
"202300029915";"12";"11";"2023";"18:45";"3";"33";"33448";"1";"1";"2";"2";"AUTOROUTE A 62";"44,71770432";" -0,52012056"
"202300029916";"8";"02";"2023";"10:45";"1";"13";"13056";"2";"1";"1";"6";"BOUIN RUE JEAN";"43,42399000";"5,04132000"
"202300029917";"15";"04";"2023";"09:29";"1";"92";"92024";"2";"6";"2";"1";"REPUBLIQUE (PLACE DE LA)";"48,90339464";"2,31294662"
"202300029918";"12";"11";"2023";"18:10";"4";"33";"33167";"1";"1";"2";"3";"ROUTE NATIONALE 230";"44,82240760";" -0,51434577"
"202300029919";"23";"05";"2023";"11:30";"1";"67";"67507";"2";"9";"1";"6";"3 Rue de Breitenau";"48,34044600";"7,29920100"
"202300029920";"27";"02";"2023";"19:10";"5";"13";"13047";"2";"6";"2";"6";"RADOLFZELL AVENUE DE";"43,49862000";"4,97962000"
"202300029921";"12";"11";"2023";"20:40";"3";"91";"91549";"1";"1";"2";"6";"RN 104";"48,62608000";"2,34042000"
"202300029922";"15";"04";"2023";"05:50";"5";"92";"92004";"2";"3";"2";"3";"VOLTAIRE ( BD )";"48,91638000";"2,28955000"
"202300029923";"25";"05";"2023";"11:10";"1";"972";"97210";"1";"1";"1";"6";"N6";"14,60731300";" -60,92983200"
"202300029924";"12";"11";"2023";"13:41";"1";"91";"91617";"1";"1";"2";"3";"RN 104";"48,63319000";"2,53403000"
"202300029925";"26";"02";"2023";"23:15";"5";"75";"75111";"2";"3";"1";"6";"AVENUE PARMENTIER";"48,86244000";"2,37663000"
"202300029926";"16";"04";"2023";"10:40";"1";"33";"33453";"1";"3";"1";"3";"Saint Laurent";"44,58631100";"0,08494000"
"202300029927";"1";"03";"2023";"16:58";"1";"93";"93057";"2";"1";"1";"1";"Chemin des Postes";"48,90111200";"2,50842700"
"202300029928";"12";"11";"2023";"06:45";"3";"91";"91235";"1";"1";"2";"5";"RN 104";"48,62560000";"2,35544000"
"202300029929";"24";"04";"2023";"17:00";"1";"52";"52147";"1";"1";"1";"2";"A31 PK 108+000";"47,85756800";"5,22622000"
"202300029930";"26";"02";"2023";"11:23";"1";"92";"92025";"2";"1";"1";"6";"MENELOTTE 2A 50 (AV)";"48,93184000";"2,26061000"
"202300029931";"12";"11";"2023";"12:45";"1";"78";"78466";"1";"1";"2";"2";"A13";"48,93484500";"1,96647300"
"202300029932";"14";"05";"2023";"18:25";"1";"01";"01143";"1";"1";"2";"1";"Chemin du Munet";"46,36075700";"6,12015700"
"202300029933";"15";"04";"2023";"19:50";"2";"972";"97216";"2";"3";"1";"3";"intersection RN1/D15";"14,81894200";" -61,02741900"
"202300029934";"2";"03";"2023";"11:30";"1";"92";"92012";"2";"1";"1";"6";"POINT DU JOUR (QUAI DU)";"48,82750000";"2,25270000"
"202300029935";"12";"11";"2023";"17:00";"3";"95";"95678";"1";"1";"2";"6";"N104";"49,07166365";"2,24461198"
"202300029936";"25";"05";"2023";"16:15";"1";"25";"25067";"1";"1";"1";"6";"A36 PK 072.000 SENS BESANÇON/MULHOUSE";"47,41951570";"6,59601919"
"202300029937";"12";"11";"2023";"16:00";"1";"93";"93005";"1";"1";"3";"6";"AUTOROUTE A1";"48,95772000";"2,46285000"
"202300029938";"4";"03";"2023";"10:15";"1";"988";"98818";"2";"3";"2";"4";"RUE JACQUES IEKAWE/RUE EDOUARD DALMAYRAC";" -22,23919000";"166,47272000"
"202300029939";"25";"05";"2023";"01:00";"3";"59";"59173";"1";"1";"1";"6";"M945";"50,73129400";"2,94680400"
"202300029940";"14";"04";"2023";"21:20";"3";"34";"34123";"1";"1";"1";"7";"N109";"43,62887600";"3,78019400"
"202300029941";"3";"03";"2023";"13:55";"1";"974";"97411";"2";"1";"1";"7";"TOPAZES(ALLEE DES)";" -20,89171000";"55,44507000"
"202300029942";"12";"11";"2023";"13:50";"1";"93";"93006";"1";"1";"3";"2";"AUTOROUTE A3";"48,87004000";"2,43050000"
"202300029943";"16";"04";"2023";"03:15";"3";"38";"38113";"1";"1";"1";"7";"Départementale 526";"44,82840600";"5,63946200"
"202300029944";"4";"03";"2023";"00:45";"5";"974";"97409";"2";"9";"1";"6";"PENTE SASSY (chemin de la)";" -20,96396800";"55,65898100"
"202300029945";"12";"11";"2023";"15:50";"1";"95";"95572";"1";"1";"3";"6";"A15";"49,03092550";"2,12129474"
"202300029946";"24";"05";"2023";"14:40";"1";"72";"72058";"1";"2";"1";"4";"D304";"47,95943200";"0,30278900"
"202300029947";"12";"11";"2023";"15:00";"1";"93";"93078";"1";"1";"3";"6";"AUTOROUTE A104";"48,96388000";"2,52115000"
"202300029948";"14";"04";"2023";"21:35";"4";"34";"34095";"1";"1";"1";"2";"RM613 PR 41+550";"43,52881600";"3,74480300"
"202300029949";"3";"03";"2023";"12:10";"1";"973";"97302";"2";"1";"1";"2";"LALLOUETTE(RUE)";"4,94071701";" -52,32925938"
"202300029950";"25";"05";"2023";"08:54";"1";"85";"85109";"1";"4";"1";"1";"la Garlopière";"46,84281600";" -1,04850800"
"202300029951";"12";"11";"2023";"13:30";"1";"95";"95252";"1";"1";"3";"6";"A15";"48,98775556";"2,20669627"
"202300029952";"4";"03";"2023";"01:14";"5";"69";"69386";"2";"2";"1";"1";"Cours Lafayette";"45,76371492";"4,85805004"
"202300029953";"16";"04";"2023";"15:10";"1";"56";"56173";"1";"2";"1";"3";"646 Kercadoret Pennaut";"47,99735300";" -2,98619400"
"202300029954";"25";"05";"2023";"13:15";"1";"67";"67194";"2";"6";"1";"6";"4 Rue de Drusenheim";"48,73046100";"7,90695900"
"202300029955";"12";"11";"2023";"10:40";"1";"95";"95018";"1";"1";"2";"6";"A15";"48,96303970";"2,26571023"
"202300029956";"3";"03";"2023";"13:05";"1";"972";"97209";"2";"1";"1";"3";"MARNE (BOULEVARD DE LA)";"14,60475000";" -61,08387000"
"202300029957";"16";"04";"2023";"08:30";"1";"65";"65435";"1";"1";"1";"6";"D920";"42,94866400";" -0,08334200"
"202300029958";"15";"04";"2023";"01:30";"5";"11";"11206";"2";"1";"3";"6";"N/A";"43,05610100";"2,20255800"
"202300029959";"2";"03";"2023";"17:50";"1";"69";"69389";"2";"2";"1";"6";"Rue du Bourbonnais";"45,77360000";"4,79514000"
"202300029960";"11";"11";"2023";"23:20";"3";"93";"93013";"1";"1";"1";"3";"AUTOROUTE A1";"48,94049514";"2,42470833"
"202300029961";"23";"05";"2023";"09:00";"1";"24";"24309";"1";"1";"1";"7";"A 89 Pk 97.500";"45,10206200";"0,48927800"
"202300029962";"3";"03";"2023";"16:30";"1";"95";"95427";"2";"1";"8";"6";"Rue Maurice Berteaux";"48,97506000";"2,34714000"
"202300029963";"11";"11";"2023";"11:30";"1";"92";"92036";"1";"1";"1";"2";"AUTOROUTE A15";"48,94364712";"2,28775617"
"202300029964";"24";"05";"2023";"19:00";"1";"44";"44009";"1";"1";"1";"2";"";"47,21710000";" -1,45364100"
"202300029965";"15";"04";"2023";"19:20";"1";"22";"22079";"1";"1";"1";"7";"Les Bourrieux";"48,40155000";" -2,68350700"
"202300029966";"3";"03";"2023";"20:06";"5";"91";"91425";"2";"3";"1";"6";"RTE D ORLEANS RN 20";"48,65168000";"2,27277000"
"202300029967";"22";"05";"2023";"17:30";"1";"51";"51266";"2";"1";"1";"6";"Rue d?Avenay";"49,11311800";"4,03450900"
"202300029968";"11";"11";"2023";"17:30";"2";"77";"77053";"1";"1";"2";"3";"RN104";"48,69945746";"2,59393277"
"202300029969";"3";"03";"2023";"22:05";"3";"91";"91432";"2";"1";"1";"7";"RD 118";"48,71369000";"2,34683000"
"202300029970";"15";"04";"2023";"18:25";"1";"44";"44126";"1";"2";"1";"3";"84 Route de la Prée";"47,14260613";" -2,21057475"
"202300029971";"3";"03";"2023";"22:00";"5";"91";"91286";"2";"1";"1";"3";"1ERE ARMEE (AVENUE)";"48,65435000";"2,39685000"
"202300029972";"25";"05";"2023";"08:40";"1";"56";"56075";"1";"3";"1";"1";"La Meaudaie";"47,95352200";" -2,11184500"
"202300029973";"17";"07";"2023";"11:49";"1";"13";"13053";"2";"2";"1";"2";"D23e";"43,72820400";"5,16155700"
"202300029974";"16";"04";"2023";"02:49";"3";"38";"38263";"1";"1";"1";"6";"655 Grand Chemin Royal";"45,28511100";"5,46125300"
"202300029975";"24";"05";"2023";"18:50";"1";"79";"79063";"1";"1";"1";"7";"";"47,07791100";" -0,34581200"
"202300029976";"1";"03";"2023";"14:00";"1";"87";"87085";"2";"1";"1";"4";"BAC (RUE THEODORE)";"45,83763000";"1,26513000"
"202300029977";"16";"04";"2023";"04:30";"3";"38";"38104";"1";"1";"8";"6";"RD592";"45,56783600";"5,59959700"
"202300029978";"30";"07";"2023";"01:00";"5";"13";"13096";"2";"1";"1";"1";"D38b";"43,52243400";"4,38613600"
"202300029979";"15";"04";"2023";"22:45";"3";"01";"01457";"1";"4";"8";"6";"Route de Chaveyriat";"46,21787400";"5,00332800"
"202300029980";"19";"06";"2023";"23:55";"5";"71";"71270";"2";"1";"1";"7";"LAGUICHE (RUE PHILIBERT)";"46,30560000";"4,83335000"
"202300029981";"24";"05";"2023";"08:00";"1";"82";"82144";"1";"2";"1";"3";"d959";"44,17215900";"1,36336600"
"202300029982";"3";"03";"2023";"16:30";"1";"77";"77132";"2";"1";"1";"7";"AV ROBERT SCHUMAN";"48,86859000";"2,79224000"
"202300029983";"22";"06";"2023";"11:15";"1";"62";"62160";"2";"2";"1";"6";"Rue Nationale";"50,72049000";"1,61324000"
"202300029984";"27";"03";"2023";"15:35";"1";"72";"72191";"1";"3";"1";"6";"Hameau de Sainte Croix";"47,76296200";"0,29536500"
"202300029985";"3";"03";"2023";"07:50";"1";"76";"76351";"2";"6";"1";"6";"FRISSARD (QUAI)";"49,49145000";"0,13253000"
"202300029986";"15";"04";"2023";"10:15";"1";"72";"72320";"1";"6";"1";"3";"D197";"48,06785600";"0,16911900"
"202300029987";"30";"05";"2023";"12:10";"1";"91";"91228";"2";"9";"1";"3";"RUE DE LA MARE NEUVE";"48,61864000";"2,42458000"
"202300029988";"24";"05";"2023";"21:55";"2";"63";"63420";"1";"2";"1";"3";"RD2089 / RD104";"45,81426800";"3,33731700"
"202300029989";"2";"03";"2023";"15:25";"1";"76";"76351";"2";"1";"1";"1";"ALBERT 1ER";"49,50186000";"0,08724000"
"202300029990";"14";"04";"2023";"15:45";"1";"07";"07090";"2";"3";"1";"1";"Grand rue";"44,74758100";"4,67402300"
"202300029991";"10";"11";"2023";"16:40";"1";"976";"97611";"2";"1";"1";"6";"Rue de la plage hamaha";" -12,75942000";"45,22871000"
"202300029992";"25";"05";"2023";"18:40";"1";"76";"76638";"1";"2";"1";"3";"D1314";"50,00941500";"1,42990100"
"202300029993";"15";"04";"2023";"20:45";"2";"40";"40044";"1";"1";"1";"3";"D817";"43,55057500";" -1,32018900"
"202300029994";"3";"03";"2023";"21:35";"3";"71";"71105";"1";"3";"1";"5";"BALME (CHEMIN DE)";"46,28585073";"4,78234112"
"202300029995";"11";"11";"2023";"11:55";"1";"974";"97416";"1";"1";"1";"6";"RN1(BRETELLE ACCES)";" -21,33017000";"55,45610000"
"202300029996";"16";"04";"2023";"06:50";"1";"85";"85051";"1";"1";"1";"6";"RD137";"46,69085500";" -1,06425800"
"202300029997";"25";"05";"2023";"15:58";"1";"12";"12088";"1";"1";"1";"7";"Lieu Dit Longueroque";"44,65359700";"2,88935100"
"202300029998";"2";"03";"2023";"16:20";"1";"71";"71076";"2";"1";"1";"6";"MESSAGERIES (QUAI DES )";"46,78100000";"4,85824000"
"202300029999";"24";"05";"2023";"18:55";"1";"68";"68202";"2";"1";"1";"7";"Rue des Bonnes-gens";"47,59023200";"7,13124800"
"202300030000";"9";"11";"2023";"08:00";"1";"974";"97416";"1";"1";"1";"3";"PRESIDENT MITTERAND(AVENUE)";" -21,34863000";"55,50096000"
"202300030001";"14";"04";"2023";"06:55";"2";"27";"27102";"1";"3";"1";"3";"intersection D675 et rue de la fosse à lingot";"49,35761700";"0,77999200"
"202300030002";"22";"05";"2023";"13:55";"1";"39";"39184";"1";"1";"1";"7";"";"46,44996600";"5,80668200"
"202300030003";"3";"03";"2023";"08:15";"1";"69";"69266";"1";"1";"1";"5";"Autoroute 42";"45,78231000";"4,89130000"
"202300030004";"25";"05";"2023";"01:00";"5";"39";"39171";"1";"9";"1";"6";"N/A";"46,67165400";"5,46002200"
"202300030005";"15";"04";"2023";"16:35";"1";"27";"27533";"2";"9";"1";"7";"37 Rue Guèrard";"49,32611500";"1,71970900"
"202300030006";"9";"04";"2023";"19:30";"1";"17";"17439";"1";"1";"1";"7";"D109";"46,29343000";" -0,84285700"
"202300030007";"3";"03";"2023";"20:48";"5";"69";"69259";"2";"3";"1";"1";"Route de Vienne";"45,72448000";"4,85406000"
"202300030008";"9";"11";"2023";"15:45";"1";"974";"97411";"2";"6";"1";"5";"LATTRE DE TASSIGNY (AVENUE MARECHAL DE)";" -20,88751000";"55,47227000"
"202300030009";"25";"05";"2023";"07:45";"1";"44";"44069";"2";"3";"1";"3";"Rue des Collèges";"47,33773180";" -2,42819660"
"202300030010";"2";"03";"2023";"17:30";"1";"69";"69290";"2";"1";"1";"2";"18 Rue de la Cordière";"45,69458000";"4,94835000"
"202300030011";"16";"04";"2023";"16:25";"1";"17";"17091";"1";"1";"1";"3";"D9";"46,27517200";" -1,06809900"
"202300030012";"11";"11";"2023";"12:54";"1";"973";"97309";"1";"1";"1";"5";"COLLERY (ZONE INDUSTRIELLE)";"4,90049000";" -52,30746000"
"202300030013";"2";"03";"2023";"18:15";"1";"69";"69259";"2";"1";"1";"3";"120 Boulevard Irène Joliot Curie";"45,70913000";"4,88481000"
"202300030014";"25";"05";"2023";"07:35";"1";"38";"38393";"1";"3";"1";"3";"d1085";"45,40744800";"5,34487000"
"202300030015";"11";"11";"2023";"03:00";"5";"973";"97302";"1";"1";"1";"7";"ROUTE NATIONALE 1";"4,91490000";" -52,32965000"
"202300030016";"15";"04";"2023";"05:56";"2";"57";"57743";"1";"1";"1";"7";"N4 PR 28+900";"48,75449100";"7,19247200"
"202300030017";"24";"05";"2023";"18:20";"1";"50";"50013";"1";"1";"1";"1";"Le Petit Vicel";"49,63120400";" -1,29268500"
"202300030018";"1";"03";"2023";"18:20";"1";"69";"69029";"2";"8";"1";"3";"Avenue Franklin Roosevelt";"45,73457000";"4,90503000"
"202300030019";"10";"11";"2023";"22:35";"5";"973";"97302";"2";"3";"1";"3";"GONTRAN BRADIN (CITE ANATOLE)";"4,93501416";" -52,31805995"
"202300030020";"15";"04";"2023";"15:05";"1";"988";"98824";"1";"3";"2";"6";"Tchambouenne (Tribu)";" -20,41264000";"164,60314900"
"202300030021";"24";"05";"2023";"20:15";"1";"53";"53064";"1";"1";"1";"6";"route départementale 5";"48,32883700";" -0,71945400"
"202300030022";"3";"03";"2023";"12:45";"1";"69";"69091";"2";"6";"8";"1";"Rue de la Paix";"45,58780000";"4,76032000"
"202300030023";"10";"11";"2023";"09:35";"1";"973";"97302";"2";"1";"1";"2";"UNIVERSITE CHICAGO (RUE DE)";"4,93710253";" -52,30491579"
"202300030024";"16";"04";"2023";"05:10";"2";"988";"98823";"2";"1";"2";"6";"Néouta (Tribu)";" -21,06355700";"165,38545800"
"202300030025";"24";"05";"2023";"17:50";"1";"85";"85182";"1";"1";"1";"1";"RD752";"46,77888000";" -0,85717800"
"202300030026";"3";"03";"2023";"17:00";"1";"59";"59350";"2";"1";"1";"6";"Avenue Marie-Louise Delwaulle";"50,63315000";"3,01926000"
"202300030027";"10";"11";"2023";"07:45";"1";"973";"97302";"2";"1";"1";"3";"CABASSOU (ROUTE DE)";"4,92019316";" -52,32015610"
"202300030028";"24";"05";"2023";"08:20";"1";"37";"37179";"2";"1";"1";"1";"la coudrière";"47,45079700";"0,72612200"
"202300030029";"3";"03";"2023";"10:49";"1";"59";"59368";"2";"1";"1";"1";"SAINT CHARLES RUE";"50,66563920";"3,06864023"
"202300030030";"24";"05";"2023";"16:30";"1";"987";"98724";"1";"1";"1";"6";"District de Fitii";" -16,73088600";" -151,03540400"
"202300030031";"15";"04";"2023";"21:45";"3";"971";"97128";"1";"1";"1";"1";"Castaing";"16,22833000";" -61,37448900"
"202300030032";"10";"11";"2023";"07:15";"1";"973";"97302";"2";"1";"1";"3";"RABAN (ROUTE DE)";"4,93023568";" -52,31339157"
"202300030033";"3";"03";"2023";"19:35";"3";"59";"59588";"2";"1";"1";"1";"CHAPEAU ROUGE - ROUTE";"51,02749500";"2,42827300"
"202300030034";"16";"04";"2023";"00:40";"5";"971";"97106";"2";"1";"1";"6";"Route Nationale 2";"16,14890300";" -61,77210500"
"202300030035";"2";"03";"2023";"16:20";"1";"59";"59178";"2";"1";"1";"6";"RHIN ET DANUBE (RUE)";"50,38818000";"3,07494000"
"202300030036";"9";"11";"2023";"08:20";"1";"973";"97302";"2";"3";"1";"3";"CABASSOU (ROUTE DE)";"4,92000000";" -52,31955000"
"202300030037";"25";"05";"2023";"16:00";"1";"78";"78437";"1";"2";"1";"3";"D125";"49,05193300";"1,65627500"
"202300030038";"28";"02";"2023";"09:35";"1";"57";"57306";"2";"1";"1";"6";"MARNE (RUE DE LA)";"49,33064000";"6,06049000"
"202300030039";"13";"04";"2023";"11:00";"1";"77";"77273";"1";"3";"1";"5";"D401";"49,04796700";"2,74722600"
"202300030040";"23";"05";"2023";"08:30";"1";"03";"03290";"1";"1";"1";"7";"RD 29 PK 09+100";"46,66466500";"3,34954300"
"202300030041";"28";"02";"2023";"08:32";"1";"57";"57012";"2";"1";"1";"6";"FOCH (RUE)";"49,35975000";"6,04911000"
"202300030042";"8";"11";"2023";"20:21";"3";"973";"97302";"2";"3";"1";"3";"FLAMBOYANTS (RUE DES)";"4,92497126";" -52,31714398"
"202300030043";"14";"04";"2023";"18:30";"1";"73";"73153";"1";"1";"1";"1";"D67";"45,73065511";"6,42131565"
"202300030044";"16";"04";"2023";"12:15";"1";"77";"77280";"2";"3";"1";"1";"VC";"49,01915006";"3,02651968"
"202300030045";"2";"03";"2023";"14:30";"1";"56";"56098";"2";"6";"1";"2";"LANN-SEVELIN (ROND POINT DE)";"47,77808000";" -3,34523000"
"202300030046";"8";"11";"2023";"11:10";"1";"973";"97302";"2";"2";"1";"3";"CESAIRE (CITE)";"4,93051000";" -52,32233000"
"202300030047";"15";"04";"2023";"14:00";"1";"30";"30345";"2";"1";"1";"7";"La Canebiere";"44,27946700";"4,00388400"