"Num_Acc";"jour";"mois";"an";"hrmn";"lum";"dep";"com";"agg";"int";"atm";"col";"adr";"lat";"long"
"202300030246";"11";"11";"2023";"21:10";"5";"64";"64102";"2";"1";"3";"6";"ARITXAGUE (BD D')";"43,47355000";" -1,48961000"
"202300030247";"22";"05";"2023";"08:00";"1";"54";"54578";"2";"1";"1";"3";"Boulevard du Docteur Cattenoz";"48,67458097";"6,15881860"
"202300030248";"11";"11";"2023";"09:30";"1";"64";"64102";"2";"1";"2";"1";"MOULIN DE HABAS (CHEMIN DU)";"43,51017000";" -1,44978000"
"202300030249";"5";"03";"2023";"14:13";"1";"56";"56211";"1";"1";"1";"5";"17 Beauroc";"47,77417700";" -2,31682600"
"202300030250";"23";"05";"2023";"20:55";"1";"53";"53130";"2";"1";"1";"3";"BOUDET ( QUAI PAUL )";"48,06661000";" -0,76730000"
"202300030251";"8";"11";"2023";"18:40";"5";"64";"64024";"2";"1";"2";"7";"BAHINOS (ROUTE DE)";"43,49132000";" -1,51704000"
"202300030252";"12";"02";"2023";"13:40";"1";"56";"56193";"1";"9";"1";"3";"26 Groach Carnec";"47,70907100";" -3,27842300"
"202300030253";"23";"05";"2023";"16:44";"1";"51";"51454";"2";"1";"1";"6";"rue de Courcelles";"49,26023024";"4,01964024"
"202300030254";"23";"05";"2023";"05:30";"5";"51";"51454";"2";"1";"1";"7";"place Drouet d'Erlon";"49,25650976";"4,02636856"
"202300030255";"8";"11";"2023";"17:00";"2";"62";"62525";"2";"2";"2";"3";"Rue de la Libération";"50,74129000";"2,26157000"
"202300030256";"3";"03";"2023";"17:00";"1";"78";"78565";"1";"2";"1";"5";"D11";"48,88943900";"1,72254700"
"202300030257";"16";"02";"2023";"17:50";"1";"79";"79202";"2";"6";"1";"6";"N/A";"46,63766900";" -0,26513600"
"202300030258";"8";"11";"2023";"15:20";"1";"62";"62765";"2";"1";"3";"6";"Boulevard Vauban";"50,74757000";"2,25071000"
"202300030259";"22";"05";"2023";"17:55";"1";"51";"51058";"2";"2";"1";"3";"Rue Romain Rolland";"49,21940000";"3,99955000"
"202300030260";"3";"03";"2023";"18:10";"1";"61";"61140";"1";"1";"1";"1";"RD 918";"48,71852000";"0,65972000"
"202300030261";"9";"11";"2023";"10:00";"1";"62";"62737";"2";"1";"1";"2";"D937";"50,44675000";"2,69107000"
"202300030262";"5";"03";"2023";"14:55";"1";"34";"34150";"1";"1";"1";"7";"D51";"43,35033600";"3,51172000"
"202300030263";"19";"05";"2023";"18:50";"1";"50";"50129";"2";"1";"1";"3";"PARIS (AVENUE DE)";"49,62862000";" -1,61816000"
"202300030264";"10";"11";"2023";"16:55";"1";"62";"62215";"2";"1";"1";"6";"Rue Cyprien Quinet";"50,49145000";"2,97151000"
"202300030265";"4";"03";"2023";"06:45";"2";"34";"34147";"1";"1";"1";"2";"D909";"43,45587800";"3,20751400"
"202300030266";"23";"05";"2023";"14:30";"1";"49";"49328";"2";"1";"1";"3";"POMPIDOU (AVENUE GEORGES)";"47,26478119";" -0,09849072"
"202300030267";"6";"11";"2023";"02:10";"4";"62";"62510";"1";"1";"3";"6";"D58";"50,42186114";"2,79985294"
"202300030268";"24";"02";"2023";"08:45";"1";"34";"34130";"1";"1";"1";"5";"D909";"43,52214900";"3,18839000"
"202300030269";"16";"11";"2023";"16:50";"2";"62";"62160";"2";"1";"2";"6";"RUE DE SAINT-OMER";"50,72663000";"1,62126000"
"202300030270";"23";"05";"2023";"13:30";"1";"49";"49099";"2";"1";"1";"1";"RONTARDIERE (BOULEVARD DE LA)";"47,06128000";" -0,84814000"
"202300030271";"2";"10";"2023";"12:15";"1";"62";"62119";"2";"1";"1";"6";"Rue Fernand Bar";"50,53301224";"2,63509950"
"202300030272";"5";"03";"2023";"03:02";"4";"68";"68290";"2";"6";"1";"6";"2 Rue de Hirtzfelden";"47,94109900";"7,46370200"
"202300030273";"23";"05";"2023";"10:45";"1";"43";"43157";"2";"1";"1";"4";"Rue Salvador Allende";"45,02589800";"3,88171200"
"202300030274";"9";"11";"2023";"17:25";"5";"62";"62041";"2";"1";"3";"2";"Boulevard Robert Schuman";"50,29730000";"2,77989000"
"202300030275";"17";"05";"2023";"19:20";"1";"42";"42237";"1";"1";"1";"2";"N88";"45,44040000";"4,45566000"
"202300030276";"5";"03";"2023";"14:45";"1";"35";"35078";"2";"1";"8";"7";"Rue de la Plage";"48,60643300";" -1,70787500"
"202300030277";"22";"05";"2023";"11:40";"1";"42";"42218";"2";"1";"1";"6";"Rue Pierre Blachon";"45,42724000";"4,40499000"
"202300030278";"5";"03";"2023";"19:00";"2";"31";"31579";"1";"1";"1";"7";"Route de Toulouse";"43,73684100";"1,49102900"
"202300030279";"27";"10";"2023";"17:08";"1";"61";"61006";"2";"1";"2";"6";"D958";"48,75045000";" -0,02971000"
"202300030280";"23";"05";"2023";"18:15";"1";"38";"38053";"2";"3";"1";"3";"PRE BENIT (AVE DE)";"45,58973000";"5,28440000"
"202300030281";"4";"03";"2023";"19:40";"3";"02";"02656";"1";"1";"1";"1";"";"49,36727700";"3,81408000"
"202300030282";"9";"11";"2023";"18:30";"5";"60";"60057";"2";"7";"1";"3";"Boulevard de l'Assaut";"49,43513000";"2,08814000"
"202300030283";"23";"05";"2023";"19:40";"1";"33";"33318";"2";"1";"1";"6";"Avenue de la Forge";"44,80191000";" -0,64545000"
"202300030284";"4";"03";"2023";"16:15";"1";"02";"02158";"1";"6";"1";"3";"";"49,46856700";"3,66517400"
"202300030285";"22";"05";"2023";"08:45";"1";"33";"33281";"2";"1";"1";"6";"Avenue des Eyquems";"44,82685000";" -0,61590000"
"202300030286";"9";"11";"2023";"14:00";"1";"60";"60057";"2";"2";"1";"3";"Rue des Cheminots";"49,42353136";"2,10074367"
"202300030287";"4";"03";"2023";"23:25";"3";"15";"15045";"1";"1";"1";"6";"RD 921";"44,86405600";"3,01094600"
"202300030288";"11";"11";"2023";"05:20";"5";"59";"59352";"2";"2";"2";"6";"BOUSBECQUE (RUE DE)";"50,74131000";"3,07996000"
"202300030289";"23";"05";"2023";"18:31";"1";"31";"31555";"2";"1";"1";"3";"MURET (AV DE) DU 1AU 134";"43,58356000";"1,42706000"
"202300030290";"5";"03";"2023";"15:00";"1";"70";"70219";"1";"1";"1";"2";"D9";"47,53847000";"6,35919600"
"202300030291";"22";"05";"2023";"19:55";"1";"29";"29019";"2";"1";"1";"1";"rampe du Vieux Kerveguen";"48,39445900";" -4,44588100"
"202300030292";"8";"11";"2023";"18:30";"5";"59";"59512";"2";"4";"3";"3";"TUILERIE (RUE DE LA)";"50,68981000";"3,17914000"
"202300030293";"5";"03";"2023";"10:40";"1";"06";"06079";"1";"1";"1";"1";"Boulevard des Termes";"43,54593100";"6,92556500"
"202300030294";"22";"05";"2023";"17:00";"1";"27";"27701";"1";"1";"1";"2";"D6154";"49,24798000";"1,18537000"
"202300030295";"9";"11";"2023";"16:00";"1";"59";"59350";"2";"2";"2";"6";"BONTE AUGUSTE RUE";"50,64459000";"3,01348000"
"202300030296";"5";"03";"2023";"06:30";"5";"64";"64399";"1";"1";"1";"6";"D834";"43,35450100";" -0,37995000"
"202300030297";"9";"11";"2023";"13:45";"1";"59";"59350";"2";"1";"8";"6";"FAUBOURG DES POSTES RUE";"50,61304000";"3,04705000"
"202300030298";"5";"03";"2023";"14:30";"1";"36";"36058";"1";"1";"1";"7";"D951";"46,60485667";"0,98637846"
"202300030299";"22";"05";"2023";"22:20";"4";"25";"25388";"2";"2";"1";"3";"GAUGUIN (RUE PAUL)";"47,49701000";"6,79184000"
"202300030300";"3";"03";"2023";"20:10";"2";"85";"85102";"1";"1";"1";"3";"49 Route de Palluau";"46,81075000";" -1,63930300"
"202300030301";"11";"11";"2023";"09:50";"1";"56";"56162";"2";"1";"1";"6";"EGLISE (PLACE DE L')";"47,73671000";" -3,42729000"
"202300030302";"20";"05";"2023";"00:15";"3";"24";"24053";"1";"1";"1";"1";"RESISTANCE (AVENUE)";"45,17747000";"0,76518000"
"202300030303";"5";"03";"2023";"12:50";"1";"30";"30184";"1";"1";"1";"6";"";"43,98253600";"4,23717700"
"202300030304";"22";"05";"2023";"13:38";"1";"15";"15014";"2";"1";"3";"6";"TRONQUIERES (AVENUE DE)";"44,90668000";"2,42861000"
"202300030305";"9";"11";"2023";"08:20";"1";"56";"56083";"2";"6";"8";"3";"PARCO ( R-P DU )";"47,79252000";" -3,26561000"
"202300030306";"4";"03";"2023";"16:10";"1";"987";"98738";"1";"3";"1";"3";"RT1 Pk 16 face en chemin d'accès à la résidence Te maruata";" -17,61800000";" -149,54900000"
"202300030307";"8";"11";"2023";"14:20";"1";"56";"56121";"2";"1";"1";"6";"MENDES FRANCE ( BD PIERRE )";"47,76552000";" -3,39417000"
"202300030308";"5";"03";"2023";"13:00";"1";"06";"06152";"1";"1";"1";"7";"4174 Route du Parc";"43,61632400";"7,03942000"
"202300030309";"23";"05";"2023";"15:10";"1";"13";"13206";"2";"2";"1";"5";"ROME (RUE DE)";"43,28937612";"5,38167197"
"202300030310";"27";"02";"2023";"22:00";"3";"66";"66195";"1";"1";"6";"6";"N116";"42,68951800";"2,82389400"
"202300030311";"10";"11";"2023";"19:00";"5";"54";"54167";"2";"1";"3";"4";"Avenue du Marechal Foch";"48,67146000";"5,89753000"
"202300030312";"4";"03";"2023";"20:50";"3";"58";"58238";"1";"1";"1";"7";"Route de Chaluzy";"47,00920100";"3,21249200"
"202300030313";"23";"05";"2023";"12:00";"1";"11";"11069";"2";"1";"1";"3";"87 Rue de la Liberte";"43,21573000";"2,34857000"
"202300030314";"8";"11";"2023";"08:30";"2";"54";"54547";"2";"1";"1";"6";"Avenue du Général Leclerc";"48,66689356";"6,16652191"
"202300030315";"23";"05";"2023";"15:40";"1";"06";"06088";"2";"1";"1";"6";"FABRON (AV. DE) (A PARTIR DU N° 79)";"43,68844100";"7,22752900"
"202300030316";"5";"03";"2023";"03:15";"4";"34";"34095";"1";"1";"1";"2";"A9 ";"43,51477000";"3,74751800"
"202300030317";"11";"11";"2023";"10:35";"1";"54";"54321";"1";"1";"1";"1";"Rue Ernest Hemingway";"49,53660000";"5,79995000"
"202300030318";"23";"05";"2023";"06:45";"1";"06";"06027";"2";"1";"1";"6";"PLAGE BOULEVARD DE LA";"43,65149000";"7,15335300"
"202300030319";"5";"03";"2023";"07:20";"2";"11";"11262";"1";"1";"1";"2";"A9";"43,17413700";"3,02772000"
"202300030320";"23";"05";"2023";"19:30";"1";"03";"03101";"1";"1";"1";"6";"RN 145";"46,33968000";"2,53630000"
"202300030321";"9";"11";"2023";"16:26";"2";"54";"54254";"1";"3";"2";"3";"D196";"49,49229011";"5,81161469"
"202300030322";"5";"03";"2023";"06:45";"3";"51";"51242";"1";"1";"1";"3";"A26";"48,93510277";"4,28531487"
"202300030323";"23";"05";"2023";"18:40";"1";"02";"02408";"2";"3";"1";"3";"98 Avenue Pierre Mendès-France";"49,57830000";"3,64060000"
"202300030324";"25";"02";"2023";"12:30";"1";"987";"98714";"1";"1";"1";"1";"Anau  - Montée du CET";" -16,38800000";" -151,76500000"
"202300030325";"11";"11";"2023";"15:00";"1";"51";"51454";"2";"2";"8";"3";"CHAILLOT (RUE)";"49,28724000";"4,02647000"
"202300030326";"4";"03";"2023";"16:13";"1";"974";"97412";"2";"1";"1";"2";"62 Rue Raphaël Babet";" -21,38111200";"55,61223600"
"202300030327";"23";"05";"2023";"15:00";"1";"75";"75120";"2";"3";"1";"3";"RUE DE BAGNOLET";"48,85838100";"2,40067400"
"202300030328";"9";"11";"2023";"08:30";"1";"51";"51573";"2";"1";"2";"2";"GRANDE RUE";"49,25319000";"3,98871000"
"202300030329";"4";"03";"2023";"14:30";"1";"978";"97801";"2";"1";"1";"3";"R CHARLES TONDU";"18,06117000";" -63,09463300"
"202300030330";"23";"05";"2023";"10:15";"1";"75";"75120";"2";"3";"1";"2";"RUE LEVERT";"48,87359900";"2,39036900"
"202300030331";"9";"11";"2023";"07:40";"2";"51";"51454";"2";"2";"2";"1";"PAIX (BOULEVARD DE LA)";"49,25155000";"4,04194000"
"202300030332";"4";"03";"2023";"18:35";"2";"91";"91038";"2";"9";"1";"3";"84 Chemin du Guette-lièvre";"48,49143600";"2,22186300"
"202300030333";"11";"11";"2023";"02:02";"5";"50";"50502";"2";"1";"1";"6";"TORIGNI";"49,10738000";" -1,07075000"
"202300030334";"23";"05";"2023";"06:40";"1";"75";"75120";"2";"9";"1";"2";"BOULEVARD DAVOUT";"48,85474000";"2,41025800"
"202300030335";"5";"03";"2023";"12:40";"1";"66";"66138";"2";"4";"1";"1";"11 Boulevard National";"42,75495400";"2,85367200"
"202300030336";"8";"11";"2023";"12:15";"1";"50";"50129";"2";"1";"2";"3";"POINCARE (AVENUE HENRI)";"49,62995000";" -1,60466000"
"202300030337";"23";"05";"2023";"06:50";"1";"75";"75120";"2";"3";"2";"6";"BOULEVARD DAVOUT";"48,85407200";"2,41070500"
"202300030338";"4";"03";"2023";"18:20";"1";"73";"73015";"2";"1";"1";"6";"Route des chalets";"45,39851000";"6,57263500"
"202300030339";"9";"11";"2023";"04:10";"5";"50";"50129";"2";"1";"1";"2";"LEMONNIER (AVENUE AMIRAL)";"49,63368000";" -1,60638000"
"202300030340";"23";"05";"2023";"20:06";"1";"75";"75117";"2";"2";"1";"6";"RUE LEGENDRE";"48,88911200";"2,32272300"
"202300030341";"4";"03";"2023";"22:00";"4";"07";"07059";"1";"1";"1";"1";"Rd 86";"44,99207400";"4,84675200"
"202300030342";"11";"11";"2023";"19:13";"5";"49";"49353";"2";"2";"1";"2";"JEAN JAURES RUE";"47,44370000";" -0,49817000"
"202300030343";"5";"03";"2023";"04:50";"4";"69";"69177";"1";"6";"9";"6";"Route de Sain Bel";"45,80014400";"4,63508200"
"202300030344";"23";"05";"2023";"10:30";"1";"75";"75117";"2";"4";"1";"3";"AVENUE DE WAGRAM";"48,88155200";"2,30069200"
"202300030345";"5";"03";"2023";"03:40";"3";"33";"33539";"1";"1";"1";"6";"N89";"44,88033800";" -0,30694100"
"202300030346";"23";"05";"2023";"12:45";"1";"75";"75116";"2";"2";"8";"6";"AVENUE MOZART";"48,85467900";"2,26936600"
"202300030347";"11";"11";"2023";"15:50";"1";"49";"49007";"2";"2";"1";"1";"DAVIERS BOULEVARD";"47,47855000";" -0,55608000"
"202300030348";"26";"02";"2023";"18:15";"1";"33";"33474";"1";"1";"1";"6";"Rue de Lescourejolles";"44,66216300";" -0,46084600"
"202300030349";"11";"11";"2023";"01:55";"4";"49";"49007";"2";"1";"1";"2";"GARDOT";"47,46818000";" -0,53351000"
"202300030350";"23";"05";"2023";"19:40";"1";"75";"75107";"2";"1";"1";"6";"QUAI BRANLY";"48,86152800";"2,29752100"
"202300030351";"5";"03";"2023";"16:15";"1";"33";"33233";"1";"1";"1";"6";"Piste DFCI n29";"45,08147600";" -0,34334400"
"202300030352";"9";"11";"2023";"04:43";"4";"49";"49007";"2";"1";"2";"3";"INDUSTRIE BOULEVARD";"47,49290000";" -0,52220000"
"202300030353";"14";"12";"2023";"19:40";"5";"76";"76481";"1";"6";"1";"2";"RD 940";"49,55498000";"0,11149000"
"202300030354";"23";"05";"2023";"09:30";"1";"94";"94042";"2";"1";"1";"7";"Avenue des Canadiens";"48,81937503";"2,46355712"
"202300030355";"4";"03";"2023";"13:10";"1";"22";"22035";"1";"2";"1";"1";"Le Perroquet Vert";"48,44483500";" -1,97534000"
"202300030356";"8";"11";"2023";"18:15";"5";"49";"49007";"2";"1";"2";"5";"FAURE QUAI";"47,47224000";" -0,55840000"
"202300030357";"14";"12";"2023";"19:30";"5";"76";"76351";"2";"1";"2";"6";"JEAN MAUREL (RUE)";"49,48889000";"0,12498000"
"202300030358";"23";"05";"2023";"17:10";"1";"94";"94003";"2";"9";"1";"6";"Avenue Laplace";"48,80990000";"2,32730000"
"202300030359";"5";"03";"2023";"03:40";"5";"62";"62443";"1";"1";"1";"6";"D301";"50,44462900";"2,63348100"
"202300030360";"14";"12";"2023";"17:35";"5";"76";"76351";"2";"1";"2";"6";"PIERRE FARCIS";"49,51702000";"0,09958000"
"202300030361";"8";"11";"2023";"12:15";"1";"49";"49007";"2";"2";"8";"2";"SAINT JACQUES";"47,47384000";" -0,57549000"
"202300030362";"23";"05";"2023";"20:45";"1";"94";"94041";"2";"3";"1";"6";"Avenue Georges Gosnat /  Rue Marat";"48,81129927";"2,38411897"
"202300030363";"15";"12";"2023";"07:05";"3";"73";"73011";"1";"1";"1";"2";"N90";"45,66262672";"6,40528947"
"202300030364";"11";"11";"2023";"05:45";"5";"45";"45075";"2";"1";"1";"3";"D2152 PR 65 + 190";"47,88859017";"1,83437526"
"202300030365";"3";"03";"2023";"02:45";"3";"83";"83126";"1";"1";"1";"7";"A50";"43,11997155";"5,85327311"
"202300030366";"23";"05";"2023";"08:33";"1";"94";"94065";"2";"1";"1";"6";"Avenue de la Gare";"48,74019943";"2,35357486"
"202300030367";"14";"12";"2023";"18:10";"1";"71";"71306";"2";"1";"1";"7";"64 Avenue Maréchal Leclerc";"46,67982878";"4,36758846"
"202300030368";"9";"11";"2023";"08:25";"1";"45";"45234";"2";"1";"1";"6";"48 Rue des Montées";"47,87211700";"1,92065200"
"202300030369";"14";"12";"2023";"16:50";"1";"71";"71306";"2";"1";"1";"6";"parking de la mairie";"46,67435086";"4,36257541"
"202300030370";"23";"05";"2023";"18:01";"1";"94";"94022";"2";"3";"1";"3";"Avenue de la Folie / Rue Bernard Palissy";"48,77199000";"2,41824000"
"202300030371";"8";"11";"2023";"15:30";"1";"45";"45232";"2";"1";"1";"7";"D2020 PR 35 + 345";"47,85035000";"1,91146000"
"202300030372";"11";"11";"2023";"19:20";"5";"44";"44109";"2";"6";"2";"3";"Place Victor Mangin";"47,20083554";" -1,54449670"
"202300030373";"15";"12";"2023";"18:30";"5";"69";"69282";"1";"3";"1";"4";"Rue de la République";"45,76046000";"5,03089000"
"202300030374";"22";"05";"2023";"11:45";"1";"94";"94018";"2";"3";"1";"3";"84 Rue de Paris";"48,82305000";"2,41133000"
"202300030375";"9";"11";"2023";"20:20";"5";"44";"44162";"2";"1";"2";"6";"Boulevard Salvador Allende";"47,22223000";" -1,63869000"
"202300030376";"15";"12";"2023";"11:35";"1";"69";"69290";"2";"2";"1";"2";"Boulevard de la Porte des Alpes";"45,71510000";"4,92561000"
"202300030377";"23";"05";"2023";"13:00";"1";"93";"93064";"2";"2";"1";"2";"Rue de Rosny / Boulevard Théophile Sueur";"48,87103140";"2,47092980"
"202300030378";"28";"10";"2023";"19:45";"2";"40";"40279";"1";"1";"1";"5";"CD 129 - ROUTE DE MONT DE MARSAN";"43,72160000";" -1,03880000"
"202300030379";"15";"12";"2023";"21:39";"5";"67";"67482";"2";"3";"1";"3";"ABBE LEMIRE (RUE DE L )";"48,57626000";"7,72681000"
"202300030380";"23";"05";"2023";"09:05";"1";"93";"93048";"2";"1";"8";"3";"Rue Franklin";"48,86324000";"2,44407000"
"202300030381";"9";"11";"2023";"21:25";"5";"37";"37261";"2";"2";"2";"2";"EUROPE (AVENUE DE L')";"47,42290000";"0,68568000"
"202300030382";"15";"12";"2023";"07:00";"5";"67";"67482";"2";"4";"1";"3";"BORDEAUX (PLACE DE)";"48,59354000";"7,75853000"
"202300030383";"23";"05";"2023";"12:00";"1";"93";"93046";"2";"1";"1";"3";"Av du Consul General Nordling";"48,91821000";"2,53571000"
"202300030384";"9";"11";"2023";"18:00";"5";"37";"37261";"2";"2";"8";"3";"VAILLANT (RUE EDOUARD)";"47,38695000";"0,69822000"
"202300030385";"15";"12";"2023";"14:15";"1";"67";"67180";"2";"9";"8";"6";"WISSEMBOURG (AV. DE)";"48,82759000";"7,79402000"
"202300030386";"23";"05";"2023";"10:40";"1";"93";"93005";"2";"1";"1";"1";"Av I et Frederic Joliot Curie";"48,92918771";"2,51238846"
"202300030387";"9";"11";"2023";"16:00";"1";"37";"37261";"2";"3";"8";"3";"GRAMMONT (AVENUE DE)";"47,38256763";"0,69210380"
"202300030388";"15";"12";"2023";"16:30";"1";"66";"66136";"2";"1";"1";"6";"Av Georges et Claude CAUSTIER";"42,68988000";"2,85981000"
"202300030389";"22";"05";"2023";"15:05";"1";"92";"92072";"2";"9";"1";"2";"TROYON (RUE)";"48,82658000";"2,22654000"
"202300030390";"16";"12";"2023";"01:40";"5";"64";"64140";"2";"2";"1";"6";"DUVERT (RUE RENE)";"43,52268000";" -1,48939000"
"202300030391";"9";"11";"2023";"12:35";"1";"37";"37208";"2";"4";"8";"2";"POMPIDOU (AVENUE GEORGES)";"47,37188593";"0,71603179"
"202300030392";"22";"05";"2023";"01:20";"5";"92";"92072";"2";"3";"1";"3";"GRANDE RUE";"48,82644000";"2,21926000"
"202300030393";"15";"12";"2023";"19:00";"5";"63";"63113";"2";"2";"2";"3";"KESSLER (RUE)";"45,76956000";"3,08731000"
"202300030394";"9";"11";"2023";"09:22";"1";"37";"37122";"2";"3";"8";"3";"CHINON (BOULEVARD DE)";"47,35403000";"0,69387000"
"202300030395";"23";"05";"2023";"08:55";"1";"92";"92063";"2";"1";"1";"1";"RICHELIEU (BOULEVARD)";"48,87217450";"2,18297392"
"202300030396";"9";"11";"2023";"07:55";"1";"37";"37195";"2";"6";"8";"3";"MOULIN (RUE JEAN)";"47,38480323";"0,65418005"
"202300030397";"15";"12";"2023";"17:40";"3";"62";"62842";"1";"9";"1";"4";"RN47";"50,46237529";"2,83096218"
"202300030398";"23";"05";"2023";"18:20";"1";"92";"92044";"2";"3";"1";"3";"GEO.POMPIDOU(AVE) 21+ ET 22+";"48,89812622";"2,28014320"
"202300030399";"9";"11";"2023";"07:35";"2";"37";"37261";"2";"6";"8";"3";"SAINT-SAUVEUR (ROND POINT)";"47,37348000";"0,67865000"
"202300030400";"12";"12";"2023";"16:00";"1";"62";"62624";"1";"9";"1";"6";"Avenue de la République";"50,41540886";"2,98103499"
"202300030401";"8";"11";"2023";"18:33";"3";"37";"37122";"1";"1";"8";"6";"RD 37";"47,36625000";"0,65284000"
"202300030402";"10";"11";"2023";"01:15";"5";"60";"60057";"2";"1";"1";"6";"Rue du Pont d'Arcole";"49,42463000";"2,09853000"
"202300030403";"8";"11";"2023";"12:38";"1";"36";"36044";"2";"1";"1";"6";"Boulevard des Marins";"46,80670000";"1,68041000"
"202300030404";"15";"12";"2023";"16:40";"1";"59";"59152";"2";"1";"8";"2";"HURLUPIN (RUE D')";"50,76351000";"3,01048000"
"202300030405";"23";"05";"2023";"08:10";"1";"92";"92044";"2";"1";"1";"2";"CHARLES PASQUA (QUAI) 58 A90";"48,90118384";"2,28516161"
"202300030406";"9";"11";"2023";"15:00";"1";"35";"35238";"1";"1";"1";"4";"N136";"48,13670000";" -1,70342000"
"202300030407";"15";"12";"2023";"23:10";"5";"59";"59299";"2";"2";"1";"1";"CLEMENCEAU (BOULEVARD)";"50,66041000";"3,18461000"
"202300030408";"14";"12";"2023";"15:35";"1";"57";"57672";"2";"1";"1";"6";"REPUBLIQUE (PLACE DE LA)";"49,35582900";"6,16354000"
"202300030409";"23";"05";"2023";"15:25";"1";"92";"92040";"2";"1";"1";"7";"MAURICE MALLET";"48,82989805";"2,26619750"
"202300030410";"9";"11";"2023";"09:55";"1";"35";"35238";"2";"2";"1";"3";"PATTON (AVENUE DU GENERAL SIR GEORGES)";"48,12857000";" -1,66423000"
"202300030411";"14";"12";"2023";"19:10";"5";"57";"57631";"2";"1";"1";"6";"MONTAGNE (RUE DE LA)";"49,10666000";"7,06005000"
"202300030412";"23";"05";"2023";"11:10";"1";"92";"92025";"2";"1";"1";"1";"GABRIEL PERI (RUE)";"48,91823100";"2,23888900"
"202300030413";"11";"11";"2023";"06:20";"3";"34";"34129";"1";"1";"1";"2";"PALAVAS D986 (ROUTE DE)";"43,57100000";"3,89612000"
"202300030414";"14";"12";"2023";"19:46";"5";"49";"49007";"2";"1";"2";"6";"BIRGE BOULEVARD";"47,47664000";" -0,52054000"
"202300030415";"8";"11";"2023";"01:15";"5";"33";"33063";"2";"1";"1";"2";"Quai de la Souys";"44,83146000";" -0,54600000"
"202300030416";"14";"12";"2023";"08:00";"5";"49";"49007";"2";"1";"1";"7";"DAILLIERE";"47,46443000";" -0,54600000"
"202300030417";"10";"11";"2023";"23:16";"4";"31";"31555";"1";"1";"1";"1";"VA007333 LA FAOURETTE A620 Sortie 26";"43,57021000";"1,41264000"
"202300030418";"14";"12";"2023";"15:00";"1";"49";"49015";"2";"1";"8";"1";"MEIGNANNE ROUTE DE LA";"47,50336600";" -0,63226300"
"202300030419";"8";"11";"2023";"08:47";"1";"31";"31555";"2";"1";"1";"3";"ALL DE BARCELONE";"43,60914000";"1,42375000"
"202300030420";"9";"11";"2023";"22:00";"3";"31";"31483";"1";"1";"1";"6";"ROUTE DE LA SERRE DE CAZAUX";"43,13399500";"0,72606600"
"202300030421";"15";"12";"2023";"23:40";"5";"47";"47001";"2";"2";"1";"3";"SCALIGER (BOULEVARD)";"44,20729000";"0,61544000"
"202300030422";"22";"05";"2023";"21:46";"5";"92";"92012";"2";"1";"1";"7";"GEORGES GORSE (QUAI)";"48,82547000";"2,23427000"
"202300030423";"9";"11";"2023";"17:00";"1";"31";"31483";"2";"1";"1";"2";"FRANCOIS MITTERAND ( AVENUE)";"43,11180000";"0,74350000"
"202300030424";"15";"12";"2023";"09:00";"1";"45";"45234";"2";"3";"8";"6";"1 Rue du Commandant Arago";"47,90703000";"1,89990000"
"202300030425";"23";"05";"2023";"08:55";"1";"92";"92009";"2";"1";"1";"6";"GENERAL LECLERC ( RUE DU )";"48,91627800";"2,26758000"
"202300030426";"9";"11";"2023";"17:22";"3";"29";"29232";"1";"1";"3";"7";"Rd 365 - Avenue du Morbihan";"47,97849253";" -4,04788430"
"202300030427";"14";"12";"2023";"17:20";"5";"37";"37261";"2";"1";"2";"6";"DE GAULLE (AVENUE DU GENERAL)";"47,38145000";"0,70263000"
"202300030428";"23";"05";"2023";"15:20";"1";"60";"60122";"1";"1";"1";"7";"D107";"49,61052900";"1,77658800"
"202300030429";"9";"11";"2023";"15:24";"1";"29";"29039";"2";"1";"2";"6";"Rue Amiral Courbet";"47,87214000";" -3,92281000"
"202300030430";"15";"12";"2023";"18:30";"3";"35";"35238";"1";"1";"1";"2";"RN136";"48,10978000";" -1,71777000"
"202300030431";"8";"11";"2023";"07:20";"5";"29";"29019";"2";"6";"2";"3";"rue Emile Rousse";"48,38532600";" -4,52825300"
"202300030432";"14";"12";"2023";"07:45";"5";"35";"35238";"2";"6";"1";"3";"VILLEBOIS MAREUIL (BD)";"48,10378000";" -1,64992000"
"202300030433";"18";"05";"2023";"16:50";"1";"47";"47091";"1";"1";"1";"7";"Rocade d?Estillac";"44,18001900";"0,57304300"
"202300030434";"9";"11";"2023";"08:10";"1";"28";"28134";"2";"2";"1";"3";"BICHE (RUE DE LA)";"48,72976000";"1,37499000"
"202300030435";"15";"12";"2023";"05:02";"3";"35";"35278";"2";"1";"2";"3";"RN136";"48,14094500";" -1,68645800"
"202300030436";"9";"11";"2023";"16:35";"1";"27";"27701";"2";"1";"1";"6";"PARC (CH. DU) FALAISES A LACS";"49,27202000";"1,21238000"
"202300030437";"23";"05";"2023";"13:30";"1";"34";"34148";"1";"1";"1";"1";"Chemin de Tabarka";"43,36911900";"3,17243100"
"202300030438";"13";"12";"2023";"18:20";"5";"35";"35150";"2";"6";"8";"3";"La Pilais";"48,35162800";" -1,23512500"
"202300030439";"9";"11";"2023";"19:35";"5";"26";"26362";"2";"1";"2";"6";"Avenue Victor Hugo";"44,90842000";"4,88364000"
"202300030440";"23";"05";"2023";"16:15";"1";"86";"86096";"1";"1";"1";"1";"D20";"46,82178300";"0,31880900"
"202300030441";"14";"12";"2023";"19:10";"5";"34";"34003";"2";"6";"1";"3";"MONACO (F16 A G15";"43,31100000";"3,47800000"