"Num_Acc";"jour";"mois";"an";"hrmn";"lum";"dep";"com";"agg";"int";"atm";"col";"adr";"lat";"long"
"202300030442";"8";"11";"2023";"21:07";"3";"26";"26058";"1";"1";"1";"7";"Route Nationale 7";"44,96978686";"4,88536990"
"202300030443";"15";"12";"2023";"07:15";"2";"31";"31149";"2";"1";"2";"6";"ALLENDE (AVENUE SALVADOR)";"43,60584200";"1,32490800"
"202300030444";"11";"11";"2023";"21:35";"3";"25";"25056";"2";"1";"2";"6";"RN 1057 (ROUTE DE GRAY-CH.EPITAPHE)";"47,25137000";"5,98530000"
"202300030445";"14";"12";"2023";"17:55";"5";"31";"31555";"2";"1";"1";"3";"AV DE LARDENNE";"43,59256200";"1,40210100"
"202300030446";"9";"11";"2023";"19:50";"5";"22";"22278";"2";"3";"2";"2";"ROSTAND (EDMOND)";"48,51655934";" -2,73487151"
"202300030447";"24";"05";"2023";"14:26";"1";"11";"11148";"1";"9";"1";"3";"A61";"43,16909000";"2,70748600"
"202300030448";"10";"11";"2023";"16:25";"1";"17";"17415";"2";"1";"2";"2";"COTE DE BEAUTE RUE DE LA";"45,74897900";" -0,66860000"
"202300030449";"15";"12";"2023";"13:30";"1";"30";"30028";"2";"1";"1";"1";"ROBERT GOURDON (AVENUE)";"44,16560000";"4,62564000"
"202300030450";"9";"11";"2023";"18:50";"3";"17";"17415";"2";"6";"2";"3";"BERTHELOT RUE MARCELIN";"45,74098000";" -0,62231000"
"202300030451";"14";"12";"2023";"12:12";"1";"29";"29019";"2";"6";"2";"3";"rue du Valy-Hir";"48,38527300";" -4,52877700"
"202300030452";"24";"05";"2023";"11:10";"1";"84";"84069";"1";"1";"1";"3";"Route de Veaux";"44,19202100";"5,14134400"
"202300030453";"9";"11";"2023";"22:53";"5";"17";"17300";"2";"1";"2";"2";"NOUE   RUE DE LA";"46,16162000";" -1,15530000"
"202300030454";"14";"12";"2023";"09:00";"1";"29";"29019";"2";"3";"2";"1";"boulevard Montaigne";"48,40170000";" -4,48306000"
"202300030455";"9";"11";"2023";"13:10";"1";"15";"15014";"2";"1";"2";"2";"6 Rue du Président Delzons";"44,92961200";"2,44288700"
"202300030456";"14";"12";"2023";"23:50";"5";"28";"28220";"1";"1";"2";"2";"ROUTE NATIONALE 123";"48,41621000";"1,46605000"
"202300030457";"9";"11";"2023";"09:40";"1";"14";"14557";"1";"1";"1";"7";"D27A";"49,34074000";"0,09739000"
"202300030458";"15";"12";"2023";"17:50";"5";"25";"25462";"2";"4";"1";"6";"GRENIER DOCTEUR";"46,90242000";"6,35108000"
"202300030459";"9";"11";"2023";"18:30";"5";"14";"14118";"2";"2";"3";"1";"2 Rue de Malon";"49,20868900";" -0,37695900"
"202300030460";"15";"12";"2023";"12:25";"1";"23";"23096";"1";"1";"8";"3";"940 (ROUTE DEPARTEMENTALE)";"46,14870600";"1,86609600"
"202300030461";"12";"12";"2023";"17:45";"5";"21";"21231";"2";"1";"1";"6";"FRANKLIN D.ROOSEVELT (AVENUE)";"47,34800000";"5,05800000"
"202300030462";"10";"11";"2023";"08:50";"1";"13";"13117";"2";"4";"2";"6";"STADIUM (CD9)";"43,42922000";"5,27330000"
"202300030463";"14";"12";"2023";"08:10";"1";"19";"19031";"2";"3";"1";"3";"CHAUMEIL (RUE PIERRE)";"45,15620000";"1,50316000"
"202300030464";"7";"12";"2023";"19:23";"5";"14";"14566";"2";"1";"3";"6";"14 Rue Martin Luther King";"49,20420000";" -0,39683300"
"202300030465";"15";"12";"2023";"17:30";"3";"14";"14437";"1";"1";"1";"3";"N814";"49,17156000";" -0,30559000"
"202300030466";"14";"12";"2023";"07:20";"5";"14";"14118";"2";"1";"1";"6";"31 Boulevard Georges Pompidou";"49,18118000";" -0,39870000"
"202300030467";"27";"06";"2023";"15:30";"1";"33";"33550";"1";"1";"1";"2";"ROCADE A 630";"44,77917000";" -0,55174000"
"202300030468";"15";"12";"2023";"22:15";"5";"13";"13206";"2";"2";"1";"2";"DOCTEUR ESCAT (RUE)";"43,28389000";"5,38421000"
"202300030469";"27";"06";"2023";"07:35";"1";"33";"33397";"1";"1";"1";"3";"AUTOROUTE A 10";"44,91169000";" -0,48543000"
"202300030470";"15";"12";"2023";"15:15";"1";"13";"13205";"2";"2";"1";"3";"BAILLE (BOULEVARD)";"43,28734000";"5,38908000"
"202300030471";"27";"06";"2023";"09:00";"1";"59";"59566";"1";"1";"1";"6";"AUTOROUTE A25";"50,61990000";"2,97392000"
"202300030472";"27";"06";"2023";"15:07";"1";"91";"91659";"1";"1";"1";"6";"AUTOROUTE A6";"48,58618000";"2,45184000"
"202300030473";"15";"12";"2023";"06:50";"5";"13";"13215";"2";"1";"1";"2";"SAINT ANTOINE (CHEMIN DE)";"43,35969559";"5,36479323"
"202300030474";"27";"06";"2023";"09:50";"1";"91";"91689";"1";"1";"1";"2";"AUTOROUTE A6B";"48,74019000";"2,32033000"
"202300030475";"1";"12";"2023";"05:00";"5";"13";"13205";"2";"2";"1";"1";"CHAVE (BOULEVARD)";"43,29546000";"5,39653000"
"202300030476";"27";"06";"2023";"08:25";"1";"94";"94034";"1";"1";"1";"3";"A6A";"48,75337728";"2,33158098"
"202300030477";"15";"12";"2023";"18:23";"3";"11";"11069";"1";"1";"2";"6";"N/A";"43,18239000";"2,40363000"
"202300030478";"7";"09";"2023";"17:09";"1";"17";"17415";"2";"1";"1";"2";"Cours National";"45,74726000";" -0,63500000"
"202300030479";"27";"06";"2023";"19:00";"1";"78";"78646";"1";"1";"1";"5";"RN12";"48,79065300";"2,11103200"
"202300030480";"8";"09";"2023";"15:30";"1";"17";"17306";"2";"1";"7";"3";"REPUBLIQUE (DE LA) (BD)";"45,62430000";" -1,02824000"
"202300030481";"27";"06";"2023";"10:17";"1";"92";"92025";"1";"1";"1";"3";"A86";"48,92201331";"2,22672770"
"202300030482";"15";"12";"2023";"18:00";"5";"75";"75113";"2";"1";"1";"2";"BD PERIPHERIQUE EXTERIEUR QUAI D IVRY";"48,82523000";"2,38552900"
"202300030483";"8";"09";"2023";"19:20";"1";"17";"17300";"2";"2";"1";"3";"LECLERC   AVENUE DU GENERAL";"46,16309000";" -1,16514000"
"202300030484";"27";"06";"2023";"08:28";"1";"92";"92036";"1";"1";"1";"3";"A86";"48,93540166";"2,26544968"
"202300030485";"8";"09";"2023";"14:58";"1";"17";"17300";"2";"1";"1";"6";"COGNEHORS   BOULEVARD DE (1-95))";"46,16827000";" -1,14272000"
"202300030486";"24";"06";"2023";"07:15";"1";"95";"95151";"1";"1";"1";"6";"N104";"49,06365200";"2,26811700"
"202300030487";"8";"09";"2023";"00:25";"5";"15";"15014";"2";"1";"1";"6";"40 Rue de l'Egalite";"44,93236700";"2,44137400"
"202300030488";"27";"06";"2023";"07:50";"1";"94";"94033";"1";"1";"1";"3";"A86";"48,85628150";"2,48912403"
"202300030489";"15";"12";"2023";"03:57";"5";"75";"75104";"2";"7";"1";"3";"QUAI DE GESVRES";"48,85718200";"2,34749900"
"202300030490";"18";"06";"2023";"17:55";"1";"77";"77294";"1";"1";"1";"6";"RN104";"48,96577046";"2,60780349"
"202300030491";"9";"09";"2023";"01:10";"4";"14";"14327";"2";"3";"1";"6";"10 Rue Alexander Fleming";"49,20804900";" -0,33947500"
"202300030492";"13";"12";"2023";"13:15";"1";"75";"75106";"2";"1";"2";"3";"RUE VAVIN";"48,84413600";"2,33092600"
"202300030493";"17";"06";"2023";"20:05";"1";"94";"94065";"1";"1";"1";"2";"N186B";"48,75334269";"2,35993713"
"202300030494";"9";"09";"2023";"23:30";"3";"13";"13071";"2";"1";"1";"2";"JOYEUX ( AVENUE DES )";"43,37650000";"5,34696000"
"202300030495";"17";"06";"2023";"17:15";"1";"94";"94033";"1";"1";"1";"2";"A86";"48,85493533";"2,48858118"
"202300030496";"15";"12";"2023";"17:10";"5";"75";"75115";"2";"1";"1";"6";"RUE CAMBRONNE";"48,84453200";"2,30224200"
"202300030497";"29";"03";"2023";"08:45";"1";"74";"74058";"2";"1";"8";"6";"D22";"46,28879800";"6,80713800"
"202300030498";"9";"09";"2023";"22:30";"5";"13";"13215";"2";"3";"1";"3";"LE CHATELIER";"43,34702000";"5,36870000"
"202300030499";"10";"03";"2023";"08:24";"1";"74";"74264";"2";"2";"8";"6";"2 Rue de miosinges";"46,05349500";"6,55157100"
"202300030500";"8";"09";"2023";"17:30";"1";"13";"13208";"2";"1";"1";"6";"SABLIER (BOULEVARD DU)";"43,25067876";"5,38211601"
"202300030501";"13";"12";"2023";"09:45";"1";"75";"75115";"2";"2";"1";"3";"RUE GINOUX";"48,84810100";"2,28682700"
"202300030502";"7";"02";"2023";"05:00";"3";"74";"74154";"2";"3";"1";"3";"D252 ""les Bossons""";"46,38229100";"6,65341800"
"202300030503";"8";"09";"2023";"12:00";"1";"13";"13213";"2";"9";"1";"3";"METRO (BOULEVARD DU)";"43,33493881";"5,42859913"
"202300030504";"8";"04";"2023";"05:40";"4";"74";"74229";"1";"1";"1";"7";"D903";"46,24368700";"6,32651600"
"202300030505";"15";"12";"2023";"08:55";"1";"75";"75114";"2";"2";"8";"2";"RUE DE LA LEGION ETRANGERE";"48,82055315";"2,32424140"
"202300030506";"8";"09";"2023";"20:50";"5";"10";"10387";"2";"1";"1";"4";"ANATOLE FRANCE (RUE)";"48,28487000";"4,07364000"
"202300030507";"8";"04";"2023";"00:30";"3";"74";"74256";"1";"1";"1";"7";"Rte de crève coeur";"45,95065000";"6,64974300"
"202300030508";"7";"09";"2023";"12:30";"1";"10";"10081";"2";"1";"7";"7";"JULES FERRY (RUE)";"48,32235000";"4,05233000"
"202300030509";"13";"03";"2023";"16:30";"1";"43";"43130";"1";"1";"1";"7";"route de la chèze";"45,04715500";"4,19442800"
"202300030510";"17";"06";"2023";"22:40";"5";"57";"57463";"2";"1";"1";"6";"FOURNIRUE (EN )";"49,11862000";"6,17698000"
"202300030511";"15";"12";"2023";"12:05";"1";"75";"75111";"2";"3";"1";"2";"RUE DE CHARONNE";"48,85283200";"2,37451100"
"202300030512";"6";"09";"2023";"12:30";"1";"06";"06104";"2";"1";"1";"4";"SCHUMANN (PROMENADE ROBERT)";"43,76246100";"7,48497200"
"202300030513";"27";"06";"2023";"00:30";"5";"974";"97416";"2";"6";"1";"6";"AUGUSTIN ARCHAMBAUD(RUE)";" -21,33204567";"55,47911972"
"202300030514";"15";"12";"2023";"12:54";"1";"75";"75103";"2";"1";"1";"1";"RUE DE TURENNE";"48,86013500";"2,36459300"
"202300030515";"4";"09";"2023";"14:05";"1";"06";"06069";"2";"1";"1";"2";"CHENES (CHEMIN DES)";"43,64115000";"6,91501000"
"202300030516";"22";"06";"2023";"17:00";"1";"974";"97416";"1";"1";"2";"3";"STEPHANE (CHEMIN)";" -21,28011000";"55,48334000"
"202300030517";"15";"12";"2023";"13:30";"1";"75";"75108";"2";"1";"1";"3";"BOULEVARD MALESHERBES";"48,87614600";"2,31827400"
"202300030518";"26";"06";"2023";"12:15";"1";"973";"97302";"2";"1";"1";"3";"MONTABO (ROUTE DE) 1";"4,94458000";" -52,31052000"
"202300030519";"8";"09";"2023";"21:10";"5";"06";"06027";"2";"1";"1";"3";"GAUDE AVENUE DE LA";"43,66552000";"7,15383000"
"202300030520";"15";"12";"2023";"13:10";"1";"75";"75108";"2";"1";"1";"7";"AVENUE DES CHAMPS ELYSEES";"48,87278000";"2,29842700"
"202300030521";"16";"06";"2023";"16:25";"1";"973";"97302";"2";"1";"1";"3";"TROUBIRAN (CHEMIN DE)";"4,92580000";" -52,30361000"
"202300030522";"5";"09";"2023";"12:47";"1";"03";"03185";"2";"1";"1";"6";"Avenue Jules Guesde";"46,34067000";"2,58457000"
"202300030523";"15";"12";"2023";"15:25";"1";"75";"75107";"2";"2";"1";"1";"AVENUE DU MARECHAL GALLIENI";"48,86284000";"2,31345200"
"202300030524";"26";"06";"2023";"08:25";"1";"973";"97302";"2";"3";"1";"3";"MONTABO (ROUTE DE) 1";"4,94472109";" -52,31106341"
"202300030525";"15";"12";"2023";"07:51";"2";"75";"75107";"2";"3";"1";"1";"QUAI BRANLY";"48,86054900";"2,29562600"
"202300030526";"7";"09";"2023";"16:20";"1";"75";"75113";"2";"1";"1";"3";"PORTE D ITALIE";"48,81670700";"2,36510700"
"202300030527";"25";"06";"2023";"22:46";"4";"973";"97302";"2";"1";"2";"1";"MADELEINE (ROUTE DE LA)";"4,92854591";" -52,32533276"
"202300030528";"6";"09";"2023";"16:10";"1";"75";"75118";"2";"1";"1";"7";"PORTE DE LA CHAPELLE";"48,90079200";"2,35757000"
"202300030529";"26";"06";"2023";"11:00";"1";"972";"97209";"2";"1";"1";"3";"CHATEAUBOEUF (ROUTE DE)";"14,61775000";" -61,04508000"
"202300030530";"15";"12";"2023";"08:40";"1";"75";"75104";"2";"3";"1";"2";"BOULEVARD BOURDON";"48,85165600";"2,36767000"
"202300030531";"8";"09";"2023";"06:32";"5";"75";"75113";"2";"1";"1";"6";"QUAI D AUSTERLITZ";"48,84300000";"2,36644400"
"202300030532";"26";"06";"2023";"18:15";"1";"69";"69202";"2";"3";"1";"3";"122 Rue Commandant Charcot";"45,74812654";"4,79222312"
"202300030533";"15";"12";"2023";"08:25";"2";"94";"94011";"2";"9";"8";"6";"Rue des Varennes";"48,77047000";"2,48423000"
"202300030534";"8";"09";"2023";"09:22";"1";"75";"75106";"2";"2";"1";"3";"RUE DE RENNES";"48,84726400";"2,32716600"
"202300030535";"26";"06";"2023";"15:39";"1";"69";"69384";"2";"1";"1";"3";"Quai Joseph Gillet";"45,77237000";"4,81335000"
"202300030536";"15";"12";"2023";"16:30";"1";"93";"93048";"2";"1";"1";"6";"Boulevard Théophile Sueur";"48,86566700";"2,46891500"
"202300030537";"7";"09";"2023";"23:30";"5";"75";"75106";"2";"2";"1";"3";"RUE DE RENNES";"48,84694200";"2,32685500"
"202300030538";"15";"12";"2023";"18:50";"5";"93";"93045";"2";"3";"8";"1";"Avenue du Maréchal Juin / Rue Romain Rolland";"48,87940000";"2,42207000"
"202300030539";"26";"06";"2023";"13:30";"1";"971";"97113";"1";"6";"1";"2";"RN4-ROND POINT SAINT FELIX";"16,20756000";" -61,45661000"
"202300030540";"7";"09";"2023";"12:15";"1";"75";"75106";"2";"3";"1";"6";"BOULEVARD SAINT MICHEL";"48,84883200";"2,34175100"
"202300030541";"14";"12";"2023";"17:01";"5";"93";"93047";"2";"5";"2";"3";"Avenue Jean Jaurés / Avenue Gabriel Péri";"48,89837000";"2,55329000"
"202300030542";"26";"06";"2023";"09:45";"1";"95";"95476";"2";"6";"1";"3";"JULES CESAR (CHAUSSEE)";"49,05794424";"2,04721212"
"202300030543";"8";"09";"2023";"17:10";"1";"75";"75120";"2";"4";"1";"7";"AVENUE GAMBETTA";"48,86304100";"2,38804400"
"202300030544";"15";"12";"2023";"18:47";"5";"93";"93008";"2";"2";"2";"6";"Rue Rene Camier / Rue de Lorraine";"48,90978200";"2,45122800"
"202300030545";"25";"06";"2023";"18:25";"1";"95";"95510";"1";"1";"1";"4";"N14";"49,05781778";"2,00791193"
"202300030546";"14";"12";"2023";"08:40";"1";"93";"93007";"2";"5";"2";"3";"Avenue Paul Vaillant Couturier / Rue Eugène Varlin";"48,92930580";"2,47993876"
"202300030547";"8";"09";"2023";"19:09";"1";"75";"75119";"2";"2";"1";"6";"PLACE DE LA BATAILLE DE STALINGRAD";"48,88386600";"2,36859100"
"202300030548";"13";"12";"2023";"17:50";"5";"93";"93007";"2";"2";"1";"6";"Avenue Henri Barbusse / Rue du Général Giraud";"48,94075300";"2,46314700"
"202300030549";"8";"09";"2023";"14:50";"1";"75";"75118";"2";"1";"7";"6";"RUE CAULAINCOURT";"48,88497300";"2,33009800"
"202300030550";"26";"06";"2023";"07:30";"1";"91";"91201";"2";"1";"1";"3";"BD HENRI BARBUSSE";"48,69464000";"2,41410000"
"202300030551";"14";"12";"2023";"17:35";"2";"92";"92051";"2";"1";"2";"3";"ACHILLE PERETTI (AVENUE, N° 90 A 96 ET 9";"48,88436407";"2,26936358"
"202300030552";"26";"06";"2023";"16:30";"1";"91";"91687";"2";"1";"1";"2";"GABRIEL PERI (AVENUE)";"48,68000000";"2,37600000"
"202300030553";"8";"09";"2023";"02:10";"5";"75";"75118";"2";"3";"1";"1";"RUE D AUBERVILLIERS";"48,88732800";"2,36706400"
"202300030554";"15";"12";"2023";"08:40";"1";"92";"92020";"2";"1";"8";"3";"JAURES AVENUE JEAN";"48,80810000";"2,30550000"
"202300030555";"21";"06";"2023";"17:34";"1";"87";"87085";"2";"1";"1";"6";"LIBERATION (AVENUE DE LA)";"45,83413000";"1,25983000"
"202300030556";"8";"09";"2023";"00:30";"5";"75";"75117";"2";"1";"1";"6";"BOULEVARD DE COURCELLES";"48,88009400";"2,30753200"
"202300030557";"15";"12";"2023";"15:50";"1";"92";"92040";"2";"1";"1";"6";"JEAN JAURES (AVENUE)";"48,82377206";"2,27422558"
"202300030558";"14";"12";"2023";"18:25";"5";"92";"92025";"2";"1";"1";"6";"GABRIEL PERI (RUE)";"48,92303974";"2,25189060"
"202300030559";"20";"06";"2023";"13:37";"1";"87";"87085";"2";"3";"1";"3";"KING (AVENUE MARTIN LUTHER)";"45,81449000";"1,23222000"
"202300030560";"7";"09";"2023";"17:10";"1";"75";"75116";"2";"1";"1";"3";"BOULEVARD MURAT";"48,83888100";"2,25682100"
"202300030561";"15";"12";"2023";"18:26";"5";"92";"92012";"2";"1";"1";"2";"REINE (ROUTE DE LA) 1/37- 6/80";"48,83877000";"2,25004000"
"202300030562";"19";"06";"2023";"08:47";"1";"87";"87085";"2";"1";"1";"6";"VANTEAUX (BOULEVARD DE)";"45,82202000";"1,22870000"
"202300030563";"15";"12";"2023";"16:10";"1";"92";"92012";"2";"1";"1";"3";"VIEUX PONT DE SEVRES (RUE DU) 157/FIN -";"48,82813631";"2,23299913"
"202300030564";"18";"06";"2023";"22:35";"5";"87";"87085";"2";"1";"1";"6";"FRACHON ( ave Benoit)";"45,85597000";"1,29216000"
"202300030565";"8";"09";"2023";"16:45";"1";"75";"75115";"2";"2";"1";"3";"RUE DE LA CROIX NIVERT";"48,84331400";"2,29575700"
"202300030566";"15";"12";"2023";"11:00";"1";"92";"92012";"2";"1";"1";"3";"SILLY (RUE DE) 89/FIN - 90/FIN";"48,83460222";"2,23286703"
"202300030567";"25";"06";"2023";"04:15";"5";"85";"85194";"2";"1";"1";"6";"Rue de la tour";"46,49584000";" -1,78546000"
"202300030568";"15";"12";"2023";"14:53";"1";"92";"92002";"2";"1";"1";"7";"ABBAYE (RUE DE L')";"48,75101449";"2,29656838"
"202300030569";"7";"09";"2023";"11:10";"1";"75";"75114";"2";"2";"1";"3";"AVENUE DU MAINE";"48,83754500";"2,32294400"
"202300030570";"22";"06";"2023";"15:10";"1";"84";"84087";"1";"3";"3";"3";"ABRIAN (CHEMIN DE L')";"44,15200000";"4,82500000"
"202300030571";"16";"12";"2023";"12:17";"1";"63";"63345";"1";"1";"1";"5";"D2089 pk 73+650";"45,69848437";"3,00128880"
"202300030572";"6";"09";"2023";"22:55";"5";"75";"75114";"2";"2";"1";"7";"AVENUE DE LA PORTE DE CHATILLON";"48,82264408";"2,31488585"
"202300030573";"26";"06";"2023";"18:00";"1";"83";"83137";"2";"9";"1";"6";"REPUBLIQUE (AVE DE LA)";"43,11894500";"5,93466800"
"202300030574";"5";"12";"2023";"08:20";"5";"35";"35120";"2";"3";"2";"6";"Rue de Dinan";"48,22124300";" -1,79075000"
"202300030575";"25";"06";"2023";"20:48";"1";"83";"83123";"2";"9";"1";"1";"LANGE (CHEMIN)";"43,12647576";"5,79652753"
"202300030576";"15";"12";"2023";"22:30";"3";"54";"54062";"1";"1";"1";"7";"N57";"48,52966888";"6,22286478"
"202300030577";"8";"09";"2023";"16:45";"1";"75";"75111";"2";"2";"1";"3";"AVENUE DE TAILLEBOURG";"48,85030700";"2,39860300"
"202300030578";"25";"06";"2023";"20:50";"1";"81";"81060";"1";"1";"1";"7";"PETITARIE (RUE DE LA )";"44,07884000";"2,16338000"
"202300030579";"15";"12";"2023";"15:10";"1";"24";"24294";"1";"1";"1";"1";"80 Route de Périgueux";"45,00967000";"0,17855500"
"202300030580";"25";"06";"2023";"15:10";"1";"78";"78551";"2";"9";"1";"3";"RN 13";"48,89940000";"2,07252000"
"202300030581";"8";"09";"2023";"20:50";"5";"75";"75108";"2";"3";"1";"6";"AVENUE GEORGE V";"48,86759100";"2,30124200"
"202300030582";"15";"12";"2023";"16:00";"1";"83";"83072";"2";"3";"1";"3";"Boulevard de la Libération";"43,49268900";"6,35408900"
"202300030583";"15";"12";"2023";"17:00";"5";"06";"06044";"2";"1";"1";"6";"864 Boulevard Honoré Teisseire";"43,68556300";"7,09867900"
"202300030584";"8";"09";"2023";"11:30";"1";"75";"75107";"2";"3";"1";"6";"RUE DE GRENELLE";"48,85749500";"2,30535400"
"202300030585";"16";"12";"2023";"04:05";"3";"28";"28211";"1";"1";"1";"6";"D23";"48,12928400";"1,25634700"
"202300030586";"27";"11";"2023";"19:30";"3";"85";"85274";"2";"1";"1";"6";"78 Rue de l'école";"46,52521000";" -0,93981100"
"202300030587";"7";"09";"2023";"22:35";"5";"75";"75102";"2";"2";"1";"2";"BOULEVARD DE SEBASTOPOL";"48,86702200";"2,35298800"
"202300030588";"8";"09";"2023";"17:39";"1";"94";"94081";"2";"1";"1";"7";"Avenue Ernest Havet";"48,78748600";"2,40251500"
"202300030589";"15";"12";"2023";"23:10";"3";"63";"63244";"1";"1";"1";"1";"Départementale 2009";"45,93059856";"3,14449020"
"202300030590";"26";"06";"2023";"18:20";"1";"77";"77083";"2";"1";"1";"6";"BLAISE PASCAL (AVENUE)";"48,84069950";"2,59287993"
"202300030591";"7";"09";"2023";"12:30";"1";"94";"94011";"2";"1";"1";"2";"Avenue de la République";"48,76655198";"2,47996402"
"202300030592";"26";"06";"2023";"07:25";"1";"76";"76108";"2";"1";"1";"3";"Chemin de Clères";"49,46677000";"1,10284000"
"202300030593";"16";"12";"2023";"13:15";"1";"974";"97414";"1";"1";"1";"1";"Rue Leconte de Lisle";" -21,27233000";"55,41435200"
"202300030594";"25";"06";"2023";"01:20";"5";"76";"76351";"1";"2";"1";"6";"FOCH (AVENUE)";"49,49356000";"0,09944000"
"202300030595";"8";"09";"2023";"08:34";"1";"94";"94044";"2";"1";"1";"6";"Avenue de Verdun";"48,74941000";"2,47783000"
"202300030596";"15";"12";"2023";"16:25";"1";"59";"59250";"1";"1";"1";"2";"route nationale 41";"50,58759600";"2,92086100"
"202300030597";"26";"06";"2023";"07:47";"1";"74";"74012";"2";"1";"1";"3";"COURRIARD (RUE MARC)";"46,19076000";"6,23442000"
"202300030598";"25";"06";"2023";"03:40";"5";"71";"71306";"2";"1";"1";"6";"25 Rue Jules Guesde";"46,67649793";"4,36416596"
"202300030599";"15";"12";"2023";"06:51";"3";"35";"35024";"2";"1";"8";"1";"47 Rue du Mont Saint-Michel";"48,18933300";" -1,62639500"
"202300030600";"8";"09";"2023";"19:20";"1";"94";"94017";"2";"6";"1";"3";"Avenue de la République";"48,82694000";"2,50946000"
"202300030601";"16";"12";"2023";"15:30";"1";"51";"51193";"1";"1";"1";"6";"D79";"48,95268400";"4,52803000"
"202300030602";"26";"06";"2023";"15:05";"1";"71";"71445";"2";"6";"1";"7";"rond point de Bresse";"46,76156417";"4,87012312"
"202300030603";"16";"12";"2023";"16:00";"1";"76";"76334";"1";"1";"8";"7";"D70";"49,84404400";"0,96956500"
"202300030604";"8";"09";"2023";"15:10";"1";"94";"94002";"2";"1";"1";"3";"Rue Etienne Dolet";"48,79122000";"2,42578000"
"202300030605";"15";"12";"2023";"09:10";"1";"79";"79079";"1";"1";"1";"1";"rue du mouton blanc";"46,92745300";" -0,75476000"
"202300030606";"26";"06";"2023";"21:30";"2";"69";"69256";"2";"9";"1";"3";"Rue Alexandre Dumas";"45,75346000";"4,93235000"
"202300030607";"15";"12";"2023";"23:45";"3";"80";"80061";"1";"1";"1";"6";"D1015";"49,82187100";"1,78098700"
"202300030608";"8";"09";"2023";"12:40";"1";"93";"93073";"2";"3";"1";"3";"Avenue du Parc / Avenue Ernest Renan";"48,95335000";"2,57366000"
"202300030609";"26";"06";"2023";"21:11";"2";"69";"69092";"2";"3";"1";"3";"Avenue du Beaujolais";"45,99641000";"4,70690000"
"202300030610";"12";"12";"2023";"08:15";"1";"69";"69293";"2";"3";"5";"3";"Route de Saint Trivier";"45,83879660";"4,87751111"
"202300030611";"16";"12";"2023";"08:50";"1";"11";"11439";"1";"1";"7";"6";"CD126";"43,32274200";"2,09278800"
"202300030612";"25";"06";"2023";"18:40";"1";"67";"67482";"2";"1";"1";"2";"PORT DU RHIN (RUE DU)";"48,57783000";"7,78430000"
"202300030613";"8";"09";"2023";"15:30";"1";"93";"93051";"2";"2";"1";"3";"Avenue du Marechal Joffre / Rue de la République";"48,84661000";"2,55640000"
"202300030614";"16";"12";"2023";"14:45";"1";"71";"71120";"2";"1";"1";"7";"5 route de laye";"46,21047000";"4,34230500"
"202300030615";"22";"06";"2023";"09:17";"1";"66";"66136";"2";"3";"1";"3";"";"42,72245000";"2,88653000"
"202300030616";"8";"09";"2023";"17:20";"1";"93";"93048";"2";"1";"1";"3";"Boulevard Rouget de Lisle";"48,85995710";"2,43890388"
"202300030617";"15";"12";"2023";"17:50";"3";"49";"49176";"1";"6";"1";"2";"D775";"47,63567000";" -0,72353900"
"202300030618";"15";"06";"2023";"11:06";"1";"65";"65440";"2";"6";"1";"3";" ROND-POINT ROUTE DE LOURDES";"43,22098500";"0,06092700"
"202300030619";"8";"09";"2023";"14:20";"1";"93";"93048";"2";"2";"7";"6";"Rue de Rosny / Avenue Walwein";"48,86186000";"2,44674000"
"202300030620";"16";"12";"2023";"07:50";"2";"42";"42229";"1";"1";"1";"6";"Route de Botoret";"46,17849000";"4,38501500"
"202300030621";"26";"06";"2023";"06:35";"2";"64";"64024";"2";"1";"1";"6";"MAIGNON (ROUTE DE)";"43,47162000";" -1,49881000"
"202300030622";"15";"12";"2023";"19:30";"5";"42";"42323";"2";"1";"1";"3";"61 Avenue d'Andrézieux";"45,55465700";"4,28355300"
"202300030623";"8";"09";"2023";"15:45";"1";"93";"93053";"2";"7";"1";"6";"Rue Anatole France / Rue de Brément";"48,88988500";"2,45271400"
"202300030624";"26";"06";"2023";"19:20";"1";"62";"62737";"2";"1";"1";"6";"D188";"50,44951000";"2,68391000"
"202300030625";"15";"12";"2023";"23:37";"3";"47";"47290";"1";"1";"1";"6";"RD 19, PR 002+300";"44,65342709";"0,33475011"
"202300030626";"26";"06";"2023";"01:20";"3";"62";"62846";"1";"1";"1";"6";"D75";"50,49903172";"2,75234556"
"202300030627";"8";"09";"2023";"10:30";"1";"93";"93007";"2";"3";"1";"6";"Allee Mansart / Rue Maurice Audin";"48,94805448";"2,45140761"
"202300030628";"15";"12";"2023";"18:00";"3";"47";"47269";"1";"3";"8";"3";"Pont de Labe";"44,17425600";"0,75126000"
"202300030629";"16";"12";"2023";"04:40";"3";"86";"86177";"1";"1";"1";"6";"D347";"46,68367800";"0,26377100"
"202300030630";"17";"06";"2023";"14:15";"1";"60";"60665";"1";"1";"1";"2";"RN 1031";"49,42001000";"2,79415000"
"202300030631";"8";"09";"2023";"08:00";"1";"93";"93005";"2";"6";"1";"3";"Boulevard André Citroën / Avenue Raoul Dufy";"48,96446000";"2,49465600"
"202300030632";"16";"12";"2023";"13:50";"1";"25";"25609";"1";"1";"1";"1";"D67B";"46,88724000";"6,43082100"
"202300030633";"6";"09";"2023";"02:00";"5";"92";"92078";"2";"1";"1";"3";"HAUT DE LA NOUE (RUE)";"48,93040229";"2,32707417"
"202300030634";"7";"06";"2023";"12:40";"1";"59";"59526";"2";"1";"1";"6";"RUE DU MOULIN BLANC";"50,44429651";"3,41612577"
"202300030635";"26";"06";"2023";"18:45";"1";"59";"59279";"2";"1";"1";"6";"LILLE (RUE DE)";"50,77850104";"3,12472951"