"Num_Acc";"jour";"mois";"an";"hrmn";"lum";"dep";"com";"agg";"int";"atm";"col";"adr";"lat";"long"
"202300030833";"15";"12";"2023";"19:00";"5";"69";"69383";"2";"2";"2";"1";"Quai Victor Augagneur";"45,75727000";"4,84084000"
"202300030834";"24";"06";"2023";"09:30";"1";"76";"76070";"1";"3";"1";"7";"D154";"49,71484400";"1,21520700"
"202300030835";"6";"09";"2023";"17:30";"5";"971";"97101";"1";"9";"1";"7";"ROUTE DE BOISVINS";"16,26036000";" -61,45241000"
"202300030836";"26";"06";"2023";"16:00";"1";"82";"82176";"1";"1";"1";"6";"";"43,97818374";"1,50732815"
"202300030837";"14";"12";"2023";"13:37";"1";"69";"69388";"2";"2";"2";"6";"Rue de l'Epargne";"45,74169000";"4,86056000"
"202300030838";"4";"06";"2023";"10:00";"1";"71";"71014";"2";"2";"1";"6";"Avenue Charles de Gaulle";"46,95187000";"4,29712900"
"202300030839";"13";"12";"2023";"19:00";"3";"972";"97209";"2";"1";"1";"3";"RELIGIEUSES (ROUTE DES)";"14,61271000";" -61,05978000"
"202300030840";"7";"09";"2023";"01:30";"5";"95";"95539";"2";"2";"1";"3";"D125";"48,99163530";"2,36164480"
"202300030841";"21";"06";"2023";"13:00";"1";"63";"63430";"1";"6";"2";"7";"D906";"45,86033900";"3,50528200"
"202300030842";"6";"09";"2023";"12:15";"1";"95";"95555";"2";"1";"1";"6";"ERMONT (RUE D')";"48,97248007";"2,27846682"
"202300030843";"27";"06";"2023";"16:30";"1";"49";"49331";"1";"1";"1";"7";"Lieu dit la Dionnaie";"47,68880700";" -0,98131300"
"202300030844";"7";"09";"2023";"16:20";"1";"91";"91666";"2";"1";"1";"2";"OCEANIE (AVENUE DE L')";"48,68571000";"2,20916000"
"202300030845";"14";"12";"2023";"08:40";"1";"971";"97101";"1";"9";"2";"2";"DES MILLE FLEURS - PETIT PEROU (RUE)";"16,25479362";" -61,51327729"
"202300030846";"15";"06";"2023";"09:30";"1";"12";"12208";"2";"1";"1";"3";"Avenue de Millau";"43,94638000";"2,90373300"
"202300030847";"7";"09";"2023";"08:10";"1";"91";"91286";"2";"1";"1";"6";"CORBEIL (ROUTE DE)";"48,65369000";"2,39132000"
"202300030848";"26";"06";"2023";"21:30";"2";"34";"34239";"1";"1";"1";"6";"D4";"43,64075300";"3,49499300"
"202300030849";"24";"06";"2023";"14:00";"1";"68";"68068";"2";"1";"1";"3";"Rue André Malraux";"47,62806400";"7,11687400"
"202300030850";"7";"09";"2023";"09:00";"1";"91";"91432";"2";"1";"1";"3";"AV DU GENERAL WARABIOT";"48,70630000";"2,33282000"
"202300030851";"27";"06";"2023";"15:00";"1";"22";"22387";"1";"1";"1";"7";"3 Milin Goazilec";"48,61206900";" -3,45837100"
"202300030852";"25";"06";"2023";"22:50";"3";"35";"35227";"1";"1";"1";"6";"La Ville Michel";"48,19072400";" -1,86357200"
"202300030853";"13";"12";"2023";"18:55";"3";"971";"97113";"1";"1";"1";"5";"PETIT HAVRE (SECTEUR)";"16,21567732";" -61,42297268"
"202300030854";"7";"09";"2023";"10:30";"1";"83";"83144";"2";"9";"1";"3";"Rond point de l'Université";"43,13858000";"6,01671000"
"202300030855";"26";"06";"2023";"17:00";"1";"29";"29235";"2";"3";"1";"3";"route de Keroumen";"48,41181757";" -4,39438641"
"202300030856";"13";"12";"2023";"13:10";"1";"971";"97101";"2";"1";"1";"6";"BOULEVARD DES HEROS";"16,24321955";" -61,52027249"
"202300030857";"26";"06";"2023";"17:00";"1";"15";"15238";"2";"1";"1";"7";"Parking de tournemire";"45,05179400";"2,48604300"
"202300030858";"7";"09";"2023";"11:58";"1";"83";"83069";"2";"1";"1";"3";"AVENUE RITONDALE LEOPOLD";"43,11365000";"6,12972000"
"202300030859";"26";"06";"2023";"22:00";"3";"26";"26167";"1";"1";"1";"6";"route de die";"44,61807400";"5,44628600"
"202300030860";"7";"09";"2023";"19:08";"1";"78";"78358";"2";"1";"1";"6";"AVENUE DE POISSY";"48,94338100";"2,12870100"
"202300030861";"25";"06";"2023";"12:00";"1";"26";"26205";"1";"1";"1";"7";"rd93";"44,67628300";"5,39454500"
"202300030862";"23";"06";"2023";"19:15";"2";"72";"72191";"2";"1";"1";"7";"Rue Raymond Justice";"47,75652400";"0,27382100"
"202300030863";"14";"12";"2023";"20:05";"5";"2A";"2A004";"2";"1";"1";"2";"NAPOLEON COURS AVANT BEVERINI";"41,92636700";"8,73834600"
"202300030864";"25";"06";"2023";"12:40";"1";"06";"06072";"1";"1";"1";"6";"M2205";"44,01782900";"7,13150000"
"202300030865";"18";"08";"2023";"18:47";"1";"77";"77494";"1";"1";"1";"2";"D 210";"48,41866000";"2,87181000"
"202300030866";"26";"06";"2023";"18:43";"1";"14";"14123";"1";"1";"1";"2";"Route de Creully";"49,24308473";" -0,45711910"
"202300030867";"13";"12";"2023";"18:50";"5";"95";"95197";"2";"1";"2";"6";"JEAN BOUIN (RUE)";"48,96906076";"2,32170671"
"202300030868";"7";"09";"2023";"17:30";"1";"77";"77372";"2";"1";"7";"1";"PARIS  (RUE DE  )";"48,87975800";"2,67530700"
"202300030869";"27";"06";"2023";"17:03";"1";"50";"50029";"1";"3";"1";"3";"Rue du Mont Saint Michel";"48,59937000";" -0,83680100"
"202300030870";"7";"09";"2023";"08:10";"1";"77";"77438";"2";"1";"1";"3";"SAINT GERMAIN DES NOYERS  (AVENUE)";"48,86128000";"2,67319000"
"202300030871";"26";"06";"2023";"11:25";"1";"83";"83121";"2";"3";"1";"3";"Route d'Entrecasteaux";"43,55673631";"6,23799746"
"202300030872";"14";"12";"2023";"20:35";"5";"91";"91657";"2";"3";"1";"3";"AV HENRI BARBUSSE";"48,70543100";"2,43883200"
"202300030873";"24";"06";"2023";"16:00";"1";"64";"64058";"2";"4";"1";"3";"52 Route du Soulor";"43,08550200";" -0,25315800"
"202300030874";"7";"09";"2023";"15:10";"1";"76";"76476";"2";"3";"1";"1";"BOIS DU PARC";"49,50226000";"0,57690000"
"202300030875";"14";"12";"2023";"17:35";"5";"91";"91691";"2";"1";"1";"7";"RESISTANCE(AVENUE)";"48,69051000";"2,48123000"
"202300030876";"27";"06";"2023";"16:40";"1";"24";"24190";"1";"1";"1";"3";"Route du Tacot";"44,98688400";"0,66533300"
"202300030877";"8";"09";"2023";"00:10";"5";"74";"74133";"2";"3";"1";"1";"GENEVE (RUE DE)";"46,19201000";"6,20808000"
"202300030878";"14";"12";"2023";"07:55";"2";"91";"91201";"2";"2";"8";"6";"AV DE LA PREVOYANCE";"48,69363200";"2,41346100"
"202300030879";"25";"06";"2023";"08:10";"1";"27";"27157";"1";"3";"1";"2";"Intersection D840 - D655";"48,87621800";"0,92800100"
"202300030880";"26";"08";"2023";"19:04";"1";"74";"74010";"2";"1";"1";"3";"Rue de la Pérollière";"45,89841000";"6,09023000"
"202300030881";"23";"06";"2023";"13:25";"1";"37";"37159";"2";"1";"1";"1";"14 Rue des Ormeaux";"47,29604200";"0,65800000"
"202300030882";"7";"09";"2023";"19:20";"1";"73";"73222";"2";"1";"1";"6";"N/A";"45,57316278";"5,95200108"
"202300030883";"13";"12";"2023";"16:00";"1";"91";"91421";"2";"1";"2";"3";"CORBEIL (ROUTE DE)";"48,71809000";"2,44317000"
"202300030884";"25";"06";"2023";"16:30";"1";"37";"37038";"1";"1";"1";"1";"les brunets";"47,30770100";"0,38739500"
"202300030885";"26";"06";"2023";"18:45";"1";"52";"52178";"1";"9";"1";"6";"Rue des Bouverots";"48,38310500";"4,92552300"
"202300030886";"13";"12";"2023";"19:00";"5";"89";"89387";"2";"9";"2";"3";"PIERRE DE COUBERTIN (AVENUE)";"48,19666000";"3,30307000"
"202300030887";"3";"09";"2023";"07:25";"1";"71";"71270";"2";"2";"1";"5";"RAMBUTEAU (RUE)";"46,30752000";"4,82036000"
"202300030888";"26";"06";"2023";"17:50";"1";"19";"19146";"1";"1";"1";"2";"A89 PK 215.200";"45,32484759";"1,75141922"
"202300030889";"27";"06";"2023";"05:00";"4";"988";"98805";"1";"1";"1";"6";"VE2";" -22,21660000";"166,46780000"
"202300030890";"5";"09";"2023";"15:25";"1";"71";"71270";"2";"1";"1";"1";"GAULLE (AVENUE DU GENERAL DE)";"46,31444000";"4,83611000"
"202300030891";"13";"12";"2023";"12:18";"1";"87";"87085";"1";"1";"1";"7";"PUY MOULINIER - LIEU DIT";"45,85999000";"1,27091000"
"202300030892";"27";"06";"2023";"13:35";"1";"13";"13037";"1";"1";"1";"2";"Rn 113";"43,54397600";"5,18604000"
"202300030893";"7";"09";"2023";"23:59";"5";"69";"69256";"2";"2";"1";"7";"Avenue Henri Barbusse";"45,78520252";"4,91712051"
"202300030894";"27";"06";"2023";"11:30";"1";"69";"69244";"2";"1";"1";"7";"Boulevard du Valvert";"45,76751960";"4,78257673"
"202300030895";"14";"12";"2023";"21:50";"5";"85";"85194";"2";"6";"1";"3";"RD 949";"46,50539000";" -1,78996000"
"202300030896";"7";"09";"2023";"12:20";"1";"69";"69266";"2";"1";"7";"6";"Place Charles Hernu";"45,77032000";"4,86293000"
"202300030897";"24";"06";"2023";"18:15";"1";"33";"33090";"2";"1";"1";"3";"45 avenue de la liberation";"44,74644876";" -0,64381599"
"202300030898";"6";"09";"2023";"19:19";"1";"69";"69271";"2";"1";"1";"6";"Avenue Louis Blériot";"45,72884000";"4,95821000"
"202300030899";"14";"12";"2023";"08:15";"2";"85";"85191";"2";"1";"8";"6";"144 Boulevard édouard branly";"46,67990900";" -1,44070020"
"202300030900";"25";"06";"2023";"02:04";"3";"06";"06004";"1";"1";"1";"3";"Autoroute A8 PK 173.000 Sud";"43,60695000";"7,09431400"
"202300030901";"7";"09";"2023";"08:25";"1";"67";"67482";"2";"1";"1";"3";"RIETH (RUE DU)";"48,60183000";"7,72259000"
"202300030902";"27";"06";"2023";"14:46";"1";"44";"44069";"1";"1";"1";"6";"Route de Herbignac";"47,34941500";" -2,42471300"
"202300030903";"26";"06";"2023";"13:10";"1";"73";"73304";"2";"1";"1";"6";"Chemin du Charvet";"45,44712079";"6,98056142"
"202300030904";"14";"12";"2023";"20:30";"5";"84";"84080";"2";"4";"8";"3";"SAINT GENS CHEMIN DE";"44,03589000";"5,00693000"
"202300030905";"6";"09";"2023";"15:20";"1";"67";"67482";"2";"3";"1";"6";"VIEUX MARCHE AUX POISSONS (RUE DU)";"48,57940848";"7,75087059"
"202300030906";"26";"06";"2023";"12:10";"1";"988";"98803";"1";"4";"1";"3";"RT1/RT3";" -21,52309000";"165,47243000"
"202300030907";"7";"09";"2023";"15:10";"1";"64";"64445";"2";"9";"1";"3";"LAURIERS DES";"43,30156500";" -0,34362700"
"202300030908";"7";"09";"2023";"12:20";"1";"64";"64445";"1";"9";"1";"3";"BUROS DE";"43,32538000";" -0,34312000"
"202300030909";"27";"06";"2023";"16:50";"1";"2B";"2B007";"1";"1";"1";"7";"RD84, PR40";"42,30216700";"8,94333700"
"202300030910";"7";"09";"2023";"15:40";"1";"63";"63113";"2";"1";"1";"3";"LAFAYETTE (BD)";"45,77047000";"3,10149000"
"202300030911";"27";"06";"2023";"17:30";"1";"30";"30010";"1";"1";"1";"5";"Route de Nimes";"44,04061420";"3,98616717"
"202300030912";"13";"12";"2023";"11:50";"1";"83";"83137";"2";"2";"1";"3";"DARDANELLES (AVE DES)";"43,12843015";"5,92451109"
"202300030913";"1";"09";"2023";"08:00";"1";"62";"62510";"2";"9";"2";"6";"D58E4";"50,42124661";"2,77849764"
"202300030914";"21";"06";"2023";"15:15";"1";"30";"30258";"2";"1";"1";"7";"Rue de l'Eolienne";"43,68784100";"4,44104600"
"202300030915";"25";"06";"2023";"19:15";"1";"11";"11284";"2";"2";"1";"6";"";"43,36168600";"1,96342000"
"202300030916";"7";"09";"2023";"10:50";"1";"61";"61001";"2";"2";"1";"3";"D438";"48,42464000";"0,09118000"
"202300030917";"14";"12";"2023";"17:15";"2";"81";"81033";"2";"3";"1";"1";"LEGER ( RUE FERNAND)";"44,04607620";"2,14975170"
"202300030918";"27";"06";"2023";"17:35";"1";"34";"34199";"1";"1";"1";"6";"371 Route de Montpellier";"43,46902300";"3,43107700"
"202300030919";"7";"09";"2023";"08:50";"1";"61";"61001";"2";"1";"7";"6";"D112";"48,43879000";"0,08379000"
"202300030920";"12";"12";"2023";"08:27";"2";"80";"80001";"2";"9";"2";"6";"N/A";"50,10322000";"1,85831600"
"202300030921";"26";"06";"2023";"19:15";"1";"34";"34176";"1";"3";"1";"2";"carrefour D24 / D 172";"43,63693700";"4,05905100"
"202300030922";"7";"09";"2023";"17:20";"1";"59";"59599";"2";"1";"1";"6";"CANAL (RUE DU)";"50,70469379";"3,15877187"
"202300030923";"27";"06";"2023";"07:40";"1";"13";"13053";"1";"6";"1";"3";"D7n";"43,71806000";"5,17838800"
"202300030924";"13";"12";"2023";"17:58";"5";"78";"78146";"2";"3";"2";"6";"PORT (RUE DU)";"48,89030400";"2,15987800"
"202300030925";"26";"06";"2023";"18:15";"1";"89";"89380";"1";"1";"1";"6";"Savigny-sur-Clairis";"48,05929600";"3,09205800"
"202300030926";"7";"09";"2023";"17:30";"1";"59";"59378";"2";"1";"1";"3";"REPUBLIQUE AV DE LA (N°834-920)";"50,65937000";"3,09306000"
"202300030927";"20";"06";"2023";"20:20";"1";"55";"55184";"2";"4";"1";"6";"1 Rue de la Chapelle Saint Jean";"48,74713100";"5,62799900"
"202300030928";"7";"09";"2023";"07:48";"1";"57";"57672";"2";"1";"1";"6";"CHARDON (RUE DU)";"49,36035487";"6,14696860"
"202300030929";"14";"12";"2023";"18:30";"5";"77";"77390";"2";"1";"1";"6";"AV MAURICE DE VLAMINCK";"48,79425000";"2,64934000"
"202300030930";"14";"12";"2023";"07:30";"2";"77";"77307";"2";"1";"2";"2";"AV THIBAUD DE CHAMPAGNE";"48,87796000";"2,74433000"
"202300030931";"25";"06";"2023";"13:15";"1";"73";"73285";"1";"1";"1";"3";"D1090 - route du col du petit St Bernard";"45,62959200";"6,82250700"
"202300030932";"6";"09";"2023";"07:55";"1";"57";"57666";"2";"3";"1";"2";"VERDUN (ROUTE DE)";"49,34568087";"6,14987612"
"202300030933";"6";"09";"2023";"18:34";"1";"57";"57283";"2";"1";"1";"7";"CD 47 bis";"49,25267000";"6,14865000"
"202300030934";"26";"06";"2023";"17:25";"1";"73";"73006";"1";"1";"1";"1";"N90";"45,54289358";"6,61455515"
"202300030935";"14";"12";"2023";"12:45";"1";"77";"77320";"2";"3";"1";"2";"D 934 (SORTIE COULOMMIERS)";"48,81459276";"3,07004621"
"202300030936";"27";"06";"2023";"16:00";"1";"69";"69024";"1";"1";"1";"1";"l'Azergues";"45,93898900";"4,54422000"
"202300030937";"7";"09";"2023";"08:25";"1";"54";"54079";"2";"1";"1";"3";"Rue des Puits";"48,88130000";"6,04843000"
"202300030938";"27";"06";"2023";"17:45";"1";"65";"65145";"1";"1";"8";"3";"D921";"42,91744996";" -0,03980783"
"202300030939";"6";"09";"2023";"15:55";"1";"54";"54395";"2";"2";"1";"3";"Rue Oberlin";"48,70335900";"6,18187800"
"202300030940";"4";"05";"2023";"17:33";"1";"40";"40182";"2";"1";"1";"6";"Avenue de la Gare";"44,07152100";" -1,15373900"
"202300030941";"6";"09";"2023";"09:20";"1";"54";"54395";"2";"4";"1";"6";"Rue Molitor";"48,68561000";"6,19447000"
"202300030942";"27";"06";"2023";"09:00";"1";"85";"85070";"2";"1";"1";"6";"25bis Rue de l'europe";"46,69740000";" -1,75239300"
"202300030943";"8";"12";"2023";"17:25";"5";"77";"77131";"2";"3";"1";"6";"LORINETTES (AVENUE DES )";"48,82002896";"3,08999991"
"202300030944";"23";"06";"2023";"17:45";"1";"85";"85176";"1";"1";"1";"2";"79 Route de fontenay";"46,48098300";" -0,80889800"
"202300030945";"7";"09";"2023";"08:50";"1";"54";"54382";"1";"1";"1";"4";"52 (ROUTE NATIONALE)";"49,54232900";"5,76065700"
"202300030946";"7";"09";"2023";"09:00";"1";"53";"53130";"2";"1";"7";"6";"SAINTE ANNE ( RUE )";"48,06780000";" -0,76820000"
"202300030947";"14";"12";"2023";"19:20";"5";"76";"76540";"2";"2";"2";"6";"Boulevard des Belges";"49,44426000";"1,08555000"
"202300030948";"6";"09";"2023";"23:35";"5";"53";"53130";"2";"2";"1";"3";"MAZAGRAN ( RUE )";"48,06956700";" -0,76867400"
"202300030949";"7";"09";"2023";"03:21";"3";"51";"51242";"2";"1";"1";"2";"EPERNAY (ROUTE D')";"48,95884000";"4,32184000"
"202300030950";"13";"12";"2023";"19:15";"3";"76";"76391";"1";"1";"2";"1";"Route forestière de la Louveterie";"49,32033000";"0,90260800"
"202300030951";"7";"09";"2023";"10:48";"1";"50";"50218";"2";"6";"1";"3";"VENDEENS (AV DES)";"48,82970000";" -1,56714000"
"202300030952";"6";"09";"2023";"17:45";"1";"50";"50129";"2";"1";"1";"7";"CAPITAINE ROLAND PICQUOT (RUE)";"49,63497000";" -1,55805000"
"202300030953";"14";"12";"2023";"07:57";"2";"76";"76351";"2";"1";"1";"3";"VERDUN (RUE DE)";"49,50251000";"0,17529000"
"202300030954";"5";"09";"2023";"18:25";"1";"50";"50129";"2";"4";"1";"1";"VINDITS (RUE DES)";"49,63367000";" -1,65509000"
"202300030955";"6";"09";"2023";"00:50";"5";"50";"50129";"2";"6";"1";"6";"ROND POINT DE CAPEL";"49,65777000";" -1,66887000"
"202300030956";"7";"09";"2023";"22:49";"5";"49";"49007";"2";"2";"1";"3";"GAULLE BOULEVARD CHARLES DE";"47,47004000";" -0,56228000"
"202300030957";"13";"12";"2023";"17:30";"5";"76";"76447";"2";"3";"2";"3";"PIERRE MENDES FRANCE";"49,53210000";"0,18027000"
"202300030958";"6";"09";"2023";"09:44";"1";"49";"49353";"2";"1";"1";"6";"REPUBLIQUE AVENUE";"47,44697000";" -0,49963000"
"202300030959";"6";"09";"2023";"19:04";"1";"49";"49246";"2";"1";"7";"3";"CHAUVIN AVENUE";"47,43168000";" -0,53574000"
"202300030960";"6";"09";"2023";"13:00";"1";"49";"49007";"2";"1";"7";"6";"MEIGNANNE";"47,47912165";" -0,57040930"
"202300030961";"13";"12";"2023";"12:15";"1";"76";"76476";"1";"2";"2";"3";"BASTIE MARYSE (RUE)";"49,47960000";"0,60130000"
"202300030962";"7";"09";"2023";"09:27";"1";"47";"47001";"2";"9";"1";"3";"JAURES (AV. JEAN)";"44,20054000";"0,63375000"
"202300030963";"7";"09";"2023";"12:20";"1";"45";"45068";"2";"1";"1";"2";"10 Rue Saint-Just";"48,00306000";"2,71710000"
"202300030964";"14";"12";"2023";"11:35";"1";"72";"72181";"2";"6";"1";"3";"PONT YSSOIR (RUE DU)";"48,00968000";"0,19500000"
"202300030965";"7";"09";"2023";"16:25";"1";"42";"42207";"2";"1";"1";"3";"Route de Lyon";"45,47745000";"4,52302000"
"202300030966";"13";"12";"2023";"17:10";"5";"72";"72181";"2";"9";"2";"6";"MITTERAND FRANCOIS (AV)";"48,00407000";"0,19982000"
"202300030967";"7";"09";"2023";"11:40";"1";"42";"42207";"2";"1";"1";"6";"Boulevard Grande Terre";"45,47354200";"4,53423100"
"202300030968";"6";"09";"2023";"13:45";"1";"42";"42110";"2";"4";"1";"3";"Rue du Repos";"45,48230000";"4,53464000"
"202300030969";"13";"12";"2023";"17:50";"5";"72";"72181";"2";"1";"1";"6";"JAURES JEAN (AV) N° PAIRS 60 ET >";"47,98513000";"0,20931000"
"202300030970";"7";"09";"2023";"09:30";"1";"38";"38185";"2";"8";"1";"6";"PLACE GRENETTE";"45,16667000";"5,71667000"
"202300030971";"13";"12";"2023";"07:40";"2";"71";"71040";"2";"1";"2";"7";"MACON (ROUTE DE)";"46,68631000";"4,39054000"
"202300030972";"7";"09";"2023";"16:00";"1";"37";"37261";"2";"2";"1";"3";"MICHELET (RUE)";"47,38384000";"0,69326000"
"202300030973";"14";"12";"2023";"08:05";"1";"70";"70550";"2";"3";"2";"3";"CURIE (RUE PIERRE)";"47,61348000";"6,15706300"
"202300030974";"7";"09";"2023";"11:05";"1";"37";"37122";"2";"1";"1";"3";"VERDUN (RUE DE)";"47,34620000";"0,66552000"
"202300030975";"7";"09";"2023";"08:35";"1";"37";"37261";"2";"1";"1";"3";"PINGUET GUINDON (RUE)";"47,41390000";"0,68430000"
"202300030976";"14";"12";"2023";"14:40";"1";"69";"69256";"2";"1";"2";"3";"Route de Genas";"45,74771905";"4,92224286"
"202300030977";"6";"09";"2023";"08:40";"1";"37";"37214";"2";"1";"1";"3";"VOISIN (BOULEVARD ANDRE-GEORGES)";"47,42832000";"0,66072000"
"202300030978";"13";"12";"2023";"23:54";"3";"69";"69013";"1";"1";"8";"6";"318 Avenue de Joux";"46,00224146";"4,73238219"
"202300030979";"7";"09";"2023";"16:45";"1";"35";"35238";"2";"2";"1";"6";"REDON (DE)";"48,10517328";" -1,69224054"
"202300030980";"7";"09";"2023";"14:30";"1";"35";"35238";"2";"6";"1";"6";"MONTS D'ARREE (AVENUE DES)";"48,13653000";" -1,66698000"
"202300030981";"14";"12";"2023";"21:00";"5";"69";"69290";"2";"6";"1";"6";"Rue du Lyonnais";"45,70108000";"4,90010000"
"202300030982";"6";"09";"2023";"14:15";"1";"34";"34301";"2";"9";"1";"6";"BLANC CAMILLE (BOULEVARD)";"43,40813000";"3,67019000"
"202300030983";"14";"12";"2023";"12:30";"1";"69";"69290";"2";"1";"2";"6";"Route de Grenoble";"45,71489000";"4,96432000"
"202300030984";"7";"09";"2023";"12:10";"1";"34";"34172";"2";"1";"1";"3";"TOULOUSE (AVENUE DE";"43,58703000";"3,85323000"
"202300030985";"14";"12";"2023";"07:00";"1";"69";"69290";"2";"9";"2";"1";"Avenue Pierre Cot";"45,70767000";"4,89874000"
"202300030986";"8";"09";"2023";"02:00";"5";"33";"33063";"2";"1";"1";"1";"Rue des Frères Portmann";"44,86044967";" -0,57786852"
"202300030987";"14";"12";"2023";"17:45";"3";"64";"64483";"1";"1";"2";"2";"LAHANCHIPIA (AVENUE)";"43,40114000";" -1,62744000"
"202300030988";"7";"09";"2023";"18:40";"1";"33";"33318";"2";"3";"1";"3";"Avenue Pasteur";"44,80224669";" -0,65202087"
"202300030989";"14";"12";"2023";"08:25";"2";"64";"64483";"2";"1";"3";"6";"THIERS ADOLPHE (BOULEVARD)";"43,39060000";" -1,65910000"
"202300030990";"14";"12";"2023";"11:50";"1";"64";"64445";"2";"1";"1";"2";"ALFRED NOBEL";"43,31005000";" -0,32596000"
"202300030991";"6";"09";"2023";"18:10";"1";"30";"30007";"2";"2";"1";"3";"Route de Bagnols";"44,13060000";"4,11323000"
"202300030992";"12";"12";"2023";"16:15";"1";"64";"64122";"2";"1";"2";"3";"REINE VICTORIA (AVENUE DE LA)";"43,48512091";" -1,54830113"
"202300030993";"7";"09";"2023";"21:26";"5";"17";"17306";"2";"1";"1";"7";"Cours de l'Europe";"45,62496400";" -1,02002100"
"202300030994";"7";"09";"2023";"12:10";"1";"14";"14715";"1";"1";"1";"1";"Route d'Aguesseau";"49,36466000";"0,10290000"
"202300030995";"6";"09";"2023";"18:36";"1";"14";"14366";"2";"1";"1";"3";"103 Boulevard Herbet Fournet";"49,15613000";"0,22765000"
"202300030996";"3";"09";"2023";"16:45";"1";"14";"14117";"2";"1";"1";"3";"3 Avenue Guillaume le Conquérant";"49,28615000";" -0,12157200"
"202300030997";"7";"09";"2023";"23:28";"5";"13";"13201";"2";"3";"1";"3";"TAPIS VERT (RUE)";"43,29858243";"5,37894519"
"202300030998";"6";"09";"2023";"17:45";"1";"11";"11262";"2";"1";"1";"3";"N/A";"43,18070000";"3,00480000"
"202300030999";"7";"09";"2023";"14:35";"1";"11";"11069";"2";"1";"1";"6";"26bis Boulevard Jean Jaures";"43,21442000";"2,35496000"
"202300031000";"7";"09";"2023";"09:50";"1";"11";"11069";"1";"9";"1";"6";"ROCADE NORD - RD 6113";"43,23350000";"2,36730000"
"202300031001";"28";"09";"2023";"17:25";"1";"85";"85109";"2";"1";"1";"6";"Avenue des Chauvières";"46,85716000";" -1,01580610"
"202300031002";"9";"10";"2023";"19:30";"3";"85";"85064";"1";"1";"1";"6";"RD37";"46,83980000";" -1,24150300"
"202300031003";"9";"10";"2023";"17:20";"1";"79";"79334";"1";"2";"1";"3";"N/A";"46,14845800";" -0,53296600"
"202300031004";"10";"10";"2023";"09:50";"1";"69";"69063";"2";"1";"1";"3";"Quai de la Jonchère";"45,81040090";"4,84204679"
"202300031005";"10";"10";"2023";"08:13";"1";"11";"11357";"1";"1";"1";"7";"RD4";"43,30155500";"2,14058500"
"202300031006";"9";"10";"2023";"18:15";"1";"71";"71263";"2";"1";"1";"6";"22 Montee de Saint Claude";"46,62330600";"5,21531400"
"202300031007";"10";"10";"2023";"16:00";"1";"63";"63372";"1";"3";"1";"2";"D224";"45,90457900";"3,29884400"
"202300031008";"9";"10";"2023";"12:10";"1";"61";"61092";"1";"1";"1";"6";"D664";"48,76500100";"0,74728400"
"202300031009";"10";"10";"2023";"07:00";"2";"42";"42027";"1";"1";"1";"3";"départementale 8";"45,93936600";"3,98112000"
"202300031010";"9";"10";"2023";"17:50";"1";"47";"47004";"1";"1";"1";"3";"Route de Clairac";"44,32106600";"0,35132600"
"202300031011";"7";"10";"2023";"11:00";"1";"86";"86125";"1";"3";"1";"2";"D14";"46,75918900";"0,67142100"
"202300031012";"9";"10";"2023";"20:00";"3";"44";"44196";"1";"1";"1";"6";"6 Le Chesneau";"47,55245300";" -2,06359400"
"202300031013";"9";"10";"2023";"16:50";"1";"44";"44163";"1";"1";"1";"2";"Route d'Ancenis";"47,38915100";" -1,08871400"
"202300031014";"8";"10";"2023";"12:00";"1";"29";"29075";"2";"6";"1";"3";"allée du Pontrouff";"48,42834600";" -4,41242700"
"202300031015";"10";"10";"2023";"07:30";"2";"14";"14563";"1";"1";"1";"6";"Route de Genneville";"49,33380148";"0,26587173"
"202300031016";"10";"10";"2023";"09:15";"1";"07";"07155";"1";"3";"1";"3";"262 Route d?Ailhon";"44,61722811";"4,33804125"
"202300031017";"8";"10";"2023";"16:00";"1";"21";"21644";"1";"4";"1";"7";"D25a";"47,34932700";"5,31061700"
"202300031018";"9";"10";"2023";"12:45";"1";"40";"40194";"1";"1";"1";"1";"Route de Poyartin";"43,70121800";" -0,85570500"
"202300031019";"9";"10";"2023";"15:35";"1";"27";"27466";"1";"2";"1";"3";"D31";"49,07716900";"0,84615100"
"202300031020";"10";"10";"2023";"07:00";"1";"973";"97309";"2";"6";"1";"3";"Giratoire Adelaide Tablon";"4,88696600";" -52,28507800"
"202300031021";"10";"10";"2023";"07:20";"5";"51";"51432";"2";"7";"1";"6";"Place du 13 mars 1962";"48,68912300";"3,86963900"
"202300031022";"8";"10";"2023";"15:00";"1";"987";"98722";"2";"1";"1";"1";"PK 29100 district de Tiarei";" -17,59200000";" -149,39100000"
"202300031023";"10";"10";"2023";"18:45";"3";"988";"98817";"1";"1";"1";"1";"Route EXPRESS DU MONT-DORE";" -22,22983800";"166,51595500"
"202300031024";"9";"10";"2023";"16:20";"1";"974";"97408";"2";"3";"1";"3";"Rue Mahatma Gandhi";" -20,94076900";"55,33015200"
"202300031025";"7";"10";"2023";"04:15";"3";"971";"97117";"1";"1";"1";"6";"nationale 5";"16,30610500";" -61,30527200"
"202300031026";"8";"10";"2023";"19:10";"2";"45";"45153";"1";"1";"1";"6";"D60 PR 9 + 898";"47,83073900";"2,28523400"
"202300031027";"9";"10";"2023";"18:45";"1";"45";"45142";"2";"1";"1";"6";"72 Rue de l'Enfer";"47,92407000";"2,13529200"
"202300031028";"9";"10";"2023";"18:20";"1";"77";"77511";"2";"3";"1";"5";"Rue de Paris";"49,03285800";"2,63484100"
"202300031029";"10";"10";"2023";"10:40";"1";"95";"95676";"1";"1";"1";"7";"C1";"49,09230500";"1,74219100"