"Num_Acc";"jour";"mois";"an";"hrmn";"lum";"dep";"com";"agg";"int";"atm";"col";"adr";"lat";"long"
"202300031228";"20";"01";"2023";"08:10";"1";"71";"71540";"1";"4";"8";"2";"THIELLAY (LE)  RN.80";"46,75935593";"4,46459790"
"202300031229";"20";"01";"2023";"19:20";"5";"70";"70550";"2";"2";"4";"6";"GAULLE (BOULEVARD CHARLES DE)";"47,61591300";"6,15287600"
"202300031230";"21";"01";"2023";"00:35";"3";"69";"69282";"2";"1";"4";"1";"Chemin de Chassieu à Meyzieu";"45,75479000";"4,98620000"
"202300031231";"20";"01";"2023";"20:45";"5";"69";"69282";"2";"3";"4";"1";"Rue du Rambion";"45,76115000";"4,98973000"
"202300031232";"20";"01";"2023";"09:55";"1";"69";"69256";"2";"1";"1";"6";"Avenue Franklin Roosevelt";"45,74830000";"4,92883000"
"202300031233";"19";"01";"2023";"14:00";"1";"69";"69029";"2";"2";"2";"3";"Avenue Camille Rousset";"45,73587000";"4,91167000"
"202300031234";"19";"01";"2023";"17:00";"2";"67";"67482";"2";"3";"1";"6";"OBERLIN (RUE)";"48,59166000";"7,75529000"
"202300031235";"18";"01";"2023";"18:25";"5";"66";"66136";"2";"1";"1";"6";"BRIAND BOULEVARD ARISTIDE";"42,69379000";"2,90078000"
"202300031236";"20";"01";"2023";"09:50";"1";"64";"64284";"1";"6";"1";"3";"CORPS FRANC POMMIES";"43,29309000";" -0,38697000"
"202300031237";"19";"01";"2023";"13:30";"1";"64";"64102";"2";"1";"3";"7";"Avenue Henri de Navarre";"43,51263488";" -1,43830705"
"202300031238";"19";"01";"2023";"17:19";"1";"63";"63113";"2";"1";"1";"3";"COCHET (RUE GENERAL)";"45,78060000";"3,10993000"
"202300031239";"16";"01";"2023";"17:30";"3";"62";"62215";"1";"9";"2";"5";"D919";"50,50728000";"2,96206000"
"202300031240";"20";"01";"2023";"01:37";"5";"59";"59350";"2";"1";"5";"3";"NATIONALE RUE N°RESTE PAIRS";"50,63233000";"3,05150100"
"202300031241";"18";"01";"2023";"18:00";"1";"59";"59346";"2";"1";"1";"2";"LEZENNES BOULEVARD DE";"50,61761000";"3,11646000"
"202300031242";"20";"01";"2023";"16:30";"1";"57";"57227";"2";"3";"2";"1";"SAINTE CROIX (RUE )";"49,18539211";"6,90716028"
"202300031243";"20";"01";"2023";"23:55";"5";"56";"56260";"2";"1";"1";"6";"Rue Pierre Servel";"47,64634000";" -2,76320000"
"202300031244";"20";"01";"2023";"19:10";"5";"56";"56260";"2";"3";"1";"3";"Boulevard Général Maurice Guillaudot";"47,66690000";" -2,74588000"
"202300031245";"18";"01";"2023";"08:10";"2";"52";"52448";"2";"1";"1";"6";"SARRAIL (AVENUE DU GENERAL)";"48,64141000";"4,94946000"
"202300031246";"20";"01";"2023";"17:50";"5";"51";"51058";"2";"1";"1";"6";"Avenue Alcide de Gasperi";"49,21832000";"3,99835000"
"202300031247";"19";"01";"2023";"12:45";"1";"51";"51454";"2";"3";"1";"3";"avenue du Maréchal Juin";"49,22591000";"4,01662000"
"202300031248";"19";"01";"2023";"17:48";"2";"49";"49278";"2";"1";"2";"3";"D312";"47,44425000";" -0,55167000"
"202300031249";"19";"01";"2023";"11:45";"1";"49";"49007";"2";"1";"1";"6";"SAUMUROISE IMPASSE ET RUE";"47,45909000";" -0,53552000"
"202300031250";"19";"01";"2023";"09:00";"1";"49";"49007";"2";"2";"8";"3";"Rue Victor Hugo";"47,47800000";" -0,53350000"
"202300031251";"19";"01";"2023";"08:49";"1";"49";"49246";"2";"1";"1";"4";"EUROPE AVENUE";"47,44384000";" -0,52716000"
"202300031252";"20";"01";"2023";"11:00";"1";"45";"45208";"2";"1";"1";"2";"29bis Rue du Faubourg d’Orléans";"47,99525000";"2,72682000"
"202300031253";"20";"01";"2023";"08:10";"2";"37";"37122";"2";"3";"8";"6";"DOUZILLIERE (RUE DE LA)";"47,33814000";"0,65332000"
"202300031254";"20";"01";"2023";"23:15";"5";"35";"35238";"2";"1";"1";"3";"ROHAN (RUE DE)";"48,11123037";" -1,68024570"
"202300031255";"20";"01";"2023";"17:30";"2";"35";"35238";"2";"1";"1";"6";"ILLE ET RANCE (QUAI D')";"48,11136349";" -1,68680236"
"202300031256";"20";"01";"2023";"09:20";"1";"35";"35281";"2";"1";"1";"3";"AURIOL (JACQUELINE)";"48,07538000";" -1,73635000"
"202300031257";"20";"01";"2023";"12:20";"1";"34";"34172";"2";"1";"1";"3";"587 Avenue de la Justice de Castelnau";"43,62634000";"3,87665000"
"202300031258";"20";"01";"2023";"11:20";"1";"31";"31555";"2";"1";"8";"2";"AV HONORE SERRES";"43,61546000";"1,43739000"
"202300031259";"19";"01";"2023";"15:35";"1";"31";"31555";"2";"1";"3";"3";"VA007306 A64";"43,55786000";"1,41301000"
"202300031260";"20";"01";"2023";"05:16";"3";"29";"29232";"1";"1";"1";"7";"D365 - Avenue du Morbihan";"47,97798000";" -4,02274000"
"202300031261";"20";"01";"2023";"12:20";"1";"25";"25056";"2";"1";"1";"4";"rue thomas edison";"47,23230800";"5,97234900"
"202300031262";"20";"01";"2023";"11:00";"1";"25";"25056";"2";"1";"1";"6";"";"47,22244900";"5,97435600"
"202300031263";"20";"01";"2023";"03:50";"3";"19";"19031";"2";"1";"9";"2";"DE JOUVENEL (BOULEVARD HENRI)";"45,15800259";"1,52361274"
"202300031264";"20";"01";"2023";"15:00";"1";"17";"17415";"2";"1";"1";"2";"GAUTIER RUE";"45,74043200";" -0,62105300"
"202300031265";"20";"01";"2023";"17:20";"1";"17";"17306";"2";"3";"1";"3";"LAMY (BD FRANCK)";"45,62795100";" -1,01608900"
"202300031266";"20";"01";"2023";"11:05";"1";"17";"17306";"2";"1";"1";"6";"EUROPE (COURS DE L')";"45,62484700";" -1,02287700"
"202300031267";"20";"01";"2023";"03:13";"3";"17";"17300";"1";"1";"8";"7";"N137";"46,16053000";" -1,12141000"
"202300031268";"20";"01";"2023";"18:00";"3";"13";"13102";"2";"4";"1";"1";"MARECHAL JUIN (AV )";"43,42100000";"5,22900000"
"202300031269";"20";"01";"2023";"16:40";"2";"13";"13213";"2";"1";"1";"1";"ALPHONSE DAUDET (RUE)";"43,32060000";"5,40995000"
"202300031270";"20";"01";"2023";"11:50";"1";"13";"13201";"2";"3";"1";"3";"ADOLPHE THIERS (RUE)";"43,29667000";"5,38545000"
"202300031271";"20";"01";"2023";"08:00";"1";"13";"13210";"2";"1";"1";"3";"RABATAU (BOULEVARD)";"43,28247897";"5,39952155"
"202300031272";"20";"01";"2023";"00:45";"5";"13";"13214";"1";"9";"1";"1";"JEAN QUEILLAU (RUE)";"43,33486000";"5,38538000"
"202300031273";"20";"01";"2023";"20:20";"5";"13";"13005";"2";"1";"1";"1";"CHARREL (CHEMIN DU)";"43,28278000";"5,54927000"
"202300031274";"20";"01";"2023";"14:06";"1";"10";"10387";"2";"1";"1";"6";"Avenue Edouard Herriot";"48,27586487";"4,07811105"
"202300031275";"20";"01";"2023";"07:48";"5";"10";"10387";"2";"1";"8";"6";"BLANQUI (RUE)";"48,30724000";"4,05486000"
"202300031276";"18";"01";"2023";"12:00";"1";"10";"10387";"2";"2";"1";"6";"CHARLES DELAUNAY (RUE)";"48,30282000";"4,06805000"
"202300031277";"20";"01";"2023";"15:10";"1";"06";"06029";"2";"1";"1";"6";"CHEVALIER (AVENUE MAURICE)";"43,56015100";"6,96268100"
"202300031278";"18";"01";"2023";"19:15";"5";"06";"06027";"2";"1";"1";"2";"PLAGE BOULEVARD DE LA";"43,65200000";"7,15350000"
"202300031279";"20";"01";"2023";"14:30";"1";"75";"75113";"2";"1";"1";"5";"PORTE D ITALIE";"48,81621500";"2,35855800"
"202300031280";"20";"01";"2023";"09:55";"2";"75";"75116";"2";"1";"1";"5";"PORTE DE SAINT CLOUD";"48,83698000";"2,25546200"
"202300031281";"20";"01";"2023";"08:19";"1";"75";"75114";"2";"3";"1";"3";"AVENUE DU MAINE";"48,83851300";"2,32260700"
"202300031282";"20";"01";"2023";"18:00";"5";"75";"75119";"2";"2";"1";"6";"AVENUE JEAN JAURES";"48,88595000";"2,38214700"
"202300031283";"20";"01";"2023";"09:10";"1";"75";"75116";"2";"1";"1";"7";"AVENUE KLEBER";"48,86581813";"2,28927344"
"202300031284";"20";"01";"2023";"20:10";"5";"75";"75113";"2";"2";"1";"6";"RUE DE TOLBIAC";"48,82576500";"2,34658600"
"202300031285";"20";"01";"2023";"19:17";"5";"75";"75113";"2";"2";"1";"3";"QUAI D AUSTERLITZ";"48,84191500";"2,36786200"
"202300031286";"20";"01";"2023";"19:50";"5";"75";"75112";"2";"1";"1";"6";"RUE CROZATIER";"48,84748800";"2,38120100"
"202300031287";"20";"01";"2023";"13:10";"1";"75";"75112";"2";"3";"1";"1";"RUE CROZATIER";"48,84969100";"2,37948200"
"202300031288";"20";"01";"2023";"16:40";"1";"75";"75107";"2";"1";"8";"2";"RUE DE SEVRES";"48,84907100";"2,32168600"
"202300031289";"19";"01";"2023";"13:40";"1";"75";"75103";"2";"3";"8";"6";"RUE DE TURENNE";"48,85745100";"2,36444900"
"202300031290";"20";"01";"2023";"07:16";"5";"94";"94068";"2";"1";"2";"1";"pont du petit parc";"48,81345000";"2,48006000"
"202300031291";"19";"01";"2023";"18:15";"5";"94";"94068";"2";"1";"2";"6";"GUYNEMER (AV)";"48,78892000";"2,48591000"
"202300031292";"19";"01";"2023";"12:40";"1";"94";"94068";"2";"1";"1";"3";"LEON BOCQUET (R)";"48,80059400";"2,48417100"
"202300031293";"19";"01";"2023";"20:30";"5";"94";"94052";"2";"1";"2";"3";"boulevard de strasbourg";"48,84580900";"2,49007900"
"202300031294";"20";"01";"2023";"07:50";"5";"94";"94038";"2";"3";"1";"6";"Rue Gabriel Péri / Rue Dispan";"48,78018000";"2,33915000"
"202300031295";"18";"01";"2023";"09:54";"1";"93";"93030";"2";"3";"1";"6";"Rue Paul Langevin / Rue Maurice Henniaux";"48,95206000";"2,41517000"
"202300031296";"11";"01";"2023";"00:30";"5";"92";"92073";"2";"1";"2";"2";"PONT DE SURESNES";"48,86688677";"2,22944409"
"202300031297";"19";"01";"2023";"23:20";"5";"92";"92064";"2";"1";"2";"6";"DAILLY";"48,84480000";"2,21750000"
"202300031298";"20";"01";"2023";"16:20";"1";"92";"92051";"2";"9";"8";"2";"VICTOR HUGO (BOULEVARD, N° 51 A 75 ET 62";"48,89132927";"2,27518246"
"202300031299";"20";"01";"2023";"12:20";"1";"92";"92051";"2";"6";"1";"3";"BINEAU (BOULEVARD, N°133 A 217 ET 134 A";"48,89355082";"2,26774657"
"202300031300";"20";"01";"2023";"21:00";"5";"92";"92020";"2";"1";"2";"6";"PARIS AVENUE DE N°84 A FIN";"48,80673800";"2,29345300"
"202300031301";"19";"01";"2023";"18:40";"5";"92";"92049";"2";"1";"2";"3";"BROSSOLETTE AVENUE PIERRE";"48,81683000";"2,30674700"
"202300031302";"20";"01";"2023";"00:10";"5";"92";"92035";"2";"6";"2";"6";"Souvenir Français ( rond point du )";"48,90661000";"2,24808000"
"202300031303";"20";"01";"2023";"19:46";"5";"92";"92025";"2";"1";"1";"3";"BOURNARD (RUE DU)";"48,92303900";"2,25462600"
"202300031304";"20";"01";"2023";"20:47";"5";"92";"92012";"2";"9";"1";"6";"EDOUARD VAILLANT (AVENUE) - DEBUT/55 - C";"48,83396000";"2,24482000"
"202300031305";"18";"01";"2023";"14:55";"1";"92";"92012";"2";"2";"1";"3";"REPUBLIQUE (BOULEVARD DE LA) 5/77BIS - 6";"48,83202000";"2,25309000"
"202300031306";"7";"01";"2023";"23:45";"3";"83";"83062";"1";"1";"1";"4";"A570";"43,14394700";"6,03238100"
"202300031307";"11";"01";"2023";"16:55";"1";"69";"69382";"1";"1";"1";"3";"Route de Métropole 7";"45,74457000";"4,82731000"
"202300031308";"20";"01";"2023";"19:15";"3";"33";"33397";"1";"1";"1";"5";"AUTOROUTE A 10";"44,91084400";" -0,48694300"
"202300031309";"20";"01";"2023";"18:40";"3";"33";"33249";"1";"1";"1";"2";"ROUTE NATIONALE 230";"44,88532000";" -0,51021000"
"202300031310";"20";"01";"2023";"06:25";"3";"33";"33162";"1";"1";"2";"7";"ROCADE A 630";"44,86722903";" -0,64899534"
"202300031311";"18";"01";"2023";"11:50";"1";"93";"93007";"1";"1";"1";"3";"AUTOROUTE A3";"48,92833137";"2,48120159"
"202300031312";"30";"07";"2023";"01:30";"5";"75";"75110";"2";"1";"1";"3";"RUE DE LA GRANGE AUX BELLES";"48,87532700";"2,36739000"
"202300031313";"30";"07";"2023";"15:27";"1";"973";"97302";"2";"3";"1";"3";"FLAMBOYANTS (RUE DES)";"4,92497000";" -52,31717000"
"202300031314";"19";"01";"2023";"08:10";"2";"22";"22278";"2";"1";"2";"6";"ARMORIQUE (AV. D')";"48,51549000";" -2,79320000"
"202300031315";"30";"07";"2023";"03:40";"5";"973";"97302";"2";"1";"1";"3";"LIBERTE (AVENUE DE LA)";"4,93488722";" -52,33346388"
"202300031316";"19";"01";"2023";"20:30";"5";"27";"27229";"2";"1";"5";"1";"CITES UNIES (BOULEVARD DES)";"49,01654456";"1,14386086"
"202300031317";"30";"07";"2023";"00:35";"5";"973";"97302";"2";"1";"1";"7";"GALMOT (ROND-POINT)";"4,93160000";" -52,32985000"
"202300031318";"18";"01";"2023";"14:00";"1";"77";"77186";"2";"2";"1";"6";"D606";"48,41245000";"2,69789000"
"202300031319";"29";"07";"2023";"18:50";"3";"971";"97113";"1";"1";"1";"4";"SECTION COCOYER";"16,24129000";" -61,49234000"
"202300031320";"29";"07";"2023";"02:45";"5";"971";"97113";"2";"1";"1";"6";"RN4 - SECTION RIVIERA";"16,21191000";" -61,47480000"
"202300031321";"19";"01";"2023";"14:20";"1";"976";"97611";"2";"1";"1";"3";"kaweni-Mangrove ( rue de la )";" -12,77577000";"45,22725000"
"202300031322";"31";"07";"2023";"01:55";"5";"2A";"2A004";"2";"1";"1";"6";"KENNEDY AV PRESIDENT";"41,93100000";"8,73700000"
"202300031323";"19";"01";"2023";"18:20";"5";"69";"69383";"2";"2";"1";"3";"Cours Docteur Long";"45,74933000";"4,88400000"
"202300031324";"30";"07";"2023";"07:45";"1";"95";"95500";"2";"3";"1";"3";"FRANCOIS MITTERRAND (AVENUE)";"49,04392000";"2,08499000"
"202300031325";"19";"01";"2023";"03:47";"4";"69";"69387";"2";"1";"1";"2";"103 Avenue Berthelot";"45,74388000";"4,84604000"
"202300031326";"13";"01";"2023";"07:45";"1";"972";"97213";"1";"1";"2";"7";"BOIS D'INDE (CITE)";"14,62556520";" -61,01072210"
"202300031327";"30";"07";"2023";"18:00";"1";"91";"91657";"2";"6";"1";"3";"RUE DES ANEMONES";"48,69843000";"2,42606000"
"202300031328";"19";"01";"2023";"07:50";"1";"972";"97213";"2";"6";"1";"3";"BOIS D'INDE (CITE)";"14,62888000";" -61,01520000"
"202300031329";"30";"07";"2023";"16:45";"1";"83";"83062";"2";"9";"1";"6";"DRAGUIGNAN (AVENUE DE)";"43,14577000";"6,03985000"
"202300031330";"19";"01";"2023";"15:19";"1";"972";"97209";"1";"1";"1";"3";"RD 41 (ROCADE)";"14,61005000";" -61,06520000"
"202300031331";"18";"01";"2023";"18:45";"2";"69";"69382";"2";"3";"8";"3";"Quai Perrache";"45,73830000";"4,82161000"
"202300031332";"30";"07";"2023";"17:21";"1";"77";"77108";"2";"3";"1";"1";"D934";"48,86880500";"2,57384700"
"202300031333";"19";"01";"2023";"11:55";"1";"971";"97113";"1";"9";"1";"6";"DENIS BORDELAIS";"16,20763000";" -61,48248000"
"202300031334";"30";"07";"2023";"06:00";"1";"77";"77058";"1";"2";"1";"3";"EUROPE (AVENUE DE L' )";"48,83465700";"2,74008700"
"202300031335";"19";"01";"2023";"08:55";"1";"2A";"2A004";"2";"1";"1";"6";"ROUTE DU STILETTO";"41,94664000";"8,76520000"
"202300031336";"29";"07";"2023";"17:05";"1";"76";"76026";"1";"1";"1";"6";"RD 100";"49,86801000";"1,12468000"
"202300031337";"19";"01";"2023";"15:20";"1";"95";"95277";"2";"1";"1";"6";"FERME SAINT SIMON (RUE DE LA)";"48,96291200";"2,45259100"
"202300031338";"30";"07";"2023";"16:56";"1";"64";"64024";"2";"1";"1";"3";"ADOUR (AV DE L')";"43,50593000";" -1,49634000"
"202300031339";"18";"01";"2023";"11:20";"1";"95";"95203";"2";"7";"1";"6";"JEANNE D'ARC (AVENUE)";"48,99112197";"2,27862239"
"202300031340";"18";"01";"2023";"09:06";"1";"87";"87085";"2";"3";"9";"7";"FOUGERAS (RUE DE)";"45,86448000";"1,29177000"
"202300031341";"30";"07";"2023";"02:45";"5";"62";"62617";"2";"2";"8";"3";"D937";"50,47569480";"2,66575974"
"202300031342";"19";"01";"2023";"13:40";"1";"83";"83137";"2";"1";"1";"3";"PASSY (AVE FREDERIC)";"43,12018266";"5,94723353"
"202300031343";"29";"07";"2023";"21:30";"1";"56";"56260";"2";"9";"1";"3";"SAINTE-ANNE(RUE)";"47,66065000";" -2,77642000"
"202300031344";"16";"01";"2023";"08:25";"5";"80";"80021";"2";"1";"2";"6";"PARIS (RUE DE)";"49,88895000";"2,28999000"
"202300031345";"29";"07";"2023";"17:25";"1";"49";"49328";"2";"7";"1";"3";"KLEBER (PLACE)";"47,26287000";" -0,07955000"
"202300031346";"16";"01";"2023";"07:35";"5";"80";"80021";"2";"1";"3";"6";"Place Alphonse Fiquet";"49,89113000";"2,30726000"
"202300031347";"30";"07";"2023";"19:40";"1";"44";"44109";"2";"2";"1";"6";"41 Rue Général Buat";"47,23148000";" -1,53812000"
"202300031348";"19";"01";"2023";"15:20";"1";"77";"77333";"2";"1";"1";"6";"RUE DU BOISSEAU";"48,26450200";"2,69560100"
"202300031349";"18";"01";"2023";"11:20";"1";"77";"77186";"1";"1";"1";"2";"D607";"48,41833300";"2,67318000"
"202300031350";"30";"07";"2023";"16:15";"1";"37";"37261";"2";"6";"1";"3";"SUEDE (RUE DE)";"47,43283000";"0,68590000"
"202300031351";"18";"01";"2023";"08:15";"2";"77";"77013";"1";"1";"1";"6";"D402";"48,84378400";"3,08836800"
"202300031352";"30";"07";"2023";"00:50";"5";"31";"31555";"2";"1";"1";"4";"BD PR LEOPOLD ESCANDE";"43,60336000";"1,45651000"
"202300031353";"19";"01";"2023";"18:10";"5";"76";"76231";"2";"2";"1";"3";"Rue Jean Jaurès";"49,29100600";"1,00981300"
"202300031354";"30";"07";"2023";"19:04";"1";"17";"17306";"2";"9";"1";"6";"EUROPE (COURS DE L')";"45,62700000";" -1,01878000"
"202300031355";"19";"01";"2023";"06:00";"3";"76";"76351";"1";"1";"2";"2";"RD 6382";"49,52458800";"0,17479600"
"202300031356";"25";"07";"2023";"13:15";"1";"12";"12145";"2";"1";"1";"3";"AYROLLE (BOULEVARD DE L')";"44,09822000";"3,07679000"
"202300031357";"18";"01";"2023";"15:15";"1";"76";"76351";"2";"2";"4";"2";"SAINT QUENTIN (DE)";"49,51260000";"0,11687000"
"202300031358";"30";"07";"2023";"06:30";"1";"02";"02408";"2";"1";"1";"1";"N/A";"49,57081900";"3,63453800"
"202300031359";"18";"01";"2023";"03:00";"5";"76";"76351";"2";"1";"1";"1";"PIERRE MENDES FRANCE";"49,51241000";"0,14774000"
"202300031360";"30";"07";"2023";"01:17";"3";"75";"75112";"2";"7";"1";"6";"ESPLANADE SAINT LOUIS";"48,84061817";"2,43488789"
"202300031361";"18";"01";"2023";"09:30";"1";"76";"76707";"1";"1";"4";"2";"D915";"49,86272271";"1,11047483"
"202300031362";"30";"07";"2023";"14:20";"1";"75";"75118";"2";"2";"1";"3";"BOULEVARD BARBES";"48,89050000";"2,34960600"
"202300031363";"17";"01";"2023";"08:45";"1";"71";"71076";"2";"2";"2";"3";"PARIS (AVENUE DE)";"46,80658000";"4,84423000"
"202300031364";"20";"01";"2023";"00:45";"5";"69";"69275";"2";"3";"1";"6";"Avenue Jean Jaurès";"45,77211000";"4,97099000"
"202300031365";"30";"07";"2023";"16:00";"1";"75";"75116";"2";"2";"1";"2";"BOULEVARD EXELMANS";"48,84791600";"2,25947000"
"202300031366";"19";"01";"2023";"18:20";"5";"69";"69264";"2";"1";"1";"6";"Rue Grange Blazet";"45,98364000";"4,71982000"
"202300031367";"29";"07";"2023";"19:35";"1";"75";"75112";"2";"1";"1";"4";"RUE PROUDHON";"48,83715700";"2,39051700"
"202300031368";"19";"01";"2023";"14:30";"1";"69";"69264";"2";"6";"1";"3";"Avenue de l’Europe";"45,99823000";"4,73940000"
"202300031369";"30";"07";"2023";"15:45";"1";"75";"75103";"2";"2";"1";"3";"RUE SAINT MARTIN";"48,86165400";"2,35162700"
"202300031370";"19";"01";"2023";"09:30";"1";"69";"69290";"2";"1";"4";"1";"Rue Michel Jacquet";"45,69639000";"4,91924000"
"202300031371";"19";"01";"2023";"07:05";"5";"68";"68066";"2";"1";"1";"3";"Avenue de Lorraine";"48,09316000";"7,35526000"
"202300031372";"30";"07";"2023";"18:30";"1";"94";"94077";"2";"2";"1";"1";"Avenue de la République";"48,73220000";"2,40800000"
"202300031373";"19";"01";"2023";"10:30";"1";"66";"66136";"2";"3";"9";"6";"";"42,69047700";"2,88549364"
"202300031374";"29";"07";"2023";"21:50";"2";"94";"94002";"2";"1";"2";"6";"Rue de Naples";"48,78992000";"2,43124000"
"202300031375";"13";"01";"2023";"11:02";"1";"63";"63063";"2";"1";"1";"3";"VERTE (RUE)";"45,83963000";"3,11761000"
"202300031376";"30";"07";"2023";"18:24";"1";"92";"92040";"2";"2";"1";"3";"BOURGAIN (AVENE)";"48,82250963";"2,26797277"
"202300031377";"18";"01";"2023";"12:50";"1";"62";"62523";"2";"6";"7";"3";"D917";"50,44405000";"2,85677000"
"202300031378";"30";"07";"2023";"20:30";"1";"92";"92025";"2";"1";"1";"3";"CHARLES DE GAULLE (BD)";"48,90907000";"2,23631000"
"202300031379";"19";"01";"2023";"07:25";"3";"61";"61466";"1";"1";"1";"6";"D924";"48,74972700";" -0,49858700"
"202300031380";"19";"01";"2023";"08:55";"1";"60";"60057";"2";"1";"1";"6";"Avenue de Flandre Dunkerque 40";"49,43481000";"2,09819000"
"202300031381";"28";"07";"2023";"22:35";"3";"50";"50447";"1";"1";"1";"1";"Route de la Havaudière";"48,79238000";" -1,51277700"
"202300031382";"19";"01";"2023";"19:45";"5";"59";"59508";"2";"1";"1";"2";"HALLUIN (BOULEVARD D')";"50,73933000";"3,13200000"
"202300031383";"31";"07";"2023";"16:40";"1";"12";"12287";"2";"1";"1";"1";"D926";"44,31609200";"1,89080200"
"202300031384";"20";"01";"2023";"01:00";"3";"59";"59206";"2";"1";"9";"6";"JAURES (RUE JEAN)";"50,19510800";"3,26816700"
"202300031385";"30";"07";"2023";"09:50";"1";"35";"35177";"1";"1";"1";"6";"D137";"48,22457300";" -1,74938000"
"202300031386";"31";"07";"2023";"09:50";"1";"2A";"2A211";"1";"1";"1";"6";"T40";"41,76494200";"8,95106800"
"202300031387";"19";"01";"2023";"11:51";"1";"56";"56121";"2";"1";"2";"3";"ZAY (RUE  JEAN )";"47,74357000";" -3,38517000"
"202300031388";"29";"07";"2023";"17:45";"1";"2A";"2A119";"1";"1";"1";"3";"Route de Frasseto";"41,89551300";"9,01591300"
"202300031389";"18";"01";"2023";"10:05";"1";"56";"56098";"2";"1";"1";"2";"183 Rue Jean Jaurès";"47,76873000";" -3,35265000"
"202300031390";"31";"07";"2023";"16:00";"1";"52";"52114";"1";"1";"1";"2";"D6";"48,04496200";"4,90520200"
"202300031391";"18";"01";"2023";"08:00";"5";"56";"56098";"2";"6";"2";"6";"32 Rue Marcel Sembat";"47,76192000";" -3,34665000"
"202300031392";"30";"07";"2023";"02:19";"3";"18";"18259";"1";"1";"1";"7";"N/A";"47,47126000";"2,69144100"
"202300031393";"16";"01";"2023";"17:50";"5";"54";"54580";"2";"1";"3";"6";"RUE GAMBETTA";"49,47004000";"5,92821000"
"202300031394";"28";"07";"2023";"16:20";"1";"36";"36011";"1";"1";"3";"3";"N/A";"47,17676200";"1,72991800"
"202300031395";"19";"01";"2023";"06:55";"3";"54";"54028";"1";"1";"8";"7";"RD643";"49,21737000";"5,96698000"
"202300031396";"24";"07";"2023";"00:40";"3";"76";"76413";"2";"1";"2";"7";"Rue Jean Baptiste Viguerard";"49,86387500";"1,15380000"
"202300031397";"19";"01";"2023";"18:12";"5";"51";"51454";"2";"4";"1";"3";"rue de Courcelles";"49,26320000";"4,01577000"
"202300031398";"30";"07";"2023";"21:53";"3";"38";"38239";"1";"1";"1";"6";"D1085";"45,33355700";"5,56490800"
"202300031399";"17";"01";"2023";"08:35";"2";"50";"50129";"2";"3";"2";"3";"COSNARD (PONT)";"49,61419000";" -1,64631000"
"202300031400";"31";"07";"2023";"02:30";"3";"44";"44103";"1";"1";"1";"2";"N/A";"47,32486100";" -2,15044500"
"202300031401";"31";"07";"2023";"10:09";"1";"12";"12270";"1";"1";"1";"7";"A75 - PK 186.100 - Sens Nord/sud";"44,36092377";"3,11715603"
"202300031402";"18";"01";"2023";"19:20";"5";"49";"49214";"2";"6";"1";"2";"D768";"47,52090000";" -0,61063000"
"202300031403";"18";"01";"2023";"17:44";"5";"49";"49007";"2";"1";"8";"6";"Rue du Château d'Orgemont";"47,45109000";" -0,54482000"
"202300031404";"24";"07";"2023";"13:34";"1";"22";"22175";"1";"1";"1";"6";"D16";"48,44021300";" -2,34826300"
"202300031405";"30";"07";"2023";"06:20";"2";"77";"77436";"1";"1";"1";"1";"D934";"48,78894200";"3,19921400"
"202300031406";"18";"01";"2023";"07:57";"5";"49";"49015";"2";"3";"1";"2";"DE GAULLE AVENUE DU GENERAL";"47,50166000";" -0,59244000"
"202300031407";"18";"01";"2023";"07:10";"5";"49";"49246";"2";"1";"1";"7";"Chemin de la Monnaie";"47,44396000";" -0,51118000"
"202300031408";"31";"07";"2023";"00:10";"3";"61";"61301";"1";"1";"1";"6";"Autoroute A28 PK 171+150";"48,53968200";"0,16496600"
"202300031409";"21";"07";"2023";"22:41";"3";"40";"40167";"1";"1";"1";"7";"D315";"44,22673800";" -0,57202300"
"202300031410";"19";"01";"2023";"18:52";"3";"47";"47201";"2";"3";"3";"1";"GASCOGNE (AVENUE DE)";"44,16753000";"0,60968000"
"202300031411";"19";"07";"2023";"12:15";"1";"56";"56020";"1";"1";"1";"6";"Beauséjour";"47,79957000";" -2,44784000"
"202300031412";"28";"07";"2023";"18:45";"1";"67";"67305";"2";"7";"2";"1";"13 Rue du Fond";"48,93273100";"8,15753800"
"202300031413";"19";"01";"2023";"07:50";"2";"47";"47001";"2";"3";"8";"3";"BARBUSSE (AV. HENRI)";"44,20548000";"0,62857000"
"202300031414";"20";"07";"2023";"11:30";"1";"67";"67500";"2";"9";"1";"6";"Rue du Général de Gaulle";"48,52600800";"7,33137900"
"202300031415";"29";"07";"2023";"17:40";"1";"80";"80437";"1";"1";"1";"7";"D96";"49,93419300";"1,90187900"
"202300031416";"29";"07";"2023";"04:00";"3";"82";"82175";"1";"1";"1";"6";"D57";"44,12958500";"0,93909500"
"202300031417";"17";"01";"2023";"11:55";"1";"37";"37214";"2";"1";"1";"1";"PALLUAU (RUE DE)";"47,40120000";"0,65314000"
"202300031418";"30";"07";"2023";"18:25";"1";"71";"71450";"1";"1";"1";"7";"D43";"46,90738600";"4,51877100"
"202300031419";"17";"01";"2023";"07:55";"5";"35";"35288";"2";"1";"2";"6";"GRAND JARDIN (RUE DU)";"48,62782000";" -1,98580000"
"202300031420";"31";"07";"2023";"06:20";"2";"71";"71170";"2";"3";"1";"3";"26 Route de Chagny";"46,92524500";"4,83083500"
"202300031421";"19";"01";"2023";"18:45";"5";"35";"35238";"2";"2";"8";"6";"VOLCLAIR (BD LOUIS)";"48,08829847";" -1,66747302"
"202300031422";"22";"07";"2023";"12:10";"1";"12";"12208";"2";"3";"1";"6";"10 Boulevard de la Capelle";"43,95585000";"2,88928900"