"Num_Acc";"jour";"mois";"an";"hrmn";"lum";"dep";"com";"agg";"int";"atm";"col";"adr";"lat";"long"
"202300031423";"31";"07";"2023";"08:35";"1";"12";"12031";"1";"1";"1";"6";"RD 53";"44,46967200";"2,29494600"
"202300031424";"19";"01";"2023";"16:45";"1";"35";"35238";"1";"6";"1";"2";"N136";"48,08185879";" -1,67517096"
"202300031425";"31";"07";"2023";"20:15";"1";"42";"42329";"2";"4";"1";"6";"Route Bleue";"45,31681500";"4,51269300"
"202300031426";"19";"01";"2023";"17:00";"2";"33";"33318";"2";"1";"3";"6";"Avenue du Général Leclerc";"44,79095000";" -0,67285000"
"202300031427";"30";"07";"2023";"21:00";"2";"47";"47106";"2";"6";"1";"6";"Avenue de l'Usine";"44,49349400";"0,96362700"
"202300031428";"18";"01";"2023";"18:05";"2";"29";"29019";"2";"3";"1";"3";"boulevard Léon Blum";"48,40421700";" -4,48448600"
"202300031429";"29";"07";"2023";"19:06";"1";"47";"47110";"2";"3";"1";"6";"1 Rue de Bantzenheim";"44,45638700";"0,29481000"
"202300031430";"19";"01";"2023";"10:20";"1";"26";"26198";"2";"1";"1";"6";"Avenue John Fitzgerald Kennedy";"44,55592000";"4,73400000"
"202300031431";"25";"07";"2023";"16:15";"1";"22";"22222";"1";"1";"1";"3";"Lieu Dit Keregal";"48,66902900";" -2,89403900"
"202300031432";"19";"01";"2023";"23:25";"5";"22";"22278";"2";"9";"2";"6";"MONGE";"48,50100000";" -2,74100000"
"202300031433";"28";"07";"2023";"07:40";"1";"39";"39286";"2";"1";"1";"1";"Rue du Desart";"46,38650600";"5,78060000"
"202300031434";"19";"01";"2023";"09:05";"1";"17";"17461";"2";"6";"8";"4";"EXPRESS (VOIE)";"45,64924000";" -1,04789000"
"202300031435";"30";"07";"2023";"16:00";"1";"39";"39106";"1";"1";"1";"1";"N/A";"46,45131900";"5,71175900"
"202300031436";"15";"07";"2023";"13:30";"1";"25";"25180";"1";"1";"1";"7";"route départementale 229";"46,95988100";"6,02403800"
"202300031437";"18";"01";"2023";"17:30";"5";"14";"14715";"2";"9";"4";"6";"Rue de l’Ancien Parc aux Huitres";"49,36100000";"0,08600000"
"202300031438";"28";"07";"2023";"14:45";"1";"29";"29192";"2";"1";"1";"2";"Route de Sibiril";"48,66965626";" -4,05049266"
"202300031439";"18";"01";"2023";"14:10";"1";"14";"14715";"1";"2";"8";"2";"D513";"49,37838000";"0,09834000"
"202300031440";"27";"07";"2023";"18:45";"1";"29";"29220";"1";"1";"2";"5";"D102";"47,84682701";" -4,22688215"
"202300031441";"19";"01";"2023";"18:55";"5";"13";"13208";"2";"2";"1";"3";"GATONS (RUE)";"43,25207000";"5,37757000"
"202300031442";"30";"07";"2023";"15:55";"1";"38";"38144";"1";"1";"1";"3";"D518";"45,58371000";"5,09759200"
"202300031443";"19";"01";"2023";"16:00";"1";"13";"13204";"2";"1";"1";"6";"CHUTES LAVI (AVENUE)";"43,31401729";"5,39736348"
"202300031444";"31";"07";"2023";"11:58";"1";"38";"38130";"1";"1";"1";"3";"D518";"45,38072800";"5,27978900"
"202300031445";"19";"01";"2023";"07:15";"2";"13";"13213";"2";"1";"1";"2";"JEAN PAUL SARTRE (AVENUE)";"43,32199903";"5,41787181"
"202300031446";"30";"07";"2023";"11:46";"1";"38";"38479";"1";"1";"1";"6";"route departementale 41";"45,42095600";"5,19215600"
"202300031447";"18";"01";"2023";"08:34";"1";"13";"13208";"2";"1";"1";"3";"MICHELET (BOULEVARD)";"43,26172749";"5,39737485"
"202300031448";"29";"07";"2023";"13:45";"1";"03";"03138";"1";"1";"3";"6";"route de dompierre";"46,26516000";"3,61243700"
"202300031449";"28";"07";"2023";"09:30";"1";"03";"03072";"1";"1";"1";"2";"Route départementale 40 - Lieu-dit Villevendret";"46,50181900";"2,54460100"
"202300031450";"19";"01";"2023";"00:50";"5";"13";"13206";"2";"3";"1";"3";"PRADO (AVENUE DU)";"43,28402564";"5,38476570"
"202300031451";"30";"07";"2023";"14:40";"1";"01";"01388";"2";"2";"1";"7";"Place Fernand Rude";"46,45888000";"5,08425600"
"202300031452";"31";"07";"2023";"20:30";"1";"05";"05149";"1";"1";"1";"7";"D944";"44,65735100";"6,20587000"
"202300031453";"18";"01";"2023";"18:40";"5";"13";"13206";"2";"1";"1";"6";"Cours lieutaud";"43,29134995";"5,38301520"
"202300031454";"31";"07";"2023";"12:00";"1";"50";"50417";"2";"3";"2";"6";"Place de la Mairie";"49,59356300";" -1,30342500"
"202300031455";"18";"01";"2023";"16:20";"1";"13";"13211";"2";"3";"1";"3";"Avenue jean lombard";"43,28929694";"5,43637605"
"202300031456";"27";"07";"2023";"19:15";"1";"83";"83124";"1";"3";"1";"3";"D562";"43,58548900";"6,63443300"
"202300031457";"30";"07";"2023";"16:45";"1";"83";"83046";"1";"1";"1";"7";"Route départementale 22";"43,54327221";"6,15818972"
"202300031458";"31";"07";"2023";"17:15";"1";"60";"60393";"2";"1";"3";"1";"Rue de Creil";"49,26716100";"2,37083600"
"202300031459";"30";"07";"2023";"16:36";"1";"64";"64403";"1";"1";"1";"1";"Route Departementale 936";"43,37202200";" -0,84704000"
"202300031460";"30";"07";"2023";"18:00";"1";"64";"64461";"2";"2";"1";"3";"Route Departementale 817";"43,52504600";" -0,91065300"
"202300031461";"30";"07";"2023";"12:30";"1";"64";"64015";"1";"1";"2";"6";"Rd247";"43,09578900";" -0,90700500"
"202300031462";"20";"06";"2023";"13:55";"1";"73";"73164";"1";"1";"1";"6";"D913 Route du Revard";"45,70459500";"5,99880100"
"202300031463";"30";"07";"2023";"15:40";"1";"43";"43150";"2";"7";"1";"1";"Le Bourg";"45,09708500";"4,05926900"
"202300031464";"30";"07";"2023";"09:30";"1";"16";"16425";"1";"1";"1";"6";"N/A";"45,74717700";"0,44977400"
"202300031465";"30";"07";"2023";"19:00";"1";"53";"53228";"1";"1";"1";"6";"La Douettee";"48,03395500";" -0,37324500"
"202300031466";"29";"07";"2023";"11:00";"1";"21";"21445";"1";"1";"1";"7";"D 26, PK 45+820";"47,31833200";"4,31770100"
"202300031467";"21";"07";"2023";"08:10";"1";"04";"04094";"2";"1";"1";"1";"Avenue des Thermes";"43,75779800";"5,89402600"
"202300031468";"30";"07";"2023";"12:40";"1";"85";"85146";"2";"6";"1";"3";"RD 137";"46,98417200";" -1,31929800"
"202300031469";"30";"07";"2023";"18:20";"1";"85";"85089";"1";"3";"1";"7";"la malvoire";"46,74121700";" -1,34768900"
"202300031470";"31";"07";"2023";"11:45";"1";"28";"28052";"1";"1";"2";"5";"D26.1";"48,56626000";"1,52723400"
"202300031471";"29";"07";"2023";"17:45";"1";"23";"23220";"2";"1";"1";"7";"Fourneaux";"46,02156800";"2,13868500"
"202300031472";"30";"07";"2023";"17:30";"1";"87";"87187";"2";"4";"1";"7";"Place de la Nation";"45,50930559";"1,20274365"
"202300031473";"28";"07";"2023";"03:45";"3";"37";"37122";"1";"1";"3";"2";"D751";"47,33860500";"0,63662800"
"202300031474";"30";"07";"2023";"02:05";"5";"30";"30122";"1";"1";"5";"1";"Campe Faysse";"43,90267800";"4,21547200"
"202300031475";"29";"07";"2023";"17:30";"1";"48";"48144";"1";"1";"1";"7";"D9";"44,15657132";"3,73847648"
"202300031476";"29";"07";"2023";"21:10";"5";"987";"98734";"2";"1";"1";"1";"PK 35.200 - RT1";" -17,76092200";" -149,50828900"
"202300031477";"29";"07";"2023";"23:20";"5";"30";"30169";"2";"1";"1";"6";"Rue du Temple";"43,79042000";"4,30705600"
"202300031478";"31";"07";"2023";"16:44";"1";"01";"01266";"2";"1";"1";"6";"d975";"46,33690300";"5,12870600"
"202300031479";"30";"07";"2023";"19:50";"5";"987";"98715";"1";"1";"1";"5";"RT5 - sens décroissant - trois voies de circulation";" -17,58400000";" -149,56000000"
"202300031480";"28";"07";"2023";"23:45";"3";"33";"33072";"1";"1";"1";"6";"A 62";"44,53190156";" -0,17717600"
"202300031481";"28";"07";"2023";"14:45";"1";"34";"34172";"1";"1";"1";"2";"A709";"43,59985500";"3,91760000"
"202300031482";"31";"07";"2023";"15:10";"1";"21";"21405";"1";"1";"1";"5";"A6, PK 314+100";"46,93907000";"4,82501500"
"202300031483";"31";"07";"2023";"04:00";"5";"73";"73304";"2";"6";"1";"6";"D902, LA DAILLE";"45,45965658";"6,96628541"
"202300031484";"31";"07";"2023";"13:00";"1";"11";"11441";"1";"1";"1";"6";"N/A";"43,20238000";"3,08090900"
"202300031485";"31";"07";"2023";"09:50";"1";"30";"30189";"1";"1";"1";"4";"A54 Pk 001.150";"43,80783600";"4,35361100"
"202300031486";"29";"07";"2023";"20:20";"3";"988";"98831";"1";"1";"1";"6";"route de Tiéta - VU 60";" -20,94358500";"164,71203100"
"202300031487";"29";"07";"2023";"22:45";"3";"988";"98802";"1";"1";"1";"6";"PR 86+750, RT1, Ouaménie";" -21,85984000";"165,97754000"
"202300031488";"29";"07";"2023";"21:40";"3";"973";"97305";"1";"1";"1";"1";"PK 39.5 RN1";"5,06803200";" -52,59012600"
"202300031489";"28";"07";"2023";"13:03";"1";"45";"45063";"1";"2";"8";"5";"D51 PR 23 + 599";"47,63670200";"2,44842800"
"202300031490";"30";"07";"2023";"02:00";"3";"34";"34213";"1";"1";"1";"6";"D2";"43,51044500";"3,64540600"
"202300031491";"29";"07";"2023";"10:30";"1";"34";"34209";"1";"1";"1";"2";"RD612";"43,31311240";"3,32988796"
"202300031492";"30";"07";"2023";"12:55";"1";"34";"34154";"1";"1";"1";"3";"RD189";"43,61053900";"3,97314500"
"202300031493";"27";"07";"2023";"08:15";"1";"83";"83112";"2";"3";"1";"3";"Avenue des Lecques";"43,18159300";"5,69770400"
"202300031494";"30";"07";"2023";"09:20";"1";"13";"13082";"1";"1";"1";"3";"D543 pk 02+850";"43,69498200";"5,34405500"
"202300031495";"30";"07";"2023";"08:30";"1";"13";"13059";"1";"1";"1";"3";"D96";"43,63322900";"5,51683200"
"202300031496";"29";"07";"2023";"20:20";"1";"13";"13048";"2";"1";"1";"7";"chemin de la colle";"43,63320200";"5,62917400"
"202300031497";"30";"07";"2023";"13:55";"1";"71";"71150";"2";"1";"1";"7";"440 Rue du Stade";"46,24117600";"4,78142200"
"202300031498";"31";"07";"2023";"08:35";"1";"67";"67127";"2";"1";"1";"3";"48 Rue de Wolxheim";"48,56970000";"7,52301200"
"202300031499";"30";"07";"2023";"19:28";"2";"54";"54090";"2";"3";"1";"6";"Rue Victor Henry";"48,75306000";"6,16424000"
"202300031500";"30";"07";"2023";"14:00";"1";"63";"63092";"1";"1";"1";"1";"D455";"45,91628800";"3,03033800"
"202300031501";"29";"07";"2023";"10:15";"1";"07";"07127";"2";"1";"1";"6";"Rue des Tanins";"44,64666000";"4,32459600"
"202300031502";"28";"07";"2023";"14:00";"1";"85";"85222";"2";"1";"1";"7";"9 Avenue de l'atlantique";"46,68832100";" -1,93372780"
"202300031503";"30";"07";"2023";"07:55";"1";"29";"29237";"2";"1";"1";"6";"Lez Elorn";"48,47506963";" -4,20591814"
"202300031504";"30";"07";"2023";"16:53";"1";"22";"22198";"1";"2";"1";"3";"D788";"48,80916000";" -3,53306500"
"202300031505";"26";"07";"2023";"14:45";"1";"22";"22198";"1";"1";"1";"3";"D788";"48,79863600";" -3,54066700"
"202300031506";"31";"07";"2023";"09:40";"1";"22";"22186";"1";"2";"8";"3";"route de la liberation";"48,58538400";" -2,51750000"
"202300031507";"29";"07";"2023";"16:20";"1";"59";"59399";"2";"1";"1";"1";"499 Rue de Bailleul";"50,71408400";"2,66830800"
"202300031508";"29";"07";"2023";"11:00";"1";"13";"13071";"1";"1";"1";"3";"F1-Sens Lyon vers A55-Martigues";"43,40498000";"5,29499000"
"202300031509";"29";"07";"2023";"03:45";"3";"13";"13005";"1";"1";"1";"2";"A50-Sens Aubagne vers Marseille";"43,28900000";"5,55095000"
"202300031510";"5";"07";"2023";"04:35";"3";"83";"83144";"1";"1";"1";"6";"A57";"43,14334000";"6,01320000"
"202300031511";"30";"07";"2023";"15:45";"1";"33";"33550";"1";"1";"1";"4";"ROCADE A 630";"44,77847000";" -0,55431000"
"202300031512";"30";"07";"2023";"01:25";"3";"33";"33162";"1";"1";"1";"6";"ROCADE A 630";"44,85929300";" -0,66095800"
"202300031513";"30";"07";"2023";"16:10";"1";"91";"91689";"1";"1";"1";"3";"AUTOROUTE A6B";"48,74369000";"2,32333000"
"202300031514";"14";"04";"2023";"13:15";"1";"76";"76681";"2";"2";"1";"3";"Avenue du 14 Juillet";"49,40643000";"1,09669000"
"202300031515";"30";"07";"2023";"13:23";"1";"92";"92002";"1";"1";"1";"4";"AUTOROUTE A10";"48,73057039";"2,30851382"
"202300031516";"13";"04";"2023";"19:00";"1";"76";"76296";"1";"1";"1";"5";"LIBERATION (RUE DE LA )";"49,51751000";"0,24723000"
"202300031517";"29";"07";"2023";"22:58";"3";"91";"91689";"1";"1";"1";"2";"A6";"48,74795000";"2,32665000"
"202300031518";"30";"07";"2023";"01:30";"3";"92";"92064";"1";"1";"1";"6";"A13";"48,83971944";"2,21953969"
"202300031519";"14";"04";"2023";"14:40";"1";"72";"72181";"2";"1";"3";"2";"PATTON GENERAL RTE BAUGE A CHEMIN RONDE";"47,98884000";"0,17843000"
"202300031520";"14";"04";"2023";"09:10";"1";"72";"72181";"2";"3";"2";"6";"BOLLEE (AV) N° PAIRS 2 A 62";"48,00237000";"0,20600000"
"202300031521";"30";"07";"2023";"06:45";"2";"94";"94018";"1";"1";"1";"3";"A4";"48,81737894";"2,41732391"
"202300031522";"13";"04";"2023";"17:50";"1";"71";"71270";"2";"1";"1";"6";"OLIVIER DE SERRES (RUE)";"46,29411000";"4,81584000"
"202300031523";"29";"07";"2023";"21:55";"3";"77";"77495";"1";"1";"1";"6";"A5b";"48,57555000";"2,63901000"
"202300031524";"14";"04";"2023";"21:50";"5";"69";"69256";"2";"1";"2";"6";"Avenue Roger Salengro";"45,75470000";"4,92820000"
"202300031525";"25";"04";"2023";"07:55";"1";"42";"42186";"2";"1";"1";"1";"M88";"45,52100000";"4,59663000"
"202300031526";"14";"04";"2023";"02:30";"5";"69";"69264";"2";"1";"1";"6";"706 Rue d’Anse";"45,97943000";"4,71760000"
"202300031527";"28";"07";"2023";"11:10";"1";"38";"38053";"2";"9";"1";"6";"Avenue Henri Barbusse";"45,59578405";"5,26772745"
"202300031528";"27";"07";"2023";"10:45";"1";"34";"34301";"2";"6";"1";"6";"4 Place Delille";"43,40470000";"3,70090000"
"202300031529";"13";"04";"2023";"10:32";"1";"66";"66136";"2";"1";"1";"6";"N/A";"42,68705000";"2,90611000"
"202300031530";"10";"03";"2023";"10:55";"1";"974";"97409";"2";"9";"3";"3";"RN2 SENS STE SUZANNE ST BENOIT";" -20,94394000";"55,64944000"
"202300031531";"14";"04";"2023";"10:15";"1";"64";"64545";"1";"1";"3";"3";"BRETELLE DE LAUTOROUTE RD 913";"43,37482000";" -1,68547000"
"202300031532";"29";"07";"2023";"07:50";"1";"974";"97411";"2";"9";"1";"5";"JAURES (BLD 1 JEAN)";" -20,89067000";"55,45521000"
"202300031533";"28";"07";"2023";"16:15";"1";"974";"97411";"2";"6";"1";"2";"JAURES (BOULEVARD JEAN)";" -20,90230000";"55,50250000"
"202300031534";"14";"04";"2023";"08:36";"1";"60";"60057";"2";"9";"1";"1";"Rue Fermepin";"49,43364000";"2,09372000"
"202300031535";"29";"07";"2023";"17:50";"1";"974";"97407";"2";"9";"1";"6";"LOUIS GUILLOUX (ALLEE)- RIV. DES GALETS";" -20,95775000";"55,31369000"
"202300031536";"14";"04";"2023";"03:10";"4";"59";"59648";"2";"1";"1";"6";"GUILLAIN CHARLES AVENUE";"50,58846200";"3,04431500"
"202300031537";"29";"07";"2023";"11:27";"1";"973";"97302";"2";"1";"1";"3";"CRIQUE FOUILLEE (ROND POINT)";"4,89655000";" -52,32864000"
"202300031538";"29";"07";"2023";"00:10";"5";"973";"97302";"2";"1";"1";"1";"MADELEINE (ROUTE DE LA)";"4,91230000";" -52,32110000"
"202300031539";"14";"04";"2023";"10:50";"1";"59";"59317";"2";"9";"1";"3";"HUGO  (RUE VICTOR)";"50,68751100";"2,89686500"
"202300031540";"29";"07";"2023";"01:00";"5";"69";"69386";"2";"2";"1";"3";"Rue Tronchet";"45,77056000";"4,85503000"
"202300031541";"14";"04";"2023";"13:20";"1";"57";"57447";"2";"1";"1";"6";"11EME D'AVIATION (RUE DE LA)";"49,08524000";"6,14901000"
"202300031542";"29";"07";"2023";"04:05";"5";"95";"95288";"2";"1";"9";"6";"D311";"48,98194213";"2,35318780"
"202300031543";"13";"04";"2023";"19:00";"1";"56";"56121";"2";"1";"2";"2";"LECLERC ( BD GENERAL )";"47,74851000";" -3,36539000"
"202300031544";"28";"07";"2023";"23:20";"5";"91";"91216";"2";"1";"1";"3";"CD 257";"48,67595700";"2,33631300"
"202300031545";"13";"04";"2023";"17:55";"1";"51";"51454";"2";"2";"1";"3";"rue Michel Ange";"49,26886000";"4,01195000"
"202300031546";"29";"07";"2023";"13:46";"1";"86";"86066";"1";"1";"8";"7";"D749";"46,78546900";"0,54724000"
"202300031547";"13";"04";"2023";"11:20";"1";"50";"50129";"2";"3";"1";"1";"NAPOLEON (PLACE)";"49,64370000";" -1,62579000"
"202300031548";"16";"06";"2023";"15:10";"1";"79";"79329";"2";"3";"1";"6";"N/A";"46,98675800";" -0,21085000"
"202300031549";"12";"04";"2023";"18:15";"1";"49";"49099";"2";"1";"1";"7";"PAGANNES (RUE DES)";"47,07488000";" -0,84522000"
"202300031550";"28";"07";"2023";"18:50";"1";"78";"78481";"2";"3";"2";"6";"LECLERC (AVENUE DU GENERAL)";"48,88932000";"2,09898000"
"202300031551";"29";"07";"2023";"13:30";"1";"77";"77251";"1";"1";"2";"6";"D 402";"48,62436000";"2,54626000"
"202300031552";"14";"04";"2023";"08:50";"1";"49";"49007";"2";"2";"1";"3";"BEDIER BOULEVARD";"47,45271000";" -0,54103000"
"202300031553";"29";"07";"2023";"23:15";"5";"76";"76681";"2";"1";"2";"6";"ELUARD. RUE PAUL";"49,40379000";"1,09874000"
"202300031554";"29";"07";"2023";"14:31";"1";"72";"72181";"2";"9";"1";"3";"PERRIN (PONT)";"48,00700000";"0,19300000"
"202300031555";"14";"04";"2023";"04:55";"5";"49";"49007";"2";"2";"1";"3";"VOLNEY";"47,46326000";" -0,54505000"
"202300031556";"11";"04";"2023";"16:50";"1";"44";"44132";"2";"1";"1";"6";"Avenue de l'Hippodrome";"47,25926000";" -2,32955000"
"202300031557";"29";"07";"2023";"22:50";"5";"64";"64122";"2";"1";"1";"3";"""KENNEDY (AVENUE DU PRESIDENT J,F)""";"43,46247000";" -1,55125000"
"202300031558";"14";"04";"2023";"18:50";"1";"38";"38185";"2";"1";"2";"6";"COURS DE LA LIBÉRATION ET DU GÉNÉRAL DE";"45,16050000";"5,70980000"
"202300031559";"14";"04";"2023";"17:55";"1";"38";"38151";"2";"3";"1";"3";"AVENUE VICTOR HUGO";"45,15461000";"5,71226000"
"202300031560";"29";"07";"2023";"18:15";"1";"64";"64024";"2";"1";"1";"3";"ARITXAGUE (ROUTE D')";"43,49330000";" -1,49722000"
"202300031561";"14";"04";"2023";"07:40";"1";"38";"38185";"2";"2";"8";"3";"BOULEVARD JOSEPH VALLIER";"45,18024000";"5,71134000"
"202300031562";"29";"07";"2023";"16:45";"1";"64";"64102";"2";"1";"1";"7";"PAULMY (AVENUE DES ALLEES)";"43,49393000";" -1,47957000"
"202300031563";"14";"04";"2023";"13:00";"1";"37";"37261";"2";"1";"1";"7";"DANEMARK (AVENUE DU)";"47,42988000";"0,67918000"
"202300031564";"14";"04";"2023";"12:40";"1";"37";"37122";"1";"9";"2";"7";"RD 37";"47,34000535";"0,66641092"
"202300031565";"29";"07";"2023";"10:40";"1";"63";"63113";"1";"1";"2";"6";"BEAULIEU (CHEMIN DE)";"45,75747000";"3,15475000"
"202300031566";"14";"04";"2023";"04:50";"3";"36";"36202";"1";"1";"1";"6";"N/A";"46,78309369";"1,60174012"
"202300031567";"29";"07";"2023";"20:10";"1";"60";"60159";"2";"2";"1";"6";"Rue Winston Churchill";"49,41232600";"2,81505200"
"202300031568";"14";"04";"2023";"23:30";"5";"35";"35238";"2";"3";"1";"5";"VERN (DE)";"48,10145485";" -1,65966779"
"202300031569";"14";"04";"2023";"19:40";"1";"35";"35238";"2";"1";"1";"6";"JANVIER (AVENUE JEAN)";"48,10449000";" -1,67263000"
"202300031570";"28";"07";"2023";"18:40";"1";"59";"59041";"2";"1";"1";"6";"HORIPETTE (RUE DE L') ";"50,20704000";"3,86486000"
"202300031571";"14";"04";"2023";"15:50";"1";"35";"35238";"2";"1";"1";"3";"LORIENT (DE)";"48,10846000";" -1,71247000"
"202300031572";"29";"07";"2023";"02:15";"5";"59";"59350";"2";"5";"1";"6";"Rue Léon Gambetta";"50,62954000";"3,05492000"
"202300031573";"25";"07";"2023";"17:10";"1";"54";"54431";"2";"6";"1";"3";"Rue du Bois le Prêtre";"48,90757800";"6,04970000"
"202300031574";"29";"07";"2023";"16:45";"1";"54";"54257";"2";"1";"1";"6";"Parc Commercial de l'Espinette";"48,64840000";"6,18188000"
"202300031575";"29";"07";"2023";"07:00";"1";"54";"54382";"2";"1";"1";"6";"Rue du Fond de Piedmont";"49,54636000";"5,77179000"
"202300031576";"14";"04";"2023";"23:00";"5";"33";"33063";"2";"1";"2";"6";"Rue Professeur Darget";"44,87720000";" -0,55935000"
"202300031577";"29";"07";"2023";"12:30";"1";"37";"37233";"2";"1";"1";"2";"LOIRE (LEVEE DE LA)";"47,39682000";"0,71034000"
"202300031578";"14";"04";"2023";"11:20";"1";"33";"33063";"2";"1";"3";"6";"Avenue de Mérignac";"44,83857000";" -0,62444000"
"202300031579";"29";"07";"2023";"11:00";"1";"37";"37261";"2";"1";"2";"7";"ROYER (BD JEAN)";"47,38103000";"0,68527000"
"202300031580";"14";"04";"2023";"12:30";"1";"31";"31483";"2";"7";"2";"2";"Avenue de l’Isle";"43,11171000";"0,72581000"
"202300031581";"28";"07";"2023";"12:20";"1";"37";"37261";"2";"9";"2";"6";"ALOUETTE (AVENUE)";"47,36295000";"0,69682000"
"202300031582";"29";"07";"2023";"04:55";"3";"33";"33009";"2";"1";"1";"6";"COTE D'ARGENT (BD) DU 69 AU 263";"44,64468000";" -1,19528000"
"202300031583";"14";"04";"2023";"18:05";"1";"29";"29254";"1";"1";"1";"6";"Route de Saint-Germain";"48,59470000";" -3,84149000"
"202300031584";"29";"07";"2023";"11:35";"1";"31";"31555";"2";"1";"1";"3";"AV DU GENERAL EISENHOWER";"43,55791480";"1,40277654"
"202300031585";"14";"04";"2023";"16:45";"1";"28";"28134";"1";"1";"2";"7";"D152 (VERT EN DROUAIS)";"48,74766000";"1,31756000"
"202300031586";"29";"07";"2023";"18:45";"1";"27";"27562";"2";"1";"8";"3";"ROUEN (ROUTE DE )";"49,10225000";"1,46674000"
"202300031587";"29";"07";"2023";"05:30";"3";"17";"17300";"1";"1";"2";"7";"09 PK RN237 MOULIN JUSTICE RE";"46,17149000";" -1,19409000"
"202300031588";"14";"04";"2023";"17:21";"1";"27";"27681";"2";"9";"2";"6";"VIROLET (RUE DU)";"49,09657000";"1,46463000"
"202300031589";"15";"07";"2023";"16:48";"1";"10";"10333";"2";"1";"1";"2";"CROIX BLANCHE (RUE DE LA )";"48,27615000";"4,05642000"
"202300031590";"4";"03";"2023";"09:50";"1";"33";"33249";"1";"1";"1";"6";"ROUTE NATIONALE 230";"44,87955251";" -0,50989866"
"202300031591";"14";"04";"2023";"09:45";"1";"27";"27681";"2";"1";"1";"3";"SAMSON (RUE)";"49,09086000";"1,48277000"
"202300031592";"29";"07";"2023";"04:49";"3";"10";"10191";"1";"1";"1";"3";"ROCADE OUEST (RD 610)";"48,33007000";"4,08386000"
"202300031593";"4";"03";"2023";"15:33";"1";"75";"75114";"1";"1";"1";"7";"A6A";"48,81872300";"2,33099000"
"202300031594";"25";"07";"2023";"09:55";"1";"06";"06123";"2";"4";"1";"6";"BARTHELEMY AVENUE PIERRE";"43,67341000";"7,18981000"
"202300031595";"15";"04";"2023";"00:01";"3";"23";"23096";"2";"1";"2";"5";"AUVERGNE (AVENUE)";"46,16200000";"1,89100000"
"202300031596";"4";"03";"2023";"16:00";"1";"91";"91235";"1";"1";"1";"7";"RN 104";"48,62579000";"2,35573000"
"202300031597";"11";"11";"2023";"18:45";"3";"13";"13209";"2";"1";"1";"3";"MICHELET (BOULEVARD)";"43,25870000";"5,39900000"
"202300031598";"8";"04";"2023";"10:30";"1";"22";"22278";"2";"1";"1";"6";"LE GORREC (PIERRE)";"48,51252000";" -2,76155000"
"202300031599";"28";"07";"2023";"10:40";"1";"06";"06123";"2";"9";"1";"3";"BORD DE MER RN 98";"43,66558900";"7,18659300"
"202300031600";"3";"03";"2023";"23:04";"5";"92";"92050";"1";"1";"1";"2";"A86";"48,89784194";"2,19804328"
"202300031601";"11";"11";"2023";"15:00";"1";"13";"13214";"2";"1";"1";"2";"SAINT JOSEPH (CHEMIN DE)";"43,34175982";"5,38661797"
"202300031602";"28";"07";"2023";"12:00";"1";"04";"04070";"2";"1";"1";"1";"PLAN DE GAUBERT (RTE DU)";"44,07386000";"6,19593000"
"202300031603";"8";"04";"2023";"18:00";"1";"19";"19031";"2";"3";"1";"3";"ALSACE LORRAINE (AVENUE) JUSQU'A N° 55 ";"45,15199000";"1,54091000"
"202300031604";"3";"03";"2023";"19:15";"3";"92";"92036";"1";"1";"1";"3";"A86";"48,93576409";"2,28722247"
"202300031605";"25";"07";"2023";"11:15";"1";"04";"04070";"2";"1";"1";"6";"verdun ( avenue de )";"44,08622000";"6,22129600"
"202300031606";"7";"04";"2023";"12:20";"1";"19";"19031";"2";"2";"1";"3";"MAJOUR (RUE)";"45,15938000";"1,53217000"
"202300031607";"9";"11";"2023";"13:45";"1";"13";"13214";"2";"9";"2";"5";"MERIMEE";"43,32802583";"5,39740148"
"202300031608";"4";"03";"2023";"19:10";"3";"95";"95277";"1";"1";"1";"5";"RD 170 ";"48,97690265";"2,47768521"
"202300031609";"29";"07";"2023";"20:00";"1";"01";"01344";"2";"1";"1";"7";"BRESSE (AVENUE DE)";"46,21135000";"5,20376000"
"202300031610";"13";"04";"2023";"15:00";"1";"14";"14366";"2";"1";"1";"6";"48 Boulevard Sainte Anne";"49,14289000";"0,22554000"
"202300031611";"12";"11";"2023";"01:20";"5";"13";"13001";"2";"1";"3";"1";"CARNOT (BD)";"43,52567000";"5,45505000"
"202300031612";"29";"07";"2023";"10:20";"1";"75";"75114";"2";"1";"1";"7";"PORTE D ORLEANS";"48,82056200";"2,32311200"
"202300031613";"3";"03";"2023";"22:20";"3";"93";"93048";"1";"9";"1";"2";"AUTOROUTE A3";"48,87186000";"2,43360000"
"202300031614";"14";"04";"2023";"19:15";"1";"13";"13201";"2";"5";"2";"2";"MONTRICHER (BOULEVARD)";"43,30388000";"5,39305000"
"202300031615";"14";"04";"2023";"10:50";"1";"13";"13214";"2";"1";"1";"1";"Voie sans nom (sud)/ave du marche national m.i.n";"43,33936228";"5,38073718"
"202300031616";"11";"11";"2023";"19:46";"3";"11";"11069";"1";"6";"2";"3";"N/A";"43,19629000";"2,32244000"
"202300031617";"4";"03";"2023";"07:30";"1";"77";"77058";"1";"1";"1";"2";"A4";"48,82800000";"2,73100000"
"202300031618";"28";"07";"2023";"17:40";"1";"75";"75112";"2";"1";"1";"4";"ECHANGEUR BERCY";"48,82847100";"2,39741800"
"202300031619";"11";"11";"2023";"17:25";"2";"11";"11069";"2";"7";"2";"7";"9 Allée d'Iéna";"43,21064000";"2,34500000"