"Num_Acc";"jour";"mois";"an";"hrmn";"lum";"dep";"com";"agg";"int";"atm";"col";"adr";"lat";"long"
"202300031620";"3";"03";"2023";"22:30";"3";"77";"77517";"1";"1";"1";"7";"A104.EXT";"48,91039000";"2,64080000"
"202300031621";"14";"04";"2023";"10:30";"1";"13";"13206";"2";"3";"1";"1";"EDMOND ROSTAND (RUE)";"43,28955000";"5,37981000"
"202300031622";"29";"07";"2023";"13:28";"1";"75";"75106";"2";"3";"1";"2";"QUAI DES GRANDS AUGUSTINS";"48,85460200";"2,34251400"
"202300031623";"10";"11";"2023";"17:00";"2";"11";"11069";"1";"1";"3";"1";"28 Route de Bram";"43,22861000";"2,28256000"
"202300031624";"2";"03";"2023";"08:20";"1";"976";"97611";"2";"1";"1";"3";"tsoundzou-SIM ( rue de la )";" -12,81976000";"45,19601000"
"202300031625";"13";"04";"2023";"18:09";"1";"10";"10387";"2";"1";"1";"6";"DANTON (RUE)";"48,30300000";"4,07700000"
"202300031626";"13";"04";"2023";"21:10";"5";"09";"09122";"2";"1";"2";"6";"FAURE (COURS GABRIEL)";"42,96376200";"1,60579300"
"202300031627";"28";"07";"2023";"19:20";"1";"75";"75119";"2";"3";"8";"1";"AVENUE JEAN JAURES";"48,88409800";"2,37524700"
"202300031628";"11";"11";"2023";"11:35";"1";"10";"10333";"2";"1";"2";"3";"CROIX BLANCHE (RUE DE LA )";"48,27540000";"4,05700000"
"202300031629";"15";"04";"2023";"00:55";"5";"05";"05061";"2";"4";"2";"6";"Avenue de Provence";"44,53752396";"6,05326027"
"202300031630";"2";"03";"2023";"09:00";"1";"974";"97416";"2";"3";"1";"3";"LIGNE PARADIS(ROUTE DE LA)";" -21,30587000";"55,46384000"
"202300031631";"31";"03";"2023";"13:30";"1";"04";"04112";"2";"1";"1";"6";"DE GAULLE (BD. CH.)";"43,82910000";"5,78578000"
"202300031632";"29";"07";"2023";"19:01";"1";"75";"75118";"2";"2";"2";"6";"RUE CUSTINE";"48,88840800";"2,34799800"
"202300031633";"8";"11";"2023";"15:00";"1";"10";"10325";"1";"1";"1";"2";"ROCADE OUEST (RD 610)";"48,26062000";"4,09109000"
"202300031634";"1";"03";"2023";"14:25";"1";"974";"97416";"1";"1";"1";"2";"RN2 (1)";" -21,35367000";"55,51620000"
"202300031635";"11";"04";"2023";"16:45";"1";"75";"75115";"2";"1";"1";"3";"PORTE DE SEVRES";"48,83189700";"2,28169000"
"202300031636";"15";"05";"2023";"08:00";"1";"13";"13078";"2";"4";"1";"1";"rue max Barel";"43,39270900";"4,80495200"
"202300031637";"9";"11";"2023";"14:25";"1";"07";"07102";"1";"1";"2";"7";"BEAUCAIRE (AVENUE DE)";"44,92338000";"4,85681000"
"202300031638";"14";"04";"2023";"08:52";"1";"75";"75105";"2";"3";"1";"6";"BOULEVARD SAINT GERMAIN";"48,85034700";"2,34755900"
"202300031639";"2";"03";"2023";"17:20";"1";"974";"97411";"2";"6";"1";"3";"MACE (BOULEVARD GABRIEL)";" -20,87649000";"55,44227000"
"202300031640";"29";"07";"2023";"08:05";"1";"75";"75118";"2";"2";"1";"7";"RUE DAMREMONT";"48,89055400";"2,33431100"
"202300031641";"24";"05";"2023";"07:20";"1";"59";"59653";"1";"1";"1";"2";"RN 41";"50,58404000";"2,90667800"
"202300031642";"6";"11";"2023";"20:15";"4";"06";"06083";"2";"6";"1";"6";"COTY (COURS RENE, SENS MONT/MER)";"43,77578000";"7,48842000"
"202300031643";"14";"04";"2023";"12:30";"1";"75";"75120";"2";"2";"1";"3";"RUE DES PYRENEES";"48,85764000";"2,40389700"
"202300031644";"23";"05";"2023";"18:05";"1";"48";"48032";"1";"1";"1";"6";"A75, PK 148+900 N/S -";"44,61788200";"3,25528400"
"202300031645";"28";"07";"2023";"17:30";"1";"75";"75115";"2";"1";"1";"3";"RUE DE SEVRES";"48,84556300";"2,31255300"
"202300031646";"1";"03";"2023";"12:07";"1";"974";"97409";"2";"3";"1";"6";"BOIS ROUGE (chemin du)";" -20,92903000";"55,64493000"
"202300031647";"26";"04";"2023";"19:10";"2";"06";"06029";"2";"1";"1";"6";"POESIE (AVENUE PIERRE)";"43,55300000";"6,96300000"
"202300031648";"14";"04";"2023";"17:40";"1";"75";"75119";"2";"2";"2";"1";"AVENUE SIMON BOLIVAR";"48,87839700";"2,37422200"
"202300031649";"23";"05";"2023";"16:35";"1";"04";"04102";"1";"1";"1";"2";"D900";"44,40979200";"6,45369000"
"202300031650";"28";"07";"2023";"15:25";"1";"75";"75115";"2";"2";"2";"6";"QUAI ANDRE CITROEN";"48,84915000";"2,28189300"
"202300031651";"2";"03";"2023";"17:25";"1";"69";"69383";"2";"2";"1";"6";"Avenue Maréchal de Saxe";"45,75602000";"4,84649000"
"202300031652";"11";"11";"2023";"10:45";"1";"06";"06027";"2";"2";"1";"3";"NICE AVENUE DE (RN7)";"43,65515260";"7,15135290"
"202300031653";"14";"04";"2023";"09:10";"1";"75";"75118";"2";"3";"1";"3";"BOULEVARD BARBES";"48,88527000";"2,34952900"
"202300031654";"24";"05";"2023";"10:15";"1";"51";"51030";"1";"1";"1";"3";"D1";"49,04544200";"4,06197500"
"202300031655";"2";"03";"2023";"17:31";"1";"972";"97213";"2";"1";"1";"6";"ERNEST ANDRE (RUE)";"14,61606600";" -61,00136600"
"202300031656";"29";"07";"2023";"09:25";"1";"75";"75112";"2";"3";"1";"3";"AVENUE DAUMESNIL";"48,84712900";"2,37570600"
"202300031657";"24";"05";"2023";"07:25";"2";"19";"19261";"1";"1";"1";"7";"Laval";"45,64934700";"2,16651100"
"202300031658";"11";"11";"2023";"01:25";"5";"75";"75120";"2";"1";"1";"2";"RUE DE BELLEVILLE";"48,87534400";"2,39648600"
"202300031659";"14";"04";"2023";"00:10";"5";"75";"75118";"2";"3";"1";"3";"BOULEVARD NEY";"48,89773500";"2,33750800"
"202300031660";"1";"03";"2023";"09:40";"1";"972";"97209";"2";"5";"1";"6";"GENERAL DE GAULLE (BLD DU)";"14,60763000";" -61,06895000"
"202300031661";"20";"05";"2023";"18:30";"1";"56";"56166";"1";"1";"7";"6";"Le Guerveur D769";"47,93535100";" -3,36623700"
"202300031662";"29";"07";"2023";"14:55";"1";"75";"75108";"2";"2";"1";"3";"PLACE DE LA CONCORDE";"48,86585500";"2,31988500"
"202300031663";"14";"04";"2023";"19:15";"2";"75";"75117";"2";"3";"2";"6";"RUE DE COURCELLES";"48,88292000";"2,29935100"
"202300031664";"11";"11";"2023";"16:10";"1";"75";"75117";"2";"2";"1";"3";"RUE DE LA JONQUIERE";"48,89355900";"2,32266300"
"202300031665";"2";"03";"2023";"20:25";"5";"69";"69384";"2";"2";"1";"3";"Rue du Chariot d'Or";"45,77757000";"4,83606000"
"202300031666";"29";"07";"2023";"12:30";"1";"75";"75108";"2";"7";"1";"3";"PLACE CHARLES DE GAULLE";"48,87409600";"2,29577400"
"202300031667";"14";"04";"2023";"14:54";"1";"75";"75117";"2";"3";"3";"7";"RUE CARDINET";"48,89024100";"2,31723000"
"202300031668";"23";"05";"2023";"18:15";"1";"59";"59436";"1";"2";"1";"5";"Route de Bourbourg";"50,78924900";"2,39074900"
"202300031669";"11";"11";"2023";"02:20";"5";"75";"75116";"2";"5";"1";"3";"RUE LARGILLIERE";"48,85802500";"2,27257200"
"202300031670";"14";"04";"2023";"19:45";"2";"75";"75116";"2";"1";"2";"2";"BOULEVARD MURAT";"48,83893300";"2,25678600"
"202300031671";"29";"07";"2023";"01:20";"5";"75";"75101";"2";"2";"1";"6";"QUAI DES TUILERIES";"48,86407000";"2,32012400"
"202300031672";"2";"03";"2023";"16:20";"1";"69";"69384";"2";"9";"1";"6";"85 Boulevard de la Croix-Rousse";"45,77375703";"4,82409765"
"202300031673";"11";"11";"2023";"11:00";"1";"75";"75115";"2";"1";"1";"6";"RUE CAUCHY";"48,84320300";"2,27546900"
"202300031674";"24";"05";"2023";"19:00";"1";"76";"76549";"2";"1";"1";"1";"rd 2";"49,76015100";"0,92869900"
"202300031675";"14";"04";"2023";"02:30";"5";"75";"75116";"2";"3";"1";"1";"AVENUE RAYMOND POINCARE";"48,87087800";"2,28503100"
"202300031676";"22";"02";"2023";"08:50";"1";"91";"91228";"2";"1";"1";"6";"RUE HENRI DESBRUERES";"48,61858700";"2,45107800"
"202300031677";"10";"11";"2023";"23:15";"5";"75";"75115";"2";"2";"9";"6";"RUE DES ENTREPRENEURS";"48,84565100";"2,28798100"
"202300031678";"23";"05";"2023";"17:55";"1";"79";"79204";"2";"2";"1";"1";"";"46,18737400";" -0,25511000"
"202300031679";"14";"04";"2023";"08:46";"1";"75";"75110";"2";"1";"1";"3";"RUE DU FAUBOURG SAINT MARTIN";"48,88220100";"2,36652600"
"202300031680";"16";"02";"2023";"13:00";"1";"91";"91174";"2";"1";"1";"6";"RUE DE LA PAPETERIE";"48,58714000";"2,47252000"
"202300031681";"11";"11";"2023";"19:15";"5";"75";"75111";"2";"2";"1";"1";"AVENUE DE LA REPUBLIQUE";"48,86288200";"2,38714700"
"202300031682";"14";"04";"2023";"18:25";"1";"75";"75109";"2";"2";"2";"3";"RUE DE LA VICTOIRE";"48,87519900";"2,33522200"
"202300031683";"16";"02";"2023";"09:00";"1";"91";"91228";"2";"2";"1";"6";"BD DU MARECHAL LECLERC";"48,63154000";"2,44119000"
"202300031684";"24";"05";"2023";"11:35";"1";"65";"65031";"1";"1";"1";"7";"Route d'Arreau";"42,93125900";"0,36744100"
"202300031685";"11";"11";"2023";"00:50";"5";"75";"75111";"2";"2";"1";"3";"RUE DE CHARONNE";"48,85327100";"2,37729800"
"202300031686";"14";"04";"2023";"14:30";"1";"75";"75108";"2";"1";"2";"4";"RUE DE SAINT PETERSBOURG";"48,87966900";"2,32393500"
"202300031687";"2";"03";"2023";"18:00";"1";"83";"83137";"2";"1";"1";"2";"GUILLEMARD (RUE ROBERT)";"43,12523000";"5,92443000"
"202300031688";"24";"05";"2023";"06:45";"1";"71";"71310";"2";"1";"1";"7";"Rue de Mâcon";"46,74116900";"4,47718600"
"202300031689";"13";"04";"2023";"19:52";"1";"75";"75104";"2";"1";"1";"7";"RUE DES NONNAINS D HYERES";"48,85393200";"2,35834400"
"202300031690";"11";"11";"2023";"17:25";"5";"75";"75110";"2";"1";"1";"6";"BOULEVARD DE STRASBOURG";"48,87297900";"2,35631300"
"202300031691";"24";"05";"2023";"10:30";"1";"89";"89370";"2";"1";"1";"6";"Rue de la République";"48,18084900";"3,08858000"
"202300031692";"1";"03";"2023";"17:10";"1";"82";"82121";"1";"1";"1";"1";"ROUTE DE BORDEAUX";"44,04045000";"1,30521000"
"202300031693";"14";"04";"2023";"19:59";"1";"94";"94074";"2";"1";"2";"3";"Avenue du Rû de Gironde";"48,74602200";"2,46322700"
"202300031694";"10";"11";"2023";"21:00";"2";"75";"75104";"2";"3";"2";"6";"BOULEVARD HENRI IV";"48,85153700";"2,36368600"
"202300031695";"14";"04";"2023";"15:30";"1";"94";"94033";"2";"1";"2";"6";"21 Rue Roger Salengro";"48,85159000";"2,48712000"
"202300031696";"24";"05";"2023";"10:11";"1";"41";"41159";"1";"1";"1";"2";"D923";"47,53397800";"1,82938500"
"202300031697";"25";"02";"2023";"02:37";"5";"80";"80021";"2";"1";"1";"6";"SAINT FUSCIEN (RUE)";"49,87435000";"2,30650000"
"202300031698";"11";"11";"2023";"07:08";"5";"94";"94078";"2";"9";"1";"6";"Rue de Paris";"48,75481000";"2,44437000"
"202300031699";"3";"03";"2023";"02:15";"3";"79";"79300";"1";"1";"1";"7";"";"46,99309300";" -0,22577000"
"202300031700";"23";"05";"2023";"19:52";"1";"68";"68208";"1";"1";"1";"7";"D21";"47,56356500";"7,41757600"
"202300031701";"14";"04";"2023";"20:00";"1";"94";"94011";"2";"1";"1";"3";"Avenue de Paris";"48,77490000";"2,48100000"
"202300031702";"21";"05";"2023";"20:35";"1";"22";"22381";"1";"1";"1";"7";"D 786";"48,75053000";" -3,34847000"
"202300031703";"1";"03";"2023";"09:20";"1";"76";"76681";"2";"3";"7";"6";"Rue de Trianon";"49,41577000";"1,08265000"
"202300031704";"14";"04";"2023";"07:50";"1";"94";"94028";"2";"3";"1";"3";"Avenue Georges Duhamel / Rue Henri Doucet";"48,77706000";"2,46888000"
"202300031705";"10";"11";"2023";"16:00";"1";"94";"94002";"2";"1";"2";"2";"Quai de la Révolution";"48,78186000";"2,41952500"
"202300031706";"28";"02";"2023";"21:48";"5";"76";"76270";"2";"1";"1";"6";"BOIS (DU)";"49,52944000";"0,12558000"
"202300031707";"20";"05";"2023";"14:55";"1";"29";"29158";"2";"6";"1";"3";"Rue Edmond Michelet";"47,81363622";" -4,33626160"
"202300031708";"14";"04";"2023";"07:40";"1";"94";"94074";"2";"2";"1";"6";"Rue Etienne Dolet / Avenue du Rû de Gironde";"48,74528215";"2,46382450"
"202300031709";"11";"11";"2023";"23:00";"5";"93";"93078";"2";"1";"1";"3";"Boulevard Robert Ballanger";"48,95942541";"2,55084277"
"202300031710";"2";"03";"2023";"07:15";"2";"72";"72181";"2";"1";"1";"2";"DEMORIEUX IMP DE ROCADE A RP D'ALLONNES";"47,97860000";"0,17340000"
"202300031711";"23";"05";"2023";"13:30";"1";"02";"02303";"2";"6";"1";"3";"";"49,85847000";"3,25333600"
"202300031712";"13";"04";"2023";"14:00";"1";"94";"94011";"1";"1";"1";"4";"D60";"48,76243000";"2,47725000"
"202300031713";"1";"03";"2023";"11:00";"1";"72";"72181";"2";"1";"1";"3";"FONDERIE (RUE DE LA)";"48,00903900";"0,19457100"
"202300031714";"11";"11";"2023";"09:25";"1";"93";"93077";"2";"3";"8";"3";"Avenue du Général Galliéni / Rue Charles Hildevert";"48,89204000";"2,50560000"
"202300031715";"24";"05";"2023";"12:45";"1";"03";"03254";"2";"1";"1";"6";"Route de Gannat";"46,30350400";"3,29670300"
"202300031716";"13";"04";"2023";"11:00";"1";"94";"94017";"2";"9";"1";"3";"Avenue de la République";"48,82688000";"2,51015000"
"202300031717";"28";"02";"2023";"14:35";"1";"70";"70261";"1";"1";"1";"6";"RN19";"47,62389000";"6,18919000"
"202300031718";"2";"03";"2023";"23:00";"5";"69";"69266";"2";"1";"1";"6";"Avenue Paul Krüger";"45,75588000";"4,89627000"
"202300031719";"14";"04";"2023";"12:40";"1";"93";"93073";"1";"2";"2";"3";"Route de l'Epinette / Rue de Rome";"49,00804000";"2,55757000"
"202300031720";"23";"05";"2023";"17:00";"1";"01";"01306";"2";"3";"1";"6";"97 Grande Rue";"46,26007300";"4,88783200"
"202300031721";"11";"11";"2023";"13:00";"1";"93";"93001";"2";"2";"8";"4";"Avenue Jean Jaurès / Avenue de la République";"48,90367700";"2,39191400"
"202300031722";"2";"03";"2023";"11:15";"1";"69";"69264";"2";"1";"1";"6";"623 Rue de Thizy";"45,98825000";"4,71048000"
"202300031723";"23";"05";"2023";"18:45";"1";"01";"01426";"1";"1";"1";"6";"Route de Saint Etienne du Bois";"46,28507800";"5,31634700"
"202300031724";"11";"11";"2023";"13:59";"1";"92";"92078";"2";"9";"8";"1";"GALLIENI (BD) (1 A 79 ET 22 A 102)";"48,92795000";"2,33113000"
"202300031725";"13";"04";"2023";"18:30";"1";"93";"93046";"2";"2";"2";"5";"Avenue Paul Bert / Avenue Vauban";"48,91900600";"2,52444400"
"202300031726";"2";"03";"2023";"03:45";"5";"66";"66136";"2";"1";"1";"6";"";"42,70232000";"2,89747600"
"202300031727";"19";"05";"2023";"10:45";"1";"72";"72010";"1";"1";"1";"6";"Cimetière";"47,89059300";" -0,24020300"
"202300031728";"14";"04";"2023";"11:00";"1";"93";"93070";"2";"1";"1";"3";"136 Avenue Michelet";"48,90229793";"2,34412059"
"202300031729";"10";"11";"2023";"19:10";"5";"92";"92048";"2";"3";"2";"3";"GABRIELE D' ANNUNZIO (RUE)";"48,78835764";"2,23008256"
"202300031730";"1";"03";"2023";"10:05";"1";"66";"66136";"2";"1";"1";"6";"";"42,72242805";"2,88627684"
"202300031731";"14";"04";"2023";"07:30";"1";"93";"93066";"2";"9";"1";"3";"Avenue Lénine";"48,93733270";"2,36816043"
"202300031732";"11";"11";"2023";"05:30";"5";"92";"92012";"2";"3";"2";"6";"POINT DU JOUR (QUAI DU)";"48,82816000";"2,25367000"
"202300031733";"24";"05";"2023";"12:10";"1";"50";"50219";"1";"3";"1";"5";"Route de la Houguette";"49,06899500";" -1,46002300"
"202300031734";"2";"03";"2023";"15:36";"1";"64";"64132";"2";"1";"1";"2";"MARECHAL FOCH";"43,28751000";" -0,35011000"
"202300031735";"14";"04";"2023";"18:45";"2";"93";"93031";"2";"3";"2";"6";"Avenue de la République / Avenue de la Marne";"48,95015000";"2,32837000"
"202300031736";"26";"09";"2023";"08:35";"1";"40";"40075";"1";"9";"1";"6";"A63";"43,83507800";" -1,18024400"
"202300031737";"24";"05";"2023";"07:40";"1";"60";"60319";"1";"1";"1";"7";"D981";"49,35506100";"1,94225600"
"202300031738";"1";"03";"2023";"09:00";"1";"64";"64445";"2";"1";"1";"6";"ALSACE LORRAINE D'";"43,30390000";" -0,36596000"
"202300031739";"14";"04";"2023";"09:10";"1";"92";"92073";"2";"1";"1";"6";"DE LATTRE DE TASSIGNY (BOULEVARD DU MARE";"48,86626700";"2,21577400"
"202300031740";"23";"05";"2023";"14:00";"1";"73";"73019";"1";"1";"1";"6";"D72";"45,51966200";"6,31795400"
"202300031741";"12";"11";"2023";"06:30";"3";"91";"91086";"1";"9";"2";"1";"D31";"48,60283600";"2,38304600"
"202300031742";"14";"04";"2023";"10:50";"1";"92";"92064";"1";"9";"1";"3";"ROUTE DE PARIS A VERSAILLES";"48,84168156";"2,21584931"
"202300031743";"1";"03";"2023";"15:45";"1";"64";"64122";"2";"2";"1";"3";"MARIE HOPE VERE (RUE)";"43,48285000";" -1,55658000"
"202300031744";"12";"11";"2023";"13:45";"1";"38";"38336";"1";"1";"1";"7";"N7";"45,49566100";"4,83633400"
"202300031745";"22";"05";"2023";"04:25";"3";"36";"36018";"1";"1";"1";"6";"Rue du Marchais";"46,64893900";"1,07051800"
"202300031746";"12";"11";"2023";"16:30";"2";"21";"21572";"1";"1";"2";"6";"A36";"47,12177500";"5,39033900"
"202300031747";"13";"04";"2023";"21:55";"5";"92";"92063";"2";"1";"2";"5";"COLMAR (AVENUE DE)";"48,88715387";"2,16948062"
"202300031748";"1";"03";"2023";"09:45";"1";"64";"64122";"2";"1";"1";"3";"MARNE (AVENUE DE LA)";"43,48190000";" -1,54296000"
"202300031749";"23";"05";"2023";"22:45";"3";"24";"24484";"2";"1";"1";"6";"D6089";"45,12263400";"0,85695000"
"202300031750";"24";"05";"2023";"12:20";"1";"85";"85234";"2";"1";"1";"3";"23 Rue de challans";"46,79357200";" -2,05368600"
"202300031751";"2";"03";"2023";"16:10";"1";"64";"64024";"2";"1";"1";"3";"COMPAGNET (GIRATOIRE DE)";"43,46047975";" -1,49623007"
"202300031752";"2";"10";"2023";"10:20";"1";"71";"71550";"1";"1";"1";"2";"Autoroute A6, sens Paris-Lyon, PK 366.600";"46,48900500";"4,89489700"
"202300031753";"14";"04";"2023";"16:45";"1";"92";"92050";"2";"4";"3";"3";"HAVRE BOULEVARD DU";"48,91886166";"2,22245961"
"202300031754";"12";"11";"2023";"00:45";"3";"974";"97422";"1";"1";"8";"6";"140 Rue Emile Zola";" -21,24100100";"55,49332800"
"202300031755";"14";"04";"2023";"16:45";"1";"92";"92050";"2";"1";"2";"3";"SAULES RUE DES";"48,90973433";"2,21578091"
"202300031756";"24";"05";"2023";"16:50";"1";"28";"28116";"1";"4";"1";"3";"Intersection D23/D139";"48,45792500";"1,24303200"
"202300031757";"1";"03";"2023";"13:10";"1";"63";"63113";"2";"2";"1";"2";"BRUGIERE / Gravanche";"45,78969000";"3,11806000"
"202300031758";"12";"11";"2023";"08:00";"1";"972";"97222";"2";"1";"1";"6";"Pontaléry";"14,66869300";" -60,94766000"
"202300031759";"14";"04";"2023";"12:25";"1";"92";"92049";"2";"2";"1";"3";"GINOUX AVENUE HENRI AUTRES N°";"48,81121000";"2,31843000"
"202300031760";"13";"04";"2023";"21:25";"5";"92";"92025";"2";"1";"3";"6";"HENRI BARBUSSE (AV)";"48,91854200";"2,25265500"
"202300031761";"22";"05";"2023";"17:20";"1";"87";"87116";"1";"9";"1";"3";"N147";"46,12807300";"1,00992700"
"202300031762";"2";"03";"2023";"13:30";"1";"60";"60057";"2";"2";"1";"3";"Avenue du 8 Mai 1945";"49,44131000";"2,09517000"
"202300031763";"11";"11";"2023";"14:50";"1";"972";"97205";"1";"1";"1";"5";"Route Nationale 2";"14,63302300";" -61,12913100"
"202300031764";"23";"05";"2023";"20:37";"1";"37";"37050";"2";"1";"1";"6";"41 Rue de la Plaine";"47,34328100";"0,71518200"
"202300031765";"1";"03";"2023";"23:00";"3";"59";"59343";"2";"6";"1";"6";"DOUAI RUE DE       N° PAIR";"50,58323000";"3,08886000"
"202300031766";"14";"04";"2023";"17:52";"1";"92";"92024";"2";"2";"2";"3";"JEAN JAURES (BD) DE 47 A 109)   (56 A 14";"48,90115000";"2,30526000"
"202300031767";"11";"11";"2023";"17:55";"3";"44";"44071";"2";"3";"2";"3";"14 Rue de la châtaigneraie";"47,18618700";" -1,43797000"
"202300031768";"24";"05";"2023";"12:40";"1";"30";"30228";"1";"1";"1";"6";"";"43,95847200";"4,33256100"
"202300031769";"14";"04";"2023";"22:55";"5";"92";"92023";"2";"3";"2";"7";"BIEVRES (RUE DE)";"48,79392000";"2,26510000"
"202300031770";"2";"03";"2023";"09:00";"1";"59";"59350";"2";"1";"1";"7";"Avenue Le Corbusier";"50,63737496";"3,07057679"
"202300031771";"24";"05";"2023";"09:15";"1";"52";"52442";"1";"1";"1";"1";"N67";"48,43164900";"5,14855400"
"202300031772";"14";"04";"2023";"06:30";"2";"92";"92012";"2";"3";"1";"3";"EDOUARD VAILLANT (AVENUE) 57/FIN - 58/FI";"48,83472775";"2,24703938"
"202300031773";"1";"03";"2023";"11:30";"1";"59";"59024";"2";"1";"1";"1";"CALVAIRE (RUE)";"50,33369000";"3,23256000"
"202300031774";"10";"11";"2023";"15:30";"1";"95";"95633";"1";"1";"2";"4";"D317";"48,99983100";"2,48417600"
"202300031775";"15";"04";"2023";"06:30";"2";"51";"51457";"1";"1";"2";"7";"D1E4";"49,09433200";"3,77784800"
"202300031776";"23";"05";"2023";"07:48";"2";"67";"67176";"1";"1";"1";"2";"D1062";"48,88105500";"7,67101000"
"202300031777";"2";"03";"2023";"21:50";"3";"59";"59043";"1";"1";"1";"6";"MONT NOIR (ROUTE DU)";"50,75910000";"2,75119000"
"202300031778";"13";"04";"2023";"06:30";"1";"972";"97217";"2";"6";"1";"3";"D9";"14,46974400";" -60,85708000"
"202300031779";"12";"11";"2023";"18:50";"3";"56";"56010";"1";"3";"2";"3";"Tenuel";"47,86678900";" -3,04952100"
"202300031780";"1";"03";"2023";"11:25";"1";"57";"57631";"2";"1";"1";"1";"DEVIATION SUD";"49,10701000";"7,08569000"
"202300031781";"21";"05";"2023";"16:58";"1";"11";"11170";"2";"1";"2";"1";"1 Boulevard du Bois de l’Etang";"43,11179600";"3,09247400"
"202300031782";"28";"03";"2023";"16:35";"1";"83";"83004";"1";"1";"1";"5";"Rdn 7";"43,44717100";"6,48159000"
"202300031783";"2";"03";"2023";"05:20";"3";"56";"56121";"1";"1";"1";"6";"D465 Desserte Portuaire";"47,75006000";" -3,38707000"
"202300031784";"14";"04";"2023";"18:10";"1";"23";"23195";"2";"3";"3";"3";"D940";"46,20481100";"1,90530700"
"202300031785";"10";"11";"2023";"12:50";"1";"2B";"2B043";"1";"1";"6";"1";"Sagro";"42,79630200";"9,49003400"
"202300031786";"23";"05";"2023";"20:55";"2";"29";"29234";"1";"1";"1";"3";"D62";"47,86251164";" -3,50471948"
"202300031787";"1";"03";"2023";"07:40";"1";"56";"56121";"2";"1";"1";"3";"39 Rue Monistrol";"47,73755000";" -3,38225000"
"202300031788";"15";"04";"2023";"14:00";"1";"52";"52014";"1";"1";"3";"6";"A31 PK97.050 direction Dijon (21)";"47,76917461";"5,19473681"
"202300031789";"12";"11";"2023";"06:30";"3";"80";"80613";"1";"1";"1";"6";"D1015";"50,04177300";"1,46235500"
"202300031790";"12";"11";"2023";"02:30";"3";"71";"71543";"2";"1";"3";"6";"D215";"46,56892900";"4,89019300"
"202300031791";"22";"05";"2023";"22:50";"4";"37";"37110";"1";"4";"1";"3";"D976";"47,32100449";"1,06391430"
"202300031792";"1";"03";"2023";"09:12";"1";"54";"54184";"2";"1";"1";"1";"RD 674";"48,70077000";"6,24274000"
"202300031793";"13";"04";"2023";"08:55";"1";"22";"22389";"1";"1";"1";"4";"N12";"48,47923000";" -2,66641100"
"202300031794";"24";"05";"2023";"11:10";"1";"77";"77175";"1";"1";"1";"1";"Route departementale 619 PK 6+900";"48,63139100";"2,64253400"
"202300031795";"14";"04";"2023";"11:05";"1";"62";"62307";"1";"1";"1";"7";"D243";"50,91499400";"1,73238500"
"202300031796";"11";"11";"2023";"04:30";"3";"63";"63165";"1";"1";"1";"6";"route de ligny";"45,78602100";"2,46485400"
"202300031797";"1";"03";"2023";"17:00";"1";"54";"54099";"2";"1";"1";"6";"MONDON (RUE RAYMOND)";"49,24990000";"5,94160000"
"202300031798";"15";"04";"2023";"18:05";"1";"56";"56140";"1";"6";"1";"6";"Kerrozet D767E";"47,90013200";" -2,80883600"
"202300031799";"10";"11";"2023";"11:05";"1";"49";"49155";"1";"1";"1";"7";"D775";"47,59468900";" -0,70484200"
"202300031800";"23";"05";"2023";"22:05";"3";"91";"91148";"1";"1";"1";"1";"D148";"48,50563000";"2,16341600"
"202300031801";"15";"04";"2023";"01:20";"3";"56";"56177";"1";"1";"2";"6";"Kerlihuen";"47,82457700";" -3,04864200"
"202300031802";"1";"03";"2023";"09:45";"1";"51";"51454";"2";"1";"1";"6";"rue Bertrand De Mun";"49,25213000";"4,06262000"
"202300031803";"23";"05";"2023";"17:20";"1";"2B";"2B168";"2";"1";"1";"7";"D63";"42,62963700";"8,94824100"
"202300031804";"15";"04";"2023";"00:45";"3";"56";"56186";"2";"1";"1";"6";"14 Rue du Phare";"47,47976600";" -3,12314300"
"202300031805";"4";"11";"2023";"15:00";"1";"39";"39470";"1";"1";"3";"1";"N/A";"46,48466000";"6,04247800"
"202300031806";"9";"03";"2023";"12:20";"1";"47";"47001";"2";"1";"1";"6";"LABOULBENE (RUE)";"44,20100000";"0,62138000"
"202300031807";"15";"04";"2023";"12:40";"1";"56";"56243";"2";"1";"1";"7";"Route de Moustérian";"47,61428600";" -2,73096600"
"202300031808";"23";"05";"2023";"12:00";"1";"84";"84036";"2";"2";"1";"2";"15 Route de Caumont";"43,92672200";"4,94841800"
"202300031809";"10";"11";"2023";"07:00";"2";"25";"25278";"1";"1";"2";"1";"RD 104-PK 43+200";"47,23293100";"6,29059600"
"202300031810";"15";"04";"2023";"07:15";"1";"79";"79132";"1";"1";"1";"7";"N/A";"47,01830150";" -0,45387000"
"202300031811";"23";"05";"2023";"17:50";"1";"68";"68262";"1";"1";"1";"7";"D431";"47,92137900";"7,03876000"
"202300031812";"12";"11";"2023";"09:00";"1";"35";"35290";"1";"1";"1";"6";"Tremel";"48,10330215";" -2,10713804"
"202300031813";"2";"03";"2023";"19:45";"5";"38";"38185";"2";"5";"1";"1";"PORTE DE FRANCE (PONT DE LA)";"45,19336000";"5,71987000"
"202300031814";"14";"04";"2023";"21:05";"3";"80";"80019";"1";"1";"1";"1";"D 936";"49,95888200";"1,86955900"
"202300031815";"14";"04";"2023";"21:50";"3";"82";"82192";"1";"1";"2";"6";"Route d?Albi";"43,92411000";"1,51540500"
"202300031816";"23";"05";"2023";"23:00";"3";"88";"88183";"1";"1";"1";"2";"Voie verte";"48,38413100";"5,69686200"