"Num_Acc";"jour";"mois";"an";"hrmn";"lum";"dep";"com";"agg";"int";"atm";"col";"adr";"lat";"long"
"202300032406";"22";"05";"2023";"18:55";"1";"14";"14035";"1";"1";"1";"7";"Guérot (vaubadon) (Vaubadon)";"49,19136600";" -0,85397200"
"202300032407";"9";"11";"2023";"18:00";"5";"75";"75115";"2";"1";"1";"4";"PORTE DE SEVRES";"48,83568000";"2,27468100"
"202300032408";"1";"03";"2023";"07:20";"2";"76";"76540";"2";"6";"1";"6";"Boulevard Gambetta";"49,43695800";"1,10236800"
"202300032409";"25";"06";"2023";"14:00";"1";"75";"75107";"2";"2";"1";"7";"AVENUE BOSQUET";"48,85711800";"2,30431300"
"202300032410";"13";"12";"2023";"17:30";"5";"21";"21054";"2";"2";"2";"3";"REON (RUE DE)";"47,02917000";"4,84377000"
"202300032411";"10";"11";"2023";"19:26";"5";"75";"75105";"2";"4";"1";"6";"RUE SOUFFLOT";"48,84655000";"2,34447600"
"202300032412";"22";"05";"2023";"17:30";"1";"21";"21629";"2";"4";"1";"1";"D977bis";"47,26209600";"4,34420200"
"202300032413";"28";"02";"2023";"14:25";"1";"72";"72181";"2";"4";"1";"1";"ANGEVINIERE (RUE DE L')";"47,98542000";"0,17840000"
"202300032414";"24";"06";"2023";"22:55";"5";"75";"75107";"2";"1";"1";"2";"QUAI ANATOLE FRANCE";"48,86199300";"2,32121300"
"202300032415";"21";"05";"2023";"16:55";"1";"24";"24082";"1";"1";"1";"7";"ROUTE DE GOURDON - D704";"44,85799800";"1,25420100"
"202300032416";"14";"12";"2023";"23:00";"4";"13";"13054";"2";"9";"6";"3";"D9 (BRETELLE)";"43,42367873";"5,23104083"
"202300032417";"28";"02";"2023";"14:38";"1";"72";"72181";"2";"1";"1";"6";"DURAND GEORGES (AV) N° IMP 199 AU N° 311";"47,97205000";"0,21750000"
"202300032418";"9";"11";"2023";"23:25";"5";"75";"75106";"2";"2";"1";"2";"BOULEVARD SAINT GERMAIN";"48,85182900";"2,34145500"
"202300032419";"25";"06";"2023";"13:30";"1";"75";"75102";"2";"3";"1";"3";"RUE DE GRAMONT";"48,87039100";"2,33693400"
"202300032420";"22";"05";"2023";"17:00";"1";"24";"24064";"1";"1";"2";"7";"D939";"45,35377800";"0,65421800"
"202300032421";"14";"12";"2023";"14:46";"1";"13";"13117";"2";"1";"1";"6";"ROUTE NATIONALE 113 - CADESTEAUX";"43,47593000";"5,22766000"
"202300032422";"22";"05";"2023";"12:40";"1";"04";"04054";"1";"1";"1";"6";"D907";"44,01397900";"6,21029600"
"202300032423";"10";"11";"2023";"17:35";"5";"75";"75120";"2";"3";"2";"6";"RUE PIXERECOURT";"48,87525400";"2,39537000"
"202300032424";"25";"06";"2023";"12:15";"1";"94";"94017";"2";"1";"1";"6";"8 Quai Victor Hugo";"48,81103100";"2,51009600"
"202300032425";"1";"03";"2023";"15:20";"1";"69";"69266";"2";"2";"1";"3";"Rue Louis Guérin";"45,77456000";"4,85992000"
"202300032426";"13";"12";"2023";"18:10";"5";"13";"13215";"2";"1";"1";"1";"MADRAGUE VILLE (chemin de la)";"43,32902000";"5,35906000"
"202300032427";"19";"05";"2023";"17:00";"1";"87";"87047";"1";"1";"1";"2";"Route d?Ambazac";"45,98978400";"1,28547500"
"202300032428";"25";"06";"2023";"15:30";"1";"94";"94002";"2";"1";"1";"2";"Quai Blanqui";"48,80587892";"2,41076303"
"202300032429";"1";"03";"2023";"18:10";"1";"69";"69271";"2";"3";"1";"6";"12 Rue Lavoisier";"45,73174000";"4,97069000"
"202300032430";"10";"11";"2023";"04:25";"5";"75";"75120";"2";"3";"1";"2";"AVENUE DE LA PORTE DE BAGNOLET";"48,86478000";"2,41011600"
"202300032431";"13";"12";"2023";"15:28";"1";"13";"13215";"2";"9";"1";"6";"LYON (RUE DE)";"43,32611000";"5,36675000"
"202300032432";"23";"05";"2023";"12:05";"1";"48";"48094";"1";"1";"1";"6";"Route Departementale 907 Bis";"44,25686400";"3,23009500"
"202300032433";"25";"11";"2023";"10:30";"1";"11";"11262";"2";"2";"1";"6";"15 Rue de la Cesse";"43,18882000";"2,98455000"
"202300032434";"25";"06";"2023";"11:20";"1";"93";"93064";"2";"2";"1";"3";"Boulevard de la Boissière / Rue du 4e Zouave";"48,87120698";"2,47096230"
"202300032435";"10";"11";"2023";"21:10";"5";"75";"75118";"2";"3";"2";"1";"RUE ORDENER";"48,89089500";"2,35320200"
"202300032436";"1";"03";"2023";"13:30";"1";"69";"69029";"2";"8";"8";"3";"Avenue Pierre Mendès France";"45,72466000";"4,91515000"
"202300032437";"21";"05";"2023";"14:50";"1";"24";"24331";"1";"2";"1";"6";"D14";"44,81257222";"0,40105820"
"202300032438";"13";"12";"2023";"14:00";"1";"10";"10412";"1";"1";"8";"2";"ROUTE DE BOURANTON (D147)";"48,29749000";"4,13449000"
"202300032439";"25";"06";"2023";"15:30";"1";"93";"93031";"2";"3";"1";"3";"Route d'Argenteuil / Villa du Colombier";"48,95899000";"2,29030000"
"202300032440";"14";"12";"2023";"16:20";"1";"06";"06069";"1";"1";"1";"3";"PAOUTE (ROUTE ET TRAVERSE DE LA)";"43,63213200";"6,95770000"
"202300032441";"25";"06";"2023";"19:15";"1";"93";"93014";"2";"2";"1";"6";"Allée Romain Rolland / Allée Etienne Laurent";"48,90464000";"2,55082000"
"202300032442";"28";"02";"2023";"10:40";"1";"66";"66136";"2";"3";"1";"1";"WALDECK-ROUSSEAU (RENE)";"42,69377000";"2,90287000"
"202300032443";"10";"11";"2023";"18:05";"5";"75";"75118";"2";"2";"2";"6";"RUE MYRHA";"48,88670400";"2,35073600"
"202300032444";"13";"12";"2023";"16:00";"1";"05";"05061";"2";"1";"2";"6";"JEAN JAURES ( AVENUE )";"44,54696000";"6,06502000"
"202300032445";"25";"06";"2023";"12:50";"1";"93";"93007";"2";"2";"1";"3";"Avenue Henri Barbusse / Rue Boieldieu";"48,94014907";"2,46249250"
"202300032446";"6";"09";"2023";"14:00";"1";"10";"10343";"2";"1";"1";"3";"CANAL (RUE DU)";"48,27305000";"4,08987000"
"202300032447";"14";"12";"2023";"10:05";"1";"04";"04112";"2";"1";"7";"6";"GIONO (AV. J.)";"43,83123000";"5,78438000"
"202300032448";"1";"03";"2023";"14:50";"1";"60";"60057";"2";"2";"1";"3";"Rue Jean Racine";"49,43261725";"2,08349061"
"202300032449";"25";"06";"2023";"19:20";"1";"92";"92075";"2";"6";"1";"3";"JEAN BLEUZEN (RUE)";"48,82041600";"2,29099800"
"202300032450";"7";"09";"2023";"08:00";"1";"06";"06069";"2";"1";"1";"7";"MARIGARDE (ROUTE DE LA)";"43,65366400";"6,93568100"
"202300032451";"13";"12";"2023";"18:15";"3";"04";"04112";"2";"9";"1";"1";"CUGNOT (AV. J.)";"43,82560000";"5,80364800"
"202300032452";"23";"05";"2023";"07:20";"1";"988";"98805";"1";"1";"1";"2";"VE2 sens N/S au PK 07+250";" -22,17868000";"166,42749000"
"202300032453";"1";"03";"2023";"16:35";"1";"59";"59512";"2";"1";"7";"3";"Rue du Grand Chemin";"50,69308000";"3,16119000"
"202300032454";"25";"06";"2023";"15:00";"1";"92";"92050";"2";"2";"1";"3";"FRACHON BENOIT AVENUE";"48,89295512";"2,18681279"
"202300032455";"2";"09";"2023";"05:55";"5";"06";"06155";"1";"6";"1";"7";"CANNES RTE DE";"43,55120600";"7,05705400"
"202300032456";"23";"05";"2023";"12:46";"1";"01";"01451";"1";"1";"1";"2";"A40 PK 168+800";"46,25078900";"5,25951500"
"202300032457";"25";"06";"2023";"22:03";"5";"92";"92049";"2";"1";"1";"6";"JAURES AVENUE JEAN N°52 A FIN";"48,81839000";"2,31891000"
"202300032458";"1";"03";"2023";"10:10";"1";"59";"59512";"2";"1";"1";"6";"CHAMPS (RUE DES)";"50,69280000";"3,16660000"
"202300032459";"14";"12";"2023";"07:15";"5";"01";"01451";"1";"2";"2";"5";"PARIS (ROUTE DE)";"46,25193000";"5,18330000"
"202300032460";"23";"05";"2023";"16:50";"1";"06";"06088";"1";"1";"1";"2";"A8 PK 194.500 chaussée sud";"43,72477700";"7,22981900"
"202300032461";"25";"06";"2023";"10:30";"1";"92";"92048";"2";"1";"1";"3";"PARIS (RUE DE) N° 1 A 15BIS";"48,81662891";"2,24758007"
"202300032462";"23";"07";"2023";"10:20";"1";"04";"04112";"1";"1";"1";"1";"D907";"43,84820000";"5,73631000"
"202300032463";"14";"12";"2023";"13:55";"1";"75";"75118";"2";"1";"1";"6";"PORTE D AUBERVILLIERS";"48,90067200";"2,36844330"
"202300032464";"26";"02";"2023";"11:00";"1";"59";"59183";"2";"2";"1";"3";"RASPAIL";"51,03382400";"2,34742400"
"202300032465";"23";"05";"2023";"06:38";"2";"30";"30347";"1";"1";"1";"2";"A9 PK 65+500 sens 2";"43,74854500";"4,24800800"
"202300032466";"26";"06";"2023";"12:45";"1";"25";"25058";"1";"1";"1";"1";"Route Nationale 83";"47,19723600";"5,98179800"
"202300032467";"6";"09";"2023";"14:30";"1";"02";"02691";"1";"1";"7";"2";"N/A";"49,84280000";"3,27878000"
"202300032468";"14";"12";"2023";"08:40";"1";"75";"75113";"2";"1";"2";"3";"PORTE D ITALIE";"48,81598900";"2,36263800"
"202300032469";"27";"02";"2023";"10:50";"1";"54";"54304";"2";"2";"1";"6";"Boulevard de Hardeval";"48,68000750";"6,15390480"
"202300032470";"23";"05";"2023";"10:45";"1";"33";"33229";"2";"9";"1";"2";"61 Avenue de la Liberation";"44,70625700";" -1,04524600"
"202300032471";"13";"12";"2023";"14:40";"1";"75";"75117";"2";"1";"2";"2";"PORTE DE CLICHY";"48,89702200";"2,31108300"
"202300032472";"25";"06";"2023";"01:15";"3";"71";"71446";"1";"2";"1";"3";"D980";"46,57759200";"4,53400600"
"202300032473";"22";"05";"2023";"04:00";"3";"987";"98729";"2";"1";"1";"3";"PK18.7 Atiha HAAPITI";" -17,57700000";" -150,20200000"
"202300032474";"6";"09";"2023";"08:20";"1";"75";"75119";"2";"1";"1";"5";"PORTE DE PANTIN";"48,89361000";"2,39528700"
"202300032475";"1";"03";"2023";"20:00";"1";"51";"51344";"2";"1";"1";"3";"Allée de Cumières";"49,05896000";"3,94687000"
"202300032476";"25";"06";"2023";"20:50";"2";"43";"43073";"1";"1";"7";"6";"D588";"45,34089900";"3,60008200"
"202300032477";"21";"05";"2023";"19:10";"3";"971";"97129";"2";"1";"1";"3";"Montplaisir";"16,32063400";" -61,69045300"
"202300032478";"12";"12";"2023";"16:05";"1";"75";"75119";"2";"3";"1";"6";"AVENUE DE FLANDRE";"48,89304600";"2,38006400"
"202300032479";"5";"09";"2023";"09:00";"1";"75";"75116";"2";"1";"1";"4";"BD PERIPHERIQUE INTERIEUR";"48,83963700";"2,25416500"
"202300032480";"23";"05";"2023";"11:45";"1";"13";"13097";"1";"2";"1";"3";"N568";"43,58475859";"4,76528406"
"202300032481";"14";"12";"2023";"16:05";"1";"75";"75120";"2";"2";"8";"6";"AVENUE DE LA PORTE DE MONTREUIL";"48,85352400";"2,41079000"
"202300032482";"26";"06";"2023";"12:30";"1";"33";"33205";"1";"2";"1";"3";"pk 30 D11";"44,62620963";" -0,36924510"
"202300032483";"7";"09";"2023";"22:50";"5";"75";"75118";"2";"2";"1";"3";"RUE DOUDEAUVILLE";"48,88840000";"2,34799300"
"202300032484";"23";"05";"2023";"06:45";"2";"21";"21688";"1";"1";"1";"3";"RD 35";"47,14419887";"4,90081945"
"202300032485";"14";"12";"2023";"08:30";"1";"75";"75120";"2";"2";"8";"1";"BOULEVARD DAVOUT";"48,84897800";"2,41129000"
"202300032486";"22";"05";"2023";"10:00";"1";"03";"03008";"1";"1";"2";"6";"D176";"46,05819400";"3,57963300"
"202300032487";"23";"06";"2023";"12:40";"1";"31";"31113";"2";"2";"1";"1";"1 Avenue de Toulouse";"43,51536000";"1,49892600"
"202300032488";"7";"09";"2023";"05:00";"5";"75";"75118";"2";"7";"1";"3";"BOULEVARD ORNANO";"48,89561200";"2,34634700"
"202300032489";"14";"12";"2023";"12:15";"1";"75";"75119";"2";"3";"1";"3";"AVENUE CORENTIN CARIOU";"48,89512500";"2,38275700"
"202300032490";"25";"06";"2023";"22:05";"3";"974";"97412";"2";"1";"2";"7";"9 Rue Ronsard";" -21,35454300";"55,66096000"
"202300032491";"19";"05";"2023";"18:00";"1";"38";"38556";"1";"1";"8";"6";"Route de la Chapelle";"45,38269900";"4,84473500"
"202300032492";"7";"09";"2023";"17:00";"1";"75";"75117";"2";"3";"1";"6";"RUE JACQUES IBERT";"48,88893400";"2,29057200"
"202300032493";"14";"12";"2023";"00:15";"5";"75";"75119";"2";"7";"2";"6";"PLACE AUGUSTE BARON";"48,90083555";"2,38892555"
"202300032494";"22";"05";"2023";"18:25";"1";"07";"07156";"1";"1";"2";"1";"N102";"44,67481800";"4,24909100"
"202300032495";"4";"06";"2023";"18:55";"2";"972";"97210";"1";"3";"1";"3";"N6";"14,58606500";" -60,86997100"
"202300032496";"22";"05";"2023";"14:30";"1";"81";"81104";"1";"1";"2";"7";"Lieu dit la valette";"43,77085800";"1,77084300"
"202300032497";"14";"12";"2023";"15:30";"1";"75";"75118";"2";"3";"8";"6";"RUE MARCADET";"48,89126300";"2,34064700"
"202300032498";"25";"06";"2023";"21:30";"1";"62";"62614";"1";"3";"1";"2";"RD 943";"50,84243100";"2,00695200"
"202300032499";"7";"09";"2023";"08:55";"1";"75";"75117";"2";"3";"1";"3";"AVENUE MAC MAHON";"48,87729500";"2,29444000"
"202300032500";"26";"06";"2023";"03:55";"3";"41";"41256";"1";"1";"1";"6";"A71 - PK 167+400";"47,33155200";"2,04817800"
"202300032501";"7";"09";"2023";"18:50";"1";"75";"75116";"2";"1";"1";"6";"AVENUE DE LA PORTE D AUTEUIL";"48,84801500";"2,24477400"
"202300032502";"22";"04";"2023";"11:32";"1";"69";"69089";"2";"1";"2";"4";"25 Avenue du Chater";"45,74299000";"4,77215200"
"202300032503";"25";"06";"2023";"16:45";"1";"974";"97413";"2";"1";"1";"7";"65 Rue Jean Baptiste de Villele";" -21,13818200";"55,29865300"
"202300032504";"6";"09";"2023";"22:25";"5";"75";"75114";"2";"2";"1";"3";"AVENUE DE LA PORTE DE CHATILLON";"48,82264408";"2,31484294"
"202300032505";"14";"12";"2023";"12:35";"1";"75";"75117";"2";"5";"1";"5";"AVENUE DE LA PORTE DE SAINT OUEN";"48,89761900";"2,32900200"
"202300032506";"20";"06";"2023";"09:45";"1";"44";"44217";"1";"1";"1";"5";"";"47,29704000";" -1,74947000"
"202300032507";"14";"12";"2023";"11:00";"1";"75";"75116";"2";"1";"1";"3";"AVENUE D IENA";"48,86863700";"2,29589000"
"202300032508";"7";"09";"2023";"08:45";"1";"75";"75113";"2";"7";"1";"3";"PORTE D ITALIE";"48,81641500";"2,36048600"
"202300032509";"24";"06";"2023";"16:10";"1";"03";"03173";"1";"1";"1";"6";"A79";"46,46029000";"3,94561400"
"202300032510";"24";"06";"2023";"14:00";"1";"2B";"2B152";"1";"1";"1";"6";"D180";"42,89862200";"9,39984100"
"202300032511";"1";"12";"2023";"20:20";"5";"75";"75116";"2";"1";"1";"3";"ROUTE DES PINS";"48,85461700";"2,25064700"
"202300032512";"7";"09";"2023";"20:00";"2";"75";"75111";"2";"2";"1";"6";"RUE SAINT MAUR";"48,85853100";"2,38366600"
"202300032513";"25";"06";"2023";"10:00";"1";"32";"32083";"1";"1";"1";"7";"654 Route de Cézan, D303";"43,80291200";"0,44044000"
"202300032514";"13";"12";"2023";"18:20";"5";"75";"75116";"2";"2";"2";"1";"ALLEE DU BORD DE L EAU";"48,86165600";"2,22928000"
"202300032515";"7";"09";"2023";"18:30";"1";"75";"75111";"2";"1";"7";"6";"RUE JULES VALLES";"48,85370600";"2,38519300"
"202300032516";"25";"06";"2023";"13:35";"1";"11";"11040";"1";"1";"1";"6";"À la Bitarelle";"43,13608300";"2,87973900"
"202300032517";"7";"09";"2023";"15:30";"1";"75";"75110";"2";"2";"1";"6";"RUE DE DUNKERQUE";"48,87952200";"2,35718800"
"202300032518";"13";"12";"2023";"13:50";"1";"75";"75116";"2";"7";"2";"3";"PLACE DE VARSOVIE";"48,86026900";"2,29050300"
"202300032519";"26";"06";"2023";"20:10";"1";"71";"71173";"2";"3";"1";"1";"Route de Devrouze";"46,76169500";"5,15381100"
"202300032520";"7";"09";"2023";"19:05";"1";"75";"75107";"2";"2";"1";"6";"QUAI ANATOLE FRANCE";"48,85953900";"2,32929100"
"202300032521";"14";"12";"2023";"12:45";"1";"75";"75115";"2";"2";"1";"3";"RUE DE L ABBE GROULT";"48,83797000";"2,29897000"
"202300032522";"23";"06";"2023";"15:45";"1";"63";"63178";"2";"3";"1";"2";"55 Avenue de la Libération /impasse de lotissement";"45,53767000";"3,25092600"
"202300032523";"7";"09";"2023";"18:20";"1";"94";"94044";"2";"3";"1";"3";"Avenue Descartes";"48,74127700";"2,47770000"
"202300032524";"14";"12";"2023";"11:10";"1";"75";"75114";"2";"2";"8";"3";"RUE DU DEPART";"48,84349100";"2,32427600"
"202300032525";"25";"06";"2023";"20:00";"1";"61";"61480";"1";"1";"1";"6";"D26";"48,55766000";"0,03660000"
"202300032526";"26";"06";"2023";"19:48";"1";"88";"88352";"1";"1";"1";"6";"D36";"48,29557000";"5,67570800"
"202300032527";"14";"12";"2023";"19:50";"5";"75";"75110";"2";"1";"1";"3";"RUE DU FAUBOURG SAINT MARTIN";"48,87666600";"2,36094200"
"202300032528";"7";"09";"2023";"09:55";"1";"94";"94016";"2";"3";"7";"1";"Avenue Carnot";"48,79805833";"2,32819156"
"202300032529";"25";"06";"2023";"17:10";"1";"12";"12105";"1";"2";"1";"7";"CD 339";"44,23720500";"2,03007800"
"202300032530";"13";"12";"2023";"16:00";"1";"75";"75110";"2";"4";"2";"7";"AVENUE PARMENTIER";"48,87204300";"2,36956000"
"202300032531";"7";"09";"2023";"09:00";"1";"94";"94076";"2";"1";"1";"2";"Boulevard Maxime Gorki";"48,79232000";"2,36957000"
"202300032532";"17";"06";"2023";"09:15";"1";"42";"42020";"1";"6";"1";"3";"Route de Montrond";"45,63782025";"4,20589525"
"202300032533";"12";"12";"2023";"17:15";"5";"94";"94081";"2";"1";"2";"3";"22 Avenue Paul Vaillant Couturier";"48,79932600";"2,40081400"
"202300032534";"14";"12";"2023";"07:45";"2";"94";"94078";"2";"1";"1";"6";"Rue de Balzac";"48,73063700";"2,44955200"
"202300032535";"7";"09";"2023";"18:25";"1";"94";"94041";"2";"1";"1";"3";"Rue Pierre et Marie Curie";"48,81436000";"2,37375000"
"202300032536";"26";"06";"2023";"08:20";"1";"86";"86076";"1";"1";"1";"1";"D347";"46,66078200";"0,27991500"
"202300032537";"25";"06";"2023";"18:40";"2";"34";"34239";"2";"4";"1";"2";"12 Avenue de Lodève";"43,65046200";"3,50223500"
"202300032538";"13";"12";"2023";"08:40";"2";"94";"94068";"2";"3";"2";"3";"Quai de la Pie";"48,79006000";"2,47344000"
"202300032539";"7";"09";"2023";"19:15";"1";"94";"94073";"2";"9";"1";"3";"Avenue du Luxembourg";"48,75520146";"2,37020212"
"202300032540";"14";"12";"2023";"18:10";"5";"94";"94058";"2";"1";"1";"1";"Avenue Pierre Brossolette";"48,83422600";"2,51691400"
"202300032541";"25";"06";"2023";"17:30";"1";"39";"39470";"1";"1";"1";"1";"N/A";"46,45814600";"6,07515600"
"202300032542";"7";"09";"2023";"12:00";"1";"94";"94055";"2";"3";"1";"6";"PINCE VENT (AV DE)";"48,78995982";"2,55000535"
"202300032543";"14";"12";"2023";"18:45";"5";"94";"94046";"2";"3";"1";"6";"Avenue de la République";"48,80732500";"2,44654500"
"202300032544";"26";"06";"2023";"07:30";"1";"39";"39476";"2";"2";"1";"3";"9 Rue de Tichey";"47,03368500";"5,32095000"
"202300032545";"7";"09";"2023";"19:00";"1";"93";"93057";"2";"3";"1";"3";"Avenue du Président Wilson / Allée Jean-louis Rapinat";"48,90831326";"2,51378015"
"202300032546";"13";"12";"2023";"19:20";"5";"94";"94076";"2";"9";"2";"6";"Avenue de la Division Leclerc";"48,78459800";"2,36731800"
"202300032547";"7";"09";"2023";"12:40";"1";"93";"93008";"2";"1";"1";"3";"Rue Galliéni";"48,90373300";"2,43907500"
"202300032548";"25";"06";"2023";"13:00";"1";"44";"44014";"1";"1";"1";"1";"les Bauches Nord";"47,08609300";" -1,54247400"
"202300032549";"13";"12";"2023";"18:00";"3";"94";"94069";"1";"1";"2";"4";"Avenue des Canadiens";"48,81726000";"2,45599000"
"202300032550";"7";"09";"2023";"09:05";"1";"92";"92075";"2";"1";"1";"6";"LYCEE (BOULEVARD DU)";"48,82388905";"2,28303283"
"202300032551";"23";"06";"2023";"16:55";"1";"44";"44096";"1";"2";"1";"3";"Route de Pannecé";"47,44925200";" -1,22829600"
"202300032552";"13";"12";"2023";"12:45";"1";"94";"94017";"2";"1";"2";"3";"Rue Benoit Frachon";"48,82016436";"2,52273251"
"202300032553";"31";"08";"2023";"19:19";"1";"92";"92073";"2";"1";"1";"3";"SELLIER (BOULEVARD HENRI)";"48,86845000";"2,22340000"
"202300032554";"24";"06";"2023";"17:12";"1";"29";"29235";"2";"6";"7";"3";"rue Louis Lichou";"48,40486900";" -4,41893700"
"202300032555";"14";"12";"2023";"18:40";"3";"94";"94002";"2";"2";"1";"1";"Rue Véron";"48,80575000";"2,41516000"
"202300032556";"23";"06";"2023";"14:25";"1";"38";"38409";"1";"1";"1";"1";"D 1532";"45,07852500";"5,28723500"
"202300032557";"1";"09";"2023";"20:50";"5";"92";"92073";"2";"4";"1";"4";"BAS ROGERS (RUE DES)";"48,88098058";"2,22714427"
"202300032558";"14";"12";"2023";"08:45";"1";"93";"93073";"2";"1";"2";"6";"Avenue des Ecoles";"48,95764000";"2,57224000"
"202300032559";"6";"09";"2023";"15:00";"1";"92";"92063";"2";"1";"1";"1";"JOFFRE (BOULEVARD DU MARECHAL)";"48,87894000";"2,18151000"
"202300032560";"13";"12";"2023";"08:00";"2";"93";"93078";"2";"2";"1";"3";"Boulevard Robert Ballanger / Avenue Paul Vaillant Couturier";"48,95460000";"2,53610000"
"202300032561";"25";"06";"2023";"16:55";"1";"38";"38304";"1";"1";"1";"5";"RN 85";"44,96425100";"5,77734900"
"202300032562";"7";"09";"2023";"09:56";"1";"92";"92051";"2";"1";"7";"3";"ROULE (AVENUE DU, N° 29 A 91 ET 30 A 86)";"48,88181124";"2,28050977"
"202300032563";"24";"06";"2023";"14:30";"1";"84";"84017";"1";"1";"1";"1";"Route du Mont-ventoux";"44,12051200";"5,24859000"
"202300032564";"14";"12";"2023";"07:30";"3";"93";"93050";"2";"2";"1";"6";"Rue Paul et Camille Thomoux / Avenue Robert Schumann";"48,87352000";"2,52969000"
"202300032565";"7";"09";"2023";"11:11";"1";"92";"92049";"2";"1";"1";"7";"BRIAND AVENUE ARISTIDE N°1 A 129";"48,81309029";"2,32608676"
"202300032566";"25";"06";"2023";"11:30";"1";"01";"01348";"1";"2";"1";"3";"RD66A";"46,18613700";"4,83621600"
"202300032567";"5";"09";"2023";"20:30";"5";"92";"92023";"2";"1";"1";"3";"CLAUDE TREBIGNAUD (AVENUE) BOIS S102";"48,79593970";"2,25238234"
"202300032568";"14";"12";"2023";"08:10";"5";"93";"93046";"2";"2";"2";"6";"Avenue Gambetta / Allée Dupleix";"48,92118000";"2,51475000"
"202300032569";"25";"06";"2023";"02:20";"5";"70";"70421";"2";"1";"1";"6";"39 Rue Jean Bogé";"47,68532400";"6,04236500"
"202300032570";"7";"09";"2023";"19:15";"1";"92";"92012";"2";"1";"1";"6";"HEINRICH (RUE)";"48,82745192";"2,24518955"
"202300032571";"26";"06";"2023";"12:30";"1";"14";"14582";"1";"1";"1";"2";"786 Route de Saint-Martin de la Lieue";"49,08130100";"0,19298000"
"202300032572";"13";"12";"2023";"18:00";"3";"93";"93032";"2";"4";"2";"6";"Rue du 18 Juin / Allée Alphonse Benoit";"48,87770000";"2,55598000"
"202300032573";"6";"09";"2023";"18:00";"1";"92";"92009";"2";"1";"1";"2";"CHARCOT ( RUE )";"48,92114747";"2,27594912"
"202300032574";"26";"06";"2023";"10:50";"1";"50";"50085";"1";"2";"1";"7";"route du moulin";"48,92978100";" -1,53537200"
"202300032575";"13";"12";"2023";"19:20";"5";"93";"93014";"2";"2";"2";"1";"Allée de Gagny / Chemin de la Tourelle";"48,90935000";"2,55014000"
"202300032576";"25";"06";"2023";"13:05";"1";"09";"09189";"1";"1";"1";"6";"N20";"42,67418000";"1,83552500"
"202300032577";"7";"09";"2023";"17:45";"1";"49";"49063";"2";"3";"7";"3";"Rue des Sables";"47,35157000";" -0,76719800"
"202300032578";"23";"06";"2023";"18:30";"1";"60";"60327";"1";"1";"1";"7";"Rue du Moulin";"49,30324400";"1,96663900"
"202300032579";"14";"12";"2023";"17:00";"5";"93";"93008";"2";"1";"8";"6";"Boulevard Lénine";"48,90662000";"2,44371000"
"202300032580";"5";"09";"2023";"21:45";"5";"62";"62794";"2";"1";"1";"1";"D342";"50,71151112";"2,15390654"
"202300032581";"25";"06";"2023";"18:35";"1";"10";"10323";"1";"1";"1";"2";"D619";"48,50776300";"3,69312300"
"202300032582";"7";"09";"2023";"22:40";"5";"52";"52331";"2";"1";"1";"6";"Rue Thibault";"48,47355400";"4,77361300"
"202300032583";"5";"06";"2023";"09:06";"1";"10";"10209";"2";"1";"1";"2";"2 Avenue Pierre Gomand";"48,25589900";"4,25643400"
"202300032584";"14";"12";"2023";"07:45";"5";"92";"92046";"2";"3";"8";"6";"NICOMEDES PASCUAL (RUE)";"48,81336700";"2,29932547"
"202300032585";"8";"09";"2023";"08:00";"1";"31";"31454";"2";"1";"1";"2";"245 Route de Bérat";"43,41195300";"1,12860900"
"202300032586";"8";"09";"2023";"15:58";"1";"83";"83099";"1";"1";"1";"2";"A8 PK 128.500";"43,46182800";"6,68274000"
"202300032587";"25";"06";"2023";"17:00";"1";"07";"07261";"1";"1";"1";"5";"D120";"44,82393432";"4,73354956"
"202300032588";"13";"12";"2023";"14:25";"1";"92";"92046";"2";"2";"1";"3";"LOUIS BLANC (RUE)";"48,82049841";"2,30394579"
"202300032589";"8";"09";"2023";"16:25";"1";"974";"97412";"1";"9";"1";"7";"Rue Marcel Pagnol";" -21,37591300";"55,66492700"
"202300032590";"25";"06";"2023";"08:50";"1";"53";"53062";"2";"6";"7";"3";"RN162";"47,82531000";" -0,68758000"
"202300032591";"13";"12";"2023";"19:00";"5";"92";"92050";"2";"3";"2";"6";"CLEMENCEAU GEORGES AVENUE N° PAIR";"48,88566101";"2,21923113"
"202300032592";"25";"06";"2023";"13:18";"1";"04";"04081";"2";"3";"1";"2";"Route de Quinson";"43,73832500";"5,97985100"
"202300032593";"10";"08";"2023";"19:40";"3";"974";"97416";"1";"1";"1";"2";"Pont de la Rivière Saint-Etienne";" -21,29765600";"55,41860600"
"202300032594";"25";"06";"2023";"14:30";"1";"04";"04157";"1";"1";"1";"1";"D56";"43,86730100";"6,13642200"
"202300032595";"13";"12";"2023";"17:09";"5";"92";"92020";"2";"1";"2";"3";"STALINGRAD BOULEVARD";"48,81111000";"2,29877000"
"202300032596";"7";"09";"2023";"13:40";"1";"41";"41093";"1";"1";"1";"2";"A10";"47,60556300";"1,11979000"
"202300032597";"25";"06";"2023";"17:05";"1";"04";"04217";"1";"1";"1";"7";"Les Ferauds";"44,16449000";"6,14612100"
"202300032598";"14";"12";"2023";"14:10";"1";"92";"92048";"2";"1";"1";"2";"TRIVAUX (AVENUE DE) N° 9";"48,79892889";"2,23314643"
"202300032599";"26";"06";"2023";"13:55";"1";"87";"87133";"1";"1";"1";"1";"N145 PK 29+200";"46,20266100";"1,37726100"
"202300032600";"22";"06";"2023";"08:49";"1";"37";"37109";"1";"3";"2";"3";"D76";"47,41278500";"0,60304600"