"Num_Acc";"jour";"mois";"an";"hrmn";"lum";"dep";"com";"agg";"int";"atm";"col";"adr";"lat";"long"
"202300032997";"7";"10";"2023";"18:44";"1";"94";"94034";"1";"1";"1";"3";"A6A";"48,75691382";"2,33507254"
"202300032998";"8";"10";"2023";"16:00";"1";"93";"93007";"1";"1";"1";"2";"AUTOROUTE A3";"48,92069124";"2,47959998"
"202300032999";"8";"10";"2023";"15:05";"1";"93";"93066";"1";"1";"1";"3";"AUTOROUTE A1";"48,92865000";"2,35891000"
"202300033000";"8";"10";"2023";"10:00";"1";"93";"93029";"1";"1";"1";"2";"AUTOROUTE A86";"48,92501602";"2,42564723"
"202300033001";"7";"10";"2023";"20:45";"3";"93";"93005";"1";"1";"1";"2";"AUTOROUTE A1";"48,96267000";"2,47068000"
"202300033002";"7";"10";"2023";"10:10";"1";"93";"93078";"1";"1";"1";"2";"AUTOROUTE A104";"48,95866000";"2,52701000"
"202300033003";"7";"10";"2023";"20:40";"3";"95";"95500";"1";"1";"1";"2";"A15";"49,04082540";"2,08207548"
"202300033004";"8";"10";"2023";"17:05";"1";"94";"94018";"1";"1";"1";"3";"A4";"48,82318581";"2,39579469"
"202300033005";"31";"07";"2023";"19:00";"2";"73";"73183";"1";"1";"1";"1";"D19";"45,52384361";"5,97147770"
"202300033006";"7";"10";"2023";"02:35";"5";"974";"97416";"2";"1";"1";"2";"RN2 (2)";" -21,35336000";"55,51013000"
"202300033007";"7";"10";"2023";"19:45";"3";"974";"97411";"1";"1";"1";"6";"VINH-SAN (BLD 1 DU PRINCE)";" -20,88780000";"55,44290000"
"202300033008";"6";"10";"2023";"18:00";"1";"973";"97302";"2";"1";"1";"6";"CESAIRE (CITE)";"4,93202789";" -52,32170239"
"202300033009";"6";"10";"2023";"09:25";"1";"973";"97302";"2";"1";"1";"6";"BARRAT (DU DOCTEUR)";"4,93756000";" -52,32836000"
"202300033010";"7";"10";"2023";"18:20";"1";"69";"69388";"2";"1";"1";"6";"Boulevard des Etats-Unis";"45,72591993";"4,87046629"
"202300033011";"7";"10";"2023";"11:35";"1";"69";"69034";"2";"1";"1";"2";"Montée des Soldats";"45,79268000";"4,86024000"
"202300033012";"7";"10";"2023";"07:40";"1";"69";"69389";"2";"2";"1";"3";"Rue Laure Diébold";"45,77863000";"4,79821000"
"202300033013";"7";"10";"2023";"17:00";"1";"95";"95427";"2";"2";"1";"3";"JULES FERRY (RUE)";"48,96294783";"2,33895734"
"202300033014";"7";"10";"2023";"19:00";"1";"95";"95127";"1";"9";"1";"4";"N14";"49,05569089";"2,04818845"
"202300033015";"6";"10";"2023";"17:51";"1";"91";"91549";"1";"9";"1";"6";"CORBEIL (ROUTE DE)";"48,63858000";"2,33479000"
"202300033016";"7";"10";"2023";"11:40";"1";"91";"91201";"2";"1";"1";"2";"RUE EUGENE DELACROIX";"48,67772000";"2,42260000"
"202300033017";"6";"10";"2023";"19:15";"5";"78";"78551";"2";"2";"1";"3";"AMPERE";"48,90046400";"2,08016300"
"202300033018";"7";"10";"2023";"09:55";"1";"78";"78440";"2";"1";"1";"3";"avenue de la République";"48,98621000";"1,92058000"
"202300033019";"7";"10";"2023";"18:30";"1";"77";"77215";"2";"1";"1";"6";"RUE FRANCOIS COUPERIN";"48,73624000";"2,73419000"
"202300033020";"7";"10";"2023";"18:00";"1";"77";"77079";"2";"6";"1";"6";"PL DE L'EUROPE";"48,40579000";"2,79906000"
"202300033021";"7";"10";"2023";"17:05";"1";"77";"77285";"2";"1";"1";"3";"BOIS GUYOT (RUE DU)";"48,53802000";"2,62280000"
"202300033022";"6";"10";"2023";"18:34";"2";"77";"77307";"2";"1";"7";"6";"RUE DE ROME";"48,85896000";"2,75786000"
"202300033023";"7";"10";"2023";"21:50";"5";"73";"73011";"2";"1";"1";"6";"D990 HUGO (AVENUE VICTOR)";"45,67218000";"6,38235000"
"202300033024";"7";"10";"2023";"20:41";"5";"72";"72181";"1";"9";"1";"3";"BEAUREGARD (RUE DE)";"48,02850000";"0,17960000"
"202300033025";"7";"10";"2023";"19:40";"5";"69";"69290";"2";"6";"1";"1";"Rue de l'Aviation";"45,70664000";"4,94031000"
"202300033026";"7";"10";"2023";"18:00";"1";"69";"69029";"2";"3";"1";"1";"Route de Genas";"45,75015550";"4,91141292"
"202300033027";"6";"10";"2023";"16:30";"1";"69";"69290";"2";"3";"1";"6";"12 Avenue Jean Jaurès";"45,69693000";"4,94074000"
"202300033028";"7";"10";"2023";"00:12";"4";"69";"69290";"2";"6";"1";"6";"Route de Grenoble";"45,71779000";"4,94948000"
"202300033029";"3";"10";"2023";"17:29";"1";"68";"68149";"2";"1";"1";"6";"ABBATUCCI ( RUE ET PLACE )";"47,59308000";"7,58332000"
"202300033030";"7";"10";"2023";"17:00";"1";"67";"67482";"2";"1";"1";"6";"CHAMP DE MANOEUVRE (RUE DU)";"48,60211000";"7,71135000"
"202300033031";"7";"10";"2023";"15:30";"1";"67";"67482";"2";"3";"1";"3";"GENERAL DE GAULLE (AVENUE DU)";"48,58092000";"7,76979000"
"202300033032";"6";"10";"2023";"17:45";"1";"64";"64189";"2";"1";"1";"1";"BENOIT PIERRE (BOULEVARD)";"43,38880000";" -1,68060000"
"202300033033";"7";"10";"2023";"15:05";"1";"63";"63113";"2";"6";"1";"3";"Quinet / Kennedy";"45,80362000";"3,11909000"
"202300033034";"7";"10";"2023";"02:43";"3";"62";"62895";"1";"9";"1";"6";"D 165";"50,48429346";"2,84580231"
"202300033035";"8";"10";"2023";"00:35";"5";"59";"59163";"2";"1";"1";"6";"JAURES (RUE JEAN)";"50,67847000";"3,15572000"
"202300033036";"7";"10";"2023";"18:00";"1";"59";"59299";"2";"1";"1";"6";"RIBOT (RUE ALEXANDRE)";"50,66521000";"3,18975000"
"202300033037";"7";"10";"2023";"10:10";"1";"59";"59350";"2";"1";"1";"3";"LAMBRET OSCAR AVENUE";"50,61680000";"3,03397000"
"202300033038";"7";"10";"2023";"11:25";"1";"54";"54304";"2";"2";"1";"2";"Boulevard des Aiguillettes";"48,67934869";"6,14252150"
"202300033039";"7";"10";"2023";"04:25";"3";"54";"54382";"1";"1";"5";"2";"52 (ROUTE NATIONALE)";"49,55089000";"5,78890000"
"202300033040";"8";"10";"2023";"00:44";"5";"49";"49007";"2";"3";"1";"7";"PARCHEMINERIE";"47,47364000";" -0,55304000"
"202300033041";"7";"10";"2023";"19:49";"5";"45";"45234";"2";"6";"1";"1";"1 Boulevard Saint-Euverte";"47,90111000";"1,91922000"
"202300033042";"7";"10";"2023";"03:15";"3";"45";"45274";"1";"6";"1";"6";"D951 PR 86 + 773";"47,86835000";"1,95742000"
"202300033043";"6";"10";"2023";"16:40";"1";"44";"44184";"2";"1";"1";"6";"33 Rue de la Paix et des Arts";"47,27686000";" -2,21207000"
"202300033044";"7";"10";"2023";"09:25";"1";"38";"38053";"2";"1";"1";"2";"LIBERATION";"45,59800000";"5,27395000"
"202300033045";"6";"10";"2023";"17:20";"1";"33";"33119";"2";"3";"1";"3";"Avenue des Quatre Pavillons";"44,86288000";" -0,51673000"
"202300033046";"18";"01";"2023";"08:28";"1";"10";"10362";"1";"6";"1";"3";"CD60";"48,30213000";"4,02448000"
"202300033047";"12";"01";"2023";"20:01";"5";"10";"10387";"2";"2";"8";"3";"VICTOR HUGO (RUE)";"48,29133484";"4,07098442"
"202300033048";"6";"10";"2023";"18:20";"1";"33";"33529";"2";"1";"1";"3";"LECLERC (AVE DU GAL) DU 02 ET +";"44,63882200";" -1,14590400"
"202300033049";"19";"01";"2023";"10:30";"1";"04";"04112";"2";"3";"6";"7";"PREMIER MAI AV.DU)";"43,82114000";"5,79825000"
"202300033050";"19";"01";"2023";"20:15";"4";"01";"01014";"2";"1";"8";"3";"POINT B (RUE DU)";"46,28396000";"5,66909000"
"202300033051";"19";"01";"2023";"03:47";"5";"75";"75114";"2";"1";"1";"6";"PORTE D ORLEANS";"48,81922800";"2,32961400"
"202300033052";"19";"01";"2023";"18:48";"5";"75";"75116";"2";"2";"2";"6";"BOULEVARD EXELMANS";"48,84302400";"2,26010500"
"202300033053";"7";"10";"2023";"22:00";"5";"31";"31555";"2";"2";"1";"3";"AV DE FRONTON";"43,63650000";"1,43330000"
"202300033054";"18";"01";"2023";"20:05";"5";"75";"75105";"2";"2";"1";"3";"BOULEVARD SAINT GERMAIN";"48,85138600";"2,34317200"
"202300033055";"7";"10";"2023";"07:52";"1";"31";"31555";"2";"1";"1";"6";"RTE DE SAINT SIMON";"43,57739900";"1,38949000"
"202300033056";"17";"01";"2023";"21:20";"5";"75";"75105";"2";"4";"1";"3";"BOULEVARD SAINT MICHEL";"48,84086100";"2,33733300"
"202300033057";"18";"01";"2023";"18:20";"5";"75";"75120";"2";"4";"2";"6";"RUE BELGRAND";"48,86463800";"2,40558500"
"202300033058";"19";"01";"2023";"15:50";"1";"75";"75119";"2";"3";"1";"3";"RUE DE MEAUX";"48,88219900";"2,37452200"
"202300033059";"18";"01";"2023";"22:50";"5";"75";"75119";"2";"2";"8";"6";"RUE RIQUET";"48,88970300";"2,36812900"
"202300033060";"7";"10";"2023";"10:03";"1";"27";"27229";"2";"6";"1";"3";"FAUVILLE (RUE DE)";"49,02843600";"1,18431500"
"202300033061";"19";"01";"2023";"11:20";"1";"75";"75109";"2";"3";"1";"1";"RUE DES MARTYRS";"48,87891400";"2,33983100"
"202300033062";"6";"10";"2023";"18:40";"1";"27";"27229";"2";"1";"1";"6";"SEPTIEME CHASSEUR (RUE DU)";"49,02817000";"1,14616000"
"202300033063";"19";"01";"2023";"18:25";"5";"75";"75116";"2";"3";"4";"6";"BOULEVARD LANNES";"48,86883200";"2,27353200"
"202300033064";"19";"01";"2023";"20:40";"5";"75";"75115";"2";"1";"2";"3";"RUE FREMICOURT";"48,84762100";"2,29966300"
"202300033065";"7";"10";"2023";"17:00";"1";"26";"26198";"1";"9";"1";"6";"Route de Chateauneuf";"44,53092000";"4,73641000"
"202300033066";"19";"01";"2023";"19:10";"5";"75";"75115";"2";"3";"2";"7";"RUE DE LA CROIX NIVERT";"48,84373500";"2,29588500"
"202300033067";"19";"01";"2023";"04:00";"5";"75";"75114";"2";"4";"1";"2";"BOULEVARD ADOLPHE PINARD";"48,82441900";"2,30479600"
"202300033068";"7";"10";"2023";"06:20";"3";"22";"22278";"2";"1";"1";"3";"HAREL-DE-LA-NOE (BD)";"48,51975000";" -2,74768000"
"202300033069";"6";"10";"2023";"23:45";"3";"18";"18279";"2";"1";"1";"7";"Rue France Bloch-sérazin";"47,20693700";"2,07779400"
"202300033070";"18";"01";"2023";"16:10";"1";"75";"75114";"2";"7";"1";"3";"PLACE DENFERT ROCHEREAU";"48,83496900";"2,33176300"
"202300033071";"19";"01";"2023";"20:50";"5";"75";"75112";"2";"2";"2";"3";"RUE JOSEPH KESSEL";"48,83376300";"2,38256900"
"202300033072";"7";"10";"2023";"16:40";"1";"15";"15014";"2";"1";"1";"6";"REPUBLIQUE (AVENUE DE LA)";"44,92706000";"2,44094000"
"202300033073";"19";"01";"2023";"18:40";"5";"75";"75109";"2";"2";"2";"3";"RUE CHAUCHAT";"48,87410600";"2,33976600"
"202300033074";"6";"10";"2023";"17:55";"1";"14";"14242";"2";"1";"1";"2";"21 Rue de Lebisey";"49,22182100";" -0,36382600"
"202300033075";"18";"01";"2023";"13:30";"1";"75";"75108";"2";"1";"1";"6";"RUE DE SAINT PETERSBOURG";"48,88271900";"2,32639300"
"202300033076";"19";"01";"2023";"15:40";"1";"75";"75102";"2";"2";"1";"6";"BOULEVARD DE SEBASTOPOL";"48,86442000";"2,35149300"
"202300033077";"18";"01";"2023";"11:00";"1";"94";"94078";"2";"3";"1";"1";"Avenue du 8 Mai 1945 / Pont de Villeneuve le Roi";"48,72776000";"2,44570000"
"202300033078";"7";"10";"2023";"17:25";"1";"13";"13210";"2";"1";"1";"1";"L ARMEE D AFRIQUE (CHEMIN DE L')";"43,28654531";"5,41587200"
"202300033079";"19";"01";"2023";"10:45";"1";"94";"94043";"2";"2";"1";"3";"Rue Gabriel Péri";"48,80482000";"2,34476000"
"202300033080";"19";"01";"2023";"13:45";"1";"94";"94022";"2";"1";"1";"6";"Rue Georges Clémenceau";"48,76721700";"2,40727100"
"202300033081";"7";"10";"2023";"18:20";"1";"13";"13209";"2";"3";"1";"1";"MICHELET (BOULEVARD)";"43,25316000";"5,40224000"
"202300033082";"19";"01";"2023";"08:18";"2";"94";"94022";"2";"1";"4";"2";"9 Avenue Jean Jaurès";"48,76456000";"2,40653500"
"202300033083";"7";"10";"2023";"10:15";"1";"13";"13055";"2";"1";"1";"6";"SAINT PIERRE (RUE)";"43,29238000";"5,40126000"
"202300033084";"19";"01";"2023";"15:35";"1";"94";"94017";"2";"1";"1";"3";"36 Rue Louis Talamoni";"48,81307033";"2,51282483"
"202300033085";"7";"10";"2023";"09:40";"1";"13";"13205";"2";"1";"1";"3";"JEAN MOULIN (BOULEVARD)";"43,28898000";"5,40015000"
"202300033086";"17";"01";"2023";"16:30";"1";"93";"93039";"2";"2";"1";"3";"Rue Méchin / Avenue Jean Jaurés";"48,93574300";"2,33861100"
"202300033087";"19";"01";"2023";"00:20";"5";"93";"93064";"2";"1";"8";"6";"Rue du Général Leclerc";"48,86830939";"2,49180168"
"202300033088";"6";"10";"2023";"22:20";"3";"13";"13047";"1";"1";"1";"1";"RN 569";"43,51645000";"4,96385000"
"202300033089";"19";"01";"2023";"08:35";"1";"93";"93031";"2";"1";"1";"3";"Avenue Jean Jaurès";"48,95305387";"2,31600702"
"202300033090";"7";"10";"2023";"15:10";"1";"10";"10387";"2";"1";"1";"6";"Avenue des Lombards";"48,27013000";"4,08220000"
"202300033091";"18";"01";"2023";"18:50";"5";"93";"93010";"2";"6";"2";"2";"Rue du Verger";"48,91815001";"2,47684888"
"202300033092";"19";"01";"2023";"19:13";"5";"93";"93007";"2";"2";"2";"3";"Avenue Paul Vaillant Couturier / Avenue Danielle Casanova";"48,92689000";"2,47219000"
"202300033093";"7";"10";"2023";"12:19";"1";"10";"10081";"2";"3";"1";"3";"MOULIN (RUE DU)";"48,30819000";"4,03504000"
"202300033094";"18";"01";"2023";"13:30";"1";"92";"92073";"2";"1";"1";"6";"VERDUN (RUE DE)";"48,87220276";"2,22853214"
"202300033095";"19";"01";"2023";"08:05";"4";"92";"92050";"2";"1";"1";"6";"COMMUNE DE PARIS AVENUE DE LA";"48,89976000";"2,19955000"
"202300033096";"7";"10";"2023";"20:55";"5";"06";"06088";"2";"5";"1";"3";"MERCANTOUR (BD)";"43,68196900";"7,19889300"
"202300033097";"19";"01";"2023";"20:00";"5";"92";"92048";"2";"2";"2";"7";"GARDES (ROUTE DES) N° 5 A 51";"48,81886363";"2,23464578"
"202300033098";"18";"01";"2023";"19:24";"5";"92";"92024";"2";"1";"9";"7";"MADAME DE SANZILLON (RUE)";"48,90362000";"2,31864000"
"202300033099";"7";"10";"2023";"22:45";"5";"06";"06123";"2";"3";"1";"3";"DE GAULLE GENERAL AVENUE";"43,66710000";"7,19250000"
"202300033100";"19";"01";"2023";"21:18";"5";"92";"92012";"2";"2";"2";"3";"REINE (ROUTE DE LA) 82/FIN - 107TER/FIN";"48,83971191";"2,23976952"
"202300033101";"19";"01";"2023";"18:30";"5";"92";"92012";"2";"1";"1";"2";"AUTEUIL (BOULEVARD D') - COTE IMPAIR";"48,84613000";"2,24814000"
"202300033102";"7";"10";"2023";"21:00";"5";"75";"75118";"2";"1";"1";"2";"PORTE DE SAINT OUEN";"48,90078700";"2,33855900"
"202300033103";"18";"01";"2023";"21:40";"5";"92";"92002";"2";"9";"2";"6";"DIVISION LECLERC (53 A 217 - 58 A 186)";"48,73861000";"2,30205000"
"202300033104";"18";"01";"2023";"17:32";"2";"13";"13215";"1";"1";"1";"7";"A7-Sens Lyon vers Marseille";"43,37900000";"5,35500000"
"202300033105";"6";"10";"2023";"17:10";"1";"75";"75118";"2";"1";"1";"2";"PORTE D AUBERVILLIERS";"48,90086000";"2,36571200"
"202300033106";"19";"01";"2023";"07:00";"3";"83";"83069";"1";"1";"1";"6";"A570";"43,11537000";"6,11426000"
"202300033107";"18";"01";"2023";"07:22";"3";"69";"69297";"1";"1";"1";"3";"Autoroute 7 ";"45,62081285";"4,81335354"
"202300033108";"6";"10";"2023";"16:00";"1";"75";"75119";"2";"1";"1";"5";"PORTE DE PANTIN";"48,89602100";"2,39435100"
"202300033109";"19";"01";"2023";"17:42";"4";"33";"33487";"1";"1";"3";"2";"AUTOROUTE A 10";"44,95442000";" -0,45581000"
"202300033110";"19";"01";"2023";"16:25";"1";"91";"91553";"1";"1";"1";"6";"RN 104";"48,63143800";"2,50434600"
"202300033111";"7";"10";"2023";"00:55";"5";"75";"75108";"2";"2";"1";"3";"RUE DES MATHURINS";"48,87330700";"2,32430000"
"202300033112";"19";"01";"2023";"12:35";"1";"94";"94076";"1";"1";"1";"3";"A6B";"48,79309594";"2,34508279"
"202300033113";"4";"10";"2023";"14:00";"1";"75";"75106";"2";"2";"1";"7";"BOULEVARD RASPAIL";"48,84522700";"2,32853500"
"202300033114";"7";"10";"2023";"20:25";"5";"75";"75120";"2";"3";"1";"6";"RUE SAINT BLAISE";"48,85969600";"2,40485500"
"202300033115";"7";"10";"2023";"16:45";"1";"75";"75120";"2";"1";"1";"6";"BOULEVARD DAVOUT";"48,86369700";"2,40863500"
"202300033116";"19";"01";"2023";"07:50";"2";"94";"94034";"1";"1";"8";"4";"A86";"48,76061147";"2,31935953"
"202300033117";"7";"10";"2023";"16:30";"1";"75";"75119";"2";"2";"1";"3";"AVENUE CORENTIN CARIOU";"48,89584500";"2,38354800"
"202300033118";"7";"10";"2023";"01:15";"5";"75";"75118";"2";"2";"1";"1";"RUE ORDENER";"48,89023600";"2,35990500"
"202300033119";"19";"01";"2023";"07:40";"3";"94";"94003";"1";"1";"8";"3";"A6A";"48,80756471";"2,34094016"
"202300033120";"7";"10";"2023";"08:40";"1";"75";"75117";"2";"2";"1";"3";"AVENUE NIEL";"48,88195700";"2,29591400"
"202300033121";"6";"10";"2023";"13:00";"1";"75";"75116";"2";"3";"1";"3";"AVENUE ALPHONSE XIII";"48,85621000";"2,28164900"
"202300033122";"19";"01";"2023";"20:30";"5";"93";"93006";"1";"1";"1";"6";"AUTOROUTE A3";"48,86425000";"2,41412000"
"202300033123";"7";"10";"2023";"21:00";"5";"75";"75115";"2";"2";"1";"6";"RUE OLIVIER DE SERRES";"48,83613700";"2,29723400"
"202300033124";"7";"10";"2023";"10:41";"1";"75";"75114";"2";"3";"1";"6";"AVENUE PAUL APPELL";"48,82168400";"2,32667500"
"202300033125";"19";"01";"2023";"13:30";"1";"93";"93066";"1";"1";"1";"3";"AUTOROUTE A86";"48,92279781";"2,35128419"
"202300033126";"6";"10";"2023";"06:40";"5";"75";"75114";"2";"2";"1";"3";"AVENUE DU GENERAL LECLERC";"48,82959100";"2,32840000"
"202300033127";"6";"10";"2023";"23:15";"5";"75";"75112";"2";"1";"1";"2";"QUAI DE BERCY";"48,83093800";"2,38559800"
"202300033128";"7";"10";"2023";"22:00";"5";"75";"75111";"2";"2";"1";"6";"RUE RAMPON";"48,86601800";"2,36632500"
"202300033129";"19";"01";"2023";"15:10";"1";"95";"95018";"1";"1";"1";"6";"A15";"48,95967623";"2,27188361"
"202300033130";"7";"10";"2023";"00:35";"5";"75";"75110";"2";"1";"1";"2";"RUE YVES TOUDIC";"48,86886000";"2,36467800"
"202300033131";"7";"10";"2023";"17:31";"1";"75";"75107";"2";"1";"1";"6";"PORT DE SOLFERINO";"48,86106300";"2,32515200"
"202300033132";"7";"10";"2023";"16:05";"1";"75";"75107";"2";"3";"1";"6";"BOULEVARD DES INVALIDES";"48,84793200";"2,31597500"
"202300033133";"7";"10";"2023";"14:50";"1";"75";"75103";"2";"2";"1";"6";"RUE RAMBUTEAU";"48,86181800";"2,35089200"
"202300033134";"7";"10";"2023";"02:50";"5";"94";"94081";"2";"9";"1";"6";"Avenue Henri Barbusse";"48,79277000";"2,39133000"
"202300033135";"19";"01";"2023";"06:30";"3";"95";"95277";"1";"1";"1";"5";" A3";"48,97065000";"2,48255000"
"202300033136";"7";"10";"2023";"15:45";"1";"94";"94074";"2";"1";"1";"2";"Avenue Henri Barbusse";"48,77002988";"2,44049084"
"202300033137";"7";"10";"2023";"12:46";"1";"94";"94055";"2";"1";"1";"3";"Avenue du Général de Gaulle";"48,79176382";"2,53296764"
"202300033138";"6";"10";"2023";"16:50";"1";"94";"94068";"2";"2";"7";"3";"Rue du Docteur Roux";"48,78728000";"2,48843000"
"202300033139";"7";"10";"2023";"23:20";"5";"94";"94042";"1";"1";"1";"6";"Boulevard de l'Europe";"48,81424800";"2,46424700"
"202300033140";"19";"01";"2023";"14:40";"1";"94";"94018";"1";"1";"1";"4";"A4";"48,82142430";"2,39921053"
"202300033141";"7";"10";"2023";"17:00";"1";"94";"94021";"2";"1";"1";"6";"43 Av du Pdt Franklin Roosevelt";"48,77132900";"2,36117900"
"202300033142";"7";"10";"2023";"17:00";"1";"94";"94022";"2";"1";"1";"6";"Avenue du Docteur Charcot";"48,76932552";"2,41565216"
"202300033143";"19";"01";"2023";"08:00";"3";"94";"94073";"1";"1";"1";"2";"A86";"48,77107455";"2,38866733"
"202300033144";"7";"10";"2023";"19:20";"1";"94";"94070";"1";"1";"1";"2";"Rte de Paris";"48,72316000";"2,56049000"
"202300033145";"7";"10";"2023";"12:50";"1";"93";"93049";"2";"3";"1";"6";"Boulevard Galliéni / Rue du Bac";"48,85273000";"2,51331000"
"202300033146";"7";"10";"2023";"13:50";"1";"93";"93074";"2";"3";"1";"6";"Rue de Meaux / Allée Eugène Burlot";"48,93411000";"2,56245000"
"202300033147";"7";"10";"2023";"16:05";"1";"93";"93014";"2";"1";"1";"2";"Allée de Coubron";"48,91229800";"2,55096600"
"202300033148";"7";"10";"2023";"19:10";"1";"93";"93010";"2";"1";"1";"6";"Allee des Alouettes";"48,89320300";"2,49608200"
"202300033149";"7";"10";"2023";"18:15";"1";"93";"93007";"2";"1";"1";"6";"Allée Salomon de Brosse";"48,94825900";"2,44998000"
"202300033150";"17";"01";"2023";"06:55";"1";"974";"97411";"2";"1";"1";"3";"ROSTAND (RUE EDMOND)";" -20,88702000";"55,46974000"
"202300033151";"7";"10";"2023";"18:30";"1";"93";"93001";"2";"1";"1";"3";"Rue du Landy";"48,91524800";"2,37481500"
"202300033152";"6";"10";"2023";"18:50";"1";"92";"92020";"2";"5";"1";"3";"VEDRINES RUE JULES";"48,80864583";"2,29123458"
"202300033153";"7";"10";"2023";"15:10";"1";"92";"92025";"2";"1";"1";"3";"GABRIEL PERI (RUE)";"48,91350833";"2,22670846"
"202300033154";"16";"01";"2023";"17:15";"1";"974";"97411";"2";"1";"1";"6";"MAINE (RUE DU)";" -20,90308000";"55,49162000"
"202300033155";"7";"10";"2023";"15:55";"1";"92";"92023";"2";"4";"1";"3";"PORTE DE TRIVAUX (RUE DE LA) N°1 A 55 ET";"48,79155086";"2,26318449"
"202300033156";"7";"10";"2023";"13:00";"1";"92";"92004";"2";"1";"1";"6";"ABBE LEMIRE DE L'";"48,92541000";"2,27946000"
"202300033157";"18";"01";"2023";"12:30";"1";"974";"97407";"1";"9";"1";"3";"ANGLAIS (CHE DES) - RIVIERE DES GALETS ";" -20,95500000";"55,31491000"
"202300033158";"4";"10";"2023";"20:00";"3";"39";"39543";"1";"3";"1";"3";"N/A";"46,77964700";"5,89968700"
"202300033159";"18";"01";"2023";"07:45";"1";"974";"97407";"2";"4";"1";"3";"SAY JOSEPH(RUE)";" -20,93830000";"55,29530000"
"202300033160";"18";"09";"2023";"01:20";"3";"974";"97415";"1";"9";"1";"2";"N1";" -21,00902100";"55,27733400"
"202300033161";"18";"01";"2023";"10:00";"1";"69";"69383";"2";"2";"2";"6";"Avenue Maréchal de Saxe";"45,76259090";"4,84515741"
"202300033162";"7";"10";"2023";"12:15";"1";"50";"50237";"1";"1";"1";"3";"Route de la Bourgeais";"48,81103200";" -1,37612300"
"202300033163";"6";"10";"2023";"18:00";"2";"86";"86046";"2";"6";"1";"3";"Place Michel Gaudineau";"46,77408900";"0,53678200"
"202300033164";"18";"01";"2023";"12:30";"1";"972";"97213";"1";"1";"1";"2";"AUTOROUTE A1";"14,61827000";" -61,02585000"
"202300033165";"6";"10";"2023";"16:30";"1";"52";"52114";"2";"9";"1";"3";"D65";"48,03175200";"4,91290600"
"202300033166";"6";"10";"2023";"19:00";"3";"972";"97234";"1";"1";"8";"7";"D20";"14,69160900";" -61,15475700"
"202300033167";"18";"01";"2023";"08:20";"1";"972";"97213";"1";"1";"1";"4";"AUTOROUTE A1";"14,61688000";" -61,01603000"
"202300033168";"18";"01";"2023";"18:35";"3";"972";"97209";"1";"1";"1";"2";"RD 41 (ROCADE)";"14,61500000";" -61,05010000"
"202300033169";"7";"10";"2023";"07:05";"3";"76";"76167";"1";"2";"5";"3";"Route de Montivilliers";"49,57331400";"0,15560600"
"202300033170";"17";"01";"2023";"23:20";"5";"972";"97209";"2";"4";"1";"4";"AUTOROUTE (A1)";"14,61470000";" -61,04837000"
"202300033171";"23";"09";"2023";"10:40";"1";"01";"01353";"1";"1";"1";"3";"D28";"45,96478400";"4,79848800"
"202300033172";"18";"01";"2023";"11:05";"1";"2B";"2B033";"2";"1";"1";"3";"11 - RT";"42,68890000";"9,44770000"
"202300033173";"13";"09";"2023";"12:50";"1";"01";"01209";"1";"1";"3";"3";"Route de Genève";"46,11048900";"5,87845800"
"202300033174";"18";"01";"2023";"14:10";"1";"971";"97107";"2";"1";"1";"2";"DUMANOIR ( ALLEE )";"16,03356000";" -61,56889000"
"202300033175";"7";"10";"2023";"03:40";"3";"22";"22067";"1";"1";"1";"5";"Route Nationale 12 pr 90+0500";"48,54954000";" -3,16501000"
"202300033176";"7";"10";"2023";"15:30";"1";"30";"30209";"2";"3";"1";"3";"Chemin de la Poste";"44,00922500";"4,78376900"
"202300033177";"18";"01";"2023";"13:50";"1";"91";"91657";"2";"1";"1";"7";"AV DU PDT ROBERT LAKOTA";"48,70497000";"2,41353000"
"202300033178";"6";"10";"2023";"23:40";"3";"83";"83017";"2";"1";"1";"1";"D554";"43,25002800";"5,99849200"
"202300033179";"7";"10";"2023";"10:25";"1";"35";"35173";"1";"2";"1";"1";"Lieu Dit la Garbotais";"48,21682400";" -1,72766400"
"202300033180";"18";"01";"2023";"07:20";"3";"91";"91223";"1";"1";"9";"4";"R.D.20";"48,42320000";"2,13910000"
"202300033181";"6";"10";"2023";"23:50";"3";"56";"56057";"1";"3";"1";"3";"Pont Hellez";"48,07404300";" -3,53661100"
"202300033182";"7";"10";"2023";"12:10";"1";"77";"77519";"2";"1";"1";"6";"39 rue de la gare";"48,65040100";"3,40903900"
"202300033183";"18";"01";"2023";"13:35";"1";"85";"85191";"2";"6";"1";"3";"VC Rue duchesne de denant";"46,65070000";" -1,43761000"
"202300033184";"7";"10";"2023";"19:50";"3";"80";"80058";"1";"1";"1";"5";"D1029";"49,87243700";"2,63780200"
"202300033185";"14";"01";"2023";"15:00";"1";"30";"30011";"1";"3";"1";"5";"Route d'Aramon";"43,94065600";"4,77391400"
"202300033186";"7";"10";"2023";"03:00";"4";"80";"80416";"2";"1";"1";"6";"Rue d?Abbeville";"49,98001600";"2,06503800"
"202300033187";"8";"10";"2023";"01:00";"3";"82";"82131";"1";"1";"1";"6";"D20";"44,23333500";"1,44574300"
"202300033188";"6";"10";"2023";"22:25";"3";"65";"65268";"1";"1";"1";"6";"D3";"43,14444400";"0,04567300"
"202300033189";"18";"01";"2023";"13:05";"1";"77";"77243";"1";"1";"1";"5";"D934";"48,86752200";"2,70007700"
"202300033190";"5";"10";"2023";"17:10";"1";"33";"33480";"1";"1";"1";"4";"59 Lieu Dit les Grandes Versannes";"44,88496800";" -0,19941800"
"202300033191";"6";"10";"2023";"14:58";"1";"11";"11206";"2";"1";"7";"6";"N/A";"43,05423500";"2,20730500"
"202300033192";"10";"01";"2023";"17:40";"5";"76";"76231";"2";"6";"1";"6";"Rue de Rouen";"49,29682783";"0,99510024"