"Num_Acc";"jour";"mois";"an";"hrmn";"lum";"dep";"com";"agg";"int";"atm";"col";"adr";"lat";"long"
"202300033193";"18";"01";"2023";"23:30";"5";"76";"76259";"2";"3";"2";"6";"VALMONT ( ROUTE DE)";"49,75210000";"0,40951000"
"202300033194";"18";"01";"2023";"10:23";"1";"72";"72181";"2";"1";"1";"6";"RHIN ET DANUBE (AV) N° IMP 271 A 339";"48,02145600";"0,18362100"
"202300033195";"18";"01";"2023";"06:35";"5";"72";"72181";"2";"2";"9";"3";"DEGRE (RUE DE) N° PAIRS DE 2 A 78";"48,01496000";"0,18280000"
"202300033196";"17";"01";"2023";"16:40";"1";"72";"72181";"2";"1";"1";"3";"CUGNOT NICOLAS (BD)";"47,99516000";"0,22381000"
"202300033197";"17";"01";"2023";"09:10";"1";"72";"72181";"1";"1";"2";"3";"PATTON GENERAL RTE ST-AUBIN A RUE KLOTZ";"48,02818000";"0,17588000"
"202300033198";"17";"01";"2023";"08:25";"2";"72";"72181";"2";"1";"3";"6";"SABLE (RTE DE )";"47,99011000";"0,16839000"
"202300033199";"17";"01";"2023";"08:30";"1";"67";"67482";"2";"3";"1";"6";"HIRONDELLES (RUE DES)";"48,54015000";"7,76786000"
"202300033200";"16";"01";"2023";"19:30";"5";"67";"67482";"2";"1";"6";"3";"SPIELMANN (RUE)";"48,57601000";"7,75298000"
"202300033201";"17";"01";"2023";"13:50";"1";"64";"64445";"2";"1";"3";"6";"JEAN MERMOZ";"43,31532000";" -0,37792000"
"202300033202";"18";"01";"2023";"03:30";"5";"59";"59350";"2";"2";"1";"3";"DUNKERQUE AVENUE DE";"50,64451000";"2,97441000"
"202300033203";"17";"01";"2023";"20:40";"5";"59";"59328";"2";"2";"9";"3";"HIPPODROME AV DE L N°169 AU 135";"50,64096000";"3,03168000"
"202300033204";"17";"01";"2023";"07:55";"1";"58";"58194";"2";"2";"4";"6";"LOURDES";"46,99164300";"3,15304900"
"202300033205";"17";"01";"2023";"18:25";"5";"56";"56098";"2";"6";"8";"3";"Avenue SALVADOR ALLENDE";"47,75936000";" -3,32644000"
"202300033206";"18";"01";"2023";"18:06";"5";"54";"54257";"2";"1";"1";"6";"Rue de la Tournelle";"48,65352000";"6,19790000"
"202300033207";"17";"01";"2023";"19:45";"5";"54";"54357";"2";"2";"2";"6";"Avenue de Metz";"48,71267000";"6,16801000"
"202300033208";"17";"01";"2023";"18:35";"3";"54";"54328";"2";"3";"4";"3";"route de mirecourt";"48,61604000";"6,17633000"
"202300033209";"17";"01";"2023";"08:25";"1";"54";"54395";"2";"1";"1";"1";"Place Paul Painleve";"48,68247000";"6,16595000"
"202300033210";"18";"01";"2023";"07:10";"3";"50";"50129";"1";"1";"1";"6";"CD 901";"49,65033000";" -1,71495000"
"202300033211";"18";"01";"2023";"10:05";"1";"50";"50129";"2";"3";"1";"2";"ARTISANS (RUE DES)";"49,63601000";" -1,59040000"
"202300033212";"18";"01";"2023";"11:07";"1";"49";"49007";"2";"1";"1";"2";"MOULIN PONT ET PLACE";"47,48900000";" -0,54600000"
"202300033213";"18";"01";"2023";"13:50";"1";"45";"45234";"2";"3";"7";"3";"13 Rue de Barbotte";"47,88003000";"1,89967000"
"202300033214";"18";"01";"2023";"07:25";"4";"42";"42275";"2";"3";"8";"1";"Rue de Villars";"45,46594000";"4,37471000"
"202300033215";"18";"01";"2023";"10:45";"1";"38";"38423";"2";"8";"3";"3";"AVENUE GÉNÉRAL LECLERC";"45,20876000";"5,70560000"
"202300033216";"18";"01";"2023";"18:25";"5";"37";"37261";"2";"3";"1";"6";"JERUSALEM (RUE DE)";"47,39231000";"0,68469000"
"202300033217";"18";"01";"2023";"08:40";"1";"37";"37261";"2";"1";"1";"7";"COLOMBIER (RUE)";"47,42256000";"0,70626000"
"202300033218";"18";"01";"2023";"17:00";"2";"35";"35238";"2";"3";"2";"3";"TILLON (AVENUE CHARLES)";"48,12441668";" -1,70925647"
"202300033219";"18";"01";"2023";"11:15";"1";"35";"35238";"2";"1";"1";"6";"CHURCHILL (AVENUE SIR WINSTON)";"48,12351789";" -1,70906335"
"202300033220";"18";"01";"2023";"10:55";"1";"35";"35238";"2";"1";"1";"2";"JOFFRE ( DU MARECHAL)";"48,10799834";" -1,67784110"
"202300033221";"18";"01";"2023";"08:50";"1";"33";"33318";"2";"5";"8";"3";"Rue du Pin Vert";"44,80948194";" -0,62678665"
"202300033222";"15";"01";"2023";"19:43";"5";"30";"30189";"2";"2";"1";"3";"ARTS (AVENUE)";"43,82299000";"4,33599000"
"202300033223";"18";"01";"2023";"17:00";"1";"29";"29232";"1";"1";"1";"7";"Boulevard de Poulguinan";"47,97994000";" -4,12139000"
"202300033224";"18";"01";"2023";"13:45";"1";"29";"29232";"2";"1";"8";"6";"Rue de la Tourelle";"47,98757000";" -4,09851000"
"202300033225";"18";"01";"2023";"16:10";"1";"25";"25462";"2";"1";"4";"2";"ROCADE G.POMPIDOU ( DE 0 A 6)";"46,90016000";"6,35770000"
"202300033226";"18";"01";"2023";"07:50";"2";"25";"25056";"2";"1";"4";"6";"CAUSSES RUE DES";"47,21764600";"5,96608600"
"202300033227";"18";"01";"2023";"11:45";"1";"17";"17306";"2";"1";"2";"6";"HEDDE (AVENUE DANIEL)";"45,63520800";" -1,02882000"
"202300033228";"17";"01";"2023";"21:00";"5";"13";"13204";"2";"1";"1";"6";"FRANÇOISE DUPARC (BOULEVARD)";"43,30348000";"5,40093000"
"202300033229";"18";"01";"2023";"12:20";"1";"13";"13005";"2";"1";"1";"3";"NATIONALE 8 DE PARIS A TOULON (ROUTE)";"43,28600000";"5,58801000"
"202300033230";"18";"01";"2023";"08:25";"1";"13";"13005";"2";"3";"1";"3";"COMBES (BOULEVARD EMILE)";"43,28933000";"5,56833000"
"202300033231";"18";"01";"2023";"18:30";"2";"13";"13001";"2";"1";"1";"2";"EUROPE (AV)";"43,52464000";"5,43029000"
"202300033232";"17";"01";"2023";"12:30";"1";"11";"11069";"2";"1";"2";"2";"440 Rue Magellan";"43,23581100";"2,36817900"
"202300033233";"18";"01";"2023";"07:35";"5";"07";"07019";"2";"6";"8";"3";"DELATTRE DE TASSIGNY(AVENUE)";"44,61046000";"4,39000000"
"202300033234";"18";"01";"2023";"15:56";"1";"06";"06029";"2";"6";"1";"6";"RIOU (BOULEVARD DU)";"43,56577000";"7,00256000"
"202300033235";"18";"01";"2023";"10:50";"1";"06";"06030";"2";"2";"1";"3";"DUNKERQUE (RUE DE)";"43,56559000";"7,01523000"
"202300033236";"17";"01";"2023";"04:45";"5";"06";"06027";"2";"1";"1";"2";"GRASSE AVENUE DE";"43,66023900";"7,13025500"
"202300033237";"14";"01";"2023";"17:45";"5";"05";"05061";"2";"2";"1";"3";"SAGNIERES ( RUE DES )";"44,54971000";"6,06522000"
"202300033238";"16";"01";"2023";"09:10";"1";"75";"75113";"2";"1";"2";"2";"BOULEVARD PERIPHERIQUE";"48,81788400";"2,35351000"
"202300033239";"18";"01";"2023";"20:25";"5";"75";"75119";"2";"7";"8";"7";"AVENUE JEAN JAURES";"48,88278500";"2,37028500"
"202300033240";"18";"01";"2023";"15:30";"1";"75";"75119";"2";"3";"1";"6";"RUE DE BELLEVILLE";"48,87527300";"2,39522300"
"202300033241";"18";"01";"2023";"16:00";"1";"75";"75117";"2";"1";"1";"3";"BOULEVARD BESSIERES";"48,89650200";"2,31939900"
"202300033242";"18";"01";"2023";"09:00";"1";"75";"75116";"2";"2";"1";"2";"RUE D AUTEUIL";"48,84798900";"2,26416200"
"202300033243";"18";"01";"2023";"08:50";"1";"75";"75115";"2";"3";"1";"7";"RUE DE VAUGIRARD";"48,83625700";"2,29439700"
"202300033244";"18";"01";"2023";"18:00";"5";"75";"75114";"2";"1";"2";"6";"AVENUE DE LA PORTE DE CHATILLON";"48,82320400";"2,31600700"
"202300033245";"18";"01";"2023";"20:55";"5";"75";"75111";"2";"2";"8";"6";"RUE LOUIS BONNET";"48,87112600";"2,37670900"
"202300033246";"18";"01";"2023";"15:28";"1";"75";"75111";"2";"1";"1";"3";"BOULEVARD VOLTAIRE";"48,86485000";"2,36830700"
"202300033247";"18";"01";"2023";"09:35";"1";"75";"75108";"2";"1";"1";"6";"BOULEVARD MALESHERBES";"48,87611900";"2,31834900"
"202300033248";"18";"01";"2023";"19:45";"5";"75";"75101";"2";"3";"1";"6";"RUE DE RIVOLI";"48,86376400";"2,33211600"
"202300033249";"18";"01";"2023";"14:50";"1";"75";"75103";"2";"3";"1";"3";"BOULEVARD BEAUMARCHAIS";"48,85925800";"2,36765400"
"202300033250";"18";"01";"2023";"09:55";"1";"94";"94076";"2";"1";"1";"6";"COLONEL MARCHAND (R DU)";"48,79430000";"2,36221000"
"202300033251";"18";"01";"2023";"09:00";"1";"94";"94038";"2";"2";"1";"3";"Rue Henri Thirard / Rue de Picardie";"48,77814000";"2,34424000"
"202300033252";"18";"01";"2023";"18:10";"5";"94";"94028";"2";"3";"2";"6";"Av du Mal de Lattre de Tassigny";"48,79756000";"2,45632000"
"202300033253";"17";"01";"2023";"15:15";"1";"94";"94028";"2";"2";"2";"3";"Avenue du Général de Gaulle / Rue Saint-simon";"48,79404009";"2,44708121"
"202300033254";"18";"01";"2023";"18:15";"5";"94";"94073";"2";"1";"1";"6";"Av du Mal de Lattre de Tassigny";"48,75207000";"2,40580000"
"202300033255";"18";"01";"2023";"14:00";"1";"94";"94018";"2";"2";"1";"3";"Rue Victor Hugo / Rue de Conflans";"48,82149200";"2,41308400"
"202300033256";"17";"01";"2023";"08:40";"1";"94";"94041";"2";"3";"1";"3";"Rue Victor Hugo / Quai Marcel Boyer";"48,82240000";"2,39234000"
"202300033257";"18";"01";"2023";"15:00";"1";"94";"94071";"2";"1";"8";"6";"Rue de Paris";"48,77410000";"2,50797000"
"202300033258";"18";"01";"2023";"07:20";"5";"93";"93059";"2";"3";"1";"6";"Boulevard Jean Mermoz / Rue Robert Desnos";"48,97139309";"2,36626240"
"202300033259";"18";"01";"2023";"13:20";"1";"93";"93070";"2";"1";"1";"6";"Rue Paul Bert";"48,90237954";"2,33926401"
"202300033260";"18";"01";"2023";"09:00";"1";"93";"93064";"2";"1";"1";"3";"Avenue Jean Jaurès";"48,86625670";"2,48711815"
"202300033261";"18";"01";"2023";"07:50";"5";"93";"93062";"2";"1";"9";"6";"Avenue de la Résistance";"48,89866400";"2,51706800"
"202300033262";"16";"01";"2023";"08:15";"2";"93";"93010";"2";"4";"2";"1";"Rue Jules Guesde / Rue du Breuil";"48,90370000";"2,47629000"
"202300033263";"18";"01";"2023";"19:30";"3";"93";"93005";"2";"9";"2";"3";"Boulevard André Citroën";"48,95855542";"2,48545557"
"202300033264";"18";"01";"2023";"05:50";"5";"92";"92064";"2";"1";"1";"6";"REPUBLIQUE";"48,85909000";"2,21226000"
"202300033265";"17";"01";"2023";"23:19";"5";"92";"92064";"2";"1";"1";"6";"GOUNOD";"48,84245000";"2,20808000"
"202300033266";"16";"01";"2023";"11:25";"1";"92";"92063";"2";"1";"2";"6";"BROSSOLETTE (RUE PIERRE)";"48,88066000";"2,18165000"
"202300033267";"18";"01";"2023";"08:35";"1";"92";"92062";"2";"1";"1";"2";"PUTEAUX (PONT DE)";"48,87724105";"2,24402457"
"202300033268";"17";"01";"2023";"11:00";"1";"92";"92051";"2";"1";"8";"6";"BERTEAUX-DUMAS (RUE)";"48,88219200";"2,27534000"
"202300033269";"18";"01";"2023";"18:00";"5";"92";"92048";"2";"2";"2";"2";"GARDES (ROUTE DES) N° 5 A 51";"48,81853279";"2,23124117"
"202300033270";"18";"01";"2023";"10:52";"1";"92";"92040";"2";"1";"1";"6";"FOUCHER LEPELLETIER";"48,83041600";"2,28009500"
"202300033271";"16";"01";"2023";"15:33";"1";"92";"92036";"2";"1";"1";"2";"Henri Colin (rue)";"48,92523900";"2,32105000"
"202300033272";"12";"01";"2023";"09:10";"1";"57";"57463";"1";"1";"8";"2";"RN 431";"49,08935000";"6,22680000"
"202300033273";"18";"01";"2023";"19:25";"5";"33";"33249";"1";"1";"2";"4";"ROUTE NATIONALE 230";"44,87836000";" -0,50928000"
"202300033274";"18";"01";"2023";"17:58";"1";"33";"33397";"1";"1";"4";"2";"AUTOROUTE A 10";"44,92285800";" -0,47430600"
"202300033275";"18";"01";"2023";"09:35";"1";"33";"33550";"1";"1";"2";"3";"AUTOROUTE A 62";"44,77258000";" -0,55556000"
"202300033276";"18";"01";"2023";"16:30";"1";"91";"91363";"1";"1";"1";"2";"RN 104";"48,64617000";"2,19207000"
"202300033277";"17";"01";"2023";"06:13";"3";"78";"78043";"1";"1";"1";"2";"A13W";"48,84212500";"2,09337000"
"202300033278";"18";"01";"2023";"18:00";"3";"95";"95212";"1";"1";"2";"6";" A1";"49,02886200";"2,53824200"
"202300033279";"17";"01";"2023";"13:10";"1";"93";"93064";"1";"1";"1";"2";"AUTOROUTE A3";"48,88604000";"2,47307000"
"202300033280";"17";"01";"2023";"08:15";"2";"02";"02722";"2";"6";"1";"6";"GAMBETTA ( BOULEVARD )";"49,37660000";"3,32974000"
"202300033281";"16";"01";"2023";"08:40";"1";"64";"64445";"2";"1";"3";"6";"boulevard BARBANEGRE";"43,29743904";" -0,35898238"
"202300033282";"9";"01";"2023";"09:58";"1";"62";"62041";"2";"1";"2";"3";"Rue André Gatoux";"50,29066100";"2,75766000"
"202300033283";"16";"01";"2023";"17:45";"2";"974";"97416";"1";"1";"1";"4";"RN03";" -21,31177000";"55,49570000"
"202300033284";"17";"01";"2023";"16:30";"1";"974";"97411";"1";"1";"1";"3";"LITTORAL (ROUTE 2 DU)";" -20,89325272";"55,37836522"
"202300033285";"17";"01";"2023";"11:15";"1";"973";"97302";"2";"2";"1";"3";"VOLTAIRE(AVENUE)";"4,94235483";" -52,32242256"
"202300033286";"17";"01";"2023";"11:50";"1";"973";"97302";"2";"3";"8";"3";"MARAN (RENE) CITE THEMIRE";"4,93464494";" -52,32125580"
"202300033287";"16";"01";"2023";"21:35";"4";"973";"97302";"1";"1";"2";"6";"GALMOT (ROND-POINT)";"4,92345000";" -52,32961000"
"202300033288";"17";"01";"2023";"12:45";"1";"69";"69034";"2";"1";"8";"3";"3 Route de Strasbourg";"45,79124000";"4,86229000"
"202300033289";"17";"01";"2023";"07:30";"4";"69";"69081";"2";"1";"2";"3";"9 Avenue Edouard Aynard";"45,77623000";"4,77881000"
"202300033290";"17";"01";"2023";"06:55";"5";"69";"69149";"2";"3";"3";"6";"1 Grande Rue";"45,72029000";"4,81099000"
"202300033291";"17";"01";"2023";"09:55";"1";"971";"97113";"1";"1";"1";"2";"RN4 - SECTION RIVIERA";"16,21776000";" -61,49077000"
"202300033292";"17";"01";"2023";"06:40";"1";"971";"97113";"1";"1";"1";"3";"RN4-ROND POINT SAINT FELIX";"16,20760000";" -61,45709000"
"202300033293";"17";"01";"2023";"23:00";"4";"91";"91161";"2";"1";"2";"1";"RTE DE MASSY";"48,71217000";"2,30770000"
"202300033294";"17";"01";"2023";"19:30";"3";"91";"91064";"2";"1";"1";"6";"MARTINIERE (RUE DE LA)";"48,75647000";"2,20964000"
"202300033295";"17";"01";"2023";"19:06";"5";"91";"91161";"2";"3";"2";"1";"RUE DU BIEF";"48,69147800";"2,31564400"
"202300033296";"16";"01";"2023";"12:05";"1";"91";"91477";"2";"4";"2";"3";"VIALA (BOULEVARD)";"48,71399000";"2,24257000"
"202300033297";"17";"01";"2023";"18:10";"5";"91";"91027";"2";"1";"2";"6";"AV FRANCOIS MITTERRAND";"48,71353000";"2,37329000"
"202300033298";"17";"01";"2023";"12:28";"1";"91";"91223";"1";"1";"2";"7";"R.D.721";"48,41863000";"2,17762000"
"202300033299";"16";"01";"2023";"07:44";"5";"87";"87085";"2";"1";"2";"3";"SAMIE (RUE LEONARD)";"45,80335000";"1,27776000"
"202300033300";"13";"01";"2023";"07:50";"1";"84";"84007";"2";"1";"2";"6";"PONT DES DEUX EAUX (Chemin du )";"43,94553000";"4,84179000"
"202300033301";"17";"01";"2023";"19:05";"5";"78";"78440";"2";"3";"1";"3";"ARISTIDE BRIAND (RUE)";"48,98384800";"1,91163100"
"202300033302";"17";"01";"2023";"08:20";"4";"76";"76165";"2";"2";"1";"6";"Cours Carnot";"49,28712000";"1,01990000"
"202300033303";"17";"01";"2023";"06:20";"5";"69";"69259";"2";"3";"3";"3";"Boulevard Marcel Sembat";"45,71308800";"4,87682725"
"202300033304";"17";"01";"2023";"13:40";"1";"69";"69091";"2";"1";"1";"6";"7b Rue Pierre et Marie Curie";"45,59675000";"4,76909000"
"202300033305";"17";"01";"2023";"09:00";"1";"62";"62119";"2";"1";"1";"6";"D937";"50,51385247";"2,64861131"
"202300033306";"17";"01";"2023";"20:40";"5";"59";"59599";"2";"1";"1";"6";"LEHOUCQ (RUE FIDELE)";"50,72054000";"3,15886000"
"202300033307";"17";"01";"2023";"19:30";"5";"59";"59527";"2";"1";"1";"1";"LECLERC RUE DU GENERAL";"50,66138000";"3,05028000"
"202300033308";"12";"01";"2023";"18:00";"2";"59";"59507";"2";"1";"3";"1";"JAURES JEAN AVENUE.";"50,60709000";"3,07660000"
"202300033309";"16";"01";"2023";"17:15";"3";"57";"57666";"2";"1";"2";"6";"MARSPICH (ROUTE DE)";"49,34580000";"6,12201000"
"202300033310";"17";"01";"2023";"08:40";"1";"56";"56260";"2";"6";"8";"3";"RACKER(GIRATOIRE DU)";"47,63851100";" -2,76761100"
"202300033311";"17";"01";"2023";"18:10";"5";"54";"54174";"2";"3";"3";"6";"Avenue du Maréchal Joffre";"48,67097600";"5,87202100"
"202300033312";"17";"01";"2023";"10:30";"1";"54";"54575";"1";"1";"1";"6";"52 (ROUTE NATIONALE)";"49,46189469";"5,85342812"
"202300033313";"16";"01";"2023";"18:18";"5";"54";"54323";"2";"3";"2";"6";"Avenue de l'Aviation";"49,51849000";"5,75856000"
"202300033314";"16";"01";"2023";"07:40";"5";"54";"54159";"2";"3";"6";"6";"Avenue de Lunéville";"48,61443000";"6,35957000"
"202300033315";"16";"01";"2023";"20:38";"5";"49";"49007";"2";"1";"2";"6";"INDUSTRIE BOULEVARD";"47,49133121";" -0,52189350"
"202300033316";"16";"01";"2023";"08:46";"1";"49";"49007";"2";"1";"2";"3";"Square Jacques Charon";"47,48953000";" -0,55685000"
"202300033317";"29";"07";"2023";"20:30";"2";"94";"94028";"2";"3";"1";"3";"Rue Chéret";"48,80107754";"2,46425003"
"202300033318";"29";"07";"2023";"17:27";"1";"93";"93066";"2";"1";"1";"4";"Rue Ambroise Croizat";"48,93118000";"2,34978000"
"202300033319";"29";"07";"2023";"10:10";"1";"93";"93001";"2";"1";"1";"1";"Avenue du Président Roosevelt";"48,91804283";"2,37903730"
"202300033320";"28";"07";"2023";"19:35";"1";"92";"92002";"2";"1";"3";"6";"GENERAL DE GAULLE (AVENUE DU)";"48,76277000";"2,30431000"
"202300033321";"29";"07";"2023";"03:13";"3";"13";"13026";"1";"1";"1";"5";"A55-Sens Martigues vers Marseille";"43,37852000";"5,16899000"
"202300033322";"29";"07";"2023";"06:45";"1";"13";"13210";"1";"1";"1";"2";"A507 sens Aubagne- Marseille";"43,28893000";"5,42469000"
"202300033323";"25";"07";"2023";"05:20";"2";"13";"13071";"1";"1";"1";"2";"A7-Sens Marseille vers Lyon";"43,41103000";"5,28361000"
"202300033324";"17";"06";"2023";"05:10";"2";"69";"69382";"1";"1";"1";"6";"Route de Métropole 6 ";"45,75106470";"4,82225785"
"202300033325";"29";"07";"2023";"20:10";"1";"94";"94038";"1";"1";"1";"5";"A6B";"48,78982766";"2,34470638"
"202300033326";"29";"07";"2023";"03:30";"5";"94";"94043";"1";"1";"1";"4";"A6B";"48,80662035";"2,34623432"
"202300033327";"29";"07";"2023";"16:20";"1";"92";"92036";"1";"1";"3";"2";"A86";"48,93721944";"2,31700839"
"202300033328";"28";"07";"2023";"22:02";"3";"78";"78646";"1";"1";"1";"6";"RN12";"48,78658700";"2,15167700"
"202300033329";"28";"07";"2023";"13:10";"1";"78";"78640";"1";"1";"2";"6";"A86 EXT";"48,77737900";"2,22349000"
"202300033330";"28";"07";"2023";"19:45";"1";"93";"93078";"1";"1";"2";"6";"AUTOROUTE A104";"48,96300436";"2,52239723"
"202300033331";"28";"07";"2023";"06:45";"2";"93";"93048";"1";"1";"2";"3";"AUTOROUTE A86";"48,86629000";"2,48165000"
"202300033332";"28";"07";"2023";"00:53";"3";"94";"94069";"1";"1";"2";"2";"A4";"48,81737044";"2,42861395"
"202300033333";"28";"07";"2023";"00:00";"3";"77";"77363";"1";"1";"2";"2";"A104";"48,92741800";"2,62839500"
"202300033334";"28";"07";"2023";"12:15";"1";"43";"43041";"2";"1";"1";"6";"Cote de Tireboeuf";"45,04953000";"3,91241000"
"202300033335";"4";"07";"2023";"07:25";"1";"987";"98735";"2";"2";"1";"1";"CLEMENCEAU (RUE)";"17,32000000";"149,33000000"
"202300033336";"28";"07";"2023";"21:15";"5";"976";"97611";"2";"1";"1";"3";"kaweni-Geole ( rue de la )";" -12,76700000";"45,22469000"
"202300033337";"18";"06";"2023";"12:45";"1";"974";"97416";"1";"1";"1";"6";"BASSIN PLAT(CHEMIN)";" -21,32880000";"55,49515000"
"202300033338";"17";"06";"2023";"17:30";"2";"974";"97416";"1";"1";"1";"7";"ISAUTIER (AVENUE CHARLES)";" -21,31650000";"55,45351000"
"202300033339";"16";"06";"2023";"20:15";"3";"974";"97416";"1";"1";"1";"4";"CD 26";" -21,29935737";"55,43667912"
"202300033340";"28";"07";"2023";"13:10";"1";"974";"97409";"2";"1";"1";"3";"DU CENTRE(CHEMIN)";" -20,95086271";"55,66050053"
"202300033341";"16";"06";"2023";"18:45";"5";"974";"97409";"2";"1";"1";"3";"CAMBUSTON (rue de)";" -20,92803000";"55,65641000"
"202300033342";"13";"06";"2023";"09:00";"1";"973";"97302";"2";"3";"1";"3";"MONTABO (ROUTE DE) 2";"4,94178000";" -52,30412000"
"202300033343";"16";"06";"2023";"14:10";"1";"973";"97302";"2";"1";"1";"3";"TROUBIRAN (CHEMIN DE)";"4,92816644";" -52,30393410"
"202300033344";"27";"07";"2023";"16:40";"1";"69";"69386";"2";"2";"1";"3";"75 Cours Lafayette";"45,76363963";"4,84830749"
"202300033345";"28";"07";"2023";"14:30";"1";"972";"97213";"1";"2";"1";"3";"ROUTE DEPARTEMENTALE 3";"14,62124000";" -60,98820000"
"202300033346";"28";"07";"2023";"13:00";"1";"972";"97209";"1";"1";"2";"6";"TIVOLI (ROUTE DE )";"14,65049000";" -61,07353000"
"202300033347";"28";"07";"2023";"11:20";"1";"69";"69385";"2";"1";"1";"1";"6 Avenue Debrousse";"45,75080000";"4,81540000"
"202300033348";"27";"07";"2023";"09:35";"1";"69";"69034";"1";"4";"1";"1";"9 Montée de la Boucle";"45,78330611";"4,83312023"
"202300033349";"17";"06";"2023";"00:25";"5";"69";"69382";"2";"1";"1";"1";"Rue de la Barre";"45,75771000";"4,83510000"
"202300033350";"27";"07";"2023";"15:30";"1";"971";"97113";"1";"1";"1";"2";"RN4 - SECTION RIVIERA";"16,21690000";" -61,48230000"
"202300033351";"16";"06";"2023";"19:00";"5";"971";"97105";"2";"1";"1";"6";"PERES DOMINICAINS(AVENUE DES)";"16,00627000";" -61,73955000"
"202300033352";"27";"07";"2023";"18:30";"1";"85";"85194";"2";"2";"1";"3";"ESTIENNE D'ORVES (R-P HONORE D')";"46,50276000";" -1,79819000"
"202300033353";"17";"06";"2023";"22:50";"3";"81";"81144";"1";"2";"1";"3";"RN 88";"43,96088000";"2,17036000"
"202300033354";"28";"07";"2023";"16:45";"1";"78";"78238";"1";"1";"1";"1";"PIERRE LEFAUCHEUX";"48,97669200";"1,86129400"
"202300033355";"28";"07";"2023";"23:10";"3";"77";"77294";"1";"3";"1";"3";"CD84";"48,99123000";"2,59927000"
"202300033356";"28";"07";"2023";"13:20";"1";"77";"77449";"1";"1";"2";"6";"AV PAUL SERAMY";"48,85939000";"2,79471000"
"202300033357";"28";"07";"2023";"10:30";"1";"76";"76540";"2";"2";"1";"3";"Quai Cavelier de la Salle";"49,43685000";"1,08750000"
"202300033358";"28";"07";"2023";"05:25";"5";"76";"76351";"2";"3";"1";"6";"VALLEE (RUE DE LA)";"49,49328000";"0,15163000"
"202300033359";"26";"07";"2023";"23:00";"5";"76";"76447";"2";"1";"1";"1";"BELLE ETOILE";"49,54054000";"0,17353000"
"202300033360";"28";"07";"2023";"20:45";"2";"76";"76384";"2";"9";"8";"7";"MARRECHAL LECLERC (AVENUE DU)";"49,51488000";"0,53310000"
"202300033361";"16";"06";"2023";"13:40";"1";"76";"76114";"2";"1";"1";"2";"DEBRAY  LOUIS (AVENUE)";"49,57763000";"0,47181000"
"202300033362";"28";"07";"2023";"19:00";"1";"71";"71306";"2";"2";"1";"3";"GRANDE SORME (RUE DE LA )";"46,69368000";"4,36364000"
"202300033363";"28";"07";"2023";"18:25";"1";"71";"71486";"2";"1";"1";"7";"ORADOUR-SUR-GLANE (RUE D')";"46,66633000";"4,38181000"
"202300033364";"28";"07";"2023";"13:40";"1";"69";"69256";"2";"1";"1";"6";"Avenue Franklin Roosevelt";"45,74462056";"4,93246302"
"202300033365";"18";"06";"2023";"20:00";"1";"69";"69264";"2";"6";"1";"1";"Route de Beauregard";"45,99821000";"4,73941000"
"202300033366";"17";"06";"2023";"19:05";"1";"68";"68066";"2";"6";"7";"3";"PARIS (AVENUE DE)";"48,07493000";"7,32973000"
"202300033367";"26";"07";"2023";"18:25";"1";"67";"67218";"2";"1";"1";"4";"ALFRED KASTLER (ROUTE)";"48,54180000";"7,73986000"
"202300033368";"17";"06";"2023";"01:25";"5";"67";"67482";"2";"2";"1";"3";"HOPITAL (ROUTE DE L )";"48,57167000";"7,75057000"
"202300033369";"28";"07";"2023";"22:07";"5";"64";"64445";"2";"2";"1";"3";"LIEGE DE";"43,29886000";" -0,37497000"
"202300033370";"29";"07";"2023";"00:36";"4";"64";"64024";"2";"1";"1";"1";"PINANE (RUE DE)";"43,48881000";" -1,51955000"
"202300033371";"27";"07";"2023";"21:25";"2";"64";"64102";"2";"1";"1";"3";"SOULT (AVENUE MARECHAL)";"43,48515000";" -1,49403000"
"202300033372";"28";"07";"2023";"10:27";"1";"63";"63113";"2";"1";"1";"2";"MICHELIN (AVENUE EDOUARD)";"45,78071826";"3,10952783"
"202300033373";"16";"06";"2023";"12:00";"1";"61";"61391";"2";"6";"1";"3";"CANADIENS (RUE DES)";"48,77308900";" -0,56925100"
"202300033374";"28";"07";"2023";"07:45";"1";"59";"59650";"2";"2";"2";"3";"EGALITE (BOULEVARD DE L')";"50,71015000";"3,19761000"
"202300033375";"28";"07";"2023";"18:00";"1";"54";"54395";"2";"2";"1";"6";"Rue Raymond Poincaré";"48,69107127";"6,17518008"
"202300033376";"28";"07";"2023";"17:15";"1";"51";"51454";"2";"3";"1";"3";"GIRAUD (AVENUE DU GENERAL)";"49,24080000";"4,05293000"
"202300033377";"28";"07";"2023";"13:15";"1";"51";"51454";"2";"3";"8";"3";"GIRAUD (AVENUE DU GENERAL)";"49,24080000";"4,05293000"
"202300033378";"27";"07";"2023";"12:00";"1";"51";"51108";"2";"3";"1";"3";"MARNE (RUE DE LA)";"48,95599000";"4,35922000"
"202300033379";"28";"07";"2023";"21:23";"5";"49";"49007";"2";"1";"1";"3";"VILLESICARD RUE ET SQUARE";"47,44857000";" -0,52969000"
"202300033380";"28";"07";"2023";"18:42";"1";"49";"49007";"2";"2";"1";"7";"LIBERTE BOULEVARD";"47,44870000";" -0,53672000"
"202300033381";"28";"07";"2023";"13:47";"1";"49";"49007";"2";"7";"2";"3";"MONPROFIT PLACE";"47,47430000";" -0,56715000"
"202300033382";"28";"07";"2023";"10:20";"1";"49";"49007";"2";"1";"1";"7";"RD 323";"47,46980000";" -0,58947000"
"202300033383";"28";"07";"2023";"09:25";"1";"49";"49007";"2";"2";"2";"6";"SAINT EXUPERY";"47,46801000";" -0,53704000"
"202300033384";"27";"07";"2023";"08:06";"1";"49";"49007";"2";"6";"2";"3";"MOULIN BOULEVARD";"47,49236000";" -0,55054000"