"Num_Acc";"jour";"mois";"an";"hrmn";"lum";"dep";"com";"agg";"int";"atm";"col";"adr";"lat";"long"
"202300033580";"20";"05";"2023";"11:55";"1";"91";"91471";"2";"3";"1";"6";"VERRIER (RUE)";"48,69800000";"2,18600000"
"202300033581";"13";"04";"2023";"18:35";"1";"75";"75118";"2";"2";"1";"3";"RUE ORDENER";"48,89309200";"2,34021900"
"202300033582";"11";"11";"2023";"15:00";"1";"976";"97610";"2";"1";"1";"6";"Route Nationale 1 - Koungou";" -12,73595800";"45,20516800"
"202300033583";"13";"04";"2023";"18:20";"1";"75";"75117";"2";"2";"1";"6";"BOULEVARD BESSIERES";"48,89445200";"2,31345700"
"202300033584";"11";"11";"2023";"11:05";"1";"47";"47145";"1";"1";"1";"1";"RN 21 PK/PR 76+900";"44,13961041";"0,65109683"
"202300033585";"21";"05";"2023";"12:40";"1";"91";"91286";"2";"1";"1";"6";"HENRI ROL TANGUY";"48,65281800";"2,38883700"
"202300033586";"11";"11";"2023";"09:00";"1";"54";"54037";"1";"2";"1";"6";"RD 115";"48,59047904";"6,24390364"
"202300033587";"13";"04";"2023";"13:45";"1";"75";"75117";"2";"3";"1";"3";"PORTE DE CLICHY";"48,89640623";"2,31033683"
"202300033588";"21";"05";"2023";"07:50";"1";"85";"85191";"2";"1";"1";"6";"5 Rue du général guérin";"46,66061600";" -1,41124820"
"202300033589";"11";"04";"2023";"20:53";"5";"75";"75116";"2";"5";"2";"3";"PLACE DE L ALMA";"48,86456100";"2,30128300"
"202300033590";"11";"11";"2023";"11:35";"1";"14";"14689";"1";"3";"2";"6";"1 Rue Sannesson";"48,97974500";" -0,52628200"
"202300033591";"10";"11";"2023";"07:24";"4";"31";"31454";"2";"1";"3";"6";"Place du Foirail";"43,41216700";"1,11770300"
"202300033592";"13";"04";"2023";"19:10";"1";"75";"75114";"2";"3";"1";"3";"BOULEVARD JOURDAN";"48,81970200";"2,34281500"
"202300033593";"21";"05";"2023";"18:15";"1";"78";"78440";"2";"2";"1";"2";"EUROPE (AVENUE DE L')";"48,97586900";"1,91580700"
"202300033594";"10";"11";"2023";"17:50";"3";"51";"51147";"1";"4";"2";"1";"intersection D994/D66";"49,04578700";"4,50546200"
"202300033595";"13";"04";"2023";"13:15";"1";"75";"75115";"2";"1";"2";"2";"BOULEVARD DE VAUGIRARD";"48,84136500";"2,31850700"
"202300033596";"11";"11";"2023";"17:15";"2";"60";"60637";"1";"1";"1";"7";"D922";"49,15645000";"3,01214200"
"202300033597";"13";"04";"2023";"17:26";"1";"75";"75113";"2";"7";"1";"2";"PLACE D ITALIE";"48,83186900";"2,35526600"
"202300033598";"21";"05";"2023";"21:20";"2";"76";"76561";"2";"2";"1";"3";"Rue de la Résistance";"49,30230000";"1,03446000"
"202300033599";"10";"11";"2023";"19:50";"3";"22";"22193";"1";"1";"1";"6";"Tryalin";"48,44235162";" -2,47904811"
"202300033600";"12";"04";"2023";"09:00";"1";"75";"75113";"2";"4";"2";"3";"BOULEVARD DE L HOPITAL";"48,83982900";"2,36166700"
"202300033601";"10";"11";"2023";"17:50";"2";"24";"24053";"1";"1";"2";"6";"A89";"45,13523700";"0,75183400"
"202300033602";"12";"04";"2023";"22:00";"5";"75";"75120";"2";"2";"8";"3";"BOULEVARD DAVOUT";"48,85352600";"2,41079100"
"202300033603";"10";"11";"2023";"09:50";"1";"19";"19083";"1";"1";"2";"6";"N/A";"45,65184732";"2,52223241"
"202300033604";"11";"11";"2023";"11:30";"1";"80";"80208";"1";"1";"1";"7";"D941";"50,18420500";"2,05458800"
"202300033605";"13";"04";"2023";"16:15";"1";"75";"75110";"2";"3";"1";"6";"RUE D ABBEVILLE";"48,87857500";"2,35054500"
"202300033606";"15";"04";"2023";"20:13";"2";"70";"70550";"2";"9";"1";"6";"SERPENTE (RUE)";"47,62380000";"6,15990000"
"202300033607";"13";"04";"2023";"16:25";"1";"75";"75108";"2";"2";"1";"6";"RUE PASQUIER";"48,87517900";"2,32382100"
"202300033608";"10";"11";"2023";"16:55";"1";"89";"89197";"1";"2";"2";"3";"Guillon-Terre-Plaine";"47,52144700";"4,06264500"
"202300033609";"21";"05";"2023";"23:00";"5";"69";"69275";"2";"1";"1";"6";"Rue Danton";"45,77135000";"4,94880000"
"202300033610";"12";"04";"2023";"19:00";"1";"75";"75108";"2";"3";"4";"3";"RUE DE CONSTANTINOPLE";"48,88088900";"2,31759000"
"202300033611";"11";"11";"2023";"12:25";"1";"49";"49069";"2";"2";"1";"3";"La Rabottière (Liré)";"47,35748800";" -1,17412400"
"202300033612";"13";"04";"2023";"13:40";"1";"75";"75104";"2";"1";"1";"7";"VOIE GEORGES POMPIDOU";"48,85402200";"2,35500500"
"202300033613";"21";"05";"2023";"06:10";"2";"62";"62540";"1";"1";"1";"6";"D941";"50,45680000";"2,57482000"
"202300033614";"10";"11";"2023";"19:10";"5";"49";"49218";"2";"9";"1";"3";"Avenue de l'Èvre (St Pierre-Montlimart)";"47,26362500";" -1,04203800"
"202300033615";"12";"04";"2023";"08:50";"1";"75";"75104";"2";"3";"2";"6";"RUE SAINT ANTOINE";"48,85325400";"2,36859000"
"202300033616";"10";"11";"2023";"10:15";"1";"46";"46283";"2";"6";"2";"6";"D720";"44,97755000";"1,68886900"
"202300033617";"21";"05";"2023";"13:54";"1";"60";"60414";"2";"1";"1";"6";"Rue de la République";"49,25660000";"2,43436000"
"202300033618";"17";"04";"2023";"10:00";"1";"94";"94042";"2";"9";"1";"3";"Place de Verdun";"48,82026662";"2,47331402"
"202300033619";"10";"11";"2023";"17:30";"2";"41";"41214";"2";"1";"2";"6";"Rue de la Cavee";"47,92587100";"1,20506000"
"202300033620";"19";"05";"2023";"12:40";"1";"46";"46042";"2";"3";"1";"3";"REGOURD (QUAI DE)";"44,44938876";"1,44306965"
"202300033621";"10";"11";"2023";"15:50";"1";"86";"86281";"1";"1";"1";"7";"D347";"46,70473200";"0,23489300"
"202300033622";"13";"04";"2023";"17:30";"1";"94";"94076";"2";"3";"1";"2";"66 Av du President Salvador Allende";"48,79689000";"2,34996000"
"202300033623";"21";"05";"2023";"22:02";"2";"35";"35238";"2";"1";"1";"6";"BOHEME (COURS DE)";"48,09051000";" -1,65396000"
"202300033624";"11";"11";"2023";"09:33";"1";"22";"22232";"1";"1";"8";"6";"3 Route de la Lande";"48,64589200";" -2,86071900"
"202300033625";"13";"04";"2023";"16:00";"1";"94";"94041";"2";"1";"1";"3";"Avenue de la République";"48,80367200";"2,39594200"
"202300033626";"10";"11";"2023";"23:30";"3";"38";"38175";"1";"1";"3";"6";"D528";"45,25962600";"5,91246600"
"202300033627";"21";"05";"2023";"14:50";"1";"35";"35238";"2";"1";"1";"6";"BARTHOU (AVENUE LOUIS)";"48,10579000";" -1,67105000"
"202300033628";"12";"04";"2023";"15:15";"1";"94";"94028";"2";"1";"1";"3";"Avenue du Général de Gaulle";"48,78656343";"2,44746557"
"202300033629";"21";"05";"2023";"03:10";"3";"33";"33281";"2";"1";"1";"6";"Rue Armand Gayral";"44,83506000";" -0,61858000"
"202300033630";"11";"11";"2023";"12:21";"1";"15";"15040";"1";"1";"8";"3";"D678";"45,38719400";"2,81826100"
"202300033631";"13";"04";"2023";"08:50";"1";"94";"94077";"2";"1";"1";"2";"Rue des Voeux Saint Georges";"48,73097000";"2,43577000"
"202300033632";"21";"05";"2023";"01:57";"5";"33";"33192";"2";"1";"1";"6";"Rue Saint-François Xavier";"44,77591000";" -0,59135000"
"202300033633";"10";"11";"2023";"18:10";"3";"72";"72028";"1";"2";"2";"3";"D338/ D216";"47,76320700";"0,35466300"
"202300033634";"13";"04";"2023";"20:27";"5";"93";"93078";"2";"3";"1";"3";"Av du Mal de Lattre de Tassigny / Rue Marius Petipa";"48,96226000";"2,54080000"
"202300033635";"10";"11";"2023";"20:15";"3";"18";"18183";"2";"1";"2";"6";"Rue Gaston Boutillon";"46,80213100";"2,64944300"
"202300033636";"20";"05";"2023";"18:30";"1";"33";"33162";"2";"2";"1";"3";"Rue André Blanc";"44,87850000";" -0,64140000"
"202300033637";"12";"04";"2023";"21:34";"5";"93";"93066";"2";"2";"1";"6";"Rue Paul Eluard / Rue du Fort de la Briche";"48,94191300";"2,34167700"
"202300033638";"11";"11";"2023";"07:55";"1";"43";"43239";"2";"1";"1";"7";"15 Route de Langeac";"45,09299700";"3,62630400"
"202300033639";"21";"05";"2023";"12:30";"1";"33";"33529";"2";"1";"1";"6";"SORE (RUE GILBERT)";"44,63169000";" -1,15095000"
"202300033640";"13";"04";"2023";"08:45";"1";"93";"93077";"2";"3";"1";"3";"Rue de Neuilly / Avenue Marcel";"48,87728000";"2,52395000"
"202300033641";"10";"11";"2023";"23:15";"3";"85";"85128";"2";"1";"8";"6";"RD 949 Avenue du maréchal juin";"46,45966000";" -1,14124910"
"202300033642";"13";"04";"2023";"19:25";"2";"93";"93051";"2";"1";"1";"3";"Route de Gournay";"48,85139000";"2,57121000"
"202300033643";"20";"05";"2023";"12:40";"1";"29";"29051";"1";"1";"1";"4";"Avenue de Garsalec";"48,01448000";" -4,00660000"
"202300033644";"13";"04";"2023";"10:47";"1";"93";"93047";"2";"3";"1";"3";"Boulevard Bargue / Avenue de Clichy-sous-bois";"48,90301883";"2,56218928"
"202300033645";"10";"11";"2023";"13:15";"1";"27";"27385";"1";"1";"3";"4";"D675";"49,34960400";"0,56151500"
"202300033646";"11";"11";"2023";"08:45";"3";"28";"28378";"1";"1";"2";"6";"départemental 137.6";"48,27037600";"0,87538700"
"202300033647";"13";"04";"2023";"14:50";"1";"93";"93007";"2";"3";"1";"3";"Avenue du 8 Mai 1945 / Rue Diderot";"48,94502925";"2,43523023"
"202300033648";"10";"11";"2023";"18:00";"5";"28";"28140";"2";"1";"1";"6";"D28";"48,60649100";"1,67045000"
"202300033649";"13";"04";"2023";"13:15";"1";"93";"93001";"2";"1";"1";"6";"64 Rue du Moutier";"48,91538504";"2,37841424"
"202300033650";"13";"04";"2023";"10:30";"1";"92";"92075";"2";"1";"1";"7";"REPUBLIQUE (RUE DE LA)";"48,82008000";"2,28607000"
"202300033651";"10";"11";"2023";"21:40";"3";"68";"68375";"2";"3";"3";"1";"Rue de Reiningue";"47,78751800";"7,22535100"
"202300033652";"20";"05";"2023";"23:55";"5";"25";"25056";"2";"1";"1";"3";"DOLE RUE DE (entre 82 et 185)";"47,22965500";"5,99143900"
"202300033653";"13";"04";"2023";"07:25";"1";"92";"92046";"2";"3";"1";"3";"HOCHE";"48,81296829";"2,29310900"
"202300033654";"10";"11";"2023";"22:30";"3";"01";"01031";"1";"1";"2";"2";"Bellignat";"46,25249400";"5,62682400"
"202300033655";"13";"04";"2023";"09:45";"1";"92";"92073";"2";"1";"1";"6";"CALVAIRE (RUE DU)";"48,87067000";"2,22007000"
"202300033656";"11";"11";"2023";"10:00";"1";"971";"97112";"2";"1";"2";"2";"N9";"15,88262900";" -61,30839900"
"202300033657";"13";"04";"2023";"00:25";"3";"92";"92024";"2";"9";"1";"3";"REPUBLIQUE (PLACE DE LA)";"48,90299785";"2,31286749"
"202300033658";"11";"11";"2023";"08:25";"1";"45";"45284";"1";"1";"1";"6";"D2060 PR 89 + 310";"47,91829800";"2,00539100"
"202300033659";"13";"04";"2023";"20:30";"2";"92";"92002";"2";"1";"1";"2";"CHATEAUBRIAND (RUE)";"48,74612000";"2,31382000"
"202300033660";"10";"11";"2023";"15:26";"1";"95";"95610";"1";"9";"3";"6";"D14";"49,09987787";"1,89621449"
"202300033661";"10";"11";"2023";"10:40";"1";"34";"34154";"2";"2";"1";"6";"Boulevard de la Liberte";"43,61560700";"4,01231100"
"202300033662";"13";"04";"2023";"22:40";"3";"24";"24540";"1";"1";"2";"1";"D8 - Lieu dit les Palissoux";"45,30746300";"0,86448700"
"202300033663";"21";"05";"2023";"15:45";"1";"17";"17415";"1";"1";"1";"4";"Route Nationale 150";"45,72259000";" -0,65275000"
"202300033664";"8";"04";"2023";"06:45";"2";"47";"47015";"1";"1";"1";"7";"la clotte";"44,05654600";"0,63711100"
"202300033665";"10";"11";"2023";"20:29";"3";"06";"06078";"1";"1";"1";"5";"D6202";"43,91186600";"7,18220800"
"202300033666";"8";"11";"2023";"17:00";"1";"13";"13085";"1";"1";"1";"7";"D559a - route d'AUBAGNE";"43,25445500";"5,58791000"
"202300033667";"12";"04";"2023";"19:30";"1";"45";"45187";"1";"1";"1";"6";"D961 PR 21 + 178";"47,87092924";"2,48622205"
"202300033668";"21";"05";"2023";"10:15";"1";"13";"13019";"1";"1";"2";"1";"D543";"43,43157000";"5,36664000"
"202300033669";"11";"11";"2023";"12:00";"1";"89";"89189";"1";"1";"1";"6";"N/A";"48,29010300";"3,26577200"
"202300033670";"13";"04";"2023";"18:25";"1";"10";"10142";"1";"1";"1";"1";"D660";"48,27194000";"3,79069100"
"202300033671";"11";"11";"2023";"07:31";"2";"71";"71491";"1";"1";"2";"6";"3620 route de versaugues";"46,40795600";"4,09220900"
"202300033672";"13";"04";"2023";"07:45";"1";"68";"68381";"1";"3";"2";"7";"68 route de jungholtz";"47,87974000";"7,21217600"
"202300033673";"10";"11";"2023";"17:40";"4";"68";"68063";"2";"2";"3";"6";"35 Faubourg des Vosges";"47,81042400";"7,16856800"
"202300033674";"3";"04";"2023";"22:30";"3";"68";"68260";"1";"1";"1";"7";"D4b";"47,88337000";"7,29449300"
"202300033675";"20";"05";"2023";"00:10";"5";"75";"75113";"2";"3";"1";"3";"AVENUE D ITALIE";"48,82579300";"2,35742200"
"202300033676";"9";"11";"2023";"05:50";"3";"54";"54063";"1";"1";"3";"7";"Grand Rue";"48,83798661";"5,83956599"
"202300033677";"13";"04";"2023";"17:45";"1";"44";"44138";"1";"1";"1";"2";"N/A";"47,49617600";" -1,63833000"
"202300033678";"10";"11";"2023";"18:00";"3";"54";"54377";"1";"1";"1";"2";"D935";"48,50707678";"6,79902434"
"202300033679";"13";"04";"2023";"18:05";"1";"12";"12270";"1";"1";"4";"5";"A75 ";"44,35980948";"3,11655325"
"202300033680";"10";"11";"2023";"17:40";"3";"38";"38349";"1";"3";"3";"3";"D4";"45,33922100";"4,78041500"
"202300033681";"21";"05";"2023";"20:25";"1";"75";"75111";"2";"9";"1";"2";"BOULEVARD RICHARD LENOIR";"48,85547900";"2,38183200"
"202300033682";"7";"04";"2023";"08:00";"1";"41";"41010";"1";"1";"1";"5";"D957";"47,83636400";"0,99385500"
"202300033683";"10";"11";"2023";"18:55";"3";"38";"38415";"1";"1";"1";"1";"D 18";"45,62881200";"5,25558500"
"202300033684";"13";"04";"2023";"18:40";"1";"19";"19123";"2";"1";"3";"7";"Avenue Pierre Et Marie Curie";"45,16871800";"1,55842800"
"202300033685";"23";"10";"2023";"07:20";"2";"46";"46174";"1";"1";"5";"1";"lieu dit bouluech";"44,65218461";"2,11740017"
"202300033686";"21";"05";"2023";"19:05";"1";"75";"75112";"2";"2";"1";"1";"Avenue Daumesnil";"48,83494000";"2,41984000"
"202300033687";"14";"04";"2023";"14:00";"1";"76";"76360";"1";"1";"3";"3";"Route du Beauchamp";"49,74822200";"1,08541500"
"202300033688";"10";"11";"2023";"07:13";"3";"17";"17214";"1";"4";"2";"1";"Route de Royan";"45,70218200";" -0,77665800"
"202300033689";"21";"05";"2023";"19:00";"1";"94";"94041";"2";"1";"1";"6";"Avenue de l’Industrie";"48,81371500";"2,40481100"
"202300033690";"13";"04";"2023";"09:25";"1";"79";"79012";"2";"1";"2";"2";"N/A";"46,47694800";" -0,56368200"
"202300033691";"10";"11";"2023";"19:00";"5";"85";"85113";"2";"6";"1";"7";"Rue calypso";"46,72420500";" -2,34788800"
"202300033692";"21";"05";"2023";"00:50";"5";"94";"94065";"2";"2";"1";"6";"Avenue Charles Lindbergh";"48,75128000";"2,35343000"
"202300033693";"28";"02";"2023";"08:50";"1";"49";"49007";"2";"1";"1";"2";"TARDAT";"47,45004000";" -0,55268000"
"202300033694";"13";"04";"2023";"16:22";"1";"33";"33541";"1";"2";"2";"3";"D1215";"45,41550825";" -1,03513420"
"202300033695";"11";"11";"2023";"19:25";"3";"35";"35228";"1";"1";"2";"1";"Rue de Dinard";"48,59491800";" -2,05676100"
"202300033696";"21";"05";"2023";"08:00";"1";"94";"94019";"2";"6";"1";"6";"Carrefour de Pince-Vent";"48,79217000";"2,55545000"
"202300033697";"28";"02";"2023";"18:25";"1";"44";"44184";"1";"6";"1";"3";"Route des Forges";"47,26789000";" -2,27812000"
"202300033698";"13";"04";"2023";"15:30";"1";"76";"76638";"1";"2";"1";"1";"D1314";"50,00941500";"1,42990100"
"202300033699";"10";"11";"2023";"13:40";"1";"76";"76354";"2";"3";"3";"3";"4001 Route de Duclair";"49,48460400";"0,92372600"
"202300033700";"13";"04";"2023";"13:45";"1";"12";"12076";"1";"1";"2";"6";"D901";"44,55311200";"2,41104800"
"202300033701";"21";"05";"2023";"18:20";"1";"94";"94028";"2";"1";"1";"6";"Avenue de Verdun";"48,79698100";"2,46384700"
"202300033702";"9";"11";"2023";"13:20";"1";"13";"13026";"1";"1";"3";"6";"A55-Sens Marseille vers Martigues";"43,38935000";"5,13906000"
"202300033703";"1";"03";"2023";"08:50";"1";"37";"37233";"2";"3";"1";"3";"SEMARD (RUE PIERRE)";"47,38723000";"0,71304000"
"202300033704";"13";"04";"2023";"18:50";"1";"39";"39443";"1";"1";"1";"1";"N/A";"46,55469700";"5,59639500"
"202300033705";"21";"05";"2023";"16:25";"1";"93";"93008";"2";"1";"1";"6";"Rue Babeuf";"48,91279102";"2,46993122"
"202300033706";"1";"03";"2023";"11:10";"1";"35";"35278";"1";"1";"1";"2";"N136";"48,14061000";" -1,69045000"
"202300033707";"10";"04";"2023";"17:20";"1";"39";"39240";"1";"1";"1";"6";"N/A";"46,61749200";"5,86257900"
"202300033708";"21";"05";"2023";"16:15";"1";"93";"93005";"2";"1";"1";"6";"Allée d'Athenes";"48,94983309";"2,49126377"
"202300033709";"1";"03";"2023";"10:45";"1";"35";"35238";"2";"1";"1";"6";"COMBES (BD EMILE)";"48,09494516";" -1,66399688"
"202300033710";"8";"11";"2023";"08:20";"1";"83";"83126";"1";"1";"1";"4";"A50";"43,11996038";"5,86434154"
"202300033711";"21";"05";"2023";"17:00";"1";"92";"92046";"2";"1";"1";"6";"PIERRE BROSSOLETTE (AVENUE)";"48,82163294";"2,31301636"
"202300033712";"26";"02";"2023";"17:10";"1";"34";"34172";"2";"1";"1";"3";"866 Avenue du Professeur Louis Ravaz";"43,62190000";"3,84683000"
"202300033713";"13";"04";"2023";"15:00";"1";"01";"01123";"1";"4";"1";"3";"Route des Greffets";"46,24631200";"4,83413700"
"202300033714";"9";"11";"2023";"08:35";"1";"69";"69266";"1";"1";"2";"2";"Route Départementale 383";"45,75838000";"4,90902000"
"202300033715";"12";"04";"2023";"21:00";"3";"26";"26342";"1";"1";"1";"6";"2 route de saint paul";"44,35729318";"4,84215975"
"202300033716";"1";"03";"2023";"19:05";"5";"33";"33063";"2";"1";"1";"3";"Avenue d'Ares";"44,83864000";" -0,62031000"
"202300033717";"21";"05";"2023";"11:20";"1";"92";"92064";"2";"2";"1";"6";"PORTE JAUNE";"48,84899817";"2,20116824"
"202300033718";"8";"11";"2023";"03:50";"3";"69";"69290";"1";"1";"1";"1";"Autoroute 43";"45,69136000";"4,98786000"
"202300033719";"14";"04";"2023";"07:45";"1";"06";"06059";"1";"1";"1";"7";"Moyenne Corniche";"43,72747600";"7,35431700"
"202300033720";"1";"03";"2023";"15:00";"1";"33";"33119";"2";"1";"1";"2";"Boulevard Entre Deux Mers";"44,84631425";" -0,53611189"
"202300033721";"20";"05";"2023";"11:00";"1";"92";"92064";"2";"1";"1";"2";"MARCEL DASSAULT";"48,85530762";"2,22291157"
"202300033722";"10";"11";"2023";"16:20";"1";"33";"33550";"1";"1";"1";"3";"ROCADE A 630";"44,77784958";" -0,55851638"
"202300033723";"14";"04";"2023";"11:45";"1";"09";"09145";"1";"1";"2";"5";"D12";"43,07998500";"1,74111800"
"202300033724";"10";"11";"2023";"15:25";"1";"77";"77251";"1";"1";"2";"6";"AUTOROUTE A5A";"48,62178000";"2,54502000"
"202300033725";"28";"02";"2023";"15:20";"1";"33";"33069";"2";"3";"1";"3";"Avenue de la Libération Charles de Gaulle";"44,85999000";" -0,59924000"
"202300033726";"21";"05";"2023";"12:36";"1";"92";"92063";"2";"1";"1";"1";"POMPIDOU (AVENUE DU PRESIDENT)";"48,87038894";"2,19647736"
"202300033727";"13";"04";"2023";"16:35";"1";"60";"60178";"2";"9";"1";"6";"52 Rue de Breteuil";"49,60954200";"2,09557800"
"202300033728";"10";"11";"2023";"08:37";"1";"94";"94021";"1";"1";"1";"3";"A106";"48,76076577";"2,34564162"
"202300033729";"21";"05";"2023";"18:50";"1";"92";"92026";"2";"1";"1";"6";"LOUIS ULBACH (DE 16 A FIN)";"48,90205884";"2,26388741"
"202300033730";"10";"11";"2023";"06:25";"2";"94";"94043";"1";"1";"1";"3";"A6B";"48,80476702";"2,34457441"
"202300033731";"13";"04";"2023";"16:45";"1";"73";"73010";"1";"2";"1";"3";"D54 / Route du Mazet";"45,79443823";"5,93267454"
"202300033732";"1";"03";"2023";"14:15";"1";"31";"31555";"2";"1";"1";"4";"33 B SESQUIERES  (PERIPH OUEST A620)";"43,64841000";"1,42386000"
"202300033733";"10";"11";"2023";"11:45";"1";"78";"78242";"1";"1";"1";"2";"A12 Y";"48,80476500";"2,04985800"
"202300033734";"10";"11";"2023";"10:20";"1";"78";"78029";"1";"1";"1";"3";"A13Y";"48,96631000";"1,85195000"
"202300033735";"14";"04";"2023";"09:15";"1";"04";"04055";"1";"1";"1";"6";"N85";"43,98873900";"6,29646400"
"202300033736";"21";"05";"2023";"14:45";"1";"92";"92024";"2";"3";"1";"3";"MARTRE DE (4 A 54)";"48,89931466";"2,30945438"
"202300033737";"9";"11";"2023";"07:15";"2";"78";"78118";"1";"1";"8";"6";"A13";"48,98693000";"1,66493500"
"202300033738";"1";"03";"2023";"10:09";"1";"29";"29039";"2";"2";"1";"1";"Chemin de Keramplen";"47,90442000";" -3,91525600"
"202300033739";"13";"04";"2023";"10:10";"1";"17";"17385";"2";"6";"1";"3";"Rue de la Liberation";"45,94480500";" -1,30958300"
"202300033740";"21";"05";"2023";"02:50";"5";"92";"92012";"2";"1";"1";"7";"MEUDON (RUE DE) - COTE PAIR";"48,82811367";"2,24207193"
"202300033741";"8";"11";"2023";"21:12";"3";"78";"78118";"1";"1";"1";"5";"A13";"48,98316300";"1,68505900"
"202300033742";"10";"11";"2023";"20:40";"3";"93";"93053";"1";"1";"1";"6";"AUTOROUTE A3";"48,88171885";"2,45421891"
"202300033743";"14";"04";"2023";"17:30";"1";"87";"87011";"1";"1";"3";"3";"RN 47 PK035+800";"46,10010800";"1,07623100"
"202300033744";"28";"02";"2023";"13:07";"1";"18";"18033";"2";"1";"1";"3";"Place de Juranville";"47,08336800";"2,38866700"
"202300033745";"8";"04";"2023";"15:25";"1";"37";"37250";"1";"1";"1";"6";"Bourg Cocu";"47,19878200";"0,70007300"
"202300033746";"21";"05";"2023";"08:35";"1";"92";"92004";"2";"1";"1";"1";"AULAGNIER ( QUAI )";"48,91326000";"2,30712000"
"202300033747";"28";"02";"2023";"22:00";"5";"14";"14118";"2";"1";"2";"6";"51 Rue de Geôle";"49,18508500";" -0,36359600"
"202300033748";"10";"11";"2023";"17:30";"3";"92";"92036";"1";"1";"1";"5";"AUTOROUTE A86";"48,93810053";"2,29792713"
"202300033749";"8";"02";"2023";"14:15";"1";"13";"13039";"2";"1";"1";"3";"CHALAND (Chemin du)";"43,45566000";"4,93169000"
"202300033750";"10";"11";"2023";"14:55";"1";"93";"93007";"1";"1";"2";"7";"AUTOROUTE A1";"48,94605193";"2,44078471"
"202300033751";"12";"04";"2023";"11:40";"1";"37";"37130";"1";"2";"1";"3";"Machefer";"47,03616800";"0,84975600"
"202300033752";"13";"04";"2023";"18:40";"1";"08";"08302";"2";"1";"1";"6";"N/A";"49,89169000";"4,76146800"
"202300033753";"10";"11";"2023";"15:30";"1";"92";"92036";"1";"1";"2";"2";"AUTOROUTE A86";"48,93817308";"2,31344484"
"202300033754";"21";"05";"2023";"16:10";"1";"60";"60332";"1";"2";"1";"2";"Departemental 137";"49,35994177";"2,49832883"
"202300033755";"28";"02";"2023";"23:30";"3";"13";"13001";"2";"1";"1";"7";"PREMIERE DIV FRANCAISE LIB (AV)";"43,55011000";"5,42881000"
"202300033756";"10";"11";"2023";"08:40";"1";"93";"93064";"1";"1";"1";"1";"AUTOROUTE A86";"48,88087000";"2,47514000"
"202300033757";"1";"02";"2023";"09:47";"1";"02";"02722";"2";"6";"1";"6";"50 Boulevard Condorcet";"49,37726000";"3,31158000"
"202300033758";"14";"04";"2023";"11:25";"1";"08";"08449";"1";"4";"1";"3";"D16/ D20";"49,71379000";"4,50874000"
"202300033759";"21";"05";"2023";"15:48";"1";"01";"01085";"1";"1";"1";"7";"D7";"46,09738500";"4,99277100"
"202300033760";"10";"11";"2023";"15:30";"1";"94";"94073";"1";"1";"2";"2";"A86";"48,75426760";"2,38140831"
"202300033761";"20";"05";"2023";"18:25";"1";"62";"62471";"1";"1";"1";"7";"D341";"50,64779160";"2,22226422"
"202300033762";"13";"04";"2023";"17:51";"1";"68";"68321";"2";"3";"1";"3";"Rue de la République";"47,82841800";"7,25099000"
"202300033763";"1";"03";"2023";"15:00";"1";"75";"75116";"2";"3";"1";"6";"AVENUE DES PORTUGAIS";"48,87128900";"2,29336000"
"202300033764";"9";"11";"2023";"10:55";"1";"75";"75119";"2";"3";"1";"6";"RUE DES ALOUETTES";"48,87880100";"2,38569200"
"202300033765";"7";"04";"2023";"08:50";"1";"06";"06150";"1";"1";"1";"2";"A500, PK 002.012";"43,74144500";"7,38435700"
"202300033766";"9";"11";"2023";"08:30";"1";"75";"75118";"2";"3";"1";"6";"RUE HOUDON";"48,88352000";"2,33880800"
"202300033767";"1";"03";"2023";"04:14";"5";"75";"75104";"2";"3";"1";"2";"RUE DE RIVOLI";"48,85805641";"2,34964192"
"202300033768";"14";"04";"2023";"13:00";"1";"38";"38044";"1";"1";"1";"6";"A48 - PK 051+600";"45,50098975";"5,39953813"
"202300033769";"21";"05";"2023";"18:30";"1";"49";"49355";"1";"1";"1";"1";"D960";"47,09963800";" -0,77622300"
"202300033770";"9";"11";"2023";"22:35";"3";"75";"75117";"2";"1";"8";"3";"BOULEVARD BERTHIER";"48,89245000";"2,30913000"
"202300033771";"2";"03";"2023";"17:45";"1";"75";"75118";"2";"7";"1";"6";"PLACE DE LA CHAPELLE";"48,88478300";"2,35928200"
"202300033772";"13";"04";"2023";"17:00";"1";"38";"38180";"1";"1";"1";"6";"D119 PR 015+500";"45,35570400";"5,29036800"
"202300033773";"9";"11";"2023";"10:00";"1";"75";"75115";"2";"2";"8";"6";"RUE LECOURBE";"48,83685300";"2,28358700"
"202300033774";"8";"11";"2023";"17:55";"5";"75";"75114";"2";"3";"1";"7";"AVENUE DU GENERAL LECLERC";"48,82879000";"2,32781900"
"202300033775";"2";"03";"2023";"18:35";"2";"75";"75117";"2";"3";"1";"3";"AVENUE DE LA PORTE DE CLICHY";"48,89528000";"2,31206300"
"202300033776";"14";"04";"2023";"18:45";"1";"68";"68278";"2";"1";"1";"3";"16 Ruelle de la Gare";"47,74946700";"7,40503200"
"202300033777";"21";"05";"2023";"14:20";"1";"68";"68345";"1";"3";"1";"3";"D208";"48,07616500";"7,48349200"