"Num_Acc";"jour";"mois";"an";"hrmn";"lum";"dep";"com";"agg";"int";"atm";"col";"adr";"lat";"long"
"202300034564";"12";"12";"2023";"14:05";"1";"94";"94042";"2";"2";"3";"6";"Avenue du Général Galliéni";"48,82006064";"2,47950053"
"202300034565";"6";"09";"2023";"05:30";"3";"68";"68096";"1";"6";"1";"7";"D419";"47,60975100";"7,35371600"
"202300034566";"13";"12";"2023";"09:45";"1";"94";"94043";"2";"6";"2";"3";"Avenue de Fontainebleau";"48,80977000";"2,36227000"
"202300034567";"7";"09";"2023";"08:20";"2";"35";"35188";"2";"6";"1";"3";"Boulevard Robert Surcouf";"48,13397100";" -1,94666700"
"202300034568";"7";"09";"2023";"02:00";"3";"03";"03107";"1";"1";"1";"7";"D998";"46,11512600";"3,11366900"
"202300034569";"12";"12";"2023";"18:38";"5";"94";"94074";"2";"3";"1";"2";"Rue Lucien Sampaix";"48,74232231";"2,47500622"
"202300034570";"12";"12";"2023";"08:00";"1";"94";"94016";"2";"1";"1";"6";"Avenue de la Division Leclerc";"48,78762199";"2,33013394"
"202300034571";"7";"09";"2023";"11:54";"1";"15";"15083";"1";"1";"1";"1";"Chemin de Montcamp";"44,98178800";"2,42927100"
"202300034572";"2";"09";"2023";"15:00";"1";"01";"01272";"1";"1";"1";"6";"3373 route des gouttes";"46,13827400";"5,03624400"
"202300034573";"13";"12";"2023";"10:14";"1";"94";"94077";"2";"2";"1";"3";"Avenue Pasteur";"48,73740000";"2,41920000"
"202300034574";"6";"09";"2023";"19:15";"1";"70";"70282";"2";"4";"7";"1";"Chemin de Bellevue";"47,40004700";"5,81083100"
"202300034575";"11";"12";"2023";"09:15";"1";"93";"93070";"2";"5";"1";"6";"Avenue du Capitaine Glarner / Rue Emile Zola";"48,90449200";"2,32868000"
"202300034576";"6";"09";"2023";"14:15";"1";"70";"70441";"1";"4";"1";"7";"Départementale 192";"47,47465000";"5,97945900"
"202300034577";"21";"10";"2023";"19:30";"5";"92";"92078";"2";"9";"2";"3";"ASNIERES (QUAI)";"48,93293460";"2,33572823"
"202300034578";"7";"09";"2023";"12:30";"1";"66";"66001";"1";"1";"1";"6";"N/A";"42,46359179";"2,89738655"
"202300034579";"13";"12";"2023";"19:15";"5";"92";"92012";"2";"9";"1";"3";"GENERAL LECLERC (AVENUE DU) 35/FIN - 60/";"48,83192929";"2,23819010"
"202300034580";"7";"09";"2023";"11:45";"1";"14";"14735";"1";"3";"7";"1";"D40";"49,03400528";" -0,06512133"
"202300034581";"7";"09";"2023";"15:40";"1";"14";"14367";"1";"1";"7";"3";"2 Route d’Isigny";"49,25986500";" -1,05415100"
"202300034582";"13";"12";"2023";"10:20";"1";"92";"92009";"2";"1";"1";"3";"AGENT SARRE ( RUE DE L' )";"48,92652976";"2,27247030"
"202300034583";"7";"09";"2023";"04:00";"3";"18";"18001";"1";"1";"1";"7";"N/A";"47,28393100";"2,47025000"
"202300034584";"13";"12";"2023";"18:50";"5";"92";"92002";"2";"1";"2";"6";"ADOLPHE PAJEAUD (RUE)";"48,74077166";"2,28162825"
"202300034585";"7";"09";"2023";"07:30";"1";"24";"24520";"2";"3";"1";"3";"Rue de la Trappe";"44,88401200";"1,21966200"
"202300034586";"13";"12";"2023";"23:30";"3";"33";"33138";"1";"1";"2";"6";"les Grands Rois";"45,02836590";" -0,06288707"
"202300034587";"7";"09";"2023";"09:50";"1";"48";"48061";"1";"1";"1";"7";"route nationale 106";"44,33858300";"3,58633900"
"202300034588";"5";"09";"2023";"15:45";"1";"973";"97307";"1";"1";"1";"3";"RN1 PK13";"4,90163700";" -52,36351700"
"202300034589";"14";"12";"2023";"12:00";"1";"972";"97229";"2";"4";"1";"1";"Route de la Démarche";"14,63059600";" -61,11345400"
"202300034590";"7";"09";"2023";"10:25";"1";"01";"01063";"1";"1";"1";"6";"A 404 005+400 direction ST MARTIN DU FRENE";"46,17492000";"5,56010100"
"202300034591";"6";"09";"2023";"19:25";"1";"72";"72241";"1";"1";"1";"7";"Autoroute A11, PK 155+000";"48,06213500";"0,39310500"
"202300034592";"14";"12";"2023";"07:10";"3";"63";"63240";"1";"1";"1";"2";"D2009";"46,04309972";"3,21004894"
"202300034593";"6";"09";"2023";"02:15";"3";"21";"21295";"1";"1";"1";"6";"autoroute A31 PK 025+500 sens Beaune-Dijon";"47,21934200";"5,00558100"
"202300034594";"12";"12";"2023";"06:45";"1";"974";"97414";"2";"1";"1";"3";"Avenue du Rond Point du Gol";" -21,28425600";"55,39510500"
"202300034595";"13";"12";"2023";"23:30";"3";"59";"59653";"1";"1";"2";"1";"N41";"50,59390819";"2,93170688"
"202300034596";"6";"09";"2023";"21:44";"3";"28";"28392";"1";"1";"1";"4";"autoroute A10 point kilométrique 063+140 direction PARIS (75)";"48,22010900";"1,84694200"
"202300034597";"6";"09";"2023";"11:13";"1";"28";"28121";"1";"1";"1";"3";"autoroute A10 point kilométrique 073+109 diection PARIS (75)";"48,12890300";"1,85302300"
"202300034598";"13";"12";"2023";"12:00";"1";"56";"56231";"1";"1";"8";"6";"N/A";"47,67919600";" -2,65358700"
"202300034599";"6";"09";"2023";"09:50";"1";"987";"98753";"1";"1";"3";"6";"route traversière Pk 3 sens Mataura / Mahu";" -23,37250400";" -149,46158600"
"202300034600";"3";"09";"2023";"20:30";"3";"986";"98613";"2";"1";"1";"6";"RT1 ";" -13,24190900";" -176,18062000"
"202300034601";"31";"08";"2023";"16:30";"1";"986";"98613";"1";"9";"8";"6";"Utufua ";" -13,34010000";" -176,19581200"
"202300034602";"13";"12";"2023";"18:15";"3";"67";"67508";"1";"1";"8";"7";"D919";"48,98966900";"7,14177300"
"202300034603";"6";"09";"2023";"07:48";"1";"77";"77455";"1";"1";"7";"2";"D619";"48,63419900";"2,72625100"
"202300034604";"7";"09";"2023";"18:45";"1";"95";"95059";"1";"1";"1";"7";"D22E";"49,18549000";"2,06487200"
"202300034605";"14";"12";"2023";"09:20";"1";"76";"76547";"1";"1";"1";"6";"D928";"49,56018227";"1,26216459"
"202300034606";"7";"09";"2023";"04:10";"3";"91";"91600";"1";"1";"1";"6";"N6";"48,67632200";"2,49864000"
"202300034607";"13";"12";"2023";"19:50";"5";"2B";"2B096";"2";"1";"1";"6";"Avenue Jean Nicoli";"42,30720900";"9,15112300"
"202300034608";"5";"09";"2023";"17:20";"1";"78";"78310";"2";"1";"7";"3";"677 Rue des Clos de l'Ecu";"48,78954200";"1,60855800"
"202300034609";"6";"09";"2023";"15:30";"1";"2B";"2B190";"1";"1";"1";"7";"RD 863";"42,52776100";"9,02359500"
"202300034610";"14";"12";"2023";"12:25";"1";"80";"80330";"1";"1";"1";"1";"D53";"49,96797100";"1,79198800"
"202300034611";"7";"09";"2023";"12:10";"1";"2A";"2A041";"2";"1";"1";"2";"D58";"41,39020400";"9,18763900"
"202300034612";"6";"09";"2023";"16:35";"1";"34";"34052";"1";"1";"1";"6";"route departementale 11";"43,32456900";"3,05750400"
"202300034613";"7";"09";"2023";"08:15";"1";"83";"83115";"2";"9";"1";"6";"18 Avenue du 8 Mai 1945";"43,31189200";"6,63263600"
"202300034614";"13";"12";"2023";"11:15";"1";"61";"61230";"2";"1";"2";"6";"RD918";"48,53080800";"0,75280400"
"202300034615";"7";"09";"2023";"19:00";"1";"06";"06078";"1";"1";"1";"5";"D6202";"43,91523600";"7,17398100"
"202300034616";"7";"09";"2023";"09:00";"2";"13";"13081";"2";"1";"7";"6";"Bd du Vallat de la Chapelle";"43,48613600";"5,23068600"
"202300034617";"13";"12";"2023";"15:02";"1";"46";"46240";"1";"8";"1";"3";"D840 PK 61";"44,84118500";"1,65368900"
"202300034618";"14";"12";"2023";"07:15";"5";"29";"29061";"2";"1";"2";"3";"10bis boulevard Gabriel Lippmann";"48,42810800";" -4,45441900"
"202300034619";"6";"09";"2023";"23:00";"3";"57";"57254";"1";"1";"1";"1";"Rue de Novéant";"49,04487300";"6,02389800"
"202300034620";"1";"12";"2023";"07:00";"3";"13";"13036";"1";"3";"2";"3";"Avenue de la Bouvine";"43,84781300";"4,84106000"
"202300034621";"6";"09";"2023";"13:38";"1";"63";"63150";"1";"3";"1";"3";"D455";"45,90138517";"3,07332337"
"202300034622";"13";"12";"2023";"18:40";"5";"02";"02608";"2";"1";"2";"6";"les épinettes";"49,83827000";"4,06225900"
"202300034623";"7";"09";"2023";"08:45";"1";"42";"42204";"2";"1";"1";"3";"Boulevard du Haut Forez";"45,42409900";"4,06326200"
"202300034624";"5";"09";"2023";"09:30";"1";"38";"38158";"2";"1";"1";"1";"5 Avenue Raymond Chanas";"45,15611900";"5,73910200"
"202300034625";"13";"12";"2023";"17:30";"3";"01";"01056";"1";"1";"2";"1";"D12";"46,04556900";"5,46547800"
"202300034626";"6";"09";"2023";"14:45";"1";"17";"17283";"2";"1";"1";"6";"Rue Adolphe Thiers";"45,57922200";" -0,54450500"
"202300034627";"1";"09";"2023";"18:30";"1";"33";"33080";"1";"1";"1";"6";"3700 Avenue de Toulouse";"44,72997500";" -0,53141300"
"202300034628";"29";"08";"2023";"12:19";"1";"33";"33422";"1";"1";"1";"1";"D213";"44,81787318";" -0,85314900"
"202300034629";"9";"12";"2023";"22:30";"3";"01";"01283";"1";"1";"3";"2";"D106A";"46,28765900";"5,65136100"
"202300034630";"7";"09";"2023";"08:30";"1";"50";"50492";"1";"1";"7";"6";"Intersection D11 D213";"49,09544900";" -0,90017100"
"202300034631";"14";"12";"2023";"17:30";"3";"50";"50074";"1";"1";"2";"6";"le vieux bourg";"48,71695600";" -1,17152200"
"202300034632";"5";"09";"2023";"17:56";"1";"22";"22223";"1";"1";"1";"5";"L'Isle";"48,59240200";" -3,17615400"
"202300034633";"7";"09";"2023";"08:35";"1";"22";"22136";"2";"1";"1";"2";"Boulevard de Penthievre";"48,18797800";" -2,75625400"
"202300034634";"6";"09";"2023";"17:20";"1";"59";"59249";"1";"1";"1";"6";"D83";"50,02099700";"4,07863100"
"202300034635";"14";"12";"2023";"10:30";"1";"45";"45167";"1";"2";"1";"3";"D3 PR 3 + 425";"47,86223800";"1,69979800"
"202300034636";"14";"12";"2023";"09:30";"1";"07";"07317";"1";"1";"2";"6";"Route de Sarras";"45,21566400";"4,79115500"
"202300034637";"29";"06";"2023";"13:50";"1";"13";"13212";"1";"1";"1";"3";"A507 sens Aubagne- Marseille";"43,30339800";"5,42534100"
"202300034638";"6";"09";"2023";"07:10";"1";"83";"83137";"1";"1";"1";"3";"A57";"43,13170000";"5,98060000"
"202300034639";"14";"12";"2023";"12:55";"1";"07";"07238";"1";"3";"1";"3";"D104a";"44,43717700";"4,19512000"
"202300034640";"5";"09";"2023";"07:55";"1";"83";"83137";"1";"1";"1";"3";"A50";"43,12679027";"5,91170232"
"202300034641";"5";"09";"2023";"08:50";"1";"59";"59359";"1";"1";"1";"2";"AUTOROUTE A16";"50,98179000";"2,22668000"
"202300034642";"14";"12";"2023";"07:55";"2";"85";"85234";"1";"1";"1";"5";"RD753";"46,80110200";" -2,03599500"
"202300034643";"29";"08";"2023";"09:15";"1";"59";"59328";"1";"1";"1";"2";"ROUTE DEPARTEMENTALE 652";"50,65927000";"3,01890000"
"202300034644";"12";"12";"2023";"17:40";"5";"27";"27102";"2";"1";"2";"6";"Route de Routot";"49,36096000";"0,78145600"
"202300034645";"10";"08";"2023";"11:55";"1";"59";"59202";"1";"1";"1";"2";"AUTOROUTE A25";"50,67778000";"2,85683000"
"202300034646";"6";"09";"2023";"18:35";"1";"91";"91174";"1";"1";"1";"3";"RN 104";"48,61039000";"2,44499000"
"202300034647";"6";"09";"2023";"16:45";"1";"91";"91553";"1";"1";"1";"3";"RN 104";"48,62802000";"2,48016000"
"202300034648";"13";"12";"2023";"22:35";"4";"987";"98729";"1";"9";"3";"3";"pk 1,200 à Teavaro";" -17,57700000";" -150,20200000"
"202300034649";"6";"09";"2023";"15:50";"1";"92";"92019";"1";"1";"1";"2";"RN 385 INT";"48,76656760";"2,24478607"
"202300034650";"5";"09";"2023";"23:40";"3";"91";"91692";"1";"1";"1";"7";"RN 118";"48,68487000";"2,18938000"
"202300034651";"13";"12";"2023";"04:45";"5";"974";"97415";"2";"6";"1";"6";"N1a";" -21,06107900";"55,22347000"
"202300034652";"5";"09";"2023";"08:40";"1";"92";"92047";"1";"1";"1";"3";"A13";"48,83231571";"2,15438418"
"202300034653";"11";"12";"2023";"01:20";"3";"974";"97415";"1";"1";"1";"1";"N1a";" -21,02222100";"55,23225200"
"202300034654";"5";"09";"2023";"06:50";"2";"92";"92064";"1";"1";"1";"4";"A13";"48,83736624";"2,18864663"
"202300034655";"13";"12";"2023";"03:00";"5";"973";"97308";"2";"1";"1";"7";"Rue Pierre Céron";"3,88789300";" -51,80270700"
"202300034656";"6";"09";"2023";"06:15";"2";"95";"95018";"1";"1";"1";"2";"A15";"48,95759000";"2,27568000"
"202300034657";"13";"12";"2023";"21:24";"5";"95";"95370";"2";"1";"1";"3";"REPUBLIQUE (BOULEVARD DE LA)";"49,13934056";"1,98479176"
"202300034658";"5";"09";"2023";"08:20";"1";"93";"93005";"1";"1";"1";"3";"AUTOROUTE A1";"48,95707000";"2,46129000"
"202300034659";"5";"09";"2023";"08:05";"1";"93";"93027";"1";"1";"1";"3";"AUTOROUTE A86";"48,92396263";"2,38567719"
"202300034660";"14";"12";"2023";"18:17";"3";"30";"30258";"1";"1";"1";"1";"D6572";"43,67122400";"4,40502400"
"202300034661";"4";"09";"2023";"19:50";"1";"54";"54257";"2";"1";"7";"2";"Route de Fleville";"48,65103791";"6,20799422"
"202300034662";"8";"12";"2023";"17:39";"5";"34";"34057";"2";"1";"1";"1";"Avenue Marcel Dassault";"43,62374700";"3,91587000"
"202300034663";"9";"03";"2023";"09:15";"1";"19";"19272";"2";"1";"1";"2";"Dr Valette (Rue)";"45,25416107";"1,75927269"
"202300034664";"18";"06";"2023";"21:10";"2";"93";"93005";"2";"6";"2";"2";"Boulevard André Citroën";"48,96030000";"2,48815000"
"202300034665";"13";"12";"2023";"12:45";"1";"83";"83119";"2";"1";"1";"6";"avenue général leclerc";"43,26947200";"6,63612300"
"202300034666";"10";"06";"2023";"19:55";"1";"93";"93005";"2";"2";"1";"5";"Rue Jean Charcot / Avenue Gaston Chauvin";"48,93319851";"2,48961278"
"202300034667";"2";"04";"2023";"16:35";"1";"32";"32285";"1";"1";"3";"6";"lieu-dit Liebra";"43,60755600";"0,33778700"
"202300034668";"14";"12";"2023";"16:00";"1";"06";"06078";"1";"1";"1";"3";"Malaussène";"43,93052400";"7,11096500"
"202300034669";"28";"04";"2023";"15:30";"1";"32";"32258";"1";"1";"1";"6";"Lieu dit la bourdette";"43,74687100";"0,67414600"
"202300034670";"5";"09";"2023";"16:25";"1";"988";"98818";"2";"3";"1";"6";"RUE PAUL BOUTONNET/RUE BLAISE PASCAL";" -22,29652000";"166,44321000"
"202300034671";"14";"12";"2023";"16:30";"1";"06";"06157";"1";"1";"1";"1";"2289 Route de Saint-Jeannet";"43,73894100";"7,13107100"
"202300034672";"5";"09";"2023";"07:10";"1";"974";"97416";"2";"6";"7";"1";"BASSIN PLAT(CHEMIN)";" -21,32527700";"55,48628000"
"202300034673";"5";"09";"2023";"20:30";"5";"973";"97302";"1";"1";"1";"3";"ROUTE NATIONALE 1";"4,90482000";" -52,32341000"
"202300034674";"14";"12";"2023";"15:30";"1";"52";"52102";"2";"1";"7";"6";"220 Rue Pierre Durand";"47,89351000";"5,34660800"
"202300034675";"5";"09";"2023";"17:05";"1";"973";"97302";"2";"2";"1";"3";"DIGUE RONJON";"4,93334000";" -52,33170000"
"202300034676";"5";"09";"2023";"22:20";"5";"69";"69383";"2";"2";"1";"3";"Rue André Philip";"45,75279000";"4,85209000"
"202300034677";"24";"11";"2023";"10:50";"1";"69";"69094";"2";"1";"1";"6";"55 Route de Bordeaux";"45,73899300";"4,68855300"
"202300034678";"5";"09";"2023";"18:20";"1";"69";"69383";"2";"4";"1";"3";"Rue Villeroy";"45,75601000";"4,84654000"
"202300034679";"4";"09";"2023";"12:05";"1";"972";"97213";"1";"1";"1";"7";"ACAJOU PROLONGEE";"14,63326000";" -61,02224000"
"202300034680";"5";"09";"2023";"13:40";"1";"972";"97209";"1";"1";"1";"7";"BALATA (ROUTE DE)";"14,69478000";" -61,08851000"
"202300034681";"5";"09";"2023";"15:30";"1";"69";"69081";"1";"1";"1";"2";"Route de Métropole 6                                ";"45,78682000";"4,78554000"
"202300034682";"13";"12";"2023";"19:15";"5";"17";"17185";"2";"9";"1";"3";"Rue Champlain";"45,73254400";" -0,95730200"
"202300034683";"4";"09";"2023";"16:35";"1";"69";"69034";"2";"3";"1";"6";"Rue Jamen Grand";"45,79544556";"4,84123131"
"202300034684";"14";"12";"2023";"03:20";"3";"16";"16146";"1";"1";"1";"6";"Rue de la Croix Blanche";"45,63095000";"0,27053800"
"202300034685";"6";"09";"2023";"01:20";"5";"2A";"2A004";"2";"1";"1";"6";"BONAPARTE CHARLES  BD";"41,92000000";"8,74000000"
"202300034686";"14";"12";"2023";"18:07";"5";"60";"60612";"2";"3";"1";"3";"Avenue du Général de Gaulle";"49,20833300";"2,59936100"
"202300034687";"5";"09";"2023";"08:00";"1";"95";"95280";"2";"6";"1";"3";"JACQUES ANQUETIL (AVENUE)";"49,02288000";"2,45772000"
"202300034688";"13";"12";"2023";"08:20";"3";"60";"60360";"1";"1";"2";"1";"D62";"49,33303700";"2,45458600"
"202300034689";"12";"12";"2023";"08:55";"1";"83";"83144";"1";"1";"8";"7";"A57";"43,14176207";"6,00499817"
"202300034690";"5";"09";"2023";"19:00";"1";"91";"91377";"2";"9";"1";"3";"AV SAINT MARC";"48,73372900";"2,28593900"
"202300034691";"5";"09";"2023";"08:30";"1";"91";"91161";"2";"1";"1";"6";"RUE SEVERINE";"48,69707700";"2,30633400"
"202300034692";"12";"12";"2023";"19:45";"3";"54";"54265";"1";"1";"2";"6";"A 33";"48,63957058";"6,17085438"
"202300034693";"4";"09";"2023";"17:35";"1";"88";"88383";"2";"1";"7";"6";"RUE GEORGES LANG";"48,01312109";"6,59442008"
"202300034694";"12";"12";"2023";"13:32";"1";"33";"33063";"1";"1";"2";"6";"ROCADE A 630";"44,88523000";" -0,56193000"
"202300034695";"4";"09";"2023";"12:00";"1";"85";"85194";"2";"3";"1";"1";"intersection avenue du pas du bois- rue jean de la bruyère";"46,49761000";" -1,74136000"
"202300034696";"5";"09";"2023";"20:45";"5";"77";"77409";"2";"1";"1";"6";"CD 403";"48,40230000";"2,98660000"
"202300034697";"5";"09";"2023";"19:10";"1";"77";"77251";"2";"1";"1";"6";"ALL DU TRAIT D'UNION";"48,61949400";"2,54373200"
"202300034698";"13";"12";"2023";"19:05";"3";"91";"91363";"1";"1";"2";"2";"RN 104";"48,64087000";"2,19967000"
"202300034699";"5";"09";"2023";"17:10";"1";"77";"77407";"2";"3";"1";"1";"GRANDE(RUE )";"48,52875000";"2,51684000"
"202300034700";"5";"09";"2023";"15:10";"1";"77";"77284";"2";"1";"1";"3";"JOFFRE (AV.DU ML.)";"48,96296000";"2,89774000"
"202300034701";"13";"12";"2023";"18:30";"3";"91";"91521";"1";"1";"2";"4";"AUTOROUTE A6";"48,63786000";"2,39712000"
"202300034702";"5";"09";"2023";"09:00";"1";"77";"77199";"1";"1";"1";"7";"CD 228A";"48,93967000";"2,92382000"
"202300034703";"13";"12";"2023";"09:55";"1";"92";"92012";"1";"1";"8";"6";"A13";"48,84862148";"2,22831510"
"202300034704";"5";"09";"2023";"11:56";"1";"77";"77438";"2";"2";"1";"1";"SAINT GERMAIN DES NOYERS  (AVENUE)";"48,86307000";"2,67504000"
"202300034705";"5";"09";"2023";"15:20";"1";"77";"77186";"1";"1";"1";"2";"RD607 de Barbizon à pavé du roi";"48,36510000";"2,69160000"
"202300034706";"12";"12";"2023";"11:00";"1";"92";"92064";"1";"1";"1";"4";"A13";"48,83953087";"2,19743855"
"202300034707";"6";"09";"2023";"02:00";"4";"76";"76540";"2";"2";"1";"3";"Rue des Augustins";"49,43793000";"1,09779000"
"202300034708";"13";"12";"2023";"03:20";"3";"93";"93006";"1";"1";"8";"6";"AUTOROUTE A3";"48,86633000";"2,42288000"
"202300034709";"13";"12";"2023";"18:45";"5";"77";"77258";"1";"1";"2";"6";"A4.W";"48,83120837";"2,63960212"
"202300034710";"5";"09";"2023";"08:40";"1";"76";"76728";"1";"1";"1";"4";"A150";"49,47799000";"1,01662000"
"202300034711";"4";"09";"2023";"16:39";"1";"76";"76351";"2";"3";"1";"3";"PONT VII (ROUTE DU)";"49,49394000";"0,18016000"
"202300034712";"5";"09";"2023";"12:30";"1";"74";"74012";"2";"3";"1";"3";"ARVE (QUAI D')";"46,18531000";"6,22599000"
"202300034713";"31";"08";"2023";"11:40";"1";"73";"73008";"2";"1";"1";"6";"VICTORIA AVENUE";"45,68999873";"5,91280991"
"202300034714";"1";"09";"2023";"17:50";"1";"39";"39285";"1";"1";"1";"2";"N/A";"47,16585800";"5,63803600"
"202300034715";"14";"10";"2023";"19:45";"3";"14";"14207";"2";"1";"1";"6";"16 Route de Caen";"49,00042200";" -0,43987700"
"202300034716";"26";"08";"2023";"09:25";"1";"73";"73008";"2";"6";"1";"6";"Rue Georges 1er";"45,68756135";"5,91650249"
"202300034717";"4";"09";"2023";"11:00";"1";"72";"72181";"2";"9";"1";"3";"PREAU (RUE DE)";"47,98800000";"0,20700000"
"202300034718";"11";"10";"2023";"07:50";"1";"84";"84007";"2";"1";"1";"3";"VAN GOGH (rue VINCENT)";"43,94303000";"4,84267000"
"202300034719";"3";"09";"2023";"18:35";"1";"67";"67447";"2";"3";"1";"3";"CHATEAU D ANGLETERRE (RUE DU)";"48,62148925";"7,77063847"
"202300034720";"10";"10";"2023";"14:24";"1";"84";"84007";"2";"1";"1";"3";"SAINT ROCH (Boulevard)";"43,94237000";"4,80749000"
"202300034721";"4";"09";"2023";"11:38";"1";"66";"66136";"2";"1";"1";"6";"N/A";"42,68398000";"2,88530000"
"202300034722";"3";"09";"2023";"13:10";"1";"66";"66136";"2";"1";"1";"2";"N/A";"42,69737000";"2,90400000"
"202300034723";"8";"10";"2023";"02:52";"5";"84";"84007";"2";"2";"1";"2";"PIERRE SEMARD (avenue)";"43,93399000";"4,83201000"
"202300034724";"2";"09";"2023";"18:22";"1";"66";"66136";"2";"6";"1";"3";"N/A";"42,68104000";"2,89397000"
"202300034725";"5";"09";"2023";"20:25";"1";"64";"64249";"2";"1";"1";"3";"GETARIA(AVENUE)";"43,42496000";" -1,60424000"
"202300034726";"5";"09";"2023";"16:40";"1";"64";"64122";"1";"2";"1";"3";"GABRIELLE DORZIAT (ALLEE)";"43,45940000";" -1,56702000"
"202300034727";"5";"09";"2023";"10:20";"1";"64";"64125";"2";"3";"1";"3";"BIARRITZ (AVENUE DE)";"43,45415000";" -1,57363000"
"202300034728";"5";"09";"2023";"10:10";"1";"64";"64102";"2";"1";"1";"2";"MAI 1945 (AVENUE DU 8)";"43,47416000";" -1,48537000"
"202300034729";"4";"09";"2023";"15:20";"1";"64";"64024";"2";"6";"1";"2";"BAHINOS (ROND POINT DE)";"43,49397000";" -1,51829000"
"202300034730";"10";"10";"2023";"08:40";"1";"71";"71153";"2";"2";"7";"3";"MARS 1962  (RUE DU 19)";"46,80879800";"4,43465900"
"202300034731";"5";"09";"2023";"15:46";"1";"63";"63113";"2";"1";"1";"6";"BLATIN (RUE)";"45,77704068";"3,08122516"
"202300034732";"11";"10";"2023";"10:40";"1";"41";"41018";"1";"1";"1";"6";"CURIE (RUE PIERRE ET MARIE)";"47,59519000";"1,31794000"
"202300034733";"4";"09";"2023";"16:35";"1";"62";"62033";"2";"1";"1";"2";"D917";"50,46051937";"2,89213228"
"202300034734";"4";"09";"2023";"15:05";"1";"62";"62498";"2";"2";"1";"6";"Rue du Lyonnais";"50,44192674";"2,79521817"
"202300034735";"5";"09";"2023";"15:30";"1";"62";"62041";"2";"9";"1";"3";"Route de Bapaume";"50,27640000";"2,78260000"
"202300034736";"10";"10";"2023";"17:10";"1";"35";"35051";"2";"6";"1";"3";"MOTTES (RUE DES GRANDES)";"48,12478551";" -1,61260039"
"202300034737";"5";"09";"2023";"12:36";"1";"60";"60057";"2";"9";"1";"4";"Avenue Marcel Dassault";"49,44516000";"2,09350000"
"202300034738";"11";"10";"2023";"09:15";"1";"25";"25462";"2";"3";"1";"6";"GRENIER DOCTEUR";"46,90159000";"6,35057000"
"202300034739";"5";"09";"2023";"14:45";"1";"59";"59346";"2";"6";"7";"3";"CHANZY RUE";"50,61181000";"3,12346000"
"202300034740";"11";"10";"2023";"14:45";"1";"25";"25388";"2";"1";"1";"6";"DE LATTRE DE TASSIGNY (AVENUE DU MARECHA";"47,51146000";"6,79616000"
"202300034741";"4";"09";"2023";"09:50";"1";"57";"57591";"1";"1";"1";"7";"CD181";"49,23997000";"6,10760000"
"202300034742";"5";"09";"2023";"02:30";"3";"56";"56121";"2";"1";"1";"6";"APPERT (RUE  NICOLAS )";"47,74639000";" -3,39082300"
"202300034743";"1";"08";"2023";"14:15";"1";"71";"71263";"1";"3";"1";"3";"Route de Lusigny";"46,62597400";"5,16607400"
"202300034744";"5";"09";"2023";"18:15";"1";"54";"54273";"2";"1";"1";"6";"Rue Clément Humbert";"49,15993000";"5,88310000"
"202300034745";"19";"08";"2023";"13:15";"1";"06";"06105";"1";"1";"1";"1";"D2085";"43,65820100";"7,07411200"
"202300034746";"3";"09";"2023";"20:09";"1";"52";"52121";"1";"1";"1";"1";"RD 200";"48,13079000";"5,13275000"
"202300034747";"12";"12";"2023";"12:20";"1";"976";"97611";"2";"1";"1";"6";"cavani-Rond point du Stade";" -12,78431000";"45,22300000"
"202300034748";"4";"09";"2023";"21:05";"5";"51";"51454";"2";"2";"1";"3";"WILSON (BOULEVARD DU PRESIDENT) COTE PAI";"49,23489000";"4,02827000"
"202300034749";"4";"09";"2023";"19:15";"1";"51";"51454";"2";"1";"1";"6";"LAON (AVENUE) DU N°343 AU 469 ET DU N° 3";"49,28076000";"4,01308000"
"202300034750";"12";"12";"2023";"07:15";"1";"974";"97416";"1";"1";"1";"4";"RN1 (ROUTE NATIONALE)";" -21,31135000";"55,43575000"
"202300034751";"4";"09";"2023";"20:50";"2";"49";"49099";"1";"1";"1";"6";"GODINIERE (BOULEVARD DE LA)";"47,07245700";" -0,92255400"
"202300034752";"4";"09";"2023";"16:08";"1";"49";"49007";"2";"1";"7";"6";"PASTEUR AVENUE";"47,47649000";" -0,53304000"
"202300034753";"11";"12";"2023";"15:35";"1";"973";"97302";"2";"1";"1";"5";"CABASSOU (ROUTE DE)";"4,91174000";" -52,30813000"
"202300034754";"10";"12";"2023";"22:30";"5";"973";"97302";"1";"1";"1";"7";"ROUTE NATIONALE 1";"4,92274309";" -52,32967615"
"202300034755";"5";"09";"2023";"20:40";"2";"47";"47001";"2";"2";"1";"5";"LUXEMBOURG (AV. MAURICE)";"44,19934000";"0,62167000"
"202300034756";"12";"12";"2023";"22:52";"5";"69";"69383";"2";"1";"1";"6";"Rue de la Villette";"45,76152076";"4,86173222"
"202300034757";"5";"09";"2023";"12:05";"1";"45";"45234";"2";"1";"1";"3";"Avenue Roger Secrétain";"47,88555000";"1,89707000"
"202300034758";"12";"12";"2023";"17:40";"5";"972";"97209";"2";"1";"2";"3";"BEAUSEJOUR JAMBETTE (ROUTE)";"14,64355000";" -61,04386000"
"202300034759";"5";"09";"2023";"12:20";"1";"43";"43157";"2";"1";"1";"5";"Place du Breuil";"45,04199000";"3,88435000"
"202300034760";"12";"12";"2023";"20:00";"5";"69";"69381";"2";"1";"2";"3";"Rue Thimonnier";"45,76755464";"4,82907903"