"Num_Acc";"jour";"mois";"an";"hrmn";"lum";"dep";"com";"agg";"int";"atm";"col";"adr";"lat";"long"
"202300035153";"17";"01";"2023";"06:00";"5";"75";"75118";"2";"7";"1";"6";"ECHANGEUR AUBERVILLIERS";"48,90094134";"2,37030566"
"202300035154";"16";"01";"2023";"11:46";"1";"75";"75117";"2";"2";"3";"6";"RUE DES BATIGNOLLES";"48,88403500";"2,32245400"
"202300035155";"17";"01";"2023";"16:00";"1";"75";"75116";"2";"1";"2";"2";"ALLEE DU BORD DE L EAU";"48,86794500";"2,23427000"
"202300035156";"16";"01";"2023";"08:45";"1";"75";"75116";"2";"3";"2";"7";"AVENUE D IENA";"48,87166156";"2,29539424"
"202300035157";"17";"01";"2023";"08:03";"2";"75";"75115";"2";"4";"8";"6";"RUE JACQUES BAUDRY";"48,82998398";"2,30559736"
"202300035158";"16";"01";"2023";"19:45";"5";"75";"75115";"2";"2";"2";"7";"RUE OLIVIER DE SERRES";"48,83614800";"2,29724700"
"202300035159";"16";"01";"2023";"19:15";"5";"75";"75114";"2";"7";"2";"6";"PLACE DU VINGT CINQ AOUT 1944";"48,82208100";"2,32543800"
"202300035160";"16";"01";"2023";"17:54";"2";"75";"75110";"2";"2";"2";"7";"BOULEVARD DE MAGENTA";"48,87633534";"2,35598266"
"202300035161";"17";"01";"2023";"13:45";"1";"75";"75108";"2";"3";"1";"2";"RUE DE LIEGE";"48,87933800";"2,32551000"
"202300035162";"17";"01";"2023";"11:00";"1";"75";"75108";"2";"2";"1";"6";"AVENUE DE FRIEDLAND";"48,87399900";"2,29731200"
"202300035163";"17";"01";"2023";"17:05";"5";"75";"75103";"2";"3";"8";"3";"BOULEVARD BEAUMARCHAIS";"48,85759900";"2,36803400"
"202300035164";"17";"01";"2023";"14:15";"1";"94";"94081";"2";"1";"2";"2";"10 Rue de Choisy";"48,78159492";"2,40273088"
"202300035165";"16";"01";"2023";"09:10";"1";"94";"94078";"2";"1";"3";"2";"Av de l’Appel du 18 Juin 1940";"48,75700759";"2,44380677"
"202300035166";"17";"01";"2023";"19:25";"5";"94";"94016";"2";"3";"1";"2";"Avenue de la Division Leclerc /  Rue Marc Sangnier";"48,78607000";"2,32914000"
"202300035167";"17";"01";"2023";"18:05";"3";"94";"94038";"2";"2";"2";"3";"Bd Paul Vaillant Couturier / Rue des Tournelles";"48,77628100";"2,33996500"
"202300035168";"17";"01";"2023";"18:55";"2";"93";"93059";"2";"2";"1";"6";"Avenue Emile Zola / Rue Toussaint Louverture";"48,94972226";"2,36533231"
"202300035169";"17";"01";"2023";"08:25";"2";"93";"93064";"2";"2";"1";"6";"Avenue Jean Jaurès / Rue du Général Leclerc";"48,87103000";"2,48657000"
"202300035170";"17";"01";"2023";"12:00";"1";"93";"93005";"2";"1";"1";"2";"Boulevard de Strasbourg";"48,92392916";"2,48616904"
"202300035171";"17";"01";"2023";"19:45";"5";"92";"92046";"2";"1";"8";"3";"PIERRE LAROUSSE (AVENUE)";"48,82134756";"2,30450624"
"202300035172";"17";"01";"2023";"19:35";"5";"92";"92044";"2";"2";"1";"3";"ERNEST COGNACQ(RUE)";"48,89561700";"2,27754200"
"202300035173";"17";"01";"2023";"07:00";"5";"92";"92036";"2";"1";"1";"1";"LOUIS ROCHE (AVENUE) (153/203)";"48,93105100";"2,30662200"
"202300035174";"17";"01";"2023";"15:30";"1";"92";"92007";"2";"1";"8";"3";"PASTEUR (AVENUE LOUIS) N° 1 A 39 ET 2 A";"48,80036000";"2,31815000"
"202300035175";"17";"01";"2023";"12:53";"1";"92";"92009";"2";"2";"1";"3";"ADOLPHE GUYOT ( RUE )";"48,91790071";"2,27911323"
"202300035176";"16";"01";"2023";"07:00";"5";"92";"92009";"2";"1";"1";"6";"ARGENTEUIL ( AVENUE D' )";"48,92328856";"2,27588037"
"202300035177";"16";"01";"2023";"11:15";"2";"92";"92004";"2";"1";"1";"3";"VOLTAIRE ( BD )";"48,91650400";"2,28930900"
"202300035178";"14";"01";"2023";"02:35";"5";"92";"92004";"2";"1";"2";"3";"DOCTEUR DERVAUX  ( QUAI DU )";"48,90845000";"2,29295000"
"202300035179";"16";"01";"2023";"18:10";"5";"92";"92014";"2";"1";"1";"6";"HUIT MAI 1945 (RUE DU)";"48,78275000";"2,31586000"
"202300035180";"15";"01";"2023";"16:55";"1";"29";"29236";"1";"1";"2";"6";"Kernézet";"47,88696304";" -3,71466186"
"202300035181";"17";"01";"2023";"06:30";"5";"37";"37226";"2";"6";"2";"2";"D910";"47,10181200";"0,61238100"
"202300035182";"17";"01";"2023";"04:30";"3";"90";"90015";"1";"1";"9";"7";"A36 pk 039.200 sens Mulhouse/Beaune";"47,58945800";"6,85728200"
"202300035183";"16";"01";"2023";"10:46";"1";"69";"69175";"1";"1";"2";"6";"Route Départementale 389";"45,79077641";"4,58551613"
"202300035184";"16";"01";"2023";"19:00";"5";"13";"13081";"1";"1";"1";"2";"A7-Sens Marseille vers Lyon";"43,48881066";"5,24058515"
"202300035185";"17";"01";"2023";"10:50";"1";"13";"13215";"1";"1";"1";"6";"A507 sens Aubagne- Marseille";"43,34402544";"5,37531776"
"202300035186";"17";"01";"2023";"08:00";"2";"13";"13071";"1";"1";"2";"2";"A7-Sens Marseille vers Lyon";"43,40642663";"5,29197251"
"202300035187";"17";"01";"2023";"08:10";"1";"13";"13202";"1";"1";"2";"7";"A55-Sens Martigues vers Marseille";"43,31276100";"5,36810800"
"202300035188";"17";"01";"2023";"07:00";"3";"13";"13071";"1";"1";"2";"4";"A7-Sens Marseille vers Lyon";"43,40642454";"5,29149727"
"202300035189";"17";"01";"2023";"08:20";"1";"33";"33487";"1";"1";"2";"4";"AUTOROUTE A10";"44,93921900";" -0,46673400"
"202300035190";"16";"01";"2023";"18:15";"4";"33";"33119";"1";"1";"2";"4";"ROUTE NATIONALE 230";"44,85166800";" -0,50471500"
"202300035191";"17";"01";"2023";"08:00";"3";"94";"94034";"1";"1";"1";"3";"A86";"48,76170971";"2,31572551"
"202300035192";"16";"01";"2023";"09:00";"1";"78";"78640";"1";"1";"2";"5";"A86 INT";"48,77805600";"2,21341600"
"202300035193";"17";"01";"2023";"08:25";"2";"95";"95018";"1";"1";"1";"5";"A15";"48,96133067";"2,26860430"
"202300035194";"16";"01";"2023";"14:30";"1";"93";"93027";"1";"1";"2";"7";"BDL";"48,93503675";"2,40334511"
"202300035195";"16";"01";"2023";"16:15";"1";"93";"93066";"1";"1";"8";"6";"AUTOROUTE A1";"48,91529000";"2,35797000"
"202300035196";"15";"01";"2023";"03:20";"3";"95";"95582";"1";"1";"3";"2";"A115";"48,98062982";"2,24094110"
"202300035197";"16";"01";"2023";"08:30";"1";"77";"77053";"1";"1";"3";"5";"RN104";"48,69276200";"2,59524600"
"202300035198";"14";"01";"2023";"20:45";"5";"988";"98818";"2";"1";"1";"1";"PROMENADE ROGER LAROQUE";" -22,30267000";"166,44393000"
"202300035199";"15";"01";"2023";"12:43";"1";"976";"97611";"2";"9";"1";"5";"tsoundzou-Kadjifouni ( rue )";" -12,80621000";"45,20859000"
"202300035200";"15";"01";"2023";"15:15";"1";"974";"97416";"2";"1";"1";"3";"COLARDEAU (CHEMIN FERNAND)";" -21,33770000";"55,46401000"
"202300035201";"15";"01";"2023";"15:25";"1";"973";"97302";"2";"1";"1";"7";"BADUEL (ROUTE DE)";"4,92859000";" -52,29398000"
"202300035202";"14";"01";"2023";"12:25";"1";"972";"97209";"2";"2";"1";"3";"GENERAL DE GAULLE (BLD DU)";"14,60769000";" -61,06960000"
"202300035203";"14";"01";"2023";"12:00";"1";"972";"97209";"1";"6";"1";"3";"REDOUTE (ROUTE DE LA)";"14,61505000";" -61,06191000"
"202300035204";"15";"01";"2023";"14:40";"1";"91";"91377";"2";"1";"1";"6";"RTE DE PALAISEAU";"48,72805400";"2,24538000"
"202300035205";"15";"01";"2023";"14:15";"1";"91";"91657";"2";"1";"1";"6";"AV DE LA CONCORDE";"48,70607000";"2,41846000"
"202300035206";"15";"01";"2023";"08:35";"2";"88";"88415";"2";"1";"3";"3";"Grande Rue";"48,02147000";"6,60695000"
"202300035207";"15";"01";"2023";"17:50";"2";"85";"85194";"2";"1";"2";"1";"6 Rue du 8 mai 1945";"46,53696000";" -1,77240000"
"202300035208";"15";"01";"2023";"19:40";"5";"82";"82033";"2";"3";"1";"3";"L'USINE (RUE DE)";"44,04962000";"1,10872000"
"202300035209";"15";"01";"2023";"09:30";"1";"76";"76391";"1";"4";"8";"6";"Rue de Rouen";"49,30772667";"0,98001966"
"202300035210";"15";"01";"2023";"19:50";"3";"74";"74281";"1";"1";"1";"5";"DRANSE (AVENUE DE LA)";"46,36502000";"6,50845000"
"202300035211";"15";"01";"2023";"13:15";"1";"69";"69264";"2";"1";"1";"3";"Rue Ernest Renan";"45,99384000";"4,70729000"
"202300035212";"15";"01";"2023";"01:10";"3";"60";"60175";"1";"4";"2";"6";"SORTIE RN 16 ACCES ROUTE DE CHANTI";"49,24724678";"2,47665095"
"202300035213";"15";"01";"2023";"20:10";"5";"59";"59410";"2";"2";"2";"3";"ACACIAS AVENUE DES";"50,64200000";"3,10400000"
"202300035214";"15";"01";"2023";"11:00";"1";"59";"59350";"2";"3";"7";"3";"LOUIS XIV BOULEVARD";"50,62883000";"3,07362000"
"202300035215";"14";"01";"2023";"04:05";"5";"59";"59350";"1";"2";"1";"6";"SOLFERINO RUE N°1 - 159";"50,63023000";"3,05668000"
"202300035216";"14";"01";"2023";"17:50";"5";"54";"54528";"2";"9";"3";"6";"Avenue du General Bigeard";"48,67017900";"5,89025100"
"202300035217";"14";"01";"2023";"19:55";"5";"54";"54528";"2";"1";"2";"6";"Rue Albert Denis";"48,66680000";"5,88228000"
"202300035218";"15";"01";"2023";"13:40";"1";"54";"54482";"2";"1";"1";"6";"Rue Alexandre 1er";"48,70057483";"6,20258152"
"202300035219";"15";"01";"2023";"21:20";"3";"54";"54323";"1";"1";"2";"6";"52 (ROUTE NATIONALE)";"49,52601000";"5,75416000"
"202300035220";"15";"01";"2023";"06:45";"5";"48";"48095";"2";"4";"2";"6";"FLEURS (RUE DES)";"44,52482000";"3,50356000"
"202300035221";"13";"01";"2023";"17:00";"2";"35";"35115";"2";"1";"8";"6";"FORET (RUE DE LA)";"48,35877867";" -1,19304389"
"202300035222";"15";"01";"2023";"06:45";"5";"34";"34172";"2";"7";"1";"7";"210 Rue Mathieu Laurens";"43,60525000";"3,89210000"
"202300035223";"15";"01";"2023";"02:40";"5";"34";"34172";"2";"3";"1";"2";"679 Avenue des Prés d'Arènes";"43,59154000";"3,88221000"
"202300035224";"15";"01";"2023";"16:10";"1";"30";"30007";"2";"3";"1";"3";"ARAGO (RUE)";"44,12765000";"4,07315000"
"202300035225";"16";"01";"2023";"00:40";"5";"27";"27229";"2";"6";"3";"7";"SAINT ANDRE (ROUTE DE)";"49,00966000";"1,16658000"
"202300035226";"14";"01";"2023";"18:30";"5";"13";"13210";"2";"1";"1";"6";"SAINT LOUP (BOULEVARD DE)";"43,28221035";"5,43001520"
"202300035227";"14";"01";"2023";"21:45";"5";"13";"13210";"2";"1";"1";"1";"L ARMEE D AFRIQUE (CHEMIN DE L')";"43,28862000";"5,40929000"
"202300035228";"14";"01";"2023";"17:00";"1";"13";"13001";"1";"3";"1";"3";"BERRE (ROUTE DE)";"43,53961000";"5,37831000"
"202300035229";"15";"01";"2023";"10:55";"1";"06";"06088";"2";"1";"1";"6";"TURIN (RTE DE)";"43,71883100";"7,28497000"
"202300035230";"15";"01";"2023";"16:15";"1";"06";"06069";"1";"1";"1";"6";"BELLETRUD (BOULEVARD DU DOCTEUR)";"43,66544700";"6,89584000"
"202300035231";"15";"01";"2023";"10:10";"1";"02";"02738";"2";"3";"1";"3";"14 Boulevard Jean de la Fontaine";"49,65017300";"3,28701700"
"202300035232";"14";"01";"2023";"12:55";"1";"75";"75116";"2";"5";"2";"6";"AVENUE PAUL DOUMER";"48,85824000";"2,27484900"
"202300035233";"16";"01";"2023";"19:40";"5";"75";"75106";"2";"4";"1";"3";"BOULEVARD SAINT MICHEL";"48,84142100";"2,33749900"
"202300035234";"14";"01";"2023";"20:50";"5";"75";"75114";"2";"1";"2";"6";"RUE RAYMOND LOSSERAND";"48,83179900";"2,31411800"
"202300035235";"16";"01";"2023";"09:50";"1";"75";"75112";"2";"1";"2";"6";"RUE DE CHARENTON";"48,85278000";"2,37066900"
"202300035236";"15";"01";"2023";"06:00";"5";"75";"75112";"2";"2";"2";"6";"BOULEVARD DIDEROT";"48,84734900";"2,38679800"
"202300035237";"16";"01";"2023";"08:15";"4";"75";"75110";"2";"4";"2";"6";"RUE DU CHATEAU LANDON";"48,87885600";"2,36234800"
"202300035238";"16";"01";"2023";"12:57";"1";"75";"75109";"2";"7";"2";"6";"PLACE DE L OPERA";"48,87106700";"2,33195100"
"202300035239";"16";"01";"2023";"16:00";"1";"75";"75108";"2";"2";"2";"7";"RUE DE LA PEPINIERE";"48,87514400";"2,32295400"
"202300035240";"28";"07";"2023";"16:50";"1";"78";"78389";"2";"1";"3";"1";"Route de la Bardelle";"48,80280400";"1,81583900"
"202300035241";"19";"07";"2023";"08:25";"1";"78";"78605";"2";"1";"1";"6";"4 Grande Rue";"48,83804300";"1,67831700"
"202300035242";"28";"07";"2023";"23:15";"3";"34";"34167";"1";"1";"1";"6";"RD16";"43,28710100";"3,02262400"
"202300035243";"29";"07";"2023";"15:05";"1";"05";"05007";"1";"1";"1";"3";"Route départementale 902";"44,75852800";"6,74745100"
"202300035244";"29";"07";"2023";"00:00";"5";"13";"13018";"1";"1";"1";"5";"D24 route de St Andiol";"43,85420400";"4,95184100"
"202300035245";"28";"07";"2023";"16:10";"1";"13";"13041";"1";"1";"1";"1";"D46a";"43,46006400";"5,48903900"
"202300035246";"28";"07";"2023";"15:45";"1";"67";"67525";"1";"1";"2";"1";"D75";"48,60762800";"7,44204600"
"202300035247";"28";"07";"2023";"09:45";"1";"63";"63077";"1";"4";"1";"1";"D996";"45,57789800";"2,88087500"
"202300035248";"29";"07";"2023";"17:30";"1";"42";"42285";"2";"6";"3";"6";"Avenue du Prieuré";"45,55480900";"4,13132100"
"202300035249";"28";"07";"2023";"23:55";"1";"01";"01275";"1";"1";"1";"6";"Route du Mas Rillier";"45,82555000";"4,92355900"
"202300035250";"28";"07";"2023";"20:40";"1";"81";"81271";"2";"1";"1";"6";"Avenue Rhin et Danube";"43,77415800";"1,68559700"
"202300035251";"30";"05";"2023";"17:20";"1";"33";"33535";"2";"1";"1";"6";"Avenue du Desclaud";"44,84533400";" -0,47039500"
"202300035252";"29";"07";"2023";"11:45";"1";"22";"22259";"2";"1";"1";"3";"19 Boulevard de Preval";"48,45869207";" -2,06361160"
"202300035253";"28";"07";"2023";"14:50";"1";"60";"60282";"1";"6";"2";"2";"D1016";"49,20584300";"2,46153800"
"202300035254";"25";"07";"2023";"18:25";"2";"13";"13071";"1";"1";"1";"2";"A51-Sens Aix en Provence vers Marseille";"43,41660000";"5,36507000"
"202300035255";"25";"07";"2023";"17:45";"1";"13";"13019";"1";"1";"1";"2";"A51-Sens Marseille vers Aix en Provence";"43,42547000";"5,37750000"
"202300035256";"27";"07";"2023";"23:43";"5";"13";"13207";"1";"1";"1";"6";"Tunnel Prado Carénage";"43,29070287";"5,36804215"
"202300035257";"28";"07";"2023";"02:40";"3";"83";"83035";"1";"1";"2";"6";"A50";"43,18073151";"5,76977390"
"202300035258";"28";"07";"2023";"16:35";"1";"94";"94003";"1";"1";"2";"5";"A6A";"48,80389457";"2,34203660"
"202300035259";"27";"07";"2023";"20:30";"1";"78";"78498";"1";"1";"2";"3";"A13";"48,90507400";"2,00531600"
"202300035260";"28";"07";"2023";"10:00";"1";"78";"78007";"1";"1";"2";"4";"A13W";"48,89747400";"2,00612900"
"202300035261";"28";"07";"2023";"08:05";"1";"92";"92063";"1";"1";"2";"7";"A86";"48,89044962";"2,17238729"
"202300035262";"28";"07";"2023";"00:35";"3";"78";"78043";"1";"1";"2";"2";"A13Y";"48,85021300";"2,06903600"
"202300035263";"27";"07";"2023";"17:21";"1";"78";"78043";"1";"1";"2";"5";"A13Y";"48,84482200";"2,08804200"
"202300035264";"27";"07";"2023";"15:40";"2";"78";"78455";"1";"1";"2";"2";"A13";"48,86084500";"2,04694200"
"202300035265";"28";"07";"2023";"13:30";"1";"93";"93066";"1";"1";"3";"4";"AUTOROUTE A1";"48,91936344";"2,35754643"
"202300035266";"28";"07";"2023";"10:10";"1";"95";"95582";"1";"1";"3";"7";"A115";"48,97402708";"2,24421501"
"202300035267";"28";"07";"2023";"01:25";"3";"93";"93053";"1";"1";"8";"6";"AUTOROUTE A86";"48,89375409";"2,47211909"
"202300035268";"27";"07";"2023";"23:40";"3";"95";"95527";"1";"1";"2";"6";"A3";"48,98390662";"2,50297308"
"202300035269";"27";"07";"2023";"21:30";"3";"93";"93053";"1";"1";"2";"6";"AUTOROUTE A103";"48,88833000";"2,47219000"
"202300035270";"27";"07";"2023";"19:15";"1";"95";"95018";"1";"1";"3";"6";"A15";"48,95778000";"2,27410000"
"202300035271";"28";"07";"2023";"07:00";"1";"94";"94069";"1";"1";"2";"2";"A4";"48,81737044";"2,42861395"
"202300035272";"15";"06";"2023";"21:50";"2";"78";"78372";"2";"1";"1";"6";"AUGUSTE RENOIR (AVENUE)";"48,87942100";"2,09020400"
"202300035273";"21";"04";"2023";"15:05";"1";"45";"45179";"2";"2";"1";"2";"26 Route d'Orléans";"47,77125900";"1,69328400"
"202300035274";"27";"07";"2023";"21:50";"5";"976";"97611";"2";"3";"1";"3";"m'tsapere-Mosquée Maevantana (ruelle )";" -12,78770000";"45,21862000"
"202300035275";"18";"06";"2023";"10:45";"1";"976";"97611";"2";"9";"1";"3";"m'tsapere-Nationale 2 (route)";" -12,78762000";"45,22538000"
"202300035276";"16";"06";"2023";"07:40";"1";"976";"97611";"2";"1";"1";"3";"Avenue Martin Luther King";" -12,77100000";"45,22526700"
"202300035277";"27";"07";"2023";"13:45";"1";"974";"97416";"1";"1";"2";"3";"RN03";" -21,34055000";"55,49350000"
"202300035278";"26";"07";"2023";"06:45";"2";"974";"97411";"2";"1";"1";"7";"JAURES (BLD 1 JEAN)";" -20,88933000";"55,45044000"
"202300035279";"16";"06";"2023";"09:00";"1";"974";"97411";"2";"1";"1";"6";"COTONNIERS (ALLEE DES)";" -20,89497000";"55,46025000"
"202300035280";"14";"06";"2023";"11:20";"1";"974";"97409";"2";"1";"1";"6";"PENTE SASSY (chemin de la)";" -20,96616000";"55,65925000"
"202300035281";"15";"06";"2023";"07:45";"1";"974";"97407";"2";"3";"1";"1";"ANGLAIS (CHE DES) - RIVIERE DES GALETS ";" -20,95543000";"55,31474000"
"202300035282";"27";"07";"2023";"18:48";"5";"973";"97302";"2";"1";"1";"6";"MADELEINE (ROUTE DE LA)";"4,91405000";" -52,32082000"
"202300035283";"18";"06";"2023";"17:20";"1";"973";"97302";"2";"2";"1";"3";"VOLTAIRE(AVENUE)";"4,94238022";" -52,32242525"
"202300035284";"17";"06";"2023";"06:25";"2";"973";"97302";"2";"3";"1";"3";"CATAYEE (JUSTIN)";"4,93032000";" -52,32600000"
"202300035285";"16";"06";"2023";"16:15";"1";"973";"97302";"2";"6";"1";"2";"BADUEL (ROUTE DE)";"4,92934000";" -52,30298000"
"202300035286";"15";"06";"2023";"19:20";"5";"973";"97302";"2";"2";"1";"3";"N'ZILA (CITE)";"4,93588309";" -52,32466677"
"202300035287";"27";"07";"2023";"12:40";"1";"69";"69387";"2";"1";"1";"3";"11 Cours Gambetta";"45,75545122";"4,84233908"
"202300035288";"17";"06";"2023";"04:00";"5";"69";"69387";"2";"3";"1";"1";"Avenue Tony Garnier";"45,72626000";"4,83563000"
"202300035289";"16";"06";"2023";"12:25";"1";"69";"69387";"2";"7";"1";"6";"Place Jean Macé";"45,74523000";"4,84179000"
"202300035290";"16";"06";"2023";"08:30";"1";"69";"69388";"2";"2";"1";"3";"Rue Villon";"45,74056000";"4,86388000"
"202300035291";"15";"06";"2023";"13:00";"1";"69";"69387";"2";"2";"1";"3";"Rue Montesquieu";"45,75134000";"4,84490000"
"202300035292";"15";"06";"2023";"11:00";"1";"69";"69388";"2";"2";"1";"3";"Rue Professeur Beauvisage";"45,72972000";"4,86857000"
"202300035293";"18";"06";"2023";"13:40";"1";"972";"97209";"2";"1";"1";"3";"GOUVERNEUR FOURREAU (RUE DU)";"14,61303000";" -61,07247000"
"202300035294";"16";"06";"2023";"04:00";"3";"972";"97209";"1";"1";"1";"6";"RN9";"14,59623000";" -61,05596000"
"202300035295";"15";"06";"2023";"02:45";"5";"69";"69389";"2";"1";"1";"6";"33 Rue de Saint-Cyr";"45,77953000";"4,80721000"
"202300035296";"15";"06";"2023";"07:08";"1";"2B";"2B033";"2";"1";"1";"2";"11 - RT";"42,67716000";"9,44450000"
"202300035297";"27";"07";"2023";"10:00";"1";"971";"97101";"1";"1";"1";"3";"RN1-  HAUTEUR DE SORTIE LAURICISQUE";"16,25396000";" -61,53677000"
"202300035298";"26";"07";"2023";"08:10";"1";"971";"97101";"2";"1";"1";"4";"NEREE";"16,26946000";" -61,50326000"
"202300035299";"15";"06";"2023";"18:20";"1";"971";"97101";"2";"1";"1";"2";"PERRIN (SECTEUR)";"16,27000000";" -61,52000000"
"202300035300";"15";"06";"2023";"09:35";"1";"971";"97113";"2";"1";"1";"6";"MONTAUBAN (SECTEUR)";"16,20611000";" -61,49582000"
"202300035301";"27";"07";"2023";"15:55";"1";"95";"95280";"2";"1";"2";"6";"ROGER SALENGRO ( BOULEVARD)";"49,03814000";"2,46780400"
"202300035302";"18";"06";"2023";"08:50";"1";"95";"95280";"2";"3";"1";"1";"ALICE (RUE)";"49,02371000";"2,46534000"
"202300035303";"15";"06";"2023";"18:29";"1";"95";"95277";"2";"1";"1";"2";"POMPIDOU GEORGES (AVENUE)";"48,99044730";"2,43018329"
"202300035304";"16";"06";"2023";"08:20";"1";"95";"95197";"2";"1";"1";"2";"D928";"48,96468000";"2,32075000"
"202300035305";"26";"07";"2023";"22:15";"3";"95";"95127";"2";"9";"2";"6";"OISE (BOULEVARD DE L')";"49,03556000";"2,08163000"
"202300035306";"14";"06";"2023";"11:53";"1";"91";"91645";"2";"3";"1";"6";"SOLLIERE (CHEMIN DE LA)";"48,74476000";"2,25832000"
"202300035307";"16";"06";"2023";"14:25";"1";"91";"91114";"2";"1";"1";"6";"RTE NATIONALE 6";"48,68389000";"2,48958000"
"202300035308";"15";"06";"2023";"19:50";"1";"91";"91421";"2";"1";"1";"6";"COLBERT (ALLEE)";"48,69757000";"2,45487000"
"202300035309";"15";"06";"2023";"16:50";"1";"91";"91114";"2";"1";"1";"2";"RTE NATIONALE 6";"48,67869100";"2,49579300"
"202300035310";"27";"07";"2023";"19:30";"1";"91";"91687";"2";"1";"2";"2";"GENERAL DE GAULLE (AVENUE DU)";"48,68063000";"2,37986000"
"202300035311";"14";"06";"2023";"22:40";"5";"91";"91326";"2";"1";"1";"4";"COUR DE FRANCE (AVENUE DE LA)";"48,68877000";"2,37103000"
"202300035312";"15";"06";"2023";"17:17";"1";"91";"91433";"2";"1";"1";"6";"AUVERS (RUE D')";"48,46914000";"2,19515000"
"202300035313";"26";"07";"2023";"15:18";"1";"87";"87085";"2";"1";"1";"6";"FAURE (AVENUE DU PROFESSEUR MARCEL)";"45,81516000";"1,24416000"
"202300035314";"26";"07";"2023";"12:15";"1";"83";"83137";"2";"1";"1";"6";"BOURGES (BD COMMMANDANT ANDRE)";"43,10534000";"5,93103000"
"202300035315";"26";"07";"2023";"19:15";"1";"83";"83069";"2";"1";"1";"1";"MADRAGUE (ROUTE DE LA)";"43,04107000";"6,12795000"
"202300035316";"27";"07";"2023";"12:45";"1";"83";"83069";"2";"9";"1";"3";"AVENUE RITONDALE LEOPOLD";"43,11345000";"6,12965000"
"202300035317";"14";"06";"2023";"23:45";"3";"79";"79355";"1";"1";"1";"7";"N/A";"46,33483000";" -0,37463000"
"202300035318";"27";"07";"2023";"16:35";"1";"77";"77132";"1";"1";"3";"3";"AV ROBERT SCHUMAN";"48,86462000";"2,79132000"
"202300035319";"26";"07";"2023";"18:08";"1";"76";"76540";"2";"6";"1";"3";"Rue de Sotteville";"49,42576000";"1,08755000"
"202300035320";"14";"06";"2023";"14:40";"1";"76";"76351";"2";"1";"1";"5";"BOIS AU COQ (AVENUE)";"49,51696000";"0,11913000"
"202300035321";"14";"06";"2023";"19:45";"1";"72";"72181";"2";"3";"1";"1";"GLONNIERES (BD) N° PAIRS";"47,97386600";"0,21886200"
"202300035322";"14";"06";"2023";"11:04";"1";"72";"72181";"2";"1";"1";"3";"MAC JEAN (AV) N° IMP 107 ET plus";"47,97922000";"0,22480000"
"202300035323";"26";"07";"2023";"08:30";"1";"71";"71270";"2";"9";"1";"3";"SAINT-CLEMENT (PLACE)";"46,29759000";"4,82128000"
"202300035324";"27";"07";"2023";"18:20";"1";"71";"71475";"2";"1";"1";"2";"LYON (ROUTE DE )";"46,77322617";"4,84462470"
"202300035325";"16";"06";"2023";"18:00";"1";"69";"69275";"2";"6";"1";"2";"Rocade est";"45,77075344";"4,98427927"
"202300035326";"15";"06";"2023";"17:45";"1";"69";"69266";"2";"3";"1";"2";"Rue du 8 Mai 1945";"45,77656000";"4,89310000"
"202300035327";"15";"06";"2023";"16:20";"1";"69";"69286";"2";"3";"1";"6";"Avenue de l'Europe";"45,81592000";"4,89877000"
"202300035328";"27";"07";"2023";"18:00";"1";"69";"69264";"2";"1";"1";"4";"Route de Frans";"45,98397000";"4,74022000"
"202300035329";"15";"06";"2023";"12:00";"1";"69";"69290";"2";"1";"1";"3";"Rue de l'Egalité";"45,68819000";"4,94679000"
"202300035330";"27";"07";"2023";"15:45";"1";"67";"67218";"2";"1";"1";"3";"GLACIERE (RUE DE LA)";"48,53130000";"7,71370000"
"202300035331";"15";"06";"2023";"11:48";"1";"66";"66136";"2";"1";"1";"2";"N/A";"42,70613100";"2,90919000"
"202300035332";"18";"04";"2023";"18:59";"1";"65";"65440";"2";"2";"1";"3";"Rue Massey";"43,23960000";"0,07381000"
"202300035333";"27";"07";"2023";"14:10";"1";"64";"64189";"2";"3";"1";"3";"MITTERRAND FRANCOIS  (AVENUE)";"43,37997000";" -1,66208000"
"202300035334";"26";"07";"2023";"10:02";"1";"64";"64102";"2";"1";"1";"6";"BOURGNEUF (RUE)";"43,49127000";" -1,47270000"
"202300035335";"16";"06";"2023";"09:30";"1";"63";"63113";"2";"1";"1";"6";"AUGER (RUE)";"45,78202000";"3,10590000"
"202300035336";"16";"06";"2023";"10:25";"1";"63";"63113";"2";"6";"1";"3";"BOURDON / Blériot";"45,79821000";"3,14749000"
"202300035337";"15";"06";"2023";"21:30";"1";"63";"63113";"2";"3";"1";"3";"BRUGIERE /Gravanche";"45,78960000";"3,11794000"
"202300035338";"27";"07";"2023";"00:45";"5";"62";"62193";"1";"1";"2";"2";"A216";"50,93597022";"1,90709938"
"202300035339";"23";"07";"2023";"22:20";"5";"62";"62193";"2";"2";"1";"2";"Boulevard Victor Hugo";"50,94309200";"1,87185100"
"202300035340";"2";"06";"2023";"23:20";"5";"62";"62193";"2";"6";"1";"3";"D940";"50,95187700";"1,83260900"
"202300035341";"27";"07";"2023";"17:40";"1";"62";"62848";"1";"1";"1";"6";"D941";"50,50952000";"2,64935000"
"202300035342";"15";"06";"2023";"11:25";"1";"60";"60057";"2";"2";"1";"6";"Rue du Morvan";"49,43868676";"2,09677613"
"202300035343";"15";"06";"2023";"22:45";"5";"59";"59650";"2";"2";"1";"3";"VALLON (RUE)";"50,70426000";"3,22582000"
"202300035344";"13";"06";"2023";"17:35";"1";"59";"59043";"2";"3";"1";"6";"ANCIENNE POSTE AUX CH (RUE DE L')";"50,73675000";"2,73916000"
"202300035345";"27";"07";"2023";"22:33";"5";"57";"57463";"2";"2";"2";"7";"SOLIDARITE (BOULEVARD DE LA )";"49,10717124";"6,22196317"