"Num_Acc";"jour";"mois";"an";"hrmn";"lum";"dep";"com";"agg";"int";"atm";"col";"adr";"lat";"long"
"202300036327";"5";"09";"2023";"09:10";"1";"94";"94037";"2";"3";"1";"3";"Avenue Paul Vaillant-couturier";"48,81642397";"2,33956298"
"202300036328";"12";"04";"2023";"14:45";"1";"38";"38338";"1";"1";"1";"1";"D1532";"45,22944800";"5,49745600"
"202300036329";"27";"02";"2023";"07:50";"1";"51";"51282";"1";"1";"7";"4";"N31";"49,26887200";"3,91495200"
"202300036330";"5";"09";"2023";"08:08";"1";"94";"94022";"2";"2";"1";"6";"Rue Jules Vallès";"48,75461000";"2,41028000"
"202300036331";"28";"02";"2023";"17:40";"1";"61";"61293";"2";"1";"1";"6";"D9";"48,50953400";"0,55721000"
"202300036332";"11";"04";"2023";"20:30";"2";"15";"15087";"1";"1";"1";"7";"D601";"44,77609300";"2,42649800"
"202300036333";"5";"09";"2023";"10:20";"1";"93";"93078";"2";"1";"1";"3";"Avenue Vauban";"48,96734200";"2,55166800"
"202300036334";"17";"02";"2023";"18:15";"3";"25";"25220";"1";"1";"1";"5";"D9";"47,13053500";"6,01398500"
"202300036335";"12";"04";"2023";"06:45";"1";"05";"05046";"2";"1";"1";"6";"Rue de la Plaine sous le Roc";"44,55607500";"6,48435300"
"202300036336";"5";"09";"2023";"12:30";"1";"93";"93051";"2";"1";"1";"6";"Rue du Marnois";"48,84125000";"2,55990000"
"202300036337";"15";"01";"2023";"18:20";"3";"35";"35264";"1";"4";"3";"1";"Le Val";"48,10830500";" -1,36314200"
"202300036338";"5";"09";"2023";"08:17";"1";"93";"93048";"2";"9";"1";"7";"Rue de Rosny";"48,86950019";"2,46376484"
"202300036339";"11";"04";"2023";"18:30";"1";"05";"05012";"1";"2";"1";"3";"RD40";"44,54739000";"6,48573200"
"202300036340";"27";"02";"2023";"19:05";"3";"38";"38118";"1";"1";"1";"6";"Route de Lyon";"45,40294900";"5,46556100"
"202300036341";"12";"04";"2023";"16:45";"1";"05";"05132";"1";"1";"2";"7";"Lac de l'Aullagnier (Eau)";"44,67129300";"6,10115600"
"202300036342";"5";"09";"2023";"18:00";"1";"93";"93046";"2";"5";"1";"6";"Avenue Benoit Malon / Avenue Winston Churchill";"48,91524000";"2,53512000"
"202300036343";"27";"02";"2023";"17:00";"1";"70";"70117";"1";"1";"1";"1";"route départementale 218";"47,63182900";"6,77563500"
"202300036344";"5";"09";"2023";"17:45";"1";"93";"93046";"2";"9";"1";"3";"Avenue Aristide Briand";"48,91081887";"2,51372606"
"202300036345";"27";"02";"2023";"19:40";"3";"72";"72344";"1";"1";"1";"1";"D326";"47,94044000";"0,15316000"
"202300036346";"11";"04";"2023";"22:05";"3";"64";"64466";"1";"1";"1";"4";"D23";"43,34309500";" -0,87470100"
"202300036347";"4";"09";"2023";"18:35";"1";"93";"93046";"2";"2";"1";"3";"Allée Vendome / Avenue Paul Bert";"48,91845845";"2,52577507"
"202300036348";"11";"04";"2023";"20:40";"2";"16";"16295";"1";"1";"1";"6";"N/A";"45,81814900";"0,13260300"
"202300036349";"27";"02";"2023";"17:55";"2";"05";"05017";"1";"1";"1";"1";"Route des Borels";"44,56742700";"6,20677897"
"202300036350";"4";"09";"2023";"14:15";"1";"93";"93029";"2";"1";"1";"1";"Rue Hoche";"48,92794194";"2,43189674"
"202300036351";"28";"02";"2023";"19:00";"5";"60";"60245";"2";"2";"1";"6";"4 Rue Georges Clemenceau";"49,65035500";"1,73035200"
"202300036352";"12";"04";"2023";"08:27";"1";"68";"68375";"2";"6";"2";"3";"D19";"47,77472700";"7,22735700"
"202300036353";"26";"02";"2023";"03:00";"5";"10";"10328";"2";"4";"1";"6";"D86";"48,34660800";"4,25627400"
"202300036354";"5";"09";"2023";"18:10";"1";"92";"92064";"2";"2";"1";"2";"REPUBLIQUE";"48,85901375";"2,21170172"
"202300036355";"11";"04";"2023";"19:28";"1";"67";"67164";"1";"1";"1";"2";"A 35 PK 420.700";"48,43052500";"7,49460700"
"202300036356";"26";"02";"2023";"20:10";"3";"53";"53140";"1";"1";"1";"7";"Vaubernier";"48,10465900";" -0,70253000"
"202300036357";"5";"09";"2023";"08:15";"1";"92";"92033";"2";"1";"1";"3";"DOCTEUR DEBAT";"48,85234788";"2,19611764"
"202300036358";"27";"02";"2023";"09:30";"1";"24";"24214";"2";"2";"1";"6";"D75";"45,56917000";"0,56023300"
"202300036359";"11";"04";"2023";"08:50";"1";"987";"98715";"1";"1";"1";"3";"RDO sens PAPEETE - PUNAAUIA";" -17,58400000";" -149,56000000"
"202300036360";"5";"09";"2023";"16:50";"1";"92";"92050";"2";"3";"1";"3";"PICASSO PABLO AVENUE";"48,88851299";"2,22431409"
"202300036361";"27";"02";"2023";"02:25";"3";"87";"87059";"1";"1";"1";"6";"D25";"46,19963200";"1,10861100"
"202300036362";"5";"09";"2023";"08:15";"1";"92";"92036";"2";"4";"1";"6";"LAURENT CELY (AVENUE) (1/143)";"48,91730513";"2,30750799"
"202300036363";"27";"02";"2023";"14:40";"1";"30";"30272";"1";"1";"2";"5";"";"43,96645700";"3,69107400"
"202300036364";"5";"09";"2023";"09:35";"1";"92";"92026";"2";"3";"7";"3";"RÉPUBLIQUE ( DE 82 A FIN )";"48,90362672";"2,25759959"
"202300036365";"11";"04";"2023";"15:00";"1";"59";"59377";"1";"1";"1";"2";"A26 PK 139.6 sens CALAIS - REIMS";"50,09263350";"3,17037009"
"202300036366";"28";"02";"2023";"10:25";"1";"08";"08022";"2";"2";"1";"6";"1 Route de Tournes";"49,82342505";"4,65187660"
"202300036367";"5";"09";"2023";"16:20";"1";"92";"92025";"2";"1";"1";"6";"PIERRE DE COUBERTIN (BD)";"48,92862919";"2,25159734"
"202300036368";"22";"02";"2023";"08:54";"1";"78";"78043";"2";"6";"1";"7";"Rue de Maule";"48,84007700";"2,08270300"
"202300036369";"12";"04";"2023";"07:50";"1";"77";"77407";"1";"1";"3";"6";"Autorute A6 PK 039+400 circulant vers LYON";"48,51895100";"2,50459800"
"202300036370";"5";"09";"2023";"07:40";"2";"92";"92025";"2";"9";"1";"6";"BOURNARD (RUE DU)";"48,92303386";"2,25430727"
"202300036371";"27";"02";"2023";"09:46";"1";"01";"01134";"1";"1";"1";"4";"A406, PK 4.200";"46,28075900";"4,86227000"
"202300036372";"4";"09";"2023";"14:00";"1";"92";"92012";"2";"1";"1";"6";"ANDRE MORIZET (AVENUE) 1/47 - 2/52";"48,83447000";"2,24210000"
"202300036373";"7";"04";"2023";"03:25";"5";"987";"98758";"2";"1";"1";"6";"PK 3 cote ouest";" -16,74400000";" -151,46000000"
"202300036374";"28";"02";"2023";"08:00";"1";"971";"97103";"2";"1";"1";"3";"552 Rue de la Chapelle";"16,23495300";" -61,55736300"
"202300036375";"4";"09";"2023";"18:35";"1";"92";"92007";"2";"1";"1";"3";"PASTEUR (AVENUE LOUIS) N° 1 A 39 ET 2 A";"48,79700000";"2,31737000"
"202300036376";"12";"04";"2023";"18:00";"1";"91";"91568";"1";"1";"1";"1";"D27";"48,57504900";"2,11108600"
"202300036377";"25";"02";"2023";"10:00";"1";"84";"84141";"1";"1";"1";"3";"A7 PK191.300";"43,97215600";"4,89617400"
"202300036378";"1";"09";"2023";"22:20";"5";"92";"92004";"2";"1";"1";"3";"ARGENTEUIL AV D'";"48,91624814";"2,28236273"
"202300036379";"12";"04";"2023";"10:15";"1";"83";"83071";"2";"1";"1";"6";"Avenue Georges Clémenceau";"43,13919600";"6,23810900"
"202300036380";"4";"09";"2023";"17:45";"1";"92";"92004";"2";"1";"1";"3";"PIERRE BOUDOU";"48,91562000";"2,30787000"
"202300036381";"28";"02";"2023";"01:15";"5";"77";"77065";"1";"1";"1";"6";"Autoroute A6, PK 46.900 en direction de LYON";"48,45517100";"2,52248900"
"202300036382";"4";"09";"2023";"07:52";"2";"92";"92004";"2";"4";"1";"1";"PIERRE BOUDOU";"48,91352000";"2,29914000"
"202300036383";"25";"02";"2023";"23:12";"3";"973";"97311";"1";"1";"2";"7";"Route de Saint Jean";"5,42831200";" -54,04104000"
"202300036384";"11";"04";"2023";"09:50";"1";"13";"13093";"2";"1";"1";"3";"D561";"43,68628500";"5,39612200"
"202300036385";"26";"02";"2023";"16:30";"1";"45";"45121";"1";"1";"6";"7";"Rue de Châtillon";"47,79462700";"2,87057500"
"202300036386";"5";"09";"2023";"18:45";"1";"92";"92014";"2";"1";"1";"6";"MARECHAL JOFFRE (BD DU) (43 A 97 - 58 A";"48,77987000";"2,31350000"
"202300036387";"11";"04";"2023";"22:08";"5";"57";"57484";"2";"6";"1";"7";"67 Rue Nationale";"49,16821500";"6,86866500"
"202300036388";"3";"09";"2023";"04:15";"3";"35";"35151";"1";"1";"1";"6";"D177";"47,85589500";" -1,89248400"
"202300036389";"27";"02";"2023";"15:05";"1";"78";"78346";"1";"2";"1";"3";"Rue de la Fortelle";"48,92811800";"1,56972500"
"202300036390";"5";"09";"2023";"21:30";"2";"22";"22049";"1";"1";"1";"6";"D28 PK 7+900";"48,52441800";" -2,20001200"
"202300036391";"12";"04";"2023";"05:20";"4";"27";"27275";"2";"3";"2";"1";"Cote des Sables";"49,15111000";"1,37657900"
"202300036392";"5";"09";"2023";"17:45";"1";"95";"95313";"2";"1";"1";"6";"D922";"49,12238000";"2,24447300"
"202300036393";"5";"09";"2023";"12:58";"1";"95";"95313";"1";"1";"1";"3";"D64";"49,10731497";"2,23691983"
"202300036394";"11";"04";"2023";"13:30";"1";"62";"62560";"2";"1";"1";"6";"Avenue Ferber";"50,81559400";"1,70185300"
"202300036395";"19";"02";"2023";"09:43";"1";"13";"13007";"2";"4";"1";"2";"D45a";"43,36750500";"5,65251900"
"202300036396";"1";"09";"2023";"17:10";"1";"33";"33352";"2";"1";"1";"6";"RD 670";"44,59070276";" -0,03284365"
"202300036397";"11";"04";"2023";"18:20";"1";"33";"33192";"1";"1";"1";"3";"ROCADE A 630";"44,78965000";" -0,61534000"
"202300036398";"27";"02";"2023";"09:55";"1";"69";"69287";"1";"1";"1";"6";"Rue des Alpes";"45,70167600";"5,00073200"
"202300036399";"5";"09";"2023";"10:35";"1";"07";"07191";"1";"6";"1";"3";"RD 86H";"44,58003300";"4,70381700"
"202300036400";"27";"02";"2023";"09:20";"1";"17";"17056";"1";"2";"1";"3";"Route de l'Ormeau Rouge";"45,60750800";" -0,50686200"
"202300036401";"11";"04";"2023";"09:00";"1";"91";"91377";"1";"1";"1";"3";"RN20";"48,71333000";"2,28941000"
"202300036402";"4";"09";"2023";"20:40";"5";"06";"06161";"2";"2";"1";"3";"1495, route nationale 7";"43,63598000";"7,13353600"
"202300036403";"26";"02";"2023";"01:45";"5";"85";"85092";"2";"1";"1";"6";"Rue de fontarabie";"46,46418800";" -0,80132200"
"202300036404";"11";"04";"2023";"18:45";"1";"92";"92036";"1";"1";"2";"6";"RN315 Y";"48,91987444";"2,30667989"
"202300036405";"5";"09";"2023";"17:40";"1";"52";"52282";"1";"1";"1";"3";"A5";"47,97959131";"5,13386112"
"202300036406";"28";"02";"2023";"06:45";"2";"60";"60369";"1";"1";"1";"2";"6 Rue de la Gare";"49,34880800";"2,71762500"
"202300036407";"11";"04";"2023";"10:10";"1";"78";"78571";"1";"1";"1";"6";"A13";"48,87259800";"2,02597600"
"202300036408";"4";"09";"2023";"14:45";"1";"01";"01353";"1";"1";"1";"1";"Route d'Ars";"45,97647400";"4,79842600"
"202300036409";"27";"02";"2023";"06:55";"5";"33";"33249";"1";"1";"1";"3";"ROCADE A 630";"44,88474216";" -0,51442623"
"202300036410";"6";"09";"2023";"09:25";"1";"01";"01354";"2";"6";"1";"7";"D78a";"46,26454400";"6,04378400"
"202300036411";"17";"02";"2023";"14:23";"1";"59";"59646";"1";"1";"1";"6";"ROUTE DEPARTEMENTALE 652";"50,68341000";"3,11200000"
"202300036412";"11";"04";"2023";"09:20";"1";"92";"92048";"1";"1";"1";"3";"N118";"48,79379358";"2,21880725"
"202300036413";"5";"09";"2023";"12:20";"1";"35";"35012";"1";"1";"1";"6";"Pommeniac";"47,79922900";" -1,69098800"
"202300036414";"27";"02";"2023";"14:00";"1";"91";"91645";"1";"1";"1";"3";"N385";"48,75993188";"2,26284379"
"202300036415";"10";"04";"2023";"22:10";"3";"93";"93066";"1";"1";"2";"2";"AUTOROUTE A86";"48,92193000";"2,36188000"
"202300036416";"27";"02";"2023";"01:40";"3";"78";"78007";"1";"1";"1";"7";"A13W";"48,89930000";"2,00550000"
"202300036417";"5";"09";"2023";"14:55";"1";"14";"14027";"1";"1";"1";"1";"6 Route de Beauvais";"49,02905400";" -0,64042600"
"202300036418";"11";"04";"2023";"07:30";"1";"93";"93051";"1";"1";"1";"3";"A4";"48,83620546";"2,55596320"
"202300036419";"26";"02";"2023";"06:55";"3";"78";"78133";"1";"1";"1";"6";"A13";"48,88764800";"2,01153500"
"202300036420";"5";"09";"2023";"18:30";"1";"74";"74112";"1";"1";"1";"4";"RD1508 - Face à Jour de Fête";"45,93606500";"6,07471000"
"202300036421";"25";"02";"2023";"23:08";"5";"78";"78362";"1";"1";"1";"6";"A13";"48,97700200";"1,71564300"
"202300036422";"5";"09";"2023";"17:30";"1";"62";"62808";"1";"1";"1";"6";"D343";"50,46482600";"2,22885100"
"202300036423";"3";"09";"2023";"23:00";"4";"62";"62597";"2";"1";"1";"7";"D32";"50,18515075";"2,78071378"
"202300036424";"26";"02";"2023";"16:30";"1";"95";"95500";"1";"1";"1";"2";"A15";"49,03635100";"2,09396878"
"202300036425";"8";"04";"2023";"04:07";"5";"75";"75114";"2";"3";"1";"2";"AVENUE DU GENERAL LECLERC";"48,83079500";"2,32938800"
"202300036426";"10";"04";"2023";"23:00";"5";"75";"75120";"2";"2";"2";"7";"RUE DE LA BIDASSOA";"48,86542900";"2,39489400"
"202300036427";"5";"09";"2023";"13:30";"1";"57";"57389";"1";"9";"1";"1";"D24";"49,04020300";"6,72096700"
"202300036428";"25";"02";"2023";"14:50";"1";"93";"93010";"1";"1";"1";"4";"AUTOROUTE A3";"48,89162000";"2,47330000"
"202300036429";"10";"04";"2023";"18:55";"1";"75";"75119";"2";"3";"2";"7";"AVENUE JEAN JAURES";"48,88664100";"2,38482000"
"202300036430";"4";"09";"2023";"14:30";"1";"51";"51543";"1";"1";"1";"7";"D931";"49,09562100";"4,70257800"
"202300036431";"27";"02";"2023";"16:30";"1";"94";"94022";"1";"1";"1";"2";"A86";"48,77572926";"2,41366314"
"202300036432";"6";"09";"2023";"10:55";"1";"51";"51393";"1";"1";"7";"1";"D386";"49,13437100";"3,91860000"
"202300036433";"7";"04";"2023";"13:00";"1";"75";"75116";"2";"3";"1";"3";"ROUTE DES TRIBUNES";"48,86197200";"2,23038400"
"202300036434";"19";"08";"2023";"10:45";"1";"19";"19049";"1";"3";"1";"3";"Route Des Places";"45,06575400";"1,47497900"
"202300036435";"2";"09";"2023";"18:50";"1";"56";"56164";"1";"4";"2";"2";"Penhouët";"47,65811800";" -2,81593300"
"202300036436";"10";"04";"2023";"02:55";"5";"75";"75111";"2";"1";"1";"3";"RUE DU FAUBOURG SAINT ANTOINE";"48,85046200";"2,38307800"
"202300036437";"5";"09";"2023";"10:05";"1";"74";"74208";"1";"1";"1";"7";"Route de plaine joux";"45,94679300";"6,72543500"
"202300036438";"5";"09";"2023";"12:05";"1";"2B";"2B050";"2";"9";"1";"3";"avenue christophe Colomb";"42,55669200";"8,75947800"
"202300036439";"5";"09";"2023";"17:25";"1";"11";"11304";"1";"1";"1";"1";"N/A";"42,89542800";"2,19080700"
"202300036440";"6";"09";"2023";"18:18";"1";"63";"63338";"1";"1";"1";"6";"32 Rue de Chez Ponet";"46,16620100";"2,81492500"
"202300036441";"5";"09";"2023";"14:00";"1";"86";"86139";"1";"1";"1";"1";"Breuil";"46,45034500";"0,09871700"
"202300036442";"6";"09";"2023";"16:35";"1";"25";"25157";"1";"1";"1";"1";"Lieu dit  le Creux";"46,88251800";"6,42101500"
"202300036443";"6";"09";"2023";"07:48";"1";"25";"25367";"2";"1";"1";"6";"15 Rue de Beaulieu";"47,44793500";"6,81307400"
"202300036444";"6";"09";"2023";"03:53";"3";"44";"44206";"1";"1";"1";"7";"le Poteau";"46,89746800";" -1,70553100"
"202300036445";"4";"09";"2023";"11:20";"1";"29";"29217";"2";"1";"1";"6";"4 rue des abbés tanguy";"47,85562700";" -3,74860800"
"202300036446";"5";"09";"2023";"20:40";"3";"02";"02422";"1";"1";"1";"2";"N/A";"49,92810200";"3,63030000"
"202300036447";"6";"09";"2023";"11:30";"1";"01";"01323";"1";"2";"1";"3";"Route des 4 Vents";"46,42300800";"4,93376300"
"202300036448";"6";"09";"2023";"11:10";"1";"01";"01113";"1";"1";"1";"3";"la Buissonnière";"46,15446700";"5,11462400"
"202300036449";"5";"09";"2023";"19:38";"1";"70";"70312";"2";"2";"7";"3";"Rue Pierre Carmien et rue de la cotelotte";"47,59706800";"6,73966400"
"202300036450";"5";"09";"2023";"19:45";"1";"26";"26159";"1";"1";"1";"6";"D514";"44,71300284";"5,41640997"
"202300036451";"6";"09";"2023";"07:30";"1";"06";"06059";"1";"1";"1";"2";"M6007";"43,72634000";"7,38880500"
"202300036452";"6";"09";"2023";"10:40";"1";"50";"50353";"2";"1";"1";"6";"Le Mont-Saint-Michel";"48,61747700";" -1,51102800"
"202300036453";"4";"09";"2023";"16:34";"1";"43";"43005";"1";"1";"1";"7";"Lieu-dit Gourlon";"44,92124300";"3,67617700"
"202300036454";"6";"09";"2023";"14:10";"1";"36";"36128";"1";"1";"1";"3";"N/A";"46,85713508";"1,77566404"
"202300036455";"5";"09";"2023";"16:00";"1";"53";"53008";"2";"1";"1";"6";"1 Rue de la Libération";"48,29692000";" -0,55982500"
"202300036456";"6";"09";"2023";"15:11";"1";"04";"04121";"1";"1";"1";"1";"D17";"44,01720000";"6,17899400"
"202300036457";"6";"09";"2023";"17:50";"1";"85";"85031";"1";"2";"1";"3";"Carrefour RD 960BIS / RD 13";"46,77605800";" -0,89559600"
"202300036458";"4";"09";"2023";"13:30";"1";"37";"37109";"1";"3";"1";"3";"D76";"47,41274700";"0,60305700"
"202300036459";"3";"09";"2023";"18:30";"1";"67";"67083";"1";"4";"1";"3";"D853";"48,99332700";"7,65365100"
"202300036460";"6";"09";"2023";"03:10";"3";"24";"24091";"1";"1";"1";"6";"D46";"44,77213200";"1,21789500"
"202300036461";"4";"09";"2023";"15:05";"1";"971";"97103";"2";"1";"1";"3";"Boulevard de Destrellan";"16,25366400";" -61,58796100"
"202300036462";"5";"09";"2023";"09:42";"1";"95";"95580";"1";"6";"1";"3";"D16";"49,08599527";"2,54967570"
"202300036463";"5";"09";"2023";"16:40";"1";"59";"59216";"1";"1";"1";"2";"Autoroute A2, PK 037.300, sens PARIS/BRUXELLES";"50,22411900";"3,25796100"
"202300036464";"4";"09";"2023";"13:45";"1";"987";"98729";"1";"1";"2";"1";"PK 7,700 Paopao";" -17,57700000";" -150,20200000"
"202300036465";"6";"09";"2023";"09:15";"1";"971";"97106";"2";"1";"7";"3";"Boulevard Front de Mer";"16,12865400";" -61,76976600"
"202300036466";"5";"09";"2023";"11:10";"1";"77";"77005";"1";"1";"1";"2";"D404";"48,92842100";"2,72842900"
"202300036467";"5";"09";"2023";"08:55";"1";"77";"77520";"1";"1";"1";"7";"D104";"48,31974800";"2,65418800"
"202300036468";"6";"09";"2023";"05:30";"2";"78";"78499";"1";"2";"1";"3";"D988";"48,55709700";"1,90422900"
"202300036469";"5";"09";"2023";"15:30";"1";"34";"34154";"1";"1";"1";"3";"CD189";"43,60084300";"3,95796400"
"202300036470";"12";"08";"2023";"22:30";"3";"13";"13066";"1";"9";"1";"2";"D7n";"43,88344100";"4,91592000"
"202300036471";"6";"09";"2023";"17:06";"1";"25";"25505";"2";"1";"1";"2";"8 Route de Cuse";"47,48000100";"6,35989900"
"202300036472";"5";"09";"2023";"18:30";"1";"71";"71371";"1";"3";"1";"3";"Route de Macon";"46,33498000";"4,73087000"
"202300036473";"6";"09";"2023";"18:15";"1";"68";"68111";"1";"1";"1";"7";"D1.5";"48,00474000";"7,26795000"
"202300036474";"5";"09";"2023";"07:30";"1";"42";"42304";"2";"1";"1";"1";"D8";"45,52787700";"4,19677700"
"202300036475";"5";"09";"2023";"16:20";"1";"38";"38246";"2";"1";"1";"2";"D51";"45,53262000";"5,41778300"
"202300036476";"5";"09";"2023";"19:06";"1";"38";"38474";"1";"1";"1";"6";"D531";"45,21662400";"5,64567400"
"202300036477";"3";"09";"2023";"14:45";"1";"26";"26170";"1";"2";"1";"3";"D176";"44,90323900";"4,94290900"
"202300036478";"4";"09";"2023";"19:05";"1";"33";"33509";"1";"1";"1";"6";"D138";"44,99800567";" -0,23300081"
"202300036479";"4";"09";"2023";"18:05";"1";"33";"33494";"1";"1";"1";"1";"D6";"44,94915800";" -0,85255600"
"202300036480";"26";"08";"2023";"18:00";"1";"33";"33422";"2";"1";"1";"1";"Avenue du Las";"44,80716801";" -0,79261422"
"202300036481";"4";"09";"2023";"07:25";"1";"14";"14728";"2";"1";"1";"6";"2 Route du Château";"49,28605000";" -0,73597000"
"202300036482";"6";"09";"2023";"10:40";"1";"29";"29021";"2";"1";"1";"7";"Route de Menhir";"48,65431100";" -4,30301100"
"202300036483";"31";"08";"2023";"23:10";"3";"29";"29087";"1";"1";"3";"7";"Route de Kermenguy";"48,06075000";" -4,28071300"
"202300036484";"6";"09";"2023";"18:10";"1";"59";"59551";"2";"1";"7";"6";"715 Rue Jean Rache";"50,48276800";"3,33869300"
"202300036485";"5";"09";"2023";"15:00";"1";"59";"59336";"1";"1";"7";"7";"RD 47";"50,27955700";"3,04295200"
"202300036486";"4";"09";"2023";"15:37";"1";"13";"13212";"1";"1";"1";"2";"A507 sens Marseille - Aubagne";"43,31297000";"5,42393000"
"202300036487";"5";"09";"2023";"08:46";"1";"13";"13202";"1";"1";"1";"3";"A55-Sens Martigues vers Marseille";"43,31530000";"5,36500000"
"202300036488";"4";"09";"2023";"11:28";"1";"13";"13071";"1";"1";"1";"4";"A7-Sens Marseille vers Lyon";"43,41716002";"5,27526772"
"202300036489";"4";"09";"2023";"18:30";"1";"59";"59196";"1";"1";"1";"6";"AUTOROUTE A25";"50,63585000";"2,94455000"
"202300036490";"1";"09";"2023";"07:50";"2";"59";"59478";"1";"1";"3";"6";"AUTOROUTE A25";"50,94275000";"2,45208000"
"202300036491";"1";"09";"2023";"02:25";"3";"59";"59155";"1";"1";"2";"6";"AUTOROUTE A16";"51,01360000";"2,38272000"
"202300036492";"5";"09";"2023";"00:40";"3";"94";"94076";"1";"1";"1";"2";"A6B";"48,78543196";"2,34573083"
"202300036493";"4";"09";"2023";"15:48";"1";"91";"91179";"1";"1";"1";"2";"AUTOROUTE A6";"48,56700000";"2,47200000"
"202300036494";"4";"09";"2023";"16:00";"1";"92";"92036";"1";"1";"1";"3";"A86";"48,93480505";"2,28150149"
"202300036495";"3";"09";"2023";"01:20";"3";"95";"95572";"1";"1";"1";"2";"A15";"49,02885200";"2,12721900"
"202300036496";"5";"09";"2023";"17:30";"1";"77";"77258";"1";"1";"1";"4";"A4.Y";"48,83030000";"2,63104000"
"202300036497";"5";"07";"2023";"01:20";"5";"83";"83069";"2";"2";"1";"7";"FRONT DE MER (BOULEVARD)";"43,10549000";"6,17588000"
"202300036498";"4";"07";"2023";"19:05";"1";"83";"83061";"2";"3";"1";"3";"AVENUE DU HUIT MAI 1945";"43,43079000";"6,72505000"
"202300036499";"10";"06";"2023";"15:40";"1";"94";"94041";"2";"2";"1";"3";"Rue Denis Papin";"48,81374522";"2,39538833"
"202300036500";"4";"09";"2023";"17:10";"2";"988";"98818";"2";"3";"2";"3";"AVENUE BONAPARTE/RUE DE BOUZOULS";" -22,23646000";"166,46453000"
"202300036501";"4";"09";"2023";"17:10";"1";"974";"97416";"2";"1";"1";"6";"SAVIGNY (CHEMIN EDOUARD)";" -21,29734000";"55,49261000"
"202300036502";"4";"09";"2023";"07:38";"1";"974";"97416";"1";"1";"1";"2";"BADAMIER(CHEMIN)";" -21,31030000";"55,45620000"
"202300036503";"31";"08";"2023";"17:20";"1";"974";"97416";"1";"1";"1";"7";"MAURICE THOREZ(CHEMIN)";" -21,27760000";"55,46810000"
"202300036504";"4";"09";"2023";"18:20";"5";"973";"97302";"2";"4";"1";"3";"CATAYEE (JUSTIN)";"4,92556451";" -52,32413113"
"202300036505";"4";"09";"2023";"07:32";"1";"973";"97302";"2";"1";"1";"3";"CABASSOU (ROUTE DE)";"4,91983418";" -52,31922269"
"202300036506";"4";"09";"2023";"20:36";"5";"2B";"2B353";"1";"1";"1";"6";"CAP - ROUTE DU CAP";"42,71688100";"9,45530800"
"202300036507";"3";"09";"2023";"18:00";"2";"971";"97113";"2";"1";"1";"7";"SECTION GRANDE RAVINE";"16,21424000";" -61,48060000"
"202300036508";"3";"09";"2023";"18:20";"2";"971";"97113";"1";"1";"1";"3";"Morne Salines";"16,21069795";" -61,44166231"
"202300036509";"15";"08";"2023";"18:00";"1";"971";"97101";"1";"4";"1";"3";"ROUTE DE CHAZEAU";"16,28899000";" -61,48015000"
"202300036510";"20";"08";"2023";"08:34";"1";"95";"95210";"2";"2";"1";"7";"LIBERATION (RUE DE LA)";"48,97174000";"2,30509000"
"202300036511";"4";"09";"2023";"22:00";"2";"91";"91216";"2";"4";"1";"2";"GRAND VAUX (RUE)";"48,67571000";"2,33591000"
"202300036512";"4";"09";"2023";"12:45";"1";"91";"91223";"1";"1";"1";"7";"R.D.20";"48,43077000";"2,16458000"
"202300036513";"31";"08";"2023";"16:50";"1";"89";"89387";"1";"1";"2";"4";"D606";"48,16734000";"3,29843000"
"202300036514";"2";"09";"2023";"18:01";"1";"87";"87085";"2";"1";"1";"6";"PERRIN (RUE FRANCOIS)";"45,82889000";"1,24352000"
"202300036515";"3";"09";"2023";"03:10";"5";"86";"86194";"2";"1";"1";"6";"Rue Jean Valade";"46,56646300";"0,31417700"
"202300036516";"20";"08";"2023";"12:00";"1";"83";"83137";"2";"1";"1";"6";"15EME CORPS (AVE DU)";"43,12824000";"5,90855000"
"202300036517";"4";"09";"2023";"15:45";"1";"78";"78133";"2";"3";"1";"3";"MANTES (ROUTE DE)";"48,90884900";"2,04298200"
"202300036518";"4";"09";"2023";"11:00";"1";"78";"78350";"2";"1";"1";"2";"CONTI (QUAI)";"48,87670400";"2,11654200"
"202300036519";"4";"09";"2023";"16:35";"1";"77";"77284";"2";"2";"7";"2";"MARNE (RUE DE LA)";"48,95304000";"2,88534000"
"202300036520";"4";"09";"2023";"12:00";"1";"77";"77307";"2";"1";"1";"3";"RUE DE ROME";"48,85739800";"2,75531400"
"202300036521";"4";"09";"2023";"09:00";"1";"77";"77042";"2";"7";"1";"3";"RD 222";"48,82265581";"3,13701779"
"202300036522";"4";"09";"2023";"11:20";"1";"76";"76322";"2";"1";"1";"6";"Avenue des Provinces";"49,41031300";"1,05242640"
"202300036523";"4";"09";"2023";"09:30";"1";"76";"76410";"2";"2";"1";"6";"Rue Pasteur";"49,47738000";"1,04059000"
"202300036524";"2";"09";"2023";"13:13";"1";"76";"76351";"2";"1";"1";"2";"LOUIS BLANC";"49,50745000";"0,13097000"
"202300036525";"1";"09";"2023";"13:00";"1";"76";"76447";"2";"1";"1";"6";"LA LEZARDE (CENTRE COMMERCIAL)";"49,52709513";"0,19074090"
"202300036526";"3";"09";"2023";"17:20";"1";"72";"72181";"2";"1";"1";"2";"POITEVIN ALPHONSE (RUE)";"48,01424000";"0,20010000"
"202300036527";"4";"09";"2023";"08:00";"1";"69";"69264";"2";"1";"1";"6";"Avenue de l’Europe";"45,99792000";"4,73491000"
"202300036528";"3";"09";"2023";"17:00";"1";"67";"67482";"2";"1";"1";"7";"WELSCH (RUE)";"48,53225000";"7,76800000"