"Num_Acc";"jour";"mois";"an";"hrmn";"lum";"dep";"com";"agg";"int";"atm";"col";"adr";"lat";"long"
"202300037311";"26";"07";"2023";"17:45";"1";"974";"97415";"1";"1";"1";"1";"Chemin Tan Rouge";" -21,05592700";"55,28923800"
"202300037312";"27";"07";"2023";"10:50";"1";"60";"60275";"1";"1";"2";"6";"D22";"49,48910600";"1,90121400"
"202300037313";"27";"07";"2023";"14:34";"1";"22";"22209";"2";"1";"3";"6";"7 Rue de Joliet";"48,57894200";" -2,14720500"
"202300037314";"26";"07";"2023";"13:50";"1";"33";"33327";"2";"8";"3";"3";"Cours Georges Clémenceau";"44,65029600";" -0,36082100"
"202300037315";"26";"07";"2023";"15:45";"1";"84";"84069";"1";"1";"1";"1";"RD 90";"44,17704900";"5,12588400"
"202300037316";"26";"07";"2023";"21:25";"3";"974";"97412";"2";"1";"2";"6";"Rue Charles Baudelaire";" -21,38176200";"55,64533800"
"202300037317";"26";"07";"2023";"07:00";"1";"21";"21449";"1";"1";"1";"2";"A6";"47,39317800";"4,36122900"
"202300037318";"27";"07";"2023";"08:45";"1";"19";"19248";"1";"1";"1";"2";"A20";"45,44799263";"1,50928426"
"202300037319";"27";"07";"2023";"07:20";"1";"41";"41093";"1";"1";"1";"6";"A10";"47,60946100";"1,13193500"
"202300037320";"27";"07";"2023";"09:50";"1";"30";"30334";"2";"1";"1";"6";"Avenue Georges Chauvin";"44,01331400";"4,41441400"
"202300037321";"22";"07";"2023";"08:55";"1";"57";"57407";"2";"1";"1";"6";"Route de Bickenholtz";"48,77483079";"7,14207023"
"202300037322";"27";"07";"2023";"00:45";"3";"56";"56251";"1";"1";"1";"6";"Chemin de la Fontaine Guehec";"47,60754000";" -2,68447000"
"202300037323";"26";"07";"2023";"16:00";"1";"74";"74234";"2";"1";"1";"3";"328 Chemin du Pré Corbet";"45,76432000";"6,30249400"
"202300037324";"26";"07";"2023";"18:40";"1";"77";"77416";"1";"1";"7";"6";"D12";"48,61065400";"3,14323800"
"202300037325";"26";"07";"2023";"07:20";"1";"33";"33235";"1";"1";"1";"3";"Lieu Dit Montarasse RD655";"44,39167900";" -0,10335600"
"202300037326";"26";"07";"2023";"20:40";"1";"71";"71137";"2";"1";"1";"6";"Rue Porte de Paris";"46,43605700";"4,66127700"
"202300037327";"23";"07";"2023";"19:28";"1";"89";"89074";"2";"3";"1";"2";"N/A";"48,32291000";"3,12977000"
"202300037328";"27";"07";"2023";"01:45";"3";"63";"63381";"2";"1";"1";"7";"19 Route de Bosloup";"45,83178600";"2,89861000"
"202300037329";"26";"07";"2023";"19:50";"1";"49";"49331";"1";"1";"7";"1";"Route du Tertre (Montguillon)";"47,73948200";" -0,76582400"
"202300037330";"17";"07";"2023";"18:17";"1";"68";"68258";"2";"3";"1";"3";"1 Rue de Cernay";"47,83360200";"7,30107500"
"202300037331";"22";"07";"2023";"01:00";"3";"22";"22222";"2";"4";"1";"5";"D786";"48,68909100";" -2,93161200"
"202300037332";"26";"07";"2023";"22:15";"4";"25";"25490";"1";"1";"1";"6";"Route de Vandelans";"47,39204700";"6,17330300"
"202300037333";"26";"07";"2023";"18:20";"1";"25";"25014";"1";"1";"1";"7";"Rue des Chevrioles";"47,31146000";"6,15988600"
"202300037334";"27";"07";"2023";"10:40";"1";"84";"84017";"1";"1";"1";"7";"Route du Mont-ventoux";"44,17082700";"5,28484200"
"202300037335";"26";"07";"2023";"20:32";"1";"72";"72176";"1";"2";"1";"1";"D48";"47,62058500";"0,15198500"
"202300037336";"27";"07";"2023";"17:59";"1";"24";"24564";"1";"1";"1";"7";"D5 LE PAULY";"45,24108300";"0,28408900"
"202300037337";"27";"07";"2023";"12:35";"1";"85";"85108";"2";"6";"1";"7";"31 Rue du val de loire";"46,91194100";" -1,38105900"
"202300037338";"26";"07";"2023";"09:15";"1";"17";"17385";"1";"1";"8";"1";"RD 126";"45,95540100";" -1,24870800"
"202300037339";"27";"07";"2023";"15:00";"1";"45";"45120";"1";"1";"1";"2";"A77 PR 76 + 200";"47,60431100";"2,83378600"
"202300037340";"19";"06";"2023";"07:20";"1";"988";"98805";"1";"4";"1";"3";"VE2/Bretelle d'insertion menant à KENUIN";" -22,21950900";"166,47007400"
"202300037341";"27";"07";"2023";"14:04";"1";"01";"01038";"1";"1";"1";"7";"Autoroute A39 PK135.800";"46,32550900";"5,27125400"
"202300037342";"26";"07";"2023";"20:30";"1";"67";"67150";"2";"1";"1";"6";"41 rue de la mairie";"48,61279200";"7,56256300"
"202300037343";"27";"07";"2023";"13:30";"1";"06";"06085";"1";"1";"1";"6";"Autoroute A8 PK 169.500, chaussée sud";"43,59036900";"7,03528400"
"202300037344";"27";"07";"2023";"08:40";"1";"38";"38343";"1";"1";"1";"2";"A43, PR 065.200, direction LYON";"45,57580300";"5,63981700"
"202300037345";"26";"07";"2023";"21:25";"2";"66";"66008";"2";"1";"1";"1";"N/A";"42,57792300";"3,03351400"
"202300037346";"26";"07";"2023";"12:10";"1";"04";"04062";"1";"1";"1";"7";"Chemin du Clausal";"44,44461900";"6,73392700"
"202300037347";"25";"07";"2023";"15:00";"1";"04";"04143";"2";"9";"1";"6";"D4";"43,92304700";"5,91163200"
"202300037348";"26";"07";"2023";"09:50";"1";"13";"13059";"1";"3";"1";"3";"Route Departementale 96";"43,64309159";"5,54360569"
"202300037349";"20";"07";"2023";"23:00";"3";"13";"13041";"1";"1";"1";"6";"D6";"43,46711600";"5,46728600"
"202300037350";"26";"07";"2023";"19:44";"1";"89";"89337";"2";"3";"8";"3";"13 Route de Champs";"47,74216700";"3,64837600"
"202300037351";"26";"07";"2023";"18:15";"1";"88";"88270";"2";"1";"1";"2";"D674";"48,31746500";"5,59405300"
"202300037352";"26";"07";"2023";"15:30";"1";"57";"57443";"2";"1";"1";"7";"Rue de l?Amitie";"49,22054700";"6,12499100"
"202300037353";"27";"07";"2023";"17:30";"1";"03";"03104";"1";"3";"1";"3";"Route de Montluçon";"46,33435100";"2,78409500"
"202300037354";"26";"07";"2023";"17:10";"1";"38";"38170";"2";"1";"1";"6";"Grande Rue";"45,25548400";"5,66496800"
"202300037355";"27";"07";"2023";"11:11";"1";"07";"07026";"1";"1";"1";"7";"D16";"44,83670400";"4,09470900"
"202300037356";"26";"07";"2023";"10:20";"1";"16";"16078";"1";"1";"1";"7";"Rue des Cerisiers";"45,69820500";"0,18991300"
"202300037357";"22";"06";"2023";"02:20";"3";"95";"95252";"1";"1";"1";"2";"A15";"48,98490000";"2,21555000"
"202300037358";"21";"06";"2023";"22:35";"3";"93";"93066";"1";"1";"1";"4";"AUTOROUTE A1";"48,92450000";"2,35715000"
"202300037359";"18";"06";"2023";"19:15";"1";"95";"95641";"1";"1";"2";"2";"A1";"49,06135043";"2,55175173"
"202300037360";"22";"06";"2023";"08:15";"1";"13";"13005";"2";"1";"1";"3";"SALENGRO (AVENUE ROGER)";"43,30356000";"5,57169000"
"202300037361";"21";"06";"2023";"19:35";"1";"75";"75109";"2";"1";"1";"2";"BOULEVARD DE CLICHY";"48,88440200";"2,32945900"
"202300037362";"16";"06";"2023";"22:45";"5";"76";"76540";"2";"1";"1";"6";"Rue de Lessard";"49,42762600";"1,09581600"
"202300037363";"16";"04";"2023";"03:00";"3";"22";"22215";"2";"1";"1";"6";"LOGE (RUE DE LA)";"48,47385000";" -2,80035000"
"202300037364";"24";"02";"2023";"16:00";"1";"26";"26083";"1";"1";"8";"1";"d53";"45,25122400";"4,94826800"
"202300037365";"21";"06";"2023";"16:32";"1";"973";"97302";"2";"6";"1";"6";"MIRZA (ROND-POINT)";"4,93263183";" -52,32639760"
"202300037366";"22";"06";"2023";"18:05";"2";"69";"69387";"2";"1";"3";"7";"Avenue Tony Garnier";"45,72648695";"4,82623816"
"202300037367";"22";"06";"2023";"12:15";"1";"69";"69386";"2";"1";"2";"6";"Rue de Sèze";"45,76907000";"4,85632000"
"202300037368";"22";"06";"2023";"08:15";"1";"69";"69388";"2";"8";"1";"3";"Rue Nungesser et Coli";"45,74238000";"4,88000000"
"202300037369";"22";"06";"2023";"18:25";"1";"69";"69034";"2";"3";"8";"3";"Avenue Général Leclerc";"45,79880000";"4,85252000"
"202300037370";"21";"06";"2023";"18:36";"1";"2A";"2A271";"1";"1";"1";"1";"T20";"41,96111500";"8,81284400"
"202300037371";"22";"06";"2023";"10:30";"1";"95";"95088";"1";"1";"3";"2";"D170";"48,97755000";"2,43397000"
"202300037372";"21";"06";"2023";"14:28";"1";"91";"91347";"2";"3";"1";"3";"RTE DE MONTLHERY";"48,63525300";"2,28563200"
"202300037373";"17";"06";"2023";"23:10";"5";"91";"91657";"2";"5";"1";"3";"RUE JULES VERNE";"48,70017000";"2,43757000"
"202300037374";"22";"06";"2023";"17:35";"1";"91";"91479";"2";"2";"1";"3";"AV JEAN JAURES";"48,70803700";"2,36571600"
"202300037375";"21";"06";"2023";"23:45";"5";"80";"80021";"2";"6";"1";"3";"ROUBAIX (BOULEVARD DE )";"49,91151000";"2,31571000"
"202300037376";"21";"06";"2023";"20:50";"1";"80";"80021";"2";"1";"1";"1";"MASSEY (RUE)";"49,90014000";"2,31177000"
"202300037377";"22";"06";"2023";"08:20";"1";"78";"78551";"2";"1";"2";"6";"AMPERE";"48,90071000";"2,08048000"
"202300037378";"22";"06";"2023";"12:50";"1";"78";"78642";"2";"3";"1";"3";"VIGNES RUE DES";"48,97740000";"1,96929000"
"202300037379";"22";"06";"2023";"12:55";"1";"78";"78172";"2";"1";"2";"1";"CARNOT (AVENUE)";"48,99713000";"2,09395000"
"202300037380";"21";"06";"2023";"19:10";"1";"76";"76351";"1";"1";"1";"7";"VINGT QUATRIEME TERRITORIAL (CHAUSSEE DU";"49,49064000";"0,12160000"
"202300037381";"22";"06";"2023";"20:15";"1";"74";"74305";"2";"1";"2";"2";"BUCHILLONS (AVENUE DES)";"46,19914000";"6,26677000"
"202300037382";"21";"06";"2023";"18:45";"1";"72";"72181";"2";"9";"1";"2";"BOUVET ROGER (RUE) N° PAIRS";"48,01286000";"0,18328000"
"202300037383";"21";"06";"2023";"18:10";"1";"72";"72181";"2";"9";"1";"3";"COURBOULAY PAUL (RUE)";"48,00532300";"0,19596100"
"202300037384";"21";"06";"2023";"18:22";"1";"71";"71306";"2";"1";"1";"2";"ROGER SALENGRO (AVENUE)";"46,66880000";"4,36061000"
"202300037385";"21";"06";"2023";"15:45";"1";"71";"71306";"2";"1";"1";"1";"HENRI VAIRON (RUE)";"46,65395681";"4,36075956"
"202300037386";"21";"06";"2023";"16:30";"1";"71";"71270";"2";"1";"1";"6";"NORMANDIE (RUE DE)";"46,32149000";"4,82907000"
"202300037387";"21";"06";"2023";"18:45";"1";"69";"69259";"2";"3";"1";"3";"Route de Vienne";"45,72418629";"4,85411603"
"202300037388";"22";"06";"2023";"14:10";"1";"67";"67482";"2";"3";"1";"3";"BALE (RUE DE)";"48,56526000";"7,76770000"
"202300037389";"22";"06";"2023";"00:10";"5";"67";"67447";"2";"3";"1";"3";"SAVERNE (RUE DE)";"48,61185000";"7,74445000"
"202300037390";"21";"06";"2023";"18:26";"1";"66";"66136";"2";"1";"1";"6";"";"42,69027985";"2,88094461"
"202300037391";"21";"06";"2023";"17:45";"1";"66";"66136";"2";"1";"1";"6";"";"42,67022000";"2,88305000"
"202300037392";"17";"06";"2023";"11:35";"1";"65";"65433";"2";"4";"1";"1";"Boulevard du Pic du Midi";"43,19842000";"0,10003000"
"202300037393";"21";"06";"2023";"14:10";"1";"65";"65286";"2";"1";"2";"6";"Avenue François Abadie";"43,10927600";" -0,03807800"
"202300037394";"22";"06";"2023";"14:50";"1";"64";"64445";"2";"9";"8";"4";"LEON BLUM";"43,31741000";" -0,33009000"
"202300037395";"22";"06";"2023";"08:35";"1";"64";"64102";"2";"1";"2";"3";"MOUNEDE (AVENUE DE)";"43,49891000";" -1,45800000"
"202300037396";"21";"06";"2023";"14:37";"1";"64";"64024";"2";"1";"1";"2";"ESPAGNE (AVENUE D')";"43,47667000";" -1,52622000"
"202300037397";"20";"06";"2023";"20:45";"1";"64";"64102";"2";"1";"3";"7";"AMADE  (ROND POINT)";"43,50206000";" -1,47832000"
"202300037398";"14";"06";"2023";"21:00";"1";"64";"64024";"2";"1";"1";"7";"BAB (BOULEVARD DU)";"43,49658000";" -1,51060000"
"202300037399";"22";"06";"2023";"15:50";"1";"63";"63113";"2";"2";"2";"3";"Gautier / Lavoisier";"45,78349672";"3,07523310"
"202300037400";"22";"06";"2023";"12:00";"1";"63";"63308";"2";"6";"1";"2";"Rouzaud / Vaquez";"45,76737000";"3,05607000"
"202300037401";"21";"06";"2023";"19:00";"1";"62";"62386";"2";"2";"1";"6";"Boulevard Garros";"50,45345400";"2,73399300"
"202300037402";"22";"06";"2023";"17:15";"1";"61";"61497";"1";"1";"1";"7";"D500";"48,46000000";"0,11300000"
"202300037403";"17";"06";"2023";"05:27";"2";"60";"60159";"1";"9";"1";"3";"Route Nationale 31";"49,41258000";"2,92505000"
"202300037404";"22";"06";"2023";"18:15";"1";"59";"59512";"2";"1";"1";"6";"DELORY (AVENUE GUSTAVE)";"50,67609000";"3,16932000"
"202300037405";"16";"06";"2023";"07:50";"1";"59";"59350";"2";"1";"1";"3";"TURENNE RUE";"50,62938100";"3,03636900"
"202300037406";"21";"06";"2023";"22:50";"4";"57";"57757";"2";"3";"1";"6";"CHEMIN DE FER (RUE DU)";"49,35796000";"6,18846000"
"202300037407";"22";"06";"2023";"19:30";"1";"57";"57463";"2";"1";"1";"7";"NEY (AVENUE )";"49,11307400";"6,16945700"
"202300037408";"21";"06";"2023";"10:45";"1";"56";"56098";"2";"1";"1";"7";"D194";"47,76599000";" -3,32827000"
"202300037409";"21";"06";"2023";"17:29";"1";"54";"54578";"2";"1";"1";"6";"Avenue de la Libération";"48,67849000";"6,16060000"
"202300037410";"21";"06";"2023";"08:40";"1";"54";"54395";"2";"1";"1";"2";"Rue Molitor";"48,68593100";"6,19711800"
"202300037411";"22";"06";"2023";"18:50";"1";"54";"54323";"2";"1";"1";"2";"Avenue Raymond Poincaré";"49,52645000";"5,77638000"
"202300037412";"22";"06";"2023";"13:10";"1";"51";"51573";"2";"1";"2";"6";"CARREFOUR (ROUTE DE SOISSONS)";"49,25406000";"3,97861000"
"202300037413";"22";"06";"2023";"08:20";"1";"51";"51454";"2";"1";"3";"3";"GOSSET (RUE) DU N° 1 AU 83 ET DU N° 48 A";"49,26660000";"4,04321000"
"202300037414";"22";"06";"2023";"05:20";"2";"51";"51454";"2";"1";"1";"7";"TAISSY (RUE DE)";"49,23440000";"4,04582000"
"202300037415";"22";"06";"2023";"11:26";"1";"49";"49007";"2";"6";"2";"3";"COUBERTIN BOULEVARD";"47,46733000";" -0,52975000"
"202300037416";"21";"06";"2023";"16:56";"1";"49";"49007";"2";"1";"1";"3";"AMSLER IMPASSE ET RUE";"47,48501000";" -0,55419000"
"202300037417";"22";"06";"2023";"15:15";"1";"45";"45232";"2";"1";"1";"6";"Boulevard Victor Hugo";"47,86095179";"1,88429475"
"202300037418";"22";"06";"2023";"02:55";"5";"45";"45234";"2";"2";"8";"3";"6bis Rue Émile Davoust";"47,90370000";"1,90970000"
"202300037419";"22";"06";"2023";"08:20";"1";"45";"45208";"2";"1";"3";"6";"24 Rue Paul Doumer";"47,99884960";"2,74322274"
"202300037420";"22";"06";"2023";"19:00";"1";"44";"44143";"2";"9";"1";"3";"1 Rue Ordronneau";"47,19323000";" -1,57654000"
"202300037421";"22";"06";"2023";"18:09";"1";"44";"44109";"2";"8";"1";"1";"3 Boulevard René Cassin";"47,26329000";" -1,58014000"
"202300037422";"22";"06";"2023";"06:20";"1";"43";"43046";"2";"6";"1";"1";"Avenue des Champs-elysees";"45,05441000";"3,89919000"
"202300037423";"22";"06";"2023";"09:40";"1";"37";"37261";"2";"3";"1";"3";"HOSPITALITE (RUE DE L')";"47,39077000";"0,67202000"
"202300037424";"22";"06";"2023";"22:50";"5";"35";"35238";"2";"1";"1";"6";"GUILLOUX (LOUIS)";"48,11090000";" -1,70049000"
"202300037425";"22";"06";"2023";"01:15";"5";"34";"34172";"2";"1";"1";"1";"151 Avenue du Pont Trinquat";"43,60048000";"3,88680000"
"202300037426";"15";"06";"2023";"11:00";"1";"34";"34003";"2";"6";"1";"3";"Rond-point Tours de Saint-Martin";"43,28303471";"3,49778026"
"202300037427";"21";"06";"2023";"22:50";"5";"33";"33063";"2";"1";"2";"3";"Quai Louis XVIII";"44,84473000";" -0,57065000"
"202300037428";"21";"06";"2023";"18:35";"1";"33";"33281";"2";"6";"1";"3";"Avenue René Cassin";"44,83391000";" -0,69234000"
"202300037429";"15";"06";"2023";"18:30";"1";"33";"33063";"2";"2";"1";"3";"Place Amélie Raba Léon";"44,83047100";" -0,60287207"
"202300037430";"22";"06";"2023";"20:36";"1";"31";"31149";"2";"6";"1";"2";"ROND POINT FLANDRES DUNKERQUE";"43,61419334";"1,34093218"
"202300037431";"22";"06";"2023";"18:50";"1";"31";"31555";"2";"1";"1";"6";"RUE DOMINIQUE CLOS";"43,60614000";"1,36406000"
"202300037432";"22";"06";"2023";"14:35";"1";"30";"30028";"2";"3";"3";"3";"Avenue de la Mayre";"44,15526000";"4,61726000"
"202300037433";"22";"06";"2023";"16:35";"1";"29";"29232";"2";"1";"1";"2";"Boulevard Louis le Guennec";"47,98031400";" -4,10025300"
"202300037434";"15";"06";"2023";"09:20";"1";"29";"29019";"1";"1";"1";"2";"D112 ";"48,42255903";" -4,47687371"
"202300037435";"22";"06";"2023";"00:05";"3";"28";"28209";"1";"1";"1";"5";"RN 1154";"48,47602000";"1,46112000"
"202300037436";"22";"06";"2023";"00:45";"3";"28";"28209";"1";"1";"1";"6";"RD 339";"48,47842000";"1,47159000"
"202300037437";"21";"06";"2023";"18:00";"1";"27";"27681";"2";"1";"1";"7";"CAPUCINS (AVENUE DES)";"49,09438000";"1,47296000"
"202300037438";"21";"06";"2023";"16:40";"1";"27";"27554";"1";"1";"1";"7";"PERRIERS (RUE DES)";"49,10110000";"1,37906000"
"202300037439";"21";"06";"2023";"17:20";"1";"27";"27229";"1";"1";"1";"6";"SAINT ANDRE (ROUTE DE)";"49,01400000";"1,16410000"
"202300037440";"21";"06";"2023";"16:43";"1";"18";"18279";"1";"1";"3";"3";"";"47,26830000";"2,05966200"
"202300037441";"22";"06";"2023";"09:25";"1";"17";"17415";"2";"4";"2";"3";"ORMEAU DE PIED RUE DE L'";"45,74320561";" -0,66427800"
"202300037442";"22";"06";"2023";"15:00";"1";"15";"15014";"2";"3";"2";"3";"LECLERC (AVENUE DU GENERAL)";"44,90631000";"2,45016000"
"202300037443";"22";"06";"2023";"06:35";"1";"15";"15014";"2";"2";"2";"3";" N122";"44,91259000";"2,43489000"
"202300037444";"2";"06";"2023";"15:20";"1";"13";"13026";"2";"1";"1";"7";"RN 568";"43,39161251";"5,15802180"
"202300037445";"22";"06";"2023";"10:00";"1";"13";"13214";"2";"2";"2";"3";"MONT LEON (RUE)";"43,33101000";"5,38285000"
"202300037446";"21";"06";"2023";"15:04";"1";"10";"10362";"2";"3";"1";"3";"MARECHAL FOCH (RUE)";"48,29342400";"4,05004700"
"202300037447";"21";"06";"2023";"14:00";"1";"10";"10343";"2";"1";"1";"3";"DIJON (BDL)";"48,27040000";"4,08700000"
"202300037448";"22";"06";"2023";"15:00";"1";"06";"06088";"2";"3";"8";"3";"STE-MARGUERITE (AV.) (A PARTIR DU 62-63)";"43,70480400";"7,19784300"
"202300037449";"16";"06";"2023";"11:15";"1";"06";"06088";"2";"1";"1";"6";"VERDUN (AV. DE)";"43,69723000";"7,26972000"
"202300037450";"13";"06";"2023";"21:30";"2";"06";"06069";"2";"1";"2";"3";"CARNOT (BOULEVARD ET TRAVERSE)";"43,65674200";"6,92294800"
"202300037451";"22";"06";"2023";"08:15";"1";"75";"75116";"2";"1";"3";"3";"PORTE MAILLOT";"48,87059700";"2,27235200"
"202300037452";"21";"06";"2023";"09:30";"1";"75";"75116";"2";"1";"1";"7";"PORTE MAILLOT";"48,87436400";"2,27595500"
"202300037453";"20";"06";"2023";"13:05";"1";"75";"75118";"2";"1";"1";"2";"BD PERIPHERIQUE INTERIEUR";"48,90104100";"2,35076400"
"202300037454";"17";"06";"2023";"15:55";"1";"75";"75116";"2";"1";"1";"2";"PORTE DE PASSY";"48,85724600";"2,25848900"
"202300037455";"16";"06";"2023";"08:00";"1";"75";"75116";"2";"4";"1";"4";"BD PERIPHERIQUE INTERIEUR";"48,86566345";"2,26823330"
"202300037456";"9";"06";"2023";"10:40";"1";"75";"75114";"2";"1";"1";"2";"PORTE DE CHATILLON";"48,82256100";"2,31416900"
"202300037457";"15";"06";"2023";"10:15";"1";"75";"75105";"2";"1";"1";"3";"RUE CLAUDE BERNARD";"48,83953800";"2,34793500"
"202300037458";"22";"06";"2023";"18:15";"1";"75";"75120";"2";"1";"1";"2";"RUE DE BAGNOLET";"48,86248800";"2,40646300"
"202300037459";"22";"06";"2023";"12:00";"1";"75";"75120";"2";"3";"2";"6";"RUE DES PYRENEES";"48,87371700";"2,38955000"
"202300037460";"22";"06";"2023";"08:20";"1";"75";"75120";"2";"1";"3";"1";"RUE DU CAPITAINE TARRON";"48,86527900";"2,40838000"
"202300037461";"22";"06";"2023";"01:10";"5";"75";"75120";"2";"3";"1";"3";"RUE D AVRON";"48,85294000";"2,40746000"
"202300037462";"22";"06";"2023";"16:50";"1";"75";"75119";"2";"1";"1";"7";"RUE DE LA VILLETTE";"48,87835100";"2,38813000"
"202300037463";"21";"06";"2023";"23:40";"5";"75";"75119";"2";"2";"1";"3";"RUE DE CRIMEE";"48,88501200";"2,38328400"
"202300037464";"22";"06";"2023";"11:30";"1";"75";"75116";"2";"3";"8";"4";"AVENUE DE NEW YORK";"48,86327300";"2,29635100"
"202300037465";"22";"06";"2023";"09:50";"1";"75";"75116";"2";"1";"3";"2";"ALLEE DE LA REINE MARGUERITE";"48,84941300";"2,24201800"
"202300037466";"22";"06";"2023";"07:45";"1";"75";"75115";"2";"2";"3";"6";"AVENUE EMILE ZOLA";"48,84656000";"2,28600200"
"202300037467";"22";"06";"2023";"02:20";"5";"75";"75105";"2";"2";"1";"1";"QUAI DE LA TOURNELLE";"48,85110700";"2,35130100"
"202300037468";"21";"06";"2023";"13:15";"1";"75";"75115";"2";"1";"1";"2";"BOULEVARD DE VAUGIRARD";"48,84074600";"2,31609900"
"202300037469";"22";"06";"2023";"16:15";"1";"75";"75114";"2";"1";"1";"3";"RUE DU COMMANDANT RENE MOUCHOTTE";"48,83784100";"2,31911000"
"202300037470";"22";"06";"2023";"20:50";"1";"75";"75110";"2";"2";"1";"2";"RUE DE SAMBRE ET MEUSE";"48,87522100";"2,37032200"
"202300037471";"22";"06";"2023";"00:55";"5";"75";"75110";"2";"1";"1";"1";"BOULEVARD DE MAGENTA";"48,87318100";"2,35884000"
"202300037472";"7";"11";"2023";"11:55";"1";"72";"72181";"2";"1";"1";"4";"BOLLEE (AV) N° PAIRS 224 ET >";"47,99749000";"0,22863000"
"202300037473";"22";"06";"2023";"02:30";"5";"75";"75110";"2";"1";"1";"6";"PLACE DE LA BATAILLE DE STALINGRAD";"48,88334700";"2,36915400"
"202300037474";"21";"06";"2023";"11:00";"1";"75";"75110";"2";"2";"1";"3";"RUE LEON JOUHAUX";"48,86914219";"2,36434579"
"202300037475";"6";"11";"2023";"12:48";"1";"72";"72181";"2";"1";"8";"4";"CLEMENCEAU GEORGES ( BD) N° PAIRS";"47,98025000";"0,21635000"
"202300037476";"6";"11";"2023";"08:55";"1";"72";"72181";"2";"1";"1";"6";"EINSTEIN ALBERT (RUE)";"48,02414000";"0,17701000"
"202300037477";"22";"06";"2023";"13:00";"1";"75";"75109";"2";"2";"2";"6";"RUE DE LA CHAUSSEE D ANTIN";"48,87428400";"2,33269900"
"202300037478";"7";"11";"2023";"19:52";"5";"69";"69256";"2";"1";"1";"6";"Rue de la République";"45,78444000";"4,93294000"
"202300037479";"22";"06";"2023";"02:20";"5";"75";"75107";"2";"2";"1";"3";"RUE SAINT DOMINIQUE";"48,85995600";"2,31483900"
"202300037480";"21";"06";"2023";"19:00";"1";"75";"75107";"2";"2";"1";"7";"AVENUE DU MARECHAL GALLIENI";"48,86105800";"2,31324100"
"202300037481";"7";"11";"2023";"16:30";"1";"69";"69266";"2";"4";"2";"3";"Rue Léon Blum";"45,76309725";"4,91384081"
"202300037482";"22";"06";"2023";"12:02";"1";"75";"75104";"2";"2";"8";"3";"RUE MORNAY";"48,84951700";"2,36562900"
"202300037483";"22";"06";"2023";"09:10";"1";"94";"94015";"2";"9";"3";"6";"1 Rue du Sergent Hoff";"48,83854000";"2,52144700"
"202300037484";"7";"11";"2023";"21:40";"3";"69";"69092";"1";"1";"1";"6";"Route du Saule d’Oingt";"45,98136445";"4,66840916"
"202300037485";"22";"06";"2023";"09:40";"1";"94";"94016";"2";"1";"3";"7";"Avenue Léon Blum";"48,78634059";"2,33753550"
"202300037486";"22";"06";"2023";"13:21";"1";"94";"94021";"2";"6";"1";"1";"GENERAL LECLERC (R DU)";"48,76704427";"2,36296029"
"202300037487";"6";"11";"2023";"15:45";"1";"69";"69290";"2";"3";"1";"6";"Rue Aristide Briand";"45,69010000";"4,93715000"
"202300037488";"6";"11";"2023";"08:25";"1";"69";"69259";"2";"1";"1";"2";"Boulevard Périphérique Laurent Bonnevay";"45,71983453";"4,88060670"
"202300037489";"21";"06";"2023";"10:45";"1";"94";"94033";"2";"1";"1";"3";"Rue du Clos d'Orléans";"48,84337951";"2,46770230"
"202300037490";"22";"06";"2023";"15:10";"1";"94";"94054";"2";"1";"1";"3";"Avenue Adrien Raynal";"48,74468000";"2,40709000"
"202300037491";"7";"11";"2023";"16:15";"1";"67";"67447";"2";"1";"1";"2";"VINGT TROIS NOVEMBRE (AVENUE DU)";"48,60744000";"7,73078000"
"202300037492";"7";"11";"2023";"14:30";"1";"67";"67447";"2";"1";"2";"2";"MAIRIE (RUE DE LA)";"48,60399000";"7,75033000"
"202300037493";"21";"06";"2023";"14:30";"1";"94";"94022";"2";"9";"1";"3";"Avenue Victor Hugo";"48,76880625";"2,42072448"
"202300037494";"22";"06";"2023";"15:30";"1";"93";"93073";"2";"1";"1";"2";"7 Rue Pierre Brossolette";"48,94974461";"2,57310334"
"202300037495";"7";"11";"2023";"11:50";"1";"64";"64102";"2";"1";"1";"3";"URSULE (PLACE SAINTE)";"43,49590000";" -1,47192000"
"202300037496";"22";"06";"2023";"17:15";"1";"93";"93059";"2";"1";"1";"6";"Avenue Nungesser et Coli";"48,95250000";"2,36570000"
"202300037497";"6";"11";"2023";"16:35";"1";"63";"63113";"2";"1";"2";"3";"PRE LA REINE (RUE DU)";"45,78131193";"3,11029494"
"202300037498";"22";"06";"2023";"19:50";"1";"93";"93071";"2";"1";"1";"1";"Avenue de Livry";"48,93198000";"2,53815000"
"202300037499";"19";"05";"2023";"08:40";"1";"92";"92078";"1";"1";"1";"7";"AUTOROUTE A86";"48,93242696";"2,32203879"
"202300037500";"21";"06";"2023";"10:00";"1";"93";"93066";"2";"1";"1";"2";"Avenue Francois Mitterrand";"48,91817641";"2,35523005"
"202300037501";"7";"11";"2023";"18:30";"3";"62";"62907";"1";"9";"2";"3";"D917";"50,48502000";"2,98370000"
"202300037502";"20";"05";"2023";"17:27";"1";"94";"94017";"1";"1";"1";"3";"A4";"48,83020089";"2,49576700"
"202300037503";"22";"06";"2023";"07:30";"1";"93";"93064";"2";"1";"3";"6";"Rue Etienne Dolet";"48,87688076";"2,46816553"
"202300037504";"7";"11";"2023";"13:20";"1";"62";"62774";"2";"1";"1";"3";"D940";"50,95740000";"1,82000000"
"202300037505";"22";"06";"2023";"19:50";"1";"93";"93048";"2";"7";"1";"3";"Boulevard de Chanzy / Place du Marché";"48,85838000";"2,43431000"
"202300037506";"19";"05";"2023";"23:20";"3";"94";"94046";"1";"1";"1";"2";"A86";"48,81086274";"2,44891790"