"Num_Acc";"jour";"mois";"an";"hrmn";"lum";"dep";"com";"agg";"int";"atm";"col";"adr";"lat";"long"
"202300038096";"11";"04";"2023";"12:11";"1";"50";"50484";"2";"2";"8";"6";"Rue de Mortain";"48,57745000";" -1,09320900"
"202300038097";"16";"05";"2023";"12:25";"1";"59";"59527";"2";"3";"1";"3";"CARNOT SADI RUE";"50,66284000";"3,05713000"
"202300038098";"25";"02";"2023";"18:35";"5";"92";"92073";"2";"1";"1";"3";"DASSAULT (QUAI MARCEL)";"48,86022718";"2,22458303"
"202300038099";"13";"07";"2023";"18:20";"1";"14";"14654";"1";"1";"1";"1";"Les Cheminees (Saint-Pierre-sur-Dives)";"49,02301100";" -0,04916000"
"202300038100";"3";"04";"2023";"09:00";"1";"09";"09103";"2";"4";"3";"3";"Vallée de la Lèze";"43,01241200";"1,60803800"
"202300038101";"13";"05";"2023";"17:30";"1";"57";"57306";"2";"1";"1";"6";"CASTELNAU (RUE DU GENERAL DE)";"49,32712186";"6,05781198"
"202300038102";"25";"02";"2023";"17:05";"1";"92";"92064";"2";"2";"1";"3";"CARNOT";"48,84665000";"2,22353000"
"202300038103";"25";"06";"2023";"09:20";"1";"14";"14480";"1";"1";"1";"2";"RN 13 PR124+400 sens Cherbourg/Caen";"49,32722000";" -1,07846300"
"202300038104";"25";"02";"2023";"08:30";"1";"974";"97415";"2";"1";"1";"6";"Chemin Ravine Bernica";" -21,01422500";"55,27353600"
"202300038105";"16";"05";"2023";"07:20";"1";"54";"54403";"2";"8";"1";"3";"Route de Norroy";"48,93287000";"6,03911000"
"202300038106";"31";"08";"2023";"18:10";"1";"50";"50066";"2";"1";"1";"6";"MAIRIE (RUE DE LA)";"48,81463000";" -1,56873000"
"202300038107";"10";"04";"2023";"22:30";"5";"45";"45234";"1";"1";"2";"1";"Avenue Gaston Galloux";"47,84919380";"1,94327921"
"202300038108";"25";"02";"2023";"18:50";"2";"17";"17315";"2";"4";"1";"3";"Rue du Chemin Vert";"46,13535200";" -1,00853700"
"202300038109";"11";"04";"2023";"17:45";"1";"64";"64339";"2";"1";"1";"7";"4 Avenue de Betharram";"43,12682500";" -0,20758200"
"202300038110";"16";"08";"2023";"19:20";"1";"50";"50147";"2";"1";"1";"2";"DIVISION LECLERC";"49,05860000";" -1,43618000"
"202300038111";"17";"05";"2023";"16:21";"1";"54";"54526";"1";"1";"1";"6";"rocade sud est";"48,68306000";"6,22077000"
"202300038112";"21";"02";"2023";"23:55";"3";"972";"97210";"1";"1";"1";"1";"RN 6";"14,61139800";" -60,89793600"
"202300038113";"10";"04";"2023";"16:25";"1";"43";"43051";"1";"1";"1";"7";"lieu dit le Bronchet";"45,02710200";"4,30321300"
"202300038114";"24";"02";"2023";"19:00";"5";"67";"67460";"2";"1";"3";"6";"69 Rue du Général Leclerc";"48,75482700";"7,59118800"
"202300038115";"17";"05";"2023";"12:15";"1";"54";"54395";"2";"2";"1";"6";"Rue des Jardiniers";"48,69270000";"6,18991000"
"202300038116";"15";"07";"2023";"23:40";"4";"27";"27229";"2";"1";"1";"2";"SAINT LEGER (RUE DU FAUBOURG)";"49,03550200";"1,15622000"
"202300038117";"9";"04";"2023";"19:10";"1";"16";"16065";"1";"1";"1";"7";"route de lesterps";"46,05380100";"0,78723600"
"202300038118";"25";"02";"2023";"11:30";"1";"35";"35124";"1";"1";"1";"5";"";"47,76224000";" -1,71156000"
"202300038119";"16";"05";"2023";"17:45";"1";"54";"54526";"2";"2";"1";"3";"PASTEUR (RUE)";"48,68355528";"6,22092247"
"202300038120";"11";"04";"2023";"14:00";"1";"04";"04018";"1";"1";"1";"1";"D5";"44,02156700";"5,64167300"
"202300038121";"26";"02";"2023";"05:50";"5";"51";"51436";"2";"4";"1";"7";"Rue de Chalons";"48,85828100";"4,48295300"
"202300038122";"16";"05";"2023";"10:30";"1";"50";"50129";"2";"1";"1";"4";"MARITIME (BOULEVARD)";"49,64417000";" -1,59956000"
"202300038123";"17";"05";"2023";"08:15";"1";"49";"49328";"2";"6";"1";"3";"RESISTANCE (PLACE DE LA)";"47,26718000";" -0,06994000"
"202300038124";"25";"02";"2023";"03:55";"3";"56";"56221";"1";"4";"1";"7";"Les Eclopas";"47,67111700";" -2,21305800"
"202300038125";"2";"04";"2023";"10:45";"1";"10";"10045";"1";"1";"2";"2";"Autoroute A5";"48,17019300";"4,47324900"
"202300038126";"16";"05";"2023";"18:45";"1";"49";"49099";"2";"3";"1";"3";"FAIDHERBE (BOULEVARD DU GENERAL)";"47,06561000";" -0,87068000"
"202300038127";"9";"04";"2023";"10:30";"1";"13";"13069";"2";"6";"1";"3";"D15";"43,63330400";"5,16719000"
"202300038128";"16";"05";"2023";"09:30";"1";"49";"49099";"2";"5";"1";"6";"JOFFRE (BOULEVARD DU MARECHAL)";"47,06740000";" -0,88471000"
"202300038129";"25";"02";"2023";"19:10";"3";"71";"71137";"1";"1";"1";"1";"D980";"46,41182500";"4,65912600"
"202300038130";"26";"02";"2023";"05:30";"3";"61";"61493";"2";"1";"1";"7";"D13 PR19+250";"48,79800200";"0,37305800"
"202300038131";"17";"05";"2023";"19:40";"1";"49";"49353";"2";"3";"1";"7";"JEAN JAURES RUE";"47,44120000";" -0,49110000"
"202300038132";"11";"04";"2023";"17:50";"1";"82";"82087";"1";"9";"1";"3";"Route de Vazerac";"44,15248200";"1,21740100"
"202300038133";"26";"02";"2023";"14:30";"1";"34";"34300";"1";"1";"1";"7";"D18";"43,41300700";"3,32443300"
"202300038134";"17";"05";"2023";"10:41";"1";"49";"49020";"2";"3";"1";"3";"MOREL";"47,47405000";" -0,60472000"
"202300038135";"17";"05";"2023";"09:55";"1";"49";"49007";"2";"1";"1";"3";"TURPIN DE CRISSE AVENUE";"47,46486000";" -0,55414000"
"202300038136";"26";"02";"2023";"17:00";"1";"39";"39373";"1";"1";"1";"3";"N/A";"46,32277500";"5,89698100"
"202300038137";"8";"04";"2023";"15:10";"1";"34";"34172";"1";"1";"1";"4";"A 709 PK 11+300";"43,60289500";"3,92520900"
"202300038138";"17";"05";"2023";"08:10";"1";"49";"49353";"2";"3";"1";"6";"TOUR";"47,45413000";" -0,50907000"
"202300038139";"26";"02";"2023";"02:10";"3";"29";"29150";"2";"1";"1";"6";"Lieu Dit Kerglien";"47,80793800";" -3,63893200"
"202300038140";"18";"01";"2023";"15:50";"1";"29";"29148";"1";"1";"2";"6";"Lieu Dit Kerguiduff";"48,61867600";" -4,07517700"
"202300038141";"11";"04";"2023";"00:15";"3";"25";"25349";"1";"2";"1";"3";"Lieu dit Niellans";"47,16271400";"6,47247100"
"202300038142";"24";"02";"2023";"20:00";"3";"29";"29224";"1";"1";"1";"1";"D43";"48,02896500";" -4,30206500"
"202300038143";"8";"04";"2023";"16:12";"1";"987";"98733";"2";"1";"1";"7";"PK 27.700 RT1";" -17,69600000";" -149,54800000"
"202300038144";"25";"02";"2023";"22:50";"3";"15";"15265";"1";"1";"1";"7";"RD 15";"45,35715500";"2,45797600"
"202300038145";"10";"04";"2023";"05:30";"3";"988";"98814";"1";"1";"1";"7";"Sens Mutchaweng/Ewe";" -20,76408000";"167,14366000"
"202300038146";"25";"02";"2023";"23:00";"3";"58";"58147";"2";"1";"1";"6";"ROUTE DU PRIEURÉ";"47,16252500";"3,38531500"
"202300038147";"26";"02";"2023";"06:20";"5";"45";"45148";"2";"2";"1";"3";"D2007 PR 6 + 777";"48,10305400";"2,77489000"
"202300038148";"11";"04";"2023";"04:20";"3";"988";"98827";"1";"3";"1";"6";"RT1/VU 48 (Route de GOHAPIN)";" -21,32443900";"165,15207400"
"202300038149";"6";"02";"2023";"19:50";"3";"64";"64269";"1";"1";"1";"2";"ROUTE DE TARBES RD 817";"43,29127100";" -0,27788800"
"202300038150";"25";"02";"2023";"22:00";"3";"16";"16419";"1";"1";"1";"6";"CD 737";"45,80883500";"0,07825600"
"202300038151";"10";"04";"2023";"19:10";"3";"971";"97118";"1";"1";"1";"6";"Route nationale 1 - Arnouville";"16,20045722";" -61,60613537"
"202300038152";"25";"02";"2023";"16:30";"1";"40";"40161";"1";"1";"1";"6";"lieu dit le tremblant";"44,13204900";"0,01798200"
"202300038153";"25";"02";"2023";"02:45";"3";"85";"85021";"1";"1";"2";"7";"RD102";"47,04435000";" -1,25656100"
"202300038154";"11";"04";"2023";"07:15";"1";"971";"97115";"2";"2";"1";"3";"N2";"16,27729100";" -61,66386200"
"202300038155";"25";"02";"2023";"03:45";"3";"85";"85089";"2";"1";"1";"6";"RD160";"46,71175000";" -1,31528000"
"202300038156";"10";"04";"2023";"23:00";"3";"77";"77277";"1";"1";"3";"2";"RD 436 - PK 012+900";"48,71931000";"2,86891200"
"202300038157";"25";"02";"2023";"16:00";"1";"30";"30095";"2";"6";"1";"7";"";"43,87167900";"3,94293300"
"202300038158";"25";"02";"2023";"19:15";"2";"08";"08086";"1";"1";"1";"6";"";"49,40134625";"4,87802852"
"202300038159";"11";"04";"2023";"10:20";"1";"2A";"2A041";"2";"1";"1";"2";"rue sauveur paul etienne";"41,38806200";"9,15910500"
"202300038160";"26";"02";"2023";"16:30";"1";"08";"08092";"1";"1";"1";"6";"D315";"49,34998200";"4,44598700"
"202300038161";"11";"04";"2023";"09:15";"1";"66";"66037";"2";"1";"1";"6";"N/A";"42,70412600";"3,02121100"
"202300038162";"24";"02";"2023";"19:10";"5";"38";"38193";"2";"1";"3";"6";"D312";"45,61466000";"5,22456800"
"202300038163";"9";"04";"2023";"14:45";"1";"84";"84136";"2";"1";"1";"1";"Chemin du Tombadou";"44,14572800";"4,98183600"
"202300038164";"24";"02";"2023";"14:45";"1";"38";"38485";"2";"3";"1";"3";"Rue de l'industrie";"45,18030900";"5,69783300"
"202300038165";"10";"04";"2023";"17:00";"1";"13";"13073";"1";"1";"1";"1";"D8";"43,39588800";"5,57972400"
"202300038166";"25";"02";"2023";"16:00";"1";"21";"21590";"1";"1";"1";"7";"autoroute A6 PK 291+500";"47,07911625";"4,76321248"
"202300038167";"7";"04";"2023";"20:20";"2";"13";"13097";"1";"1";"1";"7";"Route Nationale 568";"43,57603800";"4,77853800"
"202300038168";"8";"02";"2023";"09:50";"1";"45";"45244";"2";"7";"1";"6";"parking Intermarché";"47,76997900";"2,47504100"
"202300038169";"10";"04";"2023";"19:10";"1";"13";"13059";"1";"1";"1";"1";"Route Departementale 561";"43,64480200";"5,49616800"
"202300038170";"11";"02";"2023";"21:45";"5";"91";"91546";"2";"1";"1";"6";"Rue de Bandeville";"48,57334900";"2,03041600"
"202300038171";"27";"01";"2023";"11:40";"1";"83";"83047";"1";"1";"1";"3";"Avenue Jean Monnet";"43,11552600";"6,05716800"
"202300038172";"9";"04";"2023";"16:00";"1";"88";"88196";"2";"9";"1";"1";"Boulevard de la Jamagne";"48,07784200";"6,88597100"
"202300038173";"26";"02";"2023";"05:15";"5";"83";"83099";"2";"6";"1";"6";"Dn7";"43,44558400";"6,69812500"
"202300038174";"18";"02";"2023";"10:20";"1";"13";"13100";"2";"3";"1";"2";"D99";"43,78444100";"4,89025700"
"202300038175";"11";"04";"2023";"13:40";"1";"03";"03298";"1";"1";"1";"1";"D46";"46,32354900";"3,36887600"
"202300038176";"26";"02";"2023";"13:00";"1";"03";"03200";"1";"1";"6";"6";"Avenue Edmond Michelet";"46,55682000";"3,29876300"
"202300038177";"9";"04";"2023";"16:00";"1";"73";"73123";"1";"1";"1";"7";"D909";"45,86631669";"6,48950368"
"202300038178";"26";"02";"2023";"15:18";"1";"38";"38215";"2";"3";"1";"7";"Rue des Marchands";"45,58946200";"4,95843900"
"202300038179";"11";"04";"2023";"17:50";"1";"01";"01043";"2";"1";"1";"6";"Rue des Barronieres";"45,83281500";"5,00847200"
"202300038180";"25";"02";"2023";"19:05";"2";"44";"44209";"2";"1";"1";"3";"149 Rue de Nantes";"47,29564726";" -1,61117077"
"202300038181";"26";"02";"2023";"01:15";"3";"38";"38565";"2";"1";"1";"6";"D1075";"45,26340200";"5,65657000"
"202300038182";"4";"09";"2023";"09:40";"1";"93";"93050";"2";"3";"1";"6";"Rue du 11 Novembre / Rue de la Liberation";"48,86359000";"2,52636000"
"202300038183";"7";"04";"2023";"17:50";"1";"79";"79049";"1";"2";"1";"3";"N/A";"46,89162500";" -0,49511400"
"202300038184";"3";"09";"2023";"13:40";"1";"93";"93049";"2";"1";"1";"6";"Rue Pasteur";"48,85768100";"2,50079100"
"202300038185";"25";"02";"2023";"18:30";"1";"69";"69090";"1";"2";"1";"3";"Bois Bourland";"45,92807349";"4,64460925"
"202300038186";"25";"02";"2023";"08:30";"1";"22";"22272";"2";"9";"2";"6";"9 Rue Hent Meur";"48,55617600";" -3,10461700"
"202300038187";"4";"09";"2023";"19:30";"1";"93";"93031";"2";"1";"1";"3";"Boulevard Foch";"48,94813000";"2,33156000"
"202300038188";"24";"02";"2023";"17:40";"1";"60";"60619";"1";"9";"1";"2";"N2";"49,11500848";"2,77452421"
"202300038189";"11";"04";"2023";"15:45";"1";"40";"40246";"1";"2";"1";"2";"D44 PK 33 + 500";"44,15048100";" -0,83281500"
"202300038190";"2";"09";"2023";"20:10";"1";"93";"93014";"2";"3";"1";"3";"Allée Etienne Laurent/ Allée du Renouveau";"48,90331314";"2,55091247"
"202300038191";"25";"02";"2023";"19:45";"3";"60";"60045";"1";"6";"1";"3";"Route de Crépy";"49,21681200";"2,67928000"
"202300038192";"4";"09";"2023";"13:00";"1";"92";"92033";"2";"1";"1";"3";"GENERAL DE GAULLE";"48,84023127";"2,19265267"
"202300038193";"10";"04";"2023";"18:20";"1";"85";"85035";"2";"3";"1";"1";"28 Rue des marsouins";"46,62346500";" -1,86849700"
"202300038194";"26";"02";"2023";"20:00";"3";"62";"62714";"1";"4";"1";"5";"D263";"50,33082274";"2,77693301"
"202300038195";"4";"09";"2023";"09:50";"1";"92";"92063";"2";"1";"1";"3";"SEINE (AVENUE DE)";"48,88646000";"2,16904000"
"202300038196";"25";"02";"2023";"03:50";"3";"59";"59055";"2";"1";"1";"6";"Rue du Cateau";"50,09337700";"3,58420400"
"202300038197";"10";"02";"2023";"16:48";"1";"13";"13056";"1";"1";"1";"7";"A55-Sens Martigues vers Marseille";"43,40746000";"5,03603000"
"202300038198";"9";"04";"2023";"17:30";"1";"72";"72264";"1";"1";"1";"3";"D24";"47,86813500";" -0,33795800"
"202300038199";"4";"09";"2023";"14:49";"1";"92";"92026";"2";"2";"1";"3";"VERDUN (DE 01 A 61)";"48,90040439";"2,26077855"
"202300038200";"25";"02";"2023";"10:00";"1";"69";"69115";"1";"1";"1";"3";"Autoroute 6";"45,96720000";"4,72650000"
"202300038201";"10";"04";"2023";"20:00";"2";"35";"35347";"1";"1";"2";"6";"D179";"48,21214800";" -1,25019900"
"202300038202";"4";"09";"2023";"12:50";"1";"92";"92012";"2";"1";"1";"6";"ANDRE MORIZET (AVENUE) 1/47 - 2/52";"48,83416260";"2,24258512"
"202300038203";"20";"02";"2023";"09:15";"1";"69";"69275";"1";"1";"1";"4";"Rocade Est";"45,77722100";"4,97437136"
"202300038204";"4";"09";"2023";"17:15";"1";"92";"92014";"2";"1";"1";"3";"GENERAL LECLERC (AV.) (1 A 55BIS - 2 A 4";"48,77951057";"2,31537625"
"202300038205";"9";"04";"2023";"22:20";"3";"974";"97416";"1";"9";"1";"6";"RN1(BRETELLE ACCES)";" -21,30470000";"55,42780000"
"202300038206";"24";"02";"2023";"07:40";"1";"67";"67447";"1";"1";"1";"3";"M35";"48,60131000";"7,73403000"
"202300038207";"5";"09";"2023";"07:48";"2";"60";"60318";"1";"1";"7";"2";"d13";"49,34461924";"2,63065367"
"202300038208";"9";"04";"2023";"13:30";"1";"974";"97416";"1";"1";"1";"7";"RN3 (3)";" -21,30330241";"55,50039232"
"202300038209";"25";"02";"2023";"20:30";"3";"33";"33448";"1";"1";"1";"2";"";"44,71236239";" -0,51560640"
"202300038210";"4";"09";"2023";"06:30";"3";"60";"60590";"1";"1";"1";"6";"D901";"49,53538900";"2,00032700"
"202300038211";"25";"02";"2023";"02:52";"3";"91";"91689";"1";"1";"1";"2";"AUTOROUTE A10";"48,72904000";"2,30632000"
"202300038212";"3";"09";"2023";"22:00";"3";"60";"60609";"1";"1";"1";"6";"Rte de Saint Germain la Poterie";"49,45828500";"1,97262500"
"202300038213";"25";"02";"2023";"01:45";"3";"91";"91689";"1";"1";"1";"7";"AUTOROUTE A6A";"48,73850000";"2,31912700"
"202300038214";"10";"08";"2023";"14:30";"1";"80";"80047";"1";"1";"9";"2";"D50";"50,03644200";"2,65555900"
"202300038215";"9";"04";"2023";"13:15";"1";"974";"97411";"2";"2";"1";"3";"GARROS (ROLAND)";" -20,88168000";"55,45690000"
"202300038216";"5";"09";"2023";"10:55";"1";"50";"50117";"1";"1";"1";"7";"25 Route des Falaises";"48,73433900";" -1,53284500"
"202300038217";"25";"02";"2023";"19:00";"3";"78";"78291";"1";"1";"1";"2";"A13";"48,96939500";"1,73678300"
"202300038218";"1";"09";"2023";"17:00";"1";"37";"37010";"1";"1";"1";"6";"Aubigne";"47,55694200";"0,95891700"
"202300038219";"25";"02";"2023";"00:55";"3";"92";"92036";"1";"1";"1";"2";"A86";"48,93699329";"2,29326176"
"202300038220";"9";"04";"2023";"01:10";"4";"974";"97411";"2";"1";"1";"2";"LANCASTEL (BOULEVARD)";" -20,88338000";"55,46538000"
"202300038221";"4";"09";"2023";"07:50";"1";"54";"54456";"2";"1";"1";"6";"Rue Charles Berlet";"48,70307800";"6,38703200"
"202300038222";"3";"09";"2023";"14:40";"1";"14";"14656";"1";"1";"7";"1";"Rue de Bailly";"48,93103000";" -0,49882400"
"202300038223";"25";"02";"2023";"04:40";"3";"95";"95582";"1";"1";"1";"6";"RD 170";"48,96418169";"2,26854107"
"202300038224";"9";"04";"2023";"18:05";"1";"69";"69388";"2";"1";"1";"6";"Avenue Jean Mermoz";"45,73473520";"4,87449901"
"202300038225";"3";"09";"2023";"12:20";"1";"2A";"2A186";"1";"1";"1";"6";"D69";"41,83793100";"9,09565000"
"202300038226";"4";"09";"2023";"17:00";"1";"26";"26294";"1";"1";"7";"6";"D114A";"45,08103600";"4,97067000"
"202300038227";"9";"04";"2023";"16:45";"1";"69";"69383";"2";"1";"1";"3";"Quai Victor Augagneur";"45,75925470";"4,84093628"
"202300038228";"9";"04";"2023";"08:20";"1";"972";"97209";"1";"1";"2";"7";"RD 41 (ROCADE)";"14,61246000";" -61,06541000"
"202300038229";"4";"09";"2023";"18:35";"1";"66";"66190";"1";"1";"1";"3";"N/A";"42,85128435";"2,93420792"
"202300038230";"9";"04";"2023";"03:30";"3";"69";"69384";"2";"1";"1";"7";"67 Quai Joseph Gillet";"45,78492265";"4,81559822"
"202300038231";"4";"09";"2023";"04:10";"5";"66";"66144";"1";"1";"1";"2";"N/A";"42,64422951";"2,86090851"
"202300038232";"8";"04";"2023";"12:26";"1";"971";"97120";"2";"9";"1";"3";"Amitié des peuples";"16,24447192";" -61,54143780"
"202300038233";"5";"09";"2023";"02:00";"3";"11";"11195";"1";"9";"1";"2";"N/A";"43,27113200";"2,00285100"
"202300038234";"9";"04";"2023";"13:56";"1";"2A";"2A004";"2";"1";"1";"6";"GRANDE ARMEE AVENUE";"41,92663000";"8,72916000"
"202300038235";"4";"09";"2023";"16:40";"1";"31";"31082";"1";"4";"1";"5";"D826";"43,59534200";"1,70324600"
"202300038236";"8";"04";"2023";"23:20";"5";"91";"91377";"2";"3";"1";"7";"AV DU M DE LATTRE DE TASSIGNY";"48,71718000";"2,29495000"
"202300038237";"3";"09";"2023";"20:55";"5";"01";"01143";"2";"1";"1";"6";"Avenue de Genève";"46,34712000";"6,14892100"
"202300038238";"9";"04";"2023";"17:45";"1";"91";"91657";"2";"1";"1";"6";"AV HENRI CHARON";"48,70602900";"2,42331800"
"202300038239";"4";"09";"2023";"18:50";"1";"67";"67190";"1";"1";"9";"1";"D117";"48,67183400";"7,32650800"
"202300038240";"9";"04";"2023";"12:00";"1";"77";"77131";"2";"9";"1";"6";"GRAND MORIN (RUE DU)";"48,80274000";"3,09604000"
"202300038241";"5";"09";"2023";"11:05";"1";"22";"22206";"1";"1";"1";"6";"route nationale 12 pr 74+0300";"48,53023000";" -2,96423000"
"202300038242";"9";"04";"2023";"11:45";"1";"77";"77042";"2";"2";"1";"3";"RD 222";"48,82272600";"3,13724700"
"202300038243";"9";"04";"2023";"12:25";"1";"76";"76217";"2";"1";"1";"6";"REPUBLIQUE (AVENUE DE LA)";"49,92562000";"1,09957000"
"202300038244";"3";"09";"2023";"09:00";"1";"14";"14061";"1";"1";"7";"4";"18 Route de Beaumesnil";"48,90983600";" -0,92873100"
"202300038245";"8";"04";"2023";"16:23";"1";"74";"74281";"2";"3";"1";"3";"GENEVE (AVE DE) JUSQUE CROISEE ANTHY";"46,35458000";"6,44525000"
"202300038246";"2";"09";"2023";"22:00";"5";"74";"74231";"1";"3";"1";"3";"D38";"45,93441600";"5,95246600"
"202300038247";"8";"04";"2023";"17:50";"1";"74";"74012";"2";"3";"1";"1";"GIFFRE (AVENUE DU)";"46,19747000";"6,23848000"
"202300038248";"3";"09";"2023";"16:43";"1";"59";"59641";"1";"1";"1";"7";"D403";"50,96185300";"2,49867100"
"202300038249";"3";"09";"2023";"13:38";"1";"68";"68315";"1";"1";"1";"7";"D431";"47,85982200";"7,13489100"
"202300038250";"9";"04";"2023";"18:55";"1";"72";"72181";"2";"1";"1";"7";"ANTARES (AV)";"47,95515000";"0,22603000"
"202300038251";"3";"09";"2023";"15:33";"1";"48";"48002";"1";"1";"1";"6";"AUTOROUTE A75 - PK 119+270 - SENS NORD / SUD - DIRECTION MILLAU (12)";"44,85109200";"3,25629300"
"202300038252";"8";"04";"2023";"17:30";"1";"71";"71270";"2";"1";"1";"6";"LATTRE DE TASSIGNY (QUAI  MARECHAL DE)";"46,31663000";"4,83904000"
"202300038253";"8";"04";"2023";"09:13";"1";"70";"70550";"2";"1";"1";"1";"MOREL (RUE PAUL)";"47,61990000";"6,15477000"
"202300038254";"4";"09";"2023";"10:05";"1";"36";"36150";"1";"2";"1";"3";"N/A";"46,44419300";"1,48124500"
"202300038255";"4";"09";"2023";"11:10";"1";"41";"41171";"1";"1";"1";"7";"RD 917";"47,80099800";"1,23534000"
"202300038256";"9";"04";"2023";"22:30";"5";"69";"69029";"2";"2";"1";"3";"Avenue François Mitterrand";"45,73892000";"4,92596000"
"202300038257";"3";"09";"2023";"16:30";"1";"30";"30338";"1";"1";"1";"7";"N/A";"44,13688500";"4,35582200"
"202300038258";"9";"04";"2023";"21:45";"5";"64";"64102";"2";"7";"1";"2";"REDUIT (PLACE DU)";"43,49255000";" -1,47360000"
"202300038259";"3";"09";"2023";"19:10";"2";"62";"62216";"1";"1";"1";"7";"D8";"50,20963925";"2,58311900"
"202300038260";"5";"09";"2023";"14:40";"1";"40";"40246";"1";"1";"1";"1";"D384";"44,13497500";" -0,71299600"
"202300038261";"9";"04";"2023";"18:20";"1";"64";"64024";"2";"9";"1";"1";"COLLINE (IMPASSE DE LA)";"43,51171544";" -1,52746654"
"202300038262";"3";"09";"2023";"09:00";"1";"51";"51139";"1";"1";"1";"7";"D982";"49,10315600";"4,86505500"
"202300038263";"5";"09";"2023";"07:00";"2";"51";"51171";"1";"1";"1";"2";"D944";"49,39224100";"3,90580100"
"202300038264";"8";"04";"2023";"14:00";"1";"62";"62617";"2";"3";"1";"3";"Rue Béharelle";"50,46604000";"2,66592000"
"202300038265";"9";"04";"2023";"23:15";"3";"62";"62479";"1";"1";"1";"7";"D181E5";"50,52590357";"2,58749735"
"202300038266";"3";"09";"2023";"14:00";"1";"19";"19093";"1";"1";"1";"3";"Route Du Pont De Coudert";"45,08679300";"1,53896600"
"202300038267";"4";"09";"2023";"15:38";"1";"56";"56159";"1";"2";"1";"6";"La Villa des Pins";"47,76716300";" -2,37890500"
"202300038268";"4";"04";"2023";"16:45";"1";"59";"59328";"2";"9";"1";"3";"Avenue du Maréchal Foch";"50,64804300";"3,02735400"
"202300038269";"2";"09";"2023";"12:00";"1";"56";"56089";"1";"1";"1";"1";"Le Clandy";"47,96619200";" -3,27363600"
"202300038270";"8";"04";"2023";"15:45";"1";"59";"59220";"1";"1";"1";"3";"EGALITE RUE DE L";"50,58449700";"3,08482800"
"202300038271";"4";"09";"2023";"11:00";"1";"31";"31150";"2";"1";"1";"7";"Route d'Aussonne";"43,65996300";"1,32465500"
"202300038272";"9";"04";"2023";"04:17";"5";"59";"59122";"2";"6";"5";"6";"PARIS (ROUTE DE)";"50,14950000";"3,22020400"
"202300038273";"5";"09";"2023";"14:40";"1";"80";"80639";"2";"3";"1";"3";"12 Route Nationale";"49,94826500";"2,30985400"
"202300038274";"9";"04";"2023";"22:05";"5";"57";"57660";"2";"4";"1";"3";"NATIONALE(RUE)R.SCHOENECK A LIMITE CIRCO";"49,20939000";"6,93413000"
"202300038275";"9";"04";"2023";"14:28";"1";"51";"51454";"2";"1";"1";"7";"rue Jeanne Jugan";"49,22584000";"4,02381000"
"202300038276";"4";"09";"2023";"17:15";"1";"80";"80639";"2";"1";"1";"3";"Chemin de Vaux";"49,95075300";"2,30744700"
"202300038277";"8";"04";"2023";"17:45";"1";"51";"51454";"2";"1";"1";"2";"rue d'Estienne d'Orves";"49,23774000";"4,03000000"
"202300038278";"4";"09";"2023";"14:15";"1";"65";"65450";"1";"1";"1";"7";"D929";"42,79884900";"0,28560200"
"202300038279";"4";"09";"2023";"16:45";"1";"65";"65258";"1";"1";"1";"6";"D939";"43,15051900";"0,39430600"
"202300038280";"30";"08";"2023";"10:30";"1";"81";"81182";"1";"1";"1";"6";"Route des Mines";"43,74000300";"2,31565800"
"202300038281";"8";"04";"2023";"13:55";"1";"50";"50129";"2";"4";"1";"2";"SALINE (RUE DE LA)";"49,65616000";" -1,65333000"
"202300038282";"8";"04";"2023";"12:50";"1";"50";"50129";"2";"1";"1";"3";"CORNAT (RUE HENRI)";"49,61711000";" -1,59749000"
"202300038283";"9";"04";"2023";"00:55";"5";"45";"45285";"2";"1";"1";"3";"Avenue Pierre Mendès France";"47,90592000";"1,86934000"
"202300038284";"1";"09";"2023";"19:55";"2";"71";"71484";"1";"3";"1";"3";"D13";"46,70087000";"5,26236500"
"202300038285";"8";"04";"2023";"17:00";"1";"43";"43002";"2";"6";"1";"6";"Giratoire des moulins";"45,05074000";"3,88242000"
"202300038286";"3";"09";"2023";"12:30";"1";"71";"71346";"2";"1";"1";"5";"Chaussée de l'Etang";"46,61337300";"4,21938300"
"202300038287";"9";"04";"2023";"15:45";"1";"37";"37261";"2";"1";"1";"6";"TONNELLE (BOULEVARD)";"47,38701000";"0,66738000"
"202300038288";"9";"04";"2023";"11:05";"1";"34";"34301";"2";"3";"1";"1";"934 Boulevard de Verdun";"43,41191300";"3,68118900"
"202300038289";"3";"09";"2023";"13:45";"1";"71";"71535";"1";"2";"1";"3";"Route de Château Chinon";"47,00418200";"4,20596900"
"202300038290";"8";"04";"2023";"19:45";"1";"33";"33529";"1";"9";"1";"3";"rue Pierre et Marie CURIE";"44,61249000";" -1,11552000"
"202300038291";"4";"09";"2023";"20:00";"2";"61";"61405";"1";"1";"1";"6";"D286";"48,28354900";"0,72525800"
"202300038292";"9";"04";"2023";"19:10";"1";"26";"26064";"2";"3";"1";"6";"Chemin de Peyrus";"44,92616100";"4,94109300"
"202300038293";"9";"04";"2023";"14:29";"1";"17";"17300";"2";"1";"1";"6";"GUITON   AVENUE JEAN (343-371)";"46,16047000";" -1,19166000"
"202300038294";"10";"12";"2023";"15:10";"1";"94";"94073";"1";"1";"2";"6";"Rue des Alouettes";"48,75477000";"2,38486000"
"202300038295";"9";"04";"2023";"05:53";"3";"17";"17300";"1";"1";"1";"7";"09 PK RN237 MOULIN JUSTICE RE";"46,17212000";" -1,18833000"