"Num_Acc";"jour";"mois";"an";"hrmn";"lum";"dep";"com";"agg";"int";"atm";"col";"adr";"lat";"long"
"202300038296";"3";"09";"2023";"03:00";"3";"49";"49002";"1";"3";"1";"7";"Route de Saumur";"47,30045300";" -0,00706500"
"202300038297";"11";"12";"2023";"09:15";"2";"94";"94075";"2";"1";"8";"3";"Rue de Valenton";"48,73109600";"2,51378400"
"202300038298";"4";"09";"2023";"14:45";"1";"49";"49228";"1";"1";"1";"6";"Route départementale 86";"47,46879700";"0,16315300"
"202300038299";"10";"04";"2023";"00:15";"5";"13";"13215";"2";"1";"1";"2";"ALBIN MEYLAN (RUE)";"43,36415000";"5,34124000"
"202300038300";"11";"12";"2023";"13:23";"1";"93";"93078";"2";"6";"1";"2";"Avenue Georges Clémenceau / Boulevard Robert Ballanger";"48,96082000";"2,55631000"
"202300038301";"11";"12";"2023";"09:10";"1";"93";"93066";"2";"3";"2";"1";"Rue du Fort de la Briche /Chemin du Fort de la Briche";"48,94439100";"2,34220000"
"202300038302";"9";"04";"2023";"15:30";"1";"13";"13212";"2";"2";"1";"3";"CAILLOLS (AVENUE DES)";"43,30385000";"5,42574000"
"202300038303";"5";"09";"2023";"13:30";"1";"46";"46271";"1";"1";"1";"1";"D673";"44,86632969";"1,86071947"
"202300038304";"9";"04";"2023";"03:55";"5";"13";"13213";"2";"1";"1";"6";"MAURELLE (RUE DE LA)";"43,32300000";"5,44000000"
"202300038305";"11";"12";"2023";"12:20";"1";"93";"93051";"2";"6";"1";"3";"Boulevard du Mont d'Est / Route de Villiers";"48,84339720";"2,54818732"
"202300038306";"3";"09";"2023";"21:00";"3";"86";"86180";"1";"1";"1";"7";"Lieu dit Availles";"46,49590000";"0,43721600"
"202300038307";"8";"04";"2023";"21:30";"5";"13";"13002";"2";"1";"1";"2";"GENERAL LECLERC (AVENUE DU)";"43,34523000";"5,48706000"
"202300038308";"28";"08";"2023";"12:15";"1";"34";"34332";"1";"1";"1";"2";"route departementale 612";"43,31206400";"3,39529000"
"202300038309";"10";"12";"2023";"16:45";"3";"93";"93046";"1";"1";"2";"1";"Route Strategique";"48,92150284";"2,55914927"
"202300038310";"9";"04";"2023";"17:30";"1";"13";"13005";"2";"1";"1";"3";"CHARREL (ZAC DU)";"43,28700000";"5,54659000"
"202300038311";"10";"12";"2023";"20:20";"5";"92";"92036";"2";"3";"2";"1";"HENRI VUILLEMIN (RUE)";"48,91936043";"2,31274500"
"202300038312";"3";"09";"2023";"14:45";"1";"68";"68055";"1";"1";"7";"1";"PK21 + 5";"47,71020900";"7,35625900"
"202300038313";"9";"04";"2023";"13:03";"1";"10";"10387";"2";"1";"1";"3";"LOMBARDS (AVENUE)";"48,27776000";"4,06769000"
"202300038314";"11";"12";"2023";"16:45";"2";"92";"92026";"2";"1";"1";"6";"COLOMBES";"48,90439266";"2,25593716"
"202300038315";"9";"04";"2023";"07:50";"1";"07";"07316";"1";"1";"1";"6";"PONT DES LONES";"44,91489000";"4,86314000"
"202300038316";"9";"04";"2023";"17:25";"1";"75";"75116";"2";"1";"1";"2";"PORTE D AUTEUIL";"48,84232800";"2,25419200"
"202300038317";"10";"12";"2023";"23:20";"5";"92";"92025";"2";"8";"1";"3";"CHARLES DE GAULLE (BD)";"48,91459182";"2,22899258"
"202300038318";"3";"09";"2023";"21:45";"3";"29";"29146";"1";"1";"1";"4";"D70";"47,94662610";" -3,84878020"
"202300038319";"11";"12";"2023";"18:20";"5";"92";"92007";"2";"1";"1";"3";"VAILLANT-COUTURIER (AVENU PAUL)";"48,79253215";"2,31556356"
"202300038320";"7";"04";"2023";"21:45";"5";"75";"75119";"2";"1";"1";"4";"PORTE DES LILAS";"48,88280900";"2,40081900"
"202300038321";"11";"12";"2023";"13:10";"1";"92";"92004";"2";"1";"1";"3";"REDOUTE ( AVENUE DE LA  )";"48,92890000";"2,27947000"
"202300038322";"2";"09";"2023";"16:30";"1";"29";"29175";"1";"1";"1";"5";"D36";"48,22208063";" -3,81779868"
"202300038323";"11";"12";"2023";"16:00";"1";"92";"92002";"2";"3";"1";"3";"ARISTIDE BRIAND (AVENUE)";"48,76238504";"2,30856255"
"202300038324";"9";"04";"2023";"11:10";"1";"75";"75119";"2";"1";"1";"3";"AVENUE DE LA PORTE DE LA VILLETTE";"48,89895100";"2,38659900"
"202300038325";"2";"09";"2023";"18:28";"1";"29";"29035";"1";"3";"1";"7";"D26";"48,50462946";" -4,54604720"
"202300038326";"11";"12";"2023";"17:00";"2";"60";"60254";"1";"2";"1";"3";"D26";"49,45274900";"2,68491300"
"202300038327";"9";"04";"2023";"07:35";"1";"75";"75119";"2";"4";"1";"1";"QUAI DE LA MARNE";"48,88965200";"2,38261000"
"202300038328";"25";"11";"2023";"23:15";"4";"86";"86290";"2";"1";"1";"2";"20 Rue Nationale";"46,45664200";"0,36718600"
"202300038329";"2";"09";"2023";"22:30";"4";"29";"29215";"2";"1";"1";"6";"Rue d’Audierne";"47,98841700";" -4,42917000"
"202300038330";"9";"04";"2023";"19:30";"1";"75";"75118";"2";"2";"1";"3";"RUE EUGENE SUE";"48,89126000";"2,34734900"
"202300038331";"9";"12";"2023";"20:50";"3";"30";"30060";"1";"1";"1";"7";"Chemin de Bellecoste";"43,79130300";"4,39339400"
"202300038332";"3";"09";"2023";"08:40";"2";"31";"31416";"1";"1";"1";"7";"D37";"43,33618200";"1,19806800"
"202300038333";"9";"12";"2023";"09:00";"1";"62";"62080";"2";"1";"3";"6";"Rue de Peronne";"50,10269300";"2,84985200"
"202300038334";"9";"04";"2023";"16:35";"1";"75";"75116";"2";"1";"1";"3";"RUE CHARDON LAGACHE";"48,84404100";"2,26574600"
"202300038335";"11";"12";"2023";"15:37";"1";"56";"56066";"1";"1";"2";"2";"prad ar wern";"48,13127500";" -3,57594800"
"202300038336";"12";"12";"2023";"08:40";"3";"56";"56140";"1";"1";"2";"6";"Le Guernevin";"47,96269000";" -2,82674800"
"202300038337";"9";"04";"2023";"01:25";"5";"75";"75112";"2";"2";"1";"1";"AVENUE DE NOGENT";"48,83900300";"2,46028400"
"202300038338";"3";"09";"2023";"18:20";"1";"31";"31584";"1";"3";"1";"3";"Chemin de Pellaussy";"43,86600100";"1,44601600"
"202300038339";"11";"12";"2023";"16:00";"1";"2A";"2A040";"1";"1";"5";"6";"Route territoriale 20";"42,10254500";"9,10337400"
"202300038340";"9";"04";"2023";"14:05";"1";"94";"94016";"2";"1";"1";"3";"Avenue Carnot";"48,79742000";"2,32974000"
"202300038341";"8";"12";"2023";"17:54";"5";"47";"47203";"1";"1";"5";"1";"D661";"44,38404300";"0,81734000"
"202300038342";"10";"12";"2023";"13:20";"1";"39";"39582";"1";"1";"7";"7";"N/A";"46,74099900";"5,59925300"
"202300038343";"9";"04";"2023";"18:10";"1";"94";"94041";"2";"2";"1";"2";"Avenue Henri Barbusse";"48,80961000";"2,37838000"
"202300038344";"4";"09";"2023";"17:35";"1";"38";"38284";"1";"2";"1";"5";"D518";"45,41058100";"5,23453500"
"202300038345";"10";"12";"2023";"17:30";"3";"39";"39574";"1";"1";"2";"3";"N/A";"46,73816200";"5,47886300"
"202300038346";"9";"04";"2023";"18:00";"1";"94";"94004";"2";"1";"1";"6";"Rue du 8 Mai 1945";"48,75908000";"2,50302000"
"202300038347";"4";"09";"2023";"09:48";"1";"02";"02067";"2";"1";"1";"7";"35 Rue du Général de Gaulle";"50,02993700";"3,71628600"
"202300038348";"12";"12";"2023";"08:00";"5";"35";"35069";"2";"3";"8";"6";"37 Rue Dorel";"48,04668000";" -1,50860800"
"202300038349";"9";"04";"2023";"15:15";"1";"93";"93051";"2";"3";"1";"3";"Rue du Centre / Boulevard du Mont d'Est";"48,83868000";"2,54318000"
"202300038350";"12";"12";"2023";"09:18";"1";"02";"02506";"1";"1";"2";"6";"D2";"49,28291700";"3,17464100"
"202300038351";"21";"08";"2023";"10:55";"1";"84";"84133";"2";"1";"1";"3";"rue marcel Pagnol";"43,71943900";"5,53914800"
"202300038352";"12";"12";"2023";"07:55";"2";"03";"03279";"1";"1";"8";"7";"D993";"46,25392200";"2,51721600"
"202300038353";"8";"04";"2023";"22:50";"5";"93";"93005";"2";"2";"1";"3";"Rue de Toulouse / Rue Séverine";"48,92591295";"2,48473728"
"202300038354";"4";"09";"2023";"15:45";"1";"15";"15185";"1";"1";"7";"6";"D3";"45,32662500";"2,60101300"
"202300038355";"12";"12";"2023";"20:30";"3";"15";"15122";"2";"3";"2";"3";"RN 122";"44,71307400";"2,19973300"
"202300038356";"9";"04";"2023";"14:07";"1";"75";"75114";"2";"3";"1";"6";"GAMBETTA (RUE)";"48,82359314";"2,30836540"
"202300038357";"3";"09";"2023";"19:16";"2";"15";"15267";"1";"1";"1";"1";"rue pierre et marie curie";"44,89473100";"2,39117900"
"202300038358";"10";"12";"2023";"19:20";"3";"85";"85146";"1";"1";"2";"6";"A83";"46,96212600";" -1,35792700"
"202300038359";"9";"04";"2023";"17:30";"1";"92";"92050";"2";"1";"1";"3";"CLEMENCEAU GEORGES AVENUE N° PAIR";"48,88626849";"2,21189708"
"202300038360";"11";"12";"2023";"15:25";"1";"72";"72173";"1";"1";"2";"6";"D305";"47,69259000";"0,39864000"
"202300038361";"4";"09";"2023";"10:55";"1";"01";"01274";"2";"3";"1";"2";"Route de Geneve";"46,14253700";"5,63462100"
"202300038362";"9";"04";"2023";"16:10";"1";"92";"92025";"2";"1";"1";"2";"PONT DE BEZONS";"48,92046221";"2,22076714"
"202300038363";"6";"12";"2023";"19:00";"3";"64";"64558";"1";"1";"2";"1";"route de St pierre d'Irube";"43,46076900";" -1,45493700"
"202300038364";"5";"09";"2023";"16:00";"1";"01";"01057";"1";"2";"7";"6";"route de pont de vaux";"46,40139400";"4,92029800"
"202300038365";"9";"04";"2023";"13:15";"1";"92";"92002";"2";"1";"1";"7";"RAYMON ARON (AVENUE)";"48,76438763";"2,30923623"
"202300038366";"9";"04";"2023";"17:57";"1";"71";"71166";"1";"1";"1";"6";"985";"46,75356400";"4,03571600"
"202300038367";"11";"12";"2023";"18:45";"3";"73";"73058";"1";"1";"2";"1";"D921e";"45,52752200";"5,73181500"
"202300038368";"4";"09";"2023";"17:00";"1";"72";"72346";"1";"1";"1";"7";"31 Route de Roeze";"47,89057000";"0,04177000"
"202300038369";"11";"12";"2023";"19:00";"5";"10";"10323";"2";"2";"1";"3";"Avenue du Val Thibault";"48,51964600";"3,71492100"
"202300038370";"8";"04";"2023";"14:05";"1";"49";"49381";"2";"1";"1";"3";"les mazeries";"47,02014500";" -0,70471300"
"202300038371";"4";"09";"2023";"23:00";"3";"14";"14478";"1";"1";"1";"6";"377 Route de Vimoutiers";"49,01120722";"0,40401348"
"202300038372";"11";"12";"2023";"17:50";"3";"53";"53147";"2";"1";"2";"6";"Impasse de la Petite Croix";"48,30238400";" -0,62462700"
"202300038373";"11";"12";"2023";"20:35";"3";"30";"30346";"1";"1";"1";"7";"137 Chemin des Terraillers";"43,96775100";"4,50591800"
"202300038374";"8";"04";"2023";"13:45";"1";"83";"83033";"1";"1";"1";"1";"route departementale 97";"43,30033290";"6,20060266"
"202300038375";"12";"12";"2023";"06:09";"3";"24";"24225";"2";"8";"1";"3";"d936";"44,84259600";"0,37864200"
"202300038376";"3";"09";"2023";"17:40";"2";"50";"50463";"2";"2";"7";"5";"RD 13";"48,94014900";" -1,32914200"
"202300038377";"10";"04";"2023";"06:50";"2";"41";"41278";"1";"1";"1";"1";"La foucherie";"47,65720800";"0,95887900"
"202300038378";"11";"12";"2023";"17:00";"2";"01";"01031";"1";"1";"3";"5";"A404, PK 014+200";"46,23777600";"5,61829400"
"202300038379";"4";"09";"2023";"19:25";"1";"50";"50118";"1";"1";"1";"6";"Route de l?Hebarbe";"48,84529500";" -1,30346800"
"202300038380";"11";"12";"2023";"04:55";"3";"95";"95678";"1";"1";"2";"6";"N184";"49,07344420";"2,24219799"
"202300038381";"9";"04";"2023";"15:45";"1";"34";"34217";"2";"9";"1";"3";"808 Route de Mende";"43,70321500";"3,86659200"
"202300038382";"9";"04";"2023";"13:30";"1";"57";"57162";"2";"1";"1";"7";"Rue des Vignottes";"49,04232000";"6,15747200"
"202300038383";"11";"12";"2023";"12:00";"1";"13";"13038";"2";"1";"1";"2";"Avenue des Moulins";"43,72502600";"4,70930500"
"202300038384";"2";"09";"2023";"16:45";"1";"83";"83007";"2";"3";"1";"3";"RD22";"43,62031400";"6,22134100"
"202300038385";"12";"12";"2023";"10:35";"1";"11";"11262";"1";"3";"1";"3";"N/A";"43,17392200";"3,02865400"
"202300038386";"7";"04";"2023";"16:16";"1";"56";"56231";"1";"1";"1";"7";"N/A";"47,68345700";" -2,64869500"
"202300038387";"2";"09";"2023";"21:30";"3";"60";"60536";"1";"1";"1";"7";"D123";"49,31000100";"2,69525500"
"202300038388";"9";"04";"2023";"18:40";"1";"65";"65025";"1";"1";"1";"1";"Soum d'Ourout – Route d’Aubisque";"42,99939400";" -0,10876900"
"202300038389";"11";"12";"2023";"18:10";"3";"34";"34202";"1";"1";"9";"3";"Départementale 5";"43,57519900";"3,74706700"
"202300038390";"10";"04";"2023";"00:20";"3";"65";"65261";"1";"1";"1";"7";"2 route d'Auch";"43,23846200";"0,49364800"
"202300038391";"3";"09";"2023";"18:05";"1";"64";"64320";"1";"2";"1";"4";"D934";"43,00066100";" -0,42036100"
"202300038392";"9";"12";"2023";"19:00";"4";"987";"98747";"1";"1";"3";"1";"PK 1+800  - RT4";" -17,75600000";" -148,73600000"
"202300038393";"10";"04";"2023";"16:00";"1";"55";"55035";"1";"1";"1";"1";"D152";"48,69488867";"5,17035642"
"202300038394";"10";"12";"2023";"08:00";"1";"988";"98822";"1";"1";"1";"6";"Galilée (Tribu)";" -20,92701000";"165,27838000"
"202300038395";"10";"04";"2023";"06:00";"3";"47";"47289";"1";"1";"1";"6";"D215";"44,24571800";"0,80658300"
"202300038396";"8";"04";"2023";"23:15";"5";"68";"68042";"2";"1";"1";"7";"Rue du 19 Novembre";"47,60491900";"7,49948100"
"202300038397";"11";"12";"2023";"08:25";"1";"973";"97305";"1";"3";"1";"3";"RN1 croisement CD5";"5,00454900";" -52,46218400"
"202300038398";"4";"09";"2023";"07:45";"1";"73";"73247";"1";"3";"1";"3";"D1006";"45,54137500";"6,13633600"
"202300038399";"8";"12";"2023";"15:54";"1";"971";"97124";"1";"1";"1";"6";"Route de Morin";"16,00532900";" -61,69931500"
"202300038400";"7";"04";"2023";"12:45";"1";"39";"39470";"1";"1";"4";"1";"N/A";"46,50288600";"6,02984700"
"202300038401";"9";"12";"2023";"04:55";"3";"972";"97224";"1";"1";"9";"1";"N4";"14,67274900";" -61,01880700"
"202300038402";"3";"09";"2023";"14:55";"1";"18";"18028";"2";"6";"1";"1";"2 Rue du Stade";"47,11098400";"2,29017700"
"202300038403";"8";"04";"2023";"10:45";"1";"25";"25532";"1";"1";"1";"1";"RD67, PK 031.200";"47,20087000";"6,10634900"
"202300038404";"9";"04";"2023";"03:32";"3";"29";"29187";"1";"3";"1";"6";"Pont Amis";"48,56118700";" -4,12852600"
"202300038405";"12";"12";"2023";"07:20";"3";"45";"45082";"1";"1";"2";"7";"D2060 PR 73 + 381";"47,89775100";"2,20724000"
"202300038406";"3";"09";"2023";"14:00";"1";"18";"18195";"1";"1";"1";"1";"N/A";"46,85301600";"2,84196100"
"202300038407";"9";"04";"2023";"11:44";"1";"29";"29076";"2";"2";"1";"3";"Rue du Léon";"48,46925100";" -4,56087100"
"202300038408";"10";"12";"2023";"03:50";"3";"2A";"2A247";"1";"1";"1";"1";"D859";"41,56656700";"9,24905100"
"202300038409";"3";"09";"2023";"08:18";"1";"10";"10323";"2";"6";"1";"3";"Pl des Martyrs de la Liberation";"48,51952200";"3,72633900"
"202300038410";"12";"12";"2023";"19:00";"3";"66";"66026";"1";"1";"1";"7";"N/A";"42,56181200";"2,89009100"
"202300038411";"9";"04";"2023";"18:30";"1";"31";"31079";"2";"2";"1";"3";"Rue Jean Jaurès";"43,78041700";"1,40547200"
"202300038412";"4";"09";"2023";"18:25";"1";"10";"10165";"1";"1";"1";"1";"D43";"48,31585300";"4,30636200"
"202300038413";"9";"04";"2023";"18:00";"1";"26";"26321";"1";"1";"1";"6";"RD 135";"44,59401200";"5,27966000"
"202300038414";"3";"09";"2023";"18:30";"1";"36";"36169";"1";"1";"1";"6";"N/A";"46,76832200";"2,10538400"
"202300038415";"2";"09";"2023";"19:40";"2";"07";"07213";"1";"1";"1";"1";"607 chemin de Lablachère";"44,50273900";"4,14463900"
"202300038416";"11";"12";"2023";"17:45";"3";"54";"54463";"1";"2";"1";"3";"carrefour des quatre vents";"48,79561700";"6,01475200"
"202300038417";"9";"04";"2023";"10:50";"1";"58";"58303";"2";"1";"1";"6";"Rue des Grands Jardins";"47,00090900";"3,13459900"
"202300038418";"2";"09";"2023";"04:15";"5";"07";"07346";"2";"1";"1";"6";"8 Faubourg Les Sautelles";"44,48555300";"4,67811600"
"202300038419";"9";"04";"2023";"21:25";"3";"58";"58046";"1";"1";"1";"1";"Route de Decize";"46,85352900";"3,63673200"
"202300038420";"10";"12";"2023";"20:30";"3";"54";"54557";"1";"4";"2";"3";"D400";"48,69202095";"6,04331195"
"202300038421";"10";"04";"2023";"11:20";"1";"14";"14371";"1";"1";"1";"3";"2139 Avenue de Neuville";"48,98824400";"0,16190600"
"202300038422";"8";"12";"2023";"20:50";"3";"42";"42326";"2";"1";"2";"6";"Chemin la Combe";"45,36807800";"4,66629300"
"202300038423";"9";"04";"2023";"16:45";"1";"83";"83082";"1";"1";"1";"2";"D955, n°71";"43,60560429";"6,47990289"
"202300038424";"10";"12";"2023";"18:15";"3";"26";"26084";"1";"1";"2";"1";"Route du Péage";"45,02870200";"4,99144100"
"202300038425";"1";"09";"2023";"17:30";"1";"53";"53104";"2";"2";"2";"3";"Rue de la Division Leclerc";"47,85410000";" -0,60770000"
"202300038426";"12";"12";"2023";"11:05";"1";"65";"65059";"2";"1";"1";"2";"Rue du Monné";"43,07360800";"0,14581300"
"202300038427";"10";"04";"2023";"12:10";"1";"73";"73105";"1";"1";"1";"6";"D1006";"45,46812200";"5,73620400"
"202300038428";"12";"12";"2023";"08:10";"1";"64";"64067";"2";"3";"1";"3";"Rue de la Poste";"43,25124700";" -0,29829400"
"202300038429";"9";"04";"2023";"12:10";"1";"43";"43037";"1";"1";"1";"6";"Chemin communal";"44,88531000";"3,78528400"
"202300038430";"4";"09";"2023";"14:30";"1";"21";"21393";"1";"2";"1";"2";"D965";"47,90104900";"4,61884400"
"202300038431";"12";"12";"2023";"01:40";"4";"56";"56178";"1";"1";"2";"7";"Avenue du General Leclerc";"48,08146600";" -2,94741000"
"202300038432";"9";"04";"2023";"18:25";"1";"07";"07338";"2";"3";"1";"7";"D2";"44,89421900";"4,64173100"
"202300038433";"11";"12";"2023";"13:45";"1";"27";"27331";"1";"2";"1";"3";"pk 5 D1";"49,13284511";"1,54788673"
"202300038434";"10";"04";"2023";"17:30";"1";"53";"53043";"1";"1";"1";"3";"D32";"48,14503600";" -0,53189800"
"202300038435";"3";"09";"2023";"12:40";"1";"21";"21035";"1";"3";"1";"2";"D996";"47,05005200";"5,09778500"
"202300038436";"9";"04";"2023";"16:55";"1";"27";"27558";"1";"4";"1";"3";"RD124";"49,27589500";"0,74004400"
"202300038437";"10";"12";"2023";"21:45";"3";"62";"62654";"1";"1";"8";"4";"A16";"50,90948893";"1,78221345"
"202300038438";"9";"04";"2023";"22:20";"3";"28";"28327";"1";"1";"1";"6";"D13.3";"48,19542700";"0,81543400"
"202300038439";"4";"09";"2023";"15:55";"1";"40";"40228";"2";"1";"1";"1";"Avenue Jean Barbé";"43,62761500";" -0,83242900"
"202300038440";"11";"12";"2023";"08:30";"1";"91";"91136";"1";"1";"1";"2";"AUTOROUTE A10";"48,71369000";"2,27794000"
"202300038441";"10";"12";"2023";"23:00";"3";"91";"91471";"1";"1";"1";"6";"RN 118";"48,69792000";"2,19208000"
"202300038442";"9";"04";"2023";"16:15";"1";"37";"37245";"2";"2";"1";"6";"17 Avenue des Tilleuls 37360";"47,49814046";"0,57547867"
"202300038443";"3";"09";"2023";"06:30";"2";"40";"40046";"2";"1";"1";"7";"316 Avenue de Laouadie";"44,41023100";" -1,16281700"
"202300038444";"16";"03";"2023";"22:20";"5";"52";"52550";"2";"2";"1";"6";"Rue du Mal de Lattre de Tassigny";"48,49749400";"4,94293000"
"202300038445";"11";"12";"2023";"17:35";"3";"78";"78362";"1";"1";"1";"4";"A13";"48,97830000";"1,70990000"
"202300038446";"9";"04";"2023";"20:00";"1";"08";"08365";"2";"1";"1";"7";"Rue Jean Jaures";"49,84003300";"4,54330700"
"202300038447";"11";"12";"2023";"12:08";"1";"92";"92050";"1";"1";"1";"3";"A86";"48,89347708";"2,18884570"
"202300038448";"4";"09";"2023";"19:46";"1";"04";"04188";"1";"1";"1";"7";"D13";"43,89844900";"5,79725100"
"202300038449";"9";"04";"2023";"18:30";"1";"38";"38339";"1";"1";"1";"1";"Route d'Artas";"45,58167500";"5,16101000"
"202300038450";"11";"12";"2023";"17:20";"3";"95";"95018";"1";"1";"1";"4";"A15";"48,95969000";"2,27195000"
"202300038451";"4";"09";"2023";"18:40";"1";"85";"85095";"1";"2";"1";"3";"D76";"46,85791700";" -1,76195700"
"202300038452";"11";"12";"2023";"10:10";"1";"95";"95018";"1";"1";"1";"3";"A15";"48,95201228";"2,27957378"
"202300038453";"8";"04";"2023";"21:45";"3";"988";"98815";"1";"1";"1";"7";"RM11";" -21,49358000";"168,02186000"
"202300038454";"11";"12";"2023";"09:30";"1";"95";"95018";"1";"1";"1";"6";"A15";"48,95627000";"2,27727000"
"202300038455";"4";"09";"2023";"21:40";"3";"85";"85131";"1";"1";"1";"2";"Rue des sables";"46,46263900";" -1,21082400"
"202300038456";"11";"12";"2023";"04:05";"3";"95";"95154";"1";"1";"1";"6";"A1";"49,05184373";"2,54811147"
"202300038457";"10";"04";"2023";"09:30";"1";"988";"98809";"2";"2";"1";"6";"Quartier de Kapoume";" -22,66739800";"167,49577800"
"202300038458";"4";"09";"2023";"12:15";"1";"27";"27467";"2";"1";"1";"3";"Rue des Déportés";"49,35439500";"0,51826200"
"202300038459";"11";"12";"2023";"01:25";"3";"93";"93039";"1";"1";"1";"6";"AUTOROUTE A86";"48,92747504";"2,33356513"
"202300038460";"9";"04";"2023";"06:00";"1";"971";"97129";"1";"1";"1";"1";"Lieu Dit Viard";"16,31680300";" -61,68398900"
"202300038461";"11";"12";"2023";"15:50";"1";"94";"94042";"1";"1";"1";"6";"A4";"48,82728643";"2,46925563"
"202300038462";"10";"04";"2023";"05:30";"3";"37";"37171";"1";"1";"1";"6";"CD 952";"47,40446856";"0,89502096"
"202300038463";"11";"12";"2023";"09:15";"1";"94";"94017";"1";"1";"1";"5";"A4";"48,82671118";"2,52258828"
"202300038464";"4";"09";"2023";"06:45";"2";"27";"27524";"2";"2";"1";"1";"Rue de l'Eglise";"49,11294900";"0,93187500"
"202300038465";"7";"07";"2023";"03:30";"3";"28";"28092";"1";"1";"1";"2";"A10 - PK 046.300 - Direction Paris";"48,35921500";"1,87765400"
"202300038466";"10";"04";"2023";"15:25";"1";"34";"34154";"1";"1";"1";"1";"D189 PR 6+722";"43,60624700";"3,96801200"
"202300038467";"3";"09";"2023";"18:20";"2";"17";"17257";"1";"1";"1";"7";"D133";"45,98433400";" -0,24922500"
"202300038468";"30";"09";"2023";"04:50";"5";"987";"98735";"2";"3";"1";"7";"FARE UTE";" -17,50000000";" -149,50000000"
"202300038469";"9";"04";"2023";"09:45";"2";"08";"08328";"2";"1";"1";"3";"42 Rue Chanzy";"49,81663300";"4,74354000"
"202300038470";"3";"09";"2023";"22:30";"3";"23";"23047";"1";"1";"1";"7";"D4";"46,15672400";"1,55846500"
"202300038471";"10";"12";"2023";"10:44";"1";"976";"97611";"2";"1";"1";"1";"passamanty-Vahibé ( route )";" -12,80250000";"45,21423000"
"202300038472";"4";"09";"2023";"16:20";"1";"30";"30165";"1";"1";"1";"6";"N/A";"44,09214100";"4,15096000"
"202300038473";"10";"04";"2023";"10:30";"1";"54";"54430";"2";"3";"1";"6";"187 Avenue du Général de Gaulle";"48,77995970";"6,13088762"
"202300038474";"10";"12";"2023";"14:20";"1";"974";"97411";"2";"2";"2";"3";"CHATEL (JEAN)";" -20,88265000";"55,45136000"
"202300038475";"9";"04";"2023";"16:00";"1";"33";"33369";"1";"1";"1";"6";"N/A";"44,81111085";"0,21842837"
"202300038476";"11";"12";"2023";"03:25";"3";"974";"97407";"2";"1";"1";"6";"ROUTE DU SACRE COEUR";" -20,95319000";"55,30738000"
"202300038477";"3";"09";"2023";"19:32";"2";"88";"88361";"1";"1";"1";"1";"pk 67 D420";"48,33715300";"7,10534300"
"202300038478";"7";"04";"2023";"18:45";"1";"33";"33402";"2";"1";"1";"6";"Avenue de la Gare";"44,83705000";"0,22152900"
"202300038479";"8";"12";"2023";"17:10";"1";"69";"69388";"2";"1";"1";"6";"Boulevard des Etats-Unis";"45,72967000";"4,86730000"
"202300038480";"4";"09";"2023";"16:00";"1";"88";"88468";"2";"1";"1";"7";"Rue de la Gare";"47,87533900";"6,76241200"
"202300038481";"9";"04";"2023";"06:40";"3";"44";"44204";"2";"1";"1";"7";"244 Rue des Etangs";"47,27509100";" -1,44678900"
"202300038482";"9";"12";"2023";"18:00";"1";"69";"69383";"2";"3";"1";"6";"Rue Garibaldi";"45,75838000";"4,85249000"
"202300038483";"5";"09";"2023";"06:18";"2";"88";"88530";"1";"1";"1";"6";"D3";"48,05974000";"6,34067800"
"202300038484";"10";"12";"2023";"02:07";"5";"972";"97213";"1";"1";"1";"2";"AUTOROUTE A1";"14,61863000";" -61,02227000"
"202300038485";"10";"04";"2023";"14:30";"1";"02";"02544";"2";"1";"1";"7";"Rue du Grand Loudier";"49,93696800";"4,03356200"
"202300038486";"10";"12";"2023";"04:30";"5";"69";"69386";"2";"1";"1";"6";"Quai de Serbie";"45,76897000";"4,84106000"
"202300038487";"3";"09";"2023";"19:00";"4";"973";"97307";"1";"1";"1";"1";"4240 Route de Stoupan";"4,77634600";" -52,34057000"
"202300038488";"10";"12";"2023";"19:10";"3";"2B";"2B033";"2";"1";"1";"7";"ROUTE ROYALE";"42,68148000";"9,42321000"
"202300038489";"9";"04";"2023";"19:25";"2";"02";"02472";"1";"1";"1";"3";"N/A";"49,52470700";"3,79705300"
"202300038490";"10";"12";"2023";"07:10";"3";"91";"91421";"1";"1";"1";"6";"NATIONALE 6 (CES POMPIDOU)";"48,69260000";"2,45003000"
"202300038491";"10";"04";"2023";"19:15";"1";"80";"80032";"1";"1";"2";"6";"D935";"49,61543000";"2,62027700"
"202300038492";"10";"12";"2023";"11:20";"1";"91";"91479";"2";"1";"8";"6";"AV MARCEL OUVRIER";"48,70949200";"2,36601700"
"202300038493";"3";"09";"2023";"12:40";"1";"69";"69244";"2";"1";"1";"3";"243 Avenue Charles de Gaulle";"45,75205300";"4,76772100"
"202300038494";"9";"12";"2023";"11:58";"1";"84";"84087";"2";"4";"2";"3";"MOULIN (RUE JEAN)";"44,14524000";"4,81085000"
"202300038495";"4";"04";"2023";"14:45";"1";"13";"13216";"1";"1";"8";"2";"A55-Sens Martigues vers Marseille";"43,34528000";"5,34615000"
"202300038496";"8";"04";"2023";"17:55";"1";"83";"83090";"1";"1";"1";"3";"A50";"43,12584300";"5,88003400"