"Num_Acc";"jour";"mois";"an";"hrmn";"lum";"dep";"com";"agg";"int";"atm";"col";"adr";"lat";"long"
"202300038893";"4";"10";"2023";"07:20";"2";"93";"93066";"1";"1";"1";"2";"AUTOROUTE A86";"48,92188000";"2,36001000"
"202300038894";"13";"01";"2023";"16:50";"2";"69";"69029";"2";"8";"2";"3";"Avenue Pierre Mendès France";"45,72469000";"4,91515000"
"202300038895";"5";"10";"2023";"09:00";"1";"94";"94015";"1";"1";"1";"2";"A4";"48,83297415";"2,53364925"
"202300038896";"5";"10";"2023";"09:00";"1";"94";"94079";"1";"1";"1";"2";"A4";"48,83281718";"2,53379035"
"202300038897";"13";"01";"2023";"07:25";"2";"67";"67482";"2";"3";"1";"1";"PEAGE (RUE DU)";"48,57742000";"7,78550000"
"202300038898";"5";"10";"2023";"06:30";"5";"93";"93051";"1";"1";"1";"3";"A4";"48,83636000";"2,55130000"
"202300038899";"12";"01";"2023";"10:35";"1";"67";"67482";"2";"1";"6";"2";"VAUBAN (PONT)";"48,56995000";"7,78335000"
"202300038900";"4";"10";"2023";"23:20";"3";"94";"94069";"1";"1";"1";"2";"A4";"48,81720461";"2,42851783"
"202300038901";"13";"01";"2023";"08:41";"1";"64";"64445";"2";"1";"2";"2";"rue d'Étigny";"43,29656000";" -0,38576000"
"202300038902";"8";"09";"2023";"09:40";"1";"987";"98735";"2";"1";"1";"2";"POMARE (BVD)";"17,54083000";"149,57085000"
"202300038903";"12";"01";"2023";"07:50";"1";"64";"64284";"1";"6";"1";"7";"avenue du 18 juin 1940";"43,29109888";" -0,40477476"
"202300038904";"4";"10";"2023";"01:20";"3";"974";"97416";"1";"1";"2";"7";"RN1";" -21,32593000";"55,44851000"
"202300038905";"3";"10";"2023";"07:00";"1";"974";"97411";"2";"1";"1";"6";"LECONTE DE LISLE (AVENUE)";" -20,89601000";"55,49113000"
"202300038906";"8";"01";"2023";"02:35";"5";"62";"62724";"2";"1";"1";"6";"Rue Henri Barbusse";"50,40291900";"2,92332600"
"202300038907";"4";"10";"2023";"09:00";"1";"974";"97409";"2";"1";"2";"6";"ROCADE SUD(RUE)";" -20,97461000";"55,65024000"
"202300038908";"12";"01";"2023";"18:10";"5";"62";"62178";"2";"1";"3";"6";"Rue Alfred Leroy";"50,47600000";"2,54400000"
"202300038909";"4";"10";"2023";"09:30";"1";"973";"97302";"2";"6";"1";"3";"SUZINI (CARREFOUR)";"4,92749659";" -52,28993028"
"202300038910";"13";"01";"2023";"05:30";"5";"59";"59599";"2";"1";"1";"6";"BERNARD (RUE CLAUDE)";"50,69838000";"3,15176000"
"202300038911";"3";"10";"2023";"21:55";"3";"973";"97302";"2";"1";"1";"1";"FELIX EBOUE(ROCADE)";"4,92728000";" -52,31977000"
"202300038912";"13";"01";"2023";"04:05";"5";"59";"59378";"2";"1";"2";"4";"REPUBLIQUE AV DE LA (N°512-832)";"50,65220600";"3,08225400"
"202300038913";"4";"10";"2023";"19:25";"4";"69";"69386";"2";"2";"1";"6";"Rue Vendôme";"45,76728000";"4,84532000"
"202300038914";"13";"01";"2023";"18:20";"5";"59";"59183";"2";"9";"1";"6";"MENDES FRANCE - BOULEVARD";"51,03836200";"2,40590100"
"202300038915";"4";"10";"2023";"11:35";"1";"69";"69387";"2";"1";"1";"5";"Cours Gambetta";"45,75116000";"4,85441000"
"202300038916";"13";"01";"2023";"19:00";"5";"59";"59244";"2";"9";"1";"6";"ROUTE NATIONALE";"50,16705000";"3,16161000"
"202300038917";"4";"10";"2023";"09:20";"1";"69";"69388";"2";"2";"1";"3";"Rue Professeur Beauvisage";"45,72938000";"4,86787000"
"202300038918";"13";"01";"2023";"17:30";"5";"54";"54395";"2";"1";"8";"6";"Rue Grand Rabbin Haguenauer";"48,68790000";"6,17977000"
"202300038919";"4";"10";"2023";"08:45";"1";"972";"97213";"1";"1";"1";"4";"AUTOROUTE A1";"14,61800000";" -61,03000000"
"202300038920";"13";"01";"2023";"13:40";"1";"54";"54547";"2";"3";"1";"6";"JAURES (AVENUE JEAN)";"48,66517000";"6,16494000"
"202300038921";"12";"01";"2023";"22:20";"5";"54";"54395";"2";"1";"2";"6";"SAINT DIZIER (RUE 82 ET 113 A FIN)";"48,68983000";"6,18324000"
"202300038922";"3";"10";"2023";"11:50";"1";"91";"91691";"2";"1";"8";"3";"RAYMOND POINCARE(RUE)";"48,71036000";"2,49931000"
"202300038923";"12";"01";"2023";"16:50";"2";"54";"54547";"2";"1";"2";"6";"Rue Bernard Palissy";"48,65375000";"6,17751000"
"202300038924";"4";"10";"2023";"15:08";"1";"91";"91479";"2";"3";"1";"3";"RUE ROGER SALENGRO";"48,71155000";"2,35915000"
"202300038925";"12";"01";"2023";"17:00";"5";"54";"54395";"2";"1";"2";"6";"Rue Grand Rabbin Haguenauer";"48,68800222";"6,17967814"
"202300038926";"4";"10";"2023";"07:17";"1";"91";"91174";"2";"3";"1";"6";"ARMEE PATTON (PONT DE L')";"48,61314800";"2,48337000"
"202300038927";"4";"10";"2023";"14:00";"1";"89";"89387";"2";"1";"1";"6";"CHAMBONAS (COURS)";"48,19513000";"3,28331000"
"202300038928";"12";"01";"2023";"17:40";"3";"52";"52448";"1";"1";"8";"3";"VILLIERS EN LIEU (ROUTE DE)";"48,64230496";"4,91676807"
"202300038929";"3";"10";"2023";"07:56";"1";"87";"87085";"2";"1";"1";"2";"LEGENDRE (RUE CHARLES)";"45,81450000";"1,24219000"
"202300038930";"13";"01";"2023";"20:00";"5";"49";"49246";"2";"1";"2";"6";"PYRAMIDE ROUTE";"47,44768000";" -0,50978000"
"202300038931";"3";"10";"2023";"04:47";"5";"86";"86194";"1";"1";"1";"3";"Route de Bonnes";"46,58429000";"0,39385000"
"202300038932";"12";"01";"2023";"19:11";"5";"49";"49353";"2";"2";"1";"3";"REPUBLIQUE AVENUE";"47,44611000";" -0,49645000"
"202300038933";"4";"10";"2023";"16:30";"1";"82";"82033";"2";"1";"1";"6";"BELLEPERCHE RD 45 (ROUTE DE)";"44,02916000";"1,10783000"
"202300038934";"12";"01";"2023";"17:49";"2";"49";"49267";"2";"1";"2";"2";"D347";"47,47242000";" -0,46066000"
"202300038935";"4";"10";"2023";"08:15";"1";"78";"78650";"2";"2";"1";"1";"BELLOY (AVENUE DE)";"48,90153000";"2,13157000"
"202300038936";"13";"01";"2023";"14:40";"1";"44";"44109";"2";"6";"2";"3";"3 Boulevard René Cassin";"47,26346000";" -1,57988000"
"202300038937";"1";"10";"2023";"02:45";"5";"78";"78138";"2";"5";"1";"3";"POISSY (AVENUE DE)";"48,97030200";"2,03221800"
"202300038938";"13";"01";"2023";"19:25";"3";"41";"41018";"1";"3";"8";"3";"CHAILLES (LEVEE DE)";"47,56781400";"1,31144990"
"202300038939";"4";"10";"2023";"14:01";"1";"78";"78172";"2";"1";"1";"6";"LIBERTE (PLACE DE LA)";"49,00638500";"2,11822400"
"202300038940";"13";"01";"2023";"16:00";"1";"37";"37261";"2";"9";"1";"3";"GRAMMONT (AVENUE DE)";"47,38717000";"0,68995000"
"202300038941";"26";"09";"2023";"14:25";"1";"78";"78172";"2";"2";"1";"3";"DE GAULLE (BD DU GENERAL)";"49,00507700";"2,09355000"
"202300038942";"13";"01";"2023";"19:15";"5";"35";"35238";"2";"3";"2";"3";"ALBERT 1ER (BD)";"48,08895064";" -1,67636722"
"202300038943";"4";"10";"2023";"11:55";"1";"76";"76322";"2";"2";"6";"3";"Boulevard Pierre Brossolette";"49,41861000";"1,03175000"
"202300038944";"13";"01";"2023";"13:40";"1";"35";"35238";"2";"6";"1";"6";"LANGEVIN (PAUL)";"48,09318235";" -1,65837497"
"202300038945";"13";"01";"2023";"01:10";"5";"35";"35238";"2";"2";"1";"5";"ZOLA (QUAI EMILE)";"48,10988003";" -1,67403907"
"202300038946";"4";"10";"2023";"15:40";"1";"71";"71306";"2";"1";"1";"3";"CHAMP DU MOULIN (RUE DU )";"46,67383000";"4,37395000"
"202300038947";"13";"01";"2023";"01:10";"5";"35";"35238";"2";"1";"2";"6";"MAGINOT (AVENUE SERGENT)";"48,10996000";" -1,66262000"
"202300038948";"3";"10";"2023";"12:25";"1";"71";"71270";"2";"6";"1";"1";"EUROPE (RUE DE L')";"46,29888163";"4,82754573"
"202300038949";"13";"01";"2023";"23:20";"5";"34";"34172";"2";"2";"1";"3";"Place du Huit Mai 1945";"43,60119000";"3,86828000"
"202300038950";"4";"10";"2023";"20:50";"5";"69";"69256";"2";"4";"1";"7";"Avenue Paul Marcellin";"45,77381000";"4,93237000"
"202300038951";"13";"01";"2023";"08:20";"1";"34";"34172";"2";"1";"1";"5";"255 Avenue des Garrats";"43,61120000";"3,83889000"
"202300038952";"4";"10";"2023";"11:00";"1";"69";"69013";"1";"4";"1";"1";"Avenue de Joux";"46,01114000";"4,72531000"
"202300038953";"11";"01";"2023";"16:00";"2";"33";"33063";"2";"1";"7";"3";"Pont Saint-Jean";"44,83403000";" -0,55241000"
"202300038954";"4";"10";"2023";"17:10";"1";"69";"69259";"2";"1";"1";"6";"Avenue Marcel Cachin";"45,69378000";"4,87564000"
"202300038955";"4";"10";"2023";"12:35";"1";"69";"69259";"2";"2";"1";"3";"Boulevard Irène Joliot Curie";"45,71406000";"4,87934000"
"202300038956";"13";"01";"2023";"08:10";"3";"33";"33529";"1";"2";"9";"3";"EIFFEL (RUE GUSTAVE) DU 243 ET +";"44,61040000";" -1,12360000"
"202300038957";"4";"10";"2023";"09:00";"1";"69";"69290";"2";"4";"1";"3";"Chemin de Saint Bonnet de Mure";"45,69187000";"4,96716000"
"202300038958";"12";"01";"2023";"13:00";"1";"27";"27681";"2";"3";"2";"5";"IVRY (ROUTE D')";"49,07160000";"1,47247000"
"202300038959";"3";"10";"2023";"18:30";"1";"69";"69290";"2";"1";"1";"7";"76 Route de Grenoble";"45,70718000";"4,98714000"
"202300038960";"12";"01";"2023";"10:50";"1";"27";"27562";"2";"9";"2";"6";"PRES (RUE DES)";"49,10269000";"1,45286000"
"202300038961";"3";"10";"2023";"21:58";"5";"67";"67482";"2";"8";"1";"1";"ROMAINS (ROUTE DES)";"48,57986000";"7,71773000"
"202300038962";"4";"10";"2023";"11:30";"1";"64";"64348";"1";"1";"1";"2";"MARTYRS DU PONT LONG DES";"43,34176000";" -0,37984000"
"202300038963";"4";"10";"2023";"07:25";"3";"64";"64445";"2";"3";"1";"3";"EUROPE DE L'";"43,32937000";" -0,35326000"
"202300038964";"13";"01";"2023";"11:45";"1";"13";"13208";"2";"1";"1";"6";"CLOT BEY (AVENUE)";"43,25529000";"5,38226000"
"202300038965";"12";"01";"2023";"12:30";"1";"11";"11069";"2";"1";"1";"7";"Route de Saint Hilaire";"43,19404133";"2,34481281"
"202300038966";"4";"10";"2023";"05:32";"5";"63";"63113";"2";"6";"1";"6";"BERTHELOT (BOULEVARD)";"45,78161000";"3,07083000"
"202300038967";"13";"01";"2023";"07:58";"2";"10";"10081";"2";"1";"2";"3";"JEAN BAPTISTE COLBERT (RUE)";"48,32148000";"4,02726000"
"202300038968";"4";"10";"2023";"20:30";"5";"62";"62907";"1";"1";"1";"6";"D 919";"50,48909000";"2,99110000"
"202300038969";"4";"10";"2023";"08:40";"2";"58";"58194";"2";"6";"7";"6";"MARECHAL LECLERC";"47,00082000";"3,15649000"
"202300038970";"12";"01";"2023";"14:59";"1";"10";"10362";"2";"2";"2";"3";"GENERAL LECLERC (RUE DU)";"48,29162533";"4,03546783"
"202300038971";"13";"01";"2023";"10:35";"1";"09";"09122";"2";"1";"2";"6";"FAURE (COURS GABRIEL)";"42,96409000";"1,60851000"
"202300038972";"3";"10";"2023";"13:40";"1";"56";"56121";"2";"3";"1";"3";"Boulevard Yves Demaine";"47,75203000";" -3,37929000"
"202300038973";"3";"10";"2023";"17:00";"1";"54";"54357";"2";"1";"1";"1";"Avenue de la Meurthe";"48,71086221";"6,17365122"
"202300038974";"13";"01";"2023";"14:20";"1";"06";"06159";"2";"3";"1";"2";"MARECHAL FOCH (AVENUE)";"43,70108800";"7,30681700"
"202300038975";"3";"10";"2023";"13:15";"1";"54";"54395";"2";"3";"1";"6";"Rue Jeannot";"48,69024728";"6,18767381"
"202300038976";"12";"01";"2023";"11:30";"1";"06";"06069";"2";"2";"1";"3";"SAINT EXUPERY (AVENUE ANTOINE DE)";"43,66220000";"6,93425300"
"202300038977";"4";"10";"2023";"07:40";"1";"54";"54159";"1";"4";"5";"3";"Avenue de Lunéville";"48,61248400";"6,37364500"
"202300038978";"4";"10";"2023";"13:00";"1";"51";"51454";"2";"1";"1";"6";"FOCH (BOULEVARD)";"49,25741000";"4,02596000"
"202300038979";"13";"01";"2023";"18:52";"5";"01";"01014";"2";"1";"2";"3";"CD 31";"46,28438000";"5,66257000"
"202300038980";"4";"10";"2023";"19:05";"1";"50";"50502";"2";"1";"1";"3";"PARIS";"49,11603000";" -1,06639000"
"202300038981";"12";"01";"2023";"00:30";"5";"75";"75114";"2";"4";"1";"2";"ECHANGEUR BRANCION";"48,82503600";"2,30354900"
"202300038982";"3";"10";"2023";"21:10";"3";"50";"50129";"1";"1";"1";"7";"RN 13";"49,59456000";" -1,59578000"
"202300038983";"13";"01";"2023";"12:45";"1";"75";"75119";"2";"1";"1";"1";"RUE MANIN";"48,88310400";"2,38667200"
"202300038984";"3";"10";"2023";"13:10";"1";"50";"50129";"2";"3";"1";"6";"VEXIN (RUE DU)";"49,62769000";" -1,63333000"
"202300038985";"13";"01";"2023";"18:00";"5";"75";"75118";"2";"2";"1";"6";"RUE FEUTRIER";"48,88671400";"2,34660300"
"202300038986";"4";"10";"2023";"19:47";"5";"45";"45302";"2";"1";"1";"1";"609 ROUTE NATIONALE 20";"47,94322000";"1,89266000"
"202300038987";"13";"01";"2023";"20:10";"5";"75";"75115";"2";"1";"1";"6";"AVENUE FELIX FAURE";"48,83773900";"2,28027200"
"202300038988";"4";"10";"2023";"16:15";"1";"42";"42186";"2";"1";"1";"6";"Rue du Pilat";"45,51580000";"4,60473000"
"202300038989";"4";"10";"2023";"11:50";"1";"37";"37195";"2";"1";"1";"6";"LOUIS XI (BOULEVARD)";"47,37539000";"0,65800000"
"202300038990";"13";"01";"2023";"12:40";"1";"75";"75111";"2";"3";"1";"3";"BOULEVARD VOLTAIRE";"48,86097800";"2,37478800"
"202300038991";"3";"10";"2023";"17:10";"1";"37";"37122";"1";"1";"1";"2";"RD 37";"47,34750444";"0,64617705"
"202300038992";"13";"01";"2023";"16:35";"1";"75";"75110";"2";"2";"1";"6";"RUE LA FAYETTE";"48,87974400";"2,35872500"
"202300038993";"4";"10";"2023";"13:45";"1";"35";"35238";"2";"6";"1";"6";"LITTRE (EMILE)";"48,08757105";" -1,64412171"
"202300038994";"26";"09";"2023";"07:50";"2";"30";"30189";"2";"3";"1";"6";"Rue de Sauve";"43,83770266";"4,34901819"
"202300038995";"13";"01";"2023";"09:55";"1";"75";"75108";"2";"1";"1";"2";"COURS LA REINE";"48,86446400";"2,31896400"
"202300038996";"4";"10";"2023";"18:25";"1";"29";"29039";"1";"9";"1";"3";"RD 783";"47,89504898";" -3,91368655"
"202300038997";"13";"01";"2023";"00:05";"5";"75";"75101";"2";"3";"2";"7";"BOULEVARD DE SEBASTOPOL";"48,86122800";"2,34968000"
"202300038998";"3";"10";"2023";"19:15";"5";"29";"29019";"2";"2";"1";"3";"rue Albert Thibaudet";"48,37287100";" -4,53927100"
"202300038999";"12";"01";"2023";"08:55";"2";"75";"75101";"2";"2";"1";"6";"BOULEVARD DE SEBASTOPOL";"48,86007283";"2,34908670"
"202300039000";"4";"10";"2023";"12:15";"1";"27";"27229";"2";"6";"1";"2";"SAINT LEGER (RUE DU FAUBOURG)";"49,03297000";"1,15556000"
"202300039001";"13";"01";"2023";"22:00";"5";"94";"94042";"2";"2";"8";"3";"Avenue du Général Galliéni";"48,82010237";"2,47845112"
"202300039002";"2";"10";"2023";"11:45";"1";"19";"19272";"2";"1";"1";"7";"Fontaines (Lieu dit)";"45,28453193";"1,77318156"
"202300039003";"3";"10";"2023";"17:55";"1";"19";"19031";"2";"1";"1";"2";"BALUZE (RUE)";"45,16638000";"1,54010000"
"202300039004";"12";"01";"2023";"07:55";"5";"94";"94068";"2";"1";"2";"3";"VARENNE (R DE LA)";"48,80797000";"2,47350000"
"202300039005";"11";"01";"2023";"16:55";"1";"94";"94068";"2";"2";"1";"3";"LOUIS BLANC (AV)";"48,79115000";"2,49656700"
"202300039006";"4";"10";"2023";"18:30";"1";"13";"13071";"2";"9";"1";"1";"ROUTE NATIONALE 368 (PLAN DES PENNES)";"43,40533645";"5,28340164"
"202300039007";"29";"09";"2023";"20:00";"2";"13";"13216";"2";"1";"1";"1";"LE PELLETIE (RUE)";"43,36252000";"5,32228000"
"202300039008";"13";"01";"2023";"18:30";"5";"94";"94076";"2";"3";"1";"3";"Boulevard Maxime Gorki";"48,79276700";"2,36925700"
"202300039009";"4";"10";"2023";"18:30";"1";"13";"13210";"2";"1";"1";"3";"ICARD (BOULEVARD)";"43,27950000";"5,41730000"
"202300039010";"12";"01";"2023";"09:30";"1";"94";"94028";"2";"1";"1";"6";"Rue de Falkirk";"48,77166000";"2,45974000"
"202300039011";"4";"10";"2023";"15:20";"1";"13";"13201";"2";"1";"1";"3";"ATHENES (BOULEVARD D')";"43,29947000";"5,38056000"
"202300039012";"13";"01";"2023";"21:15";"5";"94";"94054";"2";"2";"1";"3";"Avenue de la Victoire / Avenue Henri Barbusse";"48,74513211";"2,38863355"
"202300039013";"4";"10";"2023";"12:56";"1";"13";"13213";"2";"4";"1";"3";"SAINT PAUL (AVENUE)";"43,32700000";"5,41000000"
"202300039014";"12";"01";"2023";"16:50";"2";"94";"94018";"2";"1";"1";"7";"80 Quai des Carrieres";"48,82066500";"2,40233800"
"202300039015";"4";"10";"2023";"11:45";"1";"13";"13214";"2";"1";"1";"5";"BASILE BARRELIER (BOULEVARD)";"43,33936885";"5,38952039"
"202300039016";"4";"10";"2023";"10:05";"1";"13";"13205";"2";"1";"1";"6";"BAILLE (BOULEVARD)";"43,28934000";"5,39663000"
"202300039017";"13";"01";"2023";"21:30";"5";"93";"93072";"2";"1";"1";"2";"Boulevard Maxime Gorki";"48,94851300";"2,38632200"
"202300039018";"4";"10";"2023";"01:30";"5";"13";"13210";"2";"5";"1";"2";"AVE FLORIAN";"43,28558000";"5,42499000"
"202300039019";"13";"01";"2023";"11:35";"1";"93";"93070";"2";"1";"1";"1";"Rue Lafontaine";"48,90147900";"2,32794400"
"202300039020";"3";"10";"2023";"21:30";"5";"13";"13208";"2";"3";"1";"3";"MAZARGUES (AVENUE DE)";"43,26502000";"5,39123000"
"202300039021";"13";"01";"2023";"18:00";"3";"93";"93066";"2";"1";"1";"3";"Boulevard Marcel Sembat";"48,93441800";"2,34929000"
"202300039022";"20";"08";"2023";"19:00";"1";"13";"13005";"2";"1";"1";"3";"GEMENOS (ROUTE DE CD2)";"43,28800000";"5,53917000"
"202300039023";"3";"10";"2023";"19:35";"5";"10";"10387";"2";"1";"1";"3";"PONTS (RUE DES)";"48,28730000";"4,08640000"
"202300039024";"3";"10";"2023";"07:50";"1";"10";"10387";"2";"1";"1";"6";"VOULDY (CHAUSSEE DU)";"48,29430000";"4,08270000"
"202300039025";"13";"01";"2023";"00:30";"5";"93";"93066";"2";"1";"2";"4";"Boulevard Félix Faure";"48,93869900";"2,35847300"
"202300039026";"4";"10";"2023";"15:50";"1";"04";"04070";"2";"1";"1";"7";"ST VERAN (AV)";"44,08934000";"6,21320000"
"202300039027";"13";"01";"2023";"07:50";"2";"93";"93077";"2";"2";"2";"1";"Avenue du Raincy / Rue de Bondy";"48,88665159";"2,50891417"
"202300039028";"4";"10";"2023";"21:48";"5";"75";"75111";"2";"5";"1";"3";"AVENUE DE LA REPUBLIQUE";"48,86400200";"2,38120300"
"202300039029";"4";"10";"2023";"18:47";"5";"75";"75113";"2";"3";"1";"7";"RUE EMILE DURKHEIM";"48,83218500";"2,37734000"
"202300039030";"13";"01";"2023";"08:57";"1";"93";"93055";"2";"1";"2";"1";"Avenue du Général Leclerc";"48,89555037";"2,40055829"
"202300039031";"4";"10";"2023";"15:20";"1";"75";"75120";"2";"2";"1";"3";"RUE ALEXANDRE DUMAS";"48,85475600";"2,39749400"
"202300039032";"13";"01";"2023";"12:50";"1";"93";"93006";"2";"9";"1";"3";"42 Rue François Mitterrand";"48,87690800";"2,42341400"
"202300039033";"3";"10";"2023";"12:40";"1";"75";"75120";"2";"2";"1";"3";"RUE DES PYRENEES";"48,87000100";"2,39446100"
"202300039034";"4";"10";"2023";"19:30";"1";"75";"75117";"2";"2";"1";"3";"AVENUE DES TERNES";"48,88035200";"2,28680000"
"202300039035";"13";"01";"2023";"08:15";"1";"93";"93029";"2";"1";"6";"3";"Avenue Henri Barbusse";"48,92208600";"2,45594200"
"202300039036";"4";"10";"2023";"19:10";"2";"75";"75117";"2";"2";"1";"3";"RUE DE LA JONQUIERE";"48,89396700";"2,32142700"
"202300039037";"13";"01";"2023";"07:50";"2";"93";"93008";"2";"1";"1";"6";"Rue Rene Camier";"48,90965400";"2,45155000"
"202300039038";"4";"10";"2023";"18:55";"1";"75";"75116";"2";"1";"1";"2";"AVENUE PAUL DOUMER";"48,85887500";"2,27640400"
"202300039039";"13";"01";"2023";"22:00";"5";"92";"92078";"2";"3";"1";"3";"MARECHAL LECLERC (AVENUE) (N° IMPAIRS)";"48,93783722";"2,32428914"
"202300039040";"4";"10";"2023";"16:30";"1";"75";"75116";"2";"1";"1";"3";"VOIE GEORGES POMPIDOU";"48,84660900";"2,27413600"
"202300039041";"3";"10";"2023";"17:00";"1";"75";"75116";"2";"1";"1";"6";"AVENUE DE MALAKOFF";"48,87702700";"2,28339600"
"202300039042";"12";"01";"2023";"19:45";"5";"92";"92064";"2";"3";"2";"3";"MARCEL DASSAULT";"48,85413200";"2,22260500"
"202300039043";"4";"10";"2023";"18:40";"1";"75";"75115";"2";"1";"1";"7";"BOULEVARD GENERAL MARTIAL VALIN";"48,83836000";"2,27033000"
"202300039044";"4";"10";"2023";"16:30";"1";"75";"75115";"2";"1";"1";"2";"RUE DE VAUGIRARD";"48,84164700";"2,30843400"
"202300039045";"12";"01";"2023";"13:35";"1";"92";"92076";"2";"1";"8";"3";"PUITS";"48,83801600";"2,14621500"
"202300039046";"4";"10";"2023";"12:15";"1";"75";"75115";"2";"2";"1";"2";"QUAI DE GRENELLE";"48,85082600";"2,28371300"
"202300039047";"13";"01";"2023";"18:00";"5";"92";"92051";"2";"9";"1";"6";"ARGENSON (BOULEVARD, N° 17 AU 43)";"48,88903000";"2,26310000"
"202300039048";"4";"10";"2023";"15:25";"1";"75";"75112";"2";"1";"1";"6";"AVENUE DAUMESNIL";"48,84292500";"2,38440700"
"202300039049";"4";"10";"2023";"10:40";"1";"75";"75112";"2";"1";"1";"3";"RUE DE REUILLY";"48,84635100";"2,38772000"
"202300039050";"13";"01";"2023";"20:14";"5";"92";"92051";"2";"3";"2";"7";"GENERAL KOENIG (BOULEVARD DU)";"48,88234000";"2,25322000"
"202300039051";"3";"10";"2023";"22:30";"5";"75";"75111";"2";"3";"1";"3";"BOULEVARD BEAUMARCHAIS";"48,86068900";"2,36738900"
"202300039052";"13";"01";"2023";"03:40";"5";"92";"92040";"2";"1";"2";"2";"VOLTAIRE (BOULEVARD)";"48,82683525";"2,27935463"
"202300039053";"4";"10";"2023";"11:57";"1";"75";"75110";"2";"4";"1";"3";"RUE DU FAUBOURG SAINT MARTIN";"48,87889900";"2,36242600"
"202300039054";"4";"10";"2023";"19:00";"1";"75";"75108";"2";"2";"1";"3";"BOULEVARD MALESHERBES";"48,87943300";"2,31428400"
"202300039055";"12";"01";"2023";"14:05";"1";"92";"92036";"2";"1";"2";"6";"GENERAL DE GAULLE (AVENUE) (PAIRS)";"48,93376000";"2,31780000"
"202300039056";"12";"01";"2023";"12:45";"1";"92";"92036";"2";"1";"1";"6";"MARCEL PAUL (AVENUE) (2/50)";"48,94094000";"2,30351000"
"202300039057";"4";"10";"2023";"10:48";"1";"75";"75108";"2";"1";"1";"3";"PLACE DE LA CONCORDE";"48,86615700";"2,32194500"
"202300039058";"13";"01";"2023";"20:30";"5";"92";"92026";"2";"1";"1";"6";"ALMA";"48,89659000";"2,25224000"
"202300039059";"4";"10";"2023";"18:40";"1";"94";"94078";"2";"1";"1";"6";"Place Pierre Semard";"48,73059300";"2,44684800"
"202300039060";"4";"10";"2023";"09:50";"1";"94";"94078";"2";"1";"1";"3";"Place Pierre Semard";"48,72884000";"2,44642000"
"202300039061";"13";"01";"2023";"21:07";"3";"92";"92026";"2";"1";"1";"6";"PIERRE CURIE";"48,90349025";"2,25450218"
"202300039062";"4";"10";"2023";"18:00";"1";"94";"94015";"2";"9";"1";"2";"Boulevard Georges Méliès";"48,83248678";"2,53119841"
"202300039063";"12";"01";"2023";"18:35";"5";"92";"92023";"2";"1";"1";"6";"ROISSIS (RUE DES)";"48,80631946";"2,27660832"
"202300039064";"3";"10";"2023";"16:10";"1";"94";"94042";"2";"1";"1";"3";"Avenue du Général Galliéni";"48,82008092";"2,47576341"
"202300039065";"3";"10";"2023";"20:40";"5";"92";"92007";"2";"1";"1";"3";"169 Avenue Aristide Briand";"48,79103847";"2,31979769"
"202300039066";"3";"10";"2023";"18:30";"1";"94";"94003";"2";"1";"1";"3";"17 Avenue Paul Vaillant-couturier";"48,80250400";"2,33835800"
"202300039067";"3";"10";"2023";"21:15";"5";"94";"94033";"2";"1";"1";"1";"Avenue Foch";"48,84389000";"2,45948000"
"202300039068";"3";"10";"2023";"13:00";"1";"94";"94028";"1";"1";"2";"3";"avenue Bernard Halpern";"48,78447000";"2,45847000"
"202300039069";"4";"10";"2023";"09:20";"1";"94";"94022";"2";"1";"1";"3";"132 Boulevard de Stalingrad";"48,77411000";"2,39927900"
"202300039070";"4";"10";"2023";"22:30";"5";"93";"93071";"2";"3";"1";"3";"Boulevard Westinghouse / Allee de Bir Hakeim";"48,92828000";"2,51875000"
"202300039071";"4";"10";"2023";"13:20";"1";"93";"93066";"2";"1";"1";"6";"Boulevard Marcel Sembat";"48,93199200";"2,35294600"
"202300039072";"13";"01";"2023";"15:41";"1";"31";"31446";"2";"1";"1";"6";"3 Rue Louis Braille";"43,53486800";"1,47971000"
"202300039073";"4";"10";"2023";"10:00";"1";"93";"93029";"2";"3";"1";"3";"Avenue Marceau / Rue du Bon Houdart";"48,92769600";"2,43770300"
"202300039074";"4";"10";"2023";"05:50";"5";"93";"93014";"2";"1";"1";"3";"Boulevard Emile Zola";"48,90608912";"2,55281047"
"202300039075";"4";"10";"2023";"14:50";"1";"92";"92072";"2";"1";"1";"2";"GRANDE RUE";"48,82636478";"2,21869826"
"202300039076";"4";"10";"2023";"13:50";"1";"92";"92064";"2";"1";"1";"7";"EGLISE";"48,84275474";"2,21941486"
"202300039077";"4";"10";"2023";"08:45";"1";"92";"92063";"2";"3";"1";"3";"CHATAIGNERAIE (AVENUE DE LA)";"48,86046134";"2,17724517"
"202300039078";"4";"10";"2023";"09:34";"1";"92";"92063";"2";"3";"1";"4";"FLOQUET (RUE CHARLES) NORD";"48,87256115";"2,17803776"
"202300039079";"4";"10";"2023";"15:40";"1";"92";"92051";"2";"2";"1";"3";"ACHILLE PERETTI (PLACE)";"48,88340575";"2,27351591"
"202300039080";"2";"10";"2023";"23:35";"5";"92";"92051";"2";"9";"1";"3";"GENERAL KOENIG (BOULEVARD DU)";"48,88162000";"2,25246000"
"202300039081";"4";"10";"2023";"11:20";"1";"92";"92020";"2";"1";"1";"2";"VERDUN AVENUE DE AUTRES N°";"48,79963000";"2,28171000"
"202300039082";"4";"10";"2023";"09:35";"1";"92";"92044";"2";"6";"1";"6";"CHARLES PASQUA (QUAI) 32 A 58";"48,89886192";"2,27887094"
"202300039083";"4";"10";"2023";"16:00";"1";"92";"92036";"2";"6";"1";"2";"MARCEL PAUL (AVENUE) (1/103)";"48,93334698";"2,30269253"
"202300039084";"3";"10";"2023";"15:30";"1";"92";"92036";"2";"1";"2";"2";"LOUIS CALMEL (RUE) (2/16)";"48,92662610";"2,29333967"
"202300039085";"2";"10";"2023";"17:20";"1";"92";"92025";"2";"2";"1";"3";"CHARLES DE GAULLE (BD)";"48,91453073";"2,22889484"