"Num_Acc";"jour";"mois";"an";"hrmn";"lum";"dep";"com";"agg";"int";"atm";"col";"adr";"lat";"long"
"202300039086";"4";"10";"2023";"14:00";"1";"92";"92071";"2";"1";"1";"3";"GENERAL DE GAULLE (PLACE)";"48,77787000";"2,29062000"
"202300039087";"3";"10";"2023";"18:25";"1";"92";"92036";"2";"1";"1";"3";"GRESILLONS ( AVENUE DES  )";"48,91978000";"2,31405000"
"202300039088";"5";"10";"2023";"19:05";"5";"67";"67372";"2";"6";"1";"6";"151 Grand Rue";"48,84934600";"7,64009000"
"202300039089";"8";"09";"2023";"13:30";"1";"67";"67372";"2";"1";"1";"3";"1 Rue Principale";"48,84677400";"7,60981000"
"202300039090";"4";"10";"2023";"17:30";"1";"31";"31445";"2";"1";"1";"2";"Chemin de Ribaute";"43,58359500";"1,51310600"
"202300039091";"5";"10";"2023";"07:30";"2";"22";"22025";"1";"3";"1";"3";"le maes";"48,42115500";" -3,41446300"
"202300039092";"22";"07";"2023";"20:20";"1";"14";"14712";"1";"1";"1";"7";"Rue de Janville";"49,17403100";" -0,17404300"
"202300039093";"26";"07";"2023";"16:50";"1";"22";"22050";"1";"3";"8";"3";"D12 route de Calorguen";"48,43738300";" -2,04354800"
"202300039094";"27";"07";"2023";"07:23";"1";"60";"60103";"1";"2";"2";"3";"D931";"49,41170600";"2,26741600"
"202300039095";"26";"07";"2023";"18:05";"1";"62";"62711";"2";"1";"1";"2";"Rue Raymond Sulliger";"50,81686600";"1,74464700"
"202300039096";"26";"07";"2023";"17:25";"1";"13";"13071";"1";"1";"1";"2";"A7-Sens Lyon vers Marseille";"43,40663300";"5,32760000"
"202300039097";"25";"07";"2023";"23:10";"3";"13";"13211";"1";"1";"1";"2";"A50-Sens Aubagne vers Marseille";"43,28807985";"5,44165529"
"202300039098";"26";"07";"2023";"12:55";"1";"33";"33167";"1";"1";"1";"2";"ROUTE NATIONALE 230";"44,84447782";" -0,50203845"
"202300039099";"26";"07";"2023";"12:15";"1";"33";"33143";"1";"1";"1";"2";"AUTOROUTE A 10";"44,95520000";" -0,45376000"
"202300039100";"15";"06";"2023";"19:10";"1";"33";"33063";"1";"1";"1";"3";"N/A";"44,88303999";" -0,55369788"
"202300039101";"25";"07";"2023";"14:20";"1";"59";"59378";"1";"1";"1";"6";"AUTOROUTE A22";"50,70022000";"3,11684000"
"202300039102";"25";"07";"2023";"03:05";"3";"91";"91570";"1";"1";"3";"7";"RN 104";"48,62509000";"2,33019000"
"202300039103";"25";"07";"2023";"21:26";"2";"92";"92023";"1";"1";"1";"3";"RN385";"48,77617937";"2,22840361"
"202300039104";"26";"05";"2023";"20:00";"1";"74";"74010";"1";"1";"1";"1";"CD16";"45,92019900";"6,18101100"
"202300039105";"24";"05";"2023";"10:25";"1";"74";"74010";"2";"3";"1";"2";"Route de frangy";"45,91164900";"6,09522900"
"202300039106";"23";"05";"2023";"19:57";"1";"74";"74147";"1";"9";"1";"3";"Lathuile";"45,79146700";"6,21332100"
"202300039107";"22";"05";"2023";"09:00";"1";"74";"74043";"2";"1";"1";"6";"130 Avenue du leman";"46,26538600";"6,37222100"
"202300039108";"19";"05";"2023";"13:00";"1";"74";"74236";"2";"1";"8";"7";"1095 Route du prarion";"45,89685400";"6,72159400"
"202300039109";"18";"05";"2023";"18:00";"1";"74";"74104";"2";"1";"1";"5";"Route d'annecy";"45,80430400";"6,21203800"
"202300039110";"18";"05";"2023";"12:54";"1";"74";"74298";"2";"1";"1";"1";"BONNEVILLE (ROUTE DE )";"46,16780000";"6,27134000"
"202300039111";"7";"05";"2023";"04:50";"5";"74";"74172";"2";"1";"1";"1";"NATIONALE (ROUTE)";"46,40534378";"6,63733613"
"202300039112";"4";"05";"2023";"08:55";"1";"74";"74218";"2";"1";"1";"2";"NOAILLES (AVENUE ANNA DE)";"46,39689000";"6,56370000"
"202300039113";"4";"05";"2023";"07:35";"1";"74";"74281";"2";"1";"1";"2";"GENEVRIERS (AVENUE DES)";"46,39182000";"6,50536000"
"202300039114";"24";"07";"2023";"09:00";"1";"29";"29232";"2";"1";"1";"6";"Rue de Kervillou";"47,98500300";" -4,06000200"
"202300039115";"25";"07";"2023";"08:08";"1";"976";"97611";"2";"1";"1";"6";"kaweni-Mahabourini ( rue )";" -12,77320000";"45,21976000"
"202300039116";"25";"07";"2023";"10:40";"1";"974";"97411";"2";"1";"1";"3";"JAURES (BOULEVARD JEAN)";" -20,88861000";"55,44886000"
"202300039117";"25";"07";"2023";"16:50";"1";"69";"69388";"2";"4";"2";"1";"Route de Vienne";"45,73876000";"4,85214000"
"202300039118";"25";"07";"2023";"09:40";"1";"69";"69388";"2";"1";"1";"6";"Rue Challemel Lacour";"45,72927937";"4,85034597"
"202300039119";"25";"07";"2023";"16:20";"1";"972";"97213";"1";"1";"8";"2";"AUTOROUTE A1";"14,59560000";" -60,98522000"
"202300039120";"25";"07";"2023";"00:37";"5";"971";"97101";"2";"6";"2";"7";"RN11";"16,25875000";" -61,51142000"
"202300039121";"24";"07";"2023";"20:30";"5";"971";"97101";"1";"1";"2";"4";"BESSON";"16,23570000";" -61,51250000"
"202300039122";"24";"07";"2023";"16:15";"1";"971";"97120";"1";"2";"1";"3";"NELSON MANDELA";"16,24010000";" -61,53210000"
"202300039123";"20";"07";"2023";"09:50";"1";"91";"91549";"2";"1";"1";"6";"DOCTEUR PHILLIPE PINEL (RUE DU)";"48,65573000";"2,31129000"
"202300039124";"25";"07";"2023";"15:23";"1";"91";"91421";"2";"3";"1";"3";"CORBEIL (ROUTE DE)";"48,71378100";"2,44320900"
"202300039125";"24";"07";"2023";"16:30";"1";"83";"83137";"2";"1";"1";"2";"BAZEILLES (BD / ROND POINT DE)";"43,11214000";"5,93515000"
"202300039126";"25";"07";"2023";"08:25";"1";"77";"77186";"1";"6";"2";"7";"RD606. de la rochette à l'obélisque";"48,47468700";"2,67882500"
"202300039127";"24";"07";"2023";"20:25";"1";"76";"76270";"1";"1";"1";"6";"RD 6382";"49,53067000";"0,12540000"
"202300039128";"24";"07";"2023";"11:55";"1";"67";"67462";"2";"2";"2";"3";"LIBERTE (AVENUE DE LA)";"48,25872000";"7,44866000"
"202300039129";"22";"07";"2023";"21:43";"2";"66";"66136";"1";"6";"1";"6";"N/A";"42,69906424";"2,92861283"
"202300039130";"22";"07";"2023";"06:17";"2";"66";"66136";"1";"1";"1";"1";"N/A";"42,69885000";"2,91461000"
"202300039131";"21";"07";"2023";"10:42";"1";"66";"66136";"2";"3";"1";"6";"N/A";"42,69449084";"2,90149033"
"202300039132";"25";"07";"2023";"17:05";"1";"64";"64545";"2";"1";"2";"6";"ROUTE D'IBARDIN";"43,36142592";" -1,69238269"
"202300039133";"25";"07";"2023";"10:05";"1";"64";"64335";"1";"3";"2";"3";"SALIE";"43,33913000";" -0,39505000"
"202300039134";"25";"07";"2023";"16:25";"1";"61";"61006";"1";"1";"1";"4";"D958";"48,71310000";" -0,00596000"
"202300039135";"25";"07";"2023";"16:15";"1";"58";"58194";"2";"2";"1";"3";"MARZY";"46,98739000";"3,14081000"
"202300039136";"24";"07";"2023";"15:10";"1";"50";"50647";"2";"1";"1";"2";"EUROPE (AVENUE DE L')";"48,84361000";" -1,55790000"
"202300039137";"24";"07";"2023";"22:25";"5";"50";"50129";"2";"2";"1";"1";"ATLANTIQUE (BOULEVARD DE L')";"49,62090000";" -1,64231000"
"202300039138";"24";"07";"2023";"14:34";"1";"49";"49015";"2";"2";"2";"4";"MENDES FRANCE AVENUE PIERRE";"47,50688000";" -0,58974000"
"202300039139";"24";"07";"2023";"12:09";"1";"49";"49007";"1";"1";"1";"7";"A87N";"47,46149000";" -0,51685000"
"202300039140";"25";"07";"2023";"11:55";"1";"35";"35238";"2";"3";"1";"3";"FEUILLEE (MARTIN)";"48,09709000";" -1,65377000"
"202300039141";"25";"07";"2023";"06:45";"1";"35";"35238";"2";"2";"2";"6";"VERN (DE)";"48,09798000";" -1,65558000"
"202300039142";"24";"07";"2023";"18:10";"1";"35";"35281";"1";"1";"3";"2";"BENOIT (RUE FREDERIC)";"48,08665608";" -1,71976268"
"202300039143";"25";"07";"2023";"19:00";"1";"33";"33550";"2";"3";"1";"3";"Avenue Pierre Proudhon";"44,78656602";" -0,58647788"
"202300039144";"25";"07";"2023";"08:31";"1";"33";"33200";"2";"2";"1";"3";"Rue Joliot Curie";"44,87814732";" -0,67655236"
"202300039145";"23";"07";"2023";"18:49";"1";"33";"33318";"2";"3";"1";"6";"Rue des Fuchsias";"44,79198000";" -0,63074000"
"202300039146";"25";"07";"2023";"09:55";"1";"33";"33529";"2";"3";"1";"3";"LAGRUA (RUE)";"44,63890917";" -1,15416795"
"202300039147";"25";"07";"2023";"15:45";"1";"31";"31555";"1";"1";"1";"2";"A621 (SEPT DENIERS-ANCELY)";"43,62251100";"1,40358200"
"202300039148";"24";"07";"2023";"16:50";"1";"31";"31555";"2";"3";"1";"3";"RUE JEAN AICARD";"43,61696000";"1,45800000"
"202300039149";"2";"07";"2023";"20:00";"2";"30";"30189";"2";"1";"1";"6";"PUCCINI (RUE)";"43,82370000";"4,33820000"
"202300039150";"22";"07";"2023";"20:20";"1";"30";"30007";"2";"6";"1";"3";"Avenue Monge";"44,14579300";"4,10091100"
"202300039151";"25";"07";"2023";"13:50";"1";"28";"28223";"2";"4";"1";"6";"PASTEUR (RUE)";"48,72518000";"1,39605000"
"202300039152";"24";"07";"2023";"14:55";"1";"27";"27681";"2";"6";"2";"3";"CAPUCINS (AVENUE DES)";"49,09267000";"1,47089000"
"202300039153";"24";"07";"2023";"18:20";"1";"27";"27229";"2";"2";"1";"1";"FERRY (RUE JULES)";"49,02788000";"1,17573000"
"202300039154";"25";"07";"2023";"11:10";"1";"25";"25580";"1";"1";"2";"3";"BANNOT (LE)";"47,45807000";"6,84329000"
"202300039155";"25";"07";"2023";"18:50";"1";"25";"25056";"2";"6";"2";"6";"N/A";"47,24441900";"5,99566500"
"202300039156";"25";"07";"2023";"08:10";"1";"22";"22278";"2";"1";"7";"2";"ATLANTIQUE (BD) N°58/71 A FIN";"48,51946000";" -2,79057000"
"202300039157";"24";"07";"2023";"08:30";"1";"16";"16102";"2";"2";"1";"3";"SEGONZAC (RUE DE)";"45,68834000";" -0,31896000"
"202300039158";"19";"07";"2023";"18:45";"1";"15";"15012";"2";"1";"1";"1";"TOYRE (RUE JEAN)";"44,90444000";"2,47754800"
"202300039159";"25";"07";"2023";"17:45";"2";"13";"13201";"2";"1";"1";"6";"CHARLES NEDELEC (BOULEVARD)";"43,30194828";"5,37589225"
"202300039160";"25";"07";"2023";"13:33";"1";"10";"10265";"2";"1";"2";"7";"LAMARTINE (RUE)";"48,30099000";"4,03950000"
"202300039161";"25";"07";"2023";"11:45";"1";"10";"10387";"2";"2";"2";"1";"PIERRE BROSSOLETTE (RUE)";"48,28770391";"4,07714009"
"202300039162";"25";"07";"2023";"21:50";"5";"06";"06088";"2";"1";"1";"6";"KIRCHNER (SQUARE M.)";"43,67332000";"7,22639000"
"202300039163";"24";"07";"2023";"07:05";"1";"06";"06069";"1";"1";"1";"3";"ZILLER (AVENUE PIERRE)";"43,67475700";"6,94525100"
"202300039164";"25";"07";"2023";"15:15";"1";"75";"75116";"2";"1";"1";"2";"BD PERIPHERIQUE EXTERIEUR";"48,86423900";"2,26664100"
"202300039165";"25";"07";"2023";"06:00";"5";"75";"75112";"2";"1";"2";"2";"BD PERIPHERIQUE INTERIEUR";"48,84494100";"2,41403500"
"202300039166";"25";"07";"2023";"03:05";"5";"75";"75117";"2";"1";"3";"6";"BD PERIPHERIQUE EXTERIEUR";"48,87968692";"2,28083253"
"202300039167";"24";"07";"2023";"18:35";"1";"75";"75116";"2";"1";"2";"2";"PORTE DAUPHINE";"48,87290600";"2,27444700"
"202300039168";"25";"07";"2023";"11:30";"1";"75";"75119";"2";"1";"2";"6";"RUE DE CRIMEE";"48,88243400";"2,38621100"
"202300039169";"25";"07";"2023";"10:15";"1";"75";"75119";"2";"4";"2";"6";"RUE COMPANS";"48,88166500";"2,38850600"
"202300039170";"25";"07";"2023";"09:00";"1";"75";"75119";"2";"9";"8";"2";"BOULEVARD D ALGERIE";"48,88026000";"2,40039700"
"202300039171";"25";"07";"2023";"07:00";"2";"75";"75117";"2";"3";"2";"7";"AVENUE DES TERNES";"48,87865400";"2,29420100"
"202300039172";"25";"07";"2023";"10:20";"1";"75";"75113";"2";"3";"2";"6";"BOULEVARD DE L HOPITAL";"48,83456900";"2,35776900"
"202300039173";"25";"07";"2023";"01:50";"5";"75";"75111";"2";"2";"2";"3";"AVENUE PARMENTIER";"48,86524900";"2,37454900"
"202300039174";"25";"07";"2023";"18:03";"1";"75";"75108";"2";"3";"1";"2";"AVENUE WINSTON CHURCHILL";"48,86499700";"2,31369700"
"202300039175";"24";"07";"2023";"21:00";"2";"94";"94079";"1";"6";"2";"2";"Boulevard Jean Monnet";"48,82750000";"2,52760000"
"202300039176";"25";"07";"2023";"16:00";"1";"95";"95527";"1";"1";"1";"4";"N104";"49,02699782";"2,51473188"
"202300039177";"25";"07";"2023";"17:40";"1";"93";"93066";"2";"3";"1";"3";"Rue du Landy / Rue de Tunis";"48,91415084";"2,34533039"
"202300039178";"25";"07";"2023";"19:00";"1";"93";"93050";"2";"3";"2";"3";"Boulevard du Marechal Foch / Rue Jules Lamant et Ses Fils";"48,85472000";"2,52254000"
"202300039179";"24";"07";"2023";"22:56";"5";"93";"93048";"2";"2";"8";"3";"Avenue du Colonel Fabien / Avenue du Docteur Fernand Lamaze";"48,87654000";"2,45466000"
"202300039180";"25";"07";"2023";"16:15";"1";"93";"93057";"2";"2";"2";"6";"Boulevard de Paris / Avenue du Quatorze Juillet";"48,91400565";"2,49173458"
"202300039181";"25";"07";"2023";"15:50";"1";"92";"92062";"2";"1";"2";"1";"PDT WILSON (Avenue)";"48,88515000";"2,22597000"
"202300039182";"24";"07";"2023";"05:35";"5";"92";"92024";"2";"2";"2";"3";"JEAN JAURES (BD) DE (1 A 45)   (2 A 54)";"48,90004000";"2,30631000"
"202300039183";"23";"07";"2023";"19:05";"1";"92";"92023";"2";"6";"1";"5";"TRIVAUX (CARREFOUR DE)";"48,78981074";"2,25270889"
"202300039184";"26";"07";"2023";"08:25";"1";"38";"38157";"1";"6";"1";"3";"D502";"45,51209900";"4,95671200"
"202300039185";"25";"07";"2023";"15:14";"1";"22";"22209";"1";"1";"1";"2";"les roches";"48,58221100";" -2,12420800"
"202300039186";"25";"07";"2023";"09:57";"1";"22";"22094";"1";"3";"1";"3";"rue du Moulin";"48,59605300";" -2,14967300"
"202300039187";"26";"07";"2023";"10:40";"1";"49";"49110";"1";"1";"1";"3";"D74";"47,55648400";" -0,33387600"
"202300039188";"25";"06";"2023";"12:20";"1";"974";"97414";"2";"9";"1";"6";"Avenue Pasteur";" -21,27359400";"55,40377400"
"202300039189";"22";"07";"2023";"17:15";"1";"58";"58270";"1";"2";"1";"3";"La Courge";"47,50236600";"3,01385300"
"202300039190";"25";"07";"2023";"19:00";"1";"83";"83100";"1";"3";"6";"2";"D97";"43,27787700";"6,12418100"
"202300039191";"25";"07";"2023";"15:04";"1";"87";"87020";"1";"1";"1";"2";"A20";"45,93812400";"1,30458400"
"202300039192";"25";"07";"2023";"14:45";"1";"40";"40246";"1";"1";"1";"3";"Route de Mont de Marsan";"44,13094000";" -0,71126800"
"202300039193";"25";"07";"2023";"17:35";"1";"95";"95316";"1";"1";"8";"6";"D47";"49,08007500";"2,44468900"
"202300039194";"26";"07";"2023";"05:50";"2";"62";"62096";"1";"2";"1";"3";"D930";"50,12828200";"2,97535300"
"202300039195";"22";"07";"2023";"00:15";"5";"59";"59580";"2";"1";"1";"6";"38 Rue de Poperinghe";"50,81226400";"2,62580600"
"202300039196";"24";"07";"2023";"07:30";"1";"79";"79334";"1";"2";"1";"3";"N/A";"46,14853200";" -0,53296600"
"202300039197";"25";"07";"2023";"13:50";"1";"2B";"2B043";"1";"1";"1";"1";"Hameau de Mausoléo";"42,77668800";"9,46777400"
"202300039198";"26";"07";"2023";"01:35";"3";"32";"32012";"1";"1";"1";"6";"RN 124 PK 37+716";"43,64927900";"0,79436300"
"202300039199";"25";"07";"2023";"20:45";"3";"63";"63443";"1";"1";"8";"6";"Route de Riom";"45,93148964";"3,17196555"
"202300039200";"26";"07";"2023";"11:45";"1";"63";"63321";"1";"1";"1";"1";"D14";"45,60537600";"3,31746300"
"202300039201";"25";"07";"2023";"22:35";"3";"02";"02095";"1";"1";"1";"2";"D8";"50,00587700";"3,45498600"
"202300039202";"26";"07";"2023";"18:00";"1";"03";"03236";"1";"1";"1";"1";"D67";"46,19236800";"3,41983800"
"202300039203";"26";"07";"2023";"08:15";"1";"70";"70149";"1";"1";"8";"1";"Départementale 16 PK/PR 008+450";"47,63281200";"6,71854700"
"202300039204";"23";"07";"2023";"21:50";"2";"66";"66160";"2";"1";"1";"1";"N/A";"42,48986500";"2,70316100"
"202300039205";"25";"07";"2023";"21:30";"2";"50";"50243";"1";"1";"1";"7";"10 Route Belle Croix";"49,03351400";" -1,49891500"
"202300039206";"25";"07";"2023";"07:00";"2";"43";"43114";"2";"1";"1";"6";"825 Route de Saint Jeures";"45,16129000";"4,22709400"
"202300039207";"25";"07";"2023";"20:35";"1";"36";"36012";"1";"1";"2";"6";"N/A";"46,46099913";"1,56939268"
"202300039208";"25";"07";"2023";"22:15";"5";"36";"36071";"2";"1";"1";"6";"N/A";"46,77728300";"1,78221500"
"202300039209";"26";"07";"2023";"16:57";"1";"24";"24352";"1";"1";"1";"2";"pk 2 D710";"45,25208900";"0,36397600"
"202300039210";"24";"07";"2023";"17:38";"1";"24";"24484";"1";"1";"1";"1";"D6089";"45,12214200";"0,86783400"
"202300039211";"25";"07";"2023";"22:52";"3";"27";"27655";"1";"1";"1";"6";"Ancienne route de bernay";"49,31832500";"0,52916200"
"202300039212";"26";"07";"2023";"10:15";"1";"27";"27116";"1";"4";"1";"3";"D 438";"49,17895400";"0,70338200"
"202300039213";"26";"07";"2023";"07:40";"1";"66";"66228";"1";"4";"1";"3";"N/A";"42,70829800";"2,79683600"
"202300039214";"26";"07";"2023";"12:20";"1";"06";"06088";"1";"1";"1";"1";"A8 PK 190.700 - Chaussée Sud";"43,70809400";"7,19245100"
"202300039215";"26";"07";"2023";"19:45";"2";"11";"11262";"1";"1";"1";"1";"Domaine de Moujan (Corps de ferme)";"43,17335400";"3,06452000"
"202300039216";"24";"07";"2023";"03:55";"3";"30";"30189";"1";"1";"1";"6";"A9 PK 54+300";"43,81267500";"4,35574700"
"202300039217";"17";"03";"2023";"15:25";"1";"34";"34146";"1";"1";"1";"6";"A9 PK 82.700";"43,69130700";"4,07256200"
"202300039218";"26";"07";"2023";"18:30";"3";"976";"97617";"1";"1";"1";"3";"CCD1 Soulou";" -12,78083300";"45,10767500"
"202300039219";"26";"07";"2023";"07:45";"1";"27";"27563";"1";"1";"1";"6";"A13";"49,38544600";"0,50056500"
"202300039220";"25";"07";"2023";"14:40";"1";"987";"98744";"1";"1";"1";"6";"Avera";" -22,47882900";" -151,34544600"
"202300039221";"27";"05";"2023";"12:15";"1";"988";"98821";"1";"1";"1";"1";"RT1";" -22,07486300";"166,28642300"
"202300039222";"26";"07";"2023";"07:25";"1";"41";"41136";"2";"1";"7";"1";"Rue Maryse Bastié";"47,71340000";"1,51265900"
"202300039223";"25";"07";"2023";"04:20";"3";"45";"45089";"1";"1";"1";"6";"D2060 PR 88 + 713";"47,91560900";"2,01233300"
"202300039224";"26";"07";"2023";"09:10";"1";"77";"77031";"1";"3";"1";"3";"D211";"48,65674700";"2,92634900"
"202300039225";"26";"07";"2023";"11:30";"1";"83";"83068";"1";"1";"1";"6";"Route du Littoral";"43,28763600";"6,60238600"
"202300039226";"26";"07";"2023";"15:00";"1";"04";"04063";"1";"1";"1";"3";"Lieu lit Les rochettes";"43,77176400";"5,76450200"
"202300039227";"19";"07";"2023";"16:22";"1";"71";"71176";"2";"3";"1";"1";"Route de Roanne";"46,47754300";"3,98855200"
"202300039228";"26";"07";"2023";"07:50";"1";"71";"71571";"1";"1";"1";"1";"route des pierres";"46,37298700";"4,43543000"
"202300039229";"26";"07";"2023";"13:30";"1";"71";"71236";"1";"1";"1";"2";"D85";"46,40122400";"4,74437700"
"202300039230";"24";"07";"2023";"12:28";"1";"54";"54348";"1";"1";"2";"6";"D907";"48,83502065";"5,89877844"
"202300039231";"26";"07";"2023";"06:00";"2";"31";"31193";"1";"1";"1";"3";"D8";"43,27428800";"1,06613000"
"202300039232";"26";"07";"2023";"06:50";"1";"86";"86197";"1";"2";"1";"3";"D61";"47,00793900";"0,26271700"
"202300039233";"24";"07";"2023";"16:20";"1";"33";"33284";"1";"1";"1";"6";"rue des quatre routes";"44,65366018";" -0,85285395"
"202300039234";"25";"07";"2023";"11:35";"1";"49";"49021";"1";"1";"1";"3";"D59";"47,41248648";" -0,20202092"
"202300039235";"25";"07";"2023";"02:50";"3";"60";"60685";"1";"1";"2";"7";"RD 620";"49,36931000";"2,22360500"
"202300039236";"21";"07";"2023";"19:30";"2";"59";"59400";"1";"1";"1";"7";"rue Barra";"50,64632800";"2,66089100"
"202300039237";"20";"07";"2023";"17:11";"1";"13";"13070";"1";"1";"1";"4";"A50-Sens Aubagne vers Marseille";"43,28500000";"5,51500000"
"202300039238";"25";"07";"2023";"09:16";"1";"13";"13211";"1";"1";"1";"6";"A50-Sens Marseille vers Aubagne";"43,29214984";"5,48051521"
"202300039239";"24";"07";"2023";"19:23";"1";"83";"83144";"1";"1";"1";"2";"A57";"43,14252635";"6,00850589"
"202300039240";"24";"07";"2023";"13:40";"1";"33";"33249";"1";"1";"1";"2";"ROUTE NATIONALE 230";"44,88116419";" -0,51084280"
"202300039241";"24";"07";"2023";"17:14";"1";"59";"59386";"1";"1";"2";"6";"ROUTE DEPARTEMENTALE 652";"50,68302000";"3,06514000"
"202300039242";"17";"06";"2023";"10:27";"1";"78";"78217";"1";"1";"1";"2";"A13";"48,96566600";"1,81144300"
"202300039243";"24";"07";"2023";"09:15";"1";"95";"95582";"1";"1";"1";"5";"D170";"48,96251000";"2,26372000"
"202300039244";"24";"07";"2023";"07:30";"1";"93";"93078";"1";"1";"8";"2";"AUTOROUTE A104";"48,95891000";"2,52631000"
"202300039245";"24";"07";"2023";"07:00";"1";"93";"93027";"1";"1";"8";"6";"BDL";"48,92667000";"2,40326000"
"202300039246";"24";"07";"2023";"06:20";"1";"95";"95582";"1";"1";"2";"6";"A15";"48,97563000";"2,24120000"
"202300039247";"23";"07";"2023";"23:10";"3";"95";"95241";"1";"1";"1";"2";"RN 104";"49,04808411";"2,43497837"
"202300039248";"25";"07";"2023";"17:00";"1";"94";"94028";"1";"1";"1";"4";"A86";"48,77630937";"2,43517187"
"202300039249";"25";"07";"2023";"13:30";"1";"77";"77018";"1";"1";"2";"6";"A4";"48,83496700";"2,80550000"
"202300039250";"25";"07";"2023";"07:15";"1";"94";"94022";"1";"1";"3";"7";"A86";"48,77667160";"2,41970908"
"202300039251";"25";"07";"2023";"08:22";"1";"94";"94017";"1";"1";"2";"3";"A4";"48,83044403";"2,49190676"
"202300039252";"25";"07";"2023";"05:37";"3";"77";"77495";"1";"1";"3";"5";"A5b";"48,58694300";"2,63679300"
"202300039253";"24";"07";"2023";"20:00";"1";"94";"94074";"1";"1";"3";"3";"N406";"48,76111962";"2,46826261"
"202300039254";"24";"07";"2023";"17:15";"1";"63";"63113";"2";"1";"2";"3";"Parking Lidl /rue Lesage";"45,78849000";"3,09718000"
"202300039255";"23";"07";"2023";"17:45";"1";"83";"83123";"2";"1";"1";"1";"ROUTE DE BANDOL";"43,12634303";"5,78783298"
"202300039256";"24";"07";"2023";"22:25";"5";"974";"97411";"2";"9";"1";"2";"JAURES (BLD 1 JEAN)";" -20,89014000";"55,46080000"
"202300039257";"24";"07";"2023";"22:35";"3";"974";"97411";"1";"1";"1";"6";"LITTORAL (ROUTE 2 DU)";" -20,88001000";"55,39806000"
"202300039258";"24";"07";"2023";"14:00";"1";"973";"97302";"2";"1";"1";"3";"MADELEINE (ROUTE DE LA)";"4,91480000";" -52,32093000"
"202300039259";"24";"07";"2023";"12:30";"1";"2B";"2B264";"1";"1";"1";"4";"TOUTES RUES";"42,36230000";"9,26170000"
"202300039260";"24";"07";"2023";"09:40";"1";"2B";"2B120";"1";"1";"1";"3";"IMPERIALE (Route) D464 ";"42,65747000";"9,43244000"
"202300039261";"24";"07";"2023";"02:30";"3";"971";"97113";"1";"9";"1";"2";"RN4 - SECTION RIVIERA";"16,21884000";" -61,50232000"
"202300039262";"22";"07";"2023";"11:45";"1";"91";"91421";"2";"1";"1";"3";"JEAN JAURES (AVENUE)";"48,71445200";"2,44792100"
"202300039263";"24";"07";"2023";"22:45";"5";"91";"91223";"2";"1";"2";"7";"LYS (RUE DES)";"48,43686000";"2,13640000"
"202300039264";"22";"07";"2023";"16:57";"1";"90";"90010";"2";"1";"1";"7";"PREMIERE ARMEE FRANCAISE (AVENUE DE LA)";"47,65513000";"6,84114000"
"202300039265";"22";"07";"2023";"19:30";"1";"87";"87085";"2";"6";"1";"6";"DUSSOUBS (PLACE DENIS)";"45,83291000";"1,25564000"
"202300039266";"20";"07";"2023";"12:34";"1";"83";"83009";"1";"1";"1";"6";"ROCADE NORD";"43,14980000";"5,76007000"
"202300039267";"22";"07";"2023";"19:35";"1";"83";"83123";"2";"3";"1";"3";"AVENIR (BD)";"43,11719600";"5,80543200"
"202300039268";"24";"07";"2023";"07:15";"1";"77";"77449";"1";"1";"2";"6";"RD 231";"48,83098300";"2,80003600"
"202300039269";"23";"07";"2023";"15:00";"1";"76";"76540";"2";"3";"2";"6";"Quai de Boisguilbert";"49,44414000";"1,07135000"
"202300039270";"24";"07";"2023";"06:55";"1";"69";"69264";"2";"1";"2";"7";"Avenue de l’Europe";"45,99823000";"4,73884000"
"202300039271";"24";"07";"2023";"11:45";"1";"64";"64284";"2";"1";"1";"2";"CHARLES DE GAULLE";"43,28657000";" -0,38960000"
"202300039272";"24";"07";"2023";"11:20";"1";"64";"64140";"2";"1";"2";"3";"NOVEMBRE (RUE DU 11)";"43,52812000";" -1,47983000"
"202300039273";"15";"07";"2023";"20:50";"1";"59";"59560";"2";"6";"1";"1";"EPINETTE RUE DE L";"50,54953300";"3,05120900"
"202300039274";"21";"07";"2023";"20:02";"1";"58";"58194";"2";"6";"1";"3";"VAUZELLES";"47,00475000";"3,14661000"
"202300039275";"20";"07";"2023";"22:50";"5";"58";"58194";"2";"3";"1";"3";"CHARLEVILLE";"46,98742000";"3,15125000"
"202300039276";"22";"07";"2023";"21:25";"2";"57";"57672";"2";"1";"1";"7";"AURIGES (RUE DES)";"49,35800000";"6,13800000"
"202300039277";"24";"07";"2023";"16:10";"1";"56";"56121";"2";"1";"1";"2";"INDES (PONT DES)";"47,75788000";" -3,35447000"
"202300039278";"16";"07";"2023";"11:00";"1";"56";"56162";"1";"1";"1";"6";"Rue des Deux Soeurs";"47,70332000";" -3,45868000"
"202300039279";"24";"07";"2023";"19:20";"1";"54";"54395";"2";"2";"1";"3";"Avenue de la Libération";"48,69704374";"6,15832508"
"202300039280";"23";"07";"2023";"10:30";"1";"54";"54274";"2";"3";"1";"3";"Rue de la République";"48,67150000";"6,20548000"
"202300039281";"24";"07";"2023";"09:55";"1";"45";"45234";"2";"1";"1";"3";"SECRETAIN (AVENUE ROGER)";"47,88409642";"1,89823151"
"202300039282";"24";"07";"2023";"20:24";"2";"45";"45004";"1";"1";"2";"6";"D2060 PR 28 + 42";"47,97108800";"2,73751400"
"202300039283";"23";"07";"2023";"17:40";"1";"43";"43046";"2";"1";"1";"1";"15 Boulevard Montgiraud";"45,05765000";"3,90249000"
"202300039284";"22";"07";"2023";"16:20";"1";"39";"39198";"2";"1";"1";"6";"54 Rue des Commards";"47,09461800";"5,50729000"