"Num_Acc";"jour";"mois";"an";"hrmn";"lum";"dep";"com";"agg";"int";"atm";"col";"adr";"lat";"long"
"202300039285";"24";"07";"2023";"15:43";"1";"37";"37214";"2";"6";"1";"3";"BORDIERS (RUE DES)";"47,41911000";"0,67399000"
"202300039286";"24";"07";"2023";"11:58";"1";"37";"37261";"2";"2";"1";"3";"NATIONALE (RUE)";"47,39296000";"0,68779000"
"202300039287";"23";"06";"2023";"06:00";"2";"30";"30102";"1";"1";"1";"6";"D225";"43,91240900";"4,28735000"
"202300039288";"21";"06";"2023";"15:25";"1";"88";"88319";"2";"1";"1";"2";"Avenue du Général de Gaulle";"48,37762200";"6,88332100"
"202300039289";"20";"06";"2023";"15:50";"1";"88";"88148";"1";"2";"1";"3";"Rue de la Faxette";"47,98841000";"6,63464200"
"202300039290";"23";"06";"2023";"09:45";"1";"42";"42155";"1";"1";"1";"6";"A89";"45,81685100";"4,11429400"
"202300039291";"22";"06";"2023";"15:44";"1";"83";"83116";"1";"1";"1";"5";"point kilométrique 62.800 sens Est-ouest";"43,44880529";"5,88847971"
"202300039292";"9";"06";"2023";"06:20";"2";"974";"97418";"2";"1";"1";"1";"117 Rue Roger Payet";" -20,91485000";"55,51007000"
"202300039293";"21";"06";"2023";"11:25";"1";"971";"97107";"1";"1";"1";"3";"RN1 - Saint Sauveur";"16,01360000";" -61,58596500"
"202300039294";"23";"06";"2023";"15:30";"1";"33";"33203";"1";"3";"1";"3";"ROUTE DÉPARTEMENTALE 3";"45,13913500";" -1,04521400"
"202300039295";"21";"06";"2023";"16:45";"1";"45";"45270";"1";"1";"1";"6";"D60 PR 8 + 611";"47,82381000";"2,29669000"
"202300039296";"21";"06";"2023";"23:30";"4";"77";"77413";"2";"1";"1";"7";"D934";"48,88358000";"2,84510000"
"202300039297";"23";"06";"2023";"08:00";"1";"91";"91494";"1";"6";"1";"4";"rond point percé, D19";"48,61489600";"2,35103100"
"202300039298";"23";"06";"2023";"15:45";"1";"13";"13073";"1";"1";"1";"1";"D8";"43,39668700";"5,57521300"
"202300039299";"22";"06";"2023";"14:25";"1";"13";"13027";"2";"2";"1";"3";"D34";"43,88525100";"4,82898700"
"202300039300";"21";"06";"2023";"13:20";"1";"26";"26165";"1";"1";"1";"2";"";"44,80347864";"4,85014200"
"202300039301";"23";"06";"2023";"02:45";"4";"55";"55514";"2";"1";"1";"7";"49 Rue Raymond Poincaré";"48,74760300";"5,05828000"
"202300039302";"23";"06";"2023";"10:52";"1";"57";"57620";"2";"1";"1";"7";"D181";"49,19994400";"5,99473700"
"202300039303";"23";"06";"2023";"15:03";"1";"38";"38468";"1";"1";"1";"4";"Route Nationale 7";"45,33833100";"4,80458700"
"202300039304";"23";"06";"2023";"12:00";"1";"65";"65123";"1";"1";"1";"3";"la Séoube";"42,95599500";"0,25818400"
"202300039305";"22";"06";"2023";"12:00";"1";"09";"09293";"1";"1";"1";"1";"D21";"42,96288400";"1,51737400"
"202300039306";"22";"06";"2023";"07:10";"1";"79";"79049";"2";"1";"2";"7";"";"46,81065300";" -0,55998600"
"202300039307";"21";"06";"2023";"17:50";"1";"79";"79049";"2";"1";"1";"7";"";"46,83889400";" -0,49611500"
"202300039308";"22";"06";"2023";"21:15";"2";"60";"60452";"1";"1";"1";"7";"Rue du Moulin";"49,20571000";"1,99773700"
"202300039309";"1";"06";"2023";"15:30";"1";"59";"59190";"1";"1";"1";"1";"Rue de Boussois";"50,30992000";"4,01543900"
"202300039310";"23";"06";"2023";"17:30";"1";"59";"59080";"2";"1";"1";"3";"Rue du Saulzoir";"50,46379400";"3,28758100"
"202300039311";"18";"06";"2023";"12:26";"1";"13";"13202";"1";"1";"1";"2";"A55-Sens Marseille vers Martigues";"43,31961000";"5,36377000"
"202300039312";"18";"06";"2023";"17:30";"1";"13";"13005";"1";"1";"1";"7";"A50-Sens Aubagne vers Marseille";"43,28840000";"5,54805000"
"202300039313";"21";"06";"2023";"17:30";"1";"69";"69276";"1";"1";"1";"7";"Autoroute 7  ";"45,66385942";"4,84307563"
"202300039314";"18";"06";"2023";"11:40";"1";"67";"67365";"1";"1";"1";"6";"M35";"48,53923000";"7,71869000"
"202300039315";"22";"06";"2023";"17:30";"1";"33";"33318";"1";"1";"1";"2";"AUTOROUTE A 63";"44,78488000";" -0,62959000"
"202300039316";"19";"06";"2023";"17:28";"1";"62";"62274";"1";"1";"1";"6";"A1";"50,44077000";"2,97299000"
"202300039317";"22";"06";"2023";"20:01";"1";"91";"91136";"1";"1";"1";"3";"AUTOROUTE A10";"48,71322000";"2,28624000"
"202300039318";"22";"06";"2023";"18:45";"1";"94";"94065";"1";"1";"1";"2";"A106";"48,75423746";"2,35186390"
"202300039319";"22";"06";"2023";"18:10";"1";"94";"94038";"1";"1";"1";"2";"A6A";"48,78022461";"2,34674665"
"202300039320";"22";"06";"2023";"10:45";"1";"92";"92064";"1";"1";"2";"7";"A13";"48,83922315";"2,21115320"
"202300039321";"21";"06";"2023";"20:40";"1";"95";"95252";"1";"1";"1";"3";"A15";"48,97641088";"2,23645806"
"202300039322";"20";"06";"2023";"18:30";"1";"93";"93005";"1";"1";"8";"6";"AUTOROUTE A1";"48,96143000";"2,46628000"
"202300039323";"20";"06";"2023";"17:50";"1";"95";"95018";"1";"1";"1";"2";"A15";"48,96033709";"2,27110147"
"202300039324";"20";"06";"2023";"13:50";"1";"95";"95154";"1";"1";"1";"3";"A1";"49,05184369";"2,54809856"
"202300039325";"18";"06";"2023";"13:00";"1";"93";"93006";"1";"1";"1";"2";"AUTOROUTE A3";"48,86577158";"2,41749625"
"202300039326";"18";"06";"2023";"04:20";"5";"95";"95527";"1";"1";"3";"3";"A1";"49,01544622";"2,53143909"
"202300039327";"22";"06";"2023";"20:00";"1";"94";"94004";"1";"1";"1";"2";"N19";"48,75940121";"2,50031751"
"202300039328";"17";"06";"2023";"10:35";"1";"94";"94017";"1";"1";"1";"4";"A4";"48,82732384";"2,50906368"
"202300039329";"22";"03";"2023";"22:50";"3";"38";"38297";"1";"1";"1";"7";"Chemin de Morgier";"45,68935600";"5,42933800"
"202300039330";"21";"06";"2023";"19:20";"5";"971";"97105";"2";"9";"8";"6";"BD GERTY ARCHIMEDE";"15,99162000";" -61,72904000"
"202300039331";"21";"06";"2023";"09:25";"1";"78";"78029";"2";"3";"1";"3";"JULES FERRY(RUE)";"48,95368000";"1,85588000"
"202300039332";"21";"06";"2023";"07:50";"1";"76";"76108";"2";"1";"1";"6";"Avenue du Maréchal Juin";"49,46338000";"1,13299000"
"202300039333";"21";"06";"2023";"15:05";"1";"67";"67482";"2";"1";"1";"6";"PREMIERE ARMEE (RUE DE LA)";"48,57444000";"7,75364000"
"202300039334";"19";"06";"2023";"21:10";"5";"972";"97209";"1";"1";"1";"4";"AUTOROUTE A1";"14,61402100";" -61,05172300"
"202300039335";"21";"06";"2023";"19:46";"1";"2B";"2B120";"1";"9";"1";"2";"11 - RT";"42,63796000";"9,43830000"
"202300039336";"21";"06";"2023";"12:30";"1";"2A";"2A004";"2";"1";"1";"2";"CAMPI LOUIS BD";"41,94358000";"8,75436000"
"202300039337";"20";"06";"2023";"18:00";"1";"91";"91114";"2";"1";"2";"6";"RUE TALMA";"48,69384000";"2,50228000"
"202300039338";"21";"06";"2023";"12:45";"1";"91";"91286";"2";"1";"1";"6";"EMILE ALLIAUD (AVENUE)";"48,65919000";"2,39978000"
"202300039339";"19";"06";"2023";"15:30";"1";"87";"87085";"2";"1";"1";"6";"BEAUBLANC (BOULEVARD DE)";"45,84677000";"1,24386000"
"202300039340";"18";"06";"2023";"15:55";"1";"83";"83061";"1";"1";"1";"1";"D7";"43,48843000";"6,77941000"
"202300039341";"21";"06";"2023";"01:26";"5";"81";"81004";"2";"1";"1";"6";"CHOISEUL (QUAI)";"43,93026000";"2,14470000"
"202300039342";"14";"06";"2023";"19:15";"1";"78";"78396";"2";"3";"1";"2";"JULES REIN (RUE)";"48,93298300";"2,12981300"
"202300039343";"21";"06";"2023";"14:30";"1";"78";"78418";"2";"9";"1";"3";"GABRIEL PERI (AVENUE)";"48,92736000";"2,14036000"
"202300039344";"21";"06";"2023";"18:15";"1";"76";"76231";"2";"1";"1";"2";"Rue de la République (Contre-allée)";"49,29068000";"1,00116000"
"202300039345";"21";"06";"2023";"16:10";"1";"76";"76216";"2";"1";"1";"4";"Route de Dieppe";"49,47833000";"1,04734000"
"202300039346";"21";"06";"2023";"02:25";"5";"76";"76351";"2";"1";"2";"7";"PIERRE MENDES FRANCE";"49,51531900";"0,15415800"
"202300039347";"13";"06";"2023";"12:00";"1";"73";"73008";"2";"1";"1";"2";"D1201 LATTRE DE TASSIGNY AVENUE DE L'";"45,69486555";"5,90374819"
"202300039348";"20";"06";"2023";"18:00";"1";"71";"71076";"2";"2";"1";"3";"COUDRE (CHEMIN DE LA)";"46,79907957";"4,84873317"
"202300039349";"20";"06";"2023";"11:25";"1";"69";"69259";"2";"3";"1";"3";"Rue Albert Einstein";"45,69732000";"4,87681000"
"202300039350";"19";"06";"2023";"07:15";"1";"68";"68297";"2";"6";"1";"6";"MULHOUSE ( RUE)CITE BOURGLIBRE JUSQUE RU";"47,59123100";"7,55759400"
"202300039351";"17";"06";"2023";"23:45";"5";"64";"64483";"2";"3";"2";"3";"THIERS ADOLPHE (BOULEVARD)";"43,39069000";" -1,65910000"
"202300039352";"21";"06";"2023";"16:55";"1";"64";"64445";"2";"1";"8";"4";"BUROS DE";"43,30965000";" -0,35232000"
"202300039353";"21";"06";"2023";"07:45";"1";"63";"63113";"2";"2";"2";"1";"KESSLER (RUE)";"45,76909000";"3,08730000"
"202300039354";"5";"06";"2023";"01:30";"4";"62";"62563";"1";"1";"1";"1";"Boulevard Arthur Lamendin";"50,45944800";"2,72079500"
"202300039355";"18";"06";"2023";"15:10";"1";"62";"62498";"2";"1";"1";"6";"Rue Lazare Hoche";"50,44001000";"2,82969000"
"202300039356";"16";"06";"2023";"16:45";"1";"62";"62427";"2";"9";"1";"6";"Place de la République";"50,42167789";"2,94656745"
"202300039357";"21";"06";"2023";"09:45";"1";"61";"61117";"1";"2";"1";"3";"MOULIN A VENT (RUE DU)";"48,43800000";"0,05800000"
"202300039358";"17";"06";"2023";"12:30";"1";"59";"59350";"2";"2";"1";"3";"LIBERTE BVD N°2 - 90-51 - 145";"50,63225000";"3,06075000"
"202300039359";"17";"06";"2023";"15:30";"1";"59";"59043";"1";"2";"1";"4";"BELLE CROIX (RUE DE LA)";"50,72188000";"2,70345000"
"202300039360";"21";"06";"2023";"01:25";"5";"57";"57751";"2";"2";"1";"3";"GENERAL DE GAULLE (RUE DU )";"49,14792600";"6,15005900"
"202300039361";"7";"06";"2023";"14:28";"1";"56";"56260";"2";"1";"1";"2";"Boulevard de la Résistance";"47,64593000";" -2,77986000"
"202300039362";"20";"06";"2023";"17:55";"1";"56";"56121";"2";"1";"1";"2";"SAINT-CHRISTOPHE ( PONT )";"47,76135000";" -3,36428000"
"202300039363";"20";"06";"2023";"17:20";"1";"56";"56121";"2";"3";"1";"2";"CHENAILLER DIT COLONEL MAURICE ( AV. )";"47,73587000";" -3,38986000"
"202300039364";"20";"06";"2023";"15:50";"1";"54";"54395";"2";"3";"1";"6";"Avenue de Boufflers";"48,68922000";"6,16162000"
"202300039365";"20";"06";"2023";"15:15";"1";"54";"54395";"2";"2";"1";"3";"Boulevard Albert 1er";"48,69846000";"6,16685000"
"202300039366";"20";"06";"2023";"13:51";"1";"54";"54329";"2";"1";"1";"6";"AVENUE DU GENERAL DE GAULLE";"48,59723000";"6,48231000"
"202300039367";"21";"06";"2023";"14:05";"1";"54";"54280";"2";"1";"1";"3";"Rue de Franchepré";"49,22688000";"6,01652000"
"202300039368";"20";"06";"2023";"12:10";"1";"49";"49353";"1";"1";"1";"5";"PERREYEUX";"47,45366000";" -0,49856000"
"202300039369";"18";"06";"2023";"07:40";"1";"44";"44143";"1";"1";"1";"2";"";"47,16735710";" -1,52143380"
"202300039370";"20";"06";"2023";"18:10";"1";"44";"44162";"2";"1";"1";"6";"77 Boulevard du Tertre";"47,21182000";" -1,60903000"
"202300039371";"20";"06";"2023";"22:45";"5";"43";"43157";"2";"1";"1";"3";"11 Cours Victor Hugo";"45,03876081";"3,88454139"
"202300039372";"21";"06";"2023";"08:45";"1";"37";"37195";"2";"6";"1";"6";"MAIRIE (RUE DE LA)";"47,38671000";"0,65115000"
"202300039373";"20";"06";"2023";"14:05";"1";"37";"37261";"2";"1";"1";"1";"TONNELLE (BOULEVARD)";"47,38006000";"0,66780000"
"202300039374";"19";"06";"2023";"09:30";"1";"33";"33162";"2";"3";"1";"6";"Rue du College Technique";"44,88383000";" -0,62965000"
"202300039375";"15";"06";"2023";"06:10";"1";"33";"33063";"2";"1";"1";"6";"Rue de Pessac";"44,82936000";" -0,58215000"
"202300039376";"21";"06";"2023";"22:50";"5";"31";"31555";"2";"1";"1";"6";"CHE DES PRADETTES";"43,57903395";"1,38718352"
"202300039377";"21";"06";"2023";"10:30";"1";"29";"29232";"2";"2";"2";"3";"Rue Amiral Ronarc'h";"47,99506300";" -4,10814200"
"202300039378";"21";"06";"2023";"12:08";"1";"29";"29232";"2";"1";"1";"6";"Boulevard Dupleix";"47,99467000";" -4,10188000"
"202300039379";"21";"06";"2023";"08:15";"1";"29";"29151";"2";"1";"7";"6";"18 Rue Paul Sérusier";"48,58295000";" -3,81891000"
"202300039380";"20";"06";"2023";"18:10";"1";"29";"29019";"2";"1";"1";"2";"rue de Madagascar";"48,38400200";" -4,47877500"
"202300039381";"21";"06";"2023";"15:05";"1";"28";"28404";"1";"6";"1";"3";"GARNAY (ROND POINT DE)";"48,71967000";"1,34837000"
"202300039382";"21";"06";"2023";"19:30";"1";"25";"25056";"1";"1";"1";"2";"N57 - Les Vallières";"47,21214000";"5,99087900"
"202300039383";"21";"06";"2023";"23:20";"3";"22";"22187";"1";"9";"1";"2";"VERDUN (rue de )";"48,53645896";" -2,77533978"
"202300039384";"21";"06";"2023";"10:27";"1";"17";"17306";"2";"1";"1";"6";"EUROPE (COURS DE L')";"45,62495000";" -1,01988000"
"202300039385";"21";"06";"2023";"14:55";"1";"15";"15014";"2";"2";"1";"6";" N 122";"44,91260000";"2,43490000"
"202300039386";"13";"06";"2023";"23:25";"3";"14";"14398";"1";"1";"1";"6";"1167 Route de Dives";"49,19401000";"0,17816800"
"202300039387";"20";"06";"2023";"13:25";"1";"14";"14118";"2";"2";"1";"3";"101 Rue du Chemin Vert";"49,19477000";" -0,39528900"
"202300039388";"16";"06";"2023";"16:45";"1";"14";"14167";"1";"6";"1";"6";"1 Route de Cabourg";"49,19949000";" -0,29248000"
"202300039389";"21";"06";"2023";"11:30";"1";"13";"13208";"2";"1";"1";"6";"CLOT BEY (AVENUE)";"43,25887469";"5,38461192"
"202300039390";"18";"06";"2023";"04:30";"5";"13";"13005";"1";"1";"1";"1";"VALLEE (TRAVERSE DE LA )";"43,29042000";"5,55524000"
"202300039391";"20";"06";"2023";"08:00";"1";"10";"10387";"2";"6";"1";"3";"JEANNE D'ARC (RUE)";"48,29006000";"4,06762000"
"202300039392";"15";"06";"2023";"13:20";"1";"06";"06069";"2";"1";"1";"2";"ROUQUIER (BOULEVARD EMMANUEL)";"43,63633600";"6,94065300"
"202300039393";"20";"06";"2023";"10:10";"1";"03";"03190";"2";"1";"2";"6";"Rue Henri Barbusse";"46,55030000";"3,33590000"
"202300039394";"21";"06";"2023";"06:45";"1";"02";"02738";"2";"6";"1";"3";"";"49,65764700";"3,31023400"
"202300039395";"21";"06";"2023";"16:40";"4";"75";"75116";"2";"1";"1";"7";"PORTE DE PASSY";"48,85716600";"2,25862000"
"202300039396";"20";"06";"2023";"17:50";"1";"75";"75120";"2";"1";"1";"3";"BD PERIPHERIQUE EXTERIEUR";"48,86349200";"2,41363900"
"202300039397";"19";"06";"2023";"17:20";"1";"75";"75120";"2";"1";"1";"4";"BD PERIPHERIQUE EXTERIEUR";"48,84736600";"2,41474800"
"202300039398";"16";"06";"2023";"19:59";"1";"75";"75118";"2";"1";"1";"5";"BD PERIPHERIQUE EXTERIEUR";"48,90119400";"2,35074700"
"202300039399";"15";"06";"2023";"18:00";"1";"75";"75116";"2";"1";"1";"3";"PORTE D AUTEUIL";"48,85060500";"2,25200600"
"202300039400";"14";"06";"2023";"12:10";"1";"75";"75117";"2";"1";"1";"4";"PORTE MAILLOT";"48,88181100";"2,28288400"
"202300039401";"21";"06";"2023";"20:15";"1";"75";"75107";"2";"3";"1";"3";"QUAI BRANLY";"48,85905100";"2,29349800"
"202300039402";"16";"06";"2023";"17:09";"1";"75";"75104";"2";"4";"1";"2";"QUAI HENRI IV";"48,84702400";"2,36521900"
"202300039403";"20";"06";"2023";"11:20";"1";"75";"75105";"2";"2";"1";"3";"RUE D ULM";"48,84453300";"2,34534100"
"202300039404";"20";"06";"2023";"23:35";"5";"75";"75105";"2";"2";"1";"2";"RUE SOUFFLOT";"48,84710300";"2,34195400"
"202300039405";"21";"06";"2023";"21:20";"1";"75";"75119";"2";"1";"1";"6";"AVENUE JEAN JAURES";"48,89264200";"2,39144200"
"202300039406";"21";"06";"2023";"14:50";"1";"75";"75117";"2";"1";"1";"6";"BOULEVARD BERTHIER";"48,89208500";"2,30785300"
"202300039407";"18";"06";"2023";"01:30";"5";"75";"75117";"2";"3";"1";"3";"RUE LEGENDRE";"48,88244200";"2,31181000"
"202300039408";"16";"06";"2023";"12:00";"1";"75";"75117";"2";"1";"1";"1";"BOULEVARD PEREIRE";"48,88579700";"2,29824400"
"202300039409";"10";"06";"2023";"20:55";"2";"75";"75117";"2";"2";"1";"6";"AVENUE NIEL";"48,87864900";"2,29421500"
"202300039410";"20";"06";"2023";"16:33";"1";"75";"75114";"2";"3";"1";"3";"AVENUE DU MAINE";"48,83186800";"2,32528500"
"202300039411";"17";"06";"2023";"11:45";"1";"75";"75114";"2";"1";"1";"3";"RUE DU COMMANDANT RENE MOUCHOTTE";"48,83799300";"2,31906300"
"202300039412";"16";"06";"2023";"15:14";"1";"75";"75114";"2";"7";"1";"3";"PLACE VICTOR BASCH";"48,82808100";"2,32687600"
"202300039413";"21";"06";"2023";"14:05";"1";"75";"75113";"2";"2";"1";"6";"BOULEVARD SAINT MARCEL";"48,83832900";"2,35687300"
"202300039414";"21";"06";"2023";"08:45";"1";"75";"75113";"2";"1";"1";"2";"AVENUE D ITALIE";"48,82900814";"2,35641718"
"202300039415";"21";"06";"2023";"08:05";"1";"75";"75113";"2";"1";"1";"2";"RUE DES GRANDS MOULINS";"48,82724100";"2,37496300"
"202300039416";"21";"06";"2023";"16:00";"1";"75";"75111";"2";"3";"1";"2";"BOULEVARD VOLTAIRE";"48,85735800";"2,38088100"
"202300039417";"20";"06";"2023";"22:45";"5";"75";"75110";"2";"2";"1";"3";"BOULEVARD DE MAGENTA";"48,87482000";"2,35737200"
"202300039418";"20";"06";"2023";"20:10";"1";"75";"75101";"2";"2";"1";"6";"RUE DE RICHELIEU";"48,86662700";"2,33735900"
"202300039419";"14";"02";"2023";"06:13";"3";"27";"27439";"1";"1";"1";"2";"RN154";"49,07217900";"1,18326200"
"202300039420";"20";"06";"2023";"18:05";"1";"94";"94067";"2";"1";"1";"1";"Avenue Gallieni";"48,84668901";"2,41613334"
"202300039421";"6";"11";"2023";"07:15";"1";"988";"98818";"2";"3";"1";"6";"AVENUE BONAPARTE/RUE THEOPHILE BETFORT";" -22,23344000";"166,46651000"
"202300039422";"21";"06";"2023";"02:05";"5";"94";"94042";"2";"1";"1";"4";"PONT DE JOINVILLE";"48,82014000";"2,46936000"
"202300039423";"21";"06";"2023";"12:10";"1";"94";"94046";"2";"1";"1";"6";"Avenue de la République";"48,80457400";"2,43814200"
"202300039424";"6";"11";"2023";"11:50";"1";"69";"69388";"2";"2";"1";"6";"Rue Paul Cazeneuve";"45,73142000";"4,85981000"
"202300039425";"21";"06";"2023";"08:10";"1";"94";"94021";"2";"9";"1";"3";"D'AGEN (RUE)";"48,76287900";"2,34897100"
"202300039426";"6";"11";"2023";"07:05";"1";"972";"97213";"2";"1";"1";"6";"ROUTE DEPARTEMENTALE 3";"14,61708000";" -60,98936000"
"202300039427";"20";"06";"2023";"18:30";"1";"94";"94028";"2";"1";"1";"6";"MOZART.(ALLEE)";"48,79131000";"2,44167000"
"202300039428";"20";"06";"2023";"16:00";"1";"94";"94017";"2";"1";"1";"6";"Boulevard Gabriel Péri";"48,81769400";"2,49725200"
"202300039429";"6";"11";"2023";"20:50";"5";"69";"69034";"2";"1";"1";"1";"69 Route de Strasbourg";"45,79462000";"4,87315000"
"202300039430";"21";"06";"2023";"18:50";"1";"93";"93031";"2";"2";"1";"6";"Avenue Galliéni / Avenue Joffre";"48,96186000";"2,29534000"
"202300039431";"6";"11";"2023";"11:55";"1";"69";"69381";"2";"3";"1";"3";"Rue Président Edouard Herriot";"45,76638000";"4,83439000"
"202300039432";"20";"06";"2023";"23:16";"4";"93";"93079";"2";"3";"1";"1";"Avenue Jean Jaurès / Rue Edouard Vaillant";"48,96420000";"2,34700000"
"202300039433";"21";"06";"2023";"14:30";"1";"93";"93014";"2";"1";"1";"6";"2 Allée Maurice Audin";"48,90852860";"2,53996099"
"202300039434";"6";"11";"2023";"15:30";"1";"971";"97105";"2";"1";"1";"2";"CHARLES DE GAULLE (BD DU GENERAL)";"15,99617771";" -61,73227429"
"202300039435";"20";"06";"2023";"14:10";"1";"93";"93047";"2";"1";"1";"6";"Avenue Victor Hugo";"48,90065413";"2,56229417"
"202300039436";"6";"11";"2023";"11:30";"1";"95";"95280";"2";"1";"1";"1";"PAUL VAILLANT COUTURIER (BOULEVARD)";"49,03213774";"2,46829748"
"202300039437";"21";"06";"2023";"13:20";"1";"93";"93010";"2";"2";"1";"3";"Avenue Galliéni / Chemin du Pont";"48,90716845";"2,48894513"
"202300039438";"6";"11";"2023";"16:45";"2";"91";"91114";"2";"1";"2";"2";"AV PIERRE PROST";"48,69950000";"2,49400000"
"202300039439";"20";"06";"2023";"19:10";"1";"93";"93007";"2";"1";"1";"2";"Avenue Henri Barbusse";"48,93922826";"2,46144606"
"202300039440";"6";"11";"2023";"16:30";"1";"91";"91589";"2";"1";"2";"6";"RUE DE CHAMPAGNE";"48,68878500";"2,35751300"
"202300039441";"18";"06";"2023";"11:45";"1";"93";"93001";"2";"5";"7";"3";"Avenue Victor Hugo / Boulevard Félix Faure";"48,90858010";"2,37801837"
"202300039442";"6";"11";"2023";"12:00";"1";"91";"91589";"2";"3";"1";"6";"RUE DE L EGLISE";"48,67450000";"2,35265000"
"202300039443";"21";"06";"2023";"09:23";"1";"92";"92064";"2";"3";"1";"2";"MARCEL DASSAULT";"48,85837000";"2,22372000"
"202300039444";"5";"11";"2023";"07:04";"5";"91";"91223";"2";"3";"1";"6";"RD 191";"48,43281000";"2,17575000"
"202300039445";"21";"06";"2023";"14:30";"1";"92";"92051";"2";"1";"1";"2";"GENERAL LECLERC (BOULEVARD DU N° 29 A 65";"48,89263505";"2,26606160"
"202300039446";"3";"11";"2023";"18:40";"5";"87";"87085";"2";"1";"3";"6";"DUTREIX (RUE ARMAND)";"45,83383000";"1,23181000"
"202300039447";"21";"06";"2023";"12:10";"1";"92";"92050";"2";"1";"1";"3";"ARAGO FRANCOIS AVENUE";"48,90102313";"2,22484212"
"202300039448";"21";"06";"2023";"18:50";"1";"92";"92020";"2";"1";"1";"2";"PARIS AVENUE DE N°2 A82";"48,80549400";"2,29101100"
"202300039449";"3";"11";"2023";"14:20";"1";"87";"87085";"2";"2";"2";"1";"ANCIENNE ECOLE NORMALE INSTIT (RUE DE L'";"45,81604000";"1,27940000"
"202300039450";"20";"06";"2023";"18:45";"1";"92";"92020";"2";"1";"1";"6";"PARIS AVENUE DE N° IMPAIRS";"48,80911058";"2,29728252"
"202300039451";"3";"11";"2023";"13:59";"1";"87";"87085";"2";"1";"3";"6";"SAINT GENCE (RUE DE) (RD218)";"45,84510000";"1,24001000"
"202300039452";"21";"06";"2023";"08:10";"1";"92";"92040";"2";"1";"9";"2";"PDT ROOSEVELT (QUAI DU)";"48,83009875";"2,26096183"
"202300039453";"3";"11";"2023";"07:27";"5";"87";"87085";"2";"1";"3";"6";"ARCADES (BOULEVARD DES)";"45,85203000";"1,26231000"
"202300039454";"31";"10";"2023";"16:00";"1";"80";"80021";"2";"1";"1";"6";"CHATEAUDUN (BOULEVARD DE)";"49,88265000";"2,28391000"
"202300039455";"6";"11";"2023";"15:00";"1";"78";"78238";"1";"1";"1";"6";"RENAULT (ROUTE DE)";"48,96652800";"1,86530300"
"202300039456";"6";"11";"2023";"21:45";"5";"76";"76498";"2";"1";"1";"1";"Boulevard du 11 Novembre";"49,42020000";"1,06854000"
"202300039457";"6";"11";"2023";"12:05";"1";"76";"76498";"2";"1";"6";"6";"Boulevard Stanislas Girardin";"49,41371000";"1,06574000"
"202300039458";"4";"11";"2023";"07:30";"2";"76";"76351";"2";"1";"1";"3";"MARCEAU (RUE)";"49,48957000";"0,13395000"
"202300039459";"3";"11";"2023";"21:50";"5";"76";"76351";"2";"3";"1";"2";"FRANCOIS 1ER (BD)";"49,49231000";"0,09886000"
"202300039460";"4";"11";"2023";"09:15";"1";"76";"76351";"2";"1";"1";"1";"JULES DURAND (BD)";"49,48983000";"0,15631000"
"202300039461";"4";"11";"2023";"11:35";"1";"76";"76351";"2";"6";"2";"6";"ESTUAIRE (ROUTE DE L')";"49,46696400";"0,18029900"
"202300039462";"3";"11";"2023";"15:38";"1";"76";"76351";"2";"3";"1";"6";"VERDUN (RUE DE)";"49,50226000";"0,16060000"
"202300039463";"4";"11";"2023";"16:30";"1";"76";"76341";"1";"1";"3";"6";"RD 6382";"49,51042000";"0,19778000"
"202300039464";"6";"11";"2023";"07:15";"1";"74";"74305";"2";"3";"2";"3";"VOIRONS (RUE DES)";"46,20250000";"6,25598000"
"202300039465";"6";"11";"2023";"09:55";"1";"74";"74010";"2";"1";"8";"3";"LOVERCHY (CIMETIERE/AVENUE)";"45,89223000";"6,11671000"
"202300039466";"6";"11";"2023";"18:25";"5";"72";"72181";"2";"9";"2";"3";"GAULLE GENERAL DE (AV DU)";"48,00405000";"0,19978000"
"202300039467";"4";"11";"2023";"13:30";"1";"71";"71306";"1";"1";"3";"3";"RN 70 (ROUTE EXPRESS)";"46,65869816";"4,33109687"
"202300039468";"6";"11";"2023";"19:05";"5";"69";"69266";"2";"3";"1";"6";"Rue Jean Jaurès";"45,75814048";"4,88505574"
"202300039469";"6";"11";"2023";"18:20";"5";"67";"67482";"2";"2";"2";"6";"CESAR JULIEN (RUE DU)";"48,58145000";"7,70361000"
"202300039470";"6";"11";"2023";"18:10";"5";"67";"67482";"2";"3";"2";"6";"JEAN GIRAUDOUX (RUE)";"48,58708000";"7,70087000"
"202300039471";"20";"06";"2023";"16:35";"1";"92";"92036";"2";"4";"1";"6";"LAURENT CELY (AVENUE) (2/152)";"48,91739000";"2,30745000"
"202300039472";"6";"11";"2023";"21:38";"5";"67";"67180";"2";"9";"8";"3";"BISCHWILLER (ROUTE DE)";"48,80328000";"7,81075000"
"202300039473";"20";"06";"2023";"13:45";"1";"92";"92036";"2";"1";"1";"7";"LAURENT CELY (AVENUE) (154/336)";"48,92447000";"2,30445000"
"202300039474";"21";"06";"2023";"21:53";"1";"92";"92026";"2";"3";"1";"3";"JOFFRE";"48,90073000";"2,27515000"
"202300039475";"6";"11";"2023";"17:55";"5";"62";"62193";"2";"2";"3";"3";"Rue d'Amsterdam";"50,95578000";"1,85535000"
"202300039476";"21";"06";"2023";"10:00";"1";"92";"92004";"2";"1";"1";"1";"MENIL";"48,92367000";"2,27996000"
"202300039477";"21";"06";"2023";"14:53";"1";"34";"34155";"1";"1";"1";"7";"RD162";"43,36073000";"3,11797700"
"202300039478";"4";"11";"2023";"15:10";"1";"57";"57672";"2";"3";"2";"3";"COMTE DE BERTIER (AVENUE) - PAIR";"49,37136000";"6,16937000"
"202300039479";"21";"06";"2023";"16:38";"1";"01";"01333";"2";"3";"1";"1";"Rue de la Gare";"45,92583400";"4,95002700"