"Num_Acc";"jour";"mois";"an";"hrmn";"lum";"dep";"com";"agg";"int";"atm";"col";"adr";"lat";"long"
"202300039673";"26";"04";"2023";"21:00";"2";"92";"92004";"2";"1";"2";"6";"LAURENT-CELY  ( AVENUE )";"48,91578768";"2,30849415"
"202300039674";"24";"02";"2023";"03:15";"3";"81";"81144";"1";"1";"2";"6";"VALENCE ( ROUTE DE ) D 903";"43,96465620";"2,19135440"
"202300039675";"6";"11";"2023";"10:10";"1";"93";"93078";"1";"1";"1";"2";"AUTOROUTE A104";"48,97136390";"2,49858110"
"202300039676";"18";"05";"2023";"14:10";"1";"39";"39020";"1";"1";"1";"6";"N/A";"46,71698100";"6,06283100"
"202300039677";"6";"11";"2023";"07:20";"3";"95";"95018";"1";"1";"1";"3";"A15";"48,96002948";"2,27121949"
"202300039678";"18";"05";"2023";"20:25";"1";"80";"80136";"1";"1";"1";"1";"route départemantale 1";"49,93419300";"2,73411500"
"202300039679";"5";"11";"2023";"00:20";"3";"94";"94073";"1";"1";"2";"6";"A86";"48,77011469";"2,38223272"
"202300039680";"24";"02";"2023";"11:05";"1";"77";"77516";"1";"1";"1";"1";"D606";"48,36117700";"2,90007800"
"202300039681";"17";"05";"2023";"16:35";"1";"62";"62812";"1";"1";"1";"5";"D341";"50,64488953";"2,04466906"
"202300039682";"27";"06";"2023";"19:00";"1";"28";"28015";"2";"1";"1";"2";"21 Route de Gallardon (Auneau)";"48,46969700";"1,77604100"
"202300039683";"23";"02";"2023";"12:30";"1";"76";"76351";"2";"3";"1";"6";"EUGENE SUE";"49,51736623";"0,12308358"
"202300039684";"18";"05";"2023";"08:45";"1";"31";"31271";"1";"1";"1";"3";"D18";"43,53371700";"1,66356000"
"202300039685";"23";"02";"2023";"11:00";"1";"71";"71499";"2";"1";"1";"1";"JEAN LAVILLE (RUE)";"46,64794000";"4,29366000"
"202300039686";"27";"06";"2023";"17:50";"1";"13";"13003";"1";"3";"1";"3";"Chemin des Terres de Saint Jean";"43,71496500";"5,13904300"
"202300039687";"18";"05";"2023";"04:40";"3";"79";"79313";"1";"1";"1";"1";"";"46,31811800";" -0,07450100"
"202300039688";"24";"02";"2023";"16:55";"1";"69";"69282";"2";"3";"1";"3";"Chemin de Chassieu à Meyzieu";"45,76076000";"4,99248000"
"202300039689";"3";"11";"2023";"08:50";"1";"973";"97302";"2";"3";"1";"3";"TIGRE (ROUTE DU)";"4,91547560";" -52,31123775"
"202300039690";"17";"05";"2023";"17:35";"1";"41";"41225";"1";"1";"1";"5";"D116";"47,73493600";"0,83600700"
"202300039691";"24";"02";"2023";"18:00";"3";"69";"69290";"2";"1";"2";"2";"Boulevard des Expositions";"45,72430000";"4,95090000"
"202300039692";"18";"05";"2023";"15:05";"1";"57";"57172";"1";"2";"1";"3";"RD25 DENTING";"49,17345500";"6,53261700"
"202300039693";"24";"02";"2023";"16:25";"1";"69";"69029";"2";"1";"2";"3";"15 Rue de Reims";"45,73900000";"4,90632000"
"202300039694";"5";"11";"2023";"17:00";"2";"69";"69388";"2";"2";"1";"3";"138 Boulevard des Etats-Unis";"45,72701000";"4,86928000"
"202300039695";"25";"02";"2023";"00:30";"3";"64";"64130";"1";"1";"1";"7";"KURLEKU (ROUTE DE)";"43,34192000";" -1,72958000"
"202300039696";"17";"05";"2023";"13:50";"1";"51";"51391";"1";"2";"1";"3";"N31";"49,27355500";"3,88240600"
"202300039697";"5";"11";"2023";"15:50";"1";"972";"97213";"1";"1";"1";"7";"DAUBERT (VOIE COMMUNALE N°9 DE)";"14,66717000";" -60,98327000"
"202300039698";"4";"11";"2023";"12:16";"1";"972";"97213";"1";"1";"1";"6";"AUTOROUTE A1";"14,61821000";" -61,02079000"
"202300039699";"18";"05";"2023";"09:15";"1";"79";"79062";"1";"1";"1";"1";"";"46,80690400";" -0,67063800"
"202300039700";"24";"02";"2023";"14:30";"1";"64";"64545";"2";"1";"1";"4";"PAUL GELOS (RUE)";"43,37589000";" -1,67707000"
"202300039701";"4";"11";"2023";"11:00";"1";"972";"97213";"1";"1";"1";"2";"AUTOROUTE A1";"14,61427000";" -61,01094000"
"202300039702";"17";"05";"2023";"14:55";"1";"33";"33518";"1";"1";"1";"1";"72 Route François Mauriac";"44,71310300";" -0,41225300"
"202300039703";"5";"11";"2023";"02:37";"5";"972";"97209";"1";"1";"3";"6";"Chateauboeuf  (Pont de)";"14,61850000";" -61,03630000"
"202300039704";"24";"02";"2023";"09:40";"1";"64";"64445";"2";"6";"1";"4";"Rond Point de la Commune de Paris";"43,31144000";" -0,36322000"
"202300039705";"18";"05";"2023";"19:55";"1";"49";"49310";"2";"1";"1";"6";"Rue de la source";"47,08062900";" -0,54395200"
"202300039706";"5";"11";"2023";"14:50";"1";"69";"69034";"2";"1";"1";"3";"155 Rue Pasteur";"45,79731000";"4,85046000"
"202300039707";"23";"02";"2023";"18:20";"1";"64";"64102";"2";"1";"2";"4";"N/A";"43,47224164";" -1,49032921"
"202300039708";"18";"05";"2023";"00:50";"3";"12";"12066";"1";"1";"1";"7";"D257";"44,42549800";"2,42884800"
"202300039709";"5";"11";"2023";"15:13";"5";"69";"69384";"2";"1";"1";"2";"Tunnel de la Croix-Rousse";"45,77381667";"4,82301613"
"202300039710";"18";"05";"2023";"01:00";"3";"29";"29216";"1";"1";"1";"6";"Route de Pouldreuzic";"47,97831496";" -4,19712147"
"202300039711";"21";"02";"2023";"20:15";"5";"62";"62498";"2";"2";"1";"3";"Route de Béthune";"50,44309000";"2,80313000"
"202300039712";"24";"02";"2023";"19:20";"5";"62";"62048";"2";"1";"1";"1";"Boulevard Emile Basly";"50,51502500";"2,45516600"
"202300039713";"17";"05";"2023";"17:45";"1";"29";"29167";"1";"2";"1";"3";"D40";"47,96991793";" -4,26806786"
"202300039714";"5";"11";"2023";"17:00";"5";"971";"97113";"1";"1";"1";"4";"RN4-ROND POINT SAINT FELIX";"16,20775000";" -61,46160000"
"202300039715";"18";"05";"2023";"10:15";"1";"02";"02441";"1";"1";"1";"6";"D80";"49,24349200";"3,22543100"
"202300039716";"5";"11";"2023";"10:45";"1";"971";"97101";"2";"9";"1";"2";"PENNEL - DUGAZON (CHEMIN)";"16,25147000";" -61,51691000"
"202300039717";"24";"02";"2023";"11:00";"1";"60";"60057";"2";"3";"1";"1";"Rue de Notre-dame-du-thil";"49,44502524";"2,08008635"
"202300039718";"17";"05";"2023";"16:53";"1";"15";"15152";"2";"1";"1";"6";"RD 990 ";"44,92223900";"2,83912700"
"202300039719";"24";"02";"2023";"19:45";"5";"59";"59328";"2";"2";"8";"3";"BONTE AUGUSTE RUE";"50,64591000";"3,01789000"
"202300039720";"18";"05";"2023";"11:30";"1";"01";"01319";"1";"4";"8";"7";"Route de chatillon D82";"46,10234700";"4,95077800"
"202300039721";"5";"11";"2023";"00:55";"5";"971";"97105";"2";"1";"1";"1";"GOUVERNEUR DU LYON (AVE)";"16,00032000";" -61,73587000"
"202300039722";"24";"02";"2023";"19:05";"2";"59";"59350";"2";"9";"1";"3";"HUGO VICTOR  BVD N°104 - 294";"50,62142000";"3,05930000"
"202300039723";"17";"05";"2023";"08:45";"1";"72";"72176";"1";"1";"1";"1";"la Gannetière";"47,65570683";"0,12116894"
"202300039724";"5";"11";"2023";"02:11";"5";"95";"95585";"2";"2";"3";"3";"D10";"48,99079000";"2,37417000"
"202300039725";"13";"05";"2023";"10:00";"1";"43";"43028";"1";"1";"2";"3";"RD 431";"45,12454200";"4,08059500"
"202300039726";"23";"02";"2023";"14:45";"1";"59";"59350";"2";"1";"1";"2";"FAUBOURG D'ARRAS RUE";"50,60531700";"3,05783400"
"202300039727";"24";"02";"2023";"21:15";"5";"59";"59122";"2";"9";"1";"3";"LIBERTE (BOULEVARD DE LA)";"50,17300000";"3,22500000"
"202300039728";"4";"11";"2023";"15:31";"1";"95";"95268";"2";"2";"2";"3";"PECHEURS (RUE DES)";"48,96420000";"2,41320000"
"202300039729";"17";"05";"2023";"08:30";"2";"17";"17443";"2";"3";"1";"2";"Rue Choderlos de Laclos";"46,08471000";" -1,01804300"
"202300039730";"24";"02";"2023";"13:35";"1";"58";"58194";"2";"3";"2";"6";"MARCEAU";"46,99206000";"3,15902000"
"202300039731";"5";"11";"2023";"18:35";"3";"95";"95218";"2";"1";"1";"6";"N184";"49,01340975";"2,08976403"
"202300039732";"17";"05";"2023";"21:20";"2";"17";"17140";"2";"1";"1";"3";"85 Route de Saint Pierre";"45,90652800";" -1,26049900"
"202300039733";"5";"11";"2023";"01:50";"5";"91";"91345";"2";"2";"3";"6";"RTE DE CORBEIL";"48,68554000";"2,30683000"
"202300039734";"17";"05";"2023";"18:25";"1";"17";"17353";"1";"1";"7";"1";"D137";"45,98109900";" -1,01397200"
"202300039735";"24";"02";"2023";"17:26";"1";"56";"56098";"2";"3";"1";"3";"52 Avenue François Billoux";"47,76196000";" -3,34773000"
"202300039736";"17";"05";"2023";"21:25";"3";"88";"88029";"2";"1";"1";"1";"17 Rue du Bertramont";"48,00112200";"6,27213700"
"202300039737";"3";"11";"2023";"21:00";"3";"91";"91161";"1";"1";"1";"2";"RTE DE WISSOUS";"48,70894000";"2,31130000"
"202300039738";"24";"02";"2023";"15:25";"1";"56";"56121";"2";"6";"1";"3";"FRANCE ( AVE ANATOLE )";"47,74537000";" -3,36811000"
"202300039739";"16";"05";"2023";"21:30";"3";"03";"03031";"1";"1";"1";"6";"A71 - PK297.500";"46,38578100";"2,72088100"
"202300039740";"18";"05";"2023";"18:40";"1";"13";"13001";"1";"1";"2";"6";"A51";"43,57202754";"5,46759725"
"202300039741";"3";"11";"2023";"20:55";"5";"86";"86066";"2";"2";"1";"3";"Rue du Nouveau Brünswick";"46,81564000";"0,53565000"
"202300039742";"24";"02";"2023";"13:00";"1";"56";"56121";"2";"6";"1";"3";"Boulevard Flandres-Dunkerque 1940";"47,74624000";" -3,39583000"
"202300039743";"18";"05";"2023";"09:50";"1";"01";"01179";"1";"1";"1";"6";"A406, PK 006+700";"46,27115800";"4,83557200"
"202300039744";"30";"10";"2023";"18:30";"5";"84";"84035";"2";"1";"3";"6";"LIBERATION (AVENUE DE LA)";"43,84763000";"5,03880000"
"202300039745";"24";"02";"2023";"11:10";"1";"56";"56098";"2";"2";"1";"3";"SCRIBE (RUE  AUGUSTIN )";"47,76795000";" -3,35551000"
"202300039746";"18";"05";"2023";"03:00";"5";"987";"98715";"2";"1";"1";"6";"PK 5+700 - RT1";" -17,58400000";" -149,56000000"
"202300039747";"23";"02";"2023";"16:50";"1";"56";"56098";"2";"1";"2";"6";"47 Avenue Kesler Devillers";"47,76868000";" -3,34506000"
"202300039748";"5";"11";"2023";"10:10";"1";"83";"83090";"2";"1";"1";"4";"NATIONALE 8 (ROUTE)";"43,13502000";"5,85439000"
"202300039749";"5";"11";"2023";"09:42";"1";"79";"79329";"2";"1";"1";"7";"N/A";"46,98353400";" -0,21208000"
"202300039750";"16";"05";"2023";"14:30";"1";"987";"98715";"1";"1";"1";"4";"RDO sens FAAA/PUNAAUIA";" -17,58400000";" -149,56000000"
"202300039751";"24";"02";"2023";"14:50";"1";"54";"54528";"2";"3";"2";"3";"COLONEL GRANDVAL (AVENUE)";"48,67456800";"5,88506500"
"202300039752";"18";"05";"2023";"07:05";"1";"34";"34240";"1";"1";"1";"2";"A709";"43,65088900";"3,98662100"
"202300039753";"15";"02";"2023";"16:15";"1";"49";"49328";"2";"1";"1";"6";"RESISTANCE (PLACE DE LA)";"47,26722000";" -0,06973000"
"202300039754";"5";"11";"2023";"20:50";"3";"76";"76497";"2";"1";"9";"7";"Rue John Kennedy";"49,38776200";"1,03342900"
"202300039755";"24";"02";"2023";"19:10";"5";"45";"45284";"2";"6";"2";"6";"54 Avenue Charles Péguy";"47,90495755";"1,94492394"
"202300039756";"5";"11";"2023";"18:00";"5";"71";"71270";"2";"1";"1";"6";"LATTRE DE TASSIGNY (QUAI  MARECHAL DE)";"46,31154000";"4,83844000"
"202300039757";"18";"05";"2023";"08:30";"1";"33";"33527";"1";"1";"1";"1";"D650e1";"44,61924200";" -1,02375600"
"202300039758";"11";"02";"2023";"18:30";"5";"42";"42207";"2";"1";"1";"6";"Rue Royet de la Bastie";"45,46422000";"4,50553000"
"202300039759";"4";"11";"2023";"16:25";"1";"69";"69259";"1";"9";"3";"2";"Boulevard Périphérique Laurent Bonnevay";"45,71930000";"4,87910000"
"202300039760";"13";"05";"2023";"20:45";"2";"77";"77206";"1";"1";"2";"1";"6 Rue des Abeilles";"48,84569600";"3,01884600"
"202300039761";"24";"02";"2023";"04:45";"5";"42";"42218";"2";"1";"8";"2";"Boulevard Georges Pompidou";"45,45548000";"4,40180000"
"202300039762";"5";"11";"2023";"19:10";"5";"64";"64445";"2";"1";"1";"7";"ETIGNY D'";"43,29654000";" -0,38491000"
"202300039763";"17";"05";"2023";"11:50";"1";"83";"83068";"1";"1";"1";"6";"CD 559 ST PONS LES MURES";"43,28375500";"6,59183400"
"202300039764";"18";"02";"2023";"17:45";"1";"40";"40192";"2";"1";"1";"6";"GAMBETTA LEON (RUE)";"43,89124000";" -0,50136000"
"202300039765";"18";"05";"2023";"02:28";"3";"13";"13110";"1";"3";"1";"3";"D56";"43,45263900";"5,67418100"
"202300039766";"5";"11";"2023";"07:15";"3";"59";"59088";"1";"1";"8";"6";"rue d'Armentières";"50,66400000";"2,87395400"
"202300039767";"19";"02";"2023";"16:20";"1";"40";"40192";"1";"1";"1";"1";"ROCADE EST (RD 932 E)";"43,87200000";" -0,47200000"
"202300039768";"24";"02";"2023";"20:15";"5";"37";"37261";"2";"2";"2";"1";"THEURIET (RUE ANDRE)";"47,38303000";"0,69679000"
"202300039769";"5";"11";"2023";"18:30";"1";"57";"57463";"2";"1";"1";"3";"TREVES (BOULEVARD DE )";"49,12000000";"6,18000000"
"202300039770";"18";"05";"2023";"09:05";"1";"26";"26058";"1";"1";"2";"4";"Autoroute A7, sens nord sud, PK 065.400";"44,97671500";"4,88460300"
"202300039771";"24";"02";"2023";"13:55";"1";"33";"33063";"2";"2";"1";"3";"Rue Bertrand de Goth";"44,81902000";" -0,57676000"
"202300039772";"30";"10";"2023";"15:56";"1";"53";"53130";"2";"6";"2";"7";"SAINT BERNARD DE CLERVAUX  (RUE )";"48,05701000";" -0,77982000"
"202300039773";"17";"05";"2023";"21:00";"3";"89";"89390";"1";"1";"1";"3";"A5";"48,32882872";"3,22043829"
"202300039774";"23";"02";"2023";"12:20";"1";"29";"29019";"2";"1";"1";"1";"rue de la Somme";"48,38019362";" -4,51960668"
"202300039775";"5";"11";"2023";"23:30";"3";"47";"47032";"1";"1";"3";"6";"SAINTE RADEGONDE";"44,19902000";"0,67512000"
"202300039776";"17";"05";"2023";"15:30";"1";"68";"68171";"2";"1";"1";"6";"24 Grand rue";"47,92673100";"6,96812200"
"202300039777";"24";"02";"2023";"07:50";"2";"27";"27299";"2";"2";"1";"3";"BROSSOLETTE (RUE PIERRE)";"49,05492000";"1,16708000"
"202300039778";"6";"11";"2023";"00:40";"5";"45";"45232";"2";"1";"1";"6";"Avenue de Sologne";"47,85617000";"1,91291000"
"202300039779";"17";"05";"2023";"09:45";"1";"68";"68334";"2";"3";"1";"3";"Avenue Pasteur";"47,79827800";"7,10931100"
"202300039780";"24";"02";"2023";"12:40";"1";"25";"25462";"2";"1";"1";"1";"FRERES BERTHET";"46,91127200";"6,35595200"
"202300039781";"17";"05";"2023";"18:00";"1";"69";"69176";"2";"1";"8";"2";"5 Rue Joseph Comeau";"45,68314700";"4,70303900"
"202300039782";"5";"11";"2023";"06:40";"5";"45";"45147";"2";"2";"1";"3";"115 Rue de Verdun";"47,93447000";"1,90547000"
"202300039783";"24";"02";"2023";"14:50";"1";"23";"23096";"2";"6";"1";"2";"BERRY (AVENUE DU)";"46,17773000";"1,87756000"
"202300039784";"13";"05";"2023";"19:30";"1";"59";"59232";"1";"1";"8";"3";"Route départementale 649";"50,30173713";"3,72297794"
"202300039785";"5";"11";"2023";"18:10";"5";"42";"42186";"1";"1";"1";"1";"Rue Edouard Vaillant";"45,52096000";"4,59652000"
"202300039786";"22";"02";"2023";"18:00";"1";"19";"19031";"2";"6";"2";"3";"ALVITRE (AVENUE ABBE)";"45,15261192";"1,50521278"
"202300039787";"17";"05";"2023";"20:35";"1";"59";"59181";"1";"1";"1";"6";"Route Nationale 2";"50,19087200";"3,95139300"
"202300039788";"5";"11";"2023";"21:05";"3";"37";"37122";"2";"1";"8";"6";"RD 37";"47,34152999";"0,64911874"
"202300039789";"18";"05";"2023";"04:15";"2";"59";"59250";"1";"6";"1";"6";"N41";"50,58462600";"2,90826600"
"202300039790";"20";"02";"2023";"20:25";"5";"18";"18279";"2";"2";"1";"3";" Rue Jean Jacques Rousseau";"47,21888000";"2,07001000"
"202300039791";"17";"05";"2023";"19:20";"1";"33";"33192";"1";"1";"1";"2";"ROCADE A 630";"44,78540000";" -0,59370000"
"202300039792";"5";"11";"2023";"06:10";"5";"37";"37261";"2";"2";"8";"3";"MARECHAL JUIN (BD)";"47,40890000";"0,70348000"
"202300039793";"5";"11";"2023";"19:00";"5";"33";"33529";"2";"1";"1";"6";"SAINT-EXUPERY (AVE)";"44,62477356";" -1,14095405"
"202300039794";"23";"02";"2023";"18:25";"1";"14";"14118";"2";"2";"8";"3";"27 Rue Ernest Manchon";"49,17285000";" -0,34095000"
"202300039795";"17";"05";"2023";"16:02";"1";"92";"92036";"1";"1";"1";"3";"A86";"48,93747288";"2,29566820"
"202300039796";"5";"11";"2023";"13:20";"1";"33";"33529";"1";"1";"8";"6";"RD 1250 (CAMICAS-OUSTALET)";"44,64491600";" -1,15818600"
"202300039797";"12";"04";"2023";"17:45";"1";"92";"92025";"1";"1";"2";"2";"A86";"48,92865065";"2,23945697"
"202300039798";"24";"02";"2023";"08:10";"1";"13";"13203";"2";"2";"2";"3";"NATIONAL (BOULEVARD)";"43,30782463";"5,38168140"
"202300039799";"4";"11";"2023";"17:30";"2";"31";"31555";"2";"1";"2";"3";"CHE SALINIE";"43,59476873";"1,38207391"
"202300039800";"24";"02";"2023";"14:43";"1";"10";"10387";"2";"1";"1";"2";"ETIENNE PEDRON (RUE)";"48,31027000";"4,07457000"
"202300039801";"17";"05";"2023";"10:25";"1";"93";"93064";"1";"1";"1";"4";"AUTOROUTE A86";"48,87916750";"2,47634149"
"202300039802";"4";"11";"2023";"17:20";"2";"31";"31555";"2";"1";"2";"3";"RUE ANDRE ETCHEVERLEPO";"43,64002605";"1,45645827"
"202300039803";"24";"02";"2023";"13:55";"1";"06";"06029";"2";"1";"1";"3";"TONNER (AVENUE FRANCIS)";"43,55021000";"6,95882000"
"202300039804";"5";"11";"2023";"22:05";"5";"25";"25462";"2";"1";"2";"6";"BESANCON (DU 72TER A LA FIN)";"46,91487000";"6,34559000"
"202300039805";"17";"05";"2023";"08:15";"1";"95";"95018";"1";"1";"1";"6";"A15";"48,96125000";"2,26871000"
"202300039806";"19";"02";"2023";"21:50";"3";"05";"05061";"2";"1";"1";"7";"route";"44,56068976";"6,04258239"
"202300039807";"12";"05";"2023";"13:35";"1";"92";"92025";"2";"1";"1";"6";"PRESIDENT SALVADOR ALLENDE (RUE DU)";"48,92195800";"2,23511900"
"202300039808";"5";"11";"2023";"16:20";"2";"25";"25056";"2";"1";"8";"6";"DOLE RUE DE (entre 82 et 185)";"47,22761200";"5,98248300"
"202300039809";"23";"02";"2023";"19:52";"5";"03";"03310";"2";"4";"1";"6";"Rue Alquié";"46,12311000";"3,41808000"
"202300039810";"16";"05";"2023";"09:05";"1";"69";"69386";"2";"2";"8";"3";"7 Place d'Helvétie";"45,77293000";"4,84211000"
"202300039811";"4";"11";"2023";"18:10";"5";"22";"22113";"2";"2";"2";"3";"SAINT ELIVET (RUE DE)";"48,72730000";" -3,44690000"
"202300039812";"24";"02";"2023";"14:30";"1";"01";"01053";"2";"2";"1";"5";"KENNEDY BVD J  - IMPAIR DE DIMES A CROIX";"46,20354000";"5,24251000"
"202300039813";"7";"05";"2023";"12:38";"1";"46";"46042";"2";"3";"1";"6";"GAMBETTA (BOULEVARD LEON) N°IMPAIR";"44,44740000";"1,44020000"
"202300039814";"5";"11";"2023";"18:40";"5";"13";"13211";"2";"1";"1";"2";"MILLIERE (BOULEVARD DE LA )";"43,28347000";"5,49920000"
"202300039815";"17";"05";"2023";"06:04";"2";"988";"98818";"2";"1";"1";"6";"RUE FREDERIC SURLEAU";" -22,27302000";"166,44489000"
"202300039816";"5";"11";"2023";"12:00";"1";"07";"07281";"1";"1";"2";"3";"C.D.533";"44,93593000";"4,82028000"
"202300039817";"24";"02";"2023";"20:15";"5";"93";"93007";"2";"3";"1";"3";"Rue d’Altrincham Sandwell / Avenue Vladimir Ilitch Lenine";"48,94762000";"2,44793000"
"202300039818";"16";"05";"2023";"09:40";"1";"976";"97611";"1";"1";"1";"5";"passamanty-Vahibé ( route )";" -12,79633492";"45,19950199"
"202300039819";"24";"02";"2023";"02:50";"5";"75";"75106";"2";"2";"1";"2";"BOULEVARD RASPAIL";"48,84809100";"2,32794100"
"202300039820";"17";"10";"2023";"16:15";"1";"05";"05061";"2";"1";"2";"2";"BELLEVUE (BOULEVARD)";"44,56020300";"6,08784400"
"202300039821";"16";"05";"2023";"09:45";"1";"974";"97416";"2";"6";"1";"3";"HUBERT DE LISLE(BOULEVARD)";" -21,34353000";"55,46813000"
"202300039822";"5";"11";"2023";"22:50";"5";"03";"03185";"2";"1";"2";"6";"Quai de la Liberation";"46,33242200";"2,59476000"
"202300039823";"24";"02";"2023";"19:30";"5";"75";"75118";"2";"3";"1";"6";"RUE LEPIC";"48,88581100";"2,33478700"
"202300039824";"16";"05";"2023";"17:45";"2";"974";"97411";"2";"1";"1";"1";"REYDELLET (ROUTE JULES)";" -20,93365000";"55,49231000"
"202300039825";"24";"02";"2023";"16:55";"1";"75";"75116";"2";"1";"1";"3";"BOULEVARD MURAT";"48,84081500";"2,25617600"
"202300039826";"16";"05";"2023";"07:40";"1";"974";"97411";"2";"1";"1";"6";"TOPAZES(ALLEE DES)";" -20,89696000";"55,44609000"
"202300039827";"24";"02";"2023";"12:00";"1";"75";"75115";"2";"1";"1";"6";"BOULEVARD DE GRENELLE";"48,85355300";"2,28993700"
"202300039828";"4";"11";"2023";"18:00";"5";"75";"75120";"2";"1";"2";"2";"PORTE DE BAGNOLET";"48,86694200";"2,41322000"
"202300039829";"16";"05";"2023";"17:10";"1";"973";"97309";"2";"1";"2";"3";"TROUBIRAN (CHEMIN DE)";"4,91830000";" -52,30660000"
"202300039830";"24";"02";"2023";"00:00";"5";"75";"75120";"2";"3";"1";"6";"RUE DES GLAIEULS";"48,87697900";"2,40863400"
"202300039831";"16";"05";"2023";"15:10";"1";"69";"69388";"2";"1";"1";"6";"Promenade Léa et Napoléon Bullukian";"45,74127000";"4,87863000"
"202300039832";"4";"11";"2023";"17:35";"2";"75";"75112";"2";"1";"1";"6";"ECHANGEUR BERCY";"48,82864200";"2,39888900"
"202300039833";"24";"02";"2023";"19:20";"5";"75";"75111";"2";"2";"1";"6";"AVENUE PARMENTIER";"48,87000200";"2,37105400"
"202300039834";"16";"05";"2023";"07:20";"1";"69";"69387";"2";"1";"1";"3";"56 Rue du Repos";"45,74425000";"4,85177000"
"202300039835";"24";"02";"2023";"14:15";"1";"75";"75110";"2";"2";"1";"2";"RUE DU FAUBOURG SAINT MARTIN";"48,87175800";"2,35717400"
"202300039836";"3";"11";"2023";"18:35";"5";"75";"75116";"2";"1";"1";"2";"PORTE DE PASSY";"48,85392100";"2,25366800"
"202300039837";"16";"05";"2023";"08:55";"1";"2A";"2A004";"1";"1";"1";"3";"LORETTO CHEMIN";"41,93448000";"8,71814000"
"202300039838";"24";"02";"2023";"16:54";"1";"75";"75109";"2";"3";"1";"3";"BOULEVARD POISSONNIERE";"48,87090300";"2,34675400"
"202300039839";"5";"11";"2023";"05:35";"5";"75";"75110";"2";"3";"1";"3";"BOULEVARD DE BONNE NOUVELLE";"48,87004700";"2,35096600"
"202300039840";"7";"05";"2023";"16:55";"1";"95";"95063";"2";"1";"1";"7";"RUE DES CARROSSIERS";"48,91480106";"2,20579983"
"202300039841";"24";"02";"2023";"10:25";"1";"75";"75109";"2";"2";"1";"3";"RUE DU HAVRE";"48,87417400";"2,32699100"
"202300039842";"16";"05";"2023";"07:40";"1";"91";"91589";"2";"2";"1";"3";"RUE FAIDHERBE";"48,67777300";"2,34354200"
"202300039843";"4";"11";"2023";"22:35";"5";"75";"75120";"2";"1";"2";"2";"RUE DES PYRENEES";"48,86850200";"2,39566100"
"202300039844";"16";"05";"2023";"15:50";"1";"83";"83137";"2";"1";"1";"6";"ESCARTEFIGUE (CORNICHE DU 746 A FIN";"43,13489000";"5,96210000"
"202300039845";"24";"02";"2023";"01:20";"5";"75";"75109";"2";"2";"1";"3";"RUE DE PROVENCE";"48,87425700";"2,33133400"
"202300039846";"5";"11";"2023";"09:59";"1";"75";"75114";"2";"2";"2";"3";"BOULEVARD ROMAIN ROLLAND";"48,82233300";"2,31435600"
"202300039847";"16";"05";"2023";"16:45";"1";"77";"77291";"2";"1";"1";"1";"GRANDE BORNE (RUE DE LA)";"49,01693200";"2,60040500"
"202300039848";"24";"02";"2023";"07:05";"2";"75";"75104";"2";"2";"1";"3";"BOULEVARD DE SEBASTOPOL";"48,85851990";"2,34822571"
"202300039849";"5";"11";"2023";"01:35";"5";"75";"75114";"2";"2";"2";"6";"AVENUE DU MAINE";"48,83755700";"2,32293400"
"202300039850";"10";"05";"2023";"18:04";"1";"77";"77479";"1";"1";"1";"6";"D 34A RTE DE TORCY";"48,86818000";"2,64867000"
"202300039851";"23";"02";"2023";"12:20";"1";"75";"75101";"2";"2";"1";"6";"RUE SAINT HONORE";"48,86490100";"2,33194900"
"202300039852";"4";"11";"2023";"12:30";"1";"75";"75114";"2";"7";"8";"7";"AVENUE DENFERT ROCHEREAU";"48,83454600";"2,33261900"
"202300039853";"24";"02";"2023";"16:20";"1";"94";"94067";"2";"1";"1";"3";"Avenue Joffre";"48,84895600";"2,41762600"
"202300039854";"16";"05";"2023";"18:08";"1";"77";"77305";"2";"1";"1";"3";"GENERAL DE GAULLE (AVENUE DU)";"48,38193019";"2,95237128"
"202300039855";"16";"05";"2023";"15:18";"1";"77";"77186";"2";"1";"1";"6";"VC GRANDE (RUE)";"48,40602861";"2,70218546"
"202300039856";"24";"02";"2023";"20:30";"5";"94";"94041";"2";"2";"1";"1";"Quai Jean Compagnon";"48,81892200";"2,39925000"
"202300039857";"4";"11";"2023";"06:13";"5";"75";"75113";"2";"2";"2";"6";"AVENUE D ITALIE";"48,82220200";"2,35852600"
"202300039858";"16";"05";"2023";"08:45";"1";"76";"76108";"2";"1";"1";"3";"Route de Neufchâtel";"49,45729050";"1,10796073"
"202300039859";"15";"05";"2023";"08:50";"1";"76";"76351";"2";"3";"1";"3";"TRIGAUVILLE (DE)";"49,50244000";"0,13303000"
"202300039860";"23";"02";"2023";"15:40";"1";"94";"94028";"2";"1";"1";"3";"Avenue de la Pompadour";"48,77298000";"2,43476000"
"202300039861";"5";"11";"2023";"12:50";"1";"75";"75110";"2";"3";"1";"2";"BOULEVARD DE LA VILLETTE";"48,88413900";"2,36681700"
"202300039862";"24";"02";"2023";"13:20";"1";"93";"93073";"2";"2";"1";"3";"Rue de Flandre / Avenue Albert Sarraut";"48,94002000";"2,57345000"
"202300039863";"15";"05";"2023";"12:20";"1";"72";"72181";"2";"1";"1";"3";"ESTIENNE D'ORVES (BD D')";"47,98483000";"0,18497000"
"202300039864";"5";"11";"2023";"00:15";"5";"75";"75108";"2";"2";"2";"6";"RUE DE LA VILLE L EVEQUE";"48,87115300";"2,32163200"
"202300039865";"24";"02";"2023";"13:15";"1";"93";"93072";"2";"1";"1";"6";"Avenue de Stalingrad";"48,94857402";"2,38014374"
"202300039866";"16";"05";"2023";"16:50";"1";"69";"69256";"2";"2";"1";"3";"Rue de la Poudrette";"45,75202000";"4,91935000"