"Num_Acc";"jour";"mois";"an";"hrmn";"lum";"dep";"com";"agg";"int";"atm";"col";"adr";"lat";"long"
"202300040062";"22";"02";"2023";"17:20";"1";"49";"49007";"2";"1";"2";"2";"ATLANTIQUE  AVENUE DE L'";"47,46445168";" -0,57229221"
"202300040063";"8";"04";"2023";"20:20";"1";"77";"77152";"1";"9";"1";"3";"CIMETIERE VOSVES";"48,50964900";"2,59980000"
"202300040064";"3";"09";"2023";"20:20";"2";"75";"75102";"2";"2";"1";"3";"BOULEVARD DE SEBASTOPOL";"48,86931200";"2,35427100"
"202300040065";"22";"02";"2023";"13:55";"1";"49";"49353";"2";"1";"1";"3";"Rue Ferdinand Vest";"47,44196000";" -0,48314000"
"202300040066";"8";"04";"2023";"08:50";"1";"77";"77152";"2";"1";"1";"3";"AMPERE(AVENUE ANDRE)";"48,50735000";"2,60805000"
"202300040067";"3";"09";"2023";"17:16";"1";"75";"75104";"2";"2";"1";"3";"RUE DES TOURNELLES";"48,85595100";"2,36732200"
"202300040068";"23";"02";"2023";"06:55";"5";"45";"45286";"1";"1";"1";"1";"Avenue Gaston Galloux";"47,87000000";"1,93200000"
"202300040069";"3";"09";"2023";"11:20";"1";"75";"75104";"2";"1";"1";"6";"SOUTERRAIN HENRI IV";"48,85071600";"2,36112300"
"202300040070";"23";"02";"2023";"08:10";"1";"44";"44184";"2";"2";"1";"6";"83 Boulevard Pierre de Maupertuis";"47,28076000";" -2,22987000"
"202300040071";"8";"04";"2023";"13:50";"1";"77";"77014";"2";"9";"1";"2";"D138";"48,41863000";"2,73715000"
"202300040072";"8";"04";"2023";"09:10";"1";"71";"71270";"2";"1";"1";"6";"GAMBETTA (RUE)";"46,30282000";"4,82884000"
"202300040073";"3";"09";"2023";"19:40";"1";"94";"94043";"2";"1";"1";"2";"116 Avenue de Fontainebleau";"48,80855300";"2,36265100"
"202300040074";"18";"02";"2023";"16:55";"1";"42";"42207";"1";"4";"1";"6";"Route de Fouay";"45,45142000";"4,49025000"
"202300040075";"8";"04";"2023";"13:30";"1";"71";"71445";"2";"1";"1";"6";"GRANDE RUE";"46,77609000";"4,88700000"
"202300040076";"2";"09";"2023";"22:10";"5";"93";"93051";"2";"3";"1";"3";"Avenue des Graviers / Chemin de la Noisette";"48,82685000";"2,58377000"
"202300040077";"21";"02";"2023";"18:50";"5";"38";"38185";"2";"3";"1";"3";"GAMBETTA ( BOULEVARD)      1 A 21-12 BIS";"45,18924000";"5,72260000"
"202300040078";"9";"04";"2023";"00:15";"3";"69";"69275";"2";"2";"1";"7";"17 Rue de la Fraternité";"45,77171680";"4,95771768"
"202300040079";"3";"09";"2023";"19:10";"1";"93";"93048";"2";"1";"1";"3";"Rue de Paris";"48,85630348";"2,42616910"
"202300040080";"23";"02";"2023";"19:05";"5";"37";"37261";"2";"1";"2";"3";"EIFFEL (AVENUE GUSTAVE)";"47,43353609";"0,69796926"
"202300040081";"8";"04";"2023";"18:34";"1";"69";"69266";"2";"1";"1";"6";"Cours Emile Zola";"45,76483050";"4,90855947"
"202300040082";"23";"02";"2023";"14:45";"1";"35";"35238";"2";"1";"2";"2";"VERN (DE)";"48,09392000";" -1,64884000"
"202300040083";"2";"09";"2023";"22:30";"3";"92";"92051";"2";"1";"1";"5";"CHARLES DE GAULLE (AVENUE, N°27 A 129)";"48,87972000";"2,27603000"
"202300040084";"23";"02";"2023";"01:25";"5";"34";"34032";"2";"1";"1";"6";"Route d’Agde";"43,32639000";"3,24582000"
"202300040085";"8";"04";"2023";"03:05";"5";"69";"69259";"2";"1";"1";"2";"Avenue Francis de Pressensé";"45,71290000";"4,87407000"
"202300040086";"30";"07";"2023";"10:50";"1";"34";"34032";"1";"1";"1";"2";"A75";"43,36968100";"3,28303100"
"202300040087";"23";"02";"2023";"11:10";"1";"33";"33529";"2";"2";"2";"3";"INDUSTRIE (BD DE L') DU 01 ET +";"44,61449000";" -1,12746000"
"202300040088";"8";"04";"2023";"18:15";"1";"64";"64024";"2";"1";"1";"2";"LAPORTE (AVENUE JEAN LEON)";"43,48908000";" -1,49977000"
"202300040089";"3";"09";"2023";"13:00";"1";"13";"13028";"1";"1";"1";"4";"A50-Sens Aubagne vers Toulon";"43,20858342";"5,58528697"
"202300040090";"23";"02";"2023";"11:20";"1";"29";"29232";"2";"6";"1";"3";"Rond-Point de Prad Ar C'hras";"48,00074500";" -4,15202200"
"202300040091";"3";"09";"2023";"10:30";"1";"83";"83027";"1";"1";"1";"7";"A50";"43,16469276";"5,76706828"
"202300040092";"7";"04";"2023";"17:25";"1";"64";"64102";"2";"1";"1";"2";"SOULT (AVENUE MARECHAL)";"43,48755000";" -1,48272000"
"202300040093";"22";"02";"2023";"09:45";"1";"29";"29039";"2";"2";"1";"3";"rue de Penanguer";"47,90857000";" -3,91873000"
"202300040094";"8";"04";"2023";"22:50";"3";"62";"62277";"1";"1";"1";"6";"D40";"50,38506400";"2,92172600"
"202300040095";"3";"09";"2023";"06:18";"3";"91";"91689";"1";"1";"1";"2";"AUTOROUTE A6";"48,74007120";"2,31942594"
"202300040096";"23";"02";"2023";"08:55";"1";"26";"26198";"2";"1";"1";"6";"Rue Rene Cassin";"44,55664000";"4,74656000"
"202300040097";"3";"09";"2023";"17:30";"1";"93";"93027";"1";"1";"1";"6";"AUTOROUTE A1";"48,93335203";"2,38374209"
"202300040098";"23";"02";"2023";"07:20";"1";"25";"25056";"2";"1";"1";"2";"OUEST BOULEVARD";"47,22340000";"5,97924000"
"202300040099";"8";"04";"2023";"21:40";"3";"62";"62628";"2";"2";"1";"3";"Rue de Bourganeuf";"50,42219000";"2,89063000"
"202300040100";"3";"09";"2023";"16:45";"1";"94";"94033";"1";"1";"1";"2";"A86";"48,85806851";"2,48816509"
"202300040101";"10";"02";"2023";"11:50";"1";"24";"24557";"1";"1";"1";"6";"POMPIDOU (AVENUE GEORGES)";"45,19821000";"0,74099000"
"202300040102";"3";"09";"2023";"09:00";"1";"94";"94069";"1";"1";"1";"3";"A4";"48,81760575";"2,42124411"
"202300040103";"22";"02";"2023";"13:15";"1";"30";"30032";"2";"1";"1";"3";"Quai de la Paix";"43,80630000";"4,63620000"
"202300040104";"8";"04";"2023";"02:00";"3";"60";"60382";"1";"1";"1";"5";"N31";"49,43404434";"2,81543970"
"202300040105";"2";"09";"2023";"16:45";"1";"75";"75112";"1";"1";"3";"2";"A4";"48,82514600";"2,46377200"
"202300040106";"23";"02";"2023";"20:30";"5";"13";"13210";"2";"3";"1";"3";"FLORIAN (AVENUE)";"43,28505000";"5,42530000"
"202300040107";"8";"04";"2023";"09:00";"1";"60";"60057";"2";"1";"1";"3";"Av du Pdt J Fitzgerald Kennedy";"49,41914000";"2,10672000"
"202300040108";"23";"02";"2023";"18:20";"2";"13";"13209";"2";"1";"1";"1";"GAYE (TRAVERSE DE LA)";"43,25692275";"5,40828827"
"202300040109";"4";"06";"2023";"10:45";"1";"89";"89307";"1";"2";"7";"3";"N/A";"47,92029700";"3,71319100"
"202300040110";"7";"04";"2023";"16:50";"1";"59";"59360";"2";"3";"1";"3";"KUHLMANN AVENUE";"50,62237000";"3,01526000"
"202300040111";"8";"04";"2023";"13:50";"1";"59";"59183";"2";"1";"1";"6";"VANCAUWENBERGHE - RUE";"51,00459000";"2,32210000"
"202300040112";"3";"05";"2023";"16:20";"1";"88";"88496";"1";"2";"1";"1";"départemnat 164";"48,22454800";"5,81740000"
"202300040113";"19";"04";"2023";"02:57";"5";"10";"10362";"2";"1";"1";"6";"GENERAL GALLIENI (RUE DU)";"48,29000000";"4,05000000"
"202300040114";"5";"04";"2023";"17:10";"1";"57";"57227";"2";"1";"1";"6";"NATIONALE(RUE) R.DLA  CHAPELLE N.C./CARR";"49,18787000";"6,90036000"
"202300040115";"2";"09";"2023";"14:00";"1";"974";"97411";"2";"1";"1";"2";"ECOLE (DE L')";" -20,89330000";"55,49119000"
"202300040116";"8";"04";"2023";"20:30";"1";"44";"44109";"2";"1";"1";"3";"18 Boulevard de l'Estuaire";"47,20418000";" -1,55839000"
"202300040117";"2";"09";"2023";"16:31";"1";"973";"97302";"2";"2";"1";"3";"AMUSANT (PAUL)";"4,93431536";" -52,33195379"
"202300040118";"8";"04";"2023";"19:00";"1";"44";"44109";"2";"1";"1";"7";"18 Route de Paris";"47,25901941";" -1,50330462"
"202300040119";"2";"09";"2023";"11:30";"1";"69";"69386";"2";"2";"1";"3";"Rue Barrême";"45,77458000";"4,84709000"
"202300040120";"9";"04";"2023";"01:30";"5";"38";"38185";"2";"1";"1";"6";"GAMBETTA (BOULEVARD)";"45,18338000";"5,72650000"
"202300040121";"1";"09";"2023";"22:40";"5";"972";"97209";"1";"1";"1";"6";"AUTOROUTE (A1)";"14,61676000";" -61,04207000"
"202300040122";"7";"04";"2023";"17:20";"1";"38";"38185";"2";"1";"1";"6";"RHIN ET DANUBE (AVENUE)";"45,17193000";"5,70505000"
"202300040123";"2";"09";"2023";"05:50";"1";"971";"97101";"2";"1";"2";"6";"PATRICK SAINT ELOI ( AVENUE )";"16,25276000";" -61,52450000"
"202300040124";"7";"04";"2023";"16:00";"1";"35";"35288";"2";"1";"1";"6";"Boulevard Chateaubriand";"48,66200000";" -1,98967000"
"202300040125";"2";"09";"2023";"13:45";"1";"91";"91201";"2";"1";"1";"4";"RUE EUGENE DELACROIX";"48,67450000";"2,41290000"
"202300040126";"2";"09";"2023";"14:35";"1";"91";"91286";"2";"5";"1";"2";"GRANDE BORNE (RUE DE LA)";"48,65090000";"2,38256000"
"202300040127";"7";"04";"2023";"17:55";"1";"35";"35238";"2";"1";"1";"5";"ROCADE 3-4";"48,09001000";" -1,63033000"
"202300040128";"2";"09";"2023";"02:41";"3";"77";"77288";"1";"1";"1";"2";"R.N6 - PENETRANTE";"48,54289000";"2,64736000"
"202300040129";"7";"04";"2023";"16:15";"1";"33";"33063";"2";"3";"1";"3";"Rue Fondaudege";"44,84952000";" -0,58470000"
"202300040130";"8";"04";"2023";"21:05";"5";"29";"29232";"2";"1";"1";"6";"Rue Paul Borrossi";"47,98761350";" -4,12186530"
"202300040131";"31";"08";"2023";"23:30";"3";"77";"77450";"1";"9";"1";"6";"N104";"48,70622000";"2,59631000"
"202300040132";"2";"09";"2023";"14:30";"1";"76";"76474";"2";"1";"1";"3";"Route de Dieppe";"49,49391000";"1,04865000"
"202300040133";"8";"04";"2023";"15:26";"1";"29";"29232";"1";"6";"1";"3";"Rond-Point de Kerustum";"47,97889000";" -4,09470000"
"202300040134";"8";"04";"2023";"12:20";"1";"28";"28404";"1";"1";"1";"5";"RD 828A";"48,73088000";"1,34318000"
"202300040135";"2";"09";"2023";"10:00";"1";"71";"71076";"2";"2";"1";"1";"LEDRU ROLLIN (RUE)";"46,78761098";"4,83876253"
"202300040136";"8";"04";"2023";"17:59";"1";"27";"27684";"1";"1";"1";"6";"RN 13";"49,01417260";"1,23303700"
"202300040137";"2";"09";"2023";"23:00";"5";"69";"69264";"2";"2";"1";"3";"Rue de la Quarantaine";"45,98930000";"4,72274000"
"202300040138";"8";"04";"2023";"09:00";"1";"27";"27229";"2";"1";"1";"2";"MONOD (RUE JACQUES)";"49,02049800";"1,18218500"
"202300040139";"1";"09";"2023";"14:20";"1";"69";"69264";"2";"1";"1";"2";"Boulevard Gambetta";"45,99356000";"4,71576000"
"202300040140";"2";"09";"2023";"10:00";"1";"69";"69259";"2";"9";"1";"6";"Rue Président Edouard Herriot";"45,69508000";"4,87640000"
"202300040141";"7";"04";"2023";"22:08";"4";"22";"22106";"2";"3";"1";"3";"EIFFEL (RUE GUSTAVE)";"48,50124000";" -2,73403000"
"202300040142";"1";"09";"2023";"08:16";"1";"63";"63224";"1";"1";"1";"5";"RD 2009";"45,86858000";"3,11888000"
"202300040143";"7";"04";"2023";"17:50";"1";"17";"17028";"1";"1";"1";"4";"114 PK RN137 JUSTICE ROCHEFORT";"46,14500000";" -1,10900000"
"202300040144";"23";"08";"2023";"07:35";"1";"62";"62160";"2";"1";"1";"6";"Boulevard Auguste Mariette";"50,72653000";"1,61194200"
"202300040145";"8";"04";"2023";"05:55";"5";"17";"17274";"2";"6";"1";"3";"D108";"46,15439000";" -1,11213000"
"202300040146";"1";"09";"2023";"14:42";"1";"60";"60175";"2";"1";"3";"6";"Avenue Marie et Pierre Curie";"49,25219000";"2,48360000"
"202300040147";"2";"09";"2023";"10:05";"1";"59";"59152";"2";"1";"1";"6";"HURLUPIN (RUE D')";"50,76392560";"3,01008553"
"202300040148";"8";"04";"2023";"13:15";"1";"13";"13214";"2";"2";"1";"3";"CAPITAINE GEZE (BOULEVARD)";"43,33132000";"5,37667000"
"202300040149";"2";"09";"2023";"13:45";"1";"54";"54578";"2";"2";"1";"3";"AIGUILLETTES  (BD 5 A 73-2 A 94)";"48,67029000";"6,15830000"
"202300040150";"8";"04";"2023";"11:00";"1";"13";"13215";"2";"1";"1";"6";"BOURRELY (CHEMIN DES)";"43,37965000";"5,36183000"
"202300040151";"2";"09";"2023";"13:32";"1";"49";"49007";"2";"2";"1";"3";"ARAGO BOULEVARD";"47,47861000";" -0,55620000"
"202300040152";"8";"04";"2023";"18:20";"1";"13";"13028";"2";"1";"1";"3";"KENNEDY (AVENUE PRESIDENT JOHN FITZGERAL";"43,17904000";"5,60190000"
"202300040153";"8";"04";"2023";"13:45";"1";"11";"11069";"2";"1";"1";"6";"3 Impasse de l'Alaric";"43,22847700";"2,38751700"
"202300040154";"3";"09";"2023";"00:00";"5";"45";"45302";"2";"2";"1";"3";"609 Rue Nationale 20";"47,94329000";"1,89264000"
"202300040155";"8";"04";"2023";"02:10";"5";"11";"11069";"2";"1";"1";"6";"Route de Maquens";"43,20700000";"2,31460000"
"202300040156";"2";"09";"2023";"06:50";"3";"44";"44184";"1";"1";"1";"2";"N/A";"47,29136000";" -2,23226000"
"202300040157";"2";"09";"2023";"19:55";"1";"44";"44109";"2";"1";"7";"6";"10 Boulevard Maréchal Alphonse Juin";"47,19823000";" -1,59476000"
"202300040158";"2";"09";"2023";"19:50";"1";"35";"35238";"2";"1";"7";"6";"LEROUX (BD OSCAR)";"48,09144336";" -1,66101158"
"202300040159";"7";"04";"2023";"17:00";"1";"11";"11069";"2";"1";"1";"5";"5 Route de Montreal";"43,21130000";"2,32840000"
"202300040160";"8";"04";"2023";"05:00";"3";"09";"09207";"1";"1";"1";"6";"20 (R.N.) COTE SUD DU TUNNEL";"42,92884000";"1,63204000"
"202300040161";"1";"09";"2023";"18:25";"1";"35";"35115";"2";"2";"1";"3";"CANROBERT (RUE)";"48,35098000";" -1,19273000"
"202300040162";"2";"09";"2023";"21:05";"5";"33";"33063";"2";"1";"3";"6";"Avenue de Nontraste";"44,87723121";" -0,56818843"
"202300040163";"8";"04";"2023";"14:00";"1";"06";"06069";"2";"1";"1";"3";"DRAGONNIERE (CHEMIN DE LA)";"43,67463300";"6,95537500"
"202300040164";"2";"09";"2023";"18:30";"1";"33";"33069";"2";"2";"1";"3";"Boulevard Pierre 1er";"44,85708060";" -0,59114277"
"202300040165";"2";"04";"2023";"11:30";"1";"06";"06069";"2";"1";"1";"2";"CANNES (ROUTE DE)  -VC 6085-";"43,63523800";"6,95167000"
"202300040166";"1";"09";"2023";"17:20";"1";"31";"31483";"2";"3";"1";"2";"KENNEDY (AVENUE)";"43,10164200";"0,72772000"
"202300040167";"2";"09";"2023";"12:05";"1";"27";"27229";"2";"1";"1";"3";"SAINT ANDRE (ROUTE DE)";"49,00923600";"1,16747100"
"202300040168";"7";"04";"2023";"15:30";"1";"06";"06069";"2";"1";"1";"4";"CANNES (ROUTE DE)  -RD 6085-";"43,64165000";"6,94534000"
"202300040169";"2";"09";"2023";"05:25";"4";"26";"26198";"1";"1";"1";"6";"SAUZET (Route )";"44,55377119";"4,74866867"
"202300040170";"2";"09";"2023";"09:50";"1";"26";"26198";"1";"3";"1";"3";"Chemin de Fortuneau";"44,53935000";"4,73230000"
"202300040171";"7";"04";"2023";"18:10";"1";"04";"04112";"2";"1";"1";"2";"DELATTRE DE TASSIGNY (AV. MAL.)";"43,82499000";"5,78882000"
"202300040172";"2";"09";"2023";"11:50";"1";"25";"25056";"2";"4";"1";"6";"AUBEPINES RUE DES";"47,26540000";"6,04877000"
"202300040173";"1";"09";"2023";"19:10";"1";"22";"22113";"2";"1";"1";"6";"LE DANTEC (RUE FELIX)";"48,73280000";" -3,46388000"
"202300040174";"7";"04";"2023";"18:20";"5";"988";"98818";"2";"3";"1";"3";"ROUTE MENANT AU DEBARCADERE/PROMENADE PIERRE VERNIER";" -22,30955000";"166,45802000"
"202300040175";"1";"09";"2023";"14:05";"1";"16";"16271";"1";"1";"1";"2";"TORSAC (ROUTE DE)";"45,61511300";"0,19121100"
"202300040176";"7";"04";"2023";"11:50";"1";"976";"97611";"2";"1";"1";"3";"passamanty-Vahibé ( route )";" -12,80374000";"45,21221000"
"202300040177";"2";"09";"2023";"19:00";"1";"14";"14220";"2";"1";"1";"2";"14 Boulevard Eugène Cornuché";"49,36238000";"0,07378000"
"202300040178";"7";"04";"2023";"19:20";"3";"974";"97411";"1";"3";"1";"6";"JAURES (BOULEVARD JEAN)";" -20,89192000";"55,46735000"
"202300040179";"2";"09";"2023";"13:25";"1";"13";"13207";"2";"1";"1";"2";"Corniche John Fitzgérald Kennedy";"43,27010000";"5,36529000"
"202300040180";"7";"04";"2023";"09:25";"1";"974";"97411";"2";"1";"1";"6";"OCEAN (BOULEVARD DE L')";" -20,88138000";"55,45706000"
"202300040181";"2";"09";"2023";"01:45";"5";"11";"11069";"2";"9";"1";"6";"96 Avenue Bunau Varilla";"43,20687000";"2,33537000"
"202300040182";"7";"04";"2023";"06:50";"1";"974";"97411";"2";"1";"1";"3";"LATTRE DE TASSIGNY (AVENUE MARECHAL DE)";" -20,88703000";"55,47108000"
"202300040183";"1";"09";"2023";"17:50";"1";"11";"11069";"1";"1";"1";"2";"N/A";"43,22386000";"2,32700000"
"202300040184";"7";"04";"2023";"07:45";"1";"974";"97411";"2";"1";"1";"6";"JAURES (BOULEVARD JEAN)";" -20,88969000";"55,46105000"
"202300040185";"1";"09";"2023";"16:30";"1";"02";"02408";"2";"6";"1";"3";"N/A";"49,56850000";"3,64680000"
"202300040186";"2";"09";"2023";"00:00";"5";"75";"75114";"2";"1";"1";"7";"BRETELLE PORTE DE VANVES";"48,82520657";"2,30326134"
"202300040187";"6";"04";"2023";"16:15";"1";"974";"97407";"1";"1";"1";"2";"AXE MIXTE DE CAMBAIE";" -20,95307000";"55,29430000"
"202300040188";"7";"04";"2023";"13:03";"1";"973";"97302";"2";"3";"1";"3";"MADELEINE (ROUTE DE LA)";"4,91739000";" -52,32143000"
"202300040189";"2";"09";"2023";"06:14";"2";"75";"75116";"2";"1";"1";"5";"BD PERIPHERIQUE EXTERIEUR";"48,85464000";"2,25471100"
"202300040190";"7";"04";"2023";"19:30";"1";"69";"69388";"2";"2";"1";"3";"Rue Emile Combes";"45,73299000";"4,86602000"
"202300040191";"2";"09";"2023";"20:00";"1";"75";"75105";"2";"2";"1";"3";"QUAI SAINT MICHEL";"48,85377200";"2,34434700"
"202300040192";"2";"09";"2023";"05:50";"5";"75";"75114";"2";"3";"1";"6";"BOULEVARD RASPAIL";"48,83502500";"2,33217400"
"202300040193";"7";"04";"2023";"14:50";"1";"69";"69383";"2";"3";"1";"2";"Rue Rabelais";"45,76235000";"4,84140000"
"202300040194";"2";"09";"2023";"18:15";"1";"75";"75115";"2";"2";"1";"6";"RUE LINOIS";"48,84769300";"2,28414100"
"202300040195";"1";"09";"2023";"13:00";"1";"75";"75114";"2";"3";"1";"6";"AVENUE DU MAINE";"48,83945700";"2,32228800"
"202300040196";"1";"09";"2023";"18:10";"1";"75";"75114";"2";"3";"1";"3";"AVENUE DU MAINE";"48,83405800";"2,32444300"
"202300040197";"7";"04";"2023";"03:05";"5";"69";"69389";"2";"2";"1";"3";"Avenue Sidoine Apollinaire";"45,77357000";"4,79524000"
"202300040198";"2";"09";"2023";"00:15";"5";"75";"75113";"2";"1";"1";"1";"RUE JEAN BAPTISTE BERLIER";"48,82623670";"2,38626069"
"202300040199";"7";"04";"2023";"13:45";"1";"2A";"2A004";"2";"3";"1";"3";"CALVI  ROUTE";"41,95855000";"8,78061000"
"202300040200";"2";"09";"2023";"04:45";"5";"75";"75111";"2";"3";"1";"6";"RUE DE CHARONNE";"48,85439900";"2,38407700"
"202300040201";"7";"04";"2023";"08:20";"1";"95";"95051";"2";"3";"7";"1";"DENIS PAPIN (RUE)";"49,01614290";"2,17679769"
"202300040202";"2";"09";"2023";"01:20";"5";"75";"75111";"2";"2";"1";"6";"BOULEVARD DE CHARONNE";"48,85825900";"2,38988600"
"202300040203";"6";"04";"2023";"16:50";"1";"91";"91215";"2";"1";"1";"6";"AV VICTOR HUGO";"48,69760000";"2,52424000"
"202300040204";"9";"12";"2023";"22:15";"3";"93";"93064";"1";"1";"8";"4";"AUTOROUTE A86";"48,87884000";"2,47637000"
"202300040205";"10";"12";"2023";"20:15";"3";"94";"94011";"1";"1";"2";"6";"N406";"48,76265000";"2,49500000"
"202300040206";"2";"09";"2023";"15:15";"1";"75";"75101";"2";"2";"1";"3";"BOULEVARD DE SEBASTOPOL";"48,85854700";"2,34820500"
"202300040207";"4";"04";"2023";"17:05";"1";"91";"91174";"2";"3";"1";"4";"RUE EMILE ZOLA";"48,61154000";"2,46993000"
"202300040208";"10";"12";"2023";"19:15";"3";"94";"94042";"1";"1";"3";"6";"A4";"48,82743426";"2,46915402"
"202300040209";"2";"09";"2023";"17:00";"1";"94";"94046";"2";"1";"1";"1";"Avenue Georges Clémenceau";"48,81170568";"2,44367293"
"202300040210";"7";"04";"2023";"12:45";"1";"88";"88160";"2";"1";"8";"3";"Ruelle du Maroc";"48,18066300";"6,43674500"
"202300040211";"2";"09";"2023";"08:50";"1";"94";"94022";"2";"1";"1";"6";"88 Avenue Victor Hugo";"48,76959390";"2,42372292"
"202300040212";"9";"12";"2023";"22:00";"3";"77";"77372";"1";"1";"1";"5";"A104";"48,89658433";"2,66217082"
"202300040213";"19";"03";"2023";"09:42";"1";"78";"78172";"2";"1";"1";"6";"LIBERTE (PLACE DE LA)";"49,00500700";"2,11645400"
"202300040214";"9";"12";"2023";"15:50";"1";"94";"94028";"1";"1";"3";"6";"A86";"48,79698818";"2,44355794"
"202300040215";"2";"09";"2023";"19:00";"1";"93";"93071";"2";"2";"1";"3";"Rue Edison / Allée du Jura";"48,92850000";"2,52723000"
"202300040216";"8";"12";"2023";"18:45";"3";"77";"77258";"1";"1";"1";"3";"A4.W";"48,83140473";"2,64207057"
"202300040217";"2";"09";"2023";"02:48";"5";"93";"93048";"2";"1";"1";"6";"Rue de la Patte d’Oie";"48,86074200";"2,46805600"
"202300040218";"7";"04";"2023";"10:05";"1";"77";"77053";"2";"1";"1";"6";"RD 319";"48,68583000";"2,62556000"
"202300040219";"9";"10";"2023";"07:15";"2";"74";"74159";"1";"1";"1";"2";"A40";"46,02396802";"6,61644459"
"202300040220";"6";"04";"2023";"20:30";"2";"77";"77378";"2";"1";"1";"6";"Rue de Boissise";"48,52992000";"2,55656000"
"202300040221";"10";"12";"2023";"04:00";"5";"988";"98818";"2";"1";"1";"6";"AVENUE JAMES COOK";" -22,26680000";"166,42030000"
"202300040222";"1";"09";"2023";"23:49";"5";"93";"93077";"2";"1";"1";"1";"Rue de Neuilly";"48,87659524";"2,52523784"
"202300040223";"6";"04";"2023";"16:30";"1";"77";"77226";"2";"2";"1";"3";"D110";"48,44321000";"2,78590000"
"202300040224";"8";"12";"2023";"22:20";"5";"988";"98818";"2";"1";"1";"6";"PROMENADE ROGER LAROQUE";" -22,29570000";"166,43759000"
"202300040225";"2";"09";"2023";"05:30";"3";"93";"93050";"2";"5";"1";"1";"Rue de Neuilly / Rue Gabrielle";"48,87536724";"2,52598708"
"202300040226";"7";"04";"2023";"07:35";"1";"76";"76561";"2";"2";"1";"3";"Avenue Louis Pasteur";"49,30998000";"1,01322000"
"202300040227";"9";"12";"2023";"11:40";"1";"974";"97411";"2";"1";"1";"4";"JAURES (BOULEVARD JEAN)";" -20,88983000";"55,45200000"
"202300040228";"2";"09";"2023";"18:15";"1";"93";"93015";"2";"4";"1";"6";"Rue Jean Baptiste Clement / Rue de la Faisanderie";"48,91636000";"2,56955000"
"202300040229";"9";"12";"2023";"01:30";"4";"973";"97302";"2";"1";"1";"6";"GALMOT (AVENUE)";"4,93207047";" -52,32807255"
"202300040230";"7";"04";"2023";"10:40";"1";"72";"72181";"2";"1";"1";"4";"CUGNOT NICOLAS (BD)";"47,98438000";"0,22252000"
"202300040231";"7";"04";"2023";"06:30";"5";"72";"72181";"2";"6";"8";"3";"EDISON THOMAS (RUE)";"48,02500000";"0,17700000"
"202300040232";"2";"09";"2023";"17:00";"1";"93";"93047";"2";"2";"1";"6";"Avenue Emile Cossonneau / Avenue du Muguet";"48,89421000";"2,54942000"
"202300040233";"9";"12";"2023";"22:40";"3";"69";"69386";"2";"9";"1";"3";"Rue Juliette Récamier";"45,76788975";"4,85844597"
"202300040234";"2";"09";"2023";"17:50";"1";"92";"92078";"2";"1";"1";"3";"MARC SANGNIER (AVENUE)";"48,92907878";"2,32614756"
"202300040235";"6";"04";"2023";"14:20";"1";"72";"72181";"2";"6";"8";"3";"DELAGENIERE HENRY (RUE)";"48,01109900";"0,19913500"
"202300040236";"9";"12";"2023";"16:00";"2";"69";"69386";"2";"2";"2";"6";"Rue Bellecombe";"45,76517000";"4,86361000"
"202300040237";"9";"12";"2023";"21:04";"5";"69";"69389";"2";"1";"2";"6";"80 Avenue Sidoine Apollinaire";"45,76806000";"4,79773000"
"202300040238";"7";"04";"2023";"18:00";"1";"69";"69259";"2";"3";"1";"3";"Rue Saint Exupéry";"45,69869000";"4,89241000"
"202300040239";"2";"09";"2023";"00:45";"5";"92";"92078";"2";"1";"1";"4";"LONGUE BERTRANE (RUE)";"48,93056675";"2,32072592"
"202300040240";"2";"09";"2023";"21:52";"3";"92";"92033";"2";"1";"1";"6";"VERGERS";"48,84669283";"2,18137443"
"202300040241";"9";"12";"2023";"03:05";"5";"69";"69384";"2";"1";"5";"2";"20 Cours d'Herbouville";"45,77656000";"4,83971000"
"202300040242";"7";"04";"2023";"17:00";"1";"69";"69259";"2";"2";"1";"3";"Boulevard Marcel Sembat";"45,71774000";"4,88480000"
"202300040243";"2";"09";"2023";"15:48";"1";"92";"92064";"2";"1";"1";"3";"REPUBLIQUE";"48,85418864";"2,21213758"
"202300040244";"9";"12";"2023";"05:24";"3";"2B";"2B037";"1";"9";"3";"1";"TOUTES RUES";"42,61008000";"9,43767000"
"202300040245";"2";"09";"2023";"12:30";"1";"92";"92051";"2";"1";"1";"6";"CHEZY (RUE DE, N° 21 A 99)";"48,89006000";"2,27377000"
"202300040246";"7";"04";"2023";"08:30";"1";"69";"69029";"2";"3";"1";"3";"78 Avenue Camille Rousset";"45,73623000";"4,91369000"
"202300040247";"9";"12";"2023";"17:10";"5";"2B";"2B033";"1";"4";"9";"3";"ROUTE ROYALE";"42,68285882";"9,42202409"
"202300040248";"2";"09";"2023";"18:15";"2";"972";"97222";"1";"1";"1";"3";"Route du Port";"14,65415700";" -60,93056200"
"202300040249";"7";"04";"2023";"11:00";"1";"66";"66136";"2";"1";"1";"6";"N/A";"42,67678000";"2,89045000"
"202300040250";"6";"04";"2023";"14:37";"1";"66";"66136";"2";"1";"1";"6";"N/A";"42,68713000";"2,90601000"
"202300040251";"9";"12";"2023";"08:45";"1";"95";"95018";"2";"1";"3";"6";"GABRIEL PERI (AVENUE)";"48,94415000";"2,25099000"
"202300040252";"7";"04";"2023";"08:50";"1";"65";"65286";"2";"1";"1";"6";"Rue Martyrs de la Deportation";"43,09579900";" -0,03948500"
"202300040253";"2";"09";"2023";"19:40";"1";"62";"62706";"1";"2";"1";"3";"D947";"50,59935900";"2,75700000"
"202300040254";"9";"12";"2023";"20:00";"5";"91";"91421";"2";"1";"2";"2";"REPUBLIQUE (AVENUE DE LA)";"48,70731000";"2,45526000"
"202300040255";"3";"09";"2023";"09:50";"1";"71";"71118";"1";"1";"1";"2";"A6, PK 329+100, direction de LYON";"46,80321700";"4,82524000"