"Num_Acc";"jour";"mois";"an";"hrmn";"lum";"dep";"com";"agg";"int";"atm";"col";"adr";"lat";"long"
"202300040453";"1";"09";"2023";"13:13";"1";"91";"91570";"2";"1";"2";"4";"CONDORCET (AVENUE)";"48,62302000";"2,31602000"
"202300040454";"5";"04";"2023";"15:40";"1";"17";"17413";"2";"4";"1";"3";"intersection D113 - D203E5";"46,08026800";" -1,04937700"
"202300040455";"10";"12";"2023";"06:20";"2";"01";"01290";"1";"1";"1";"6";"A42 sens LYON/GENÈVE PK 022+800";"45,86401500";"5,14808200"
"202300040456";"7";"04";"2023";"07:35";"1";"76";"76238";"1";"1";"1";"6";"D489";"49,56987000";"0,23974700"
"202300040457";"1";"09";"2023";"12:00";"1";"91";"91479";"2";"1";"1";"3";"AV FRANCOIS MITTERRAND";"48,70790000";"2,37140000"
"202300040458";"8";"04";"2023";"16:00";"1";"42";"42003";"1";"1";"1";"6";"Route de Changy";"46,10801000";"3,90210900"
"202300040459";"26";"08";"2023";"22:50";"3";"84";"84080";"1";"1";"1";"2";"SARRIANS ROUTE DE";"44,04738000";"4,98204000"
"202300040460";"8";"12";"2023";"19:14";"3";"45";"45317";"1";"1";"8";"7";"A10 PR 124 + 3";"47,77535100";"1,58322200"
"202300040461";"1";"09";"2023";"13:00";"1";"83";"83098";"1";"1";"1";"1";"FOUX (CHEMIN DE LA)";"43,11357000";"6,03112000"
"202300040462";"15";"02";"2023";"18:20";"3";"68";"68343";"1";"1";"1";"1";"D44";"47,89032700";"7,32558500"
"202300040463";"10";"12";"2023";"21:00";"3";"988";"98827";"1";"1";"1";"7";"RT4";" -21,31000600";"165,00443500"
"202300040464";"9";"04";"2023";"10:55";"1";"60";"60176";"2";"1";"1";"3";"Avenue Gérard de Nerval";"49,23656351";"2,89422584"
"202300040465";"1";"09";"2023";"03:40";"5";"83";"83069";"2";"6";"1";"7";"ALMANARRE (ROUTE DE L')";"43,10149000";"6,13001000"
"202300040466";"10";"12";"2023";"06:15";"2";"971";"97129";"1";"1";"1";"6";"Lieu Dit Viard";"16,31221600";" -61,67948800"
"202300040467";"8";"04";"2023";"11:10";"1";"30";"30134";"1";"1";"1";"7";"D901";"44,28381500";"4,46109300"
"202300040468";"10";"12";"2023";"04:45";"3";"06";"06092";"2";"1";"1";"6";"Boulevard de la Vallée";"43,77014100";"7,36800700"
"202300040469";"1";"09";"2023";"14:35";"1";"78";"78498";"2";"1";"1";"6";"BERTEAUX MAURICE AVENUE";"48,93233000";"2,04109000"
"202300040470";"9";"04";"2023";"01:15";"3";"83";"83067";"1";"1";"1";"7";"Route du Luc";"43,33680600";"6,29629300"
"202300040471";"9";"04";"2023";"09:21";"1";"91";"91617";"2";"1";"1";"7";"Route de Corbeil";"48,63816900";"2,50524800"
"202300040472";"10";"12";"2023";"05:00";"3";"04";"04063";"1";"1";"2";"7";"D4096";"43,77106300";"5,76220000"
"202300040473";"1";"09";"2023";"18:00";"1";"77";"77374";"1";"1";"1";"2";"DEPARTEMENTALE 471 (ROUTE)";"48,81314000";"2,69276000"
"202300040474";"9";"04";"2023";"09:05";"1";"91";"91553";"2";"6";"1";"3";"Avenue Charles de Gaulle";"48,61810100";"2,49628900"
"202300040475";"9";"12";"2023";"00:00";"3";"21";"21609";"1";"1";"9";"6";"RD905";"47,20656700";"5,31624600"
"202300040476";"1";"09";"2023";"10:30";"1";"77";"77350";"2";"3";"2";"6";"RUE DE CHEVRY";"48,76240000";"2,67120000"
"202300040477";"9";"12";"2023";"13:50";"1";"68";"68185";"1";"1";"2";"7";"D1059";"48,27206800";"7,33234400"
"202300040478";"8";"04";"2023";"14:05";"1";"19";"19072";"2";"9";"1";"3";"avenue de la gare";"45,22844282";"1,51643515"
"202300040479";"1";"09";"2023";"08:45";"1";"72";"72181";"2";"9";"2";"2";"BOLLEE (AV) N° PAIRS 154 A 222";"47,99722000";"0,21671000"
"202300040480";"8";"12";"2023";"20:25";"3";"63";"63284";"1";"1";"1";"7";"avenue de Cournon";"45,78094446";"3,23697109"
"202300040481";"25";"08";"2023";"14:25";"1";"71";"71076";"2";"1";"1";"6";"MENAND (RUE EMILAND)";"46,78479000";"4,85430000"
"202300040482";"8";"04";"2023";"19:25";"1";"77";"77262";"1";"3";"1";"3";"D236";"48,58152303";"3,47403504"
"202300040483";"9";"12";"2023";"21:15";"3";"81";"81131";"1";"3";"2";"3";"Route de Cadalen";"43,88647003";"1,99304223"
"202300040484";"8";"04";"2023";"21:45";"3";"80";"80709";"1";"1";"1";"6";"Le Moulin Feret";"49,89797200";"1,82067700"
"202300040485";"31";"08";"2023";"16:00";"1";"69";"69259";"2";"2";"1";"3";"Boulevard Ambroise Croizat";"45,69695000";"4,88769000"
"202300040486";"9";"04";"2023";"12:00";"1";"82";"82035";"1";"1";"1";"6";"Route de Lavit";"44,01674500";"0,99494400"
"202300040487";"9";"12";"2023";"23:10";"5";"44";"44168";"2";"1";"8";"7";"Chaussée de Bais";"47,38136000";" -2,19284000"
"202300040488";"1";"09";"2023";"14:00";"1";"67";"67447";"2";"1";"1";"6";"SAINT CHARLES (RUE)";"48,60533000";"7,74206000"
"202300040489";"8";"12";"2023";"15:00";"1";"76";"76020";"1";"2";"8";"3";"D64";"49,45661400";"0,91172900"
"202300040490";"8";"04";"2023";"17:40";"1";"81";"81201";"1";"2";"1";"3";"RD53 - Lieu dit la Gayé";"44,11513600";"2,22069700"
"202300040491";"10";"12";"2023";"08:30";"1";"60";"60500";"1";"1";"8";"7";"D100";"49,11158000";"2,74478000"
"202300040492";"9";"04";"2023";"15:35";"1";"11";"11262";"1";"2";"1";"1";"N/A";"43,14091400";"2,89300900"
"202300040493";"31";"08";"2023";"19:30";"2";"67";"67482";"2";"3";"1";"3";"PRESIDENT WILSON (BOULEVARD)";"48,58805000";"7,73933000"
"202300040494";"6";"12";"2023";"05:05";"3";"57";"57463";"1";"1";"8";"2";"RN 431";"49,11450000";"6,23506000"
"202300040495";"8";"04";"2023";"12:00";"1";"71";"71422";"1";"1";"1";"6";"D49";"46,69972600";"4,76793200"
"202300040496";"30";"08";"2023";"17:05";"1";"64";"64335";"2";"6";"2";"7";"SANTOS-DUMONT";"43,32054000";" -0,42290000"
"202300040497";"9";"12";"2023";"14:00";"1";"94";"94034";"1";"1";"2";"2";"A86";"48,76020129";"2,32061692"
"202300040498";"1";"09";"2023";"22:27";"5";"64";"64122";"2";"1";"1";"1";"MARNE (AVENUE DE LA)";"43,48202000";" -1,54347000"
"202300040499";"9";"04";"2023";"16:45";"1";"71";"71144";"1";"2";"1";"2";"D4";"47,05546600";"4,33538700"
"202300040500";"9";"12";"2023";"14:00";"1";"94";"94034";"1";"1";"2";"2";"A86";"48,76020129";"2,32061692"
"202300040501";"8";"04";"2023";"19:00";"1";"63";"63346";"1";"1";"1";"7";"Chemin de Laspialade";"45,43288300";"2,69336700"
"202300040502";"1";"09";"2023";"09:54";"1";"64";"64024";"2";"6";"1";"2";"BUTTE AUX CAILLES (ROND POINT DE LA)";"43,49671000";" -1,50912000"
"202300040503";"9";"12";"2023";"09:58";"1";"93";"93006";"1";"1";"3";"7";"AUTOROUTE A3";"48,86994000";"2,43016000"
"202300040504";"9";"12";"2023";"10:30";"1";"95";"95306";"1";"1";"2";"6";"A15";"48,99916000";"2,17631000"
"202300040505";"5";"04";"2023";"13:00";"1";"42";"42208";"1";"1";"1";"2";"Chemin de Maison Neuve";"45,51942500";"4,47455800"
"202300040506";"31";"08";"2023";"19:30";"2";"64";"64102";"2";"1";"1";"6";"SOULT (AVENUE MARECHAL)";"43,48368000";" -1,50100000"
"202300040507";"9";"12";"2023";"01:05";"3";"95";"95572";"1";"1";"1";"6";"N184";"49,03420710";"2,11254470"
"202300040508";"9";"10";"2023";"07:07";"2";"87";"87085";"2";"1";"1";"7";"VAUCANSON (RUE DE)";"45,85125000";"1,24211000"
"202300040509";"1";"09";"2023";"08:46";"1";"62";"62065";"2";"1";"1";"1";"Rue Voltaire";"50,42098000";"2,84295000"
"202300040510";"9";"04";"2023";"06:55";"2";"68";"68291";"1";"1";"1";"6";"D468";"47,86081500";"7,51984100"
"202300040511";"9";"10";"2023";"11:07";"1";"87";"87048";"1";"2";"1";"3";"MONTAIGNE (RUE)";"45,79858000";"1,24764000"
"202300040512";"8";"04";"2023";"17:25";"1";"25";"25212";"2";"1";"1";"6";"rue de Chatillon Le Duc";"47,28100900";"5,99219400"
"202300040513";"1";"09";"2023";"21:20";"5";"59";"59599";"2";"9";"1";"2";"Chaussée Marcelin Berthelot";"50,72636000";"3,18265000"
"202300040514";"5";"04";"2023";"20:00";"2";"44";"44013";"1";"1";"1";"1";"2 La Pierre";"47,37711700";" -2,06470500"
"202300040515";"4";"10";"2023";"16:50";"1";"78";"78383";"2";"6";"1";"6";"NORMANDIE (AVENUE DE)";"48,76615900";"1,94023700"
"202300040516";"2";"09";"2023";"00:55";"5";"59";"59350";"2";"1";"1";"3";"FAUBOURG D'ARRAS RUE";"50,61314000";"3,06202000"
"202300040517";"8";"04";"2023";"09:35";"1";"35";"35099";"2";"3";"7";"6";"Rue du Calvaire";"48,06236522";" -1,52296498"
"202300040518";"9";"10";"2023";"16:15";"1";"72";"72181";"1";"9";"1";"3";"LIBERTE (AV DE LA)";"47,97202000";"0,23938000"
"202300040519";"1";"09";"2023";"13:50";"1";"59";"59350";"2";"2";"1";"6";"NATIONALE RUE N°RESTE PAIRS";"50,63673000";"3,06183000"
"202300040520";"9";"04";"2023";"14:30";"1";"84";"84005";"1";"1";"1";"1";"D164";"44,14425700";"5,33936400"
"202300040521";"9";"10";"2023";"08:50";"1";"60";"60159";"2";"1";"1";"6";"Rue de Clamart";"49,41055000";"2,82333000"
"202300040522";"1";"09";"2023";"11:50";"1";"59";"59350";"2";"3";"2";"6";"SANS PEUR RUE JEAN N° RESTE";"50,63195000";"3,05759000"
"202300040523";"7";"04";"2023";"21:00";"4";"58";"58218";"2";"1";"1";"6";"Rue de Lurcy";"47,17301500";"3,33178600"
"202300040524";"9";"10";"2023";"15:40";"1";"49";"49007";"2";"3";"1";"3";"AYRAULT";"47,47585000";" -0,55036000"
"202300040525";"8";"04";"2023";"15:30";"1";"66";"66024";"2";"1";"1";"6";"Chemin du moli nou 66160";"42,52597400";"2,84179000"
"202300040526";"9";"10";"2023";"10:35";"1";"49";"49007";"2";"1";"1";"6";"LETANDUERE";"47,45407000";" -0,55352000"
"202300040527";"8";"04";"2023";"17:30";"1";"50";"50158";"1";"1";"1";"7";"Cuves";"48,72728700";" -1,10342300"
"202300040528";"1";"09";"2023";"08:36";"1";"56";"56162";"1";"6";"2";"3";"Giratoire de Kerscouët";"47,70968000";" -3,43870000"
"202300040529";"9";"04";"2023";"11:00";"1";"50";"50239";"1";"1";"1";"6";"RD 900,";"49,11834900";" -1,15321600"
"202300040530";"24";"07";"2023";"00:43";"5";"13";"13026";"1";"3";"1";"1";"FARREN (route de)";"43,38681000";"5,19275000"
"202300040531";"31";"08";"2023";"18:25";"1";"56";"56121";"2";"6";"2";"3";"DORDELIN (RUE DE L AMIRAL ALAIN )";"47,73289000";" -3,37252000"
"202300040532";"9";"04";"2023";"18:25";"1";"64";"64270";"2";"3";"1";"1";"D35";"43,14670300";" -0,23649700"
"202300040533";"2";"09";"2023";"18:55";"1";"13";"13077";"1";"1";"1";"1";"D 50";"43,43371000";"5,00999000"
"202300040534";"9";"04";"2023";"19:00";"1";"10";"10323";"2";"1";"1";"3";"Bd Maximilien de Robespierre";"48,51217400";"3,71956100"
"202300040535";"31";"08";"2023";"12:40";"1";"56";"56107";"2";"4";"2";"2";"KERPAPE (RUE DE)";"47,71962000";" -3,40901000"
"202300040536";"1";"09";"2023";"17:30";"1";"54";"54197";"1";"1";"1";"1";"Rue Victor Grignard";"48,61790045";"6,20251715"
"202300040537";"16";"06";"2023";"16:55";"1";"92";"92063";"2";"3";"1";"6";"DIDEROT (RUE)";"48,87552210";"2,19410419"
"202300040538";"8";"04";"2023";"16:25";"1";"24";"24471";"1";"1";"1";"1";"Allée des Tourelles";"44,89298700";"1,25999500"
"202300040539";"31";"08";"2023";"04:45";"5";"54";"54547";"2";"1";"8";"6";"Avenue de Bourgogne";"48,64855242";"6,14446342"
"202300040540";"9";"04";"2023";"20:16";"2";"24";"24354";"2";"1";"1";"6";"Avenue du Périgord";"45,15312500";"0,00813200"
"202300040541";"1";"09";"2023";"18:45";"1";"51";"51454";"2";"6";"1";"3";"BRIAND (PLACE ARISTIDE)";"49,25763000";"4,03948000"
"202300040542";"15";"06";"2023";"11:45";"1";"92";"92063";"2";"1";"1";"3";"EMPEREUR (ROUTE DE L') EST";"48,86338258";"2,18180627"
"202300040543";"1";"09";"2023";"12:28";"1";"51";"51454";"2";"1";"1";"3";"DIEU LUMIERE (BOULEVARD) COTE IMPAIR";"49,23999000";"4,03785000"
"202300040544";"8";"04";"2023";"22:10";"3";"27";"27109";"1";"1";"1";"3";"RD 133 PK 23";"49,10964100";"0,83912400"
"202300040545";"10";"06";"2023";"02:00";"5";"92";"92063";"2";"1";"1";"7";"FORT (RUE DU)";"48,87834926";"2,18791276"
"202300040546";"30";"08";"2023";"21:00";"5";"51";"51172";"2";"6";"1";"3";"ALSACE LORRAINE (BOULEVARD)";"49,21633000";"4,05066000"
"202300040547";"8";"12";"2023";"17:10";"1";"974";"97411";"2";"1";"1";"6";"VICTOIRE (AVENUE DE LA)";" -20,87616000";"55,44772000"
"202300040548";"31";"08";"2023";"14:40";"1";"51";"51454";"2";"1";"2";"3";"MAGELLAN (RUE)";"49,22481000";"4,03220000"
"202300040549";"1";"09";"2023";"13:58";"1";"51";"51230";"2";"2";"8";"6";"HOPITAL AUBAN MOET";"49,03883300";"3,95408400"
"202300040550";"1";"09";"2023";"17:17";"1";"49";"49007";"2";"1";"1";"7";"MOULIN PONT ET PLACE";"47,48919000";" -0,54613000"
"202300040551";"31";"08";"2023";"11:54";"1";"49";"49007";"2";"1";"1";"2";"JUIN PLACE ET RUE";"47,44616000";" -0,56984000"
"202300040552";"31";"08";"2023";"11:05";"1";"49";"49246";"2";"6";"1";"3";"GALLIENI AVENUE";"47,43709000";" -0,51430000"
"202300040553";"7";"12";"2023";"21:20";"5";"973";"97302";"2";"1";"1";"3";"MONTABO (ROUTE DE) 2";"4,94400000";" -52,30891000"
"202300040554";"28";"08";"2023";"12:30";"1";"44";"44184";"2";"6";"1";"3";"92 Rue Henri Gautier";"47,28204000";" -2,20395000"
"202300040555";"1";"09";"2023";"08:15";"1";"43";"43046";"2";"3";"1";"3";"CHAMPS-ELYSEES (AVENUE DES)";"45,05145600";"3,89658000"
"202300040556";"31";"08";"2023";"14:10";"1";"43";"43002";"2";"3";"1";"7";"14 Chemin de Jalavoux";"45,05396000";"3,88856000"
"202300040557";"8";"12";"2023";"07:40";"5";"69";"69383";"2";"3";"2";"3";"Rue André Philip";"45,75355000";"4,85195000"
"202300040558";"1";"09";"2023";"10:20";"1";"34";"34003";"2";"1";"1";"6";"Boulevard du Soleil";"43,30410000";"3,48410000"
"202300040559";"1";"09";"2023";"19:40";"1";"33";"33039";"2";"1";"1";"3";"Rue Rachelle Guitton";"44,79355000";" -0,53660000"
"202300040560";"7";"12";"2023";"15:10";"1";"972";"97213";"1";"1";"2";"3";"Z I LA JAMBETTE";"14,61663000";" -61,03335000"
"202300040561";"1";"09";"2023";"19:05";"1";"33";"33063";"2";"1";"1";"3";"Quai des Chartrons";"44,85225101";" -0,56805164"
"202300040562";"2";"09";"2023";"01:10";"5";"29";"29232";"2";"1";"1";"6";"Boulevard Gutenberg";"47,98020542";" -4,08071553"
"202300040563";"1";"09";"2023";"09:15";"1";"28";"28404";"1";"1";"2";"3";"RN 154";"48,71628000";"1,37429000"
"202300040564";"8";"12";"2023";"07:30";"2";"69";"69034";"2";"1";"2";"6";"24 Chemin de Crépieux";"45,80081000";"4,85186000"
"202300040565";"1";"09";"2023";"15:10";"1";"25";"25462";"2";"1";"1";"1";"CHARDONNET (COMTE DE)";"46,91121000";"6,35383000"
"202300040566";"1";"09";"2023";"09:36";"1";"22";"22278";"2";"1";"8";"2";"GOUEDIC (DE)";"48,50962000";" -2,75478000"
"202300040567";"8";"12";"2023";"11:38";"1";"2B";"2B120";"1";"1";"2";"3";"N/A";"42,66420000";"9,43602000"
"202300040568";"8";"12";"2023";"12:50";"1";"2B";"2B033";"1";"1";"2";"1";"TOUTES RUES";"42,67744000";"9,44460000"
"202300040569";"8";"12";"2023";"07:20";"1";"971";"97120";"1";"3";"8";"3";"Amitié des peuples";"16,24577000";" -61,54275000"
"202300040570";"10";"10";"2023";"18:30";"2";"95";"95428";"2";"3";"1";"3";"REPUBLIQUE (RUE DE LA)";"48,97832000";"2,30844000"
"202300040571";"8";"12";"2023";"08:34";"1";"95";"95018";"2";"1";"2";"6";"MAURICE BERTEAUX (BOULEVARD)";"48,94852000";"2,25422000"
"202300040572";"8";"12";"2023";"19:10";"3";"91";"91103";"1";"1";"1";"2";"DEVI DU CD 19";"48,59150000";"2,30920000"
"202300040573";"8";"12";"2023";"17:25";"5";"91";"91477";"2";"1";"1";"1";"MAURICE BERTEAUX (RUE)";"48,71861600";"2,24187500"
"202300040574";"8";"12";"2023";"08:20";"2";"91";"91114";"2";"1";"8";"6";"RUE DU PONT PERRONET";"48,69588000";"2,50297000"
"202300040575";"5";"10";"2023";"00:10";"3";"54";"54213";"2";"1";"1";"6";"Grande Rue";"49,14792410";"5,84460854"
"202300040576";"6";"12";"2023";"21:35";"5";"87";"87085";"2";"2";"1";"5";"BORIE (BOULEVARD DE LA)";"45,83457000";"1,22606000"
"202300040577";"6";"12";"2023";"17:42";"5";"87";"87050";"2";"1";"1";"6";"PASCAUD (RUE DU DOCTEUR)";"45,87968000";"1,23819000"
"202300040578";"5";"10";"2023";"09:15";"1";"51";"51549";"1";"1";"1";"1";"D994";"48,96359600";"4,69839300"
"202300040579";"8";"12";"2023";"14:15";"1";"86";"86194";"2";"1";"1";"6";"Avenue John Kennedy";"46,58700700";"0,36520700"
"202300040580";"5";"10";"2023";"08:15";"1";"19";"19013";"1";"1";"1";"1";"Départementale 1089";"45,20134400";"1,66069100"
"202300040581";"7";"12";"2023";"18:15";"3";"86";"86194";"2";"4";"2";"6";"Avenue de la Libération";"46,56400800";"0,31748000"
"202300040582";"3";"10";"2023";"11:58";"1";"56";"56200";"1";"1";"1";"7";"Le Chene David";"47,83058000";" -2,31135600"
"202300040583";"5";"10";"2023";"12:35";"1";"76";"76312";"1";"1";"1";"7";"D916";"49,49263300";"1,71923200"
"202300040584";"8";"12";"2023";"23:10";"3";"85";"85191";"1";"1";"1";"2";"RD763";"46,69214000";" -1,42990000"
"202300040585";"5";"10";"2023";"10:50";"1";"79";"79130";"1";"1";"1";"7";"N/A";"46,27035500";" -0,52792300"
"202300040586";"8";"12";"2023";"18:55";"5";"84";"84007";"2";"1";"8";"4";"MAGNANARELLES (Avenue des)-MONTFAVET";"43,92482000";"4,87719000"
"202300040587";"3";"10";"2023";"18:00";"1";"65";"65129";"1";"1";"1";"7";"D632";"43,29409100";"0,50144400"
"202300040588";"8";"12";"2023";"19:00";"3";"30";"30011";"2";"1";"1";"6";"TAVEL AVENUE DE";"43,96058000";"4,74943000"
"202300040589";"4";"10";"2023";"18:20";"1";"33";"33036";"2";"1";"1";"3";"Avenue de la République";"44,43256200";" -0,22019900"
"202300040590";"5";"10";"2023";"15:20";"1";"81";"81276";"1";"1";"1";"6";"Route de Rabastens";"43,89774600";"1,69767700"
"202300040591";"7";"12";"2023";"20:14";"5";"84";"84007";"2";"6";"1";"3";"FONTCOUVERTE(Avenue de)";"43,93556000";"4,84833000"
"202300040592";"2";"10";"2023";"20:15";"2";"11";"11184";"1";"1";"1";"7";"55 Chemin de Jeanéry";"43,15268700";"1,88549600"
"202300040593";"11";"10";"2023";"07:00";"3";"82";"82033";"1";"1";"1";"1";"MONTAUBAN D 958 (ROUTE DE)";"44,03405000";"1,17314000"
"202300040594";"8";"12";"2023";"18:00";"3";"81";"81004";"1";"1";"1";"2";"ROCADE RN88 NORD";"43,94166000";"2,16884000"
"202300040595";"5";"10";"2023";"07:15";"2";"71";"71184";"1";"1";"1";"5";"D681";"46,99890000";"4,31904300"
"202300040596";"4";"10";"2023";"14:10";"1";"49";"49292";"2";"1";"1";"6";"D125";"47,30386900";" -0,62632800"
"202300040597";"8";"12";"2023";"13:30";"1";"79";"79191";"2";"2";"1";"3";"N/A";"46,32737000";" -0,45487000"
"202300040598";"3";"10";"2023";"17:10";"1";"22";"22152";"1";"6";"1";"3";"Pont Losquet";"48,76050909";" -3,29320818"
"202300040599";"7";"12";"2023";"19:05";"2";"77";"77114";"1";"1";"1";"4";"MARSAUDIERE (DOMAINE)";"48,74226900";"2,70137400"
"202300040600";"1";"10";"2023";"16:20";"1";"25";"25157";"1";"1";"1";"7";"Les Huets";"46,87124500";"6,40558700"
"202300040601";"4";"10";"2023";"13:45";"1";"25";"25360";"1";"1";"2";"1";"D67";"47,14070900";"6,11309800"
"202300040602";"8";"12";"2023";"18:15";"3";"76";"76391";"1";"1";"1";"4";"D438";"49,32367000";"0,90544000"
"202300040603";"5";"10";"2023";"17:08";"2";"15";"15265";"2";"1";"7";"2";"D922 ";"45,34532100";"2,43721600"
"202300040604";"7";"12";"2023";"17:40";"5";"76";"76351";"2";"1";"3";"6";"GRAVILLE (BD DE)";"49,48699000";"0,14952000"
"202300040605";"5";"10";"2023";"19:35";"2";"01";"01320";"2";"1";"1";"3";"Route du Creux";"46,30777100";"4,87203200"
"202300040606";"7";"12";"2023";"18:50";"5";"76";"76351";"2";"2";"3";"6";"WINSTON CHURCHILL";"49,49418000";"0,13826000"
"202300040607";"7";"12";"2023";"17:00";"5";"76";"76351";"2";"2";"3";"3";"EMILE ZOLA";"49,48860000";"0,10684000"
"202300040608";"4";"10";"2023";"17:35";"1";"54";"54060";"2";"1";"1";"3";"Rue de Millery";"48,81262193";"6,11569405"
"202300040609";"7";"12";"2023";"18:30";"3";"76";"76296";"1";"4";"3";"4";"LIBERATION (RUE DE LA )";"49,51588000";"0,23851000"
"202300040610";"4";"10";"2023";"15:15";"1";"72";"72146";"1";"1";"1";"2";"La Guérandière";"47,87441100";"0,11682600"
"202300040611";"8";"12";"2023";"11:40";"1";"74";"74281";"2";"1";"1";"5";"VERSOIE (ROUTE DE LA)";"46,35100000";"6,46570000"
"202300040612";"7";"09";"2023";"18:31";"1";"60";"60245";"2";"4";"1";"6";"Rue du Maréchal Joffre";"49,65175100";"1,72887700"
"202300040613";"8";"12";"2023";"17:40";"5";"72";"72181";"2";"9";"8";"6";"FRESNAYE ROGER DE LA (RUE)";"47,97536000";"0,21637000"
"202300040614";"5";"10";"2023";"07:25";"2";"64";"64010";"2";"6";"5";"7";"D933";"43,32585700";" -1,02356300"
"202300040615";"8";"12";"2023";"07:35";"2";"72";"72181";"2";"9";"2";"6";"MAC JEAN (AV) N° IMP 107 ET plus";"47,97904000";"0,22553000"
"202300040616";"5";"10";"2023";"15:00";"1";"73";"73007";"1";"6";"1";"7";"Rond-Point A43 - D925";"45,55727300";"6,25246500"
"202300040617";"7";"12";"2023";"11:45";"1";"72";"72181";"2";"9";"2";"5";"BROSSOLETTE PIERRE (BD) N° IMP";"47,97830000";"0,20661000"
"202300040618";"5";"10";"2023";"15:50";"1";"53";"53115";"1";"3";"1";"1";"D33";"48,41570100";" -0,83921000"
"202300040619";"4";"10";"2023";"23:45";"3";"27";"27169";"1";"1";"1";"6";"CD 312 hameau le DOUY";"49,41351400";"0,40574300"
"202300040620";"8";"12";"2023";"22:40";"5";"69";"69276";"2";"1";"2";"5";"Route Départementale 312";"45,67838000";"4,85046000"
"202300040621";"4";"10";"2023";"22:00";"3";"38";"38431";"1";"1";"1";"7";"A41s - PK 007.890";"45,24313000";"5,85823400"
"202300040622";"8";"12";"2023";"07:47";"4";"69";"69199";"2";"2";"2";"6";"Avenue Gabriel Péri";"45,70828000";"4,85525000"
"202300040623";"5";"10";"2023";"06:50";"2";"27";"27577";"1";"1";"1";"1";"A131";"49,42523900";"0,55708400"
"202300040624";"4";"10";"2023";"15:00";"1";"987";"98733";"2";"1";"1";"3";"PK 19.800 RT1";" -17,67332200";" -149,59062700"
"202300040625";"7";"12";"2023";"18:25";"5";"69";"69259";"2";"3";"1";"1";"Rue Germaine Tillion";"45,70469000";"4,87355000"
"202300040626";"30";"09";"2023";"06:30";"3";"78";"78470";"1";"1";"1";"6";"Rue de la Drouette";"48,58080900";"1,78171600"
"202300040627";"7";"12";"2023";"05:30";"5";"69";"69199";"2";"1";"8";"1";"Boulevard Yves Farge";"45,70226000";"4,85554000"
"202300040628";"9";"12";"2023";"00:50";"4";"67";"67365";"1";"1";"5";"6";"MICHAEL FARADAY (RUE)";"48,53854000";"7,69378000"
"202300040629";"5";"10";"2023";"12:00";"1";"84";"84092";"2";"4";"1";"7";"Route de Saint Saturnin";"43,95226300";"4,86374600"
"202300040630";"8";"12";"2023";"12:00";"1";"67";"67482";"2";"1";"1";"3";"CHARLES PEGUY (RUE)";"48,58747000";"7,69977000"
"202300040631";"4";"10";"2023";"11:38";"1";"06";"06101";"1";"1";"1";"3";"D28";"43,99465700";"6,99031000"
"202300040632";"1";"10";"2023";"13:45";"1";"67";"67511";"1";"1";"1";"7";"D72";"48,88379200";"7,77599800"
"202300040633";"8";"12";"2023";"06:00";"5";"67";"67482";"2";"3";"2";"6";"OSTWALD (RUE D )";"48,56259000";"7,71048000"
"202300040634";"4";"10";"2023";"16:10";"1";"63";"63263";"1";"4";"1";"3";"d941 / D768";"45,78208900";"3,03873400"
"202300040635";"8";"12";"2023";"09:13";"1";"65";"65440";"2";"2";"2";"6";"Rue Théophile Gautier";"43,23418382";"0,07559654"
"202300040636";"7";"12";"2023";"17:00";"5";"64";"64024";"2";"1";"2";"7";"LAMOULY (ROUTE DE)";"43,49661000";" -1,50500000"
"202300040637";"4";"10";"2023";"21:00";"5";"73";"73213";"1";"1";"1";"6";"D201";"45,54648366";"5,95710683"
"202300040638";"4";"12";"2023";"14:45";"1";"62";"62902";"2";"2";"2";"3";"D928";"50,70969000";"2,23095000"
"202300040639";"5";"12";"2023";"20:20";"3";"60";"60159";"2";"1";"2";"6";"Rue de Noyon";"49,42280000";"2,82319000"
"202300040640";"4";"10";"2023";"17:45";"1";"44";"44201";"1";"1";"1";"1";"N/A";"47,34053100";" -1,55939900"
"202300040641";"8";"12";"2023";"06:55";"2";"54";"54547";"1";"1";"2";"6";"RM 674";"48,67045700";"6,19257500"
"202300040642";"2";"10";"2023";"18:50";"1";"01";"01043";"2";"6";"1";"2";"D1084a";"45,82122600";"4,99054500"
"202300040643";"8";"12";"2023";"08:25";"1";"51";"51454";"2";"2";"1";"1";"NICE (RUE DE)";"49,25729000";"4,06309000"
"202300040644";"8";"12";"2023";"18:25";"5";"49";"49007";"2";"1";"2";"6";"PASTEUR AVENUE";"47,47497000";" -0,53538000"
"202300040645";"8";"12";"2023";"20:10";"4";"49";"49007";"2";"1";"2";"2";"PYRAMIDE ROUTE";"47,45255000";" -0,52374000"
"202300040646";"4";"10";"2023";"12:20";"1";"81";"81099";"1";"2";"1";"3";"D18";"43,92725500";"1,91504400"
"202300040647";"7";"12";"2023";"08:20";"2";"49";"49007";"2";"7";"3";"3";"BICHON PLACE";"47,47820000";" -0,56514000"
"202300040648";"5";"10";"2023";"08:45";"1";"46";"46175";"1";"1";"7";"2";"Lieu Dit Causse de Saint Denis";"44,61605329";"2,00107813"
"202300040649";"7";"12";"2023";"08:30";"2";"49";"49007";"2";"7";"2";"3";"VISITATION PLACE";"47,46676000";" -0,55673000"
"202300040650";"4";"10";"2023";"16:20";"1";"31";"31004";"1";"6";"1";"2";"D813";"43,45098700";"1,59065700"
"202300040651";"6";"12";"2023";"18:24";"1";"49";"49267";"1";"1";"2";"7";"HAUT BOIS";"47,46529000";" -0,46917000"