"Num_Acc";"jour";"mois";"an";"hrmn";"lum";"dep";"com";"agg";"int";"atm";"col";"adr";"lat";"long"
"202300041044";"10";"01";"2023";"08:25";"2";"49";"49007";"2";"1";"2";"7";"SIMON";"47,44677000";" -0,57231000"
"202300041045";"23";"07";"2023";"03:10";"4";"62";"62731";"1";"1";"1";"2";"A2";"50,07856000";"3,02433100"
"202300041046";"11";"01";"2023";"21:10";"5";"45";"45208";"2";"2";"1";"3";"50 Rue Ernest Malâtre";"47,99567700";"2,72046700"
"202300041047";"11";"01";"2023";"10:40";"1";"37";"37122";"2";"1";"1";"6";"MARTYRS (RUE DES)";"47,35022000";"0,66515000"
"202300041048";"23";"07";"2023";"21:45";"3";"83";"83063";"1";"1";"1";"1";"2757 Route de Grimaud";"43,30151200";"6,48129400"
"202300041049";"10";"01";"2023";"20:15";"5";"37";"37261";"2";"2";"8";"3";"TASTE (RUE MAURICE DE)";"47,41202000";"0,70573000"
"202300041050";"22";"07";"2023";"15:55";"1";"13";"13092";"1";"1";"1";"1";"Rd 10";"43,53860900";"5,04502100"
"202300041051";"17";"06";"2023";"20:35";"1";"13";"13041";"2";"1";"1";"7";"Avenue Léo Lagrange";"43,45670100";"5,47713800"
"202300041052";"11";"01";"2023";"08:20";"1";"31";"31555";"2";"1";"1";"3";"CHE DE LANUSSE";"43,63486100";"1,45581900"
"202300041053";"11";"01";"2023";"10:00";"1";"29";"29019";"2";"1";"1";"2";"rue Amiral Troude";"48,38633000";" -4,47974110"
"202300041054";"25";"07";"2023";"02:30";"3";"89";"89298";"1";"1";"1";"1";"A6";"48,05405300";"3,10084800"
"202300041055";"10";"01";"2023";"08:40";"1";"29";"29019";"2";"2";"2";"3";"rue Théodore Botrel";"48,40707000";" -4,50164000"
"202300041056";"24";"07";"2023";"18:03";"1";"88";"88387";"1";"2";"1";"3";"RD3";"48,35268400";"5,85476900"
"202300041057";"10";"01";"2023";"08:35";"1";"29";"29019";"2";"1";"2";"4";"boulevard de l'Europe";"48,40966000";" -4,51690000"
"202300041058";"25";"07";"2023";"08:50";"1";"69";"69009";"2";"1";"1";"3";"485 Avenue de Lossburg";"45,94588300";"4,71708700"
"202300041059";"10";"01";"2023";"17:30";"5";"28";"28134";"2";"3";"2";"6";"PASTEUR (BOULEVARD)";"48,73355000";"1,37427000"
"202300041060";"25";"07";"2023";"07:55";"1";"17";"17307";"1";"1";"1";"3";"D136";"45,69497000";" -0,90864700"
"202300041061";"25";"07";"2023";"18:00";"2";"16";"16280";"1";"1";"1";"2";"D6";"45,76861600";"0,36281700"
"202300041062";"11";"01";"2023";"11:10";"1";"22";"22278";"2";"1";"1";"6";"PROMENADES (ET ALL. DES)";"48,51336295";" -2,75817856"
"202300041063";"23";"07";"2023";"17:25";"1";"57";"57124";"1";"1";"8";"7";"D64";"49,42734983";"6,26841000"
"202300041064";"25";"07";"2023";"14:30";"1";"80";"80383";"1";"1";"1";"7";"Rue Barroyée";"49,72280800";"2,78913300"
"202300041065";"10";"01";"2023";"17:54";"5";"22";"22278";"2";"2";"2";"1";"CARNOT (BD)";"48,50628000";" -2,76582000"
"202300041066";"23";"07";"2023";"20:45";"1";"13";"13215";"1";"1";"1";"6";"A7-Sens Lyon vers Marseille";"43,37781000";"5,35587000"
"202300041067";"11";"01";"2023";"10:04";"1";"17";"17300";"2";"7";"1";"1";"NOUE   RUE DE LA";"46,16143800";" -1,15539600"
"202300041068";"15";"07";"2023";"13:45";"1";"69";"69081";"1";"1";"1";"2";"Route de Métropole 6 ";"45,77461673";"4,78457976"
"202300041069";"11";"01";"2023";"14:20";"1";"14";"14536";"1";"1";"2";"3";"D579";"49,40507300";"0,25256600"
"202300041070";"21";"07";"2023";"19:15";"1";"54";"54571";"1";"1";"1";"4";"Autoroute A 33";"48,61842500";"6,24214900"
"202300041071";"11";"01";"2023";"12:30";"1";"13";"13043";"2";"1";"1";"1";"JOLIOT-CURIE (AV )";"43,39306536";"5,23172081"
"202300041072";"11";"01";"2023";"08:30";"1";"13";"13210";"2";"1";"1";"6";"ELIE WIESEL (BD)";"43,27162045";"5,42236230"
"202300041073";"17";"07";"2023";"10:50";"1";"62";"62427";"1";"1";"1";"4";" A21";"50,43208680";"2,94963781"
"202300041074";"11";"01";"2023";"07:35";"2";"13";"13216";"2";"9";"1";"3";"ANTOINE SARTORIO (ROND POINT)";"43,36202000";"5,34484000"
"202300041075";"24";"07";"2023";"21:00";"2";"92";"92002";"1";"1";"1";"2";"RN 385 Extèrieure";"48,76284698";"2,30411982"
"202300041076";"11";"01";"2023";"07:50";"2";"08";"08105";"2";"1";"1";"6";"42 Boulevard Gambetta";"49,77190700";"4,71333900"
"202300041077";"24";"07";"2023";"18:10";"1";"91";"91345";"1";"1";"2";"3";"AUTOROUTE A6";"48,68866000";"2,32466800"
"202300041078";"10";"01";"2023";"14:15";"1";"06";"06029";"2";"1";"1";"3";"GRASSE (AVENUE DE)";"43,55610700";"7,00769500"
"202300041079";"24";"07";"2023";"08:08";"1";"91";"91477";"1";"1";"1";"1";"AUTOROUTE A126";"48,72471000";"2,24309000"
"202300041080";"12";"01";"2023";"18:00";"1";"75";"75112";"2";"1";"1";"3";"PORTE DOREE";"48,84046000";"2,41369600"
"202300041081";"24";"07";"2023";"18:30";"1";"92";"92025";"1";"1";"2";"3";"A86";"48,91898869";"2,22378867"
"202300041082";"12";"01";"2023";"19:30";"5";"75";"75116";"2";"1";"1";"3";"ALLEE DE LONGCHAMP";"48,87580300";"2,27352300"
"202300041083";"20";"07";"2023";"15:28";"1";"78";"78158";"1";"1";"1";"6";"A13";"48,84104300";"2,10963300"
"202300041084";"12";"01";"2023";"10:00";"1";"75";"75116";"2";"1";"2";"3";"AVENUE KLEBER";"48,86402100";"2,28811700"
"202300041085";"24";"07";"2023";"01:50";"3";"92";"92063";"1";"1";"1";"6";"A86";"48,88653915";"2,16571926"
"202300041086";"12";"01";"2023";"12:30";"1";"75";"75115";"2";"2";"1";"2";"BOULEVARD DE GRENELLE";"48,85008100";"2,29523000"
"202300041087";"23";"07";"2023";"06:55";"1";"92";"92050";"1";"1";"1";"7";"A14";"48,89648239";"2,22334855"
"202300041088";"12";"01";"2023";"08:40";"1";"75";"75115";"2";"2";"1";"2";"RUE DES ENTREPRENEURS";"48,84655300";"2,28611300"
"202300041089";"24";"07";"2023";"07:10";"1";"93";"93051";"1";"1";"8";"3";"A4";"48,83515238";"2,57609455"
"202300041090";"12";"01";"2023";"18:08";"1";"75";"75112";"2";"4";"1";"5";"BOULEVARD PERIPHERIQUE INTERIEUR SUD";"48,82786394";"2,38874853"
"202300041091";"24";"07";"2023";"06:50";"1";"77";"77249";"1";"1";"2";"2";"RN104";"48,75760600";"2,61558400"
"202300041092";"23";"07";"2023";"23:00";"3";"94";"94069";"1";"1";"1";"7";"A4";"48,81737044";"2,42861395"
"202300041093";"12";"01";"2023";"11:00";"1";"75";"75112";"2";"3";"2";"3";"RUE DU FAUBOURG SAINT ANTOINE";"48,85061900";"2,37877100"
"202300041094";"22";"05";"2023";"17:30";"1";"74";"74012";"2";"1";"1";"6";"Rue du chablais";"46,19565000";"6,23649800"
"202300041095";"12";"01";"2023";"15:20";"1";"75";"75111";"2";"2";"1";"3";"PLACE DE LA NATION";"48,84828300";"2,39753500"
"202300041096";"4";"05";"2023";"17:00";"1";"74";"74010";"1";"1";"1";"2";"A41";"45,87543073";"6,06986289"
"202300041097";"12";"01";"2023";"11:00";"1";"75";"75111";"2";"2";"2";"6";"AVENUE DE LA REPUBLIQUE";"48,86617200";"2,36972100"
"202300041098";"2";"05";"2023";"09:15";"1";"74";"74010";"2";"9";"1";"3";"201 Avenue d'aix-les-bains";"45,88127800";"6,09522000"
"202300041099";"12";"04";"2023";"10:50";"1";"74";"74010";"2";"1";"1";"6";"25 chemin de la croix rouge";"45,89478900";"6,11773700"
"202300041100";"12";"01";"2023";"00:50";"5";"75";"75110";"2";"2";"1";"2";"RUE DU FAUBOURG SAINT MARTIN";"48,88110500";"2,36516900"
"202300041101";"10";"04";"2023";"20:00";"2";"74";"74220";"2";"6";"1";"6";"659 Grande rue";"46,13317200";"6,26796800"
"202300041102";"12";"01";"2023";"18:35";"5";"94";"94073";"2";"3";"2";"6";"Av du Mal de Lattre de Tassigny / Impassa Rosa Parks";"48,75178000";"2,40585000"
"202300041103";"23";"07";"2023";"09:00";"1";"93";"93029";"2";"7";"1";"6";"Rue Roger Salengro";"48,91852866";"2,43604481"
"202300041104";"12";"01";"2023";"09:20";"1";"94";"94015";"2";"3";"2";"3";"CLOS STE CATHERINE (RUE)";"48,82884000";"2,52571000"
"202300041105";"22";"07";"2023";"15:10";"1";"59";"59009";"2";"1";"1";"3";"ROUBAIX AVNUE DE";"50,65065000";"3,16706000"
"202300041106";"12";"01";"2023";"15:25";"1";"94";"94041";"2";"2";"8";"3";"Avenue de Verdun / Rue Pierre et Marie Curie";"48,81309000";"2,37055000"
"202300041107";"12";"01";"2023";"08:10";"2";"94";"94017";"2";"3";"2";"3";"D11 / D3b";"48,82685000";"2,52102000"
"202300041108";"21";"07";"2023";"08:00";"1";"988";"98818";"2";"3";"1";"6";"AVENUE BONAPARTE/RUE THEOPHILE BETFORT";" -22,23335000";"166,46678000"
"202300041109";"24";"07";"2023";"01:00";"3";"974";"97409";"2";"1";"1";"1";"MASCAREIGNES (Avenue des)";" -20,93879000";"55,64689000"
"202300041110";"12";"01";"2023";"00:30";"5";"93";"93073";"2";"2";"1";"6";"Rue du Limousin / Avenue Pierre Colongo";"48,94080400";"2,59411900"
"202300041111";"23";"07";"2023";"05:57";"1";"972";"97209";"1";"1";"1";"1";"REDOUTE (ROUTE DE LA)";"14,62847000";" -61,05847000"
"202300041112";"12";"01";"2023";"15:40";"1";"93";"93066";"2";"3";"1";"3";"Rue Diderot / Collège Jean Lurçat";"48,93548000";"2,37927500"
"202300041113";"23";"07";"2023";"21:05";"3";"2B";"2B301";"1";"1";"1";"7";"TOUTES RUES";"42,60060000";"9,26190000"
"202300041114";"22";"07";"2023";"19:45";"5";"971";"97101";"1";"9";"1";"3";"PALAIS ROYAL";"16,28134000";" -61,49632000"
"202300041115";"12";"01";"2023";"15:15";"1";"93";"93066";"2";"1";"1";"3";"Rue Cristino Garcia";"48,91658000";"2,36370900"
"202300041116";"22";"07";"2023";"18:29";"1";"2A";"2A004";"2";"9";"1";"3";"MEZZAVIA ROUTE DE";"41,95200000";"8,77435000"
"202300041117";"23";"07";"2023";"05:55";"2";"84";"84035";"1";"2";"1";"1";"ISLE/SORGUE-RD 938 (ROUTE DE L')";"43,86375000";"5,04317000"
"202300041118";"23";"07";"2023";"01:00";"5";"83";"83137";"2";"9";"1";"3";"PICOT (AVE DU COLONEL)";"43,12703000";"5,96169000"
"202300041119";"23";"07";"2023";"19:27";"1";"79";"79191";"2";"1";"1";"7";"N/A";"46,31962000";" -0,45810000"
"202300041120";"23";"07";"2023";"19:45";"1";"78";"78624";"1";"1";"2";"5";"L'HAUTIL RUE CD2";"48,99592000";"2,00630000"
"202300041121";"21";"07";"2023";"20:25";"1";"73";"73008";"2";"1";"1";"6";"D1201 - Boulevard maréchal de lattre de tassigny";"45,69502000";"5,90571000"
"202300041122";"23";"07";"2023";"05:45";"2";"64";"64125";"2";"1";"1";"6";"BASSILOUR (RUE)";"43,44426000";" -1,55991000"
"202300041123";"23";"07";"2023";"01:35";"3";"64";"64102";"1";"1";"1";"6";"MAI (AVENUE DU 8)";"43,45147700";" -1,49337700"
"202300041124";"22";"07";"2023";"13:20";"1";"62";"62178";"2";"9";"1";"6";"D841";"50,49046000";"2,56444000"
"202300041125";"23";"07";"2023";"03:33";"3";"59";"59220";"2";"1";"8";"6";"HAUBOURDIN RUE D   N°IMPAIR";"50,59915000";"3,06500000"
"202300041126";"21";"07";"2023";"12:20";"1";"57";"57227";"2";"2";"1";"6";"NATIONALE (RUE)DU C. SCHOENECK /LIMITE C";"49,18906000";"6,90588000"
"202300041127";"23";"07";"2023";"15:30";"1";"49";"49328";"2";"1";"1";"1";"REMPARTS (RUE DES)";"47,25636000";" -0,07475000"
"202300041128";"22";"07";"2023";"22:35";"3";"41";"41158";"1";"1";"1";"1";"ROUTE DEPARTEMENTALE 957";"47,77363000";"1,03318000"
"202300041129";"23";"07";"2023";"18:13";"1";"41";"41158";"1";"2";"1";"3";"BRENIERE (RUE DE LA)";"47,78378000";"1,02825000"
"202300041130";"23";"07";"2023";"14:10";"1";"37";"37261";"2";"1";"1";"6";"HEURTELOUP (BOULEVARD)";"47,39022000";"0,69003000"
"202300041131";"23";"07";"2023";"08:40";"1";"37";"37261";"2";"9";"1";"2";"VERDUN (CARREFOUR DE)";"47,37420000";"0,69547000"
"202300041132";"23";"07";"2023";"15:05";"1";"35";"35051";"2";"1";"2";"3";"PIED (LIEU-DIT MOUILLE)";"48,11935000";" -1,56972000"
"202300041133";"23";"07";"2023";"13:10";"1";"35";"35278";"1";"1";"2";"6";"RN136";"48,13916000";" -1,69889000"
"202300041134";"23";"07";"2023";"13:10";"1";"35";"35238";"2";"1";"2";"3";"GROS CHENE (PLACE DU)";"48,12659000";" -1,66427000"
"202300041135";"23";"07";"2023";"22:31";"2";"31";"31555";"2";"1";"1";"3";"AV DES ETATS UNIS";"43,63746000";"1,43004000"
"202300041136";"23";"07";"2023";"01:30";"5";"31";"31555";"2";"2";"1";"3";"RUE GABRIEL PERI";"43,60610179";"1,45402282"
"202300041137";"23";"07";"2023";"18:05";"1";"27";"27229";"2";"2";"1";"3";"COCHEREL (RUE DE)";"49,01862000";"1,18426000"
"202300041138";"22";"07";"2023";"17:25";"1";"07";"07281";"1";"1";"1";"5";"C.D.533";"44,93104000";"4,80953000"
"202300041139";"23";"07";"2023";"19:10";"1";"06";"06004";"1";"1";"1";"6";"NICE(RN.7) AV.ET RTE DE";"43,61140000";"7,12603000"
"202300041140";"23";"07";"2023";"20:40";"1";"75";"75120";"2";"5";"1";"1";"AVENUE GAMBETTA";"48,86832500";"2,40144800"
"202300041141";"23";"07";"2023";"13:55";"1";"75";"75119";"2";"7";"2";"7";"PLACE DU COLONEL FABIEN";"48,87839500";"2,37051800"
"202300041142";"23";"07";"2023";"14:00";"1";"75";"75118";"2";"9";"2";"6";"BOULEVARD NEY";"48,89854600";"2,35608200"
"202300041143";"23";"07";"2023";"00:35";"5";"75";"75116";"2";"1";"1";"6";"BOULEVARD SUCHET";"48,85539300";"2,26340800"
"202300041144";"23";"07";"2023";"05:35";"5";"75";"75114";"2";"2";"1";"6";"RUE VERCINGETORIX";"48,83434800";"2,31364600"
"202300041145";"23";"07";"2023";"02:15";"5";"94";"94077";"2";"1";"1";"6";"Avenue du 8 Mai 1945";"48,72652000";"2,40728000"
"202300041146";"23";"07";"2023";"15:20";"1";"93";"93005";"2";"1";"2";"2";"Boulevard Kennedy";"48,94567511";"2,51459773"
"202300041147";"23";"07";"2023";"13:00";"1";"92";"92047";"2";"1";"2";"2";"JARDY";"48,83121000";"2,15250000"
"202300041148";"23";"07";"2023";"17:45";"1";"92";"92012";"2";"2";"1";"3";"HENRI MARTIN (RUE)";"48,83691000";"2,25214000"
"202300041149";"23";"07";"2023";"20:45";"1";"71";"71222";"2";"1";"1";"6";"12 Route de Mâcon";"46,66751000";"4,38938700"
"202300041150";"23";"07";"2023";"16:15";"1";"68";"68188";"1";"1";"2";"3";"Linthal";"47,93604100";"7,04549800"
"202300041151";"24";"07";"2023";"12:45";"1";"49";"49163";"1";"1";"2";"7";"Route du mesnil (Chaumont-d'Anjou)";"47,54060000";" -0,29018100"
"202300041152";"23";"07";"2023";"14:00";"1";"36";"36247";"1";"1";"1";"7";"N/A";"46,90704626";"1,61753833"
"202300041153";"23";"07";"2023";"18:00";"1";"46";"46217";"1";"1";"1";"6";"Sagnet";"44,33655700";"1,42429100"
"202300041154";"19";"07";"2023";"04:00";"3";"86";"86004";"1";"1";"1";"7";"D2";"46,68774700";"0,87719000"
"202300041155";"22";"07";"2023";"10:00";"1";"62";"62491";"1";"2";"1";"6";"D169";"50,61212200";"2,78241600"
"202300041156";"23";"07";"2023";"22:14";"3";"25";"25214";"1";"1";"1";"2";"Autoroute A36 PK 059.500 direction BESANÇON";"47,44538100";"6,74006400"
"202300041157";"23";"07";"2023";"17:15";"1";"974";"97410";"1";"1";"2";"5";"RN3";" -21,10455500";"55,66738100"
"202300041158";"11";"07";"2023";"07:53";"2";"06";"06095";"2";"3";"1";"6";"avenue de l'amiral de grasse";"43,64413800";"6,88747800"
"202300041159";"19";"07";"2023";"20:30";"2";"06";"06130";"2";"1";"1";"6";"Place Cavalier Fabre";"43,69808200";"6,84964000"
"202300041160";"1";"07";"2023";"14:30";"1";"974";"97413";"1";"1";"1";"7";"Pointe au Sel les Bas";" -21,19988200";"55,28450100"
"202300041161";"24";"07";"2023";"07:20";"1";"08";"08435";"1";"1";"1";"3";"N51";"49,45410100";"4,30093000"
"202300041162";"23";"07";"2023";"23:50";"5";"91";"91577";"2";"1";"1";"7";"36 Allée Bourgoin";"48,60264500";"2,49198100"
"202300041163";"20";"07";"2023";"04:10";"3";"19";"19246";"2";"9";"1";"3";"D148";"45,21616300";"1,45383200"
"202300041164";"21";"07";"2023";"17:05";"1";"77";"77208";"2";"3";"1";"7";"61 Rue Grande";"48,48734000";"3,29267400"
"202300041165";"19";"07";"2023";"18:15";"1";"82";"82134";"1";"1";"1";"7";"2410 Route de Vaïssac";"44,05395700";"1,53804300"
"202300041166";"23";"07";"2023";"12:05";"1";"33";"33236";"1";"1";"1";"1";"D106";"44,77161953";" -1,17272615"
"202300041167";"18";"07";"2023";"05:05";"2";"69";"69006";"2";"1";"1";"6";"2 Rue Jean Moulin";"45,97847100";"4,33394600"
"202300041168";"24";"07";"2023";"16:25";"1";"71";"71196";"1";"1";"3";"1";"lieu dit les enrageois";"46,64643900";"5,33988100"
"202300041169";"24";"07";"2023";"12:57";"1";"71";"71305";"2";"3";"1";"3";"Saint Oyen";"46,46934100";"4,89595400"
"202300041170";"23";"07";"2023";"22:00";"3";"71";"71050";"1";"1";"1";"7";"RD22";"46,37819400";"4,63737800"
"202300041171";"22";"07";"2023";"23:30";"4";"61";"61475";"2";"1";"1";"6";"D32 PR 6+0";"48,61647700";"0,54253500"
"202300041172";"12";"07";"2023";"11:12";"1";"49";"49080";"1";"1";"1";"6";"Rue du Pyron";"47,66591800";" -0,58186800"
"202300041173";"23";"07";"2023";"10:45";"1";"68";"68208";"1";"1";"1";"6";"D21";"47,55792900";"7,42321700"
"202300041174";"20";"07";"2023";"19:35";"1";"22";"22354";"1";"1";"1";"7";"50 Lieu Dit Kermouchard";"48,56061900";" -3,22364000"
"202300041175";"23";"07";"2023";"10:30";"1";"39";"39560";"1";"1";"1";"6";"N/A";"46,35913500";"5,84854600"
"202300041176";"21";"07";"2023";"10:55";"1";"44";"44183";"1";"3";"1";"1";"N/A";"47,37362973";" -2,43291378"
"202300041177";"22";"07";"2023";"14:50";"1";"29";"29249";"1";"1";"1";"6";"Croas an Teurec";"48,14235000";" -3,75539700"
"202300041178";"23";"07";"2023";"19:00";"1";"29";"29160";"1";"1";"1";"6";"Route du Narret";"48,49449800";" -4,43427400"
"202300041179";"22";"07";"2023";"20:54";"1";"02";"02004";"1";"1";"1";"7";"les Légères";"49,72551300";"3,94599100"
"202300041180";"24";"07";"2023";"08:00";"2";"03";"03258";"1";"3";"8";"3";"D6";"46,18992700";"3,37308300"
"202300041181";"23";"07";"2023";"14:30";"1";"03";"03060";"1";"3";"1";"6";"Rue des Grands Champs";"46,15177300";"3,38139100"
"202300041182";"23";"07";"2023";"05:40";"3";"50";"50087";"1";"1";"2";"7";"Route des Craps Mesnils";"49,55703800";" -1,57224700"
"202300041183";"23";"07";"2023";"20:45";"2";"50";"50487";"1";"1";"2";"6";"Biot";"48,50961100";" -1,39180900"
"202300041184";"29";"05";"2023";"16:00";"1";"64";"64238";"2";"1";"1";"7";"900 Chemin de Paluche";"43,25109900";" -0,06139600"
"202300041185";"24";"07";"2023";"16:00";"1";"16";"16264";"1";"3";"1";"3";"D30";"46,09777800";"0,48114800"
"202300041186";"24";"07";"2023";"17:30";"1";"07";"07162";"1";"1";"1";"6";"D4";"44,49733200";"4,31608200"
"202300041187";"23";"07";"2023";"17:00";"1";"21";"21197";"1";"4";"1";"3";"Route départemental 6";"47,55149900";"4,61246100"
"202300041188";"23";"07";"2023";"09:00";"1";"21";"21418";"1";"1";"1";"7";"Moitron";"47,67493500";"4,81798800"
"202300041189";"23";"07";"2023";"16:45";"1";"28";"28264";"1";"1";"1";"1";"D 103";"48,42946400";"1,02896000"
"202300041190";"24";"07";"2023";"10:21";"1";"87";"87133";"1";"1";"1";"5";"Bellevue";"46,20082000";"1,35827600"
"202300041191";"23";"07";"2023";"17:00";"1";"48";"48146";"2";"1";"1";"3";"D986";"44,36415700";"3,41275700"
"202300041192";"20";"07";"2023";"10:40";"1";"52";"52060";"2";"1";"1";"7";"Route de Beaucharmoy";"47,95610542";"5,72752123"
"202300041193";"24";"07";"2023";"16:30";"1";"52";"52480";"1";"1";"1";"1";"route nationale 67";"48,25674800";"5,11822300"
"202300041194";"23";"07";"2023";"21:55";"3";"88";"88062";"1";"1";"1";"3";"Départementale 122";"48,13466200";"5,67561900"
"202300041195";"22";"07";"2023";"11:50";"1";"987";"98734";"1";"1";"1";"1";"RT 1";" -17,76696100";" -149,48892800"
"202300041196";"23";"07";"2023";"15:10";"1";"86";"86158";"1";"1";"1";"2";"A10";"46,62595000";"0,34993400"
"202300041197";"21";"07";"2023";"07:30";"1";"77";"77382";"2";"1";"1";"2";"2 Rue de Magny Saint Loup";"48,90504600";"2,88102800"
"202300041198";"24";"07";"2023";"11:00";"1";"77";"77317";"2";"1";"1";"7";"Rue pasteur";"48,60756400";"2,89430200"
"202300041199";"23";"07";"2023";"18:15";"1";"2B";"2B093";"1";"9";"1";"1";"RT30";"42,62283600";"8,90113600"
"202300041200";"23";"07";"2023";"17:10";"1";"66";"66171";"2";"1";"1";"1";"N/A";"42,63830300";"3,02303700"
"202300041201";"23";"07";"2023";"22:30";"3";"34";"34289";"1";"1";"1";"3";"RD13";"43,40165400";"3,41060700"
"202300041202";"24";"07";"2023";"13:10";"1";"13";"13086";"2";"3";"1";"3";"316 Avenue du Repos";"43,34222500";"5,60335500"
"202300041203";"18";"07";"2023";"09:00";"1";"89";"89196";"1";"1";"1";"6";"N/A";"47,89138600";"3,40976900"
"202300041204";"23";"07";"2023";"06:30";"2";"52";"52348";"1";"1";"1";"6";"LAC";"47,91292600";"5,35889300"
"202300041205";"23";"07";"2023";"21:13";"2";"68";"68213";"1";"1";"1";"7";"D13biv";"47,87271400";"6,96804400"
"202300041206";"21";"06";"2023";"16:50";"1";"06";"06088";"1";"1";"1";"4";"Autoroute A8";"43,72921200";"7,23479700"
"202300041207";"21";"06";"2023";"17:15";"1";"73";"73257";"1";"3";"1";"4";"D915";"45,45926500";"6,54941800"
"202300041208";"18";"06";"2023";"17:15";"1";"973";"97313";"1";"1";"1";"3";"Route Departementale 5";"4,94516400";" -52,49778300"
"202300041209";"22";"06";"2023";"02:00";"3";"977";"97701";"1";"6";"1";"6";"Rue des MANGLIERS";"17,90352200";" -62,84262600"
"202300041210";"21";"06";"2023";"18:45";"5";"971";"97106";"2";"1";"2";"6";"Rue Valerius Paulimius";"16,12604100";" -61,77171400"
"202300041211";"22";"06";"2023";"05:40";"5";"66";"66164";"1";"1";"1";"6";"";"42,79881600";"2,88721600"
"202300041212";"21";"06";"2023";"16:45";"1";"66";"66065";"2";"2";"1";"3";"Rue Dagobert";"42,60045100";"2,97470400"
"202300041213";"22";"06";"2023";"12:00";"1";"84";"84049";"1";"1";"1";"7";"677 Chemin de Lencieu";"44,17898800";"5,01510900"
"202300041214";"12";"06";"2023";"11:20";"1";"05";"05007";"1";"1";"1";"1";"Route de l'Izoard";"44,77043400";"6,73675400"
"202300041215";"22";"06";"2023";"04:15";"3";"05";"05151";"1";"1";"1";"6";"Route de Sachas";"44,86612200";"6,59064900"
"202300041216";"22";"06";"2023";"05:48";"2";"10";"10172";"1";"1";"8";"6";"départemental 677";"48,61905677";"4,17091512"
"202300041217";"17";"06";"2023";"23:35";"3";"88";"88251";"1";"1";"1";"2";"RD 32";"48,33886500";"6,66827200"
"202300041218";"21";"06";"2023";"21:50";"5";"55";"55553";"2";"1";"2";"1";"Rue du General Verneau";"48,77028400";"5,60516800"
"202300041219";"21";"06";"2023";"07:26";"1";"73";"73187";"1";"1";"1";"6";"D213";"45,50472300";"6,44356700"
"202300041220";"21";"06";"2023";"19:15";"1";"07";"07063";"1";"1";"1";"3";"route des ceintres";"45,13842101";"4,73581553"
"202300041221";"21";"06";"2023";"01:30";"4";"69";"69072";"2";"1";"1";"6";"Chemin du Moulin Carron";"45,80771700";"4,76305500"
"202300041222";"21";"06";"2023";"15:00";"1";"81";"81105";"1";"1";"1";"6";"Route de Cabanes";"43,75758600";"1,96685700"
"202300041223";"22";"06";"2023";"08:30";"1";"85";"85071";"1";"3";"1";"3";"RD82";"46,76929000";" -1,85589300"
"202300041224";"5";"06";"2023";"15:15";"1";"56";"56069";"2";"1";"1";"6";"Route de Port Melite";"47,63940500";" -3,45251300"
"202300041225";"21";"06";"2023";"18:50";"1";"60";"60302";"2";"2";"1";"3";"Rue de l'Eglise";"49,48821400";"2,24242900"
"202300041226";"21";"06";"2023";"17:10";"1";"62";"62014";"2";"3";"1";"3";"Allee des Tilleuls";"50,63947300";"2,41365600"
"202300041227";"20";"06";"2023";"20:30";"1";"59";"59548";"1";"1";"9";"6";"rd 649,";"50,30831600";"3,74871700"
"202300041228";"21";"06";"2023";"20:45";"1";"59";"59569";"1";"6";"1";"6";"D 25";"50,33989700";"3,09776400"
"202300041229";"16";"06";"2023";"14:30";"1";"59";"59267";"1";"9";"1";"3";"D917";"50,06419633";"3,15108061"
"202300041230";"18";"06";"2023";"12:20";"1";"13";"13106";"1";"1";"1";"2";"A51-Sens Aix en Provence vers Marseille";"43,40465200";"5,35918600"
"202300041231";"21";"06";"2023";"08:30";"1";"13";"13001";"1";"1";"1";"2";"A51-Sens Marseille vers Aix en Provence";"43,51083000";"5,41912000"
"202300041232";"18";"06";"2023";"04:13";"5";"13";"13212";"1";"1";"1";"2";"A507 sens Aubagne- Marseille";"43,29647000";"5,42488000"
"202300041233";"14";"06";"2023";"18:55";"1";"83";"83090";"1";"1";"2";"2";"A50";"43,12562777";"5,87700866"
"202300041234";"17";"06";"2023";"22:30";"3";"69";"69296";"1";"1";"1";"2";"Autoroute 7 ";"45,64438000";"4,82948000"
"202300041235";"21";"06";"2023";"17:40";"1";"91";"91216";"1";"1";"1";"3";"AUTOROUTE A6";"48,68301000";"2,32914000"
"202300041236";"21";"06";"2023";"10:30";"1";"94";"94037";"1";"1";"1";"2";"A6A";"48,81474151";"2,33655222"
"202300041237";"21";"06";"2023";"07:20";"1";"91";"91617";"1";"1";"1";"4";"RN 104 INT / A5A PROVINCE";"48,63538000";"2,53514000"
"202300041238";"21";"06";"2023";"09:10";"1";"91";"91377";"1";"1";"1";"3";"AUTOROUTE A10";"48,71653000";"2,29065000"
"202300041239";"21";"06";"2023";"08:40";"1";"92";"92050";"1";"1";"1";"6";"A86";"48,89262958";"2,18617361"
"202300041240";"20";"06";"2023";"18:30";"1";"95";"95218";"1";"1";"1";"4";"A15";"49,03512876";"2,09846616"
"202300041241";"20";"06";"2023";"09:45";"1";"93";"93066";"1";"1";"1";"5";"AUTOROUTE A1";"48,90602834";"2,35830849"
"202300041242";"20";"06";"2023";"08:10";"1";"93";"93005";"1";"1";"1";"3";"AUTOROUTE A1";"48,96664045";"2,47689933"