"Num_Acc";"jour";"mois";"an";"hrmn";"lum";"dep";"com";"agg";"int";"atm";"col";"adr";"lat";"long"
"202300041243";"20";"06";"2023";"14:40";"1";"67";"67482";"2";"1";"7";"6";"VOSGES (AVENUE DES)";"48,59086800";"7,74695000"
"202300041244";"20";"06";"2023";"16:45";"1";"62";"62774";"2";"6";"1";"3";"D940";"50,95874000";"1,82775000"
"202300041245";"20";"06";"2023";"16:00";"1";"06";"06088";"2";"1";"1";"6";"DELFINO (BD GENERAL)";"43,70502600";"7,28585100"
"202300041246";"20";"06";"2023";"01:15";"5";"75";"75107";"2";"1";"1";"7";"BOULEVARD DES INVALIDES";"48,84894900";"2,31540700"
"202300041247";"10";"06";"2023";"21:00";"1";"59";"59350";"2";"9";"1";"6";"BLUM LEON RUE";"50,61801000";"3,04220000"
"202300041248";"4";"03";"2023";"19:40";"3";"82";"82093";"1";"1";"1";"6";"D44";"43,92766800";"1,10667900"
"202300041249";"16";"02";"2023";"12:50";"1";"32";"32027";"1";"1";"1";"6";"Zone d'Aménagement Concerté de BASSIA";"43,70878800";" -0,22151800"
"202300041250";"2";"03";"2023";"11:55";"1";"54";"54328";"1";"9";"1";"6";"Autoroute A 33";"48,62721900";"6,18255700"
"202300041251";"19";"06";"2023";"10:30";"1";"987";"98736";"2";"2";"1";"1";"ARIIPAEA POMARE (AV)";" -17,53478800";" -149,55295600"
"202300041252";"20";"06";"2023";"20:30";"5";"974";"97416";"2";"1";"1";"1";"HIPPOLYTE  PIOT (RUE)";" -21,29733000";"55,45198000"
"202300041253";"20";"06";"2023";"19:50";"5";"974";"97411";"2";"2";"1";"2";"DODU 3 (RUE JULIETTE)";" -20,88533000";"55,45393000"
"202300041254";"16";"06";"2023";"19:05";"3";"974";"97411";"1";"1";"1";"2";"LITTORAL (ROUTE 2 DU)";" -20,87702567";"55,40966034"
"202300041255";"20";"06";"2023";"11:10";"1";"973";"97302";"2";"1";"1";"7";"EBOUE (ROCADE FELIX)";"4,92712000";" -52,31970000"
"202300041256";"20";"06";"2023";"03:15";"5";"69";"69386";"2";"2";"1";"3";"Rue Duguesclin";"45,76904000";"4,84729000"
"202300041257";"20";"06";"2023";"05:50";"1";"69";"69387";"2";"1";"1";"6";"40 Boulevard de l'Artillerie";"45,73319000";"4,84254000"
"202300041258";"16";"06";"2023";"21:40";"5";"972";"97213";"1";"9";"1";"1";"ROUTE DEPARTEMENTALE 3";"14,63639000";" -60,99189000"
"202300041259";"20";"06";"2023";"19:08";"1";"69";"69382";"2";"2";"1";"3";"Rue Bichat";"45,74661000";"4,82123000"
"202300041260";"20";"06";"2023";"10:45";"1";"69";"69382";"2";"1";"1";"3";"18 Quai Jean Moulin";"45,76474297";"4,83815627"
"202300041261";"20";"06";"2023";"01:40";"5";"69";"69142";"2";"1";"1";"6";"138 Rue Stéphane Déchant";"45,72262000";"4,81159000"
"202300041262";"16";"06";"2023";"15:40";"1";"69";"69034";"2";"3";"1";"3";"103 Avenue Général de Gaulle";"45,81170806";"4,85908449"
"202300041263";"15";"06";"2023";"18:30";"1";"69";"69034";"2";"1";"1";"4";"Quai Bellevue";"45,78792000";"4,86359000"
"202300041264";"15";"06";"2023";"08:20";"1";"69";"69202";"2";"9";"1";"3";"41B Route de la Libération";"45,72930000";"4,77767000"
"202300041265";"20";"06";"2023";"14:24";"1";"2B";"2B122";"2";"2";"1";"3";"TOUTES RUES";"42,42090000";"9,27070000"
"202300041266";"19";"06";"2023";"13:38";"1";"2B";"2B033";"2";"1";"1";"3";"LUCE DE CASABIANCA -RUE";"42,70383500";"9,45297100"
"202300041267";"20";"06";"2023";"08:50";"1";"971";"97113";"1";"3";"1";"3";"RN4 - SECTION RIVIERA";"16,21140000";" -61,47400000"
"202300041268";"18";"06";"2023";"19:48";"1";"91";"91457";"1";"1";"1";"6";"CD 19";"48,57635000";"2,26691000"
"202300041269";"20";"06";"2023";"18:25";"1";"91";"91312";"2";"1";"1";"6";"MARCEL CACHIN (BOULEVARD)";"48,73245000";"2,22925000"
"202300041270";"19";"06";"2023";"19:30";"1";"91";"91514";"1";"1";"8";"1";"CD 33";"48,66100500";"2,51884400"
"202300041271";"20";"06";"2023";"11:40";"1";"91";"91479";"2";"6";"1";"2";"AV DE VERDUN";"48,70567000";"2,35502000"
"202300041272";"19";"06";"2023";"09:00";"1";"86";"86066";"1";"2";"2";"3";"D21";"46,83457000";"0,56584000"
"202300041273";"14";"06";"2023";"15:40";"1";"85";"85194";"2";"1";"1";"6";"24 Rue de bourdigal";"46,48081000";" -1,73160000"
"202300041274";"19";"06";"2023";"18:15";"1";"79";"79300";"1";"2";"1";"3";"";"47,00917100";" -0,21571000"
"202300041275";"20";"06";"2023";"17:17";"1";"78";"78418";"2";"1";"1";"6";"PASTEUR (RUE)";"48,90457000";"2,14701000"
"202300041276";"20";"06";"2023";"15:40";"1";"78";"78481";"1";"1";"1";"3";"RN 13";"48,88664000";"2,09731000"
"202300041277";"11";"06";"2023";"02:20";"3";"78";"78440";"2";"1";"1";"6";"EUROPE (AVENUE DE L')";"48,97074000";"1,91977000"
"202300041278";"19";"06";"2023";"16:00";"1";"77";"77337";"2";"2";"1";"3";"D10P";"48,84092500";"2,61832000"
"202300041279";"20";"06";"2023";"13:55";"1";"77";"77438";"2";"1";"1";"3";"COURTILLIERE (AVENUE DE LA )";"48,86746000";"2,67874000"
"202300041280";"18";"06";"2023";"07:00";"2";"76";"76351";"2";"2";"1";"3";"WINSTON CHURCHILL";"49,49415000";"0,13858000"
"202300041281";"16";"06";"2023";"09:45";"1";"76";"76351";"2";"6";"1";"2";"GRAND HAMEAU (Avenue du )";"49,52632000";"0,09108000"
"202300041282";"19";"06";"2023";"17:50";"1";"73";"73065";"2";"6";"1";"3";"MONTREUIL CHARLES (RUE)";"45,58103000";"5,90958000"
"202300041283";"16";"06";"2023";"03:15";"5";"71";"71270";"2";"1";"1";"6";"Avenue du Maréchal Juin";"46,31720000";"4,83416000"
"202300041284";"18";"06";"2023";"12:40";"1";"71";"71153";"2";"2";"1";"3";"YOUGOSLAVIE (RUE DE)";"46,78984000";"4,42089000"
"202300041285";"14";"06";"2023";"16:35";"1";"71";"71309";"1";"3";"1";"3";"D680";"46,79927204";"4,38409334"
"202300041286";"20";"06";"2023";"07:45";"1";"69";"69266";"2";"3";"1";"3";"18 Rue Antoine Primat";"45,75817380";"4,89350758"
"202300041287";"20";"06";"2023";"07:25";"1";"69";"69199";"2";"1";"1";"1";"4 Rue de la Commune de Paris 1871";"45,70965215";"4,86132671"
"202300041288";"19";"06";"2023";"14:45";"1";"69";"69091";"2";"1";"1";"6";"Rue de la Paix";"45,58406000";"4,74773000"
"202300041289";"20";"06";"2023";"18:00";"1";"67";"67482";"2";"2";"8";"3";"ROBERTSAU (ALLEE DE LA)";"48,58980000";"7,76720000"
"202300041290";"20";"06";"2023";"17:15";"1";"64";"64445";"2";"1";"1";"7";"PAIX";"43,31203000";" -0,32548000"
"202300041291";"20";"06";"2023";"18:21";"1";"64";"64024";"2";"1";"2";"3";"ROUTE DE PITOYS";"43,46326000";" -1,51087000"
"202300041292";"17";"06";"2023";"23:45";"3";"62";"62107";"1";"1";"1";"4";"RN 47";"50,47929317";"2,83469840"
"202300041293";"14";"06";"2023";"20:15";"1";"61";"61006";"2";"2";"1";"3";"D926";"48,74932000";" -0,02325400"
"202300041294";"20";"06";"2023";"08:55";"1";"61";"61001";"2";"2";"1";"6";"D112";"48,44134000";"0,10808000"
"202300041295";"19";"06";"2023";"18:30";"1";"59";"59008";"2";"1";"1";"6";"BICENTENAIRE DE LA REVOLUTION (RUE DU)";"50,33181000";"3,24777000"
"202300041296";"17";"06";"2023";"20:34";"1";"56";"56162";"1";"1";"1";"3";"Parking du garage AD";"47,72916000";" -3,41587000"
"202300041297";"16";"06";"2023";"20:27";"1";"56";"56121";"2";"2";"1";"3";"MASSE (RUE  VICTOR )";"47,75016000";" -3,36188000"
"202300041298";"17";"06";"2023";"15:40";"1";"56";"56121";"2";"2";"1";"3";"Rue de Lanveur";"47,74305000";" -3,38890000"
"202300041299";"20";"06";"2023";"22:50";"3";"51";"51454";"2";"6";"1";"3";"BRIAND (PLACE ARISTIDE)";"49,25753000";"4,03889400"
"202300041300";"20";"06";"2023";"17:15";"1";"51";"51454";"2";"1";"1";"3";"HALAGE (AVENUE)";"49,28854000";"3,99871000"
"202300041301";"20";"06";"2023";"13:35";"1";"51";"51454";"2";"1";"1";"3";"VENISE (RUE)";"49,24751000";"4,03386000"
"202300041302";"15";"06";"2023";"08:11";"1";"51";"51474";"2";"6";"1";"3";"LIBERATION (RUE DE LA)";"49,26213000";"3,98436000"
"202300041303";"7";"06";"2023";"11:55";"1";"49";"49328";"2";"6";"1";"2";"ROND POINT  PONT FOUCHARD";"47,25355000";" -0,08559000"
"202300041304";"19";"06";"2023";"11:52";"1";"49";"49007";"2";"1";"2";"6";"CHAUMIN BOULEVARD";"47,45029000";" -0,55562000"
"202300041305";"20";"06";"2023";"00:25";"5";"46";"46042";"2";"1";"1";"6";"GAMBETTA (BOULEVARD LEON) N°PAIR";"44,44759967";"1,44017458"
"202300041306";"20";"06";"2023";"13:00";"1";"44";"44184";"2";"4";"1";"2";"3 Rue Antoine Parmentier";"47,26343000";" -2,22701000"
"202300041307";"19";"06";"2023";"17:00";"1";"44";"44184";"2";"1";"1";"2";"9ter Boulevard Georges Charpak";"47,26754000";" -2,25330000"
"202300041308";"19";"06";"2023";"15:10";"1";"42";"42275";"2";"1";"1";"4";"Route de l'Etrat";"45,47190000";"4,38327000"
"202300041309";"17";"06";"2023";"16:15";"1";"41";"41018";"2";"1";"1";"3";"GAMBETTA (AVENUE)";"47,58478000";"1,31841000"
"202300041310";"14";"06";"2023";"17:15";"1";"38";"38185";"2";"9";"1";"6";"LEON BLUM (AVENUE)";"45,16738000";"5,72061000"
"202300041311";"20";"06";"2023";"08:30";"1";"37";"37261";"2";"1";"1";"3";"FLORENCE (AVENUE DE)";"47,37423000";"0,71867000"
"202300041312";"20";"06";"2023";"07:45";"1";"37";"37261";"2";"1";"2";"7";"PORTILLON (QUAI DE)";"47,40104000";"0,68366000"
"202300041313";"20";"06";"2023";"03:25";"5";"37";"37261";"2";"3";"1";"6";"FROMENTEL (RUE)";"47,37621000";"0,67776000"
"202300041314";"19";"06";"2023";"13:00";"1";"37";"37122";"2";"1";"3";"7";"JEAN JAURES";"47,34800000";"0,65804000"
"202300041315";"20";"06";"2023";"13:10";"1";"35";"35238";"2";"3";"1";"3";"CHATEAUGIRON (DE)";"48,09863000";" -1,64424000"
"202300041316";"20";"06";"2023";"09:45";"1";"35";"35055";"2";"1";"1";"6";"VERGER (RUE DU)";"48,08527000";" -1,62299000"
"202300041317";"19";"06";"2023";"16:51";"1";"35";"35115";"2";"1";"1";"3";"CHESNARDIERE (BD DE LA DU N°2 AU N°34)";"48,34772000";" -1,19563000"
"202300041318";"17";"06";"2023";"20:09";"1";"34";"34301";"2";"1";"1";"3";"51 Rue de la Caraussane";"43,40613200";"3,68784700"
"202300041319";"17";"06";"2023";"05:00";"3";"34";"34336";"1";"1";"1";"6";"RD37";"43,31217000";"3,31746000"
"202300041320";"19";"06";"2023";"16:20";"1";"33";"33249";"2";"6";"1";"3";"Boulevard André Ricard";"44,86273400";" -0,53767900"
"202300041321";"19";"06";"2023";"14:45";"1";"29";"29232";"2";"1";"1";"6";"25 Rue du Cosquer";"48,00194800";" -4,11209000"
"202300041322";"20";"06";"2023";"07:35";"1";"29";"29019";"2";"2";"1";"3";"rue Dupuy de Lome";"48,39091200";" -4,50773700"
"202300041323";"14";"06";"2023";"08:15";"1";"29";"29019";"2";"1";"1";"3";"rue de Verdun";"48,39816100";" -4,46413400"
"202300041324";"20";"06";"2023";"17:05";"1";"27";"27229";"2";"1";"1";"6";"BROSSOLETTE (RUE PIERRE)";"49,02132000";"1,16040000"
"202300041325";"19";"06";"2023";"16:37";"1";"27";"27684";"2";"1";"1";"1";"COCHEREL (RUE DE)";"49,01405000";"1,18942000"
"202300041326";"20";"06";"2023";"18:50";"1";"26";"26362";"2";"1";"1";"7";"Avenue Victor Hugo";"44,92854000";"4,89021000"
"202300041327";"20";"06";"2023";"15:50";"1";"25";"25056";"2";"1";"8";"2";"rue de dole";"47,23250000";"6,00162000"
"202300041328";"20";"06";"2023";"08:25";"1";"22";"22278";"2";"1";"1";"7";"ROLLAND (ROMAIN)";"48,49402000";" -2,74751000"
"202300041329";"19";"06";"2023";"17:43";"1";"22";"22113";"2";"3";"1";"3";"RESISTANCE (AVENUE DE LA)";"48,74872000";" -3,46116000"
"202300041330";"20";"06";"2023";"13:11";"1";"17";"17415";"2";"6";"2";"2";"JOURDAN AVENUE";"45,74607000";" -0,60115000"
"202300041331";"18";"06";"2023";"19:35";"1";"17";"17415";"2";"1";"1";"1";"PALISSY QUAI";"45,74165500";" -0,63700800"
"202300041332";"16";"06";"2023";"11:45";"1";"14";"14118";"2";"9";"1";"6";"20 Avenue Pierre Mendes France";"49,17731100";" -0,34963500"
"202300041333";"19";"06";"2023";"17:30";"1";"13";"13103";"2";"1";"1";"6";"BOULEVARD CARCASSONNE - ROGER";"43,64068568";"5,08728583"
"202300041334";"20";"06";"2023";"17:00";"1";"13";"13203";"2";"3";"1";"1";"GUIBAL (RUE)";"43,30804000";"5,38798000"
"202300041335";"20";"06";"2023";"08:43";"1";"13";"13209";"2";"1";"1";"6";"MICHELET (BOULEVARD)";"43,26200000";"5,39600000"
"202300041336";"5";"11";"2023";"12:50";"1";"92";"92050";"2";"9";"1";"3";"JOLIOT CURIE F. ET IRENE AVENUE  N°PAIRS";"48,89369207";"2,21202984"
"202300041337";"20";"06";"2023";"07:10";"1";"13";"13210";"2";"1";"1";"2";"JEAN MOULIN (BOULEVARD)";"43,28644834";"5,39924441"
"202300041338";"5";"11";"2023";"09:28";"1";"92";"92012";"1";"1";"2";"6";"QUATRE SEPTEMBRE (QUAI DU)";"48,84730000";"2,22728000"
"202300041339";"19";"06";"2023";"18:20";"1";"10";"10325";"2";"3";"1";"6";"DOCTEUR SCHWEITZER (RUE DU)";"48,26708000";"4,08063000"
"202300041340";"5";"11";"2023";"17:25";"5";"92";"92004";"2";"1";"1";"7";"MARNE   ( AVENUE DE LA )";"48,90998000";"2,28798000"
"202300041341";"19";"06";"2023";"20:05";"1";"07";"07019";"2";"6";"1";"3";"BELLANDE (AVENUE DE )";"44,60926000";"4,39557000"
"202300041342";"20";"06";"2023";"13:10";"1";"06";"06030";"2";"1";"1";"3";"OLIVET (CHEMIN DE L')";"43,56951000";"6,99113000"
"202300041343";"20";"06";"2023";"08:40";"1";"06";"06029";"2";"1";"1";"5";"PERIER (BOULEVARD DU)";"43,56640000";"6,99187000"
"202300041344";"6";"11";"2023";"06:05";"3";"69";"69277";"1";"4";"2";"3";"Route Départementale 147";"45,75124400";"5,01923400"
"202300041345";"20";"06";"2023";"08:30";"1";"06";"06029";"2";"1";"1";"3";"PICAUD (AVENUE DU DOCTEUR)";"43,55085000";"6,99274000"
"202300041346";"6";"11";"2023";"11:30";"1";"76";"76275";"1";"1";"1";"5";"Route Départementale 111";"49,57901200";"0,17730500"
"202300041347";"19";"06";"2023";"15:20";"1";"75";"75116";"2";"1";"1";"2";"BD PERIPHERIQUE INTERIEUR";"48,85453900";"2,25492300"
"202300041348";"16";"06";"2023";"15:30";"1";"75";"75112";"2";"1";"1";"2";"PORTE DE CHARENTON";"48,83080700";"2,40315400"
"202300041349";"5";"11";"2023";"22:00";"3";"14";"14061";"1";"4";"8";"7";"La Vallée Normande (Le Tourneur)";"48,99932136";" -0,84054100"
"202300041350";"20";"06";"2023";"08:25";"1";"75";"75105";"2";"3";"1";"6";"RUE BERTHOLLET";"48,83883700";"2,34573000"
"202300041351";"6";"11";"2023";"11:00";"1";"89";"89172";"2";"1";"8";"6";"Rue des Vaux Boulons";"48,21907000";"3,37307900"
"202300041352";"20";"06";"2023";"18:23";"1";"75";"75120";"2";"3";"1";"2";"RUE SAINT FARGEAU";"48,87172400";"2,40431800"
"202300041353";"30";"10";"2023";"04:30";"3";"56";"56188";"2";"1";"1";"6";"Rue Roz";"47,90266000";" -3,13426900"
"202300041354";"20";"06";"2023";"12:20";"1";"75";"75118";"2";"3";"8";"2";"RUE DE LA CHAPELLE";"48,89709200";"2,35933100"
"202300041355";"20";"06";"2023";"16:00";"1";"75";"75117";"2";"1";"1";"3";"BOULEVARD PERIPHERIQUE INTERIEUR OUEST";"48,88013700";"2,28189500"
"202300041356";"20";"06";"2023";"09:10";"1";"75";"75117";"2";"3";"1";"3";"AVENUE DE LA PORTE D ASNIERES";"48,89105700";"2,30252200"
"202300041357";"6";"11";"2023";"18:05";"3";"77";"77347";"1";"1";"1";"6";"Chemin de la Croix";"48,46174200";"3,22097900"
"202300041358";"20";"06";"2023";"09:25";"1";"75";"75116";"2";"3";"1";"3";"AVENUE DU PRESIDENT KENNEDY";"48,85132300";"2,27848800"
"202300041359";"3";"11";"2023";"12:20";"1";"79";"79179";"1";"2";"2";"3";"N/A";"46,73751100";" -0,57062700"
"202300041360";"20";"06";"2023";"09:20";"1";"75";"75116";"2";"7";"1";"3";"RUE DE REMUSAT";"48,84738500";"2,27369900"
"202300041361";"20";"06";"2023";"20:40";"1";"75";"75114";"2";"2";"1";"6";"RUE RAYMOND LOSSERAND";"48,83395000";"2,31815400"
"202300041362";"6";"11";"2023";"08:00";"1";"65";"65408";"2";"1";"1";"6";"Route des Nestes";"42,96668400";"0,37690900"
"202300041363";"20";"06";"2023";"08:30";"1";"75";"75114";"2";"2";"1";"3";"AVENUE GEORGES LAFENESTRE";"48,82510400";"2,31117700"
"202300041364";"29";"10";"2023";"08:15";"1";"33";"33289";"1";"1";"2";"6";"N/A";"44,64453600";"0,08367400"
"202300041365";"20";"06";"2023";"03:16";"5";"75";"75114";"2";"1";"1";"7";"RUE D ALESIA";"48,83052287";"2,31922665"
"202300041366";"20";"06";"2023";"18:40";"1";"75";"75112";"2";"3";"1";"6";"RUE CLAUDE DECAEN";"48,83672200";"2,39843300"
"202300041367";"6";"11";"2023";"12:45";"1";"32";"32210";"1";"2";"8";"1";"Carrefour RD121 et RD 535";"43,56283900";"1,12796500"
"202300041368";"20";"06";"2023";"13:30";"1";"75";"75111";"2";"1";"1";"3";"BOULEVARD DES FILLES DU CALVAIRE";"48,86178600";"2,36704600"
"202300041369";"6";"11";"2023";"08:30";"1";"44";"44005";"1";"1";"2";"2";"N/A";"47,12779700";" -1,89377900"
"202300041370";"20";"06";"2023";"12:00";"1";"75";"75111";"2";"3";"1";"3";"BOULEVARD BEAUMARCHAIS";"48,85949200";"2,36765900"
"202300041371";"5";"11";"2023";"15:55";"1";"44";"44068";"1";"2";"3";"3";"N/A";"47,49890500";" -1,86675000"
"202300041372";"20";"06";"2023";"19:45";"1";"75";"75109";"2";"4";"1";"6";"RUE LA FAYETTE";"48,87296600";"2,33331400"
"202300041373";"20";"06";"2023";"18:45";"1";"75";"75107";"2";"3";"1";"7";"QUAI D ORSAY";"48,86250600";"2,30922000"
"202300041374";"6";"11";"2023";"07:10";"3";"29";"29206";"1";"3";"6";"3";"Lann ar Bourg";"48,59227920";" -4,17458365"
"202300041375";"18";"06";"2023";"04:15";"5";"75";"75107";"2";"7";"2";"3";"PLACE LE CORBUSIER";"48,85140200";"2,32676300"
"202300041376";"4";"11";"2023";"07:00";"2";"26";"26052";"1";"1";"8";"7";"D74";"44,60105600";"4,87163200"
"202300041377";"19";"06";"2023";"06:20";"1";"75";"75104";"2";"3";"1";"7";"RUE SAINT MARTIN";"48,86102600";"2,35136900"
"202300041378";"18";"06";"2023";"13:10";"1";"75";"75104";"2";"2";"1";"6";"QUAI DE GESVRES";"48,85671000";"2,34892500"
"202300041379";"5";"11";"2023";"16:20";"1";"54";"54055";"1";"1";"2";"7";"D952";"49,01736900";"6,00913200"
"202300041380";"16";"06";"2023";"00:15";"5";"75";"75103";"2";"9";"1";"3";"BOULEVARD BEAUMARCHAIS";"48,85580143";"2,36847943"
"202300041381";"20";"06";"2023";"14:30";"1";"94";"94080";"2";"1";"1";"2";"Rue de Montreuil";"48,84968000";"2,43461000"
"202300041382";"5";"11";"2023";"17:15";"2";"83";"83040";"1";"1";"1";"1";"D4085";"43,80408900";"6,59717200"
"202300041383";"19";"06";"2023";"18:45";"1";"94";"94015";"2";"2";"1";"3";"Rue Pierre Curie";"48,84700200";"2,51737800"
"202300041384";"22";"10";"2023";"20:00";"3";"64";"64138";"2";"2";"2";"3";"Avenue de la Bigorre";"43,24324500";" -0,26473400"
"202300041385";"20";"06";"2023";"00:50";"5";"94";"94016";"2";"6";"1";"6";"Rue Camille Desmoulins";"48,79058000";"2,33174000"
"202300041386";"4";"11";"2023";"16:15";"1";"18";"18172";"2";"2";"8";"7";"32 Route de Lignières";"46,72522700";"2,48073200"
"202300041387";"20";"06";"2023";"08:00";"1";"94";"94073";"1";"1";"1";"3";"ROUTE NATIONALE 186";"48,75434700";"2,37541400"
"202300041388";"5";"11";"2023";"21:15";"3";"18";"18145";"1";"1";"2";"7";"N/A";"47,25488300";"2,49844600"
"202300041389";"20";"06";"2023";"15:10";"1";"94";"94011";"2";"5";"1";"3";"Avenue de la République";"48,76516000";"2,48073000"
"202300041390";"6";"11";"2023";"12:30";"1";"07";"07334";"1";"1";"1";"6";"chemin de la villarde";"44,39790000";"4,12640700"
"202300041391";"19";"06";"2023";"17:56";"1";"94";"94022";"2";"1";"8";"3";"Avenue du 8 Mai 1945";"48,76559000";"2,41066000"
"202300041392";"6";"11";"2023";"13:50";"1";"53";"53147";"2";"2";"8";"3";"Rue de la Peyennière";"48,28572700";" -0,61799700"
"202300041393";"20";"06";"2023";"08:35";"1";"94";"94019";"2";"1";"1";"3";"Route de la Libération";"48,80321000";"2,53787000"
"202300041394";"6";"11";"2023";"09:45";"1";"17";"17211";"1";"1";"2";"7";"D150";"46,03813300";" -0,51203400"
"202300041395";"20";"06";"2023";"20:00";"1";"93";"93071";"2";"3";"1";"3";"Avenue Youri Gagarine";"48,94846935";"2,52031363"
"202300041396";"19";"10";"2023";"11:10";"1";"17";"17323";"2";"7";"1";"6";"Place du Général de Gaulle";"46,03263200";" -1,37792900"
"202300041397";"20";"06";"2023";"20:00";"1";"93";"93050";"2";"1";"1";"6";"Rue du Gen Lecorguillier";"48,86528000";"2,53397000"
"202300041398";"19";"06";"2023";"14:30";"1";"93";"93032";"2";"1";"8";"6";"Rue du Docteur Vaillant";"48,86897869";"2,56032295"
"202300041399";"6";"11";"2023";"07:30";"3";"17";"17253";"1";"2";"2";"3";"D911";"45,98651900";" -0,90172600"
"202300041400";"18";"06";"2023";"14:40";"1";"93";"93032";"2";"1";"1";"3";"Chemin des Bourdons";"48,88995036";"2,52401072"
"202300041401";"20";"06";"2023";"09:45";"1";"93";"93079";"2";"1";"1";"3";"Route de Saint-leu";"48,95443628";"2,33473299"
"202300041402";"6";"11";"2023";"16:30";"1";"37";"37245";"1";"2";"2";"3";"Route départemantle 959";"47,47449800";"0,54506800"
"202300041403";"20";"06";"2023";"16:30";"1";"93";"93057";"2";"3";"1";"5";"Allée Edgar-quinet / Allée Michelet";"48,90819478";"2,51590994"
"202300041404";"4";"11";"2023";"21:00";"3";"987";"98735";"1";"1";"2";"3";"PK 11.5 Ouest - Côté Montagne - District de Tapuamu";" -16,62000000";" -151,49600000"
"202300041405";"20";"06";"2023";"10:35";"1";"92";"92046";"2";"1";"1";"6";"PIERRE BROSSOLETTE (AVENUE)";"48,81897348";"2,30958045"
"202300041406";"2";"11";"2023";"12:55";"1";"34";"34270";"1";"1";"1";"3";"Autoroute A9";"43,55461300";"3,82156800"
"202300041407";"15";"06";"2023";"16:00";"1";"92";"92072";"2";"3";"1";"3";"CROIX BOSSET (RUE DE LA)";"48,82261000";"2,20175000"
"202300041408";"2";"11";"2023";"14:50";"1";"28";"28121";"1";"1";"2";"7";"autoroute A10 point kilométrique 074+150 direction province";"48,11997000";"1,85111000"
"202300041409";"20";"06";"2023";"09:05";"1";"92";"92076";"2";"1";"1";"3";"GARE";"48,83762100";"2,15136800"
"202300041410";"20";"06";"2023";"17:28";"1";"92";"92051";"2";"1";"8";"6";"INKERMANN (BOULEVARD D')";"48,88613445";"2,27456957"
"202300041411";"4";"11";"2023";"12:35";"1";"17";"17415";"1";"1";"1";"7";"A10";"45,77363000";" -0,66767700"
"202300041412";"19";"06";"2023";"23:10";"5";"92";"92051";"2";"1";"1";"1";"CHARLES DE GAULLE (AVENUE, N° 18 A 116)";"48,87900138";"2,27951892"
"202300041413";"20";"06";"2023";"19:00";"1";"92";"92050";"2";"3";"1";"3";"LEMAITRE THOMAS RUE";"48,89021153";"2,19095259"
"202300041414";"5";"11";"2023";"21:30";"3";"988";"98821";"1";"1";"1";"7";"ROUTE TERRITORIALE N°1";" -22,13675000";"166,42173000"
"202300041415";"19";"06";"2023";"23:00";"5";"92";"92050";"2";"9";"1";"3";"CLEMENCEAU GEORGES AVENUE N°IMPAIR";"48,88678000";"2,20523000"
"202300041416";"5";"11";"2023";"17:10";"1";"77";"77339";"2";"1";"8";"7";"12 Allee du Jeu de Paume";"48,37005000";"2,50931900"
"202300041417";"20";"06";"2023";"17:15";"1";"92";"92049";"2";"1";"1";"7";"ARNOUX AVENUE MAURICE AUTRES N°";"48,81186000";"2,30896000"
"202300041418";"16";"06";"2023";"16:30";"1";"92";"92049";"2";"2";"1";"3";"BRIAND AVENUE ARISTIDE N°2 A 114";"48,81438100";"2,32575000"
"202300041419";"6";"11";"2023";"17:49";"3";"34";"34023";"1";"1";"1";"3";"RD600";"43,45088600";"3,70620100"
"202300041420";"16";"06";"2023";"20:50";"1";"92";"92025";"2";"3";"1";"1";"ORGEMONT (AV D')";"48,93224600";"2,27280700"
"202300041421";"30";"10";"2023";"15:40";"1";"34";"34176";"1";"2";"1";"3";"d106";"43,63548500";"4,05406200"
"202300041422";"6";"11";"2023";"00:50";"3";"83";"83115";"2";"1";"1";"6";"Av du General Touzet du Vigier";"43,31912100";"6,66509600"
"202300041423";"16";"06";"2023";"16:20";"1";"92";"92025";"2";"3";"1";"6";"CHARLES DE GAULLE (BD)";"48,91333900";"2,23071300"
"202300041424";"20";"06";"2023";"16:30";"1";"92";"92002";"2";"1";"1";"6";"RAYMON ARON (AVENUE)";"48,77105095";"2,31204540"
"202300041425";"31";"10";"2023";"07:40";"1";"13";"13066";"1";"1";"1";"1";"Route de Noves";"43,88771000";"4,88365900"
"202300041426";"6";"11";"2023";"00:00";"3";"58";"58126";"1";"1";"8";"6";"Rue des Barillets";"46,94629300";"3,08617100"
"202300041427";"20";"06";"2023";"17:15";"1";"85";"85306";"2";"3";"1";"1";"2 impasse de la cure";"46,47804900";" -0,70067300"
"202300041428";"20";"06";"2023";"09:00";"1";"22";"22237";"2";"3";"1";"3";"Place Abbé Oléron";"48,53117100";" -2,26878900"
"202300041429";"20";"06";"2023";"19:15";"1";"41";"41118";"1";"9";"1";"7";"Route de Romorantin";"47,39605800";"1,81958900"
"202300041430";"20";"06";"2023";"08:22";"1";"68";"68058";"2";"6";"2";"6";"D430";"47,92348200";"7,19738600"
"202300041431";"5";"11";"2023";"18:55";"3";"54";"54272";"1";"2";"2";"3";"RD611";"48,76168783";"5,96266866"
"202300041432";"18";"06";"2023";"22:41";"3";"49";"49092";"1";"1";"1";"6";"La Cailleterie (Valanjou)";"47,23294500";" -0,61456900"
"202300041433";"21";"06";"2023";"15:10";"1";"67";"67283";"1";"1";"1";"1";"D1004";"48,68020597";"7,38394642"
"202300041434";"20";"06";"2023";"17:05";"1";"56";"56118";"2";"1";"1";"6";"32 Route de Port Louis";"47,71860800";" -3,33615300"
"202300041435";"10";"06";"2023";"16:14";"1";"56";"56240";"1";"1";"1";"7";"Rue du Rial Vraz";"47,50954800";" -2,69762600"