"Num_Acc";"jour";"mois";"an";"hrmn";"lum";"dep";"com";"agg";"int";"atm";"col";"adr";"lat";"long"
"202300041829";"15";"05";"2023";"22:20";"3";"61";"61464";"1";"1";"1";"6";"A28 PK177+300";"48,59107300";"0,18581200"
"202300041830";"8";"04";"2023";"08:50";"1";"71";"71105";"1";"1";"1";"6";"Route des Allemands";"46,29713000";"4,76711000"
"202300041831";"23";"02";"2023";"14:15";"1";"75";"75119";"2";"2";"1";"6";"PLACE DE LA PORTE DE PANTIN";"48,88956900";"2,39565200"
"202300041832";"4";"11";"2023";"12:35";"1";"91";"91521";"1";"1";"8";"3";"RN 104";"48,63418000";"2,40104000"
"202300041833";"16";"05";"2023";"10:00";"1";"27";"27130";"1";"1";"1";"6";"A28 - PR 283 + 575";"49,05262100";"0,45818100"
"202300041834";"15";"05";"2023";"16:30";"1";"56";"56094";"1";"6";"1";"3";"Kergo";"47,76007000";" -3,28620000"
"202300041835";"8";"04";"2023";"19:00";"1";"67";"67313";"2";"3";"1";"3";"Boulevard Clemenceau";"48,53927700";"7,44593000"
"202300041836";"23";"02";"2023";"02:50";"5";"75";"75119";"2";"3";"1";"3";"AVENUE JEAN JAURES";"48,88876200";"2,39315000"
"202300041837";"4";"11";"2023";"12:50";"1";"91";"91235";"1";"1";"8";"2";"RN 104";"48,62510000";"2,36174000"
"202300041838";"23";"02";"2023";"23:10";"5";"75";"75119";"2";"7";"2";"6";"PLACE AUGUSTE BARON";"48,90070100";"2,38709800"
"202300041839";"9";"04";"2023";"16:15";"1";"38";"38026";"1";"1";"1";"6";"d52b, pk 4,700";"45,83421200";"5,33060100"
"202300041840";"16";"05";"2023";"16:20";"1";"76";"76367";"1";"2";"1";"1";"Lieu Dit les Barettes";"49,51885700";"1,10869100"
"202300041841";"4";"11";"2023";"05:40";"3";"91";"91687";"1";"1";"1";"7";"AUTOROUTE A6";"48,66341000";"2,36691000"
"202300041842";"22";"02";"2023";"18:30";"2";"75";"75112";"2";"1";"1";"1";"AVENUE DE SAINT MAURICE";"48,82968600";"2,42027700"
"202300041843";"9";"04";"2023";"18:54";"1";"69";"69061";"1";"3";"7";"3";"348 Rue Mont Saint Guibert";"45,98361690";"4,62402446"
"202300041844";"16";"05";"2023";"09:45";"1";"79";"79014";"1";"2";"1";"3";"N/A";"47,02302600";" -0,27826000"
"202300041845";"4";"11";"2023";"15:36";"1";"92";"92047";"1";"1";"1";"1";"A13";"48,83632636";"2,18475813"
"202300041846";"14";"05";"2023";"01:00";"3";"65";"65075";"1";"1";"1";"6";"D929";"42,85599600";"0,34280200"
"202300041847";"23";"02";"2023";"19:07";"5";"75";"75111";"2";"4";"1";"3";"BOULEVARD VOLTAIRE";"48,85293700";"2,38851100"
"202300041848";"16";"03";"2023";"19:40";"3";"33";"33284";"2";"1";"1";"6";"quatre routes";"44,68482659";" -0,84732056"
"202300041849";"8";"05";"2023";"19:00";"1";"33";"33394";"1";"4";"1";"1";"D243";"44,90986500";" -0,18411200"
"202300041850";"22";"02";"2023";"09:15";"1";"75";"75109";"2";"3";"8";"1";"RUE DE CLICHY";"48,87814700";"2,33010300"
"202300041851";"12";"05";"2023";"11:20";"1";"61";"61462";"1";"1";"1";"3";"D924";"48,72765500";" -0,04137400"
"202300041852";"5";"04";"2023";"08:25";"1";"72";"72378";"1";"2";"7";"3";"D306";"47,80782600";" -0,27706700"
"202300041853";"16";"05";"2023";"12:20";"1";"12";"12044";"1";"1";"1";"1";"Chemin de la Blaquière";"43,83608672";"2,85311973"
"202300041854";"23";"02";"2023";"08:40";"1";"75";"75104";"2";"2";"1";"3";"RUE DES DEUX PONTS";"48,85182400";"2,35656000"
"202300041855";"16";"05";"2023";"09:45";"1";"86";"86085";"1";"1";"1";"1";"D347";"46,83795100";"0,16153900"
"202300041856";"8";"04";"2023";"15:30";"1";"76";"76758";"2";"2";"1";"3";"Avenue de Verdun";"49,61901000";"0,75588900"
"202300041857";"22";"02";"2023";"23:10";"5";"94";"94044";"2";"1";"2";"1";"Rue Paul Valéry";"48,75311000";"2,47521000"
"202300041858";"16";"05";"2023";"17:45";"1";"35";"35117";"1";"1";"1";"2";"le Vivier";"48,15025700";" -2,21511900"
"202300041859";"8";"04";"2023";"13:35";"1";"13";"13088";"1";"1";"1";"7";"A55-Sens Martigues vers Marseille";"43,39094053";"5,24975450"
"202300041860";"16";"05";"2023";"14:54";"1";"31";"31207";"1";"1";"2";"2";"N125";"42,99268500";"0,63029200"
"202300041861";"23";"02";"2023";"07:45";"2";"94";"94038";"2";"2";"1";"3";"Rue de Bicêtre";"48,77392000";"2,35184000"
"202300041862";"15";"05";"2023";"17:30";"1";"38";"38207";"1";"1";"1";"6";"d114";"44,97215300";"5,88065700"
"202300041863";"15";"05";"2023";"06:05";"2";"02";"02264";"1";"1";"5";"1";"CD 18";"49,63583500";"4,03286200"
"202300041864";"8";"04";"2023";"06:40";"3";"13";"13215";"1";"1";"1";"6";"A7-Sens Marseille vers Lyon";"43,34272000";"5,37628000"
"202300041865";"23";"02";"2023";"10:40";"1";"94";"94028";"2";"2";"8";"3";"Route de Choisy";"48,79052000";"2,45337000"
"202300041866";"15";"05";"2023";"23:30";"3";"72";"72310";"1";"1";"1";"2";"D313";"48,03477600";"0,20285500"
"202300041867";"7";"04";"2023";"00:25";"3";"13";"13202";"1";"1";"1";"1";"A55-Sens Marseille vers Martigues";"43,31897914";"5,36347091"
"202300041868";"14";"05";"2023";"15:00";"1";"90";"90045";"1";"1";"1";"7";"D463";"47,50849800";"6,96891500"
"202300041869";"22";"02";"2023";"08:50";"1";"93";"93073";"2";"2";"1";"3";"Rue des Ardennes / Avenue Albert Sarraut";"48,94049100";"2,57583400"
"202300041870";"12";"05";"2023";"17:00";"1";"90";"90042";"2";"9";"1";"6";"Rue du Malsaucy";"47,68223400";"6,79733500"
"202300041871";"8";"04";"2023";"14:45";"1";"33";"33063";"1";"1";"1";"4";"ROCADE A 630";"44,87994783";" -0,53757906"
"202300041872";"23";"02";"2023";"10:00";"1";"93";"93070";"2";"7";"1";"7";"Place du Capitaine Glarner";"48,90715000";"2,32636000"
"202300041873";"7";"05";"2023";"11:00";"1";"90";"90002";"1";"1";"8";"6";"Rue Principale";"47,69116100";"7,00974900"
"202300041874";"8";"04";"2023";"13:20";"1";"33";"33080";"1";"1";"1";"6";"AUTOROUTE A 62";"44,72574933";" -0,52654982"
"202300041875";"23";"02";"2023";"20:15";"5";"93";"93029";"2";"9";"1";"6";"Rue Saint Stenay";"48,92048633";"2,42107923"
"202300041876";"15";"05";"2023";"14:20";"1";"40";"40250";"1";"1";"1";"1";"route de bordeaux";"43,93493000";" -0,42031500"
"202300041877";"8";"04";"2023";"06:00";"4";"33";"33039";"1";"1";"1";"3";"ROCADE A 631";"44,80600000";" -0,53200000"
"202300041878";"14";"05";"2023";"18:50";"1";"24";"24208";"1";"1";"1";"7";"N21";"45,04090100";"0,65098300"
"202300041879";"23";"02";"2023";"00:40";"5";"93";"93005";"2";"1";"1";"3";"Chemin de Roissy En France";"48,95022000";"2,49192000"
"202300041880";"8";"04";"2023";"12:55";"1";"91";"91340";"1";"1";"1";"2";"RN 104";"48,61053000";"2,43324000"
"202300041881";"23";"02";"2023";"15:50";"1";"92";"92044";"2";"1";"8";"7";"RASPAIL(RUE) 13A39 ET 10A30";"48,89793000";"2,29183000"
"202300041882";"8";"04";"2023";"12:52";"1";"92";"92036";"1";"1";"1";"2";"A86";"48,93484397";"2,26726483"
"202300041883";"15";"05";"2023";"18:30";"1";"04";"04036";"1";"1";"1";"3";"d 900";"44,14596600";"6,29601900"
"202300041884";"23";"02";"2023";"13:05";"1";"92";"92044";"2";"3";"1";"6";"VILLIERS(SQUARE) 56 VILLIERS";"48,89065454";"2,27918968"
"202300041885";"7";"04";"2023";"19:20";"1";"92";"92036";"1";"1";"1";"5";"AUTOROUTE A86";"48,93498875";"2,31987855"
"202300041886";"14";"05";"2023";"16:15";"1";"85";"85059";"2";"6";"1";"3";"Avenue du général de Gaulle";"46,64228200";" -0,75024600"
"202300041887";"23";"02";"2023";"15:10";"1";"92";"92026";"2";"1";"1";"3";"MARCEAU";"48,90032352";"2,24502468"
"202300041888";"6";"04";"2023";"14:05";"1";"976";"97611";"2";"1";"1";"7";"cavani-Rond point du Baobab";" -12,78524000";"45,22644000"
"202300041889";"23";"02";"2023";"08:13";"1";"92";"92060";"2";"3";"1";"3";"CHARLES DE GAULLE (AVENUE) RD75 A PARTIR";"48,77640200";"2,25674700"
"202300041890";"16";"05";"2023";"11:15";"1";"28";"28227";"2";"6";"1";"3";"rond point de la libération";"48,59515500";"1,58888200"
"202300041891";"6";"04";"2023";"16:20";"1";"974";"97416";"2";"3";"1";"3";"PAVE(RUE)";" -21,34000000";"55,48000000"
"202300041892";"23";"02";"2023";"20:00";"5";"92";"92012";"2";"1";"1";"6";"YVES KERMEN (RUE) 3/49 - 2/38";"48,82602422";"2,24569559"
"202300041893";"6";"04";"2023";"10:15";"1";"974";"97416";"2";"2";"1";"3";"FOUR A CHAUX(RUE DU)";" -21,34200000";"55,47361000"
"202300041894";"15";"05";"2023";"18:30";"1";"48";"48018";"1";"1";"1";"3";"Route nationale 88";"44,49392600";"3,41411400"
"202300041895";"21";"02";"2023";"14:00";"1";"92";"92004";"2";"1";"1";"7";"HOTEL DE VILLE   ( PLACE )";"48,91089077";"2,28939146"
"202300041896";"6";"04";"2023";"07:30";"1";"974";"97416";"1";"1";"1";"3";"RN02";" -21,33868306";"55,49170732"
"202300041897";"23";"02";"2023";"18:00";"2";"60";"60562";"2";"4";"1";"6";"Rue de Catenoy";"49,35589200";"2,54100100"
"202300041898";"5";"04";"2023";"18:45";"3";"974";"97416";"1";"9";"1";"4";"RN3 (3)";" -21,31870000";"55,48986000"
"202300041899";"23";"02";"2023";"09:10";"1";"71";"71220";"1";"1";"1";"6";"491 Route de la Loire";"46,53880500";"3,76606800"
"202300041900";"6";"04";"2023";"11:05";"1";"69";"69388";"2";"9";"1";"1";"14 Rue Berty Albrecht";"45,72723261";"4,86626992"
"202300041901";"22";"02";"2023";"03:00";"3";"972";"97227";"1";"1";"1";"1";"RN 5";"14,46922000";" -60,92070800"
"202300041902";"5";"04";"2023";"15:40";"1";"69";"69383";"2";"9";"1";"6";"Rue Paul Bert";"45,75700000";"4,86220000"
"202300041903";"24";"02";"2023";"10:17";"1";"12";"12022";"1";"1";"4";"6";"A75";"44,02675900";"3,07717500"
"202300041904";"19";"02";"2023";"18:00";"1";"47";"47156";"1";"1";"1";"6";"route des Bernès";"44,48455600";"0,09115500"
"202300041905";"5";"04";"2023";"02:50";"5";"972";"97209";"1";"1";"2";"6";"RD 41 (ROCADE)";"14,60925000";" -61,06662000"
"202300041906";"22";"02";"2023";"07:10";"2";"76";"76587";"1";"2";"8";"3";"La Hetraie D.925";"49,77583200";"0,46222000"
"202300041907";"6";"04";"2023";"09:40";"1";"69";"69081";"2";"2";"1";"3";"1 Chemin de Villeneuve";"45,78173000";"4,77562000"
"202300041908";"23";"02";"2023";"17:30";"2";"76";"76035";"2";"3";"8";"3";"DÉPARTEMENTALE 49 76390";"49,77599000";"1,75451600"
"202300041909";"5";"04";"2023";"00:07";"5";"69";"69382";"2";"2";"1";"1";"Quai Jean Moulin";"45,76466000";"4,83815000"
"202300041910";"24";"02";"2023";"13:00";"1";"2B";"2B043";"2";"1";"1";"3";"Erbalunga";"42,77563300";"9,47625500"
"202300041911";"4";"04";"2023";"18:45";"1";"69";"69149";"2";"2";"1";"3";"65 Avenue Jean Jaurès";"45,71418491";"4,81917430"
"202300041912";"23";"02";"2023";"10:00";"1";"2B";"2B152";"1";"1";"1";"3";"D80 PK25+300";"42,89423800";"9,47329900"
"202300041913";"6";"04";"2023";"13:19";"1";"971";"97113";"1";"4";"1";"1";"RN4 - SECTION RIVIERA";"16,21698224";" -61,48243189"
"202300041914";"23";"02";"2023";"07:00";"2";"11";"11351";"1";"4";"1";"2";"route départementale 613";"43,09219300";"2,71014700"
"202300041915";"23";"02";"2023";"09:15";"1";"63";"63178";"2";"1";"8";"7";"45 Route de Parentignat";"45,54221700";"3,26112100"
"202300041916";"6";"04";"2023";"12:05";"1";"91";"91097";"1";"1";"2";"2";"AV DU GAL CHARLES DE GAULLE";"48,68636000";"2,52835000"
"202300041917";"23";"02";"2023";"13:45";"1";"55";"55282";"1";"1";"8";"7";"D11";"48,81141400";"5,36261600"
"202300041918";"4";"04";"2023";"17:05";"1";"91";"91174";"2";"1";"1";"6";"RUE EMILE ZOLA";"48,61154000";"2,46991000"
"202300041919";"22";"02";"2023";"12:45";"1";"49";"49331";"2";"1";"2";"7";"Rue Ernest Renan";"47,68613500";" -0,87788700"
"202300041920";"6";"04";"2023";"09:25";"1";"90";"90010";"2";"3";"1";"6";"Rue de la Fraternité";"47,63835400";"6,83815300"
"202300041921";"23";"02";"2023";"18:05";"2";"42";"42260";"1";"4";"1";"2";"Route de Boen";"45,82689300";"3,92945200"
"202300041922";"23";"02";"2023";"14:50";"1";"41";"41080";"2";"2";"2";"6";"Rue du Cher";"47,34093400";"1,18702100"
"202300041923";"31";"03";"2023";"16:53";"1";"88";"88413";"2";"1";"2";"4";"Rue du 31éme BCP";"48,28448000";"6,95625000"
"202300041924";"22";"02";"2023";"08:15";"1";"44";"44151";"1";"2";"2";"3";"1 Route de Saint-Denac";"47,32512500";" -2,33206000"
"202300041925";"5";"04";"2023";"17:32";"1";"87";"87085";"2";"3";"1";"6";"LONDRES (RUE DE)";"45,84572000";"1,26051000"
"202300041926";"23";"02";"2023";"16:45";"1";"35";"35306";"1";"6";"1";"6";"Rue du Fort";"48,56516000";" -1,92569700"
"202300041927";"5";"04";"2023";"12:45";"1";"86";"86194";"2";"1";"1";"7";"Rue des Entrepreneurs";"46,61505600";"0,34388600"
"202300041928";"20";"01";"2023";"15:02";"1";"14";"14119";"2";"1";"8";"7";"D225";"49,14572700";" -0,25234200"
"202300041929";"23";"02";"2023";"18:10";"1";"50";"50639";"2";"7";"1";"7";"Rue du Chemin Vert";"48,84035200";" -1,21827000"
"202300041930";"4";"04";"2023";"11:15";"1";"84";"84031";"2";"1";"1";"6";"MONT VENTOUX AVENUE DU";"44,05594000";"5,05429000"
"202300041931";"19";"03";"2023";"02:30";"4";"84";"84031";"2";"6";"2";"6";"Avenue Dwight Eisenhower";"44,03216000";"5,05175000"
"202300041932";"22";"02";"2023";"17:00";"1";"36";"36141";"1";"6";"2";"3";"";"46,59825798";"1,77400448"
"202300041933";"4";"04";"2023";"16:49";"1";"84";"84007";"2";"4";"1";"6";"FERRY ( Boulevard Jules)";"43,93766000";"4,80335000"
"202300041934";"23";"02";"2023";"20:00";"3";"36";"36118";"1";"1";"3";"7";"";"46,72652284";"1,37738067"
"202300041935";"24";"02";"2023";"16:40";"1";"85";"85297";"1";"1";"1";"6";"départementale 746 leu dit les fontenelles";"46,41436000";" -1,17655500"
"202300041936";"6";"04";"2023";"08:20";"1";"83";"83126";"2";"2";"1";"3";"PETIN (AV HENRI)";"43,10324200";"5,87444100"
"202300041937";"6";"04";"2023";"14:00";"1";"83";"83061";"1";"1";"1";"6";"N7";"43,43732978";"6,71956336"
"202300041938";"23";"02";"2023";"13:10";"1";"30";"30006";"1";"6";"1";"3";"route des plages";"43,67151100";"4,21209000"
"202300041939";"24";"02";"2023";"06:50";"2";"08";"08391";"1";"1";"1";"1";"2 Cd Nord 5";"49,73418241";"4,91895202"
"202300041940";"23";"03";"2023";"15:45";"1";"83";"83118";"1";"3";"1";"3";"BOULEVARD DE L'ASPÉ";"43,43139000";"6,80385000"
"202300041941";"23";"02";"2023";"17:05";"1";"68";"68375";"2";"9";"1";"1";"63 Rue de Cernay";"47,80885300";"7,23058600"
"202300041942";"6";"04";"2023";"19:20";"1";"81";"81065";"2";"4";"1";"1";"HIPPOLYTE (CH.DE SAINT)";"43,60214000";"2,25916000"
"202300041943";"23";"01";"2023";"07:10";"2";"06";"06083";"1";"1";"1";"2";"A8 Bretelle d'entrée n°59 PK 220.100";"43,79711600";"7,48181300"
"202300041944";"5";"04";"2023";"16:20";"1";"81";"81257";"2";"9";"1";"3";"JAURES ( AVENUE JEAN )";"43,94202860";"2,19074350"
"202300041945";"24";"02";"2023";"14:49";"1";"24";"24068";"1";"1";"1";"1";"D25, PK 023.000";"44,84187300";"0,93006100"
"202300041946";"30";"03";"2023";"20:40";"5";"80";"80021";"2";"1";"1";"3";"FUSILLES (BOULEVARD DES )";"49,90204000";"2,29922000"
"202300041947";"1";"04";"2023";"21:10";"3";"80";"80379";"1";"1";"2";"6";"RN 25";"49,86540000";"2,37380000"
"202300041948";"24";"02";"2023";"14:30";"1";"973";"97311";"1";"1";"1";"6";"Rue des Bleuets";"5,45972400";" -54,04144800"
"202300041949";"24";"02";"2023";"03:30";"5";"971";"97106";"2";"1";"8";"7";"N2";"16,15962300";" -61,77478700"
"202300041950";"2";"04";"2023";"01:35";"5";"78";"78126";"2";"3";"1";"3";"JONCHERE (AVENUE DE LA)";"48,85641400";"2,14496600"
"202300041951";"23";"02";"2023";"14:20";"1";"2B";"2B313";"2";"1";"1";"1";"Moriani Plage";"42,36797800";"9,52956700"
"202300041952";"18";"02";"2023";"02:45";"3";"2B";"2B303";"1";"1";"1";"7";"Alistro";"42,25755500";"9,54677600"
"202300041953";"24";"02";"2023";"11:30";"1";"66";"66094";"2";"1";"1";"6";"";"42,61046430";"2,99578100"
"202300041954";"4";"04";"2023";"15:30";"1";"78";"78440";"2";"1";"1";"3";"CENTRE ESPACE";"48,97945000";"1,91282000"
"202300041955";"24";"02";"2023";"11:45";"1";"66";"66037";"2";"1";"1";"6";"";"42,68154700";"3,03138400"
"202300041956";"24";"02";"2023";"07:45";"1";"84";"84028";"1";"1";"1";"1";"D167";"44,24470700";"4,91159700"
"202300041957";"5";"04";"2023";"18:53";"1";"74";"74281";"2";"1";"1";"2";"GENEVE (AVE DE) JUSQUE CROISEE ANTHY";"46,35523000";"6,44717000"
"202300041958";"20";"02";"2023";"12:30";"1";"83";"83053";"1";"1";"1";"1";"d62";"43,17013100";"5,89804900"
"202300041959";"23";"02";"2023";"18:50";"5";"73";"73213";"1";"1";"1";"6";"D1006";"45,56331400";"5,96905800"
"202300041960";"6";"04";"2023";"20:30";"5";"69";"69266";"2";"1";"1";"3";"Pont Raymond Poincaré";"45,78598000";"4,86025000"
"202300041961";"24";"02";"2023";"16:00";"1";"42";"42094";"2";"2";"2";"3";"Rue du 8 mai";"45,74507200";"4,22272800"
"202300041962";"5";"04";"2023";"17:20";"1";"69";"69264";"2";"1";"1";"6";"124 Rue Bointon";"45,99598543";"4,72072352"
"202300041963";"24";"02";"2023";"16:50";"1";"31";"31395";"1";"6";"7";"3";"D15";"43,46024200";"1,29558600"
"202300041964";"6";"04";"2023";"05:53";"2";"69";"69199";"2";"3";"1";"2";"Rue du Midi";"45,68867000";"4,86142000"
"202300041965";"21";"02";"2023";"13:45";"1";"33";"33227";"2";"1";"1";"3";"Chemin de la Garenne";"44,54735900";" -0,25003400"
"202300041966";"5";"04";"2023";"19:10";"2";"67";"67482";"2";"1";"7";"3";"PIERRE PFLIMLIN (BOULEVARD)";"48,59944000";"7,77006000"
"202300041967";"22";"02";"2023";"04:30";"3";"50";"50099";"1";"1";"1";"6";"D974";"49,32406600";" -1,26677500"
"202300041968";"23";"02";"2023";"15:07";"1";"35";"35205";"2";"1";"2";"6";"10 Rue Marechal Ferrant";"48,41393100";" -1,62558200"
"202300041969";"6";"04";"2023";"17:30";"1";"64";"64483";"2";"1";"1";"6";"ITHURRALDE ANDRE (AVENUE)";"43,39529000";" -1,64788000"
"202300041970";"23";"02";"2023";"09:20";"1";"13";"13028";"1";"1";"1";"1";"A50-Sens Aubagne vers Toulon";"43,20508000";"5,59063000"
"202300041971";"5";"04";"2023";"07:50";"1";"64";"64335";"2";"3";"1";"5";"EUROPE DE L'";"43,33519000";" -0,45695000"
"202300041972";"23";"02";"2023";"10:10";"1";"13";"13022";"1";"1";"1";"2";"A50-Sens Aubagne vers Toulon";"43,21173300";"5,58249900"
"202300041973";"6";"04";"2023";"00:20";"5";"64";"64102";"2";"9";"1";"3";"PONT SAINT FREDERIC";"43,48811000";" -1,46032000"
"202300041974";"5";"02";"2023";"15:00";"1";"83";"83069";"1";"1";"1";"2";"A570";"43,11751699";"6,10725260"
"202300041975";"3";"04";"2023";"16:10";"1";"63";"63124";"2";"2";"1";"3";"PONT (AVENUE DU)";"45,73526000";"3,20577000"
"202300041976";"21";"02";"2023";"07:26";"2";"33";"33013";"1";"1";"1";"2";"ROUTE NATIONALE 230";"44,85551000";" -0,50511000"
"202300041977";"6";"04";"2023";"04:42";"5";"63";"63113";"2";"2";"1";"3";"ESTAING (RUE D') / av de la République";"45,78747000";"3,10586000"
"202300041978";"5";"04";"2023";"14:41";"1";"63";"63113";"2";"2";"1";"6";"ORADOU (RUE DE L')";"45,77366000";"3,09762000"
"202300041979";"23";"02";"2023";"15:30";"1";"91";"91161";"1";"1";"1";"3";"AUTOROUTE A6";"48,71031000";"2,30741000"
"202300041980";"5";"04";"2023";"18:40";"1";"60";"60057";"2";"1";"1";"6";"Rue des Vignes";"49,43335778";"2,10375738"
"202300041981";"23";"02";"2023";"14:15";"1";"78";"78545";"1";"1";"1";"2";"A12 W";"48,80893600";"2,05441600"
"202300041982";"5";"04";"2023";"17:30";"1";"59";"59646";"2";"1";"1";"6";"GRAND COTTIGNIES (AVENUE DU)";"50,68102000";"3,13193000"
"202300041983";"23";"02";"2023";"09:30";"1";"95";"95018";"1";"1";"2";"6";"A15";"48,95858710";"2,27405291"
"202300041984";"6";"04";"2023";"09:15";"1";"59";"59350";"2";"2";"2";"3";"BERTEAUX MAURICE RUE";"50,62226000";"3,09653000"
"202300041985";"22";"02";"2023";"19:45";"4";"95";"95018";"1";"1";"2";"4";"A15";"48,95858710";"2,27405291"
"202300041986";"21";"02";"2023";"12:55";"1";"75";"75120";"2";"1";"1";"2";"PORTE DE MONTREUIL";"48,85813300";"2,41411000"
"202300041987";"30";"08";"2023";"17:50";"1";"22";"22278";"2";"1";"1";"3";"BOUESSIERES (DES)";"48,52500000";" -2,80500000"
"202300041988";"22";"02";"2023";"12:00";"1";"75";"75116";"2";"2";"8";"2";"RUE DE BOULAINVILLIERS";"48,85639100";"2,27477200"
"202300041989";"4";"04";"2023";"16:19";"1";"59";"59227";"1";"1";"7";"1";"LENINE WLADIMIR(RUE)";"50,35197375";"3,29642297"
"202300041990";"22";"02";"2023";"21:40";"5";"75";"75110";"2";"1";"2";"3";"BOULEVARD DE LA CHAPELLE";"48,88385400";"2,35332100"
"202300041991";"2";"09";"2023";"00:30";"5";"13";"13071";"2";"1";"1";"4";"DARTY (MAGASIN) C/C BARNEOUD";"43,41434000";"5,36062000"
"202300041992";"22";"02";"2023";"08:20";"1";"75";"75110";"2";"1";"1";"3";"BOULEVARD DE LA CHAPELLE";"48,88390400";"2,35331600"
"202300041993";"6";"04";"2023";"13:10";"1";"58";"58194";"2";"6";"1";"2";"FONTAINE D'ARGENT (PLACE)";"46,99249000";"3,14831000"
"202300041994";"1";"09";"2023";"11:30";"1";"13";"13071";"2";"1";"1";"6";"PAS DE LA MUE ( CHEMIN DU )";"43,40832000";"5,31667000"
"202300041995";"22";"02";"2023";"18:15";"5";"75";"75108";"2";"1";"2";"6";"COURS LA REINE";"48,86464183";"2,31196225"
"202300041996";"1";"09";"2023";"19:30";"5";"13";"13215";"2";"9";"1";"6";"ALPHONSE CANOVAS (PLACE)";"43,37127327";"5,35557288"
"202300041997";"21";"02";"2023";"08:35";"1";"94";"94055";"2";"3";"1";"3";"Avenue de Pince Vent";"48,78948244";"2,54892504"
"202300041998";"1";"09";"2023";"14:15";"1";"13";"13207";"2";"1";"1";"3";"Corniche John Fitzgérald Kennedy";"43,27714000";"5,35716000"
"202300041999";"5";"04";"2023";"16:40";"1";"58";"58194";"2";"1";"1";"4";"PONT DE LOIRE";"46,98472000";"3,15799000"
"202300042000";"22";"02";"2023";"17:15";"1";"93";"93070";"2";"1";"2";"3";"27 Avenue Gabriel Péri";"48,90958018";"2,33306453"
"202300042001";"5";"04";"2023";"17:50";"1";"57";"57757";"2";"1";"1";"6";"BORDEAUX (RUE DE)";"49,35920000";"6,21545000"
"202300042002";"1";"09";"2023";"21:20";"5";"10";"10387";"2";"2";"1";"3";"CHAILLOUET RUE)";"48,30481000";"4,08380000"
"202300042003";"22";"02";"2023";"10:50";"1";"93";"93066";"2";"9";"1";"3";"Avenue du Colonel Fabien";"48,94526600";"2,35173500"
"202300042004";"5";"04";"2023";"12:35";"1";"51";"51454";"2";"3";"1";"2";"rue Lecointre";"49,26674000";"4,02159000"
"202300042005";"1";"09";"2023";"17:50";"1";"10";"10387";"2";"3";"1";"3";"JEAN NESMY (RUE)";"48,29436000";"4,09063000"
"202300042006";"22";"02";"2023";"08:20";"1";"93";"93066";"2";"1";"1";"3";"Avenue de Stalingrad";"48,94686169";"2,37115324"
"202300042007";"5";"04";"2023";"13:10";"1";"47";"47323";"2";"1";"1";"6";"FUMEL(AVENUE DE )";"44,40682800";"0,71501600"
"202300042008";"31";"08";"2023";"20:54";"5";"10";"10362";"2";"3";"1";"3";"CAMILLE DESMOULMINS (RUE";"48,30000000";"4,04000000"
"202300042009";"22";"02";"2023";"14:40";"1";"93";"93050";"2";"2";"1";"3";"Avenue du General de Gaulle / Rue Marx Dormoy";"48,85707800";"2,53138800"
"202300042010";"22";"02";"2023";"20:14";"5";"93";"93029";"2";"2";"1";"3";"Avenue Henri Barbusse / Avenue Jean Jaurès";"48,91984000";"2,45139000"
"202300042011";"6";"04";"2023";"15:53";"1";"47";"47201";"2";"4";"1";"2";"MARNE (AV. DE LA)";"44,19396000";"0,59873000"
"202300042012";"31";"08";"2023";"13:00";"1";"10";"10081";"1";"2";"1";"3";"OUEST (BD)";"48,30550000";"4,02558000"
"202300042013";"5";"04";"2023";"15:53";"1";"45";"45004";"1";"1";"1";"3";"D2060 PR 26 + 990";"47,98500000";"2,76089900"
"202300042014";"1";"09";"2023";"15:35";"1";"05";"05061";"2";"1";"1";"6";"JEAN JAURES ( AVENUE )";"44,55226000";"6,07154000"
"202300042015";"22";"02";"2023";"18:55";"5";"92";"92073";"2";"9";"2";"3";"JAURES (AVENUE JEAN)";"48,86532679";"2,20377946"
"202300042016";"1";"04";"2023";"18:30";"1";"44";"44109";"2";"1";"1";"2";"146 Boulevard des Anglais";"47,22467000";" -1,58426000"
"202300042017";"22";"02";"2023";"19:15";"5";"92";"92076";"2";"1";"2";"7";"LA CELLE SAINT CLOUD";"48,84477000";"2,17305000"
"202300042018";"22";"02";"2023";"11:15";"1";"92";"92050";"2";"1";"8";"6";"NORMANDIE ALLEE DE";"48,90066000";"2,21756000"
"202300042019";"6";"04";"2023";"16:25";"1";"43";"43157";"2";"1";"1";"3";"1 Avenue Charles Dupuy";"45,04270000";"3,88920000"
"202300042020";"1";"09";"2023";"16:30";"1";"75";"75118";"2";"1";"1";"3";"BD PERIPHERIQUE INTERIEUR";"48,90064600";"2,33172200"
"202300042021";"22";"02";"2023";"06:25";"5";"92";"92012";"2";"1";"1";"6";"GENERAL LECLERC (AVENUE DU) 1/33 - 2/58";"48,83224881";"2,23869100"
"202300042022";"22";"02";"2023";"20:12";"3";"92";"92004";"1";"1";"1";"6";"DIX HUIT JUIN 40 ( RUE DU )";"48,93121210";"2,27805108"
"202300042023";"31";"08";"2023";"10:25";"1";"75";"75119";"2";"1";"2";"6";"PORTE DES LILAS";"48,88036200";"2,40629600"
"202300042024";"23";"02";"2023";"08:00";"2";"11";"11111";"1";"1";"5";"6";"rte departementale 6113";"43,20833500";"2,80884700"
"202300042025";"1";"04";"2023";"14:30";"1";"42";"42218";"2";"2";"1";"5";"EVRARD FLORENT JUSQU'AUX Nø 87-112";"45,42408000";"4,37520000"