"Num_Acc";"jour";"mois";"an";"hrmn";"lum";"dep";"com";"agg";"int";"atm";"col";"adr";"lat";"long"
"202300042422";"8";"12";"2023";"01:00";"5";"95";"95555";"2";"1";"2";"6";"MARECHAL FOCH (BOULEVARD DU)";"48,96289647";"2,29215682"
"202300042423";"30";"08";"2023";"21:19";"5";"87";"87114";"2";"3";"1";"3";"BLUM (AVENUE LEON-)";"45,83237000";"1,30365000"
"202300042424";"7";"12";"2023";"17:00";"2";"95";"95428";"2";"1";"2";"1";"D124";"48,99050379";"2,32129811"
"202300042425";"30";"08";"2023";"17:35";"1";"83";"83137";"2";"1";"1";"3";"ROOSEVELT (AVE FRANKLIN)";"43,12020000";"5,93943000"
"202300042426";"7";"12";"2023";"18:30";"5";"91";"91657";"2";"3";"1";"3";"RUE DE LA SOURCE";"48,69263900";"2,43507100"
"202300042427";"21";"03";"2023";"08:30";"1";"80";"80725";"1";"1";"1";"5";"RUE DU FOND LAGACHE";"49,87336000";"2,27100000"
"202300042428";"7";"12";"2023";"08:45";"1";"91";"91027";"2";"2";"1";"3";"RTE DE MONTLHERY";"48,69684900";"2,36929300"
"202300042429";"12";"08";"2023";"20:20";"1";"78";"78335";"2";"3";"1";"6";"AVENUE DE LA SOURCE";"48,99925600";"1,74198000"
"202300042430";"6";"12";"2023";"16:21";"1";"87";"87085";"2";"1";"1";"6";"PUY LAS RODAS (RUE DU)";"45,82875000";"1,23243000"
"202300042431";"31";"08";"2023";"01:40";"3";"77";"77143";"1";"1";"1";"7";"D405";"48,98795000";"2,88446000"
"202300042432";"6";"12";"2023";"08:27";"1";"84";"84007";"2";"1";"1";"2";"SAINTE CATHERINE-MONTFAVET";"43,92642000";"4,87558000"
"202300042433";"30";"08";"2023";"17:43";"1";"77";"77111";"2";"1";"1";"1";"BD DU GRAND FOSSE";"48,86077000";"2,76583000"
"202300042434";"5";"12";"2023";"15:25";"1";"84";"84007";"1";"9";"1";"2";"A7D";"43,89166000";"4,91641000"
"202300042435";"31";"08";"2023";"13:50";"1";"76";"76575";"2";"1";"2";"2";"Rue Julian Grimau";"49,38989000";"1,09407000"
"202300042436";"31";"08";"2023";"13:55";"1";"76";"76681";"2";"7";"2";"2";"Pl des Martyrs de la Resistance";"49,41984344";"1,07828289"
"202300042437";"31";"08";"2023";"15:00";"1";"76";"76217";"2";"6";"2";"3";"REPUBLIQUE (AVENUE DE LA)";"49,92526089";"1,10106289"
"202300042438";"30";"08";"2023";"16:30";"1";"69";"69282";"2";"1";"1";"7";"Rue Claude Curtat";"45,75988000";"5,00242000"
"202300042439";"7";"12";"2023";"11:10";"1";"77";"77296";"2";"3";"1";"3";"ALL EDOUARD BRANLY";"48,61012700";"2,58629300"
"202300042440";"31";"08";"2023";"15:25";"1";"69";"69264";"2";"1";"1";"6";"Route de Frans";"45,98450000";"4,73693000"
"202300042441";"7";"12";"2023";"21:02";"5";"72";"72181";"2";"1";"2";"1";"PRESLE (CHEMIN DE LA)";"48,01720000";"0,17207000"
"202300042442";"31";"08";"2023";"12:00";"1";"69";"69259";"2";"1";"1";"2";"Boulevard Irène Joliot Curie";"45,71117549";"4,88223987"
"202300042443";"30";"08";"2023";"10:50";"1";"69";"69259";"2";"1";"1";"2";"Avenue Viviani";"45,72449000";"4,87094000"
"202300042444";"6";"12";"2023";"18:30";"5";"72";"72181";"2";"9";"1";"2";"DEMORIEUX PT DE FER AU PT DE CHEM DE FER";"47,99930000";"0,18957000"
"202300042445";"7";"12";"2023";"19:30";"2";"71";"71306";"2";"3";"2";"6";"LUCY (RUE DE)";"46,66346943";"4,34969679"
"202300042446";"30";"08";"2023";"23:15";"5";"66";"66136";"2";"6";"1";"3";"BALEARES ROND POINT ET CITE DES";"42,68848000";"2,89502000"
"202300042447";"31";"08";"2023";"06:03";"3";"65";"65286";"2";"1";"1";"4";"Avenue Alexandre Marqui";"43,10069389";" -0,04486573"
"202300042448";"6";"12";"2023";"18:55";"2";"71";"71486";"2";"1";"1";"3";"CAMILLE BLANC (RUE)";"46,65665000";"4,37121000"
"202300042449";"30";"08";"2023";"15:00";"1";"64";"64284";"2";"1";"8";"4";"RAUSKI";"43,27714000";" -0,38808000"
"202300042450";"6";"12";"2023";"17:50";"2";"71";"71306";"2";"1";"2";"6";"MARECHAL LECLERC (AVENUE DU)";"46,68294274";"4,37352491"
"202300042451";"31";"08";"2023";"11:25";"1";"64";"64102";"2";"1";"1";"2";"KOENIG (RUE MARECHAL)";"43,48551000";" -1,49164400"
"202300042452";"30";"08";"2023";"17:50";"1";"64";"64024";"2";"3";"1";"6";"BARRE (PROMENADE DE LA)";"43,50826000";" -1,52231000"
"202300042453";"23";"08";"2023";"08:20";"1";"62";"62498";"2";"1";"1";"1";"Rue des Poissonniers";"50,45582084";"2,82522279"
"202300042454";"7";"12";"2023";"11:16";"1";"71";"71475";"2";"2";"8";"3";"EUROPE (AVENUE DE L')";"46,76454000";"4,83289000"
"202300042455";"30";"08";"2023";"17:50";"1";"61";"61006";"2";"6";"1";"3";"D238A";"48,74136000";" -0,02152000"
"202300042456";"6";"12";"2023";"15:05";"1";"69";"69266";"2";"1";"8";"3";"Route de Genas";"45,75416754";"4,89059898"
"202300042457";"30";"08";"2023";"05:55";"5";"61";"61001";"2";"6";"2";"3";"D112";"48,43883000";"0,08327000"
"202300042458";"7";"12";"2023";"09:30";"1";"69";"69264";"2";"1";"1";"6";"Rue Condorcet";"45,98198000";"4,73447000"
"202300042459";"31";"08";"2023";"20:10";"2";"59";"59599";"2";"3";"2";"3";"PARIS (RUE DE)";"50,72298941";"3,14455895"
"202300042460";"6";"12";"2023";"17:10";"5";"69";"69290";"2";"1";"1";"6";"Boulevard André Boulloche";"45,72011000";"4,92404000"
"202300042461";"31";"08";"2023";"15:10";"1";"59";"59220";"2";"1";"2";"3";"LECLERCQ AVENUE DU GENERAL.";"50,59106000";"3,08465000"
"202300042462";"31";"08";"2023";"23:00";"5";"59";"59183";"2";"2";"2";"3";"BERTEAUX MAURICE - AVENUE";"51,02603000";"2,35202000"
"202300042463";"30";"08";"2023";"17:20";"1";"59";"59227";"2";"1";"1";"1";"LENINE WLADIMIR(RUE)";"50,35855000";"3,30046000"
"202300042464";"6";"12";"2023";"14:00";"1";"69";"69259";"2";"1";"1";"6";"Avenue Jacques Duclos";"45,69781000";"4,89302000"
"202300042465";"6";"12";"2023";"10:30";"1";"69";"69290";"2";"2";"1";"3";"Chemin de Genas";"45,71463000";"4,95961000"
"202300042466";"30";"08";"2023";"18:25";"1";"56";"56121";"2";"3";"1";"3";"FERRY ( PL. JULES )";"47,74584400";" -3,36379000"
"202300042467";"30";"08";"2023";"08:32";"1";"56";"56036";"2";"1";"2";"7";"TOUL DOUAR (LIEU-DIT)";"47,79440000";" -3,30455000"
"202300042468";"1";"12";"2023";"21:00";"3";"69";"69091";"1";"1";"3";"3";"Route de Rive-de-Gier";"45,58578436";"4,75112184"
"202300042469";"30";"08";"2023";"16:39";"1";"54";"54528";"2";"3";"1";"3";"Rue Muid des Bles";"48,67449000";"5,88949000"
"202300042470";"6";"12";"2023";"17:20";"5";"67";"67482";"2";"3";"1";"3";"ROMAINS (ROUTE DES)";"48,58016000";"7,71896000"
"202300042471";"30";"08";"2023";"09:25";"1";"54";"54526";"2";"9";"1";"1";"Place Francois Mitterrand";"48,68838300";"6,20961000"
"202300042472";"6";"12";"2023";"17:20";"5";"67";"67043";"2";"1";"1";"7";"ENERGIE (RUE DE L )";"48,62828000";"7,76787000"
"202300042473";"31";"08";"2023";"17:04";"1";"54";"54575";"1";"1";"1";"1";"D125";"49,45940000";"5,86083000"
"202300042474";"6";"12";"2023";"17:05";"2";"64";"64545";"2";"3";"1";"3";"PAUL GELOS (RUE)";"43,37796000";" -1,67243000"
"202300042475";"31";"08";"2023";"07:25";"1";"51";"51454";"2";"2";"1";"3";"GERUZEZ (RUE)";"49,26388000";"4,01797000"
"202300042476";"6";"12";"2023";"13:35";"1";"64";"64102";"2";"1";"1";"2";"SOULT (AVENUE MARECHAL)";"43,48581000";" -1,49081000"
"202300042477";"30";"08";"2023";"08:30";"1";"51";"51573";"2";"1";"8";"3";"PERI (RUE GABRIEL)";"49,24578000";"3,99752000"
"202300042478";"6";"12";"2023";"12:15";"1";"64";"64102";"2";"1";"1";"2";"LABOURD (PONT DU)";"43,48608000";" -1,47480000"
"202300042479";"28";"08";"2023";"20:15";"1";"50";"50129";"2";"2";"1";"3";"SALENGRO (RUE ROGER)";"49,62914000";" -1,64085000"
"202300042480";"30";"08";"2023";"21:19";"1";"49";"49007";"2";"1";"1";"6";"EUROPE PLACE";"47,48783000";" -0,52683000"
"202300042481";"6";"12";"2023";"07:55";"2";"64";"64024";"2";"1";"1";"7";"PARC BELAY (PROMENADE)";"43,47713000";" -1,51949000"
"202300042482";"30";"08";"2023";"16:28";"1";"49";"49007";"2";"1";"1";"2";"DOYENNE BOULEVARD ET PASSAGE";"47,49036000";" -0,53269000"
"202300042483";"7";"12";"2023";"08:00";"1";"63";"63063";"2";"2";"1";"6";"PONT DE L AGAGE (RUE DU)";"45,83034920";"3,10238510"
"202300042484";"30";"08";"2023";"08:00";"1";"49";"49007";"2";"1";"2";"6";"JEANNETEAU";"47,49460000";" -0,55240000"
"202300042485";"6";"12";"2023";"14:20";"1";"62";"62510";"2";"1";"1";"6";"D58";"50,42294025";"2,77720195"
"202300042486";"31";"08";"2023";"16:30";"1";"45";"45302";"2";"6";"2";"7";"Rue Paul Langevin";"47,96040000";"1,88077000"
"202300042487";"7";"12";"2023";"13:30";"1";"62";"62048";"2";"1";"8";"6";"Rue Florent Evrard";"50,50268838";"2,47848880"
"202300042488";"30";"08";"2023";"16:25";"1";"43";"43251";"2";"9";"1";"7";"Route du Carmel";"45,02067000";"3,87134000"
"202300042489";"7";"12";"2023";"18:20";"5";"59";"59291";"2";"9";"8";"6";"MARECHAL FOCH (AVENUE DU)";"50,25465332";"3,90817085"
"202300042490";"31";"08";"2023";"21:05";"3";"37";"37261";"2";"1";"3";"6";"STRAUSS (RUE JOHANN)";"47,36770000";"0,71052000"
"202300042491";"31";"08";"2023";"08:46";"1";"37";"37261";"2";"1";"1";"7";"HEURTELOUP (BOULEVARD)";"47,39110000";"0,69480000"
"202300042492";"7";"12";"2023";"23:00";"5";"59";"59350";"2";"1";"2";"1";"MARCHE RUE DU";"50,62545000";"3,05212000"
"202300042493";"31";"08";"2023";"06:55";"2";"37";"37214";"2";"1";"1";"6";"DE GAULLE (BD CHARLES)";"47,42085000";"0,66157000"
"202300042494";"7";"12";"2023";"22:50";"3";"59";"59350";"2";"1";"3";"6";"CHATEAU D'ISENGHEIN RUE DU";"50,65201000";"2,98654000"
"202300042495";"31";"08";"2023";"08:45";"1";"35";"35238";"2";"3";"2";"6";"ROPARTZ (GUY)";"48,13123055";" -1,65677637"
"202300042496";"7";"12";"2023";"09:30";"1";"59";"59350";"2";"1";"8";"3";"SEINE RUE DE LA";"50,61251000";"3,05789000"
"202300042497";"31";"08";"2023";"08:40";"1";"34";"34172";"2";"6";"1";"6";"CHENAIE (RUE DE LA)";"43,63552000";"3,86840000"
"202300042498";"31";"08";"2023";"14:00";"1";"34";"34032";"2";"2";"1";"1";"FONT-NEUVE (PLACE DE LA)";"43,35315000";"3,21857000"
"202300042499";"6";"12";"2023";"12:10";"1";"59";"59220";"2";"9";"7";"3";"Rue de l'Égalite";"50,58247000";"3,08239000"
"202300042500";"30";"08";"2023";"15:00";"1";"34";"34032";"2";"1";"1";"2";"PECH HENRI (AV)";"43,35323000";"3,22473000"
"202300042501";"1";"09";"2023";"00:10";"5";"33";"33063";"2";"2";"1";"3";"Rue Emile Fourcand";"44,84721000";" -0,58404000"
"202300042502";"7";"12";"2023";"04:25";"4";"56";"56121";"2";"6";"2";"7";"BASE DE SOUS-MARINS ( RD PT DE LA )";"47,73586000";" -3,37444000"
"202300042503";"25";"08";"2023";"10:25";"1";"33";"33063";"2";"3";"1";"3";"Rue du Tauzin";"44,82082000";" -0,60203000"
"202300042504";"30";"08";"2023";"17:25";"1";"31";"31149";"2";"6";"1";"3";"CATCHERE (ALLEE DE)";"43,61236500";"1,31807600"
"202300042505";"8";"12";"2023";"20:20";"5";"54";"54528";"2";"3";"1";"2";"Av du Pdt J Fitzgerald Kennedy";"48,69661000";"5,89502000"
"202300042506";"30";"08";"2023";"09:35";"1";"30";"30243";"1";"2";"1";"3";"montée des cyprés ";"44,09591000";"4,08008000"
"202300042507";"31";"08";"2023";"17:15";"1";"29";"29232";"2";"1";"1";"2";"Allée de Meilh Stang Vihan";"48,01064400";" -4,10235300"
"202300042508";"6";"12";"2023";"08:00";"1";"50";"50218";"2";"1";"1";"6";"MATIGNON (AV DES)";"48,83794000";" -1,57293000"
"202300042509";"31";"08";"2023";"08:40";"1";"29";"29039";"1";"1";"2";"7";"Rue de Colguen";"47,90160773";" -3,90860942"
"202300042510";"6";"12";"2023";"08:00";"5";"50";"50218";"2";"1";"1";"6";"LYCEES (RUE DES)";"48,83067000";" -1,53893000"
"202300042511";"30";"08";"2023";"18:50";"1";"29";"29019";"2";"9";"1";"1";"rue de l'Eglise";"48,38223000";" -4,50205000"
"202300042512";"31";"08";"2023";"16:44";"1";"27";"27701";"2";"1";"1";"4";"avenue des métiers";"49,24469000";"1,17354000"
"202300042513";"30";"08";"2023";"11:20";"1";"27";"27229";"2";"1";"1";"6";"PANNETTE (RUE DE)";"49,02080000";"1,14771000"
"202300042514";"6";"12";"2023";"07:00";"5";"50";"50129";"2";"2";"1";"3";"BARBUSSE (RUE HENRI)";"49,61793000";" -1,65189000"
"202300042515";"26";"08";"2023";"16:45";"1";"24";"24557";"1";"1";"1";"1";"AUTOMOBILE (AVENUE DE L')";"45,19802000";"0,79040000"
"202300042516";"31";"08";"2023";"15:45";"1";"17";"17306";"2";"1";"1";"6";"GARE (DE LA)";"45,62569000";" -1,01734000"
"202300042517";"7";"12";"2023";"07:24";"5";"49";"49007";"1";"6";"1";"3";"GOURONNIERES";"47,48348000";" -0,57568000"
"202300042518";"31";"08";"2023";"11:45";"1";"15";"15012";"1";"1";"1";"7";"R 358";"44,85786800";"2,44764600"
"202300042519";"6";"12";"2023";"17:35";"2";"49";"49007";"2";"1";"5";"6";"PASTEUR AVENUE";"47,47175000";" -0,54273000"
"202300042520";"31";"08";"2023";"09:35";"1";"13";"13054";"2";"6";"7";"3";"MARECHAL JUIN (AV DU )";"43,41990000";"5,22500000"
"202300042521";"31";"08";"2023";"02:15";"3";"13";"13103";"1";"1";"1";"7";"AVENUE DE LATTRE DE TASSIGNY-RD 17-";"43,67160000";"5,07443000"
"202300042522";"30";"08";"2023";"17:55";"1";"07";"07281";"2";"3";"1";"3";"GROSS-UMSTADT (AVENUE DE)";"44,94038231";"4,86387223"
"202300042523";"6";"12";"2023";"17:55";"5";"45";"45234";"2";"3";"1";"3";"54 Quai de la Madeleine";"47,89801000";"1,87938000"
"202300042524";"31";"08";"2023";"16:35";"1";"07";"07019";"1";"1";"1";"4";"RN 102";"44,63434922";"4,37960974"
"202300042525";"8";"12";"2023";"00:20";"5";"44";"44143";"2";"1";"2";"6";"29 Rue Aristide Nogue";"47,17999000";" -1,53842000"
"202300042526";"31";"08";"2023";"12:00";"1";"07";"07019";"1";"1";"1";"2";"RN 102";"44,63474000";"4,37950000"
"202300042527";"7";"12";"2023";"16:15";"2";"37";"37122";"2";"1";"2";"4";"CHINON (BOULEVARD DE)";"47,35141000";"0,68156000"
"202300042528";"7";"12";"2023";"13:00";"1";"37";"37261";"2";"1";"1";"6";"LESSEPS (ALLEE FERDINAND DE)";"47,36674000";"0,67851000"
"202300042529";"7";"12";"2023";"08:15";"5";"35";"35238";"2";"6";"2";"6";"PAYS-BAS (AVENUE DES)";"48,08672000";" -1,66102000"
"202300042530";"31";"08";"2023";"16:25";"1";"06";"06159";"2";"3";"1";"3";"PRINCESSE GRACE DE MONACO (AVENUE)";"43,70148000";"7,30661000"
"202300042531";"7";"12";"2023";"08:30";"5";"35";"35115";"2";"6";"2";"3";"MITTERAND (AVENUE FRANCOIS)";"48,35180800";" -1,20063200"
"202300042532";"31";"08";"2023";"21:05";"1";"06";"06069";"2";"1";"1";"6";"CHAPELLE SAINT ANTOINE (CHEMIN DE LA)";"43,64414900";"6,93083000"
"202300042533";"7";"12";"2023";"13:40";"1";"34";"34172";"2";"1";"1";"1";"POMPIGNANE (AVENUE DE LA)";"43,61357000";"3,89826000"
"202300042534";"31";"08";"2023";"10:00";"1";"06";"06029";"2";"1";"1";"6";"MURIERS (AVENUE DES)";"43,55401000";"6,96921000"
"202300042535";"6";"12";"2023";"22:20";"3";"34";"34032";"2";"1";"1";"3";"GALINIER HENRI (AV)";"43,34131000";"3,18345000"
"202300042536";"19";"08";"2023";"05:25";"3";"04";"04112";"1";"1";"1";"7";"SERRETS (AV.DES)";"43,81664000";"5,77244000"
"202300042537";"7";"12";"2023";"17:40";"3";"33";"33075";"1";"1";"3";"1";"Boulevard Jacques Chaban-Delmas";"44,89639000";" -0,58637000"
"202300042538";"27";"08";"2023";"00:15";"3";"02";"02408";"1";"1";"1";"6";"N/A";"49,54990000";"3,59562000"
"202300042539";"7";"12";"2023";"18:30";"5";"33";"33063";"2";"1";"3";"3";"Boulevard du Président Wilson";"44,84352000";" -0,59946000"
"202300042540";"7";"12";"2023";"15:00";"1";"33";"33063";"2";"1";"2";"6";"Rue Lucien Faure";"44,86570000";" -0,56057000"
"202300042541";"31";"08";"2023";"08:40";"1";"01";"01283";"2";"3";"8";"3";"GUYNEMER";"46,25502300";"5,63601800"
"202300042542";"6";"12";"2023";"11:30";"1";"33";"33550";"2";"1";"1";"3";"TOULOUSE (RTE DE)";"44,79759014";" -0,56868330"
"202300042543";"6";"12";"2023";"19:30";"5";"33";"33162";"2";"3";"1";"3";"Avenue du Médoc";"44,89110000";" -0,65780000"
"202300042544";"4";"10";"2023";"08:17";"1";"51";"51569";"1";"1";"7";"4";"N31";"49,26492000";"3,93284800"
"202300042545";"3";"10";"2023";"15:45";"1";"51";"51030";"2";"1";"8";"7";"D1";"49,05016400";"4,01001000"
"202300042546";"7";"12";"2023";"23:10";"5";"31";"31555";"2";"2";"3";"1";"AV DE LARDENNE";"43,59365300";"1,39176300"
"202300042547";"6";"09";"2023";"01:00";"3";"51";"51029";"2";"6";"1";"6";"350 Avenue de Mazagran";"48,97516500";"4,02777800"
"202300042548";"7";"12";"2023";"13:30";"1";"31";"31555";"2";"1";"1";"4";"NARBONNE (ROUTE DE)";"43,56096400";"1,46273200"
"202300042549";"3";"10";"2023";"12:35";"1";"59";"59546";"2";"1";"1";"3";"RD 916";"50,77867100";"2,54946400"
"202300042550";"31";"08";"2023";"04:44";"5";"75";"75101";"2";"2";"1";"6";"RUE DE RIVOLI";"48,86636200";"2,32347100"
"202300042551";"6";"12";"2023";"17:35";"2";"31";"31555";"2";"1";"1";"3";"ALL DE BELLEFONTAINE";"43,56424355";"1,40222535"
"202300042552";"1";"10";"2023";"00:30";"3";"79";"79120";"1";"6";"1";"7";"N/A";"46,65416400";" -0,09003600"
"202300042553";"21";"09";"2023";"16:27";"1";"2B";"2B110";"1";"1";"1";"6";"CD 39";"42,29398100";"9,27412400"
"202300042554";"5";"12";"2023";"06:50";"5";"30";"30189";"2";"4";"1";"3";"PAINLEVE PAUL (RUE)";"43,83660000";"4,37260000"
"202300042555";"7";"12";"2023";"10:45";"1";"29";"29232";"2";"1";"3";"6";"Rue Francois le Guiner";"47,98629500";" -4,07951000"
"202300042556";"3";"10";"2023";"09:10";"1";"81";"81290";"1";"2";"8";"3";"Chemin de la Chanade";"44,02530900";"1,96304400"
"202300042557";"4";"10";"2023";"14:50";"1";"89";"89263";"1";"3";"1";"3";"Départementale 84";"47,86258600";"3,57828100"
"202300042558";"6";"12";"2023";"18:05";"5";"29";"29019";"2";"3";"1";"3";"183 rue de Gouesnou";"48,41841200";" -4,46776300"
"202300042559";"3";"10";"2023";"17:10";"1";"63";"63170";"1";"1";"1";"6";"D61";"45,86477700";"2,76325500"
"202300042560";"4";"12";"2023";"16:10";"1";"29";"29019";"2";"6";"2";"3";"rond-point des Grèbes";"48,38918000";" -4,45805000"
"202300042561";"7";"12";"2023";"18:15";"5";"27";"27681";"2";"2";"2";"3";"AZEMIA (BOULEVARD GEORGES)";"49,07791000";"1,49265000"
"202300042562";"3";"10";"2023";"13:00";"1";"63";"63010";"1";"3";"1";"5";"RD906 / chemin de la Dolore";"45,44144200";"3,72392500"
"202300042563";"6";"12";"2023";"21:20";"3";"27";"27234";"1";"1";"1";"2";"RN 154";"49,03778900";"1,18594400"
"202300042564";"3";"10";"2023";"19:40";"1";"49";"49223";"2";"1";"1";"2";"4bis Route de Nantes";"47,40229600";" -0,53080400"
"202300042565";"12";"01";"2023";"17:00";"2";"93";"93051";"2";"1";"1";"6";"Avenue Emile Cossonneau";"48,84887000";"2,55320000"
"202300042566";"6";"12";"2023";"18:33";"5";"25";"25388";"2";"2";"8";"1";"THOUROT (RUE FREDERIC)";"47,51692000";"6,79141000"
"202300042567";"4";"10";"2023";"17:10";"1";"46";"46232";"2";"9";"1";"1";"route de martel";"44,99490000";"1,64475200"
"202300042568";"11";"01";"2023";"22:10";"5";"93";"93048";"2";"2";"1";"6";"Boulevard Aristide Briand / Boulevard de la Boissière";"48,87824000";"2,45752000"
"202300042569";"3";"10";"2023";"12:41";"1";"46";"46169";"1";"9";"1";"6";"d673";"44,71052748";"1,32979942"
"202300042570";"7";"12";"2023";"08:00";"1";"25";"25056";"2";"2";"1";"3";"FLEMING BOULEVARD";"47,22553000";"5,96545000"
"202300042571";"7";"12";"2023";"17:35";"5";"24";"24037";"2";"1";"3";"6";"MONTAIGNE(BOULEVARD)";"44,85583000";"0,48406000"
"202300042572";"3";"10";"2023";"16:10";"1";"47";"47285";"1";"4";"1";"7";"781 Chemin de Bouchon";"44,45154700";"0,10819000"
"202300042573";"12";"01";"2023";"22:30";"5";"93";"93031";"2";"3";"2";"1";"Rue du Commandant Louis Bouchet / Allée des Platanes";"48,95286000";"2,32350000"
"202300042574";"7";"12";"2023";"05:20";"3";"22";"22360";"1";"1";"1";"6";"RN12";"48,49157000";" -2,72283000"
"202300042575";"3";"10";"2023";"08:20";"1";"68";"68270";"2";"1";"7";"6";"39 Rue Principale";"47,77888400";"7,28470800"
"202300042576";"12";"01";"2023";"12:45";"1";"93";"93029";"2";"1";"2";"6";"Rue Roger Salengro";"48,91648300";"2,43620100"
"202300042577";"4";"12";"2023";"08:22";"2";"18";"18033";"1";"2";"8";"4";"N/A";"47,04580000";"2,42089800"
"202300042578";"12";"01";"2023";"16:00";"1";"93";"93001";"2";"1";"1";"6";"Avenue Victor Hugo";"48,90700000";"2,37600000"
"202300042579";"2";"10";"2023";"15:01";"1";"25";"25024";"1";"1";"1";"4";"départementale 437";"46,95468600";"6,40082400"
"202300042580";"5";"12";"2023";"17:39";"4";"18";"18033";"2";"1";"1";"6";"112 Avenue de Lattre de Tassigny";"47,09805000";"2,41719000"
"202300042581";"7";"12";"2023";"14:30";"1";"17";"17306";"2";"2";"2";"6";"MERIOT HENRI";"45,62762000";" -1,03034000"
"202300042582";"3";"10";"2023";"19:15";"1";"44";"44192";"1";"1";"7";"3";"La Sibilerie";"47,25175200";" -1,99118600"
"202300042583";"11";"01";"2023";"16:25";"1";"92";"92062";"2";"1";"1";"2";"BAS ROGERS (RUE DES)";"48,88035200";"2,22963700"
"202300042584";"6";"12";"2023";"19:15";"5";"14";"14715";"2";"1";"1";"3";"129 Boulevard d'Hautpoul";"49,36541000";"0,08411900"
"202300042585";"2";"10";"2023";"20:45";"2";"35";"35207";"1";"3";"1";"1";"Hidouze";"48,06577700";" -1,51082400"
"202300042586";"12";"01";"2023";"08:10";"2";"92";"92077";"2";"2";"2";"5";"SEVRES (RUE DE)";"48,82597804";"2,19815800"
"202300042587";"3";"10";"2023";"14:10";"1";"29";"29176";"1";"1";"1";"1";"Prad Treanna";"48,11268311";" -4,20699075"
"202300042588";"7";"12";"2023";"18:40";"5";"13";"13211";"2";"1";"1";"3";"JEAN LOMBARD (AVENUE)";"43,28893000";"5,43115000"
"202300042589";"12";"01";"2023";"19:10";"5";"92";"92050";"2";"1";"1";"6";"REPUBLIQUE AVENUE DE LA";"48,90569000";"2,21028000"
"202300042590";"2";"10";"2023";"14:50";"1";"29";"29037";"1";"3";"1";"3";"Pen Diry";"47,86196774";" -4,16035509"
"202300042591";"3";"10";"2023";"07:30";"2";"38";"38034";"2";"4";"1";"3";"Avenue de la Valloire";"45,33617000";"5,05003600"
"202300042592";"3";"10";"2023";"18:20";"2";"03";"03320";"1";"1";"1";"6";"RD 94";"46,54283100";"2,92922400"
"202300042593";"2";"10";"2023";"14:50";"1";"06";"06071";"1";"1";"1";"7";"D2202";"44,04403400";"6,84020700"
"202300042594";"7";"12";"2023";"19:20";"5";"13";"13206";"2";"9";"1";"2";"BRETEUIL (RUE)";"43,29723000";"5,38107000"
"202300042595";"12";"01";"2023";"08:00";"2";"92";"92048";"2";"2";"2";"6";"STALINGRAD (PLACE)";"48,81490275";"2,23424613"
"202300042596";"4";"10";"2023";"07:15";"2";"14";"14161";"1";"2";"1";"3";"33 Route de la Forge Boutron";"49,21604540";"0,13603091"
"202300042597";"30";"09";"2023";"15:58";"1";"14";"14132";"1";"2";"1";"7";"D613";"49,34030500";" -0,98038100"
"202300042598";"4";"10";"2023";"20:16";"5";"73";"73154";"1";"1";"1";"7";"Route fernand bellet";"45,68087900";"6,37528900"
"202300042599";"12";"01";"2023";"11:46";"1";"92";"92040";"2";"1";"2";"6";"PAIX (AVENUE DE LA)";"48,81764600";"2,27326900"
"202300042600";"4";"10";"2023";"15:15";"1";"24";"24252";"2";"1";"1";"6";"Route du Maréchal-Ferrant";"44,96079700";"1,19755300"
"202300042601";"3";"10";"2023";"07:30";"1";"85";"85084";"1";"3";"1";"3";"RD 160";"46,78160600";" -1,20852610"
"202300042602";"12";"01";"2023";"09:15";"1";"92";"92040";"2";"1";"1";"2";"ESTIENNE D'ORVES";"48,82310000";"2,26786000"
"202300042603";"3";"10";"2023";"16:05";"1";"17";"17003";"2";"1";"1";"3";"Place de la Renaissance (Parking)";"46,11651700";" -0,93611200"
"202300042604";"3";"10";"2023";"22:30";"5";"37";"37050";"2";"6";"1";"3";"D910";"47,31714143";"0,71081400"
"202300042605";"12";"01";"2023";"20:40";"5";"92";"92026";"2";"9";"1";"4";"GAMBETTA";"48,89375000";"2,24837000"
"202300042606";"3";"10";"2023";"21:00";"5";"08";"08490";"2";"2";"1";"3";"RUE DE LA FORTERESSE";"49,42582613";"4,67710268"
"202300042607";"3";"10";"2023";"23:45";"5";"973";"97307";"2";"1";"1";"1";"RN 2";"4,88614200";" -52,33527300"
"202300042608";"11";"01";"2023";"12:30";"1";"92";"92025";"2";"3";"1";"3";"VALMY (BD DE)";"48,93431700";"2,25589200"
"202300042609";"4";"10";"2023";"12:55";"1";"18";"18081";"1";"2";"1";"3";"N/A";"47,01157200";"2,53344300"
"202300042610";"12";"01";"2023";"21:20";"5";"92";"92012";"1";"1";"2";"1";"ANATOLE FRANCE (BOULEVARD) 1/4BIS";"48,85139000";"2,23305000"
"202300042611";"2";"10";"2023";"18:00";"1";"975";"97502";"2";"2";"1";"1";"Rue de Paris";"46,78154800";" -56,17545100"
"202300042612";"23";"09";"2023";"07:05";"2";"988";"98821";"1";"1";"1";"7";"Savexpress - Savannah";" -22,16298900";"166,38319600"
"202300042613";"12";"01";"2023";"21:08";"3";"74";"74309";"1";"1";"1";"2";"route de Frangy";"46,09619443";"6,02549814"
"202300042614";"23";"09";"2023";"09:40";"1";"988";"98813";"2";"1";"1";"6";"RT1 - Village de La Foa";" -21,71496000";"165,82849000"
"202300042615";"3";"10";"2023";"20:05";"3";"971";"97125";"1";"1";"1";"6";"Belle Allée";"16,25781500";" -61,30680100"
"202300042616";"3";"10";"2023";"13:50";"1";"05";"05167";"1";"1";"1";"3";"Eybierg";"44,46871200";"5,72510500"