"Num_Acc";"jour";"mois";"an";"hrmn";"lum";"dep";"com";"agg";"int";"atm";"col";"adr";"lat";"long"
"202300042617";"12";"01";"2023";"19:54";"3";"02";"02359";"1";"1";"2";"5";"L'Autoroute des Anglais (Pont)";"49,81219500";"3,28863300"
"202300042618";"3";"10";"2023";"10:50";"1";"21";"21038";"2";"1";"1";"6";"89 Rue Emile Gruet";"47,19268700";"5,38877200"
"202300042619";"3";"10";"2023";"17:35";"1";"88";"88321";"2";"1";"1";"6";"Avenue de la Division Leclerc";"48,36788900";"5,70191900"
"202300042620";"12";"01";"2023";"19:20";"3";"62";"62623";"2";"1";"6";"1";"D219";"50,92256700";"2,05635920"
"202300042621";"4";"10";"2023";"10:34";"1";"55";"55122";"2";"2";"1";"6";"2 Rue Cochard Mourot";"48,75891700";"5,58334800"
"202300042622";"3";"10";"2023";"18:15";"1";"57";"57017";"2";"2";"1";"3";"17 Route de Metz";"49,16884700";"6,04929900"
"202300042623";"3";"10";"2023";"07:30";"1";"69";"69291";"1";"4";"1";"3";"Route Départementale 307";"45,64121700";"4,85634600"
"202300042624";"3";"10";"2023";"07:35";"1";"69";"69028";"2";"1";"1";"1";"Route du Bouleau";"45,71543145";"4,70822243"
"202300042625";"4";"10";"2023";"00:15";"5";"69";"69040";"2";"6";"1";"6";"Rond-Point des Monts d'Or";"45,80143721";"4,78556543"
"202300042626";"12";"01";"2023";"18:00";"2";"12";"12169";"1";"1";"1";"1";"D83";"44,19837055";"2,33206630"
"202300042627";"3";"10";"2023";"21:30";"5";"33";"33555";"1";"1";"1";"6";"Avenue de la Côte d?Argent";"44,67948163";" -0,87983966"
"202300042628";"3";"10";"2023";"11:25";"1";"22";"22282";"1";"3";"1";"3";"D 786";"48,58884328";" -2,24400222"
"202300042629";"3";"10";"2023";"13:00";"1";"35";"35273";"2";"3";"1";"3";"Rue de Lecousse";"48,40086200";" -1,26059000"
"202300042630";"8";"01";"2023";"12:35";"1";"59";"59022";"1";"1";"8";"7";"Rue de la Cheminée";"50,49913800";"3,07263100"
"202300042631";"3";"10";"2023";"15:00";"1";"80";"80721";"2";"3";"1";"6";"Route d'Abbeville";"50,17368200";"1,64949400"
"202300042632";"1";"10";"2023";"16:37";"1";"62";"62806";"1";"1";"1";"6";"D940";"50,86060400";"1,61874500"
"202300042633";"2";"10";"2023";"21:30";"3";"13";"13216";"1";"1";"1";"2";"A55-Sens Marseille vers Martigues";"43,35831000";"5,34527000"
"202300042634";"2";"10";"2023";"11:00";"1";"83";"83027";"1";"1";"1";"2";"A50";"43,20287769";"5,73702848"
"202300042635";"30";"09";"2023";"03:15";"3";"67";"67482";"2";"1";"1";"6";"M35";"48,57035000";"7,73129000"
"202300042636";"12";"01";"2023";"18:15";"3";"59";"59553";"2";"1";"2";"6";"142 Rue du Marechal Foch";"50,59650600";"2,95648000"
"202300042637";"3";"10";"2023";"09:15";"1";"33";"33096";"1";"1";"1";"2";"AUTOROUTE A 10";"44,89002761";" -0,50330579"
"202300042638";"2";"10";"2023";"20:45";"4";"33";"33096";"1";"1";"1";"2";"AUTOROUTE A 10";"44,89079600";" -0,50217800"
"202300042639";"2";"10";"2023";"06:15";"3";"59";"59609";"1";"1";"1";"4";"AUTOROUTE A1";"50,57751000";"3,08499000"
"202300042640";"3";"10";"2023";"11:10";"1";"91";"91228";"1";"1";"2";"2";"AUTOROUTE A6";"48,62805000";"2,41306000"
"202300042641";"3";"10";"2023";"09:20";"1";"94";"94038";"1";"1";"2";"2";"A6B";"48,77418337";"2,34622975"
"202300042642";"3";"10";"2023";"18:00";"1";"78";"78646";"1";"1";"1";"3";"RN12";"48,79308300";"2,08415500"
"202300042643";"11";"01";"2023";"12:20";"1";"95";"95026";"2";"1";"2";"3";"ROYAUMONT (RUE DE)";"49,13674300";"2,36732800"
"202300042644";"3";"10";"2023";"10:20";"1";"92";"92025";"1";"1";"2";"2";"A86";"48,93542176";"2,26058310"
"202300042645";"3";"10";"2023";"09:15";"1";"92";"92047";"1";"1";"2";"2";"A13";"48,83477584";"2,17317586"
"202300042646";"2";"10";"2023";"08:40";"1";"78";"78455";"1";"1";"1";"2";"A13";"48,86051600";"2,04735300"
"202300042647";"3";"10";"2023";"19:00";"2";"93";"93010";"1";"1";"1";"3";"AUTOROUTE A3";"48,90872000";"2,47344000"
"202300042648";"3";"10";"2023";"19:00";"1";"93";"93066";"1";"1";"1";"2";"AUTOROUTE A1";"48,90717000";"2,35845000"
"202300042649";"12";"01";"2023";"19:00";"3";"74";"74256";"1";"1";"1";"1";"Route de megève";"45,92228500";"6,63554400"
"202300042650";"3";"10";"2023";"16:00";"1";"95";"95256";"1";"1";"1";"6";"N184";"49,05809891";"2,20914245"
"202300042651";"3";"10";"2023";"15:58";"1";"93";"93066";"1";"1";"1";"4";"AUTOROUTE A1";"48,93138000";"2,36994000"
"202300042652";"13";"01";"2023";"11:35";"1";"81";"81202";"1";"1";"1";"6";"Route de Briatexte";"43,78839900";"1,85887800"
"202300042653";"3";"10";"2023";"13:15";"1";"93";"93005";"1";"1";"1";"3";"AUTOROUTE A3";"48,96456235";"2,47442275"
"202300042654";"3";"10";"2023";"08:30";"1";"93";"93007";"1";"1";"1";"2";"AUTOROUTE A1";"48,94605193";"2,44078471"
"202300042655";"2";"10";"2023";"22:40";"3";"93";"93053";"1";"1";"1";"3";"AUTOROUTE A3";"48,89347000";"2,47254000"
"202300042656";"2";"10";"2023";"18:20";"1";"93";"93010";"1";"1";"1";"5";"AUTOROUTE A3";"48,91009000";"2,47461000"
"202300042657";"13";"01";"2023";"17:30";"2";"49";"49022";"1";"1";"2";"1";"D54";"47,31742800";" -0,60566400"
"202300042658";"2";"10";"2023";"13:05";"1";"92";"92036";"1";"1";"1";"5";"AUTOROUTE A15";"48,94364712";"2,28775617"
"202300042659";"2";"10";"2023";"08:20";"1";"93";"93027";"1";"1";"1";"3";"AUTOROUTE A86";"48,92582500";"2,39761793"
"202300042660";"3";"10";"2023";"11:30";"1";"94";"94044";"1";"1";"2";"6";"N406";"48,75738000";"2,47639000"
"202300042661";"3";"10";"2023";"09:40";"1";"75";"75112";"1";"1";"1";"2";"A4";"48,82108600";"2,46156800"
"202300042662";"3";"10";"2023";"07:45";"2";"94";"94004";"1";"1";"1";"3";"N19";"48,75370000";"2,51134000"
"202300042663";"4";"06";"2023";"16:30";"1";"88";"88088";"1";"1";"1";"1";"Le Haut de la Cote";"48,02257900";"6,34745800"
"202300042664";"23";"06";"2023";"08:15";"1";"88";"88413";"2";"1";"1";"6";"Rue d'ALSACE";"48,27767000";"6,95997000"
"202300042665";"3";"06";"2023";"10:50";"1";"88";"88011";"2";"1";"1";"3";"516 RUE DU GRAND CLOS";"48,11365200";"6,52050500"
"202300042666";"1";"08";"2023";"19:35";"1";"74";"74133";"2";"3";"1";"3";"INDUSTRIE (RUE DE L')";"46,18527000";"6,21899000"
"202300042667";"19";"06";"2023";"18:50";"1";"13";"13039";"1";"1";"1";"2";"ROUTE NATIONALE 569";"43,48535000";"4,88799000"
"202300042668";"12";"01";"2023";"17:30";"1";"47";"47252";"2";"2";"1";"3";"Av Gaston Carrere";"44,39890600";"0,59486600"
"202300042669";"31";"05";"2023";"22:15";"3";"13";"13103";"1";"1";"1";"1";"autoroute A7 sens Marseille / Lyon PK 229.600";"43,67190700";"5,09616500"
"202300042670";"26";"05";"2023";"17:50";"1";"13";"13001";"1";"1";"1";"4";"autoroute A8 PK 13.000 sens LYON - AIX EN PROVENCE";"43,52379900";"5,40900200"
"202300042671";"1";"10";"2023";"07:15";"1";"974";"97411";"1";"1";"1";"7";"REYDELLET (ROUTE JULES)";" -20,93185500";"55,49234300"
"202300042672";"1";"10";"2023";"05:35";"3";"974";"97411";"2";"1";"1";"6";"LANCASTEL (BOULEVARD)";" -20,87628000";"55,45528000"
"202300042673";"2";"10";"2023";"14:00";"1";"69";"69386";"2";"1";"1";"3";"Boulevard Jules Favre";"45,76553099";"4,85904030"
"202300042674";"12";"01";"2023";"21:30";"3";"39";"39367";"1";"1";"1";"6";"";"46,56727000";"5,99527400"
"202300042675";"2";"10";"2023";"11:50";"1";"69";"69388";"2";"3";"1";"3";"76 Rue Marius Berliet";"45,74116000";"4,86224000"
"202300042676";"2";"10";"2023";"17:20";"1";"972";"97213";"2";"6";"2";"6";"ROUTE DEPARTEMENTALE 3 BIS";"14,61473000";" -60,99327000"
"202300042677";"30";"09";"2023";"22:00";"5";"972";"97209";"2";"1";"1";"1";"FONTAINE DIDIER (RUE DE LA)";"14,63376000";" -61,08076000"
"202300042678";"2";"10";"2023";"13:00";"1";"69";"69382";"2";"1";"1";"2";"29 Place Bellecour";"45,75720000";"4,83010000"
"202300042679";"13";"01";"2023";"10:10";"1";"70";"70171";"1";"1";"1";"6";"Rue de la Gare d?Aillevillers";"47,89902400";"6,32992700"
"202300042680";"2";"10";"2023";"18:54";"1";"2B";"2B037";"1";"2";"1";"3";"D 82";"42,59405000";"9,43818000"
"202300042681";"2";"10";"2023";"09:10";"1";"971";"97101";"1";"1";"1";"2";"RN11";"16,25844664";" -61,51147485"
"202300042682";"1";"10";"2023";"00:45";"5";"971";"97101";"2";"9";"1";"3";"CHAUVEL";"16,23939000";" -61,52237000"
"202300042683";"2";"10";"2023";"07:58";"1";"2A";"2A004";"2";"1";"1";"5";"MEZZAVIA ROUTE DE";"41,95006100";"8,77052800"
"202300042684";"2";"10";"2023";"17:10";"1";"95";"95563";"2";"3";"1";"3";"JEAN JAURES (RUE)";"49,01390150";"2,23654997"
"202300042685";"30";"09";"2023";"23:02";"5";"95";"95197";"2";"1";"1";"6";"D928";"48,96689000";"2,31755000"
"202300042686";"13";"01";"2023";"14:12";"1";"70";"70421";"1";"1";"1";"6";"Rn19";"47,69071400";"6,01321200"
"202300042687";"23";"07";"2023";"15:00";"1";"73";"73329";"1";"6";"1";"7";"D1201";"45,63732700";"5,89229800"
"202300042688";"23";"09";"2023";"10:55";"1";"89";"89239";"1";"4";"1";"3";"Route de Troyes";"48,19010000";"3,31331000"
"202300042689";"12";"01";"2023";"21:55";"3";"70";"70163";"1";"1";"2";"7";"RN57";"47,67608000";"6,24404300"
"202300042690";"28";"09";"2023";"09:00";"1";"89";"89387";"2";"2";"2";"3";"QUATORZE JUILLET (BOULEVARD)";"48,19603000";"3,28725000"
"202300042691";"12";"01";"2023";"14:10";"1";"50";"50464";"1";"1";"1";"1";"L’Angotiere";"48,98514600";" -1,41397500"
"202300042692";"23";"07";"2023";"17:56";"1";"38";"38190";"2";"1";"1";"1";"Grande Rue du Moulin d?Avaux";"45,80195100";"5,28492300"
"202300042693";"29";"09";"2023";"21:42";"5";"87";"87085";"2";"3";"1";"3";"LATTRE-DE-TASSIGNY (AVENUE DU MARECHAL)";"45,82560000";"1,27882000"
"202300042694";"13";"01";"2023";"06:05";"3";"07";"07302";"1";"2";"2";"3";"Route de Meysse";"44,66141200";"4,70628600"
"202300042695";"21";"07";"2023";"07:55";"1";"69";"69208";"2";"2";"1";"3";"Le Muzard";"45,84676100";"4,61171500"
"202300042696";"1";"10";"2023";"14:50";"1";"83";"83137";"2";"9";"1";"1";"BRIAND (AVE ARISTIDE PROLONGEE)";"43,12568000";"5,89714000"
"202300042697";"12";"01";"2023";"17:30";"2";"85";"85051";"1";"1";"2";"1";"RD 137 roiute de nantes";"46,70999900";" -1,06560140"
"202300042698";"1";"10";"2023";"12:15";"1";"83";"83137";"2";"1";"1";"6";"BARRE (CHEMIN DE LA)";"43,12030000";"5,95990000"
"202300042699";"23";"07";"2023";"20:00";"1";"69";"69072";"1";"1";"1";"2";"102 Route Departementale 307";"45,79566400";"4,74121200"
"202300042700";"13";"01";"2023";"16:13";"1";"27";"27284";"2";"1";"1";"6";"66 Rue de Vienne";"49,27973100";"1,77450200"
"202300042701";"24";"07";"2023";"15:20";"1";"65";"65198";"1";"1";"2";"6";"Route des Palomieres";"43,05778100";"0,17193000"
"202300042702";"2";"10";"2023";"14:00";"1";"83";"83118";"2";"3";"1";"6";"AVENUE PAULINE CARTON";"43,41998000";"6,77160000"
"202300042703";"12";"01";"2023";"18:45";"3";"17";"17218";"2";"1";"2";"6";"Route de la Rochelle";"46,30551900";" -0,99051900"
"202300042704";"2";"10";"2023";"13:30";"1";"77";"77358";"2";"1";"7";"1";"CHEMIN VERT (RUE DU)";"48,98409000";"2,85828000"
"202300042705";"21";"07";"2023";"17:05";"1";"19";"19146";"1";"9";"1";"6";"4 rue des landes";"45,31262677";"1,75021514"
"202300042706";"13";"01";"2023";"19:45";"5";"30";"30259";"2";"1";"1";"3";"Route d’Uzes";"44,10810000";"4,11710000"
"202300042707";"24";"07";"2023";"04:00";"3";"64";"64230";"1";"1";"5";"6";"Route de Chapelle de Rousse";"43,24284200";" -0,38744700"
"202300042708";"13";"01";"2023";"12:35";"1";"48";"48099";"1";"1";"1";"6";"Route Départementale 809";"44,53345300";"3,26819700"
"202300042709";"2";"10";"2023";"23:40";"5";"76";"76540";"2";"1";"1";"1";"Quai du Havre (Haut)";"49,44103000";"1,08231000"
"202300042710";"23";"07";"2023";"17:45";"1";"33";"33417";"1";"1";"1";"1";"75 Route des Landes";"44,94145800";" -0,92038900"
"202300042711";"4";"01";"2023";"12:05";"1";"73";"73089";"1";"1";"1";"6";"A43";"45,53233200";"6,12516700"
"202300042712";"2";"10";"2023";"22:20";"5";"76";"76231";"2";"1";"1";"3";"Rue des Martyrs";"49,28900000";"1,00576000"
"202300042713";"12";"01";"2023";"06:35";"3";"40";"40134";"1";"1";"1";"2";"A63 pk072+700 N/S";"44,22630100";" -0,91603900"
"202300042714";"11";"07";"2023";"17:40";"1";"33";"33056";"2";"2";"1";"3";"Rue de l'Abbé Poncabarre";"44,90942800";" -0,63969600"
"202300042715";"30";"09";"2023";"20:20";"5";"76";"76481";"1";"6";"1";"7";"RD 6382";"49,53142000";"0,10733000"
"202300042716";"13";"01";"2023";"08:25";"1";"06";"06088";"1";"1";"1";"2";"A8 pk 191 nord";"43,70898600";"7,19454300"
"202300042717";"24";"07";"2023";"08:30";"1";"60";"60628";"1";"1";"2";"4";"N31";"49,41748600";"2,17093700"
"202300042718";"30";"09";"2023";"00:05";"5";"76";"76351";"2";"2";"1";"3";"VERDUN (RUE DE)";"49,50142000";"0,15008000"
"202300042719";"12";"01";"2023";"23:30";"5";"06";"06088";"1";"1";"1";"6";"A8 pk 186.000 chaussée sud";"43,66937700";"7,20088400"
"202300042720";"1";"10";"2023";"10:41";"1";"72";"72181";"2";"9";"1";"6";"MAC JEAN (AV) N° IMP 53 AU 105";"47,98216000";"0,21432000"
"202300042721";"23";"07";"2023";"02:25";"3";"13";"13214";"1";"1";"1";"2";"A7-Sens Marseille vers Lyon";"43,32605000";"5,37847000"
"202300042722";"1";"10";"2023";"07:55";"1";"72";"72181";"2";"9";"1";"6";"ESTIENNE D'ORVES (BD D')";"47,98001000";"0,19220000"
"202300042723";"12";"01";"2023";"19:46";"4";"13";"13103";"1";"1";"1";"3";"Autoroute A7 pk 230+700";"43,67413600";"5,09608100"
"202300042724";"12";"01";"2023";"20:25";"5";"971";"97106";"2";"1";"1";"6";"Lotissement Caboua";"16,14501000";" -61,76469100"
"202300042725";"2";"10";"2023";"08:15";"1";"71";"71270";"2";"1";"1";"6";"Rue de Flacé";"46,31371000";"4,82874000"
"202300042726";"22";"07";"2023";"23:10";"3";"13";"13106";"1";"1";"1";"1";"A7-Sens Lyon vers Marseille";"43,38822000";"5,35060000"
"202300042727";"12";"01";"2023";"22:25";"3";"29";"29233";"1";"1";"2";"6";"D49 - Route du Pouldu";"47,82679900";" -3,56167300"
"202300042728";"21";"07";"2023";"12:00";"1";"13";"13071";"1";"1";"1";"7";"A55-Sens Martigues vers Marseille";"43,39728300";"5,28717600"
"202300042729";"2";"10";"2023";"09:00";"1";"69";"69271";"2";"1";"1";"6";"Avenue du Progrès";"45,72565000";"4,96286000"
"202300042730";"1";"10";"2023";"14:50";"1";"69";"69290";"2";"1";"1";"3";"Route de Mions";"45,68396000";"4,94776000"
"202300042731";"23";"07";"2023";"16:17";"1";"83";"83144";"2";"1";"1";"2";"A57";"43,14321538";"6,01194447"
"202300042732";"12";"01";"2023";"15:07";"1";"77";"77437";"2";"2";"1";"3";"D9";"49,03575800";"2,79604200"
"202300042733";"11";"01";"2023";"14:35";"1";"78";"78522";"1";"1";"1";"1";"RD988";"48,57795600";"1,96722900"
"202300042734";"9";"09";"2023";"22:00";"3";"68";"68066";"2";"9";"1";"2";"LOGELBACH ( RUE DU)";"48,08286000";"7,33677000"
"202300042735";"22";"07";"2023";"11:35";"1";"83";"83129";"1";"9";"1";"5";"A50";"43,12061240";"5,84313268"
"202300042736";"13";"01";"2023";"01:40";"5";"66";"66114";"1";"6";"1";"6";"";"42,60748470";"2,92402089"
"202300042737";"2";"10";"2023";"17:30";"1";"67";"67482";"2";"1";"1";"3";"RATHSAMHAUSEN (RUE DE)";"48,56587000";"7,75994000"
"202300042738";"23";"07";"2023";"13:45";"1";"94";"94065";"1";"1";"2";"2";"N186";"48,75476000";"2,34825000"
"202300042739";"2";"10";"2023";"17:08";"1";"64";"64348";"2";"1";"1";"3";"MARCEL DASSAULT";"43,30141800";" -0,41258800"
"202300042740";"10";"01";"2023";"20:20";"3";"34";"34154";"1";"2";"1";"3";"306ter Rue Martin Luther King";"43,62217400";"3,99233900"
"202300042741";"23";"07";"2023";"16:00";"1";"95";"95365";"1";"1";"2";"6";"N104";"49,06740000";"2,39873000"
"202300042742";"1";"10";"2023";"05:40";"4";"64";"64284";"1";"6";"1";"6";"8 MAI 1945 DU";"43,27952000";" -0,38020000"
"202300042743";"23";"07";"2023";"15:00";"1";"95";"95582";"1";"1";"3";"7";"A15";"48,96347642";"2,26421356"
"202300042744";"2";"10";"2023";"18:00";"1";"64";"64102";"2";"1";"1";"6";"SOULT (AVENUE MARECHAL)";"43,48375000";" -1,49973000"
"202300042745";"13";"01";"2023";"10:30";"1";"21";"21038";"2";"6";"1";"5";"Rue de Flammerans";"47,19738900";"5,39118600"
"202300042746";"2";"10";"2023";"18:00";"1";"64";"64102";"2";"1";"1";"7";"SOULT (AVENUE MARECHAL)";"43,48395000";" -1,49973000"
"202300042747";"23";"07";"2023";"09:30";"1";"93";"93078";"1";"1";"8";"6";"AUTOROUTE A104";"48,96007000";"2,52481000"
"202300042748";"9";"01";"2023";"14:00";"1";"88";"88064";"1";"1";"2";"1";"Route de Maillefaing";"48,24969054";"6,77747011"
"202300042749";"2";"10";"2023";"14:40";"1";"63";"63113";"2";"2";"1";"3";"SOLAYER (RUE DU)";"45,80961166";"3,10700678"
"202300042750";"28";"09";"2023";"08:30";"1";"62";"62510";"2";"1";"1";"6";"D58";"50,42431303";"2,78197744"
"202300042751";"12";"01";"2023";"15:30";"1";"74";"74056";"2";"1";"8";"6";"Route des gaudenays";"45,94039200";"6,88807400"
"202300042752";"23";"07";"2023";"03:35";"3";"95";"95604";"1";"1";"1";"2";"A1";"49,11981000";"2,55626000"
"202300042753";"2";"10";"2023";"22:00";"5";"60";"60057";"2";"3";"1";"3";"rue de songen";"49,44363149";"2,08456886"
"202300042754";"22";"07";"2023";"23:55";"5";"94";"94052";"1";"1";"1";"7";"A86";"48,83532726";"2,49379090"
"202300042755";"30";"09";"2023";"20:50";"5";"56";"56121";"2";"1";"1";"1";"SCHUMAN (RUE  ROBERT )";"47,76638000";" -3,38553900"
"202300042756";"12";"01";"2023";"17:19";"1";"42";"42094";"2";"2";"1";"3";"Rue des Prairies";"45,71956300";"4,22716700"
"202300042757";"22";"07";"2023";"12:30";"1";"973";"97302";"2";"1";"1";"6";"LALLOUETTE";"4,94114965";" -52,32743427"
"202300042758";"2";"10";"2023";"08:00";"2";"56";"56121";"2";"6";"5";"7";"FAOUEDIC ( AVE DU )";"47,74681100";" -3,36611800"
"202300042759";"12";"01";"2023";"07:10";"3";"26";"26129";"2";"1";"8";"6";"Rue du Vercors";"45,08268400";"5,18106800"
"202300042760";"2";"10";"2023";"21:00";"5";"51";"51454";"2";"3";"1";"3";"COURLANCY (RUE DE)";"49,24575000";"4,01763000"
"202300042761";"1";"10";"2023";"07:05";"5";"50";"50129";"2";"1";"1";"7";"BECQUET (RUE DU)";"49,64956000";" -1,56601000"
"202300042762";"22";"07";"2023";"20:55";"2";"69";"69383";"2";"2";"1";"3";"Avenue Maréchal de Saxe";"45,75605000";"4,84650000"
"202300042763";"2";"10";"2023";"18:57";"1";"49";"49007";"2";"2";"1";"3";"CHATENAY AVENUE VICTOR";"47,48530000";" -0,51610000"
"202300042764";"6";"01";"2023";"11:30";"1";"69";"69094";"1";"1";"1";"3";"15 Route de Pollionnay";"45,75352600";"4,68107700"
"202300042765";"2";"10";"2023";"12:15";"1";"49";"49246";"2";"1";"1";"2";"MAZE";"47,42935000";" -0,52207000"
"202300042766";"22";"07";"2023";"13:58";"1";"69";"69388";"2";"3";"1";"3";"Boulevard des Etats-Unis";"45,72710000";"4,86953000"
"202300042767";"2";"10";"2023";"09:45";"1";"47";"47001";"2";"1";"1";"3";"PERES (RUE JEAN-BAPTISTE)";"44,20633000";"0,63528000"
"202300042768";"12";"01";"2023";"19:45";"3";"19";"19041";"1";"1";"2";"1";"Les Plaines";"45,27909900";"1,83730200"
"202300042769";"1";"10";"2023";"01:00";"3";"45";"45004";"2";"1";"1";"6";"D943 PR 4 + 499";"47,97256517";"2,76601079"
"202300042770";"1";"10";"2023";"19:00";"1";"41";"41018";"2";"1";"1";"1";"FRANCOIS 1ER (ALLEE)";"47,58362000";"1,31349000"
"202300042771";"21";"07";"2023";"17:40";"1";"972";"97209";"2";"1";"1";"5";"DEPARTEMENTALE 13A (ROUTE)";"14,63295000";" -61,04245000"
"202300042772";"10";"01";"2023";"20:50";"4";"33";"33179";"1";"2";"2";"3";"Daudinet";"45,00479300";" -0,28359300"
"202300042773";"1";"10";"2023";"01:00";"3";"37";"37122";"1";"1";"1";"7";"RD 127 ROUTE DES MAISONS NEUVES";"47,30906000";"0,68239000"
"202300042774";"21";"07";"2023";"08:45";"1";"972";"97209";"2";"9";"1";"2";"SALVADOR ALLENDE (AVENUE)";"14,61056000";" -61,04681000"
"202300042775";"7";"01";"2023";"11:25";"1";"85";"85092";"2";"6";"1";"3";"RD948B";"46,46236100";" -0,80370800"
"202300042776";"30";"09";"2023";"12:00";"1";"34";"34172";"2";"1";"1";"2";"JUSTICE DE CASTELNAU (AVENUE DE LA)";"43,62706000";"3,89054000"
"202300042777";"2";"10";"2023";"16:23";"1";"33";"33529";"1";"1";"1";"1";"CAZAUX (BD DE) DU 02 ET +";"44,61628876";" -1,13749534"
"202300042778";"22";"07";"2023";"00:55";"4";"972";"97209";"2";"3";"1";"1";"DESROCHERS (ROUTE DE)";"14,62751000";" -61,07471000"
"202300042779";"2";"10";"2023";"19:42";"2";"31";"31555";"2";"1";"1";"2";"RUE DE MAUBEC";"43,60525176";"1,39245674"
"202300042780";"22";"07";"2023";"12:00";"1";"69";"69152";"2";"3";"1";"6";"Rue Roger Salengro";"45,70335000";"4,82285000"
"202300042781";"2";"10";"2023";"07:20";"2";"31";"31149";"2";"3";"1";"3";"ARMURIE (CHEMIN DE L')";"43,59348700";"1,35420000"
"202300042782";"1";"10";"2023";"20:20";"3";"28";"28134";"1";"1";"1";"4";"RN 12 (LES CHATELETS)";"48,74661000";"1,38500000"
"202300042783";"21";"07";"2023";"17:29";"1";"2B";"2B037";"1";"1";"1";"2";"TOUTES RUES";"42,60543000";"9,43822000"
"202300042784";"12";"01";"2023";"17:15";"2";"76";"76223";"2";"1";"2";"5";"Route Departementale 6015";"49,62759400";"0,79879400"
"202300042785";"12";"01";"2023";"06:30";"3";"62";"62460";"1";"1";"6";"6";"D901";"50,58310000";"1,74023900"
"202300042786";"29";"06";"2023";"20:12";"5";"971";"97113";"1";"9";"1";"3";"RN4 - SECTION RIVIERA";"16,21802000";" -61,49894000"
"202300042787";"27";"09";"2023";"13:10";"1";"28";"28085";"2";"2";"1";"3";"VINTANT (RUE MICHEL)";"48,43939000";"1,49145000"
"202300042788";"12";"01";"2023";"17:50";"3";"62";"62801";"2";"1";"3";"6";"D58E2";"50,39415600";"2,74474000"
"202300042789";"1";"10";"2023";"02:10";"5";"24";"24145";"2";"1";"1";"6";"GARE (AVENUE DE LA)";"44,85552000";"0,57257000"
"202300042790";"22";"07";"2023";"05:20";"2";"971";"97101";"1";"1";"1";"1";"PETIT PEROU";"16,25953000";" -61,50912000"
"202300042791";"1";"10";"2023";"18:30";"1";"22";"22360";"2";"1";"1";"3";"MARE DU GUE (RUE DE LA)";"48,47342000";" -2,75475000"
"202300042792";"30";"09";"2023";"10:42";"1";"22";"22278";"2";"1";"1";"2";"APOLLINAIRE (GUILLAUME)";"48,49803000";" -2,74528000"
"202300042793";"1";"10";"2023";"23:33";"3";"17";"17306";"2";"1";"1";"6";"EXPRESS (VOIE)";"45,63998000";" -1,03104000"
"202300042794";"22";"07";"2023";"20:40";"1";"95";"95210";"2";"2";"1";"3";"D311";"48,97147000";"2,30462000"
"202300042795";"12";"01";"2023";"08:40";"1";"13";"13211";"1";"1";"1";"2";"A50-Sens Marseille vers Aubagne";"43,29468800";"5,46429500"
"202300042796";"22";"07";"2023";"00:35";"5";"83";"83069";"2";"1";"1";"3";"DECUGIS (AVENUE ALFRED)";"43,11712000";"6,14521000"
"202300042797";"11";"01";"2023";"16:00";"5";"13";"13210";"1";"1";"1";"2";"Tunnel Prado Carénage";"43,28197501";"5,39400700"
"202300042798";"2";"10";"2023";"16:52";"1";"17";"17300";"2";"1";"1";"3";"JOFFRE   BOULEVARD (79 et 18)";"46,15371000";" -1,14547000"
"202300042799";"30";"09";"2023";"16:30";"1";"14";"14221";"1";"1";"7";"2";"D228";"49,16847000";" -0,26629000"
"202300042800";"11";"01";"2023";"02:00";"5";"69";"69266";"1";"1";"1";"7";"Boulevard Laurent Bonnevay ";"45,78256000";"4,89227000"
"202300042801";"7";"07";"2023";"17:00";"1";"80";"80001";"2";"1";"9";"3";"REPUBLIQUE (de la)";"50,10950000";"1,83940000"
"202300042802";"2";"10";"2023";"19:00";"1";"13";"13071";"2";"1";"1";"1";"VELAUX (CHEMIN)";"43,40948000";"5,35187000"
"202300042803";"11";"01";"2023";"14:35";"1";"67";"67389";"1";"1";"1";"2";"M35";"48,64887000";"7,73169000"
"202300042804";"21";"07";"2023";"13:40";"1";"79";"79329";"2";"1";"1";"3";"N/A";"46,99481500";" -0,20121000"
"202300042805";"11";"01";"2023";"13:15";"1";"33";"33063";"1";"1";"2";"6";"ROCADE A 630";"44,88377927";" -0,55736303"
"202300042806";"11";"08";"2023";"13:10";"1";"13";"13039";"1";"1";"1";"4";"ROUTE NATIONALE 569";"43,46373000";"4,92591000"
"202300042807";"18";"07";"2023";"18:00";"1";"77";"77284";"2";"1";"1";"6";"TESSAN (RUE FRANCOIS DE)";"48,94722700";"2,87971400"
"202300042808";"2";"10";"2023";"19:40";"1";"13";"13213";"2";"1";"1";"1";"OLIVES (AVENUE DES)";"43,32675000";"5,43762000"
"202300042809";"2";"10";"2023";"17:15";"1";"13";"13213";"2";"1";"1";"6";"CHEMIN DU MERLAN A LA ROSE ";"43,33029768";"5,41259130"
"202300042810";"21";"07";"2023";"17:25";"1";"77";"77284";"2";"1";"1";"3";"D360";"48,94874000";"2,87998000"
"202300042811";"12";"01";"2023";"15:37";"1";"92";"92047";"1";"1";"1";"4";"A13";"48,83397544";"2,16646875"
"202300042812";"2";"10";"2023";"17:30";"1";"13";"13213";"2";"1";"1";"6";"LAVERAN (BOULEVARD DU)";"43,32721010";"5,41370149"
"202300042813";"12";"01";"2023";"07:15";"2";"92";"92050";"1";"1";"1";"2";"A86";"48,90206859";"2,20357418"
"202300042814";"2";"10";"2023";"15:45";"1";"13";"13205";"2";"1";"1";"1";"L ARMEE D AFRIQUE (CHEMIN DE L')";"43,29064000";"5,40561000"