"Num_Acc";"jour";"mois";"an";"hrmn";"lum";"dep";"com";"agg";"int";"atm";"col";"adr";"lat";"long"
"202300042815";"22";"07";"2023";"22:10";"3";"69";"69256";"2";"2";"1";"3";"Avenue Charles de Gaulle";"45,78221000";"4,94237000"
"202300042816";"2";"10";"2023";"13:00";"1";"13";"13005";"2";"1";"1";"4";"AVELANEDE (CHEMIN DE L')";"43,28991000";"5,58705000"
"202300042817";"11";"01";"2023";"10:30";"1";"95";"95582";"1";"1";"1";"2";"D170";"48,96418500";"2,26793700"
"202300042818";"2";"10";"2023";"09:30";"1";"13";"13005";"1";"6";"1";"3";"RD 43 C";"43,31900000";"5,59500000"
"202300042819";"22";"07";"2023";"20:50";"1";"69";"69266";"2";"2";"1";"3";"Rue Anatole France";"45,76705000";"4,87138000"
"202300042820";"3";"10";"2023";"00:22";"5";"10";"10387";"2";"1";"1";"7";"GENERAL LECLERC (RUE DU)";"48,30639000";"4,05862000"
"202300042821";"11";"01";"2023";"10:00";"1";"93";"93027";"1";"1";"8";"2";"AUTOROUTE A86";"48,92693884";"2,40503458"
"202300042822";"1";"10";"2023";"12:28";"1";"10";"10081";"2";"2";"1";"7";"PIERRE PRELOT (RUE)";"48,32570000";"4,04510000"
"202300042823";"22";"07";"2023";"19:50";"1";"69";"69275";"2";"7";"1";"3";"107 Avenue Jean Jaurès";"45,76936000";"4,94693000"
"202300042824";"2";"10";"2023";"09:35";"1";"75";"75118";"2";"1";"1";"3";"BD PERIPHERIQUE EXTERIEUR";"48,90104700";"2,34400000"
"202300042825";"11";"01";"2023";"11:00";"1";"92";"92036";"1";"1";"1";"4";"AUTOROUTE A15";"48,93788866";"2,29766722"
"202300042826";"2";"10";"2023";"18:50";"1";"75";"75106";"2";"3";"1";"2";"RUE SAINT SULPICE";"48,85146100";"2,33705100"
"202300042827";"22";"07";"2023";"22:05";"5";"69";"69029";"2";"1";"1";"2";"Boulevard des Droits de l'Homme";"45,72718000";"4,92716000"
"202300042828";"2";"10";"2023";"09:55";"1";"75";"75105";"2";"3";"1";"6";"RUE DES FOSSES SAINT BERNARD";"48,84881800";"2,35529200"
"202300042829";"11";"01";"2023";"09:05";"2";"93";"93078";"1";"1";"2";"2";"AUTOROUTE A104";"48,97102575";"2,49879599"
"202300042830";"21";"07";"2023";"19:00";"1";"68";"68376";"2";"1";"1";"6";"SAINT CLOUD (RUE DU)";"47,81516000";"7,33854000"
"202300042831";"2";"10";"2023";"08:50";"1";"75";"75120";"2";"2";"1";"3";"BOULEVARD DE MENILMONTANT";"48,86299000";"2,38748800"
"202300042832";"10";"01";"2023";"22:40";"5";"93";"93010";"1";"1";"2";"5";"AUTOROUTE A3";"48,90292000";"2,47084000"
"202300042833";"2";"10";"2023";"09:30";"1";"75";"75118";"2";"3";"1";"3";"RUE D AUBERVILLIERS";"48,88731800";"2,36712600"
"202300042834";"22";"07";"2023";"19:30";"1";"67";"67447";"2";"3";"1";"3";"PAIX (RUE DE LA)";"48,60650000";"7,73037000"
"202300042835";"2";"10";"2023";"12:35";"1";"75";"75117";"2";"1";"1";"2";"BOULEVARD PEREIRE";"48,87888200";"2,28558400"
"202300042836";"12";"01";"2023";"12:45";"1";"94";"94028";"1";"1";"2";"2";"A86";"48,77618830";"2,43180914"
"202300042837";"22";"07";"2023";"11:30";"1";"67";"67482";"2";"1";"1";"3";"PIERRE FRESNAY (RUE)";"48,57239000";"7,76260000"
"202300042838";"2";"10";"2023";"21:00";"5";"75";"75116";"2";"7";"1";"3";"RUE MESNIL";"48,86943900";"2,28519000"
"202300042839";"11";"01";"2023";"09:30";"1";"75";"75114";"2";"4";"8";"2";"PORTE D ORLEANS";"48,81913300";"2,32959600"
"202300042840";"2";"10";"2023";"14:30";"1";"75";"75116";"2";"1";"1";"1";"VOIE GEORGES POMPIDOU";"48,84560016";"2,27313593"
"202300042841";"22";"07";"2023";"19:00";"1";"64";"64024";"2";"4";"1";"3";"HUIT MAI (RUE DU)";"43,48217000";" -1,51472000"
"202300042842";"1";"10";"2023";"07:20";"5";"75";"75116";"2";"1";"1";"6";"AVENUE FOCH";"48,87312600";"2,28865100"
"202300042843";"11";"01";"2023";"13:55";"1";"75";"75119";"2";"2";"1";"3";"PLACE DE LA BATAILLE DE STALINGRAD";"48,88286600";"2,37018300"
"202300042844";"1";"10";"2023";"11:30";"1";"75";"75115";"2";"2";"1";"3";"BOULEVARD LEFEBVRE";"48,83101100";"2,29233400"
"202300042845";"22";"07";"2023";"11:55";"1";"45";"45169";"2";"1";"1";"4";"166 Route Nationale";"47,92844245";"1,84031188"
"202300042846";"1";"10";"2023";"02:00";"5";"75";"75115";"2";"7";"1";"6";"RUE DUTOT";"48,83644700";"2,30664000"
"202300042847";"11";"01";"2023";"13:20";"1";"75";"75119";"2";"2";"1";"3";"RUE CURIAL";"48,89372900";"2,37337700"
"202300042848";"2";"10";"2023";"14:15";"1";"75";"75112";"2";"5";"1";"3";"AVENUE DU GENERAL MICHEL BIZOT";"48,83468100";"2,40078000"
"202300042849";"22";"07";"2023";"20:35";"1";"45";"45004";"2";"1";"1";"3";"Rue Lino Ventura";"47,97853000";"2,76563000"
"202300042850";"11";"01";"2023";"10:40";"1";"75";"75119";"2";"3";"1";"2";"AVENUE CORENTIN CARIOU";"48,89516300";"2,38274400"
"202300042851";"22";"07";"2023";"09:00";"1";"37";"37233";"2";"3";"1";"6";"GRILLONIERES (RUE DES)";"47,39232537";"0,74386507"
"202300042852";"2";"10";"2023";"12:27";"1";"75";"75112";"2";"3";"1";"4";"QUAI DE BERCY";"48,83156400";"2,38535200"
"202300042853";"11";"01";"2023";"10:40";"1";"75";"75116";"2";"4";"1";"6";"RUE JEAN DE LA FONTAINE";"48,85032500";"2,27036800"
"202300042854";"2";"10";"2023";"08:10";"1";"75";"75111";"2";"2";"1";"6";"RUE SERVAN";"48,86156300";"2,38260800"
"202300042855";"21";"07";"2023";"18:00";"1";"35";"35278";"1";"1";"1";"4";"EST (ROCADE)";"48,14190600";" -1,66525100"
"202300042856";"11";"01";"2023";"00:00";"5";"75";"75117";"2";"3";"8";"3";"RUE ANDRE SUARES";"48,89382800";"2,31175800"
"202300042857";"2";"10";"2023";"19:05";"2";"75";"75103";"2";"3";"1";"7";"RUE BEAUBOURG";"48,86121900";"2,35347500"
"202300042858";"2";"10";"2023";"02:30";"5";"75";"75104";"2";"3";"1";"6";"BOULEVARD BEAUMARCHAIS";"48,85481300";"2,36862900"
"202300042859";"11";"01";"2023";"11:45";"1";"75";"75116";"2";"1";"1";"3";"AVENUE RAYMOND POINCARE";"48,86742600";"2,28592300"
"202300042860";"22";"07";"2023";"12:40";"1";"34";"34172";"2";"1";"1";"1";"RM132";"43,60583700";"3,82010500"
"202300042861";"2";"10";"2023";"12:04";"1";"94";"94078";"2";"2";"1";"6";"2 Rue Pasteur";"48,73313000";"2,45071500"
"202300042862";"10";"01";"2023";"18:00";"5";"75";"75116";"2";"1";"2";"6";"AVENUE FOCH";"48,87262800";"2,27940900"
"202300042863";"22";"07";"2023";"11:45";"1";"34";"34003";"2";"1";"1";"3";"Avenue des Contrebandiers";"43,29068000";"3,51378000"
"202300042864";"2";"10";"2023";"00:30";"5";"94";"94043";"2";"1";"1";"3";"1ter Rue de Verdun";"48,80949700";"2,35844200"
"202300042865";"2";"10";"2023";"18:05";"1";"94";"94041";"2";"1";"1";"2";"Rue Pierre et Marie Curie";"48,81443000";"2,37384000"
"202300042866";"11";"01";"2023";"19:30";"5";"75";"75115";"2";"3";"1";"3";"PONT DE GRENELLE";"48,84931200";"2,28168400"
"202300042867";"21";"07";"2023";"15:30";"1";"33";"33529";"2";"1";"1";"1";"ARCACHON (BD D')";"44,64376000";" -1,17560000"
"202300042868";"1";"10";"2023";"23:50";"5";"94";"94041";"2";"3";"1";"7";"Avenue Maurice Thorez";"48,81500000";"2,37822000"
"202300042869";"2";"10";"2023";"18:45";"2";"94";"94038";"2";"1";"1";"2";"Rue de Chevilly";"48,77620000";"2,34138000"
"202300042870";"11";"01";"2023";"08:50";"1";"75";"75115";"2";"3";"2";"6";"BOULEVARD DE VAUGIRARD";"48,84160100";"2,31827800"
"202300042871";"2";"10";"2023";"15:45";"1";"94";"94038";"2";"1";"1";"6";"Rue Jean Jaurès";"48,77820000";"2,33478000"
"202300042872";"11";"01";"2023";"09:20";"1";"75";"75114";"2";"7";"1";"3";"PLACE DE CATALOGNE";"48,83742500";"2,31809200"
"202300042873";"2";"10";"2023";"07:30";"1";"93";"93073";"2";"3";"1";"2";"Avenue de la Resistance / Rue Lenine";"48,95050000";"2,56470000"
"202300042874";"22";"07";"2023";"16:35";"1";"25";"25056";"2";"6";"1";"3";"MONTARMOTS CHEMIN DES";"47,26047000";"6,02727000"
"202300042875";"2";"10";"2023";"20:30";"5";"93";"93071";"2";"1";"1";"6";"Avenue Léon Jouhaux";"48,94125730";"2,54251079"
"202300042876";"11";"01";"2023";"17:30";"5";"75";"75113";"2";"1";"8";"1";"RUE DU VAL DE MARNE";"48,81601200";"2,34598700"
"202300042877";"22";"07";"2023";"07:35";"1";"22";"22278";"2";"1";"1";"7";"ROHANNEC'H (DE)";"48,52358000";" -2,74077000"
"202300042878";"2";"10";"2023";"07:00";"5";"93";"93066";"2";"1";"1";"1";"Rue des Marnaudes";"48,94116900";"2,38292400"
"202300042879";"22";"07";"2023";"03:00";"3";"17";"17028";"1";"1";"1";"7";"N137";"46,12291000";" -1,10969000"
"202300042880";"2";"10";"2023";"17:30";"1";"93";"93055";"2";"1";"1";"3";"Rue Delizy";"48,89477664";"2,40972696"
"202300042881";"11";"01";"2023";"08:50";"1";"75";"75113";"2";"3";"2";"3";"BOULEVARD MASSENA";"48,82268700";"2,37292400"
"202300042882";"2";"10";"2023";"09:05";"1";"93";"93029";"2";"2";"7";"6";"Avenue Jean Jaurès / Avenue Henri Barbusse";"48,91975000";"2,45148000"
"202300042883";"22";"07";"2023";"21:05";"1";"14";"14118";"2";"1";"1";"3";"N814";"49,19852500";" -0,37363200"
"202300042884";"11";"01";"2023";"08:10";"1";"75";"75113";"2";"5";"2";"3";"RUE DE TOLBIAC";"48,82616289";"2,36001402"
"202300042885";"2";"10";"2023";"17:30";"1";"93";"93014";"2";"3";"7";"6";"Allée de Coubron / Allée Veuve Lindet Girard";"48,91259900";"2,55175500"
"202300042886";"22";"07";"2023";"10:15";"1";"13";"13019";"2";"1";"1";"1";"BOULEVARD DU MISTRAOU";"43,46433000";"5,35296000"
"202300042887";"11";"01";"2023";"07:00";"5";"75";"75111";"2";"3";"2";"6";"BOULEVARD VOLTAIRE";"48,85245700";"2,38923600"
"202300042888";"2";"10";"2023";"08:30";"1";"93";"93010";"2";"1";"7";"1";"Route de Villemomble";"48,89393200";"2,47783000"
"202300042889";"22";"07";"2023";"21:51";"5";"10";"10387";"2";"7";"1";"6";"URBAIN IV (RUE)";"48,29768000";"4,07612000"
"202300042890";"11";"01";"2023";"15:00";"1";"75";"75110";"2";"3";"1";"2";"BOULEVARD DE MAGENTA";"48,87955700";"2,35334200"
"202300042891";"22";"07";"2023";"10:30";"1";"07";"07281";"1";"1";"1";"7";"C.D.533";"44,93346000";"4,79379000"
"202300042892";"2";"10";"2023";"14:35";"1";"92";"92046";"2";"1";"1";"4";"PIERRE BROSSOLETTE (AVENUE)";"48,81844978";"2,30888307"
"202300042893";"2";"10";"2023";"13:10";"1";"92";"92073";"2";"2";"1";"6";"VERDUN (RUE DE)";"48,87383000";"2,23014000"
"202300042894";"11";"01";"2023";"18:20";"5";"75";"75103";"2";"2";"1";"6";"RUE BEAUBOURG";"48,86427000";"2,35516400"
"202300042895";"21";"07";"2023";"17:45";"1";"07";"07281";"2";"1";"1";"2";"GROSS-UMSTADT (AVENUE DE)";"44,94240000";"4,86021000"
"202300042896";"2";"10";"2023";"20:25";"5";"92";"92040";"2";"9";"1";"4";"ROUGET DE L'ISLE";"48,82786570";"2,26712868"
"202300042897";"22";"07";"2023";"03:15";"5";"06";"06088";"2";"1";"1";"2";"MADELEINE (BD DE LA)";"43,69318000";"7,24397000"
"202300042898";"11";"01";"2023";"09:15";"1";"75";"75103";"2";"3";"1";"7";"RUE DE TURBIGO";"48,86628746";"2,35976726"
"202300042899";"2";"10";"2023";"13:30";"1";"92";"92024";"2";"1";"1";"4";"GENERAL LECLERC (BD DU) (9 A 59)   (4 A";"48,90117731";"2,31545046"
"202300042900";"22";"07";"2023";"18:50";"1";"75";"75112";"2";"1";"1";"2";"PORTE DE CHARENTON";"48,83080700";"2,40315400"
"202300042901";"10";"01";"2023";"14:20";"1";"94";"94068";"2";"6";"2";"2";"Avenue Foch";"48,80536100";"2,48396600"
"202300042902";"2";"10";"2023";"21:20";"5";"92";"92023";"2";"6";"1";"3";"EUGENE BEAUJARD (CARREFOUR)";"48,78974609";"2,25267738"
"202300042903";"22";"07";"2023";"08:55";"1";"75";"75119";"2";"1";"1";"3";"RUE PETIT";"48,88622100";"2,39147200"
"202300042904";"2";"10";"2023";"14:40";"1";"92";"92012";"2";"1";"1";"6";"JEAN JAURES (BOULEVARD) 217/FIN - 210/FI";"48,82765175";"2,24681407"
"202300042905";"10";"01";"2023";"18:40";"5";"94";"94011";"2";"3";"2";"6";"Avenue de Boissy / N406";"48,76321900";"2,49355600"
"202300042906";"3";"10";"2023";"05:45";"3";"81";"81097";"1";"1";"1";"7";"D81 PK6+870";"43,89384700";"2,21701330"
"202300042907";"22";"07";"2023";"11:05";"1";"75";"75116";"2";"1";"1";"2";"ALLEE DE LONGCHAMP";"48,87379900";"2,26797600"
"202300042908";"11";"01";"2023";"02:10";"5";"94";"94034";"2";"6";"3";"3";"PEPINIERES (AV DES)";"48,75309600";"2,33973800"
"202300042909";"22";"07";"2023";"12:55";"1";"75";"75114";"2";"7";"1";"6";"PLACE SAINT JACQUES";"48,83357400";"2,33633200"
"202300042910";"11";"01";"2023";"12:00";"1";"94";"94059";"2";"2";"1";"6";"avenue maurice berteaux / avenue maurice ponroy";"48,80505000";"2,57233000"
"202300042911";"22";"07";"2023";"13:00";"1";"75";"75114";"2";"1";"1";"3";"AVENUE DENFERT ROCHEREAU";"48,83556200";"2,33356100"
"202300042912";"11";"01";"2023";"15:10";"1";"94";"94017";"2";"1";"1";"3";"Rue du Monument";"48,81262000";"2,51734000"
"202300042913";"30";"09";"2023";"18:07";"1";"35";"35085";"1";"3";"1";"3";"D895";"48,41703600";" -1,75545200"
"202300042914";"22";"07";"2023";"07:30";"1";"75";"75115";"2";"1";"1";"4";"QUAI D ISSY LES MOULINEAUX";"48,83482200";"2,26566700"
"202300042915";"2";"10";"2023";"23:00";"3";"12";"12049";"1";"1";"1";"6";"Beauregard";"44,56224400";"2,60001500"
"202300042916";"11";"01";"2023";"20:25";"5";"93";"93072";"2";"7";"1";"3";"Boulevard Maxime Gorki / Avenue Louis Bordes";"48,95580000";"2,38316000"
"202300042917";"21";"07";"2023";"10:24";"1";"75";"75113";"2";"2";"1";"3";"BOULEVARD VINCENT AURIOL";"48,83398100";"2,36478800"
"202300042918";"11";"01";"2023";"09:01";"1";"93";"93070";"2";"1";"8";"3";"Rue des Rosiers";"48,90380000";"2,33927000"
"202300042919";"22";"07";"2023";"04:40";"3";"75";"75111";"2";"3";"1";"3";"RUE BREGUET";"48,85630700";"2,37103300"
"202300042920";"11";"01";"2023";"14:15";"1";"93";"93062";"2";"1";"1";"6";"Avenue Thiers";"48,89894299";"2,51852185"
"202300042921";"21";"07";"2023";"17:15";"1";"75";"75111";"2";"2";"1";"3";"AVENUE PARMENTIER";"48,86666300";"2,37348900"
"202300042922";"11";"01";"2023";"17:40";"5";"93";"93048";"2";"1";"1";"6";"Rue Victor Hugo";"48,86119600";"2,43946300"
"202300042923";"3";"10";"2023";"08:50";"1";"44";"44023";"1";"1";"1";"1";"la Voliais";"47,43459000";" -1,89054400"
"202300042924";"11";"01";"2023";"08:10";"2";"93";"93005";"2";"1";"1";"6";"Rue Maryse Bastié";"48,95918200";"2,49583600"
"202300042925";"22";"07";"2023";"00:40";"5";"75";"75108";"2";"2";"1";"3";"AVENUE DES CHAMPS ELYSEES";"48,87312700";"2,29708300"
"202300042926";"11";"01";"2023";"16:45";"1";"93";"93001";"2";"2";"1";"2";"Rue Madeleine Vionnet / Rue Louis Girard";"48,90403501";"2,37505585"
"202300042927";"22";"07";"2023";"15:04";"1";"94";"94081";"2";"1";"1";"1";"Rue Marie Sorin Defresne";"48,79621215";"2,38677737"
"202300042928";"11";"01";"2023";"12:15";"1";"92";"92073";"2";"1";"1";"6";"SELLIER (BOULEVARD HENRI)";"48,86521000";"2,21938000"
"202300042929";"22";"07";"2023";"16:10";"1";"94";"94028";"2";"3";"1";"5";"Rue Jean Jaurès";"48,78761000";"2,43590000"
"202300042930";"11";"01";"2023";"18:00";"5";"92";"92007";"2";"2";"1";"3";"BLANCHARD RUE";"48,79602300";"2,29229100"
"202300042931";"11";"01";"2023";"09:45";"1";"92";"92048";"2";"1";"2";"6";"HENRI SAVIGNAC (RUE)";"48,81916151";"2,23439455"
"202300042932";"21";"07";"2023";"14:30";"1";"94";"94041";"2";"1";"1";"2";"Boulevard de Stalingrad";"48,80440000";"2,37716000"
"202300042933";"11";"01";"2023";"08:50";"1";"92";"92040";"2";"1";"2";"7";"GENERAL DE GAULLE (AVE DU) 87 A 127";"48,81800000";"2,27690000"
"202300042934";"18";"07";"2023";"20:45";"1";"93";"93064";"2";"3";"1";"2";"Avenue du Général de Gaulle / Rue d'Aurion";"48,87897462";"2,47846907"
"202300042935";"10";"01";"2023";"21:55";"5";"92";"92012";"2";"1";"2";"3";"EDOUARD VAILLANT (AVENUE) - DEBUT/55 - C";"48,83669379";"2,25326532"
"202300042936";"22";"07";"2023";"21:30";"5";"93";"93057";"2";"1";"1";"3";"Avenue Jean Jaurès";"48,90527416";"2,50200396"
"202300042937";"11";"01";"2023";"18:30";"5";"92";"92002";"2";"1";"1";"3";"ARISTIDE BRIAND (AVENUE)";"48,75869000";"2,30690000"
"202300042938";"22";"07";"2023";"11:15";"1";"92";"92064";"2";"3";"1";"3";"CAMP CANADIEN";"48,85289253";"2,20587015"
"202300042939";"11";"01";"2023";"19:15";"3";"01";"01074";"1";"1";"5";"1";"le Bernon";"46,01474200";"5,17933500"
"202300042940";"22";"07";"2023";"00:04";"5";"92";"92023";"2";"1";"1";"2";"GENERAL DE GAULLE (AV DU) N°130 A 340 ET";"48,78420473";"2,24872863"
"202300042941";"12";"01";"2023";"10:00";"1";"57";"57439";"2";"1";"2";"6";"Rue Principale (Manderen)";"49,45021200";"6,43110600"
"202300042942";"22";"07";"2023";"21:10";"2";"92";"92012";"2";"2";"1";"2";"ISSY (PONT D')";"48,83091240";"2,25822097"
"202300042943";"10";"01";"2023";"17:30";"2";"33";"33334";"1";"2";"1";"3";"Route des Graves";"44,69019600";" -0,42383200"
"202300042944";"3";"01";"2023";"12:30";"1";"31";"31003";"1";"3";"1";"3";"intersection D18  et chemin de lauzerville";"43,56206200";"1,58548600"
"202300042945";"12";"01";"2023";"13:20";"1";"52";"52056";"1";"1";"1";"7";"A5 PK206.550 sens Dijon vers Troyes";"48,04071900";"5,03778900"
"202300042946";"22";"07";"2023";"04:57";"5";"92";"92007";"2";"9";"1";"3";"MIRABEAU (ALLEE)";"48,78962652";"2,31357023"
"202300042947";"12";"01";"2023";"10:55";"1";"44";"44089";"1";"1";"8";"7";"";"47,34542000";" -1,86005000"
"202300042948";"12";"01";"2023";"07:30";"1";"74";"74171";"2";"1";"1";"3";"Chemin de rosières";"46,31490900";"6,34282400"
"202300042949";"22";"07";"2023";"20:45";"1";"51";"51195";"1";"1";"1";"7";"RN 44 PR 88.850";"48,76946700";"4,58220500"
"202300042950";"12";"01";"2023";"14:05";"1";"04";"04033";"1";"1";"1";"3";"D900b";"44,45447100";"6,31684400"
"202300042951";"10";"01";"2023";"12:25";"1";"51";"51612";"2";"1";"2";"7";"Rue de Villers-aux-Bois";"48,90958725";"4,00121748"
"202300042952";"23";"07";"2023";"10:56";"1";"42";"42212";"1";"3";"1";"1";"Route Bleue";"45,97931700";"4,11776200"
"202300042953";"12";"01";"2023";"01:05";"5";"74";"74195";"2";"1";"1";"6";"1967 Route de bellegarde";"46,00538300";"5,95994000"
"202300042954";"12";"07";"2023";"12:45";"1";"63";"63278";"2";"3";"1";"3";"D211";"45,92425900";"3,15860200"
"202300042955";"10";"01";"2023";"08:00";"3";"78";"78192";"1";"2";"9";"3";"RD 928";"48,92844900";"1,60962000"
"202300042956";"22";"07";"2023";"15:30";"1";"01";"01143";"1";"1";"1";"7";"D1005";"46,41338400";"6,06071500"
"202300042957";"23";"07";"2023";"01:28";"3";"65";"65369";"2";"1";"1";"7";"Route du Pic du Midi";"43,27002700";"0,17648900"
"202300042958";"23";"07";"2023";"15:50";"1";"72";"72200";"1";"1";"1";"7";"Route des Luères";"47,90989900";"0,21732300"
"202300042959";"11";"01";"2023";"18:00";"3";"22";"22232";"1";"2";"1";"1";"Impasse du Petit Kergrain";"48,63532800";" -2,90779900"
"202300042960";"11";"01";"2023";"19:00";"3";"29";"29236";"1";"4";"1";"6";"Lieu Dit Kervideo";"47,85015300";" -3,66256700"
"202300042961";"23";"07";"2023";"06:15";"2";"44";"44158";"1";"1";"2";"3";"N/A";"47,27623000";" -1,72154900"
"202300042962";"11";"01";"2023";"13:20";"1";"29";"29236";"1";"1";"8";"6";"Lieu Dit Saint Jean";"47,87121000";" -3,61230500"
"202300042963";"23";"07";"2023";"07:30";"2";"44";"44076";"1";"1";"2";"2";"N/A";"47,62739666";" -1,64438725"
"202300042964";"11";"01";"2023";"17:45";"2";"29";"29095";"1";"1";"8";"1";"Pen ar Forest";"48,45906028";" -4,35659076"
"202300042965";"22";"07";"2023";"00:45";"5";"62";"62162";"1";"4";"1";"6";"D943";"50,56993159";"2,44732690"
"202300042966";"12";"01";"2023";"08:00";"1";"03";"03314";"1";"3";"1";"1";"lieu dit sainte-agathe";"46,30626800";"2,63682600"
"202300042967";"23";"07";"2023";"05:50";"2";"62";"62559";"1";"1";"2";"1";"D939";"50,20758517";"3,10018766"
"202300042968";"5";"01";"2023";"17:15";"5";"01";"01196";"1";"1";"1";"6";"Route de Bourg";"46,36074000";"5,12270700"
"202300042969";"11";"01";"2023";"09:45";"1";"58";"58280";"1";"1";"2";"7";"D981";"46,84794600";"3,39509200"
"202300042970";"22";"07";"2023";"06:50";"1";"40";"40165";"1";"1";"1";"1";"D834";"44,11048400";" -0,70200900"
"202300042971";"22";"07";"2023";"19:55";"1";"59";"59194";"1";"1";"1";"6";"D934";"50,19838600";"3,63939300"
"202300042972";"11";"01";"2023";"10:25";"1";"06";"06059";"1";"1";"1";"3";"avenue Georges Clémenceau";"43,73232900";"7,38265200"
"202300042973";"11";"01";"2023";"10:35";"1";"50";"50389";"1";"2";"1";"3";"route de l'abbaye";"49,01277000";" -1,36152700"
"202300042974";"9";"01";"2023";"22:10";"3";"10";"10035";"1";"1";"8";"6";"D396";"48,20762300";"4,75364700"
"202300042975";"22";"07";"2023";"12:15";"1";"76";"76263";"1";"1";"1";"2";"D128";"49,49436800";"1,53062900"
"202300042976";"11";"01";"2023";"19:40";"5";"85";"85146";"2";"3";"1";"3";"RD84A";"46,96240600";" -1,34484800"
"202300042977";"1";"07";"2023";"03:00";"5";"2B";"2B123";"1";"6";"1";"6";"RD 144";"42,00417200";"9,44154500"
"202300042978";"8";"01";"2023";"10:54";"1";"27";"27232";"2";"1";"1";"6";"Rue Henri Pepin";"49,29009700";"1,54036000"
"202300042979";"22";"07";"2023";"20:47";"2";"80";"80240";"2";"1";"1";"1";"21 Rue Roger Corne";"49,92700800";"2,94293400"
"202300042980";"11";"01";"2023";"12:20";"1";"27";"27112";"1";"2";"1";"7";"D55";"48,85305400";"0,93963100"
"202300042981";"8";"01";"2023";"11:00";"1";"28";"28023";"1";"1";"2";"3";"D28";"48,51146600";"1,67844100"
"202300042982";"23";"07";"2023";"08:45";"1";"11";"11361";"1";"1";"1";"5";"D126";"43,32727700";"2,06412600"
"202300042983";"12";"01";"2023";"15:00";"1";"77";"77279";"1";"1";"9";"6";"A5 sens 1 direction TROYES PK 38.000";"48,37903600";"3,00879900"
"202300042984";"22";"07";"2023";"17:18";"1";"71";"71014";"2";"1";"1";"1";"Route d'Arnay";"46,96064300";"4,30503700"
"202300042985";"22";"07";"2023";"23:10";"3";"63";"63003";"1";"1";"1";"7";"Route des Chaux";"45,53533300";"3,78088500"
"202300042986";"12";"01";"2023";"09:15";"1";"38";"38197";"1";"1";"1";"2";"A432 PK 023+400";"45,74286500";"5,09583200"
"202300042987";"9";"01";"2023";"20:30";"5";"74";"74010";"2";"1";"2";"2";"155 Avenue d'aix-les-bains";"45,88414000";"6,09939300"
"202300042988";"17";"07";"2023";"17:10";"1";"49";"49291";"1";"2";"1";"3";"Route de Brézé";"47,17007800";" -0,09272400"
"202300042989";"12";"01";"2023";"05:00";"5";"69";"69225";"1";"9";"1";"3";"Autoroute 89";"45,88189800";"4,42955000"
"202300042990";"23";"07";"2023";"15:15";"1";"42";"42234";"1";"2";"1";"1";"Route de Fontanès";"45,52623100";"4,39051900"
"202300042991";"12";"01";"2023";"07:40";"2";"30";"30333";"1";"1";"1";"3";"";"43,76563900";"4,26745900"
"202300042992";"22";"07";"2023";"20:00";"1";"46";"46313";"2";"1";"1";"7";"Lieu Dit le Terral";"44,91391100";"1,76107400"
"202300042993";"22";"07";"2023";"23:45";"3";"34";"34041";"1";"1";"1";"1";"D2";"43,60895463";"3,47056080"
"202300042994";"13";"07";"2023";"15:28";"1";"44";"44087";"1";"1";"1";"6";"la bourriere";"47,04857500";" -1,81489000"
"202300042995";"11";"01";"2023";"10:30";"1";"17";"17022";"1";"8";"1";"3";"VC 9";"45,88349200";" -0,52797900"
"202300042996";"22";"07";"2023";"17:30";"1";"44";"44131";"1";"9";"1";"3";"Route de la Plaine";"47,12540300";" -2,14171200"
"202300042997";"23";"07";"2023";"01:55";"4";"38";"38517";"1";"6";"1";"6";"RD45 Rond point carrefour market";"45,29450500";"5,50702600"
"202300042998";"12";"01";"2023";"14:25";"1";"2B";"2B223";"1";"1";"1";"2";"RT30 PK 54+500";"42,53644100";"9,18484900"
"202300042999";"23";"07";"2023";"10:40";"1";"38";"38108";"1";"1";"1";"3";"RD531 PK 18";"45,07436900";"5,44843600"
"202300043000";"11";"01";"2023";"19:20";"3";"66";"66050";"1";"1";"1";"6";"";"42,74613000";"2,96957000"
"202300043001";"11";"01";"2023";"13:15";"1";"13";"13053";"1";"1";"1";"7";"chemin de sénas";"43,73639800";"5,16642100"
"202300043002";"22";"07";"2023";"18:50";"1";"03";"03221";"1";"1";"1";"2";"Avenue Nicolas Rambourg";"46,64509800";"2,72503900"
"202300043003";"12";"01";"2023";"12:15";"1";"13";"13041";"1";"1";"1";"7";"Avenue d?Arménie";"43,45376400";"5,45581700"
"202300043004";"22";"07";"2023";"12:45";"1";"66";"66016";"1";"1";"1";"1";"Rec del Vinyes ";"42,44972100";"3,05736400"
"202300043005";"11";"01";"2023";"16:30";"1";"68";"68364";"1";"1";"2";"3";"D18b";"47,94985400";"7,26919400"
"202300043006";"22";"07";"2023";"17:30";"1";"54";"54222";"1";"1";"1";"6";"RD 914 ";"48,52047207";"6,47501886"
"202300043007";"10";"01";"2023";"20:30";"3";"44";"44026";"1";"1";"2";"1";"10 Route de Paris";"47,28823201";" -1,43766403"
"202300043008";"23";"07";"2023";"11:25";"1";"14";"14369";"1";"1";"2";"3";"Route de l'Embranchement";"49,16145700";" -0,88863200"
"202300043009";"11";"01";"2023";"18:15";"3";"14";"14499";"1";"1";"1";"6";"D513";"49,24589098";" -0,18198230"
"202300043010";"11";"01";"2023";"11:22";"1";"22";"22339";"2";"3";"1";"3";"Rue du Noroit";"48,46717000";" -2,05444100"