"Num_Acc";"jour";"mois";"an";"hrmn";"lum";"dep";"com";"agg";"int";"atm";"col";"adr";"lat";"long"
"202300043406";"14";"05";"2023";"02:35";"5";"69";"69382";"2";"2";"3";"3";"15 Rue Auguste Comte";"45,75506000";"4,83125000"
"202300043407";"3";"11";"2023";"14:05";"1";"37";"37122";"2";"6";"8";"3";"CHINON (BOULEVARD DE)";"47,35063000";"0,67783000"
"202300043408";"14";"05";"2023";"11:55";"1";"971";"97113";"1";"1";"1";"4";"RN4-ROND POINT SAINT FELIX";"16,20775835";" -61,46100640"
"202300043409";"14";"05";"2023";"07:05";"1";"2A";"2A004";"1";"1";"1";"2";"T20";"41,93230000";"8,80190000"
"202300043410";"3";"11";"2023";"20:30";"5";"35";"35238";"2";"1";"1";"4";"HAUTES-OURMES (BD DES)";"48,08755910";" -1,64546549"
"202300043411";"3";"11";"2023";"18:40";"2";"35";"35238";"2";"1";"1";"6";"PAYS-BAS (AVENUE DES)";"48,08615200";" -1,66106790"
"202300043412";"14";"05";"2023";"01:24";"5";"95";"95424";"2";"9";"1";"3";"PONTOISE (BOULEVARD DE)";"48,98597429";"2,18189120"
"202300043413";"14";"05";"2023";"14:45";"1";"91";"91377";"2";"6";"1";"6";"AV SAINT MARC";"48,72990000";"2,28822000"
"202300043414";"3";"11";"2023";"14:45";"1";"35";"35238";"1";"1";"1";"2";"RN136";"48,13174000";" -1,70863000"
"202300043415";"14";"05";"2023";"19:02";"1";"69";"69029";"2";"2";"2";"3";"Avenue Jean Mermoz";"45,73005000";"4,89126000"
"202300043416";"3";"11";"2023";"12:55";"1";"35";"35238";"2";"1";"8";"2";"VALLES (JULES)";"48,10433000";" -1,71061000"
"202300043417";"3";"11";"2023";"10:10";"1";"34";"34172";"2";"1";"2";"3";"MOULARES (CHEMIN DE";"43,59497000";"3,89104000"
"202300043418";"14";"05";"2023";"17:25";"1";"67";"67447";"2";"3";"1";"3";"PIERRE MENDES FRANCE (AVENUE)";"48,60126000";"7,75454000"
"202300043419";"8";"10";"2023";"13:05";"1";"34";"34032";"1";"1";"1";"1";"ROUTE DE BEDARIEUX (RD.909)";"43,38186000";"3,22286000"
"202300043420";"7";"10";"2023";"14:37";"1";"34";"34032";"2";"1";"1";"6";"CADENAT JULES (BD)";"43,34004000";"3,25059000"
"202300043421";"14";"05";"2023";"20:45";"5";"51";"51454";"2";"2";"1";"3";"avenue Jean Jaurès";"49,26351753";"4,05606329"
"202300043422";"3";"11";"2023";"20:11";"5";"33";"33522";"2";"3";"2";"3";"Avenue de la Mission Haut Brion";"44,80893000";" -0,60572000"
"202300043423";"13";"05";"2023";"11:41";"1";"51";"51344";"1";"1";"1";"7";"RD3";"49,05279000";"3,91069000"
"202300043424";"3";"11";"2023";"17:55";"5";"33";"33063";"2";"1";"3";"3";"Quai de la Souys";"44,82909000";" -0,54139000"
"202300043425";"14";"05";"2023";"18:20";"1";"44";"44109";"2";"6";"1";"6";"2 Boulevard Nicéphore Niepce";"47,27684700";" -1,51504600"
"202300043426";"14";"05";"2023";"18:00";"1";"43";"43089";"2";"1";"8";"6";"15 Chemin des Lilas";"45,05129300";"3,87252200"
"202300043427";"4";"11";"2023";"00:45";"5";"31";"31555";"1";"1";"1";"2";"20 LESPINET  (PERIPH OUEST A620)";"43,56500000";"1,48500000"
"202300043428";"14";"05";"2023";"06:20";"1";"35";"35238";"2";"1";"1";"6";"DESGREES (BD PAUL HUTIN)";"48,09309000";" -1,63971000"
"202300043429";"13";"05";"2023";"18:35";"1";"35";"35238";"2";"1";"1";"3";"DONZELOT (AVENUE PIERRE)";"48,12581379";" -1,64076492"
"202300043430";"3";"11";"2023";"21:10";"3";"31";"31555";"2";"1";"2";"3";"AV D EMPALOT";"43,57543000";"1,43627000"
"202300043431";"14";"05";"2023";"01:51";"3";"31";"31555";"2";"1";"3";"6";"BARCELONE (ALL DE) DU 16AU 156";"43,60603000";"1,43268000"
"202300043432";"3";"11";"2023";"21:35";"5";"29";"29232";"2";"9";"2";"7";"Rond-Point de Ludugris";"47,97916910";" -4,12144482"
"202300043433";"12";"05";"2023";"12:20";"1";"29";"29232";"2";"1";"1";"6";"Route de Rosporden";"47,98846900";" -4,05408800"
"202300043434";"3";"11";"2023";"15:00";"1";"25";"25056";"2";"1";"1";"6";"rue alfred de vigny";"47,21658000";"5,96321000"
"202300043435";"14";"05";"2023";"19:30";"1";"25";"25031";"2";"6";"2";"3";"REVOLUTION DE 1789 AVENUE DE LA)";"47,48742000";"6,84229000"
"202300043436";"3";"11";"2023";"18:20";"5";"16";"16102";"2";"3";"2";"3";"SAINT JEAN D'ANGELY (AVENUE DE)";"45,70132000";" -0,33939200"
"202300043437";"13";"05";"2023";"01:57";"5";"18";"18033";"2";"1";"1";"6";"115 Rue Louis Mallet";"47,08148000";"2,37084000"
"202300043438";"8";"09";"2023";"14:40";"1";"13";"13103";"2";"1";"1";"7";"BOULEVARD DU ROY RENE";"43,63388000";"5,09630000"
"202300043439";"14";"05";"2023";"15:35";"1";"13";"13002";"2";"1";"1";"7";"DES TERMES (ROUTE) RD 908";"43,38466860";"5,55164671"
"202300043440";"24";"10";"2023";"19:50";"5";"13";"13213";"2";"1";"1";"6";"ALBERT EINSTEIN (RUE)";"43,33360000";"5,43122000"
"202300043441";"14";"05";"2023";"08:48";"1";"13";"13208";"2";"6";"1";"6";"pointe rouge (ave)";"43,24778000";"5,37460000"
"202300043442";"14";"05";"2023";"08:15";"1";"13";"13215";"2";"1";"1";"3";"SAINT ANTOINE A SAINT JOSEPH (CHEMIN DE)";"43,35950000";"5,36458000"
"202300043443";"2";"11";"2023";"18:00";"2";"13";"13001";"2";"3";"2";"3";"VAIR GUILLAUME DU (RUE)";"43,50785000";"5,40402000"
"202300043444";"13";"05";"2023";"00:35";"4";"05";"05061";"2";"1";"2";"6";"RAVELIN ( ROUTE DU )";"44,57969058";"6,10143006"
"202300043445";"2";"11";"2023";"19:10";"3";"10";"10081";"2";"1";"1";"1";"GENERAL SARRAIL (RUE DU)";"48,30719500";"4,04173708"
"202300043446";"13";"05";"2023";"19:05";"1";"04";"04070";"2";"1";"2";"6";"verdun ( avenue de )";"44,08754000";"6,21836000"
"202300043447";"2";"11";"2023";"11:58";"1";"10";"10081";"2";"1";"8";"6";"OUEST (BD)";"48,30733000";"4,02573000"
"202300043448";"13";"05";"2023";"17:25";"1";"03";"03321";"1";"1";"3";"3";"RD 779";"46,58001000";"3,38685000"
"202300043449";"3";"11";"2023";"09:30";"1";"02";"02059";"2";"2";"1";"2";"13 Rue de l'Équipée";"49,65180000";"3,34245000"
"202300043450";"13";"05";"2023";"14:45";"1";"03";"03185";"2";"6";"1";"3";"Quai de la Libération M. Leclerc";"46,33111000";"2,60010000"
"202300043451";"3";"11";"2023";"18:25";"5";"75";"75120";"2";"1";"1";"3";"PORTE DE BAGNOLET";"48,87142800";"2,41300200"
"202300043452";"13";"05";"2023";"14:15";"1";"75";"75116";"2";"1";"1";"2";"PORTE DAUPHINE";"48,87290600";"2,27444700"
"202300043453";"3";"11";"2023";"19:00";"5";"75";"75119";"2";"2";"2";"6";"AVENUE DE FLANDRE";"48,88847500";"2,37391000"
"202300043454";"14";"05";"2023";"02:30";"5";"75";"75113";"2";"3";"1";"6";"BOULEVARD KELLERMANN";"48,82085800";"2,35489500"
"202300043455";"3";"11";"2023";"07:25";"2";"75";"75119";"2";"1";"1";"1";"RUE HAXO";"48,87642001";"2,40234733"
"202300043456";"13";"05";"2023";"15:04";"1";"75";"75105";"2";"2";"1";"3";"AVENUE DES GOBELINS";"48,83680600";"2,35183400"
"202300043457";"3";"11";"2023";"19:25";"5";"75";"75113";"2";"2";"9";"3";"BOULEVARD ARAGO";"48,83495600";"2,34499400"
"202300043458";"14";"05";"2023";"21:20";"5";"75";"75118";"2";"3";"1";"3";"BOULEVARD ORNANO";"48,89267800";"2,34886400"
"202300043459";"3";"11";"2023";"20:45";"5";"75";"75110";"2";"2";"2";"3";"BOULEVARD DE MAGENTA";"48,87734400";"2,35511200"
"202300043460";"12";"05";"2023";"17:00";"1";"75";"75116";"2";"2";"1";"3";"ALLEE DE LONGCHAMP";"48,86357800";"2,23976700"
"202300043461";"3";"11";"2023";"15:15";"1";"75";"75111";"2";"1";"8";"2";"RUE DE LA FONTAINE AU ROI";"48,86822800";"2,37397700"
"202300043462";"14";"05";"2023";"11:54";"1";"75";"75107";"2";"3";"1";"3";"PLACE HENRY DE MONTHERLANT";"48,86076600";"2,32529900"
"202300043463";"3";"11";"2023";"09:48";"1";"75";"75111";"2";"4";"1";"3";"BOULEVARD VOLTAIRE";"48,85061200";"2,39215800"
"202300043464";"13";"05";"2023";"17:44";"1";"75";"75107";"2";"3";"1";"3";"QUAI BRANLY";"48,85890200";"2,29328200"
"202300043465";"3";"11";"2023";"11:55";"1";"75";"75110";"2";"1";"1";"6";"RUE DU FAUBOURG DU TEMPLE";"48,87082500";"2,37364700"
"202300043466";"14";"05";"2023";"10:46";"1";"75";"75103";"2";"3";"1";"6";"RUE BEAUBOURG";"48,86521400";"2,35569600"
"202300043467";"3";"11";"2023";"20:05";"3";"94";"94028";"1";"1";"8";"3";"A86";"48,77627223";"2,43100362"
"202300043468";"14";"05";"2023";"09:00";"1";"94";"94081";"2";"1";"1";"6";"Quai Jules Guesde";"48,80385564";"2,40914029"
"202300043469";"3";"11";"2023";"08:15";"1";"94";"94041";"2";"1";"1";"2";"44 Avenue de Verdun";"48,81177000";"2,37118000"
"202300043470";"3";"11";"2023";"07:50";"2";"94";"94073";"2";"1";"1";"3";"11 Rue des Alouettes";"48,75389100";"2,38173400"
"202300043471";"14";"05";"2023";"03:00";"3";"94";"94074";"2";"1";"1";"4";"Avenue Henri Barbusse";"48,77020000";"2,44052000"
"202300043472";"14";"05";"2023";"15:00";"1";"94";"94015";"2";"1";"1";"6";"Boulevard Pasteur";"48,83662200";"2,52695800"
"202300043473";"3";"11";"2023";"15:00";"1";"94";"94017";"2";"2";"2";"3";"Avenue de la Famille";"48,81041000";"2,54753000"
"202300043474";"14";"05";"2023";"18:30";"1";"94";"94076";"2";"9";"1";"6";"25 Rue René Thibert";"48,80463217";"2,36076477"
"202300043475";"3";"11";"2023";"16:04";"1";"93";"93070";"2";"4";"1";"3";"Rue Kléber / Rue Charles Schmidt";"48,90252900";"2,33429600"
"202300043476";"14";"05";"2023";"13:15";"1";"94";"94017";"2";"1";"1";"3";"Avenue du Général de Gaulle";"48,82061214";"2,48609501"
"202300043477";"3";"11";"2023";"08:25";"1";"93";"93055";"2";"9";"8";"6";"Avenue Jean Jaurès";"48,90804600";"2,39691300"
"202300043478";"13";"05";"2023";"02:20";"5";"94";"94002";"2";"1";"1";"6";"Quai Jean-baptiste Clément";"48,79466000";"2,42275000"
"202300043479";"3";"11";"2023";"13:10";"1";"93";"93079";"2";"1";"8";"1";"Route de Saint-leu";"48,95357354";"2,33600925"
"202300043480";"14";"05";"2023";"13:00";"1";"93";"93073";"2";"3";"8";"3";"Avenue Gilbert Berger / Avenue des Myosotis";"48,95070000";"2,58012000"
"202300043481";"3";"11";"2023";"13:00";"1";"93";"93013";"2";"5";"8";"3";"Avenue de la Division Leclerc / Rue Normandie Niémen";"48,94079000";"2,43100000"
"202300043482";"14";"05";"2023";"13:55";"1";"93";"93071";"2";"1";"1";"2";"Avenue Salvador Allende";"48,94801000";"2,53251000"
"202300043483";"13";"05";"2023";"23:50";"5";"93";"93048";"2";"7";"1";"1";"Place Jacques Duclos / Avenue de la Résistance";"48,85816050";"2,43649315"
"202300043484";"3";"11";"2023";"02:30";"5";"93";"93008";"2";"1";"1";"5";"Avenue Louis Aragon";"48,91406000";"2,43942500"
"202300043485";"3";"11";"2023";"12:15";"1";"93";"93001";"2";"1";"1";"1";"Rue de Saint Denis";"48,92040000";"2,37748000"
"202300043486";"14";"05";"2023";"11:23";"1";"93";"93074";"2";"1";"1";"2";"Boulevard Jacques Amyot";"48,93889538";"2,56891461"
"202300043487";"14";"05";"2023";"15:20";"1";"93";"93008";"2";"1";"8";"3";"Rue Marcel Cachin";"48,91460118";"2,42171628"
"202300043488";"3";"11";"2023";"21:30";"5";"92";"92050";"2";"2";"1";"3";"HAVRE BOULEVARD DU";"48,91882741";"2,22279333"
"202300043489";"14";"05";"2023";"08:30";"1";"93";"93001";"2";"9";"1";"3";"Avenue de la République";"48,90888731";"2,38691211"
"202300043490";"3";"11";"2023";"22:00";"5";"92";"92040";"2";"9";"1";"1";"VERDUN (AVENUE DE) DU 83 AU 113 BIS";"48,81838679";"2,25219548"
"202300043491";"3";"11";"2023";"19:30";"5";"92";"92071";"2";"1";"8";"3";"AVENUE JEAN PERRIN";"48,78528820";"2,30246758"
"202300043492";"14";"05";"2023";"20:20";"1";"92";"92075";"2";"1";"1";"6";"JEAN JAURES (RUE)";"48,82397458";"2,29685873"
"202300043493";"4";"11";"2023";"01:00";"3";"38";"38378";"2";"1";"8";"1";"Avenue Berthelot";"45,43459900";"4,76875800"
"202300043494";"14";"05";"2023";"18:30";"1";"60";"60539";"2";"1";"1";"6";"Rue de Cinqueux";"49,30295700";"2,51948700"
"202300043495";"4";"11";"2023";"12:15";"1";"46";"46197";"1";"1";"3";"6";"route départementale 820";"44,39382157";"1,45109653"
"202300043496";"31";"10";"2023";"10:20";"1";"974";"97414";"2";"1";"1";"6";"avenue principale";" -21,28687000";"55,40827500"
"202300043497";"3";"11";"2023";"20:20";"5";"58";"58086";"2";"1";"1";"3";"Place Georges Clémenceau";"47,40859500";"2,92477200"
"202300043498";"14";"05";"2023";"19:55";"1";"12";"12131";"1";"1";"8";"6";"RN 88, la baraque de turc";"44,38221400";"2,65944200"
"202300043499";"12";"05";"2023";"02:10";"3";"14";"14061";"1";"1";"1";"6";"L'Etournière - Montchauvet (Montchauvet)";"48,94751900";" -0,76894600"
"202300043500";"31";"10";"2023";"18:35";"5";"23";"23079";"2";"1";"2";"1";"Rue Soeur Alphonse";"45,88004600";"2,17144900"
"202300043501";"14";"05";"2023";"15:35";"1";"50";"50543";"1";"1";"1";"6";"PR 47+800, sens CAEN-RENNES, RN175";"48,64779600";" -1,34831400"
"202300043502";"4";"11";"2023";"17:15";"2";"83";"83130";"2";"6";"2";"6";"Avenue du General Magnan";"43,19399600";"6,04206700"
"202300043503";"15";"05";"2023";"06:25";"2";"36";"36101";"1";"1";"5";"6";"N/A";"46,71566405";"1,59614628"
"202300043504";"31";"10";"2023";"18:40";"3";"51";"51518";"1";"3";"1";"7";"D330";"49,30710600";"3,97735100"
"202300043505";"8";"05";"2023";"22:45";"3";"91";"91617";"2";"1";"2";"3";"D33";"48,63861900";"2,51457300"
"202300043506";"29";"10";"2023";"19:38";"3";"51";"51238";"1";"1";"1";"2";"route départementale 18";"48,86844100";"3,87114600"
"202300043507";"14";"05";"2023";"12:40";"1";"82";"82030";"2";"1";"1";"6";"4 Route de Saint Aignan";"44,00910600";"1,08380000"
"202300043508";"4";"11";"2023";"06:30";"3";"51";"51617";"1";"1";"2";"6";"D21e1";"49,03849400";"4,31176900"
"202300043509";"3";"11";"2023";"16:00";"1";"80";"80585";"1";"1";"1";"6";"36 Rue Félix Corroyer";"49,75599000";"2,91049100"
"202300043510";"2";"05";"2023";"07:25";"2";"11";"11105";"1";"1";"1";"4";"RD 118";"43,03542700";"2,24723000"
"202300043511";"14";"05";"2023";"21:10";"2";"61";"61038";"2";"3";"1";"6";"D938";"48,37037000";"0,56699200"
"202300043512";"3";"11";"2023";"15:55";"1";"69";"69214";"1";"1";"2";"1";"Rue du Lac";"46,00608400";"4,35916900"
"202300043513";"12";"05";"2023";"07:45";"1";"41";"41229";"2";"1";"1";"6";"Rue Principale";"47,31723700";"1,39955800"
"202300043514";"3";"11";"2023";"19:20";"4";"81";"81220";"2";"1";"2";"6";"Promenade des Lices";"43,82317400";"1,72583800"
"202300043515";"4";"11";"2023";"03:00";"3";"89";"89276";"2";"1";"1";"6";"16 Route de Troyes";"48,04234900";"3,79222500"
"202300043516";"5";"05";"2023";"17:35";"1";"41";"41044";"2";"1";"1";"2";"D976 - 86 rue Nationale";"47,26737800";"1,88445000"
"202300043517";"4";"11";"2023";"02:00";"3";"63";"63406";"1";"1";"1";"7";"D211";"45,95350700";"3,20517500"
"202300043518";"14";"05";"2023";"21:00";"3";"39";"39297";"1";"1";"1";"1";"N/A";"46,47266300";"5,94586700"
"202300043519";"3";"11";"2023";"17:50";"4";"63";"63352";"2";"1";"1";"6";"1 Route de Brioude";"45,45765900";"3,23803000"
"202300043520";"14";"05";"2023";"03:30";"3";"39";"39412";"1";"6";"1";"6";"N/A";"47,00343600";"5,35525600"
"202300043521";"4";"11";"2023";"10:05";"1";"63";"63040";"1";"3";"8";"1";"D212/D151";"45,72019900";"3,30506100"
"202300043522";"15";"05";"2023";"07:50";"1";"29";"29210";"1";"1";"1";"5";"Keroumen";"48,59482500";" -4,05178800"
"202300043523";"15";"05";"2023";"20:35";"2";"02";"02419";"1";"1";"1";"6";"8 Route Nationale";"49,95035300";"3,77531600"
"202300043524";"31";"10";"2023";"19:00";"3";"49";"49155";"1";"1";"1";"2";"Route Départementale N°775";"47,58611500";" -0,69004700"
"202300043525";"15";"05";"2023";"17:43";"1";"70";"70561";"1";"1";"3";"1";"D486";"47,57918900";"6,43249500"
"202300043526";"27";"10";"2023";"20:10";"3";"31";"31212";"1";"1";"1";"1";"Chemin du Lavoir";"43,70745400";"1,55887800"
"202300043527";"14";"05";"2023";"16:00";"1";"66";"66123";"1";"1";"1";"3";"Mas des Sources (Hôpital)";"42,52844000";"2,24596300"
"202300043528";"4";"11";"2023";"14:00";"1";"02";"02180";"1";"1";"8";"2";"N/A";"49,65684300";"3,61565000"
"202300043529";"14";"05";"2023";"18:20";"1";"72";"72269";"1";"1";"1";"6";"D357";"47,91950103";"0,76603174"
"202300043530";"11";"05";"2023";"16:30";"1";"14";"14543";"2";"1";"1";"3";"2 La Sablonniere";"49,19757100";" -0,47466000"
"202300043531";"4";"11";"2023";"09:00";"1";"26";"26339";"1";"1";"2";"1";"RD6A PK 01+750";"44,58178700";"4,79939500"
"202300043532";"12";"05";"2023";"16:55";"1";"60";"60509";"2";"1";"1";"6";"Rue Salvador Allendé";"49,29488700";"2,59970400"
"202300043533";"3";"11";"2023";"12:55";"1";"58";"58295";"1";"1";"2";"7";"Hameau le Bouchat";"47,32341400";"2,94675500"
"202300043534";"14";"05";"2023";"17:22";"1";"10";"10233";"1";"1";"1";"6";"Route de Plancy";"48,51154500";"3,89524800"
"202300043535";"3";"11";"2023";"23:55";"3";"58";"58024";"1";"1";"2";"6";"D958";"47,13776000";"3,60687900"
"202300043536";"15";"05";"2023";"07:20";"2";"10";"10375";"1";"1";"5";"1";"D619";"48,28258813";"4,17555096"
"202300043537";"4";"11";"2023";"06:00";"3";"58";"58176";"1";"1";"3";"6";"D176";"47,03262100";"3,24965700"
"202300043538";"12";"05";"2023";"17:00";"1";"16";"16039";"1";"2";"3";"3";"D180";"46,04456600";"0,15086000"
"202300043539";"4";"11";"2023";"19:20";"5";"06";"06090";"2";"1";"2";"6";"Avenue Fredéric Mistral";"43,59385600";"6,92625000"
"202300043540";"14";"05";"2023";"15:35";"1";"53";"53151";"1";"1";"1";"7";"d 227, maison neuve";"47,93778000";" -1,02160000"
"202300043541";"4";"11";"2023";"15:31";"1";"14";"14394";"2";"1";"1";"6";"31 Rue du Major E.G. Styffe";"49,01043000";" -0,17071100"
"202300043542";"13";"05";"2023";"02:30";"3";"53";"53137";"1";"9";"1";"7";"route de la croix aux vanneurs";"48,06828600";" -0,96851300"
"202300043543";"13";"05";"2023";"23:20";"3";"04";"04218";"1";"1";"8";"7";"La batie";"44,07039800";"6,48289400"
"202300043544";"3";"11";"2023";"18:30";"3";"07";"07317";"1";"1";"1";"3";"D370b";"45,21793100";"4,79072600"
"202300043545";"3";"11";"2023";"17:40";"5";"07";"07157";"2";"1";"2";"6";"Chemin de Fournier";"44,60533700";"4,72494100"
"202300043546";"13";"05";"2023";"16:45";"1";"85";"85234";"1";"6";"1";"6";"RD 205 - Rond point du porteau";"46,79582000";" -2,01067800"
"202300043547";"3";"11";"2023";"20:45";"3";"53";"53146";"2";"1";"2";"6";"18 Rue Vénus";"48,19320400";" -0,66449300"
"202300043548";"14";"05";"2023";"15:25";"1";"27";"27067";"1";"1";"1";"3";"RD 14 bis";"49,29939000";"1,65917500"
"202300043549";"15";"10";"2023";"17:24";"1";"21";"21065";"2";"1";"1";"6";"Route de Crépey";"47,08123500";"4,74225800"
"202300043550";"4";"11";"2023";"17:35";"1";"40";"40303";"1";"1";"2";"7";"Route de Puymenjon";"44,11230200";" -0,94465300"
"202300043551";"15";"05";"2023";"08:50";"1";"27";"27425";"2";"3";"1";"3";"Grande Rue";"49,14787500";"0,71373000"
"202300043552";"3";"11";"2023";"16:00";"1";"24";"24020";"1";"1";"3";"1";"D704";"45,14951000";"1,16455100"
"202300043553";"14";"05";"2023";"19:30";"1";"37";"37270";"1";"1";"1";"1";"route de vernou";"47,41655027";"0,86558104"
"202300043554";"30";"09";"2023";"10:40";"1";"04";"04209";"2";"1";"1";"6";"Allée des platanes";"44,23534700";"5,90802700"
"202300043555";"15";"05";"2023";"10:09";"1";"30";"30165";"1";"3";"1";"2";"Route d'Uzès";"44,09737100";"4,14758000"
"202300043556";"14";"05";"2023";"22:00";"3";"30";"30307";"2";"1";"1";"6";"18bis Route de la Pomarede";"44,21012465";"4,02221647"
"202300043557";"14";"05";"2023";"19:50";"1";"30";"30086";"1";"1";"1";"6";"D114";"44,01825000";"4,28381000"
"202300043558";"4";"11";"2023";"12:15";"1";"85";"85022";"1";"1";"6";"5";"RD 949";"46,45595000";" -1,42765000"
"202300043559";"15";"02";"2023";"13:45";"1";"08";"08222";"1";"1";"1";"6";"D8051";"50,00615300";"4,69240700"
"202300043560";"3";"11";"2023";"18:00";"2";"85";"85084";"1";"1";"1";"2";"RD 7";"46,76319300";" -1,22651000"
"202300043561";"3";"11";"2023";"04:30";"3";"37";"37014";"2";"1";"1";"1";"32 Route de Langeais";"47,26705400";"0,43979600"
"202300043562";"15";"05";"2023";"10:55";"1";"60";"60009";"1";"1";"1";"1";"A16";"49,40428635";"2,12580066"
"202300043563";"4";"11";"2023";"16:49";"2";"06";"06030";"1";"1";"3";"6";"A8, pk 161.400 voie sud";"43,56876300";"6,97400100"
"202300043564";"14";"05";"2023";"12:15";"1";"42";"42324";"1";"1";"1";"6";"A72";"45,56054800";"4,24195600"
"202300043565";"15";"05";"2023";"10:20";"1";"44";"44026";"1";"1";"1";"6";"N/A";"47,30168274";" -1,43037915"
"202300043566";"3";"11";"2023";"18:30";"5";"13";"13058";"2";"6";"1";"3";"Avenue du Général de Gaulle";"43,71304000";"4,80331300"
"202300043567";"15";"05";"2023";"05:30";"2";"976";"97617";"2";"3";"1";"6";"D3 Pont Miréréni Combani";" -12,78895200";"45,13878800"
"202300043568";"4";"11";"2023";"02:20";"3";"30";"30156";"1";"1";"1";"7";"A9";"43,86479500";"4,43359800"
"202300043569";"13";"05";"2023";"16:00";"1";"987";"98714";"1";"1";"1";"3";"quartier Faatahi, près ""LE RÉCIF'""";" -16,38800000";" -151,76500000"
"202300043570";"4";"11";"2023";"00:00";"5";"11";"11202";"2";"1";"1";"6";"Rue Dali Port Leucate";"42,84104500";"3,03987100"
"202300043571";"2";"11";"2023";"02:00";"5";"987";"98747";"1";"1";"1";"7";"Route du lycée - TARAVAO";" -17,75600000";" -148,73600000"
"202300043572";"14";"05";"2023";"11:45";"1";"987";"98754";"1";"1";"1";"6";"PK 9,500 MIRI MIRI";" -16,88709900";" -151,45832700"
"202300043573";"3";"11";"2023";"06:45";"2";"987";"98733";"1";"1";"1";"1";"PK 27.200c/mt - RT1";" -17,69600000";" -149,54800000"
"202300043574";"14";"05";"2023";"14:00";"1";"988";"98815";"1";"1";"1";"7";"Lieu-dit Trou de Bone";" -21,46625000";"167,93582000"
"202300043575";"3";"11";"2023";"11:50";"2";"33";"33199";"2";"1";"2";"6";"45 Av du Mal de Lattre de Tassigny";"44,63797200";" -1,11112800"
"202300043576";"7";"05";"2023";"01:15";"3";"988";"98821";"1";"9";"1";"6";"Route de N'Dé";" -22,13388000";"166,33318000"
"202300043577";"14";"05";"2023";"11:00";"1";"971";"97117";"1";"1";"1";"6";"Route de Caillebot";"16,31607200";" -61,36392700"
"202300043578";"4";"11";"2023";"12:15";"1";"13";"13027";"1";"1";"1";"7";"D75a";"43,86397500";"4,85853200"
"202300043579";"3";"11";"2023";"16:15";"1";"68";"68352";"2";"2";"1";"3";"D1III PK 002+000";"48,01938900";"7,55230700"
"202300043580";"15";"05";"2023";"01:00";"3";"21";"21699";"1";"1";"1";"1";"Route Departementale 905";"47,19698100";"5,36930000"
"202300043581";"3";"11";"2023";"17:15";"5";"54";"54111";"2";"1";"1";"6";"320 Rue du Val Fleurion";"48,62482834";"6,08983219"
"202300043582";"3";"11";"2023";"14:17";"1";"03";"03290";"1";"6";"2";"6";"N7";"46,62475800";"3,28609800"
"202300043583";"12";"05";"2023";"15:15";"1";"67";"67021";"1";"1";"1";"7";"D854";"48,41008900";"7,40158800"
"202300043584";"5";"05";"2023";"10:45";"1";"03";"03085";"1";"1";"1";"6";"la presle";"46,56939400";"3,24950700"
"202300043585";"3";"11";"2023";"16:25";"1";"85";"85298";"1";"1";"2";"1";"RD32";"46,58699700";" -1,76184100"
"202300043586";"12";"05";"2023";"16:38";"1";"38";"38468";"2";"1";"2";"2";"Rue du 11 Novembre 1918";"45,34746700";"4,81049900"
"202300043587";"2";"11";"2023";"09:40";"1";"50";"50294";"1";"1";"6";"6";"Départementale 900";"49,58695600";" -1,65425800"
"202300043588";"14";"05";"2023";"22:10";"3";"38";"38341";"1";"1";"2";"7";"Route de la Garenne";"45,57346000";"5,41503700"
"202300043589";"4";"11";"2023";"00:20";"5";"60";"60341";"2";"1";"1";"2";"Rue de la Liberté";"49,09143400";"2,74166400"
"202300043590";"15";"05";"2023";"16:35";"1";"69";"69153";"2";"1";"1";"2";"Route de la Riviere";"45,85931000";"4,80985000"
"202300043591";"4";"11";"2023";"09:10";"1";"02";"02521";"1";"1";"3";"1";"D1003";"49,02605000";"3,20775000"
"202300043592";"14";"05";"2023";"18:21";"1";"69";"69072";"1";"1";"1";"3";"Route Departementale 307";"45,81229747";"4,73335359"
"202300043593";"3";"11";"2023";"22:30";"3";"59";"59643";"1";"2";"1";"1";"M945";"50,74146900";"2,96670000"
"202300043594";"12";"05";"2023";"16:15";"1";"81";"81219";"1";"1";"1";"7";"Lieu dit le Fort";"43,58911400";"1,99777400"
"202300043595";"14";"05";"2023";"21:50";"3";"46";"46202";"1";"1";"1";"7";"Autoroute A20 PK 381+000 SENS PARIS - TOULOUSE.";"44,28315300";"1,50476900"
"202300043596";"26";"10";"2023";"07:41";"2";"13";"13106";"1";"1";"1";"4";"A7-Sens Lyon vers Marseille";"43,38861000";"5,35094000"
"202300043597";"14";"05";"2023";"22:00";"5";"86";"86225";"2";"1";"1";"1";"Rue de Messais";"46,84802300";"0,05140720"
"202300043598";"3";"11";"2023";"00:25";"3";"13";"13085";"1";"1";"2";"6";"A50-Sens Toulon vers Aubagne";"43,26311846";"5,58921398"
"202300043599";"14";"05";"2023";"15:35";"1";"85";"85296";"1";"1";"1";"7";"la chunière";"46,89029000";" -0,83210700"
"202300043600";"3";"11";"2023";"12:50";"5";"83";"83137";"1";"1";"1";"2";"A50 TUNNEL TUBE SUD";"43,12696803";"5,92140338"
"202300043601";"15";"05";"2023";"07:50";"1";"60";"60079";"1";"2";"5";"3";"D922";"49,14770800";"2,87186900"