"Num_Acc";"jour";"mois";"an";"hrmn";"lum";"dep";"com";"agg";"int";"atm";"col";"adr";"lat";"long"
"202300043602";"1";"11";"2023";"13:50";"1";"42";"42218";"1";"1";"2";"2";"N88";"45,43343000";"4,41775000"
"202300043603";"14";"05";"2023";"15:00";"1";"13";"13215";"1";"1";"1";"2";"A7-Sens Lyon vers Marseille";"43,36723874";"5,36069361"
"202300043604";"3";"11";"2023";"18:45";"5";"33";"33039";"1";"1";"3";"2";"ROCADE A 630";"44,80688000";" -0,52847000"
"202300043605";"13";"05";"2023";"23:39";"3";"13";"13215";"1";"1";"1";"4";"A7-Sens Lyon vers Marseille";"43,37718000";"5,35803000"
"202300043606";"3";"11";"2023";"12:15";"1";"33";"33013";"1";"1";"3";"2";"ROUTE NATIONALE 230";"44,85728214";" -0,50482661"
"202300043607";"14";"05";"2023";"00:12";"3";"13";"13071";"1";"1";"1";"3";"A7-Sens Lyon vers Marseille";"43,40439000";"5,31722000"
"202300043608";"3";"11";"2023";"12:05";"1";"33";"33249";"1";"1";"3";"6";"ROUTE NATIONALE 230";"44,87368065";" -0,50675780"
"202300043609";"2";"11";"2023";"10:40";"1";"33";"33249";"1";"1";"3";"3";"AUTOROUTE A 10";"44,87806750";" -0,50914496"
"202300043610";"13";"05";"2023";"02:10";"5";"13";"13202";"1";"1";"1";"3";"TVPCM-Sens Saint Victor vers Les Ports";"43,30935000";"5,36853000"
"202300043611";"24";"10";"2023";"06:40";"2";"59";"59082";"1";"1";"2";"2";"ROUTE NATIONALE 225";"50,96983000";"2,39593000"
"202300043612";"13";"05";"2023";"01:45";"5";"83";"83137";"1";"1";"1";"2";"A50";"43,12477000";"5,90176000"
"202300043613";"3";"11";"2023";"18:20";"1";"91";"91687";"1";"1";"1";"6";"AUTOROUTE A6";"48,66122000";"2,37018000"
"202300043614";"14";"05";"2023";"15:40";"1";"69";"69027";"1";"1";"1";"3";"Autoroute 450";"45,67090000";"4,76906000"
"202300043615";"3";"11";"2023";"12:25";"1";"94";"94003";"1";"1";"1";"2";"A6A";"48,80794000";"2,34065008"
"202300043616";"13";"05";"2023";"14:57";"1";"69";"69287";"1";"1";"3";"5";"Autoroute 43";"45,68751000";"4,99553000"
"202300043617";"3";"11";"2023";"15:00";"1";"92";"92012";"1";"1";"1";"4";"A13";"48,84856113";"2,22959966"
"202300043618";"14";"05";"2023";"06:15";"2";"69";"69290";"1";"1";"3";"4";"Autoroute 43";"45,72290525";"4,92979093"
"202300043619";"3";"11";"2023";"09:50";"1";"75";"75116";"1";"1";"1";"4";"A13W";"48,84830400";"2,24598600"
"202300043620";"3";"11";"2023";"10:05";"1";"92";"92064";"1";"1";"1";"6";"A13";"48,83922315";"2,21115320"
"202300043621";"14";"05";"2023";"01:25";"3";"01";"01275";"1";"1";"3";"6";"A42 4.329 A 5.760   LYON/GEN";"45,80457000";"4,92617000"
"202300043622";"2";"11";"2023";"08:34";"1";"92";"92025";"1";"1";"1";"3";"A86";"48,93376075";"2,25454017"
"202300043623";"2";"11";"2023";"06:15";"3";"78";"78291";"1";"1";"6";"6";"A13";"48,96828000";"1,74378900"
"202300043624";"12";"05";"2023";"13:50";"1";"69";"69199";"1";"1";"1";"2";"Route Départementale 383 ";"45,71611796";"4,84712695"
"202300043625";"3";"11";"2023";"18:30";"5";"93";"93066";"1";"1";"1";"2";"AUTOROUTE A1";"48,90647000";"2,35854000"
"202300043626";"3";"11";"2023";"15:20";"1";"93";"93053";"1";"1";"1";"3";"AUTOROUTE A3";"48,88045000";"2,45182000"
"202300043627";"14";"05";"2023";"13:00";"1";"91";"91689";"1";"1";"1";"4";"A6";"48,74489000";"2,32377000"
"202300043628";"3";"11";"2023";"12:20";"1";"93";"93078";"1";"1";"1";"5";"AUTOROUTE A104";"48,95943129";"2,53723652"
"202300043629";"13";"05";"2023";"16:00";"1";"91";"91687";"1";"1";"1";"2";"AUTOROUTE A6";"48,66356000";"2,36673000"
"202300043630";"14";"05";"2023";"16:30";"1";"93";"93064";"1";"1";"1";"7";"AUTOROUTE A86";"48,88089109";"2,47481346"
"202300043631";"2";"11";"2023";"18:00";"3";"95";"95277";"1";"1";"8";"5";"A3";"48,96735747";"2,47640848"
"202300043632";"13";"05";"2023";"20:30";"1";"92";"92036";"1";"1";"2";"2";"AUTOROUTE A86";"48,93837004";"2,30014011"
"202300043633";"3";"11";"2023";"16:00";"1";"94";"94028";"1";"1";"1";"6";"A86";"48,79247896";"2,44106260"
"202300043634";"3";"11";"2023";"11:00";"1";"94";"94046";"1";"1";"1";"3";"A86";"48,81292733";"2,44895577"
"202300043635";"14";"05";"2023";"08:30";"1";"95";"95582";"1";"1";"1";"2";"A15";"48,96688600";"2,25557600"
"202300043636";"14";"05";"2023";"02:45";"3";"95";"95018";"1";"1";"1";"3";"A15";"48,95947000";"2,27208000"
"202300043637";"17";"08";"2023";"14:20";"1";"13";"13056";"1";"1";"1";"1";"ROUTE DU PORT DE LAVERA";"43,39529000";"5,01845000"
"202300043638";"13";"05";"2023";"23:00";"3";"93";"93048";"1";"1";"1";"6";"AUTOROUTE A86";"48,86544542";"2,48185307"
"202300043639";"8";"07";"2023";"14:05";"1";"29";"29007";"1";"3";"1";"3";"Le Squiriou";"48,40299600";" -3,72355000"
"202300043640";"13";"05";"2023";"05:03";"2";"05";"05061";"2";"1";"8";"6";"EMILE DIDIER ( AV )";"44,56507000";"6,09149000"
"202300043641";"21";"07";"2023";"11:35";"1";"29";"29220";"2";"1";"1";"7";"15 Route de Loctudy";"47,85731500";" -4,21151700"
"202300043642";"13";"05";"2023";"19:00";"5";"974";"97416";"2";"3";"1";"3";"PERE FAVRON(RUE DU)";" -21,33641000";"55,46274000"
"202300043643";"2";"11";"2023";"07:00";"1";"974";"97411";"2";"1";"1";"2";"JAURES (BOULEVARD JEAN)";" -20,90009000";"55,48292000"
"202300043644";"12";"05";"2023";"17:30";"2";"974";"97416";"1";"1";"1";"6";"OCEANITES (AVENUE DES)";" -21,32713000";"55,46970000"
"202300043645";"1";"11";"2023";"18:15";"3";"973";"97302";"2";"1";"1";"1";"MADELEINE (ROUTE DE LA)";"4,94124000";" -52,32699000"
"202300043646";"12";"05";"2023";"15:35";"1";"974";"97416";"1";"1";"1";"1";"RN2 (2)";" -21,33555000";"55,48809000"
"202300043647";"13";"05";"2023";"20:50";"5";"974";"97407";"2";"6";"1";"6";"FERDINAND BUISSON (RUE) ";" -20,95489000";"55,30769000"
"202300043648";"1";"11";"2023";"08:40";"1";"973";"97302";"2";"1";"1";"1";"RABAN (ROUTE DE)";"4,93511259";" -52,31424451"
"202300043649";"12";"05";"2023";"12:20";"1";"973";"97302";"2";"1";"2";"3";"BADUEL (ROUTE DE)";"4,93199000";" -52,30745000"
"202300043650";"2";"11";"2023";"15:20";"1";"971";"97101";"1";"2";"1";"3";"BESSON";"16,23688000";" -61,51241000"
"202300043651";"13";"05";"2023";"13:15";"1";"972";"97213";"1";"1";"1";"2";"ROUTE NATIONALE 5";"14,59597000";" -60,98887000"
"202300043652";"2";"11";"2023";"14:25";"1";"2A";"2A004";"2";"1";"6";"2";"BONAPARTE CHARLES  BD";"41,93387000";"8,75009000"
"202300043653";"13";"05";"2023";"18:35";"1";"972";"97209";"2";"2";"1";"3";"VICTOR CORIDUN (AVENUE)";"14,60987000";" -61,04684000"
"202300043654";"13";"05";"2023";"10:55";"1";"69";"69389";"2";"1";"8";"6";"23 Montée de l'Observance";"45,76674836";"4,81163233"
"202300043655";"13";"05";"2023";"04:26";"3";"95";"95427";"2";"1";"1";"7";"35 BEL AIR (RUE DU)";"48,97468900";"2,35179100"
"202300043656";"2";"11";"2023";"17:10";"1";"91";"91433";"1";"1";"6";"5";"CD207";"48,46023000";"2,16885000"
"202300043657";"2";"11";"2023";"10:50";"1";"91";"91433";"2";"1";"6";"3";"TILLEULS (RUE DES)";"48,44052000";"2,17535000"
"202300043658";"13";"05";"2023";"23:15";"4";"95";"95018";"2";"4";"1";"3";"BEZONS (QUAI DE)";"48,93235200";"2,23798200"
"202300043659";"1";"11";"2023";"17:10";"1";"91";"91223";"2";"6";"2";"7";"VICTOIRE (ROND-POINT DE LA)";"48,43703000";"2,16345000"
"202300043660";"2";"11";"2023";"07:45";"2";"91";"91223";"1";"1";"8";"7";"SABLIERE (RUE DE LA)   ZI";"48,44953000";"2,15498000"
"202300043661";"31";"10";"2023";"19:45";"5";"87";"87085";"2";"3";"2";"3";"GARIBALDI (AVENUE)";"45,83518000";"1,26050000"
"202300043662";"12";"05";"2023";"15:45";"1";"91";"91549";"2";"2";"1";"3";"REPUBLIQUE (AVENUE DE LA)";"48,64387000";"2,33224000"
"202300043663";"31";"10";"2023";"14:45";"1";"87";"87085";"2";"1";"1";"6";"HUBERT CURIEN (RUE)";"45,81050000";"1,27350000"
"202300043664";"13";"05";"2023";"14:45";"1";"76";"76540";"2";"1";"1";"6";"Place Saint Sever";"49,43048000";"1,08500000"
"202300043665";"13";"05";"2023";"17:10";"1";"72";"72181";"2";"1";"1";"3";"LAIGNE RUE DE N° IMP 229 A 385";"47,96074000";"0,20813000"
"202300043666";"1";"11";"2023";"01:51";"5";"84";"84007";"2";"2";"1";"3";"TRILLADE (avenue de la )";"43,94110000";"4,81980000"
"202300043667";"12";"05";"2023";"19:20";"1";"72";"72181";"2";"1";"1";"7";"RIFFAUDIERES (BD DES)";"47,99183000";"0,17482000"
"202300043668";"31";"10";"2023";"20:17";"5";"84";"84007";"2";"6";"1";"3";"EISENHOWER (Avenue)";"43,94111000";"4,79857000"
"202300043669";"13";"05";"2023";"19:30";"1";"69";"69290";"2";"2";"2";"3";"Avenue Saint-Exupéry";"45,72472000";"4,93457000"
"202300043670";"1";"11";"2023";"03:53";"5";"84";"84007";"2";"3";"2";"1";"CHAMPFLEURY   (AVENUE)";"43,94100000";"4,80480000"
"202300043671";"13";"05";"2023";"18:10";"1";"69";"69290";"2";"1";"2";"1";"Rue du Lyonnais";"45,69779000";"4,90794000"
"202300043672";"13";"05";"2023";"14:50";"1";"67";"67482";"2";"1";"1";"6";"ANDRE MAUROIS (PLACE)";"48,59078000";"7,69680000"
"202300043673";"31";"10";"2023";"05:20";"5";"84";"84007";"2";"6";"1";"6";"FOLLEREAU (rue Raoul)";"43,92097000";"4,80403000"
"202300043674";"30";"10";"2023";"18:03";"1";"30";"30011";"1";"1";"1";"2";"R.N. 100";"43,94962000";"4,76960000"
"202300043675";"13";"05";"2023";"09:40";"1";"67";"67482";"2";"3";"1";"3";"RACINE (AVENUE)";"48,60027000";"7,69610000"
"202300043676";"28";"10";"2023";"01:05";"5";"84";"84007";"1";"6";"1";"7";"MARSEILLE (Route)-MONTFAVET";"43,90434000";"4,89348000"
"202300043677";"13";"05";"2023";"10:49";"1";"64";"64102";"2";"1";"2";"3";"ALSACE LORRAINE (BOULEVARD)";"43,49511200";" -1,46955400"
"202300043678";"28";"10";"2023";"15:45";"1";"84";"84007";"2";"1";"1";" -1";"CROIX DES OISEAUX ( Avenue de la )";"43,93273000";"4,82387000"
"202300043679";"13";"05";"2023";"09:20";"1";"64";"64024";"2";"9";"2";"3";"INDUSTRIE (ALLEE DE L')";"43,49627700";" -1,49673600"
"202300043680";"2";"11";"2023";"15:10";"1";"83";"83090";"2";"1";"2";"6";"MONNET (AVE JEAN)";"43,12661944";"5,86488783"
"202300043681";"13";"05";"2023";"09:50";"1";"59";"59421";"2";"1";"1";"1";"TOURCOING (RUE DE)";"50,71486652";"3,13534141"
"202300043682";"31";"10";"2023";"14:30";"1";"83";"83062";"2";"1";"1";"2";"PREMIER (BAT.INF.DU PACIF.)";"43,13600000";"6,02310000"
"202300043683";"12";"05";"2023";"17:17";"1";"56";"56260";"2";"1";"1";"6";"MARNE (BLD DE LA)";"47,66012000";" -2,78972000"
"202300043684";"31";"10";"2023";"12:41";"1";"83";"83129";"2";"1";"1";"1";"RUE DU COMMERCE";"43,11524000";"5,84412000"
"202300043685";"13";"05";"2023";"19:55";"1";"54";"54257";"2";"2";"1";"6";"Route de Fléville";"48,64819306";"6,20878110"
"202300043686";"2";"11";"2023";"08:10";"2";"82";"82033";"2";"9";"2";"3";"Rue du Commandant Defraux";"44,03714000";"1,11484000"
"202300043687";"13";"05";"2023";"10:30";"1";"51";"51454";"2";"2";"1";"3";"avenue Jean Jaurès";"49,26093000";"4,04902000"
"202300043688";"13";"10";"2023";"15:00";"1";"78";"78688";"1";"1";"1";"1";"PORT ROYAL (RUE DE)";"48,75428000";"2,03857000"
"202300043689";"13";"05";"2023";"13:20";"1";"49";"49328";"2";"1";"1";"2";"DELESSERT (BOULEVARD BENJAMIN)";"47,25793000";" -0,08810000"
"202300043690";"14";"05";"2023";"23:45";"5";"45";"45234";"2";"2";"1";"3";"2 Rue des Charretiers";"47,89833000";"1,89944000"
"202300043691";"2";"11";"2023";"16:15";"1";"77";"77121";"1";"1";"1";"4";"D471";"48,82729400";"2,67552600"
"202300043692";"13";"05";"2023";"14:45";"1";"45";"45286";"2";"1";"1";"6";"Avenue Gaston Galloux";"47,88468000";"1,92449000"
"202300043693";"7";"04";"2023";"19:30";"1";"95";"95678";"1";"1";"1";"6";"N104";"49,07305563";"2,23582212"
"202300043694";"13";"05";"2023";"20:30";"1";"38";"38151";"2";"3";"8";"6";"RUE D'AUVERGNE";"45,15563000";"5,71514000"
"202300043695";"2";"11";"2023";"16:45";"2";"77";"77305";"2";"1";"1";"6";"D403";"48,39438000";"2,96913000"
"202300043696";"13";"05";"2023";"12:15";"1";"35";"35051";"2";"6";"1";"3";"PARIS (RUE DE)";"48,11418000";" -1,60731000"
"202300043697";"7";"04";"2023";"12:35";"1";"93";"93064";"1";"1";"1";"2";"AUTOROUTE A86";"48,87916750";"2,47634149"
"202300043698";"13";"05";"2023";"23:40";"5";"33";"33281";"2";"3";"1";"6";"Avenue de la Libération";"44,84586700";" -0,64450103"
"202300043699";"2";"11";"2023";"23:45";"5";"76";"76540";"2";"2";"8";"3";"Quai Jean Moulin";"49,43686000";"1,08750000"
"202300043700";"6";"04";"2023";"18:25";"1";"95";"95394";"1";"1";"1";"3";"N184";"49,05153899";"2,15162516"
"202300043701";"13";"05";"2023";"23:20";"5";"33";"33063";"2";"2";"1";"3";"Cours Aristide Briand";"44,83187000";" -0,57725000"
"202300043702";"2";"11";"2023";"20:45";"5";"74";"74012";"2";"9";"2";"3";"VALLEES (ROUTE DES)";"46,19405000";"6,24138000"
"202300043703";"14";"05";"2023";"00:00";"5";"28";"28404";"1";"1";"1";"6";"Rue des Longs Réages";"48,73770000";"1,33292000"
"202300043704";"5";"04";"2023";"17:40";"1";"93";"93066";"1";"1";"1";"3";"AUTOROUTE A86";"48,92566114";"2,33952919"
"202300043705";"12";"05";"2023";"00:35";"5";"28";"28134";"2";"6";"1";"7";"ROND POINT DES FENOTS";"48,74103000";"1,34519000"
"202300043706";"1";"11";"2023";"18:00";"5";"74";"74008";"2";"1";"2";"3";"AVENUE LOUIS LACHENAL";"46,19239000";"6,22409000"
"202300043707";"7";"04";"2023";"17:35";"1";"94";"94017";"1";"1";"1";"2";"A4";"48,83005427";"2,49555288"
"202300043708";"1";"11";"2023";"06:50";"5";"71";"71105";"2";"1";"8";"1";"CLUNY (ROUTE DE)";"46,30922000";"4,79812000"
"202300043709";"7";"04";"2023";"16:25";"1";"94";"94022";"1";"1";"1";"2";"A86";"48,77637562";"2,42140187"
"202300043710";"7";"04";"2023";"11:00";"1";"94";"94022";"1";"1";"1";"1";"A86";"48,77637562";"2,42140187"
"202300043711";"13";"05";"2023";"15:10";"1";"25";"25230";"2";"1";"1";"4";"SOCHAUX (RUE DE)";"47,50551000";"6,84282000"
"202300043712";"13";"05";"2023";"13:30";"1";"22";"22215";"2";"1";"8";"7";"N/A";"48,52306000";" -2,81858000"
"202300043713";"6";"04";"2023";"20:20";"5";"75";"75112";"2";"1";"1";"2";"PORTE DOREE";"48,83401000";"2,40951600"
"202300043714";"13";"05";"2023";"07:30";"1";"13";"13212";"2";"1";"1";"3";"CAILLOLS (AVENUE DES)";"43,30388372";"5,43572337"
"202300043715";"22";"02";"2023";"16:10";"1";"57";"57412";"1";"1";"1";"6";"";"49,11219968";"6,15960937"
"202300043716";"6";"04";"2023";"00:05";"5";"75";"75120";"2";"1";"1";"2";"PORTE DE BAGNOLET";"48,85993000";"2,41398200"
"202300043717";"14";"05";"2023";"00:15";"3";"13";"13001";"1";"1";"1";"1";"GARDANNE (ROUTE DE )";"43,48967000";"5,40745000"
"202300043718";"22";"02";"2023";"17:45";"1";"33";"33318";"1";"1";"2";"5";"ROCADE A 630";"44,79114000";" -0,64766000"
"202300043719";"5";"04";"2023";"11:05";"1";"75";"75115";"2";"1";"1";"3";"PORTE DE VERSAILLES";"48,82770000";"2,29193200"
"202300043720";"22";"02";"2023";"06:30";"5";"33";"33013";"1";"1";"2";"6";"ROUTE NATIONALE 230";"44,86955200";" -0,50452352"
"202300043721";"13";"05";"2023";"14:30";"1";"11";"11069";"2";"1";"2";"3";"450 Rue Magellan";"43,23540000";"2,36626000"
"202300043722";"22";"02";"2023";"08:00";"1";"94";"94038";"1";"1";"1";"3";"A6B";"48,78982766";"2,34470638"
"202300043723";"5";"04";"2023";"08:25";"1";"75";"75119";"2";"1";"1";"3";"PORTE DE PANTIN";"48,89266600";"2,39532100"
"202300043724";"13";"05";"2023";"02:00";"5";"11";"11069";"1";"6";"2";"6";"Route de Montreal";"43,21100000";"2,32440000"
"202300043725";"21";"02";"2023";"02:35";"3";"91";"91689";"1";"1";"1";"7";"AUTOROUTE A6A";"48,74880000";"2,32633000"
"202300043726";"6";"04";"2023";"07:30";"2";"75";"75105";"2";"2";"1";"7";"QUAI SAINT MICHEL";"48,85307900";"2,34678900"
"202300043727";"22";"02";"2023";"14:40";"1";"78";"78498";"1";"1";"8";"2";"A14";"48,91899100";"2,01094000"
"202300043728";"22";"02";"2023";"14:20";"1";"95";"95394";"1";"1";"1";"6";"A115";"49,05234392";"2,18443036"
"202300043729";"6";"04";"2023";"10:00";"1";"75";"75119";"2";"1";"1";"5";"RUE MANIN";"48,88267600";"2,38435200"
"202300043730";"21";"02";"2023";"14:20";"1";"976";"97611";"2";"1";"1";"4";"cavani-Rond point du Baobab";" -12,78277000";"45,23246000"
"202300043731";"6";"04";"2023";"09:00";"1";"75";"75118";"2";"2";"2";"6";"RUE SAINT BRUNO";"48,88589000";"2,35570700"
"202300043732";"20";"02";"2023";"22:15";"5";"972";"97213";"1";"1";"1";"4";"DUCHESNES 1";"14,64690730";" -60,96023760"
"202300043733";"19";"02";"2023";"02:39";"5";"2B";"2B033";"2";"9";"1";"5";"CHANOINE LESCHI - RUE";"42,70400000";"9,45000000"
"202300043734";"6";"04";"2023";"20:40";"5";"75";"75117";"2";"3";"1";"6";"AVENUE DE CLICHY";"48,88937700";"2,32233200"
"202300043735";"21";"02";"2023";"18:05";"2";"91";"91339";"2";"9";"1";"4";"CHE DE TABOR";"48,62245000";"2,25815000"
"202300043736";"6";"04";"2023";"17:00";"1";"75";"75115";"2";"2";"8";"3";"AVENUE DE LA MOTTE PICQUET";"48,85024600";"2,29958800"
"202300043737";"21";"02";"2023";"17:35";"1";"91";"91687";"2";"1";"1";"6";"VICTOR SCHOELCHER (AVENUE)";"48,65220000";"2,36980000"
"202300043738";"6";"04";"2023";"12:00";"1";"75";"75114";"2";"2";"2";"3";"RUE DE LA SABLIERE";"48,83162300";"2,32442200"
"202300043739";"21";"02";"2023";"05:55";"2";"91";"91223";"2";"9";"1";"6";"SAINT MICHEL (BOULEVARD)";"48,44559800";"2,17066000"
"202300043740";"5";"04";"2023";"22:20";"5";"75";"75114";"2";"2";"1";"2";"RUE JULIA BARTET";"48,82545500";"2,30229900"
"202300043741";"18";"01";"2023";"08:20";"1";"84";"84080";"2";"1";"1";"6";"LIBERATION AVENUE DE LA";"44,03443000";"4,99817000"
"202300043742";"20";"02";"2023";"18:50";"5";"83";"83061";"2";"1";"1";"6";"AVENUE ANDRÉ LÉOTARD";"43,43842000";"6,74821000"
"202300043743";"5";"04";"2023";"17:49";"1";"75";"75114";"2";"7";"1";"2";"PLACE DENFERT ROCHEREAU";"48,83456000";"2,33263400"
"202300043744";"21";"02";"2023";"18:25";"2";"78";"78029";"2";"9";"1";"3";"PIERRE LEFAUCHEUX (RUE)";"48,97489400";"1,85358900"
"202300043745";"21";"02";"2023";"17:30";"1";"78";"78172";"2";"3";"1";"6";"GRANDES TERRES (RUE DES)";"49,00734200";"2,11829900"
"202300043746";"5";"04";"2023";"14:35";"1";"75";"75114";"2";"3";"1";"3";"RUE RAYMOND LOSSERAND";"48,83067700";"2,31174900"
"202300043747";"20";"02";"2023";"00:50";"5";"77";"77288";"2";"1";"1";"3";"ALMONT (BOULEVARD DE L')";"48,54397000";"2,67830000"
"202300043748";"6";"04";"2023";"09:00";"1";"75";"75113";"2";"1";"2";"1";"BOULEVARD DU GENERAL JEAN SIMON";"48,82674700";"2,38435400"
"202300043749";"20";"02";"2023";"16:15";"1";"72";"72181";"2";"1";"1";"3";"HEUZE OLIVIER AV N° PAIRS 2 A 198";"47,99417000";"0,17624000"
"202300043750";"5";"04";"2023";"19:12";"1";"75";"75109";"2";"2";"1";"3";"PLACE DE L OPERA";"48,87068300";"2,33251100"
"202300043751";"20";"02";"2023";"18:30";"3";"71";"71040";"1";"1";"1";"5";"RN 70 (ROUTE EXPRESS)";"46,69548000";"4,38462000"
"202300043752";"6";"04";"2023";"17:30";"1";"75";"75108";"2";"3";"1";"3";"AVENUE DE MARIGNY";"48,86914400";"2,31428700"
"202300043753";"21";"02";"2023";"18:30";"2";"69";"69266";"2";"1";"1";"2";"Rue d'Alsace";"45,76811000";"4,86993000"
"202300043754";"6";"04";"2023";"17:20";"1";"75";"75108";"2";"7";"1";"3";"AVENUE MONTAIGNE";"48,86887400";"2,30991900"
"202300043755";"21";"02";"2023";"09:00";"1";"69";"69256";"2";"5";"8";"5";"Rue Marius Grosso";"45,76361000";"4,93328000"
"202300043756";"6";"04";"2023";"15:00";"1";"75";"75103";"2";"2";"1";"7";"BOULEVARD DE SEBASTOPOL";"48,86442100";"2,35156600"
"202300043757";"21";"02";"2023";"23:00";"5";"69";"69029";"2";"6";"1";"7";"12 Avenue Edouard Herriot";"45,72923030";"4,90139832"
"202300043758";"6";"04";"2023";"09:45";"1";"75";"75104";"2";"3";"2";"6";"RUE DE RIVOLI";"48,85731200";"2,35241100"
"202300043759";"21";"02";"2023";"18:47";"5";"65";"65440";"2";"2";"8";"1";"10 Boulevard Pierre Renaudet";"43,24606000";"0,08122000"
"202300043760";"6";"04";"2023";"00:30";"5";"75";"75102";"2";"2";"1";"6";"RUE DE RICHELIEU";"48,87194300";"2,34002300"
"202300043761";"21";"02";"2023";"12:20";"1";"65";"65047";"2";"2";"1";"3";"Rue du 11 Novembre";"43,25021400";"0,08960500"
"202300043762";"6";"04";"2023";"12:30";"1";"94";"94033";"2";"9";"2";"6";"Rue du Ruisseau";"48,85244000";"2,46535000"
"202300043763";"21";"02";"2023";"18:30";"1";"64";"64335";"2";"1";"1";"6";"LACAUSSADE";"43,33290000";" -0,42857000"
"202300043764";"21";"02";"2023";"12:25";"1";"64";"64102";"2";"1";"1";"3";"ARITXAGUE (BD D')";"43,48984000";" -1,49282000"
"202300043765";"21";"02";"2023";"06:00";"5";"62";"62498";"2";"1";"2";"7";"Rue d'Artois";"50,44166000";"2,79459000"
"202300043766";"4";"04";"2023";"16:35";"1";"94";"94055";"2";"3";"1";"3";"Rue d'Amboile";"48,78417000";"2,53202000"
"202300043767";"20";"02";"2023";"17:15";"1";"60";"60175";"2";"4";"1";"6";"Place du Général de Gaulle";"49,26273000";"2,46929000"
"202300043768";"6";"04";"2023";"17:45";"1";"94";"94018";"2";"1";"1";"3";"Avenue de Gravelle";"48,82466000";"2,41420000"
"202300043769";"21";"02";"2023";"14:35";"1";"58";"58194";"2";"3";"1";"3";"MARINIERS (QUAI)";"46,98456000";"3,15667000"
"202300043770";"6";"04";"2023";"16:10";"1";"94";"94017";"2";"3";"1";"6";"34 Avenue du Général de Gaulle / Rue des Frères Petit";"48,82097000";"2,48767000"
"202300043771";"20";"02";"2023";"12:57";"1";"57";"57221";"2";"3";"1";"3";"D 952 A";"49,31567000";"6,10879000"
"202300043772";"6";"04";"2023";"18:00";"1";"93";"93072";"2";"3";"1";"3";"Avenue de Stalingrad Deviation / Rue du Moulin Neuf";"48,95331000";"2,39098000"
"202300043773";"21";"02";"2023";"15:40";"1";"54";"54521";"2";"3";"1";"3";"RUE PAUL LANGEVIN";"49,47154000";"5,91143000"
"202300043774";"5";"04";"2023";"22:15";"5";"93";"93071";"2";"2";"1";"3";"Rue d'Aulnay / Avenue John Fitzgerald Kennedy";"48,93966000";"2,51268000"
"202300043775";"20";"02";"2023";"12:12";"1";"54";"54367";"1";"1";"1";"7";"520 (ROUTE DEPARTEMENTALE)";"49,50644400";"5,78690900"
"202300043776";"4";"04";"2023";"23:00";"5";"93";"93077";"2";"3";"1";"3";"Rue de l'Orangerie / Avenue de Rosny";"48,88502000";"2,50523000"
"202300043777";"21";"02";"2023";"07:30";"1";"51";"51454";"2";"3";"1";"3";"quai du Pré aux Moines";"49,23960800";"4,03828400"
"202300043778";"20";"02";"2023";"20:18";"5";"51";"51454";"2";"2";"1";"3";"avenue d'Epernay";"49,24190637";"4,01418865"
"202300043779";"6";"04";"2023";"13:20";"1";"93";"93066";"2";"3";"2";"6";"Rue Ampère / Allée de Seine";"48,92272000";"2,34018000"
"202300043780";"6";"04";"2023";"09:00";"1";"93";"93066";"2";"3";"2";"3";"Avenue du Colonel Fabien / Rue Max Jacob";"48,94485000";"2,35352000"
"202300043781";"20";"02";"2023";"14:30";"1";"49";"49099";"1";"1";"1";"4";"RD 960";"47,08712109";" -0,81545591"
"202300043782";"6";"04";"2023";"19:45";"2";"93";"93051";"2";"3";"1";"3";"Avenue du Pave Neuf / Rue du Docteur Vaillant";"48,83640000";"2,56283000"
"202300043783";"21";"02";"2023";"13:04";"1";"47";"47032";"2";"1";"1";"6";"ALBERT CAMUS (avenue)";"44,18589000";"0,66735000"
"202300043784";"6";"04";"2023";"14:00";"1";"93";"93046";"2";"3";"1";"3";"Boulevard de la République / Allée Germaine";"48,90699000";"2,52082000"
"202300043785";"10";"02";"2023";"12:15";"1";"39";"39362";"1";"1";"1";"6";"";"46,68637400";"5,51945300"
"202300043786";"21";"02";"2023";"23:25";"4";"38";"38179";"2";"2";"1";"1";"GRANDE RUE (RUE)";"45,18136000";"5,78814000"
"202300043787";"6";"04";"2023";"19:02";"1";"93";"93079";"2";"1";"1";"5";"Avenue Jean Jaurès";"48,96415100";"2,34789800"
"202300043788";"20";"02";"2023";"16:15";"1";"37";"37122";"2";"1";"1";"6";"BONDONNIERE (RUE DE)";"47,35580000";"0,69700000"
"202300043789";"31";"08";"2023";"02:37";"5";"75";"75111";"2";"1";"1";"6";"BOULEVARD DES FILLES DU CALVAIRE";"48,86208900";"2,36698400"
"202300043790";"20";"02";"2023";"16:35";"1";"33";"33119";"2";"1";"1";"6";"Avenue Hubert Dubedout";"44,84695953";" -0,51207528"
"202300043791";"5";"04";"2023";"19:05";"1";"93";"93027";"2";"3";"1";"6";"COLBERT (RUE)";"48,92308000";"2,41200000"
"202300043792";"31";"08";"2023";"12:45";"1";"75";"75119";"2";"3";"2";"7";"RUE DE CRIMEE";"48,88417200";"2,38420400"
"202300043793";"21";"02";"2023";"08:10";"1";"30";"30007";"2";"6";"1";"3";"";"44,11291000";"4,10669000"
"202300043794";"6";"04";"2023";"20:01";"1";"93";"93010";"2";"1";"1";"6";"Rue TRINQUAMELLE";"48,91806366";"2,48170155"
"202300043795";"31";"08";"2023";"16:50";"1";"75";"75118";"2";"2";"2";"6";"RUE ORDENER";"48,89336500";"2,33826900"
"202300043796";"20";"02";"2023";"13:45";"1";"29";"29232";"2";"1";"1";"6";"Rue de Kervillou";"47,98530000";" -4,05989000"