"Num_Acc";"jour";"mois";"an";"hrmn";"lum";"dep";"com";"agg";"int";"atm";"col";"adr";"lat";"long"
"202300043994";"21";"02";"2023";"18:20";"2";"33";"33061";"1";"3";"1";"3";"D936";"44,82665600";" -0,42153600"
"202300043995";"1";"09";"2023";"03:30";"3";"18";"18214";"1";"1";"2";"7";"N/A";"47,19924800";"2,02993900"
"202300043996";"6";"12";"2023";"20:00";"5";"02";"02340";"2";"1";"1";"3";"32 Rue Georges Herbin";"49,82790000";"3,28761000"
"202300043997";"4";"04";"2023";"14:19";"1";"44";"44026";"1";"3";"1";"3";"1 Route de la Charmelière";"47,30104600";" -1,47524000"
"202300043998";"20";"02";"2023";"23:09";"3";"13";"13210";"1";"1";"1";"2";"A50-Sens Marseille vers Aubagne";"43,28452625";"5,41498131"
"202300043999";"31";"08";"2023";"18:30";"1";"13";"13118";"1";"3";"1";"3";"D10";"43,54518400";"5,25679500"
"202300044000";"7";"04";"2023";"17:52";"1";"60";"60628";"1";"1";"1";"2";"N31";"49,42392700";"2,14602500"
"202300044001";"7";"12";"2023";"14:20";"1";"75";"75118";"2";"1";"2";"3";"PORTE DE LA CHAPELLE";"48,90069500";"2,36570500"
"202300044002";"19";"02";"2023";"16:45";"1";"33";"33281";"1";"1";"1";"4";"ROCADE A 630";"44,83504000";" -0,67676000"
"202300044003";"7";"12";"2023";"14:05";"1";"75";"75112";"2";"1";"1";"2";"PORTE DE CHARENTON";"48,83080700";"2,40315400"
"202300044004";"24";"06";"2023";"18:00";"1";"51";"51454";"1";"1";"1";"2";"A344";"49,24295200";"4,03091500"
"202300044005";"6";"04";"2023";"17:10";"1";"13";"13215";"1";"1";"1";"7";"A507 sens Marseille - Aubagne";"43,34216476";"5,37623952"
"202300044006";"21";"02";"2023";"08:45";"1";"91";"91687";"1";"1";"1";"3";"AUTOROUTE A6";"48,66532000";"2,36363000"
"202300044007";"27";"08";"2023";"22:35";"5";"31";"31254";"1";"6";"1";"6";"D916";"43,54449700";"1,50356100"
"202300044008";"6";"12";"2023";"16:00";"2";"75";"75119";"2";"1";"1";"2";"PORTE DE PANTIN";"48,89721300";"2,39435400"
"202300044009";"20";"02";"2023";"21:35";"3";"91";"91174";"1";"9";"1";"7";"RN 104";"48,62428900";"2,46927400"
"202300044010";"31";"08";"2023";"14:45";"1";"34";"34172";"1";"1";"1";"2";"autoroute A709 PK 011+400 sens béziers nimes";"43,60140300";"3,92156100"
"202300044011";"6";"04";"2023";"08:40";"1";"13";"13081";"1";"1";"1";"4";"A7-Sens Lyon vers Marseille";"43,48986000";"5,24020000"
"202300044012";"20";"02";"2023";"10:15";"1";"91";"91161";"1";"1";"1";"4";"AUTOROUTE A6";"48,69860000";"2,31340000"
"202300044013";"1";"09";"2023";"14:05";"1";"55";"55237";"1";"1";"1";"2";"AUTOROUTE A4 PK 265+200";"49,11378500";"5,55556300"
"202300044014";"21";"02";"2023";"17:45";"1";"78";"78423";"1";"1";"1";"6";"N12W";"48,79600000";"2,03825500"
"202300044015";"6";"12";"2023";"08:15";"1";"75";"75112";"2";"1";"1";"4";"PORTE DE CHARENTON";"48,83017100";"2,40218800"
"202300044016";"6";"04";"2023";"07:40";"2";"33";"33003";"1";"1";"1";"4";"AUTOROUTE A 10";"44,92973662";" -0,46968699"
"202300044017";"21";"02";"2023";"11:45";"1";"93";"93006";"1";"1";"1";"3";"AUTOROUTE A3";"48,86630746";"2,41412759"
"202300044018";"7";"12";"2023";"13:50";"1";"75";"75117";"2";"1";"8";"3";"BOULEVARD PERIPHERIQUE";"48,88099200";"2,28233300"
"202300044019";"6";"04";"2023";"18:00";"1";"91";"91689";"1";"1";"1";"2";"AUTOROUTE A6B";"48,74582000";"2,32569000"
"202300044020";"1";"09";"2023";"12:50";"1";"45";"45020";"1";"1";"1";"2";"A10 PR 115 + 450";"47,83081800";"1,66172500"
"202300044021";"6";"12";"2023";"20:10";"5";"75";"75102";"2";"2";"8";"6";"RUE MONTMARTRE";"48,86817500";"2,34359100"
"202300044022";"21";"02";"2023";"10:00";"1";"93";"93066";"1";"1";"1";"5";"AUTOROUTE A86";"48,92190936";"2,36424249"
"202300044023";"1";"09";"2023";"13:00";"1";"33";"33229";"1";"1";"1";"3";"D106";"44,78288800";" -0,93470700"
"202300044024";"6";"04";"2023";"12:45";"1";"91";"91228";"1";"1";"2";"2";"AUTOROUTE A6";"48,62327000";"2,42054000"
"202300044025";"6";"12";"2023";"12:40";"1";"75";"75114";"2";"1";"1";"3";"BOULEVARD PERIPHERIQUE INTERIEUR SUD";"48,81784400";"2,33402400"
"202300044026";"20";"02";"2023";"09:00";"1";"95";"95582";"1";"1";"1";"2";"A15";"48,97195611";"2,24798144"
"202300044027";"31";"08";"2023";"16:35";"1";"971";"97117";"1";"1";"1";"6";"N5 - section Lacroix";"16,33125900";" -61,39243800"
"202300044028";"6";"04";"2023";"12:50";"1";"91";"91692";"1";"1";"1";"3";"RN 118";"48,66939000";"2,19447000"
"202300044029";"7";"12";"2023";"18:13";"5";"75";"75105";"2";"2";"2";"6";"RUE DES ECOLES";"48,84861900";"2,34853100"
"202300044030";"20";"02";"2023";"11:00";"1";"28";"28229";"2";"1";"1";"6";"PHILIPPE (AVENUE GERARD)";"48,45003000";"1,45208000"
"202300044031";"31";"08";"2023";"19:16";"5";"971";"97129";"2";"3";"1";"3";"Belle Rivière";"16,27442800";" -61,67250900"
"202300044032";"6";"04";"2023";"08:30";"1";"94";"94003";"1";"1";"2";"7";"A6B";"48,80197950";"2,34359623"
"202300044033";"7";"12";"2023";"02:38";"5";"75";"75117";"2";"2";"1";"3";"AVENUE DE LA PORTE D ASNIERES";"48,89226600";"2,30102000"
"202300044034";"6";"04";"2023";"17:00";"1";"78";"78297";"1";"1";"1";"3";"RN12";"48,78982000";"2,05920000"
"202300044035";"7";"12";"2023";"22:00";"3";"75";"75115";"2";"1";"3";"6";"BOULEVARD LEFEBVRE";"48,82800600";"2,30396300"
"202300044036";"21";"02";"2023";"07:20";"1";"988";"98818";"2";"3";"1";"6";"RUE COLNETT/RUE PIERRE SAUVAN";" -22,29577000";"166,44991000"
"202300044037";"30";"08";"2023";"14:50";"1";"44";"44020";"2";"2";"2";"2";"Rue Ginsheim Gustavburg";"47,17617900";" -1,60419700"
"202300044038";"31";"08";"2023";"18:43";"1";"2B";"2B162";"2";"1";"1";"6";"d47";"42,47672600";"9,16094500"
"202300044039";"6";"04";"2023";"17:50";"1";"78";"78455";"1";"1";"1";"4";"A13";"48,85558500";"2,05782200"
"202300044040";"20";"02";"2023";"14:15";"1";"974";"97411";"2";"3";"1";"3";"HUBERT DELISLE (AVENUE)";" -20,89135000";"55,44999000"
"202300044041";"6";"12";"2023";"23:50";"5";"75";"75114";"2";"1";"1";"5";"AVENUE DU GENERAL LECLERC";"48,82985400";"2,32863600"
"202300044042";"6";"04";"2023";"07:20";"2";"92";"92023";"1";"1";"1";"7";"RN385";"48,77659000";"2,23342000"
"202300044043";"29";"07";"2023";"11:45";"1";"66";"66190";"1";"1";"1";"1";"N/A";"42,86625066";"2,98213363"
"202300044044";"20";"02";"2023";"18:26";"1";"973";"97302";"2";"3";"3";"3";"ZEPHIR (ROCADE)";"4,93651552";" -52,30736196"
"202300044045";"7";"12";"2023";"19:45";"5";"75";"75113";"2";"2";"2";"6";"AVENUE D IVRY";"48,82161400";"2,36914100"
"202300044046";"5";"04";"2023";"18:00";"1";"95";"95061";"1";"1";"1";"7";"RN 104";"49,06799174";"2,25449202"
"202300044047";"31";"08";"2023";"18:50";"1";"83";"83104";"1";"1";"1";"7";"Route de Saint Paul Lez Durance";"43,62668300";"5,76570300"
"202300044048";"7";"12";"2023";"20:30";"5";"75";"75112";"2";"1";"2";"6";"RUE DU FAUBOURG SAINT ANTOINE";"48,85270800";"2,37125000"
"202300044049";"5";"04";"2023";"08:35";"1";"95";"95018";"1";"1";"1";"2";"D170";"48,96084236";"2,25965323"
"202300044050";"20";"02";"2023";"10:50";"1";"973";"97302";"2";"2";"3";"3";"HEDER (place)";"4,94244000";" -52,32794000"
"202300044051";"7";"12";"2023";"08:20";"1";"75";"75112";"2";"1";"1";"2";"AVENUE DE SAINT MAURICE";"48,82922000";"2,41994100"
"202300044052";"30";"08";"2023";"15:12";"1";"13";"13062";"1";"1";"1";"2";"D8";"43,42124300";"5,49557800"
"202300044053";"20";"02";"2023";"17:20";"1";"69";"69388";"2";"1";"1";"2";"30 Rue Saint Romain";"45,74109000";"4,86471000"
"202300044054";"7";"12";"2023";"21:45";"5";"75";"75111";"2";"1";"3";"6";"RUE DE CHARONNE";"48,85428400";"2,38350300"
"202300044055";"6";"04";"2023";"09:40";"1";"93";"93051";"1";"1";"2";"5";"A4";"48,83618999";"2,54068673"
"202300044056";"1";"09";"2023";"14:48";"1";"68";"68334";"2";"1";"1";"6";"Bd Auguste Scheurer Kestner";"47,81025800";"7,10074100"
"202300044057";"7";"12";"2023";"16:37";"2";"75";"75110";"2";"2";"1";"6";"BOULEVARD DE MAGENTA";"48,87376800";"2,35832400"
"202300044058";"20";"02";"2023";"04:45";"5";"69";"69383";"2";"2";"1";"6";"Rue Duguesclin";"45,75483000";"4,84998000"
"202300044059";"31";"08";"2023";"21:00";"5";"68";"68348";"2";"1";"1";"1";"17 Route de Mulhouse";"47,80411000";"7,12242900"
"202300044060";"20";"02";"2023";"15:30";"1";"972";"97209";"1";"1";"1";"7";"BEAUSEJOUR JAMBETTE (ROUTE)";"14,63778000";" -61,04029000"
"202300044061";"31";"08";"2023";"16:00";"1";"67";"67156";"1";"1";"8";"7";"D140";"48,74403700";"7,76089700"
"202300044062";"4";"04";"2023";"18:10";"1";"67";"67482";"2";"1";"1";"6";"PIERRE CORNEILLE (AVENUE)";"48,59249000";"7,69759000"
"202300044063";"7";"12";"2023";"15:55";"2";"75";"75108";"2";"3";"1";"3";"AVENUE DES CHAMPS ELYSEES";"48,87099000";"2,30341000"
"202300044064";"4";"04";"2023";"14:50";"1";"67";"67482";"2";"8";"2";"6";"WINSTON CHURCHILL (PONT)";"48,57458000";"7,76701000"
"202300044065";"19";"02";"2023";"21:50";"3";"972";"97209";"2";"4";"1";"2";"RD 41 (ROCADE)";"14,61674000";" -61,07207000"
"202300044066";"30";"08";"2023";"23:30";"3";"67";"67473";"1";"1";"1";"7";"D422";"48,58213884";"7,47485518"
"202300044067";"7";"12";"2023";"08:45";"1";"75";"75108";"2";"2";"1";"3";"BOULEVARD DE COURCELLES";"48,87866300";"2,30085200"
"202300044068";"5";"04";"2023";"04:40";"5";"974";"97416";"2";"1";"1";"1";"ARCHAMBAUD (RUE)";" -21,32965000";"55,48042000"
"202300044069";"1";"09";"2023";"11:58";"1";"03";"03189";"1";"1";"1";"1";"D159";"46,30811000";"2,81051000"
"202300044070";"20";"02";"2023";"20:10";"5";"69";"69149";"2";"3";"1";"3";"Rue Francisque Jomard";"45,71520000";"4,80024000"
"202300044071";"6";"12";"2023";"15:46";"1";"75";"75108";"2";"2";"1";"2";"PLACE CHARLES DE GAULLE";"48,87410500";"2,29576300"
"202300044072";"20";"02";"2023";"18:07";"5";"69";"69149";"2";"1";"1";"6";"171 Grande Rue";"45,71238000";"4,80338000"
"202300044073";"1";"09";"2023";"13:00";"1";"42";"42094";"2";"1";"1";"6";"Grande Rue de Randan";"45,74237800";"4,21882500"
"202300044074";"6";"12";"2023";"08:20";"1";"75";"75108";"2";"2";"1";"3";"BOULEVARD DE COURCELLES";"48,87857000";"2,30085000"
"202300044075";"5";"04";"2023";"13:10";"1";"973";"97302";"2";"3";"8";"3";"ZEPHIR (ROCADE)";"4,94174476";" -52,30418873"
"202300044076";"31";"08";"2023";"13:44";"1";"07";"07259";"1";"3";"1";"3";"Route de Saint-martin";"44,30386000";"4,60378100"
"202300044077";"7";"12";"2023";"10:00";"1";"75";"75102";"2";"4";"1";"6";"RUE DU LOUVRE";"48,86585500";"2,34338200"
"202300044078";"20";"02";"2023";"15:50";"1";"69";"69384";"2";"1";"1";"4";"14 Cours d'Herbouville";"45,77511000";"4,83940000"
"202300044079";"7";"12";"2023";"16:04";"5";"94";"94078";"2";"1";"1";"3";"IMPASSE SAINT GEORGES";"48,72469000";"2,44443000"
"202300044080";"5";"04";"2023";"08:20";"1";"973";"97302";"2";"2";"1";"6";"MONNERVILLE (AVENUE GASTON)";"4,93632152";" -52,33470619"
"202300044081";"1";"09";"2023";"16:05";"1";"69";"69131";"1";"1";"1";"1";"Route des Monts du Lyonnais";"45,69060400";"4,67820700"
"202300044082";"20";"02";"2023";"13:10";"1";"69";"69149";"2";"2";"1";"3";"Grande Rue";"45,72105665";"4,81118631"
"202300044083";"6";"12";"2023";"08:17";"1";"94";"94068";"2";"2";"1";"3";"Boulevard de Champigny";"48,80710000";"2,50901000"
"202300044084";"5";"04";"2023";"15:35";"1";"972";"97213";"1";"1";"1";"3";"AUTOROUTE A1";"14,61836000";" -61,02514000"
"202300044085";"20";"02";"2023";"08:00";"1";"2A";"2A004";"2";"9";"1";"2";"GEORGES POMPIDOU AVENUE";"41,92981000";"8,75748000"
"202300044086";"5";"04";"2023";"09:50";"1";"69";"69149";"2";"1";"1";"7";"22 Grande Rue";"45,71953000";"4,81049000"
"202300044087";"1";"09";"2023";"17:46";"1";"49";"49301";"1";"1";"9";"6";"Les Quatre Étalons";"47,09854700";" -1,02192200"
"202300044088";"7";"12";"2023";"10:30";"1";"94";"94003";"2";"9";"1";"3";"Avenue Gabriel Péri";"48,79950000";"2,34397000"
"202300044089";"20";"02";"2023";"13:55";"1";"91";"91692";"2";"4";"1";"3";"CANADA (AVENUE DU)";"48,68470000";"2,19118000"
"202300044090";"5";"04";"2023";"15:00";"1";"2B";"2B037";"1";"1";"1";"2";"TOUTES RUES";"42,62840000";"9,43754000"
"202300044091";"1";"09";"2023";"13:40";"1";"50";"50594";"1";"1";"1";"1";"Route du Saussey";"49,60970900";" -1,71644200"
"202300044092";"7";"12";"2023";"08:15";"1";"94";"94075";"1";"1";"1";"3";"Route de la Grange";"48,73267000";"2,51284000"
"202300044093";"4";"04";"2023";"10:30";"1";"971";"97120";"1";"1";"1";"6";"JEAN JAURES";"16,23886321";" -61,53706580"
"202300044094";"20";"02";"2023";"13:54";"1";"87";"87085";"2";"2";"1";"3";"NAUGEAT (AVENUE DE";"45,82231000";"1,23977000"
"202300044095";"1";"09";"2023";"00:05";"3";"22";"22277";"1";"1";"2";"1";"Le Mérutel";"48,37580800";" -2,83969200"
"202300044096";"7";"12";"2023";"16:50";"2";"93";"93066";"2";"2";"2";"3";"Avenue du Stade de France / Rue de la Cokerie";"48,92120000";"2,36163000"
"202300044097";"20";"02";"2023";"13:54";"1";"87";"87085";"2";"1";"1";"7";"FUSTEL DE COULANGES (RUE)";"45,83313000";"1,23156000"
"202300044098";"5";"04";"2023";"16:11";"1";"2A";"2A004";"2";"3";"1";"3";"BONAPARTE CHARLES  BD";"41,93155000";"8,74027000"
"202300044099";"7";"12";"2023";"18:50";"5";"93";"93055";"2";"5";"2";"2";"Rue Méhul / Rue Gambetta";"48,88915500";"2,41022600"
"202300044100";"19";"02";"2023";"20:40";"3";"87";"87085";"1";"1";"1";"6";"AUTOROUTE A20";"45,87306000";"1,28777000"
"202300044101";"5";"04";"2023";"07:50";"1";"2A";"2A004";"2";"3";"1";"3";"BONAPARTE LUCIEN  COURS";"41,91202000";"8,72275000"
"202300044102";"28";"08";"2023";"19:00";"1";"59";"59377";"2";"1";"1";"1";"3 Rue Jean Jaures";"50,12079100";"3,17355800"
"202300044103";"7";"12";"2023";"19:50";"5";"93";"93047";"2";"3";"2";"3";"Avenue Jean Jaurés / Avenue des Violettes";"48,89876000";"2,54739000"
"202300044104";"19";"02";"2023";"16:42";"1";"87";"87085";"2";"1";"1";"4";"MATISSE (RUE HENRI)";"45,85158000";"1,27132000"
"202300044105";"31";"08";"2023";"19:15";"1";"13";"13214";"1";"1";"1";"2";"A507 sens Marseille - Aubagne";"43,32970000";"5,39300000"
"202300044106";"7";"12";"2023";"08:26";"1";"93";"93029";"2";"3";"1";"3";"Avenue Henri Barbusse / Rue Gabriel Puech ";"48,91863900";"2,44875400"
"202300044107";"19";"02";"2023";"13:47";"1";"87";"87075";"1";"3";"1";"3";"D20";"45,80891000";"1,16348000"
"202300044108";"16";"08";"2023";"12:00";"1";"13";"13071";"1";"1";"1";"3";"A5501DSens Lyon vers A55-Mlle Vieux Port";"43,40520000";"5,29440000"
"202300044109";"7";"12";"2023";"20:25";"5";"93";"93014";"2";"2";"2";"6";"Carrefour des Libertés / Boulevard Gagarine";"48,90464700";"2,54851700"
"202300044110";"20";"02";"2023";"05:00";"3";"84";"84035";"2";"1";"1";"1";"MARSEILLE-RD938 (ROUTE DE)";"43,82767000";"5,03270000"
"202300044111";"5";"04";"2023";"16:40";"1";"91";"91570";"2";"9";"1";"6";"BOIELDIEU (RUE)";"48,63091000";"2,31756000"
"202300044112";"30";"08";"2023";"18:23";"1";"13";"13005";"1";"1";"1";"2";"A50-Sens Marseille vers Aubagne";"43,28680000";"5,53841000"
"202300044113";"20";"02";"2023";"20:30";"5";"83";"83137";"2";"1";"1";"1";"FAVIERES (CHEMIN DES)";"43,15127444";"5,96905893"
"202300044114";"5";"04";"2023";"10:05";"1";"91";"91286";"2";"1";"1";"3";"NATIONALE 7 (ROUTE)";"48,66663600";"2,39636200"
"202300044115";"7";"12";"2023";"20:15";"5";"93";"93007";"2";"4";"2";"3";"Rue Alexandre Dumas / Avenue Pasteur";"48,93779000";"2,47389000"
"202300044116";"30";"08";"2023";"13:35";"1";"13";"13056";"1";"1";"1";"2";"A55-Sens Martigues vers Marseille";"43,40527000";"5,03980000"
"202300044117";"19";"02";"2023";"19:43";"5";"78";"78440";"2";"1";"1";"2";"SEINE (RUE DE)";"48,99750000";"1,90986000"
"202300044118";"5";"04";"2023";"10:25";"1";"91";"91433";"1";"1";"7";"6";"ROCHETTES (RUE DES)";"48,45168000";"2,17169000"
"202300044119";"30";"08";"2023";"10:15";"1";"83";"83144";"1";"1";"1";"2";"A57";"43,14109384";"6,00284963"
"202300044120";"6";"12";"2023";"20:00";"5";"92";"92078";"2";"9";"1";"3";"MARECHAL LECLERC (AVENUE) (PAIRS)";"48,93487788";"2,32498750"
"202300044121";"31";"08";"2023";"07:25";"1";"33";"33122";"1";"1";"1";"6";"AUTOROUTE A 63";"44,73161848";" -0,72440565"
"202300044122";"5";"04";"2023";"09:47";"1";"87";"87050";"2";"1";"1";"6";"LIMOGES (AVENUE DE)";"45,86373000";"1,23801000"
"202300044123";"7";"12";"2023";"09:00";"1";"92";"92073";"2";"1";"1";"3";"GAULLE (AVENUE GENERAL CHARLES DE)";"48,87064153";"2,22461119"
"202300044124";"31";"08";"2023";"17:10";"1";"94";"94076";"1";"1";"2";"2";"A6B";"48,79178332";"2,34476096"
"202300044125";"5";"04";"2023";"21:05";"5";"83";"83069";"2";"2";"1";"3";"PERRON (AVENUE JEAN JACQUES)";"43,11942000";"6,12629000"
"202300044126";"6";"12";"2023";"20:50";"5";"92";"92072";"2";"3";"1";"3";"BRUYERES (RUE DES)";"48,82121261";"2,21866742"
"202300044127";"10";"02";"2023";"09:00";"1";"76";"76351";"1";"1";"1";"6";"SPORTS";"49,51746000";"0,13001000"
"202300044128";"5";"12";"2023";"20:30";"5";"92";"92072";"2";"1";"2";"7";"BALZAC (RUE HONORE DE)";"48,82831000";"2,20170000"
"202300044129";"31";"08";"2023";"08:47";"1";"91";"91228";"1";"1";"8";"4";"AUTOROUTE A6";"48,62789000";"2,41332000"
"202300044130";"3";"03";"2023";"17:15";"1";"78";"78158";"2";"6";"1";"6";"CHARLES DE GAULLE (AVENUE)";"48,82864600";"2,12486400"
"202300044131";"31";"08";"2023";"07:01";"2";"91";"91434";"1";"1";"1";"2";"AUTOROUTE A6";"48,66832000";"2,35421000"
"202300044132";"5";"04";"2023";"20:15";"2";"78";"78372";"2";"1";"1";"6";"FONTENELLE (RUE)";"48,87214900";"2,09649200"
"202300044133";"7";"12";"2023";"19:45";"5";"92";"92050";"1";"3";"2";"4";"RD 914";"48,90684325";"2,21203990"
"202300044134";"20";"02";"2023";"19:25";"5";"73";"73008";"2";"6";"1";"6";"LEPIC BOULEVARD";"45,68606000";"5,90600000"
"202300044135";"7";"12";"2023";"17:45";"2";"92";"92050";"2";"9";"8";"6";"18 OCTOBRE 1961 RUE";"48,89853000";"2,21519000"
"202300044136";"30";"08";"2023";"19:45";"1";"91";"91471";"1";"9";"1";"2";"RN 118";"48,69473000";"2,19458000"
"202300044137";"3";"04";"2023";"19:10";"1";"78";"78418";"2";"3";"1";"3";"ROBERT LAFORGE (BOULEVARD)";"48,93223000";"2,13970000"
"202300044138";"19";"02";"2023";"18:15";"2";"71";"71306";"2";"2";"1";"3";"ALOUETTES (AVENUE DES)";"46,68781000";"4,35808000"
"202300044139";"6";"12";"2023";"20:00";"5";"92";"92050";"2";"9";"1";"3";"LENINE VLADIMIR ILITCH AVENUE";"48,88795556";"2,18953997"
"202300044140";"30";"08";"2023";"14:45";"1";"93";"93027";"1";"1";"1";"2";"AUTOROUTE A86";"48,92458528";"2,38937632"
"202300044141";"5";"04";"2023";"21:00";"5";"78";"78624";"1";"1";"1";"1";"L'HAUTIL RUE CD2";"48,99157000";"2,00796000"
"202300044142";"31";"08";"2023";"18:15";"1";"94";"94018";"1";"1";"8";"6";"A4";"48,81739194";"2,41475247"
"202300044143";"5";"12";"2023";"12:10";"1";"92";"92024";"2";"1";"2";"7";"CLICHY (QUAI DE) DE (104 A 202)";"48,90679477";"2,29649931"
"202300044144";"20";"02";"2023";"17:40";"1";"69";"69271";"2";"3";"1";"3";"Avenue du Progrès";"45,73015000";"4,96375000"
"202300044145";"7";"12";"2023";"20:15";"5";"92";"92012";"2";"1";"3";"6";"GEORGES GORSE (QUAI)";"48,82361946";"2,23848827"
"202300044146";"31";"08";"2023";"08:30";"1";"77";"77363";"1";"1";"1";"2";"A104";"48,92869685";"2,62840045"
"202300044147";"17";"02";"2023";"20:00";"5";"67";"67482";"2";"1";"1";"3";"DOUBS (RUE DU)";"48,56168000";"7,73434000"
"202300044148";"8";"12";"2023";"18:30";"5";"24";"24294";"2";"1";"1";"2";"Avenue de l'Europe";"45,00620800";"0,16228400"
"202300044149";"24";"07";"2023";"22:36";"4";"59";"59350";"2";"3";"1";"6";"COURBET GUSTAVE  RUE";"50,60862000";"3,04016000"
"202300044150";"5";"04";"2023";"20:00";"1";"77";"77070";"1";"1";"1";"7";"D209";"48,78700000";"3,12400000"
"202300044151";"7";"12";"2023";"19:30";"5";"95";"95480";"2";"1";"3";"6";"RAYMOND POINCARE (RUE)";"49,12017600";"2,21048500"
"202300044152";"18";"02";"2023";"16:43";"1";"66";"66136";"2";"3";"1";"6";"";"42,69647794";"2,87797272"
"202300044153";"7";"12";"2023";"22:30";"3";"31";"31074";"1";"1";"3";"6";"D20";"43,68230500";"1,60994800"
"202300044154";"12";"04";"2023";"15:00";"1";"73";"73154";"1";"1";"2";"1";"RD104";"45,68039200";"6,33936900"
"202300044155";"4";"04";"2023";"13:50";"1";"76";"76351";"2";"2";"1";"1";"FRANCOIS 1ER (BD)";"49,49191000";"0,09917000"
"202300044156";"17";"02";"2023";"18:08";"2";"66";"66136";"1";"1";"1";"3";"RN 116";"42,69428000";"2,84879000"
"202300044157";"8";"12";"2023";"10:30";"1";"71";"71497";"1";"1";"2";"6";"Autoroute A6 sens LYON-PARIS PK 384+350";"46,33969100";"4,82188800"
"202300044158";"4";"04";"2023";"15:00";"1";"73";"73031";"2";"3";"1";"3";"BASSENS (AVENUE DE)";"45,57363000";"5,93655000"
"202300044159";"20";"02";"2023";"22:05";"5";"64";"64445";"1";"1";"1";"1";"OLOF PALME";"43,33697000";" -0,36669000"
"202300044160";"26";"06";"2023";"10:20";"1";"64";"64348";"2";"6";"1";"3";"EUROPE DE L'";"43,33573000";" -0,38505000"
"202300044161";"8";"12";"2023";"08:30";"1";"974";"97404";"2";"1";"2";"3";"213 Avenue Raymond Barre";" -21,25923600";"55,35569300"
"202300044162";"5";"04";"2023";"19:30";"1";"69";"69259";"2";"1";"1";"2";"Avenue Pierre Sémard";"45,71183000";"4,87490000"
"202300044163";"20";"02";"2023";"03:00";"3";"64";"64122";"2";"1";"1";"7";"BORDOLO (RUE)";"43,47882000";" -1,55317000"
"202300044164";"8";"12";"2023";"10:44";"1";"63";"63035";"1";"2";"2";"3";"D2144 / D403";"45,95696400";"3,10684300"
"202300044165";"23";"02";"2023";"14:20";"1";"39";"39362";"2";"4";"1";"3";"6 Place des Salines";"46,67323900";"5,53731200"
"202300044166";"20";"02";"2023";"09:00";"1";"63";"63113";"2";"1";"1";"7";"POINCARE (COURS RAYMOND)";"45,77178000";"3,09003000"
"202300044167";"8";"12";"2023";"06:28";"5";"86";"86226";"1";"1";"2";"5";"D951";"46,55980300";"0,45172400"
"202300044168";"26";"05";"2023";"01:45";"5";"01";"01053";"2";"2";"1";"3";"LEVRIER (BD ANDRE) PAIR";"46,20963400";"5,22992100"
"202300044169";"4";"04";"2023";"19:35";"2";"67";"67267";"2";"6";"1";"3";"MARECHAL FOCH (RUE DU)";"48,56045000";"7,69285000"
"202300044170";"18";"02";"2023";"23:05";"5";"63";"63113";"2";"9";"1";"3";"Av Michelin / parking InterMarché";"45,78004367";"3,11544478"
"202300044171";"30";"11";"2023";"23:00";"3";"84";"84029";"1";"1";"2";"7";"chemin des mulets";"44,15481500";"4,88411500"
"202300044172";"17";"01";"2023";"17:58";"5";"93";"93053";"2";"3";"1";"3";"Avenue de Rosny / Rue Jean Mermoz";"48,89323200";"2,47076600"
"202300044173";"4";"04";"2023";"11:45";"1";"67";"67482";"2";"3";"1";"6";"FORET NOIRE (AVENUE DE LA)";"48,58289000";"7,77227000"
"202300044174";"6";"12";"2023";"14:40";"1";"85";"85109";"2";"6";"7";"6";"RD160";"46,86664100";" -1,02679000"
"202300044175";"2";"02";"2023";"00:45";"5";"62";"62525";"2";"3";"1";"6";"Route de Blendecques";"50,73932900";"2,26297800"
"202300044176";"7";"12";"2023";"08:00";"1";"63";"63178";"1";"1";"1";"2";"A75 PK31+200";"45,54925000";"3,26926900"
"202300044177";"20";"02";"2023";"20:30";"5";"59";"59599";"2";"8";"1";"6";"CHANZY (RUE)";"50,71936000";"3,15819000"
"202300044178";"30";"08";"2023";"17:15";"1";"973";"97302";"1";"1";"1";"3";"ROUTE NATIONALE 1";"4,90294000";" -52,32440000"
"202300044179";"2";"04";"2023";"16:45";"1";"59";"59560";"2";"3";"1";"3";"EPINETTE RUE DE L";"50,55608000";"3,05875000"
"202300044180";"8";"12";"2023";"07:45";"2";"30";"30217";"2";"1";"2";"6";"2 Route d'Orange";"43,97511900";"4,69239600"
"202300044181";"5";"04";"2023";"22:25";"5";"56";"56260";"2";"1";"2";"3";"53 Boulevard de la Paix";"47,66075000";" -2,75398000"
"202300044182";"20";"02";"2023";"14:35";"1";"51";"51172";"2";"6";"1";"3";"Route de Taissy";"49,22053000";"4,06423000"
"202300044183";"30";"08";"2023";"12:20";"1";"972";"97209";"1";"1";"1";"6";"GODISSARD (BOULEVARD)";"14,60880000";" -61,06455000"
"202300044184";"8";"12";"2023";"07:25";"3";"30";"30141";"1";"1";"2";"1";"D9";"44,09963600";"4,63691700"
"202300044185";"5";"04";"2023";"18:00";"1";"51";"51454";"2";"1";"1";"6";"avenue du 18 Juin 1940";"49,23563000";"4,01943000"
"202300044186";"5";"04";"2023";"18:15";"1";"49";"49099";"2";"1";"1";"6";"MUTUALITE (RUE DE LA)";"47,05645000";" -0,89370000"
"202300044187";"7";"12";"2023";"20:10";"3";"56";"56070";"1";"1";"2";"3";"N/A";"47,94771900";" -2,58100700"
"202300044188";"30";"08";"2023";"22:55";"3";"69";"69389";"2";"2";"1";"3";"Rue des Docks";"45,78551842";"4,81065469"
"202300044189";"4";"04";"2023";"12:47";"1";"49";"49007";"2";"1";"1";"7";"CHATEAU D'ORGEMONT RUE ET SQU";"47,45016000";" -0,54446000"