"Num_Acc";"jour";"mois";"an";"hrmn";"lum";"dep";"com";"agg";"int";"atm";"col";"adr";"lat";"long"
"202300044190";"8";"12";"2023";"11:45";"1";"56";"56042";"1";"1";"1";"1";"Lieu Dit Kerras";"47,83655700";" -2,79312200"
"202300044191";"17";"02";"2023";"18:34";"2";"51";"51108";"2";"1";"1";"6";"Rue Emile Schmit";"48,96793000";"4,35793000"
"202300044192";"7";"12";"2023";"12:01";"1";"59";"59094";"2";"1";"1";"6";"Rue Jean Jaures";"50,94346200";"2,20094600"
"202300044193";"5";"04";"2023";"17:15";"1";"45";"45298";"2";"1";"1";"2";"1 Rue des Cygnes";"47,87593533";"1,87717617"
"202300044194";"19";"02";"2023";"16:18";"1";"49";"49007";"2";"2";"1";"6";"TILLON";"47,48959000";" -0,56266000"
"202300044195";"5";"12";"2023";"17:30";"5";"2A";"2A130";"2";"9";"1";"6";"boulevard marie-jeanne bozzi";"41,89460300";"8,80666300"
"202300044196";"17";"03";"2023";"12:45";"1";"44";"44109";"2";"1";"1";"2";"62bis Boulevard Victor Hugo";"47,20191000";" -1,54773000"
"202300044197";"8";"12";"2023";"16:30";"1";"89";"89339";"1";"1";"1";"6";"Route Départementale 86";"47,56591400";"3,98039800"
"202300044198";"18";"03";"2023";"03:55";"3";"44";"44109";"2";"1";"1";"6";"143 Boulevard Auguste Péneau";"47,23189000";" -1,50771000"
"202300044199";"19";"02";"2023";"11:17";"1";"49";"49007";"2";"1";"1";"1";"MONTESQUIEU PASSAGE";"47,46098000";" -0,61243000"
"202300044200";"26";"08";"2023";"00:50";"3";"84";"84080";"1";"1";"1";"2";"CD 942 DE CARPENTRAS A RTE SARRIANS";"44,04497000";"5,01008000"
"202300044201";"5";"04";"2023";"06:00";"5";"44";"44143";"2";"1";"1";"3";"Route des Sorinières";"47,15722000";" -1,54122000"
"202300044202";"7";"12";"2023";"17:42";"3";"63";"63031";"1";"1";"1";"1";"D 214";"45,46181474";"3,29628995"
"202300044203";"20";"02";"2023";"11:50";"1";"47";"47032";"1";"4";"1";"3";"Denis Papin (Rue)";"44,18041100";"0,67935500"
"202300044204";"5";"04";"2023";"08:40";"1";"35";"35206";"1";"1";"1";"2";"RD 837";"48,07179451";" -1,69682711"
"202300044205";"8";"12";"2023";"19:00";"3";"61";"61284";"1";"1";"1";"1";"D8";"48,60201200";"0,31677900"
"202300044206";"26";"08";"2023";"23:45";"5";"83";"83126";"2";"2";"2";"3";"JUIN (AV MARECHAL)";"43,10742100";"5,86967000"
"202300044207";"5";"04";"2023";"01:24";"3";"34";"34301";"1";"1";"1";"7";"Route d'Agde";"43,35467900";"3,59555700"
"202300044208";"20";"02";"2023";"15:30";"1";"44";"44162";"2";"1";"1";"6";"Boulevard Salvador Allende";"47,21849000";" -1,61796000"
"202300044209";"8";"12";"2023";"15:55";"1";"49";"49215";"1";"1";"1";"1";"D761";"47,14586456";" -0,16844324"
"202300044210";"30";"08";"2023";"19:40";"1";"77";"77053";"2";"1";"1";"2";"RUE DU GENERAL LECLERC";"48,70202000";"2,59821000"
"202300044211";"5";"04";"2023";"09:33";"1";"34";"34003";"2";"6";"1";"3";"2 Avenue de la Mediterranee";"43,29109000";"3,51406000"
"202300044212";"8";"12";"2023";"06:20";"3";"12";"12016";"1";"1";"2";"6";"rd 840";"44,50876400";"2,36208200"
"202300044213";"11";"02";"2023";"00:15";"3";"44";"44143";"1";"1";"1";"6";"";"47,16010000";" -1,55191000"
"202300044214";"8";"12";"2023";"14:05";"1";"25";"25287";"2";"1";"1";"6";"Route de Besançon";"47,20359800";"5,90222500"
"202300044215";"5";"04";"2023";"17:30";"1";"33";"33550";"2";"1";"1";"1";"Rue Pablo Neruda";"44,78599000";" -0,58298000"
"202300044216";"7";"12";"2023";"15:15";"1";"25";"25468";"1";"1";"1";"6";"D30";"47,33225000";"6,19459400"
"202300044217";"18";"02";"2023";"18:30";"5";"39";"39198";"2";"9";"1";"6";"Av. Foch / Rue de Franche-Comté";"47,07982300";"5,46953400"
"202300044218";"30";"08";"2023";"16:45";"1";"77";"77111";"2";"2";"1";"3";"AV HERGE";"48,85718000";"2,77214000"
"202300044219";"5";"04";"2023";"08:50";"1";"31";"31555";"2";"1";"1";"6";"DEMOISELLES (ALL DES) DU 2AU 80";"43,58834000";"1,45878000"
"202300044220";"20";"02";"2023";"14:10";"1";"38";"38421";"2";"1";"1";"6";"AVENUE BENOÎT FRACHON";"45,17904000";"5,75611000"
"202300044221";"7";"12";"2023";"09:15";"1";"44";"44089";"1";"2";"3";"3";"Les Chaillereaux";"47,32715300";" -1,88199400"
"202300044222";"30";"08";"2023";"18:00";"1";"76";"76540";"2";"3";"1";"2";"Route de Darnetal";"49,44042000";"1,12755000"
"202300044223";"5";"04";"2023";"06:04";"4";"31";"31555";"2";"9";"1";"3";"EISENHOWER (AVENUE DU GENERAL)";"43,56786359";"1,37659281"
"202300044224";"6";"12";"2023";"11:21";"1";"44";"44152";"1";"2";"1";"3";"42 Le Champ Blanc";"47,45265100";" -2,02568500"
"202300044225";"30";"08";"2023";"18:10";"1";"69";"69266";"2";"1";"1";"6";"Rue Général Dayan";"45,77417000";"4,86112000"
"202300044226";"2";"04";"2023";"15:45";"1";"30";"30028";"2";"6";"1";"3";"Avenue de la Mayre";"44,16009000";"4,62527000"
"202300044227";"20";"02";"2023";"17:05";"1";"35";"35238";"1";"1";"1";"4";"RN136";"48,08142000";" -1,69691000"
"202300044228";"7";"12";"2023";"14:20";"1";"44";"44087";"1";"1";"2";"1";"sainte marie (Machecoul)";"46,96005200";" -1,81833900"
"202300044229";"20";"02";"2023";"10:15";"1";"33";"33063";"2";"1";"1";"2";"Rue de Caudéran";"44,84638522";" -0,59687600"
"202300044230";"30";"08";"2023";"04:23";"3";"68";"68195";"1";"1";"1";"6";"AUTOROUTE A 36";"47,75565000";"7,29658000"
"202300044231";"7";"12";"2023";"01:10";"3";"29";"29247";"1";"1";"3";"6";"RN165";"47,97024000";" -3,99516000"
"202300044232";"3";"04";"2023";"07:25";"1";"19";"19031";"2";"3";"1";"3";"""MOULIN (BOULEVARD JEAN) COTE """"LES CEDR";"45,16128000";"1,50313000"
"202300044233";"20";"02";"2023";"17:05";"1";"31";"31555";"2";"1";"1";"1";"AV LOUIS BREGUET";"43,57751100";"1,47967900"
"202300044234";"26";"08";"2023";"22:07";"5";"66";"66136";"1";"1";"1";"6";"N/A";"42,69914000";"2,87347000"
"202300044235";"8";"12";"2023";"15:55";"1";"02";"02810";"1";"1";"1";"1";"D973";"49,25366100";"3,10870200"
"202300044236";"8";"12";"2023";"16:09";"1";"03";"03217";"1";"1";"2";"6";"609 route du mont";"46,36161500";"2,68479500"
"202300044237";"4";"04";"2023";"19:45";"2";"13";"13096";"2";"1";"1";"3";"VAQUETTE DRAILLE DE LA";"43,47385250";"4,40177955"
"202300044238";"20";"02";"2023";"07:50";"1";"31";"31555";"2";"1";"5";"3";"AV DE REYNERIE";"43,57606000";"1,40657000"
"202300044239";"30";"08";"2023";"11:45";"1";"64";"64348";"2";"1";"3";"5";"MARTYRS DU PONT LONG DES";"43,33945000";" -0,37985000"
"202300044240";"8";"12";"2023";"16:25";"1";"01";"01134";"1";"1";"1";"1";"D1179";"46,28832000";"4,87866400"
"202300044241";"5";"04";"2023";"19:35";"2";"13";"13103";"2";"1";"1";"1";"RUE DU DOCTEUR DELEUIL";"43,64000000";"5,09000000"
"202300044242";"20";"02";"2023";"17:34";"1";"29";"29039";"2";"1";"1";"4";"RD 783";"47,89350000";" -3,91450000"
"202300044243";"5";"04";"2023";"11:10";"1";"13";"13213";"2";"1";"1";"3";"ALBERT EINSTEIN (RUE)";"43,33923468";"5,43907694"
"202300044244";"30";"08";"2023";"18:52";"1";"64";"64122";"2";"2";"8";"3";"OSSUNA (AVENUE D')";"43,48288000";" -1,55655000"
"202300044245";"20";"02";"2023";"16:33";"1";"29";"29039";"2";"6";"1";"6";"Rue du Poteau Vert";"47,89429808";" -3,91384721"
"202300044246";"7";"12";"2023";"18:30";"3";"01";"01232";"1";"1";"1";"5";"D996";"46,35717700";"5,25354600"
"202300044247";"5";"04";"2023";"23:30";"5";"13";"13004";"1";"1";"1";"2";"RTE N113 MARSEILLE A BORBEAUX";"43,64808829";"4,68630046"
"202300044248";"15";"02";"2023";"08:54";"2";"29";"29019";"2";"6";"1";"3";"rue Amiral Romain-Desfossés";"48,42700300";" -4,47648500"
"202300044249";"30";"08";"2023";"18:50";"1";"59";"59183";"2";"3";"1";"3";"DELATTRE DE TASSIGNY";"51,04749000";"2,42810000"
"202300044250";"7";"12";"2023";"18:39";"3";"18";"18141";"1";"1";"2";"4";"N/A";"47,14034400";"2,25003000"
"202300044251";"16";"07";"2023";"11:20";"1";"42";"42218";"2";"1";"1";"6";"Rue Gutenberg";"45,41561984";"4,39455897"
"202300044252";"20";"02";"2023";"14:19";"1";"27";"27229";"2";"1";"1";"2";"JOSEPHINE (RUE)";"49,02384000";"1,14364000"
"202300044253";"6";"12";"2023";"08:50";"1";"53";"53249";"1";"1";"5";"1";"d143";"48,18644000";" -0,23791200"
"202300044254";"4";"04";"2023";"17:18";"1";"10";"10387";"2";"6";"1";"6";"GEORGES POMPIDOU (RUE)";"48,29606000";"4,09430000"
"202300044255";"30";"08";"2023";"13:00";"1";"37";"37195";"1";"1";"2";"7";"SAINT-GENOUPH (ROUTE DE)";"47,37935045";"0,61213732"
"202300044256";"5";"12";"2023";"18:35";"5";"21";"21554";"2";"1";"1";"6";"2 Rue Monge";"47,10263700";"5,26306800"
"202300044257";"20";"02";"2023";"21:02";"5";"18";"18033";"2";"1";"1";"6";"1 Rue Raymond Boisde";"47,06542000";"2,39578000"
"202300044258";"17";"03";"2023";"19:10";"1";"06";"06155";"2";"1";"1";"6";"ROUVIER BD MAURICE";"43,57914000";"7,05432000"
"202300044259";"30";"11";"2023";"13:45";"1";"30";"30006";"1";"9";"8";"7";"D6313";"43,69122300";"4,20654100"
"202300044260";"29";"08";"2023";"09:35";"1";"37";"37122";"2";"1";"1";"1";"VERDUN (RUE DE)";"47,34784000";"0,66530000"
"202300044261";"18";"02";"2023";"17:20";"1";"13";"13039";"1";"1";"1";"1";"CARRELET (Allée du)";"43,45064000";"4,96355000"
"202300044262";"2";"04";"2023";"10:25";"1";"02";"02168";"2";"6";"2";"3";"Place Jean de la Fontaine";"49,04442000";"3,40302000"
"202300044263";"28";"08";"2023";"08:55";"1";"32";"32013";"2";"1";"1";"6";"TREILLE (PONT DE LA)";"43,64880000";"0,58990000"
"202300044264";"20";"02";"2023";"10:20";"1";"13";"13215";"2";"1";"1";"2";"LE CHATELIER";"43,34636000";"5,36527000"
"202300044265";"5";"04";"2023";"09:45";"1";"01";"01053";"2";"2";"1";"6";"DE GAULLE ( BD GAL) PAIR";"46,20331000";"5,24231000"
"202300044266";"5";"12";"2023";"07:18";"3";"80";"80365";"1";"1";"3";"6";"A29, PK 166+500, SENS NEUFCHATEL/AMIENS";"49,80946500";"1,99024200"
"202300044267";"29";"08";"2023";"15:45";"1";"29";"29039";"1";"1";"1";"2";"Chemin de Kersaby.";"47,90297000";" -3,94460000"
"202300044268";"8";"12";"2023";"08:50";"1";"05";"05173";"1";"1";"3";"6";"autoroute A 51 PK 134.900";"44,32184500";"5,89209400"
"202300044269";"5";"04";"2023";"09:10";"1";"94";"94052";"2";"7";"1";"6";"CHARLES DE GAULLE (GRAND RUE)";"48,83704600";"2,48534700"
"202300044270";"20";"02";"2023";"02:30";"5";"13";"13210";"2";"1";"1";"1";"RABATAU (BOULEVARD)";"43,28263676";"5,39950951"
"202300044271";"7";"12";"2023";"06:47";"2";"06";"06084";"1";"1";"1";"7";"D6185";"43,61906800";"6,94721200"
"202300044272";"7";"12";"2023";"06:40";"2";"06";"06084";"1";"1";"1";"7";"D6185";"43,61907200";"6,94720600"
"202300044273";"30";"08";"2023";"18:40";"1";"26";"26362";"1";"9";"1";"5";"N532";"44,95372922";"4,93521716"
"202300044274";"5";"04";"2023";"08:05";"1";"75";"75117";"2";"1";"1";"2";"PORTE DE SAINT OUEN";"48,90058600";"2,32898800"
"202300044275";"18";"02";"2023";"23:45";"5";"13";"13213";"2";"6";"1";"3";"OLIVES (AVENUE DES)";"43,32851000";"5,43333000"
"202300044276";"7";"12";"2023";"08:30";"1";"13";"13051";"2";"2";"1";"6";"Boulevard Victor Hugo";"43,58986000";"5,12441900"
"202300044277";"4";"04";"2023";"19:40";"1";"75";"75117";"2";"1";"1";"6";"PORTE DE CLICHY";"48,89910400";"2,31712400"
"202300044278";"20";"02";"2023";"08:50";"1";"13";"13005";"2";"1";"7";"6";"GOUMS (AVENUE DES)";"43,29290000";"5,56321000"
"202300044279";"6";"12";"2023";"12:15";"1";"68";"68224";"1";"1";"1";"2";"Autoroute A36";"47,76664100";"7,33523400"
"202300044280";"5";"04";"2023";"10:50";"1";"75";"75106";"2";"2";"1";"3";"RUE DE L ANCIENNE COMEDIE";"48,85248200";"2,33875900"
"202300044281";"7";"12";"2023";"23:40";"5";"95";"95250";"2";"1";"2";"7";"1D CUGNOT (RUE)";"49,09827800";"2,52128000"
"202300044282";"30";"08";"2023";"19:00";"1";"14";"14117";"2";"2";"1";"3";"2 Avenue des Peupliers";"49,29457000";" -0,10843500"
"202300044283";"5";"04";"2023";"19:20";"1";"75";"75119";"2";"1";"1";"3";"AVENUE SECRETAN";"48,88215100";"2,37115400"
"202300044284";"3";"12";"2023";"11:30";"1";"13";"13076";"1";"1";"1";"3";"A7 - PK 208.000 sens sud nord";"43,83276200";"5,00688000"
"202300044285";"20";"02";"2023";"23:10";"5";"06";"06088";"2";"1";"1";"4";"STE-MARGUERITE (AV.) (A PARTIR DU 62-63)";"43,67923000";"7,21063000"
"202300044286";"30";"08";"2023";"20:47";"4";"13";"13210";"2";"1";"1";"6";"JEAN MOULIN (BOULEVARD)";"43,28528000";"5,39868000"
"202300044287";"8";"12";"2023";"08:30";"2";"44";"44020";"2";"1";"2";"3";"Rue de l'Halbrane";"47,15686400";" -1,58793200"
"202300044288";"5";"04";"2023";"15:00";"1";"75";"75118";"2";"2";"1";"6";"RUE JOSEPH DE MAISTRE";"48,89245400";"2,33053300"
"202300044289";"30";"08";"2023";"20:30";"2";"13";"13213";"2";"1";"1";"1";"VALDONNE (AVENUE DE)";"43,32593000";"5,41647000"
"202300044290";"20";"02";"2023";"15:00";"1";"04";"04112";"2";"4";"1";"2";"VOLX (AV.DE)";"43,84832000";"5,81753000"
"202300044291";"6";"12";"2023";"17:20";"3";"77";"77234";"1";"4";"5";"3";"D45";"48,91327200";"2,76715500"
"202300044292";"30";"08";"2023";"15:30";"1";"13";"13209";"2";"1";"1";"6";"REDON (BOULEVARD DU)";"43,25653000";"5,41963000"
"202300044293";"5";"04";"2023";"13:00";"1";"75";"75118";"2";"9";"1";"6";"RUE DE CLIGNANCOURT";"48,88504500";"2,34731000"
"202300044294";"8";"12";"2023";"07:50";"3";"91";"91579";"2";"1";"1";"6";"Route Nationale";"48,53073100";"2,29437800"
"202300044295";"30";"08";"2023";"07:20";"1";"13";"13002";"1";"1";"1";"1";"DES TERMES (ROUTE) RD 908";"43,38166500";"5,54498800"
"202300044296";"5";"04";"2023";"16:40";"1";"75";"75115";"2";"2";"1";"1";"RUE MADEMOISELLE";"48,84361000";"2,29575000"
"202300044297";"20";"02";"2023";"15:56";"1";"75";"75118";"2";"2";"1";"6";"BOULEVARD BARBES";"48,88739400";"2,34961800"
"202300044298";"8";"12";"2023";"13:15";"1";"34";"34199";"1";"1";"8";"7";"D13";"43,46703000";"3,39386300"
"202300044299";"30";"08";"2023";"01:10";"5";"13";"13005";"2";"1";"1";"6";"BOYER (AVENUE ANTIDE)";"43,29418000";"5,55943000"
"202300044300";"19";"02";"2023";"22:00";"5";"75";"75115";"2";"3";"1";"1";"RUE DE L ABBE GROULT";"48,83934900";"2,29701400"
"202300044301";"29";"08";"2023";"21:10";"5";"10";"10060";"2";"1";"1";"6";"GENERAL LECLERC (RUE DU)";"48,26378000";"4,09136000"
"202300044302";"8";"12";"2023";"10:50";"1";"42";"42094";"1";"4";"2";"3";"Route de Lyon";"45,73837200";"4,26177300"
"202300044303";"20";"02";"2023";"14:21";"1";"75";"75120";"2";"4";"1";"2";"AVENUE CARTELLIER";"48,86483357";"2,41194695"
"202300044304";"30";"08";"2023";"23:40";"5";"06";"06123";"2";"1";"1";"3";"CURIE PIERRE ET MARIE AVENUE";"43,68730000";"7,18680000"
"202300044305";"4";"04";"2023";"13:46";"1";"75";"75114";"2";"2";"1";"6";"RUE D ALESIA";"48,83181000";"2,31415100"
"202300044306";"7";"12";"2023";"08:45";"1";"85";"85092";"2";"2";"2";"6";"61 Rue rabelais";"46,46801100";" -0,81988700"
"202300044307";"30";"08";"2023";"22:45";"5";"03";"03185";"2";"2";"1";"1";"Avenue de la Republique";"46,34386900";"2,59956900"
"202300044308";"5";"04";"2023";"15:00";"1";"75";"75110";"2";"3";"1";"1";"BOULEVARD DE BONNE NOUVELLE";"48,87014800";"2,35046800"
"202300044309";"6";"12";"2023";"16:50";"1";"29";"29103";"2";"7";"1";"3";"21 rue Hervé de Guébriant";"48,45048200";" -4,26105500"
"202300044310";"29";"08";"2023";"09:20";"1";"01";"01451";"1";"1";"1";"3";"D117A";"46,23066000";"5,21527000"
"202300044311";"5";"04";"2023";"15:20";"1";"94";"94080";"2";"1";"1";"3";"Avenue de Nogent";"48,84442878";"2,44068736"
"202300044312";"7";"12";"2023";"23:20";"3";"27";"27012";"1";"1";"9";"7";"RD 126";"49,30401400";"1,31938900"
"202300044313";"7";"12";"2023";"14:45";"1";"60";"60341";"2";"1";"1";"2";"Route de Meaux";"49,09137700";"2,75132400"
"202300044314";"5";"04";"2023";"18:45";"1";"94";"94044";"2";"3";"7";"6";"Rue du Tertre / Rue Albert Jacquard";"48,74997206";"2,49209565"
"202300044315";"7";"12";"2023";"16:25";"2";"13";"13215";"1";"1";"1";"2";"A7-Sens Lyon vers Marseille";"43,35005000";"5,36860000"
"202300044316";"28";"03";"2023";"20:40";"3";"94";"94015";"2";"9";"1";"6";"Rue Léon Menu";"48,83973800";"2,53457600"
"202300044317";"30";"08";"2023";"15:10";"1";"75";"75119";"2";"1";"1";"3";"PORTE DE LA VILLETTE";"48,89602100";"2,39435100"
"202300044318";"4";"04";"2023";"15:20";"1";"94";"94028";"2";"1";"1";"3";"Avenue de la France Libre";"48,78212482";"2,45483655"
"202300044319";"7";"12";"2023";"09:01";"1";"13";"13215";"1";"1";"1";"3";"A7-Sens Marseille vers Lyon";"43,37038000";"5,36118000"
"202300044320";"5";"04";"2023";"17:15";"1";"94";"94059";"2";"3";"1";"6";"avenue ardouin";"48,81040000";"2,57240000"
"202300044321";"30";"08";"2023";"11:30";"1";"75";"75117";"2";"1";"1";"4";"ECHANGEUR ASNIERES";"48,89333700";"2,30341100"
"202300044322";"29";"08";"2023";"16:50";"1";"75";"75113";"2";"1";"1";"2";"PORTE D IVRY";"48,81947100";"2,37312300"
"202300044323";"7";"12";"2023";"09:48";"1";"13";"13215";"1";"1";"1";"2";"A507 sens Aubagne- Marseille";"43,37000000";"5,36000000"
"202300044324";"4";"04";"2023";"18:35";"1";"94";"94002";"2";"2";"1";"6";"Rue Paul Vaillant Couturier / Rue Charles de Gaulle";"48,81455068";"2,41533118"
"202300044325";"28";"08";"2023";"15:09";"1";"75";"75105";"2";"2";"1";"6";"RUE SAINT JACQUES";"48,84959400";"2,34482200"
"202300044326";"7";"12";"2023";"07:10";"2";"83";"83137";"1";"1";"1";"2";"A50";"43,12653501";"5,89467986"
"202300044327";"5";"04";"2023";"18:44";"1";"93";"93029";"2";"3";"1";"3";"Rue Victor Hugo / Rue de Drancy-cottage";"48,93630502";"2,45124373"
"202300044328";"30";"08";"2023";"12:20";"1";"75";"75113";"2";"2";"1";"6";"AVENUE DES GOBELINS";"48,83583800";"2,35251300"
"202300044329";"4";"04";"2023";"15:40";"1";"93";"93001";"2";"1";"1";"6";"Rue André Karman";"48,90855316";"2,38484917"
"202300044330";"7";"12";"2023";"19:20";"3";"91";"91689";"1";"1";"2";"4";"AUTOROUTE A6A";"48,73317000";"2,31563000"
"202300044331";"30";"08";"2023";"17:00";"1";"75";"75111";"2";"3";"1";"2";"RUE DES NANETTES";"48,86379500";"2,38229800"
"202300044332";"4";"04";"2023";"16:45";"1";"92";"92075";"2";"9";"1";"3";"MURILLO (RUE)";"48,82472000";"2,28985000"
"202300044333";"30";"08";"2023";"17:30";"1";"75";"75110";"2";"3";"1";"6";"RUE DU HUIT MAI 1945";"48,87629000";"2,35745800"
"202300044334";"5";"04";"2023";"13:15";"1";"92";"92073";"2";"1";"1";"6";"ROOSVELT (AVENUE FRANKLIN)";"48,87317900";"2,22132400"
"202300044335";"7";"12";"2023";"14:38";"1";"91";"91689";"1";"1";"1";"4";"AUTOROUTE A6";"48,72718000";"2,31366000"
"202300044336";"29";"08";"2023";"15:43";"1";"75";"75110";"2";"2";"1";"6";"AVENUE CLAUDE VELLEFAUX";"48,87521400";"2,37031200"
"202300044337";"5";"04";"2023";"18:20";"1";"92";"92062";"2";"1";"1";"6";"GERHARD (RUE) DU 1 AU 11 ET DU 2 AU 16";"48,87920604";"2,24006966"
"202300044338";"7";"12";"2023";"08:15";"1";"91";"91377";"1";"1";"1";"5";"AUTOROUTE A10";"48,71980000";"2,29360000"
"202300044339";"30";"08";"2023";"17:20";"1";"75";"75117";"2";"2";"1";"3";"BOULEVARD BESSIERES";"48,89761500";"2,32415600"
"202300044340";"5";"04";"2023";"09:28";"1";"92";"92051";"2";"5";"1";"3";"WINSTON CHURCHILL (PLACE)";"48,88343591";"2,27355033"
"202300044341";"30";"08";"2023";"09:40";"1";"75";"75109";"2";"5";"8";"6";"BOULEVARD HAUSSMANN";"48,87294300";"2,33324200"
"202300044342";"7";"12";"2023";"00:25";"3";"91";"91174";"1";"1";"5";" -1";"RN 104";"48,62111000";"2,46117000"
"202300044343";"5";"04";"2023";"10:30";"1";"92";"92026";"2";"1";"1";"6";"BEZONS  (DE 01 A 22)";"48,89472326";"2,25064087"
"202300044344";"30";"08";"2023";"08:30";"1";"75";"75107";"2";"4";"1";"7";"BOULEVARD DES INVALIDES";"48,85122700";"2,31415200"
"202300044345";"29";"08";"2023";"19:30";"1";"75";"75101";"2";"3";"1";"2";"RUE DE L AMIRAL DE COLIGNY";"48,85899300";"2,33984700"
"202300044346";"7";"12";"2023";"09:15";"1";"78";"78431";"1";"1";"1";"3";"A13";"48,93547400";"1,96364200"
"202300044347";"29";"08";"2023";"12:30";"1";"94";"94078";"2";"6";"1";"7";"1 Avenue Guy Môquet";"48,73796200";"2,47121700"
"202300044348";"5";"04";"2023";"07:50";"1";"92";"92026";"2";"1";"1";"2";"JOFFRE ( DE 30 A 50 ET DE 31 A 55 )";"48,89941417";"2,27160251"
"202300044349";"7";"12";"2023";"07:30";"2";"78";"78490";"1";"1";"1";"2";"RN12 INT";"48,80046100";"1,97114000"
"202300044350";"29";"08";"2023";"07:45";"1";"94";"94068";"2";"2";"1";"1";"Boulevard Rabelais";"48,80654879";"2,47876762"
"202300044351";"5";"04";"2023";"12:44";"1";"92";"92012";"2";"1";"1";"2";"EDOUARD VAILLANT (AVENUE) - DEBUT/55 - C";"48,83666616";"2,25321248"
"202300044352";"6";"12";"2023";"12:57";"1";"78";"78640";"1";"1";"1";"2";"N118";"48,78134200";"2,22281200"
"202300044353";"29";"08";"2023";"07:49";"1";"94";"94046";"2";"2";"1";"3";"Rue du 11 Novembre 1918";"48,80764100";"2,43552900"
"202300044354";"30";"08";"2023";"12:50";"1";"94";"94065";"2";"1";"1";"3";"N186";"48,75390000";"2,35361000"
"202300044355";"5";"04";"2023";"22:55";"3";"01";"01004";"2";"2";"1";"3";"Avenue de la Libération";"45,95720300";"5,33313800"
"202300044356";"6";"12";"2023";"11:53";"1";"78";"78073";"1";"1";"1";"4";"RN12";"48,79827500";"2,00761100"
"202300044357";"30";"08";"2023";"21:05";"5";"94";"94075";"2";"3";"1";"3";"Rue de Mandres";"48,71219100";"2,53864600"
"202300044358";"30";"08";"2023";"10:30";"1";"95";"95527";"1";"1";"2";"6";"NOYER AU CHAT (ROUTE DU)";"49,00034000";"2,52512000"
"202300044359";"6";"12";"2023";"18:40";"3";"93";"93027";"1";"1";"1";"3";"AUTOROUTE A1";"48,93724000";"2,41078000"
"202300044360";"30";"08";"2023";"09:50";"1";"93";"93066";"2";"1";"1";"6";"Avenue du Président Wilson";"48,91411000";"2,35827000"
"202300044361";"4";"04";"2023";"19:20";"1";"67";"67103";"1";"3";"1";"5";"intersection  D133/D633";"48,80961900";"7,42248800"
"202300044362";"30";"08";"2023";"19:00";"1";"93";"93055";"2";"9";"1";"6";"Avenue du Général Leclerc";"48,90101187";"2,41194963"
"202300044363";"4";"04";"2023";"20:00";"3";"973";"97353";"2";"1";"3";"6";"Route Abdalah";"3,63980861";" -54,04297113"
"202300044364";"29";"08";"2023";"14:50";"1";"93";"93027";"2";"1";"1";"3";"Avenue Paul Vaillant Couturier";"48,91884496";"2,40846813"
"202300044365";"6";"12";"2023";"14:25";"1";"95";"95572";"1";"1";"1";"4";"N184";"49,03555020";"2,11701020"
"202300044366";"5";"04";"2023";"22:00";"3";"41";"41194";"1";"1";"1";"7";"Route de Theillay";"47,35462600";"1,77669500"
"202300044367";"7";"12";"2023";"17:30";"2";"77";"77121";"1";"1";"1";"2";"A4";"48,83160810";"2,67912271"
"202300044368";"27";"08";"2023";"16:00";"1";"92";"92078";"2";"1";"1";"3";"GALLIENI (BD) (153 ET 225)";"48,93047994";"2,33211422"
"202300044369";"5";"04";"2023";"11:00";"1";"49";"49092";"2";"6";"7";"3";"Rue des Venelles (Chemillé)";"47,21403300";" -0,72802100"
"202300044370";"7";"12";"2023";"08:30";"1";"77";"77373";"1";"1";"1";"6";"RN104";"48,77928728";"2,61536001"
"202300044371";"30";"08";"2023";"12:25";"1";"92";"92064";"2";"2";"1";"6";"REPUBLIQUE";"48,84687993";"2,21421272"
"202300044372";"30";"08";"2023";"13:05";"1";"92";"92062";"2";"9";"1";"3";"CIRCULAIRE (boulevard)";"48,88710242";"2,24221051"
"202300044373";"16";"07";"2023";"17:00";"1";"44";"44168";"2";"1";"1";"1";"21 Rue Laënnec";"47,38703300";" -2,20406500"
"202300044374";"29";"08";"2023";"14:50";"1";"92";"92051";"2";"9";"1";"3";"VILLIERS (RUE DE, N° 21 A 59)";"48,88781918";"2,28215665"
"202300044375";"30";"08";"2023";"15:15";"1";"92";"92049";"2";"9";"1";"6";"DORMOY AVENUE MARX N°2 A 100";"48,80990000";"2,31719000"
"202300044376";"30";"09";"2023";"23:00";"3";"74";"74301";"2";"1";"1";"6";"Route du col du perret";"46,21366800";"6,43891600"
"202300044377";"8";"10";"2023";"18:15";"1";"74";"74043";"1";"1";"1";"6";"Route de berry";"46,26579000";"6,34726500"
"202300044378";"30";"08";"2023";"15:18";"1";"92";"92032";"2";"6";"1";"1";"MOUILLEBOEUFS (CARREFOUR DES)";"48,78379325";"2,28225052"
"202300044379";"2";"10";"2023";"18:45";"1";"74";"74256";"1";"1";"1";"2";"A40";"45,94976245";"6,63716961"
"202300044380";"30";"08";"2023";"11:55";"1";"92";"92012";"2";"1";"1";"2";"ANATOLE FRANCE (BOULEVARD) 1/4BIS";"48,85051912";"2,23675311"
"202300044381";"4";"10";"2023";"07:30";"1";"13";"13039";"1";"1";"1";"3";"ROUTE NATIONALE 569";"43,46936000";"4,93865000"
"202300044382";"31";"08";"2023";"06:45";"2";"2A";"2A349";"1";"1";"1";"1";"T40";"41,67945100";"8,92830100"
"202300044383";"30";"08";"2023";"19:50";"2";"43";"43185";"2";"1";"1";"6";"Avenue de Grande Bretagne";"45,40680800";"3,32328900"
"202300044384";"6";"12";"2023";"19:05";"5";"988";"98818";"2";"3";"1";"3";"RUE ARMAND OHLEN/RUE JULES VERNE";" -22,26321000";"166,46341000"
"202300044385";"30";"08";"2023";"22:24";"3";"95";"95116";"1";"1";"1";"6";"D924";"49,16062500";"2,32851700"