"Num_Acc";"jour";"mois";"an";"hrmn";"lum";"dep";"com";"agg";"int";"atm";"col";"adr";"lat";"long"
"202300044779";"10";"01";"2023";"14:35";"1";"75";"75108";"2";"7";"2";"2";"PLACE CHARLES DE GAULLE";"48,87329402";"2,29553640"
"202300044780";"21";"07";"2023";"18:05";"1";"22";"22030";"2";"1";"1";"7";"Hent park bihan";"48,70591200";" -3,37403100"
"202300044781";"1";"10";"2023";"18:30";"1";"13";"13001";"2";"1";"1";"3";"GALICE (RTE)";"43,52842000";"5,42810000"
"202300044782";"9";"01";"2023";"22:30";"5";"75";"75108";"2";"2";"1";"3";"RUE DU FAUBOURG SAINT HONORE";"48,87283700";"2,31077900"
"202300044783";"1";"10";"2023";"11:47";"1";"10";"10325";"2";"2";"7";"3";"ECHENILLY (RUE)";"48,26493000";"4,04135000"
"202300044784";"22";"07";"2023";"19:39";"1";"25";"25029";"1";"3";"1";"3";"N57";"47,03333400";"6,33525400"
"202300044785";"1";"10";"2023";"02:04";"5";"08";"08105";"2";"9";"1";"7";"RN 43";"49,74061000";"4,70940000"
"202300044786";"10";"01";"2023";"08:35";"2";"75";"75107";"2";"2";"8";"3";"RUE DE BELLECHASSE";"48,85647200";"2,32109400"
"202300044787";"29";"09";"2023";"17:23";"1";"05";"05061";"2";"1";"1";"6";"DOCTEUR AYASSE ( RUE DU )";"44,56306000";"6,09008000"
"202300044788";"21";"07";"2023";"20:15";"1";"29";"29162";"1";"3";"1";"3";"Garzaleg";"48,23963400";" -4,02059400"
"202300044789";"9";"01";"2023";"00:40";"5";"75";"75104";"2";"3";"1";"7";"BOULEVARD MORLAND";"48,84746005";"2,36554205"
"202300044790";"21";"07";"2023";"07:45";"1";"31";"31345";"1";"6";"1";"3";"D12c";"43,38544500";"1,42540900"
"202300044791";"30";"09";"2023";"05:55";"3";"04";"04070";"1";"4";"1";"6";"chaffaut ( route du )";"44,06250000";"6,17952000"
"202300044792";"10";"01";"2023";"10:10";"1";"94";"94081";"2";"2";"2";"3";"Avenue Paul Vaillant Couturier / Rue Henri Poincaré";"48,79603000";"2,39810000"
"202300044793";"1";"10";"2023";"12:40";"1";"75";"75116";"2";"1";"1";"2";"PORTE D AUTEUIL";"48,84408500";"2,25468100"
"202300044794";"21";"07";"2023";"18:49";"1";"01";"01267";"2";"2";"1";"3";"Route du Berthiand";"46,18742200";"5,52347800"
"202300044795";"22";"07";"2023";"10:20";"1";"66";"66146";"1";"1";"1";"1";"N20";"42,51213900";"1,82725500"
"202300044796";"10";"01";"2023";"18:30";"5";"94";"94046";"2";"2";"2";"1";"PROFESSEUR CADIOT (AV DU)";"48,80453000";"2,43243000"
"202300044797";"1";"10";"2023";"00:20";"5";"75";"75117";"2";"2";"1";"5";"PORTE D ASNIERES";"48,89225700";"2,30094300"
"202300044798";"1";"10";"2023";"00:55";"3";"75";"75119";"2";"2";"1";"1";"RUE SIGMUND FREUD";"48,88597700";"2,39809300"
"202300044799";"22";"07";"2023";"17:20";"1";"54";"54398";"1";"2";"1";"3";"D20";"48,52017184";"6,88531637"
"202300044800";"10";"01";"2023";"08:35";"1";"94";"94073";"2";"3";"1";"2";"Rue Louis Duperrey / Rue Claude Monet";"48,76824000";"2,38893000"
"202300044801";"21";"07";"2023";"14:45";"1";"72";"72090";"1";"1";"1";"7";"Rue de la Jatterie";"48,05098300";"0,48592000"
"202300044802";"10";"01";"2023";"07:55";"5";"94";"94034";"2";"1";"2";"6";"40 Boulevard Pasteur";"48,75684000";"2,31540000"
"202300044803";"1";"10";"2023";"05:55";"5";"75";"75117";"2";"3";"1";"2";"PLACE GENERAL CATROUX";"48,88305500";"2,31046200"
"202300044804";"22";"07";"2023";"11:00";"1";"05";"05029";"1";"1";"1";"3";"D944";"44,64697900";"6,18223400"
"202300044805";"1";"10";"2023";"16:00";"1";"75";"75116";"2";"3";"1";"6";"AVENUE DU PARC DES PRINCES";"48,83996300";"2,25458400"
"202300044806";"10";"01";"2023";"08:47";"1";"94";"94028";"2";"3";"8";"6";"Rue Andre Charles Boulle";"48,79476000";"2,44496000"
"202300044807";"1";"10";"2023";"21:50";"3";"75";"75115";"2";"7";"1";"2";"PLACE DES INSURGES DE VARSOVIE";"48,82756300";"2,29211600"
"202300044808";"22";"07";"2023";"09:05";"1";"43";"43200";"2";"3";"1";"2";"Route du Pertuis";"45,04151900";"4,06080000"
"202300044809";"9";"01";"2023";"16:50";"1";"94";"94028";"2";"3";"2";"2";"108 Rue du Général Leclerc / Rue du Moulin Berson";"48,78764141";"2,46799573"
"202300044810";"22";"07";"2023";"10:25";"1";"43";"43173";"1";"1";"1";"6";"RD32";"44,83461500";"3,73198300"
"202300044811";"1";"10";"2023";"04:09";"5";"75";"75113";"2";"2";"1";"2";"QUAI D AUSTERLITZ";"48,84188400";"2,36788000"
"202300044812";"1";"10";"2023";"08:55";"1";"94";"94081";"2";"6";"1";"6";"126 Rue Léon Geffroy";"48,78350000";"2,40769000"
"202300044813";"21";"07";"2023";"18:10";"1";"16";"16001";"1";"1";"1";"1";"D729";"46,06645700";"0,69448800"
"202300044814";"1";"10";"2023";"06:40";"5";"94";"94078";"2";"1";"1";"2";"190 Rue de Paris";"48,73878200";"2,44659100"
"202300044815";"10";"01";"2023";"16:00";"2";"94";"94022";"2";"7";"2";"6";"Avenue Jean Jaurès / Avenue Léon Gourdault";"48,76440755";"2,40617537"
"202300044816";"22";"07";"2023";"16:20";"1";"16";"16282";"1";"1";"1";"7";"Route de la Bellonne";"45,81408500";"0,31193000"
"202300044817";"1";"10";"2023";"02:00";"5";"94";"94033";"2";"9";"1";"6";"Avenue de la République";"48,85240283";"2,46298242"
"202300044818";"21";"07";"2023";"19:45";"1";"07";"07039";"1";"1";"1";"7";"Chemin de Gachet le Haut";"45,05804700";"4,61696100"
"202300044819";"10";"01";"2023";"20:10";"5";"94";"94017";"2";"1";"2";"2";"Avenue du Général de Gaulle";"48,82429700";"2,49860600"
"202300044820";"30";"09";"2023";"12:45";"1";"94";"94022";"2";"1";"1";"3";"AVENUE LOUIS LUC";"48,76249572";"2,41336960"
"202300044821";"22";"07";"2023";"12:40";"1";"85";"85084";"2";"2";"1";"3";"Avenue saint-hubert";"46,77080800";" -1,23378600"
"202300044822";"1";"10";"2023";"04:10";"5";"94";"94017";"2";"1";"1";"1";"Avenue Paul Lafargue";"48,81478000";"2,55956000"
"202300044823";"10";"01";"2023";"06:50";"5";"94";"94004";"2";"3";"2";"3";"Avenue du Général Leclerc";"48,75443884";"2,50595784"
"202300044824";"13";"07";"2023";"16:55";"1";"27";"27198";"2";"2";"1";"3";"avenue du Lieutenant Morin // rue de Verdun, DAMVILLE";"48,87056200";"1,07609200"
"202300044825";"1";"10";"2023";"16:00";"1";"93";"93059";"2";"1";"1";"1";"Rue Parmentier";"48,96885500";"2,37434331"
"202300044826";"10";"01";"2023";"10:20";"1";"94";"94002";"2";"9";"2";"3";"Quai Jean-baptiste Clément / Rue du Port à l'Anglais";"48,79819300";"2,42064500"
"202300044827";"1";"10";"2023";"02:10";"5";"93";"93070";"2";"1";"1";"3";"Rue du Docteur Bauer";"48,91025305";"2,33783791"
"202300044828";"22";"07";"2023";"12:30";"1";"23";"23093";"2";"2";"1";"3";"Rue Henri Beaune";"46,19216700";"2,24040600"
"202300044829";"10";"01";"2023";"12:10";"1";"93";"93048";"2";"3";"2";"6";"Rue de la Nouvelle France / Boulevard Théophile Sueur";"48,86086000";"2,46619000"
"202300044830";"1";"10";"2023";"20:45";"5";"93";"93029";"2";"1";"1";"3";"Avenue Jean Jaurès";"48,92102177";"2,44915821"
"202300044831";"22";"07";"2023";"15:49";"1";"48";"48039";"1";"3";"1";"1";"N88";"44,47238800";"3,34432300"
"202300044832";"10";"01";"2023";"09:57";"1";"93";"93048";"2";"1";"2";"6";"Boulevard Aristide Briand";"48,87349700";"2,45400100"
"202300044833";"1";"10";"2023";"14:30";"1";"93";"93029";"2";"3";"1";"7";"Rue Marcellin Berthelot / Rue Gabriel Puech";"48,91997200";"2,44606100"
"202300044834";"21";"07";"2023";"19:00";"1";"01";"01274";"1";"1";"1";"6";"A40 PK 116+500";"46,15174300";"5,64270300"
"202300044835";"1";"10";"2023";"10:50";"1";"93";"93027";"2";"2";"1";"6";"Rue du Docteur Roux / Rue Voltaire";"48,92478000";"2,40663000"
"202300044836";"10";"01";"2023";"07:25";"2";"93";"93048";"2";"2";"8";"1";"Boulevard Aristide Briand / Rue Saint-Denis";"48,87308000";"2,45370000"
"202300044837";"21";"07";"2023";"21:06";"2";"95";"95042";"2";"3";"1";"6";"D909";"49,05384900";"2,33411700"
"202300044838";"1";"10";"2023";"12:55";"1";"93";"93010";"2";"2";"1";"3";"Avenue Galliéni / Avenue Pasteur";"48,90705000";"2,48875500"
"202300044839";"21";"07";"2023";"19:55";"2";"01";"01024";"1";"1";"1";"6";"Péage Bour Nord A40";"46,25986000";"5,16799400"
"202300044840";"9";"01";"2023";"19:30";"5";"93";"93029";"2";"1";"2";"3";"21 Rue Roger Salengro";"48,92033554";"2,43966155"
"202300044841";"1";"10";"2023";"15:45";"1";"93";"93008";"2";"3";"1";"6";"Rue Pierre Sémard / Rue de Carency";"48,91130000";"2,44659000"
"202300044842";"9";"01";"2023";"18:00";"5";"93";"93047";"2";"1";"2";"1";"Boulevard de l'Europe";"48,89457000";"2,57573000"
"202300044843";"1";"10";"2023";"11:40";"1";"93";"93005";"2";"1";"1";"1";"Avenue de Pomereu";"48,92384678";"2,49376286"
"202300044844";"1";"10";"2023";"19:55";"5";"92";"92073";"2";"1";"1";"6";"CHERCHEVETS (RUE DES)";"48,87912000";"2,22219000"
"202300044845";"10";"01";"2023";"18:30";"5";"92";"92048";"2";"1";"2";"6";"GEORGES MILLANDY (RUE)";"48,78526569";"2,23274052"
"202300044846";"21";"07";"2023";"20:35";"2";"18";"18063";"1";"2";"1";"3";"Coudron";"46,86199600";"2,41919700"
"202300044847";"1";"10";"2023";"18:40";"1";"92";"92033";"2";"1";"1";"3";"PORTE JAUNE";"48,84532000";"2,19808000"
"202300044848";"8";"01";"2023";"23:30";"5";"92";"92044";"2";"2";"1";"3";"CARNOT(RUE)1A41 ET 2A36";"48,88938892";"2,28889525"
"202300044849";"21";"07";"2023";"01:40";"3";"49";"49284";"1";"1";"1";"2";"A 11 pk 285";"47,43447400";" -0,81556300"
"202300044850";"1";"10";"2023";"16:55";"1";"92";"92049";"2";"2";"1";"3";"PERI RUE GABRIEL N°1 A 35";"48,81752169";"2,32543409"
"202300044851";"10";"01";"2023";"11:30";"1";"92";"92036";"2";"1";"1";"4";"MOLE CENTRAL (ROUTE DU)";"48,94237052";"2,28392673"
"202300044852";"1";"10";"2023";"15:45";"1";"92";"92026";"2";"1";"1";"4";"MARECHAL JOFFRE (QUAI DU)";"48,89723993";"2,26617193"
"202300044853";"22";"07";"2023";"04:00";"3";"11";"11170";"1";"6";"1";"1";"N/A";"43,11917800";"3,11217800"
"202300044854";"9";"01";"2023";"20:30";"5";"92";"92025";"2";"3";"1";"3";"ESTIENNE D'ORVES (RUE)";"48,92232700";"2,24927000"
"202300044855";"30";"09";"2023";"19:30";"2";"92";"92024";"2";"1";"1";"2";"GENERAL LECLERC (RUE DU) DE (59 ET PLUS)";"48,91057916";"2,30602831"
"202300044856";"19";"07";"2023";"10:10";"1";"971";"97103";"1";"1";"1";"3";"Lieu Dit Chantilly";"16,23758500";" -61,61535100"
"202300044857";"10";"01";"2023";"07:15";"5";"92";"92007";"2";"1";"1";"2";"DORMOY (AVENUE MARX)";"48,81064310";"2,30802637"
"202300044858";"1";"10";"2023";"14:00";"1";"92";"92019";"1";"5";"1";"3";"AVENUE GALILEE";"48,77205000";"2,24496000"
"202300044859";"20";"06";"2023";"16:40";"1";"971";"97103";"2";"3";"1";"3";"rue henri becquerel prolongée";"16,24509900";" -61,57093400"
"202300044860";"11";"01";"2023";"05:30";"3";"83";"83058";"1";"1";"1";"6";"D557";"43,54348900";"6,36036800"
"202300044861";"1";"10";"2023";"19:20";"2";"92";"92004";"2";"1";"1";"6";"CHATEAU ( RUE DU )";"48,91095523";"2,29510278"
"202300044862";"2";"10";"2023";"18:00";"1";"34";"34314";"1";"1";"1";"1";"D17";"43,74327800";"3,86313900"
"202300044863";"9";"01";"2023";"17:10";"1";"22";"22375";"1";"1";"1";"4";"Le Quinquis";"48,61041300";" -2,96047700"
"202300044864";"22";"07";"2023";"12:34";"1";"76";"76319";"1";"1";"1";"2";"A13";"49,33855300";"0,98306200"
"202300044865";"2";"10";"2023";"00:40";"3";"35";"35145";"2";"3";"1";"6";"La Monnerais";"47,73984300";" -1,84703400"
"202300044866";"11";"01";"2023";"06:30";"5";"22";"22372";"1";"1";"8";"1";"D706";"48,53369000";" -2,85261800"
"202300044867";"18";"07";"2023";"21:45";"5";"34";"34324";"2";"2";"1";"3";"Boulevard Michelet";"43,24551100";"3,28996000"
"202300044868";"2";"10";"2023";"07:10";"3";"60";"60403";"1";"1";"1";"3";"55 Rue de Dieppe";"49,50584400";"1,98642300"
"202300044869";"11";"01";"2023";"00:30";"3";"31";"31113";"2";"1";"1";"6";"73 Chemin de Halage";"43,51722300";"1,52034600"
"202300044870";"18";"07";"2023";"16:00";"1";"34";"34182";"1";"1";"1";"3";"RD13";"43,41299100";"3,41438900"
"202300044871";"24";"09";"2023";"17:40";"1";"12";"12263";"1";"6";"1";"3";"D 926";"44,34957000";"1,97000700"
"202300044872";"10";"01";"2023";"08:10";"2";"57";"57232";"1";"1";"1";"1";"D22";"48,97940400";"6,79808600"
"202300044873";"21";"07";"2023";"19:56";"1";"83";"83113";"1";"1";"1";"3";"Route de Vinon";"43,69962000";"5,88777100"
"202300044874";"1";"10";"2023";"20:20";"3";"83";"83072";"1";"1";"1";"1";"D 48";"43,45791900";"6,38726200"
"202300044875";"11";"01";"2023";"14:00";"1";"81";"81052";"1";"1";"2";"6";"D999 - PK 29+750";"43,91820620";"2,26578690"
"202300044876";"11";"07";"2023";"20:45";"2";"05";"05063";"1";"1";"1";"6";"Rd 1091";"45,03904604";"6,25208558"
"202300044877";"11";"01";"2023";"03:15";"3";"21";"21247";"1";"1";"2";"6";"Autoroute A6 - PK 223+800";"47,48337682";"4,17194566"
"202300044878";"2";"10";"2023";"07:38";"1";"86";"86258";"1";"2";"1";"3";"D725";"46,81295400";"0,40059300"
"202300044879";"22";"07";"2023";"15:50";"1";"89";"89108";"1";"1";"1";"6";"N/A";"47,77013800";"3,72436500"
"202300044880";"21";"07";"2023";"18:40";"1";"03";"03056";"1";"1";"1";"6";"La Chapelle";"46,09057411";"3,59814121"
"202300044881";"2";"10";"2023";"17:25";"1";"31";"31273";"2";"3";"1";"3";"Route de St Pierre";"43,69353100";"1,50235900"
"202300044882";"11";"01";"2023";"18:45";"3";"22";"22030";"1";"1";"1";"5";"RD767 PR48+000";"48,70203900";" -3,37782400"
"202300044883";"1";"10";"2023";"12:10";"1";"84";"84069";"1";"4";"1";"1";"D938";"44,19625300";"5,11769200"
"202300044884";"22";"07";"2023";"05:40";"2";"69";"69019";"1";"1";"1";"1";"Avenue de l'Europe";"46,11432500";"4,73541000"
"202300044885";"7";"01";"2023";"20:30";"3";"19";"19274";"1";"1";"2";"1";"D170e1 - Le Pont";"45,19336969";"1,49494076"
"202300044886";"22";"07";"2023";"11:40";"1";"85";"85236";"1";"1";"1";"6";"RD55";"46,64506420";" -1,70645030"
"202300044887";"9";"01";"2023";"15:00";"1";"56";"56244";"1";"1";"2";"6";"La Garenne";"47,85569000";" -2,45999000"
"202300044888";"1";"10";"2023";"11:30";"1";"31";"31454";"2";"1";"1";"2";"Route de Bérat";"43,41176200";"1,12905700"
"202300044889";"27";"09";"2023";"16:00";"1";"57";"57086";"1";"1";"1";"7";"D27";"48,80342700";"6,89642600"
"202300044890";"21";"07";"2023";"19:05";"1";"22";"22273";"1";"2";"1";"3";"Le Puits Merpault";"48,57109100";" -2,48499700"
"202300044891";"1";"10";"2023";"19:20";"2";"10";"10391";"2";"1";"1";"7";"D99";"48,37111900";"4,12815600"
"202300044892";"10";"01";"2023";"16:40";"1";"63";"63106";"2";"2";"1";"3";"Rue Henri Nenot";"45,74862000";"3,28689700"
"202300044893";"30";"09";"2023";"20:50";"5";"83";"83152";"2";"1";"1";"7";"Avenue du Colonel Bouvet";"43,15999700";"6,46698800"
"202300044894";"2";"10";"2023";"05:40";"3";"67";"67478";"1";"3";"1";"1";"D1404";"48,75947100";"7,39323600"
"202300044895";"11";"01";"2023";"11:35";"1";"12";"12154";"1";"1";"2";"7";"D999";"43,87811397";"2,79882100"
"202300044896";"20";"07";"2023";"23:20";"3";"13";"13071";"1";"1";"1";"2";"A7-Sens Marseille vers Lyon";"43,40700000";"5,32793000"
"202300044897";"1";"10";"2023";"16:20";"1";"22";"22020";"1";"1";"1";"2";"RN12";"48,32471000";" -2,25681000"
"202300044898";"11";"01";"2023";"07:55";"2";"68";"68291";"1";"3";"2";"3";"D47";"47,86095515";"7,48740435"
"202300044899";"2";"10";"2023";"08:00";"2";"2B";"2B009";"1";"1";"1";"6";"D343";"42,08349300";"9,47330500"
"202300044900";"21";"07";"2023";"15:40";"1";"13";"13202";"1";"1";"1";"2";"A55-Sens Martigues vers Marseille";"43,33621604";"5,35158534"
"202300044901";"10";"01";"2023";"19:40";"3";"31";"31334";"1";"1";"1";"1";"Ancienne Route de Lavernose";"43,38415000";"1,28054600"
"202300044902";"21";"07";"2023";"06:45";"1";"13";"13085";"1";"1";"1";"6";"A50-Sens Toulon vers Aubagne";"43,26374800";"5,58835500"
"202300044903";"29";"09";"2023";"10:49";"1";"34";"34270";"2";"3";"1";"6";"Rue des Rouderes";"43,57323600";"3,82716900"
"202300044904";"10";"01";"2023";"20:25";"3";"54";"54546";"1";"1";"2";"6";"RD952";"48,96901967";"6,03072166"
"202300044905";"20";"07";"2023";"14:38";"1";"13";"13005";"1";"1";"1";"7";"A50 - Sens Aubagne vers Marseille";"43,27700000";"5,58700000"
"202300044906";"1";"10";"2023";"16:15";"1";"56";"56171";"1";"1";"1";"3";"La Prince Coquette";"47,72674500";" -2,34510900"
"202300044907";"1";"10";"2023";"10:00";"1";"2B";"2B126";"1";"1";"1";"7";"T50";"42,19442200";"9,36039900"
"202300044908";"10";"01";"2023";"10:30";"1";"14";"14431";"2";"3";"2";"3";"32 Avenue Jean Jaurès";"49,07633800";" -0,06457200"
"202300044909";"19";"07";"2023";"16:35";"1";"13";"13028";"1";"1";"1";"7";"A50";"43,19343900";"5,66751200"
"202300044910";"1";"10";"2023";"16:50";"1";"82";"82134";"2";"1";"1";"2";"1630 Vieille Route de Saint-Etienne";"44,06290100";"1,50662900"
"202300044911";"17";"06";"2023";"01:35";"3";"83";"83062";"1";"1";"1";"2";"A57";"43,14375000";"6,02357000"
"202300044912";"10";"01";"2023";"18:45";"5";"60";"60513";"2";"3";"2";"1";"Rue du Havre";"49,20410500";"2,37621700"
"202300044913";"1";"10";"2023";"18:50";"1";"32";"32414";"1";"1";"1";"1";"D25";"43,69442300";" -0,06749500"
"202300044914";"21";"07";"2023";"21:10";"1";"33";"33550";"1";"9";"1";"6";"ROCADE A 630";"44,78773403";" -0,54101229"
"202300044915";"11";"01";"2023";"12:50";"1";"60";"60029";"1";"9";"1";"3";"D981";"49,37453200";"1,99032700"
"202300044916";"21";"07";"2023";"20:30";"2";"91";"91477";"1";"1";"1";"6";"AUTOROUTE A126";"48,72232000";"2,24931000"
"202300044917";"29";"09";"2023";"15:50";"1";"11";"11090";"1";"1";"1";"3";"N/A";"43,10522900";"2,25287300"
"202300044918";"1";"10";"2023";"14:20";"1";"63";"63236";"1";"1";"1";"7";"RD 996";"45,59395100";"2,83335700"
"202300044919";"8";"01";"2023";"18:25";"3";"53";"53218";"1";"2";"2";"2";"chemin de poille";"48,18054800";" -0,38579200"
"202300044920";"21";"07";"2023";"19:00";"1";"91";"91216";"1";"1";"1";"3";"AUTOROUTE A6";"48,67870000";"2,33389000"
"202300044921";"11";"01";"2023";"01:30";"3";"04";"04137";"1";"1";"9";"7";"D951";"44,29110300";"6,02628500"
"202300044922";"21";"07";"2023";"14:10";"1";"93";"93053";"1";"1";"1";"3";"AUTOROUTE A3";"48,89292727";"2,47244859"
"202300044923";"10";"01";"2023";"14:20";"1";"87";"87018";"1";"1";"2";"6";"Rulières";"46,05804500";"1,06239100"
"202300044924";"1";"10";"2023";"18:15";"1";"61";"61456";"2";"1";"1";"5";"D926B";"48,76149300";"0,66406100"
"202300044925";"21";"07";"2023";"12:10";"1";"93";"93010";"1";"1";"1";"2";"AUTOROUTE A3";"48,88893243";"2,47376801"
"202300044926";"10";"01";"2023";"17:05";"1";"49";"49381";"2";"3";"2";"3";"Rue Pierre de Romans";"47,02032300";" -0,70430000"
"202300044927";"21";"07";"2023";"08:15";"1";"93";"93005";"1";"1";"1";"3";"AUTOROUTE A1";"48,95880000";"2,46452000"
"202300044928";"28";"09";"2023";"14:25";"1";"49";"49125";"1";"1";"1";"2";"D761";"47,18065600";" -0,24294400"
"202300044929";"11";"01";"2023";"07:12";"2";"01";"01196";"1";"6";"1";"1";"D975";"46,34913100";"5,12550300"
"202300044930";"20";"07";"2023";"20:20";"1";"92";"92036";"1";"1";"1";"3";"AUTOROUTE A15";"48,93788866";"2,29766722"
"202300044931";"30";"09";"2023";"10:00";"1";"35";"35361";"2";"1";"1";"2";"Rue de la Grève";"48,60324600";" -1,77636000"
"202300044932";"10";"01";"2023";"17:00";"1";"66";"66195";"2";"1";"1";"3";"";"42,68305966";"2,80173484"
"202300044933";"20";"07";"2023";"13:15";"1";"93";"93066";"1";"1";"1";"2";"AUTOROUTE A1";"48,91952000";"2,35729000"
"202300044934";"1";"10";"2023";"16:00";"1";"02";"02360";"2";"1";"1";"6";"28 Rue de Proviseux (Guignicourt)";"49,43857700";"3,97203200"
"202300044935";"3";"01";"2023";"07:40";"1";"06";"06085";"2";"1";"1";"6";"Chemin des Campelieres";"43,58059700";"7,00696400"
"202300044936";"21";"07";"2023";"15:20";"1";"94";"94017";"1";"1";"1";"2";"A4";"48,82665078";"2,51617424"
"202300044937";"10";"01";"2023";"23:00";"3";"59";"59312";"1";"1";"2";"6";"A26 PK 148+500";"50,01408160";"3,17185904"
"202300044938";"1";"10";"2023";"12:43";"1";"15";"15262";"1";"2";"1";"3";"D921";"45,00642800";"3,04349200"
"202300044939";"21";"07";"2023";"06:50";"1";"77";"77450";"1";"1";"2";"7";"RN104";"48,71727400";"2,59912500"
"202300044940";"8";"01";"2023";"22:00";"5";"974";"97408";"2";"9";"1";"6";"61 Rue Pablo Neruda";" -20,95038800";"55,33161200"
"202300044941";"1";"10";"2023";"11:00";"1";"01";"01240";"1";"1";"1";"1";"D18";"46,26224100";"5,55252100"
"202300044942";"10";"01";"2023";"17:05";"1";"971";"97118";"1";"1";"8";"3";"Route nationale 1";"16,22749000";" -61,59334700"
"202300044943";"20";"07";"2023";"23:20";"3";"94";"94073";"1";"1";"1";"2";"A86";"48,76965561";"2,38000814"
"202300044944";"27";"09";"2023";"14:35";"1";"14";"14514";"2";"6";"1";"3";"17 Rue Laplace";"49,28506025";"0,20498998"
"202300044945";"20";"07";"2023";"10:40";"1";"976";"97611";"2";"1";"1";"6";"tsoundzou-Bamcolo (rue)";" -12,81141000";"45,20284000"
"202300044946";"11";"01";"2023";"09:39";"1";"77";"77077";"1";"3";"1";"1";"D38";"48,99931900";"2,87911800"
"202300044947";"20";"07";"2023";"22:00";"5";"974";"97416";"1";"1";"1";"6";"ARCHAMBAUD 400 (CHEMIN)";" -21,29361000";"55,50587000"
"202300044948";"2";"10";"2023";"16:50";"1";"05";"05046";"2";"1";"1";"6";"Boulevard Pasteur";"44,56454900";"6,49395000"
"202300044949";"10";"01";"2023";"16:45";"1";"06";"06091";"1";"1";"1";"1";"2182 Route des Clues";"43,80622600";"7,38071200"
"202300044950";"29";"09";"2023";"18:15";"1";"40";"40230";"1";"1";"1";"1";"D425";"43,81080900";" -0,89332600"
"202300044951";"10";"01";"2023";"18:30";"3";"06";"06057";"1";"1";"1";"6";"920 Route du Col de Nice";"43,82441730";"7,35181970"
"202300044952";"16";"07";"2023";"20:30";"5";"974";"97411";"2";"6";"1";"2";"JAURES (BLD 1 JEAN)";" -20,89965000";"55,47956000"
"202300044953";"26";"09";"2023";"09:50";"1";"27";"27587";"2";"1";"1";"2";"D47";"49,29538700";"0,65153000"
"202300044954";"11";"01";"2023";"07:50";"3";"54";"54215";"2";"1";"2";"6";"Rue de l'Hôtel de Ville";"48,76100700";"6,12963900"
"202300044955";"20";"07";"2023";"21:00";"5";"973";"97302";"2";"1";"1";"2";"BRUTUS (CITE)";"4,93740984";" -52,31853873"
"202300044956";"11";"01";"2023";"17:10";"1";"69";"69024";"1";"9";"8";"1";"Route de Theize";"45,94731631";"4,59368825"
"202300044957";"20";"07";"2023";"10:53";"1";"972";"97209";"1";"1";"1";"2";"CHATEAUBOEUF (ROUTE DE)";"14,61770000";" -61,04615000"
"202300044958";"29";"09";"2023";"14:35";"1";"17";"17038";"1";"1";"1";"4";"N10";"45,16923600";" -0,33623600"
"202300044959";"11";"01";"2023";"07:55";"5";"44";"44047";"2";"1";"8";"6";"39 Boulevard des Martyrs de la Résistance";"47,21256500";" -1,71291700"
"202300044960";"19";"07";"2023";"12:20";"1";"972";"97209";"2";"1";"1";"6";"BALATA (ROUTE DE)";"14,62080000";" -61,06985000"
"202300044961";"29";"09";"2023";"18:10";"1";"30";"30133";"2";"6";"1";"2";"D62";"43,56883000";"4,11264500"
"202300044962";"11";"01";"2023";"14:00";"1";"80";"80561";"2";"2";"7";"1";"Croisement D 329 D 935";"49,65150500";"2,56821500"
"202300044963";"1";"10";"2023";"09:25";"1";"24";"24357";"1";"1";"1";"6";"Tabardine";"44,79177400";"0,45408700"
"202300044964";"20";"07";"2023";"16:40";"1";"971";"97113";"1";"9";"1";"3";"RN4 - SECTION RIVIERA";"16,21230000";" -61,47560000"
"202300044965";"19";"07";"2023";"18:33";"1";"2A";"2A004";"2";"2";"1";"3";"SAINTE LUCIE RUE";"41,92775000";"8,73790000"
"202300044966";"1";"10";"2023";"17:50";"2";"988";"98805";"2";"1";"1";"1";"route de Koe prolongee";" -22,14030000";"166,47862900"
"202300044967";"10";"01";"2023";"18:20";"3";"59";"59137";"2";"3";"2";"3";"Rue du Collège";"50,07415340";"3,64222124"
"202300044968";"9";"01";"2023";"16:15";"1";"13";"13015";"1";"1";"1";"2";"A51-Sens Aix en Provence vers Marseille";"43,42805096";"5,38625396"
"202300044969";"2";"10";"2023";"05:50";"3";"13";"13074";"1";"1";"1";"2";"A51 - PK 043.500";"43,65694300";"5,59581800"
"202300044970";"9";"01";"2023";"20:05";"3";"13";"13071";"1";"1";"1";"2";"A7-Sens Lyon vers Marseille";"43,40816732";"5,28796136"
"202300044971";"10";"01";"2023";"18:15";"3";"33";"33080";"1";"1";"1";"4";"AUTOROUTE A 62";"44,72728000";" -0,52785000"
"202300044972";"19";"07";"2023";"12:30";"1";"91";"91161";"2";"1";"1";"6";"AV MAZARIN";"48,70729000";"2,31165000"
"202300044973";"10";"01";"2023";"06:45";"5";"33";"33397";"1";"1";"1";"2";"AUTOROUTE A10";"44,91192200";" -0,48469200"
"202300044974";"2";"10";"2023";"07:15";"1";"973";"97309";"2";"3";"1";"2";"Avenue Leon Gontran Damas";"4,88373200";" -52,28710600"
"202300044975";"20";"07";"2023";"15:50";"1";"91";"91223";"1";"9";"1";"2";"R.D.20";"48,42748000";"2,15378000"