"Num_Acc";"jour";"mois";"an";"hrmn";"lum";"dep";"com";"agg";"int";"atm";"col";"adr";"lat";"long"
"202300044976";"19";"07";"2023";"17:45";"1";"91";"91433";"1";"1";"1";"2";"CD 837";"48,43381000";"2,20822000"
"202300044977";"10";"01";"2023";"12:20";"1";"91";"91689";"1";"1";"2";"4";"AUTOROUTE A6";"48,72967000";"2,31449000"
"202300044978";"20";"07";"2023";"23:10";"3";"85";"85194";"2";"3";"1";"6";"1 Rue de la vigne verte";"46,53340000";" -1,79532000"
"202300044979";"10";"01";"2023";"09:00";"1";"91";"91468";"1";"1";"1";"4";"AUTOROUTE A6";"48,57299000";"2,46767000"
"202300044980";"19";"07";"2023";"17:40";"1";"76";"76351";"2";"2";"1";"3";"GERANIUMS (DES)";"49,50602000";"0,16334000"
"202300044981";"10";"01";"2023";"03:15";"3";"91";"91617";"1";"1";"8";"7";"";"48,63449000";"2,53672000"
"202300044982";"10";"01";"2023";"20:20";"5";"92";"92051";"1";"1";"1";"7";"RN13";"48,88062879";"2,27368809"
"202300044983";"20";"07";"2023";"23:00";"4";"76";"76217";"2";"1";"1";"3";"GAMBETTA (AVENUE)";"49,92002000";"1,07375000"
"202300044984";"10";"01";"2023";"17:50";"3";"92";"92050";"1";"1";"2";"2";"A86";"48,91531692";"2,22011864"
"202300044985";"19";"07";"2023";"21:45";"1";"72";"72181";"2";"9";"1";"6";"SCHUMAN ROBERT ( BD)";"47,99239100";"0,23508800"
"202300044986";"19";"07";"2023";"18:25";"1";"72";"72181";"2";"9";"1";"1";"RUAUDIN (RUE) N° IMP 191 ET >";"47,98181400";"0,21468800"
"202300044987";"10";"01";"2023";"10:10";"1";"78";"78423";"1";"1";"2";"2";"RN12";"48,79528000";"2,04728000"
"202300044988";"19";"07";"2023";"13:10";"1";"70";"70550";"2";"1";"1";"6";"PARMENTIER (RUE JEAN)";"47,61440000";"6,14620000"
"202300044989";"19";"07";"2023";"12:20";"1";"69";"69290";"2";"1";"1";"5";"Rue Boileau";"45,69532997";"4,92988815"
"202300044990";"20";"07";"2023";"09:01";"1";"69";"69096";"2";"9";"1";"6";"3 Avenue Jean Estragnat";"45,60866670";"4,78910789"
"202300044991";"20";"07";"2023";"15:17";"1";"67";"67447";"2";"3";"1";"6";"BITCHE (RUE DE)";"48,60974000";"7,75432000"
"202300044992";"20";"07";"2023";"10:00";"1";"67";"67482";"2";"1";"1";"6";"NUEE BLEUE (RUE DE LA)";"48,58587000";"7,74718000"
"202300044993";"19";"07";"2023";"09:05";"1";"65";"65440";"2";"6";"1";"3";" ROND-POINT DE LA SEDE";"43,23283400";"0,06135200"
"202300044994";"20";"07";"2023";"09:00";"1";"65";"65286";"2";"3";"1";"1";"12 Avenue Françis Lagardère";"43,08793600";" -0,04610900"
"202300044995";"20";"07";"2023";"18:50";"1";"64";"64445";"2";"1";"1";"3";"DUFAU";"43,30943000";" -0,36394000"
"202300044996";"20";"07";"2023";"04:35";"5";"64";"64445";"2";"1";"1";"6";"LOUP DU";"43,31751000";" -0,35217000"
"202300044997";"11";"06";"2023";"16:15";"1";"62";"62215";"2";"2";"1";"3";"Rue Edouard Plachez";"50,49089800";"2,95566400"
"202300044998";"19";"07";"2023";"18:35";"1";"54";"54357";"2";"1";"1";"6";"Avenue de Metz";"48,70628000";"6,16770000"
"202300044999";"20";"07";"2023";"22:50";"3";"54";"54451";"2";"1";"1";"6";"Rue de Mexy";"49,50148000";"5,75670000"
"202300045000";"19";"07";"2023";"19:43";"1";"49";"49007";"2";"1";"1";"3";"HOCHE";"47,46705000";" -0,55791000"
"202300045001";"20";"07";"2023";"14:37";"1";"47";"47001";"2";"6";"1";"3";"PONT DE PIERRE";"44,19491000";"0,61229000"
"202300045002";"20";"07";"2023";"08:45";"1";"47";"47001";"2";"4";"1";"3";"GAILLARD (AV. ET PONT DE)";"44,21909000";"0,63702000"
"202300045003";"20";"07";"2023";"18:39";"1";"45";"45302";"2";"1";"1";"2";"D2060 PR 98 + 1";"47,94403700";"1,90571700"
"202300045004";"20";"07";"2023";"11:35";"1";"45";"45232";"2";"1";"1";"3";"901 Rue de Bourges";"47,84399637";"1,92106783"
"202300045005";"20";"07";"2023";"16:15";"1";"45";"45208";"2";"3";"1";"3";"12 Allée de la Résidence de la Roseraie";"47,99521000";"2,74202000"
"202300045006";"19";"07";"2023";"17:00";"1";"43";"43041";"2";"9";"1";"3";"89 Avenue Charles Dupuy";"45,04853000";"3,92162000"
"202300045007";"20";"07";"2023";"17:15";"1";"33";"33063";"2";"3";"1";"3";"Quai de Brazza";"44,85677000";" -0,54785000"
"202300045008";"20";"07";"2023";"08:22";"1";"33";"33063";"2";"2";"1";"3";"Place Bir Hakeim";"44,83663000";" -0,56540000"
"202300045009";"19";"07";"2023";"23:45";"5";"33";"33063";"2";"1";"1";"3";"Avenue de Mérignac";"44,83858400";" -0,62123716"
"202300045010";"20";"07";"2023";"16:15";"1";"28";"28223";"2";"9";"1";"3";"D 929";"48,72745000";"1,39235000"
"202300045011";"20";"07";"2023";"16:00";"1";"22";"22106";"2";"1";"1";"2";"RN12";"48,50187000";" -2,72929000"
"202300045012";"19";"07";"2023";"18:30";"1";"17";"17306";"2";"1";"1";"4";"BOUCHET LOUIS (AVENUE)";"45,62870000";" -0,99502000"
"202300045013";"19";"07";"2023";"19:50";"1";"13";"13054";"2";"6";"1";"6";"8 MAI 1945 (AV DU )";"43,41600000";"5,22600000"
"202300045014";"20";"07";"2023";"19:30";"1";"13";"13212";"2";"1";"1";"7";"SAINT BARNABE (AVENUE DE)";"43,30435000";"5,41224000"
"202300045015";"19";"07";"2023";"09:00";"1";"12";"12202";"2";"1";"1";"3";"GINESTE (AVENUE DE LA)";"44,36375000";"2,55500000"
"202300045016";"19";"07";"2023";"12:48";"1";"10";"10387";"2";"1";"1";"3";"ROBERT SCHUMANN (RUE)";"48,30834000";"4,09659000"
"202300045017";"20";"07";"2023";"12:00";"1";"06";"06088";"2";"3";"1";"5";"GALLIENI (AV.)";"43,70503000";"7,28036000"
"202300045018";"20";"07";"2023";"14:10";"1";"06";"06088";"2";"7";"1";"6";"BRAILLE (BD LOUIS)";"43,72252700";"7,29282400"
"202300045019";"20";"07";"2023";"20:00";"2";"06";"06069";"2";"9";"1";"7";"AURIBEAU (ROUTE D') -D609-";"43,63138200";"6,91194500"
"202300045020";"20";"07";"2023";"15:15";"1";"04";"04112";"2";"1";"1";"3";"LUBERON (AV. DU)";"43,83217000";"5,77262000"
"202300045021";"19";"07";"2023";"07:35";"1";"75";"75114";"2";"1";"1";"2";"PORTE DE CHATILLON";"48,82256100";"2,31423500"
"202300045022";"19";"07";"2023";"03:30";"5";"75";"75114";"2";"5";"1";"1";"PORTE DE GENTILLY";"48,81612600";"2,34354100"
"202300045023";"20";"07";"2023";"17:10";"1";"75";"75120";"2";"1";"1";"3";"RUE DES PYRENEES";"48,87277300";"2,39082800"
"202300045024";"20";"07";"2023";"11:15";"1";"75";"75118";"2";"3";"1";"6";"RUE DE CLIGNANCOURT";"48,88460000";"2,34718000"
"202300045025";"20";"07";"2023";"05:50";"2";"75";"75118";"2";"3";"1";"6";"RUE MARX DORMOY";"48,88665800";"2,35961400"
"202300045026";"20";"07";"2023";"13:50";"1";"75";"75116";"2";"1";"1";"3";"AVENUE KLEBER";"48,87187700";"2,29364900"
"202300045027";"20";"07";"2023";"07:00";"1";"75";"75116";"2";"4";"1";"5";"AVENUE INGRES";"48,85703600";"2,26651300"
"202300045028";"20";"07";"2023";"06:30";"1";"75";"75116";"2";"1";"1";"2";"ALLEE DU BORD DE L EAU";"48,87192600";"2,24205900"
"202300045029";"19";"07";"2023";"22:45";"5";"75";"75116";"2";"3";"1";"3";"BOULEVARD SUCHET";"48,85946000";"2,26601700"
"202300045030";"19";"07";"2023";"17:45";"1";"75";"75107";"2";"3";"1";"6";"Quai d'Orsay";"48,86256678";"2,30996132"
"202300045031";"20";"07";"2023";"12:30";"1";"75";"75113";"2";"3";"1";"3";"RUE DE TOLBIAC";"48,82918500";"2,37420700"
"202300045032";"20";"07";"2023";"15:30";"1";"75";"75111";"2";"1";"1";"6";"BOULEVARD VOLTAIRE";"48,86556500";"2,36708900"
"202300045033";"19";"07";"2023";"20:14";"1";"75";"75109";"2";"2";"1";"2";"BOULEVARD HAUSSMANN";"48,87378100";"2,32702400"
"202300045034";"20";"07";"2023";"09:00";"1";"75";"75108";"2";"2";"1";"2";"BOULEVARD MALESHERBES";"48,87484100";"2,31981600"
"202300045035";"20";"07";"2023";"22:30";"5";"75";"75107";"2";"2";"1";"3";"RUE DE L UNIVERSITE";"48,86104700";"2,31324100"
"202300045036";"20";"07";"2023";"11:20";"1";"75";"75107";"2";"1";"1";"7";"BOULEVARD SAINT GERMAIN";"48,85739200";"2,32409400"
"202300045037";"19";"07";"2023";"17:25";"1";"75";"75107";"2";"2";"1";"1";"QUAI D ORSAY";"48,86259100";"2,31901800"
"202300045038";"19";"07";"2023";"11:50";"1";"75";"75107";"2";"3";"1";"3";"AVENUE DE SUFFREN";"48,85556600";"2,29403200"
"202300045039";"19";"07";"2023";"13:00";"1";"75";"75101";"2";"4";"1";"7";"RUE DE RIVOLI";"48,86636900";"2,32346900"
"202300045040";"20";"07";"2023";"00:30";"5";"75";"75109";"2";"3";"1";"6";"BOULEVARD DE ROCHECHOUART";"48,88199500";"2,34042100"
"202300045041";"19";"07";"2023";"20:10";"1";"94";"94076";"1";"1";"1";"3";"100 Boulevard Maxime Gorki";"48,79340300";"2,36915400"
"202300045042";"20";"07";"2023";"16:40";"1";"94";"94022";"2";"3";"1";"3";"Avenue de la République";"48,75991400";"2,40831400"
"202300045043";"20";"07";"2023";"09:50";"1";"93";"93073";"2";"6";"1";"2";"Route de la Croix au Plâtre";"48,98424635";"2,52531901"
"202300045044";"19";"06";"2023";"19:00";"1";"94";"94053";"2";"1";"1";"2";"Avenue Pierre Mendès France";"48,77173000";"2,54474000"
"202300045045";"19";"06";"2023";"10:10";"1";"93";"93078";"2";"2";"7";"3";"Avenue Charles de Gaulle / Avenue Georges Clémenceau";"48,95815000";"2,55833000"
"202300045046";"19";"06";"2023";"17:30";"1";"93";"93070";"2";"1";"8";"6";"Rue du Docteur Bauer";"48,90990237";"2,33822116"
"202300045047";"16";"06";"2023";"08:50";"1";"93";"93066";"2";"9";"1";"3";"Rue du Landy";"48,91496764";"2,33846370"
"202300045048";"19";"06";"2023";"02:40";"3";"93";"93077";"2";"3";"1";"3";"Grande Rue / Avenue du Raincy";"48,88463000";"2,50753000"
"202300045049";"19";"06";"2023";"04:06";"4";"93";"93031";"2";"1";"1";"6";"Avenue de la République";"48,95180388";"2,31940051"
"202300045050";"19";"06";"2023";"10:00";"1";"93";"93029";"2";"2";"1";"1";"Rue Albert David / Avenue Lejeune";"48,91966047";"2,47084169"
"202300045051";"19";"06";"2023";"09:20";"1";"93";"93010";"2";"1";"1";"2";"Avenue Galliéni";"48,90630483";"2,48239395"
"202300045052";"19";"06";"2023";"08:40";"1";"93";"93008";"2";"3";"1";"6";"Avenue Edouard Vaillant / Rue Jean - Pierre Timbaud";"48,90708000";"2,46907000"
"202300045053";"14";"06";"2023";"09:20";"1";"93";"93001";"2";"9";"1";"3";"Boulevard Félix Faure";"48,91322912";"2,37415565"
"202300045054";"19";"06";"2023";"17:20";"1";"92";"92033";"2";"1";"2";"6";"DIX NEUF JANVIER";"48,85101731";"2,19316453"
"202300045055";"16";"06";"2023";"14:31";"1";"92";"92064";"2";"4";"1";"1";"PALAIS";"48,84140803";"2,22118288"
"202300045056";"18";"06";"2023";"01:35";"5";"92";"92040";"2";"6";"1";"3";"VICTOR HUGO (ROND-POINT)";"48,82779213";"2,27398127"
"202300045057";"19";"06";"2023";"07:06";"1";"92";"92007";"2";"5";"1";"3";"RAVERA (AVENUE HENRI) N° 111 A 217 ET 10";"48,80975355";"2,31731862"
"202300045058";"19";"06";"2023";"08:45";"1";"92";"92004";"2";"1";"1";"1";"NANTERRE ( DE 46 A )";"48,90997219";"2,28446625"
"202300045059";"14";"06";"2023";"16:30";"1";"60";"60533";"1";"4";"1";"1";"";"49,52178200";"2,71345100"
"202300045060";"19";"06";"2023";"12:20";"1";"62";"62549";"2";"3";"1";"3";"D928";"50,37417400";"2,03036200"
"202300045061";"20";"06";"2023";"11:20";"1";"2A";"2A198";"2";"1";"1";"1";"Santaja";"42,26416200";"8,71341300"
"202300045062";"19";"06";"2023";"21:05";"2";"38";"38536";"1";"2";"8";"3";"Route du Pilat";"45,42798900";"4,87524700"
"202300045063";"20";"06";"2023";"15:33";"1";"71";"71305";"1";"1";"1";"2";"A6 pk 368.200 sens Paris-Lyon";"46,46529500";"4,87928200"
"202300045064";"20";"06";"2023";"18:30";"1";"63";"63012";"1";"3";"1";"3";"D985/D442";"46,01168700";"3,18775200"
"202300045065";"19";"06";"2023";"17:30";"1";"38";"38239";"1";"1";"1";"2";"D1085";"45,32746000";"5,57236800"
"202300045066";"19";"06";"2023";"08:37";"1";"59";"59202";"2";"6";"1";"7";"Avenue Paul Harris (Pont)";"50,68092405";"2,86123037"
"202300045067";"18";"06";"2023";"02:45";"4";"57";"57059";"2";"1";"1";"7";"Rue Principale";"48,90089432";"6,57974839"
"202300045068";"18";"06";"2023";"02:47";"3";"04";"04191";"1";"1";"1";"6";"D900c";"44,40134200";"6,26726000"
"202300045069";"20";"06";"2023";"19:05";"1";"91";"91534";"1";"1";"1";"7";"chemin de la martiniere";"48,72011000";"2,18239500"
"202300045070";"19";"06";"2023";"13:20";"1";"19";"19153";"2";"1";"1";"7";"36bis Avenue Georges Clemenceau";"45,26541219";"1,40776541"
"202300045071";"20";"06";"2023";"04:00";"5";"56";"56240";"2";"1";"1";"6";"19 Rue des Vagues";"47,49969500";" -2,77061500"
"202300045072";"20";"06";"2023";"09:50";"1";"76";"76035";"2";"1";"1";"6";"Rue Nationale";"49,76760100";"1,75337800"
"202300045073";"20";"06";"2023";"16:50";"1";"76";"76400";"2";"1";"1";"6";"rue de la République";"49,82426459";"0,91178804"
"202300045074";"19";"06";"2023";"09:45";"1";"79";"79007";"1";"1";"2";"7";"";"46,57933400";" -0,40634000"
"202300045075";"17";"06";"2023";"15:00";"1";"2B";"2B354";"1";"1";"1";"7";"D69";"42,16801200";"9,17151900"
"202300045076";"18";"06";"2023";"15:00";"1";"82";"82075";"1";"1";"1";"1";"Route de Fronton";"43,83331900";"1,30674000"
"202300045077";"19";"06";"2023";"17:50";"1";"65";"65388";"1";"1";"1";"7";"Col de Portet (Col de montagne)";"42,83143900";"0,23907600"
"202300045078";"20";"06";"2023";"15:10";"1";"65";"65389";"2";"9";"1";"3";"Avenue des Pics";"43,07487900";"0,47772800"
"202300045079";"19";"06";"2023";"18:35";"1";"61";"61484";"1";"2";"1";"3";"Intersection D211/D636";"48,28718000";"0,65570800"
"202300045080";"18";"06";"2023";"10:30";"1";"61";"61029";"1";"1";"1";"3";"D8";"48,54698000";"0,48831900"
"202300045081";"19";"06";"2023";"17:30";"1";"22";"22072";"1";"4";"1";"1";"D20  -D54";"48,53314600";" -3,26517100"
"202300045082";"18";"06";"2023";"10:10";"1";"44";"44130";"1";"1";"1";"5";"";"47,12049011";" -1,53128386"
"202300045083";"20";"06";"2023";"17:20";"1";"29";"29146";"1";"3";"1";"2";"Route de Concarneau";"47,90133256";" -3,84219040"
"202300045084";"19";"06";"2023";"16:35";"1";"29";"29188";"2";"1";"2";"6";"Ty Son";"48,69237700";" -3,82949700"
"202300045085";"18";"06";"2023";"14:45";"1";"84";"84030";"1";"1";"1";"3";"Route de Carpentras";"44,08862500";"5,09425000"
"202300045086";"19";"06";"2023";"18:40";"1";"58";"58138";"1";"1";"1";"7";"Les chaumettes";"46,83119800";"3,10104100"
"202300045087";"19";"06";"2023";"20:10";"1";"14";"14020";"2";"1";"1";"6";"2 Hameau du Fresne";"49,13304400";" -0,16347500"
"202300045088";"19";"06";"2023";"23:55";"3";"64";"64263";"1";"1";"1";"6";"RD 23 PK 7";"43,44562800";" -0,83818000"
"202300045089";"19";"06";"2023";"20:40";"1";"16";"16222";"1";"1";"1";"1";"D674";"45,33870000";"0,07220500"
"202300045090";"20";"06";"2023";"13:55";"1";"53";"53137";"1";"3";"1";"3";"D57";"48,07152700";" -0,94809700"
"202300045091";"19";"06";"2023";"16:40";"1";"04";"04025";"1";"1";"1";"3";"D908";"44,15245200";"6,59840600"
"202300045092";"18";"06";"2023";"12:15";"1";"04";"04046";"1";"1";"1";"3";"D12";"44,02380400";"6,09221900"
"202300045093";"20";"06";"2023";"10:20";"1";"85";"85288";"1";"1";"1";"3";"RD21";"46,45492500";" -1,59801300"
"202300045094";"20";"06";"2023";"07:58";"1";"37";"37057";"1";"1";"2";"6";"D50";"47,06663363";"0,79897642"
"202300045095";"19";"06";"2023";"16:10";"1";"30";"30003";"1";"3";"1";"3";"";"43,55070000";"4,16801900"
"202300045096";"19";"06";"2023";"14:08";"1";"30";"30004";"1";"1";"1";"1";"";"43,72638600";"4,19324200"
"202300045097";"19";"06";"2023";"19:05";"1";"52";"52357";"1";"1";"8";"7";"D427";"48,41349800";"5,25008100"
"202300045098";"19";"06";"2023";"19:20";"1";"88";"88108";"1";"8";"1";"3";"D164";"47,96110600";"6,28214700"
"202300045099";"20";"06";"2023";"11:30";"1";"42";"42256";"1";"1";"1";"6";"Route de Saint-Bonnet";"45,47189500";"4,13952300"
"202300045100";"19";"06";"2023";"18:15";"1";"69";"69264";"1";"1";"1";"5";"Autoroute 6";"45,98398144";"4,73691702"
"202300045101";"18";"06";"2023";"11:30";"1";"13";"13051";"1";"1";"1";"2";"A7 Pk 242+000 Sens S-N";"43,58943700";"5,19142600"
"202300045102";"20";"06";"2023";"15:15";"1";"973";"97310";"1";"1";"1";"7";"Route de Cacao";"4,58128000";" -52,43288400"
"202300045103";"11";"06";"2023";"22:30";"3";"971";"97134";"1";"1";"1";"1";"Route de Rachez Ongles";"16,05025700";" -61,76254000"
"202300045104";"17";"06";"2023";"12:30";"1";"37";"37011";"2";"1";"1";"1";"3 Rue Marcel Vignaud";"47,21217200";"0,18604800"
"202300045105";"19";"06";"2023";"16:57";"1";"2B";"2B193";"1";"1";"1";"6";"A Leccia di u Corbu";"42,37663300";"9,18948900"
"202300045106";"19";"06";"2023";"16:40";"1";"04";"04226";"1";"1";"1";"7";"D109 route de pra loup";"44,36457500";"6,61826000"
"202300045107";"1";"06";"2023";"12:36";"1";"13";"13081";"2";"1";"1";"6";"Avenue de la Plantade";"43,48476700";"5,23449700"
"202300045108";"20";"06";"2023";"09:10";"1";"13";"13004";"2";"6";"1";"7";"D570n";"43,69781700";"4,64585400"
"202300045109";"19";"06";"2023";"14:30";"1";"13";"13060";"1";"2";"1";"3";"D6c - chemin des Aigues Marines";"43,47053000";"5,50380400"
"202300045110";"20";"06";"2023";"16:20";"1";"57";"57058";"2";"1";"1";"1";"23 rue de la liberté";"49,17235900";"6,92908700"
"202300045111";"18";"06";"2023";"11:50";"1";"69";"69094";"1";"1";"1";"7";"Route du Col de la Luère";"45,74731600";"4,64877200"
"202300045112";"19";"06";"2023";"19:00";"1";"33";"33412";"1";"1";"1";"3";"rd 1215";"45,26246000";" -0,90512500"
"202300045113";"19";"06";"2023";"08:00";"1";"76";"76753";"1";"1";"1";"5";"D13";"49,34889100";"1,16343500"
"202300045114";"19";"06";"2023";"21:15";"1";"33";"33080";"1";"1";"1";"3";"";"44,75525200";" -0,54433400"
"202300045115";"13";"06";"2023";"18:00";"1";"33";"33075";"1";"1";"1";"4";"";"44,88994100";" -0,61013600"
"202300045116";"13";"06";"2023";"08:00";"1";"33";"33143";"1";"1";"1";"2";"AUTOROUTE A 10";"44,96438000";" -0,44061900"
"202300045117";"19";"06";"2023";"07:15";"1";"59";"59143";"1";"1";"1";"6";"AUTOROUTE A25";"50,66598000";"2,88289000"
"202300045118";"17";"06";"2023";"05:10";"2";"59";"59605";"1";"1";"1";"2";"AUTOROUTE A16";"51,04223937";"2,46824116"
"202300045119";"8";"06";"2023";"15:50";"1";"59";"59410";"1";"1";"1";"4";"ROUTE NATIONALE 356";"50,64879722";"3,09904235"
"202300045120";"16";"06";"2023";"19:41";"1";"59";"59603";"1";"1";"1";"2";"AUTOROUTE A2";"50,34080000";"3,47381000"
"202300045121";"19";"06";"2023";"19:10";"1";"91";"91228";"1";"1";"1";"5";"AUTOROUTE A6";"48,62131000";"2,42325000"
"202300045122";"19";"06";"2023";"09:45";"1";"92";"92019";"1";"1";"1";"3";"RN 385 Extèrieure";"48,77263927";"2,24280547"
"202300045123";"19";"06";"2023";"09:09";"1";"92";"92026";"1";"1";"1";"7";"RN192";"48,88922696";"2,24688395"
"202300045124";"17";"06";"2023";"19:13";"1";"92";"92050";"1";"1";"1";"4";"A86";"48,89540560";"2,19420530"
"202300045125";"16";"06";"2023";"09:18";"1";"78";"78158";"1";"1";"1";"5";"A13";"48,83356900";"2,13539200"
"202300045126";"17";"06";"2023";"17:20";"1";"93";"93027";"1";"1";"8";"6";"BDL";"48,92670000";"2,40335000"
"202300045127";"16";"06";"2023";"16:15";"1";"95";"95678";"1";"1";"1";"3";"N184";"49,06427517";"2,21383601"
"202300045128";"16";"06";"2023";"13:15";"1";"95";"95500";"1";"1";"1";"2";"A15";"49,04149000";"2,08089000"
"202300045129";"14";"06";"2023";"06:45";"1";"92";"92078";"1";"1";"1";"6";"AUTOROUTE A86";"48,92750095";"2,33291835"
"202300045130";"13";"06";"2023";"23:50";"3";"95";"95488";"1";"1";"1";"6";"A15";"49,01802000";"2,14116000"
"202300045131";"18";"06";"2023";"04:05";"3";"94";"94033";"1";"1";"2";"6";"A86";"48,85862314";"2,48692119"
"202300045132";"15";"06";"2023";"17:30";"1";"77";"77337";"1";"1";"1";"6";"RN104";"48,82741500";"2,61736900"
"202300045133";"17";"06";"2023";"09:50";"1";"95";"95028";"1";"9";"1";"6";"A16";"49,06731500";"2,33193400"
"202300045134";"18";"06";"2023";"17:48";"1";"54";"54587";"1";"2";"1";"2";"D904";"48,49323900";"6,04630500"
"202300045135";"19";"06";"2023";"01:00";"3";"01";"01371";"1";"1";"1";"2";"départementale 1083";"45,95659500";"4,99719100"
"202300045136";"18";"06";"2023";"20:30";"1";"17";"17389";"1";"2";"1";"3";"Lieu Dit Petit Pochebonne";"45,84210500";" -0,85835000"
"202300045137";"19";"06";"2023";"11:35";"1";"02";"02756";"1";"1";"1";"6";"Aire de repos";"49,78432600";"3,33459700"
"202300045138";"18";"06";"2023";"19:00";"1";"49";"49092";"1";"9";"1";"1";"Route de Bourgneuf en Mauges (Ste Christine)";"47,29467705";" -0,84521770"
"202300045139";"19";"06";"2023";"11:05";"1";"28";"28073";"1";"1";"1";"6";"A11";"48,49008900";"1,66941800"
"202300045140";"17";"06";"2023";"01:00";"4";"972";"97225";"2";"2";"1";"7";"Rue Victor Hugo";"14,74179200";" -61,17593600"
"202300045141";"19";"06";"2023";"16:30";"1";"21";"21584";"1";"1";"1";"4";"D906";"47,30004900";"4,21240500"
"202300045142";"16";"06";"2023";"09:50";"1";"76";"76462";"1";"1";"1";"2";"A28";"49,73038800";"1,46036600"
"202300045143";"18";"06";"2023";"22:10";"3";"974";"97414";"2";"1";"1";"1";"avenue principale";" -21,28424600";"55,40456800"
"202300045144";"17";"06";"2023";"11:00";"1";"85";"85013";"1";"1";"1";"1";"RD23";"46,91871900";" -1,16119120"
"202300045145";"18";"06";"2023";"18:40";"1";"21";"21081";"1";"1";"1";"6";"d10";"47,37301200";"4,76549100"
"202300045146";"18";"06";"2023";"20:15";"2";"30";"30047";"1";"2";"1";"3";"Chemin de Vauvert";"43,79621300";"4,44244100"
"202300045147";"18";"06";"2023";"02:20";"3";"51";"51310";"2";"1";"1";"7";"Rue de Saint Lie";"49,21211700";"3,92611600"
"202300045148";"16";"06";"2023";"02:00";"3";"76";"76243";"1";"1";"1";"1";"Route d?Ernemont";"49,55406000";"1,36282000"
"202300045149";"17";"06";"2023";"13:40";"1";"2B";"2B277";"1";"1";"1";"2";"RT 10 - FACE AU GARAGE ABATESCO";"41,97237400";"9,39880400"
"202300045150";"19";"06";"2023";"15:30";"1";"80";"80718";"1";"1";"1";"6";"RD 1001";"49,94686000";"2,21704400"
"202300045151";"18";"06";"2023";"18:20";"1";"55";"55021";"1";"3";"1";"2";"D23";"49,02786900";"5,70127100"
"202300045152";"18";"06";"2023";"16:35";"1";"55";"55124";"1";"1";"1";"7";"D19";"49,30411100";"5,31620800"
"202300045153";"19";"06";"2023";"14:45";"1";"55";"55394";"1";"1";"1";"1";"D24";"49,26375100";"5,47251100"
"202300045154";"17";"06";"2023";"17:15";"1";"55";"55246";"2";"1";"1";"3";"Rue de Biencourt";"48,60061500";"5,33214000"
"202300045155";"19";"06";"2023";"15:40";"1";"49";"49018";"1";"1";"1";"6";"RD766 PK 26+425";"47,54948600";" -0,14558000"
"202300045156";"19";"06";"2023";"06:42";"2";"12";"12186";"1";"1";"1";"6";"lieu-dit Fourès";"43,81833553";"2,59340286"
"202300045157";"18";"06";"2023";"16:15";"1";"42";"42023";"1";"1";"1";"6";"Route d’Annonay";"45,29937300";"4,58571900"
"202300045158";"17";"06";"2023";"14:00";"1";"86";"86109";"1";"3";"1";"1";"D67";"46,89132800";"0,15651200"
"202300045159";"19";"06";"2023";"11:58";"1";"34";"34147";"1";"1";"1";"1";"D909";"43,49223800";"3,18966200"
"202300045160";"18";"06";"2023";"23:50";"3";"25";"25122";"1";"1";"1";"6";"d 72";"46,94797700";"6,18002400"
"202300045161";"18";"06";"2023";"15:40";"1";"15";"15108";"1";"1";"7";"1";"D13";"44,94389600";"3,15015800"
"202300045162";"19";"06";"2023";"17:44";"1";"15";"15118";"2";"1";"2";"1";"RD 58";"45,00006289";"2,48421907"
"202300045163";"9";"06";"2023";"04:25";"3";"54";"54416";"1";"1";"1";"6";"Route d’Euvezin";"48,93052300";"5,81910000"
"202300045164";"17";"06";"2023";"12:40";"1";"06";"06119";"1";"1";"1";"7";"M2205";"44,29301500";"6,90164600"
"202300045165";"16";"06";"2023";"16:00";"1";"06";"06035";"1";"1";"1";"3";"3494 Route de Castellar";"43,79588000";"7,49663500"
"202300045166";"18";"06";"2023";"03:15";"3";"05";"05142";"1";"1";"1";"6";"PR 005+290 RN 85";"44,77721452";"5,98851268"
"202300045167";"19";"06";"2023";"04:00";"3";"50";"50487";"1";"1";"1";"1";"La Croisette (Saint-James)";"48,53842100";" -1,33379800"
"202300045168";"10";"05";"2023";"19:30";"1";"83";"83025";"2";"1";"1";"1";"1151 Chemin du Gavelier";"43,53314500";"5,93613600"
"202300045169";"19";"06";"2023";"08:35";"1";"85";"85146";"1";"1";"1";"7";"RD93";"47,02371700";" -1,33299110"
"202300045170";"18";"06";"2023";"19:45";"2";"30";"30053";"1";"1";"1";"6";"";"43,99541200";"4,21937200"
"202300045171";"18";"06";"2023";"20:53";"2";"48";"48127";"1";"1";"1";"7";"D806";"44,65803800";"3,45276400"
"202300045172";"18";"06";"2023";"22:30";"4";"34";"34333";"1";"1";"1";"5";"RD612";"43,50323300";"3,79000200"
"202300045173";"18";"06";"2023";"21:20";"5";"987";"98715";"2";"1";"1";"1";"Rue Nelson Mandela, Pamatai";" -17,58400000";" -149,56000000"
"202300045174";"18";"06";"2023";"08:55";"1";"51";"51171";"1";"1";"1";"7";"AUTOROUTE A26, PK 247.400 SENS CALAIS-REIMS";"49,37745500";"3,94649500"
"202300045175";"11";"06";"2023";"07:50";"1";"34";"34203";"1";"1";"1";"4";"N/A";"43,40835200";"3,49742900"
"202300045176";"17";"06";"2023";"06:30";"2";"27";"27188";"1";"1";"1";"2";"A13 PK 105+950 direction ROUEN";"49,29624800";"1,12139900"