"Num_Acc";"jour";"mois";"an";"hrmn";"lum";"dep";"com";"agg";"int";"atm";"col";"adr";"lat";"long"
"202300045177";"17";"06";"2023";"18:00";"1";"69";"69097";"1";"1";"1";"7";"La Fournachère";"45,51644236";"4,70870852"
"202300045178";"18";"06";"2023";"04:00";"5";"987";"98714";"1";"1";"1";"6";"Vairupe";" -16,38800000";" -151,76500000"
"202300045179";"17";"06";"2023";"21:40";"2";"77";"77318";"1";"2";"1";"3";"RD216/D20";"48,79256300";"2,93485700"
"202300045180";"19";"06";"2023";"09:35";"1";"2B";"2B314";"1";"1";"1";"7";"D81";"42,66213100";"9,20817400"
"202300045181";"18";"06";"2023";"21:30";"2";"34";"34289";"1";"1";"1";"6";"RD18";"43,39050800";"3,40063700"
"202300045182";"17";"06";"2023";"20:00";"1";"84";"84016";"1";"1";"1";"6";"Chemin de Causan";"44,05763100";"4,90760600"
"202300045183";"17";"06";"2023";"11:46";"1";"06";"06141";"1";"1";"1";"7";"Toudon";"43,90176200";"7,08509300"
"202300045184";"15";"06";"2023";"12:24";"1";"05";"05065";"1";"1";"1";"7";"RD902 lieu dit peyre haute";"44,64120800";"6,66222100"
"202300045185";"18";"06";"2023";"00:15";"3";"13";"13048";"1";"1";"1";"1";"D96";"43,65287600";"5,61079500"
"202300045186";"19";"06";"2023";"14:05";"1";"70";"70310";"1";"1";"1";"2";"D64";"47,69401400";"6,50871300"
"202300045187";"17";"06";"2023";"21:03";"1";"57";"57058";"2";"1";"1";"6";"Place de marché";"49,17017600";"6,93257200"
"202300045188";"1";"04";"2023";"07:45";"1";"73";"73232";"1";"1";"4";"6";"D902";"45,54879245";"6,90603339"
"202300045189";"17";"06";"2023";"20:06";"1";"38";"38061";"2";"1";"1";"2";"Route de Champ - Chabert";"45,34052500";"5,61630400"
"202300045190";"18";"06";"2023";"17:30";"1";"09";"09282";"1";"1";"1";"3";"D14";"43,22775300";"1,60365900"
"202300045191";"2";"05";"2023";"19:00";"1";"49";"49301";"1";"2";"1";"3";"D91";"47,10879824";" -0,99595785"
"202300045192";"18";"06";"2023";"07:30";"1";"29";"29046";"2";"1";"1";"6";"Rue Duguay Trouin";"48,09212100";" -4,33086600"
"202300045193";"17";"06";"2023";"11:45";"1";"60";"60107";"1";"1";"1";"6";"Rue des Charpentiers";"49,36303600";"2,44294000"
"202300045194";"19";"06";"2023";"12:26";"1";"60";"60103";"1";"1";"7";"6";"";"49,41048200";"2,22583200"
"202300045195";"16";"06";"2023";"18:15";"1";"59";"59660";"1";"1";"1";"7";"Rue de Sailly";"50,63666048";"3,22141886"
"202300045196";"17";"03";"2023";"20:45";"3";"73";"73075";"1";"1";"1";"3";"D925B";"45,44441600";"6,06235000"
"202300045197";"13";"03";"2023";"08:45";"1";"73";"73162";"1";"1";"1";"5";"D1090";"45,60734700";"6,28315900"
"202300045198";"17";"06";"2023";"12:40";"1";"94";"94081";"2";"1";"1";"3";"Rue Amédée Huon";"48,80402173";"2,38487944"
"202300045199";"17";"06";"2023";"16:00";"1";"94";"94033";"2";"3";"1";"6";"Rue Pierre Dulac";"48,84788000";"2,46415000"
"202300045200";"16";"06";"2023";"23:50";"5";"94";"94033";"2";"5";"1";"3";"Boulevard de Verdun";"48,85368000";"2,46973000"
"202300045201";"17";"06";"2023";"22:00";"2";"93";"93073";"2";"2";"1";"3";"Rue de Bourgogne / Avenue Roger Salengro";"48,94496981";"2,58574784"
"202300045202";"17";"06";"2023";"13:40";"1";"93";"93073";"1";"9";"1";"2";"Aeroport Charles de Gaulle";"49,00318000";"2,56574000"
"202300045203";"17";"06";"2023";"21:57";"5";"93";"93055";"2";"1";"1";"3";"Avenue Jean Lolive";"48,89073491";"2,40059316"
"202300045204";"17";"06";"2023";"05:15";"2";"93";"93032";"2";"3";"1";"6";"Rue Parmentier / Avenue Jean Jaurès";"48,88379772";"2,53135326"
"202300045205";"17";"06";"2023";"17:00";"1";"93";"93079";"2";"1";"1";"6";"Avenue Jean Jaurès";"48,96409235";"2,34861799"
"202300045206";"17";"06";"2023";"16:30";"1";"93";"93029";"2";"2";"1";"6";"Bd Paul Vaillant Couturier / Rue Anatole France";"48,92336000";"2,44595000"
"202300045207";"17";"06";"2023";"12:15";"1";"93";"93057";"2";"1";"1";"1";"Allée Jean-baptiste Clément";"48,90711017";"2,50608261"
"202300045208";"17";"06";"2023";"08:30";"1";"93";"93010";"2";"1";"1";"2";"Avenue Galliéni";"48,90627620";"2,48219473"
"202300045209";"16";"06";"2023";"15:30";"1";"92";"92072";"2";"1";"1";"4";"MANUFACTURE NATIONALE (PLACE DE LA)";"48,82908900";"2,22437800"
"202300045210";"16";"06";"2023";"09:06";"1";"60";"60284";"2";"6";"1";"7";"Rue de la Croix Blanche";"49,37829400";"2,65269400"
"202300045211";"17";"06";"2023";"20:45";"1";"35";"35219";"1";"1";"8";"1";"les quatre vents";"47,79203200";" -1,92340100"
"202300045212";"17";"06";"2023";"12:30";"1";"24";"24299";"2";"3";"1";"3";"intersection avenue georges clémenceau/ rue du général de gaulle";"45,03661200";"0,35773200"
"202300045213";"16";"06";"2023";"22:15";"3";"62";"62053";"1";"2";"1";"3";"D58";"50,60074939";"2,13023179"
"202300045214";"17";"06";"2023";"17:05";"1";"91";"91235";"1";"9";"1";"3";"D445";"48,62736400";"2,35473800"
"202300045215";"17";"06";"2023";"16:16";"1";"26";"26139";"1";"1";"7";"7";"D608";"45,07734700";"5,07674600"
"202300045216";"17";"06";"2023";"07:05";"2";"17";"17420";"2";"1";"7";"1";"20 Rue de la Ragoterie";"46,08658200";" -1,06330300"
"202300045217";"18";"06";"2023";"10:15";"1";"54";"54477";"1";"1";"1";"7";"RD 952 ";"49,02443587";"5,90732932"
"202300045218";"17";"06";"2023";"10:10";"1";"30";"30202";"2";"9";"1";"6";"Rue de l'Elysée";"44,25660000";"4,64427000"
"202300045219";"18";"06";"2023";"17:20";"1";"95";"95144";"1";"1";"1";"6";"D9";"49,06607400";"2,44954300"
"202300045220";"17";"06";"2023";"20:15";"1";"51";"51424";"1";"1";"1";"7";"79 Grande Rue";"49,02035500";"4,99545300"
"202300045221";"17";"06";"2023";"09:00";"1";"19";"19259";"1";"1";"1";"7";"D41";"45,01574600";"1,98422800"
"202300045222";"17";"06";"2023";"07:30";"2";"56";"56003";"1";"1";"1";"6";"Chemin du Moulin";"47,62649600";" -2,85744800"
"202300045223";"17";"06";"2023";"21:31";"2";"80";"80557";"2";"1";"1";"7";"route nationale";"49,87755300";"2,99714300"
"202300045224";"18";"06";"2023";"14:50";"1";"82";"82026";"1";"1";"1";"1";"Peyreferrande";"44,04080500";"1,67277600"
"202300045225";"17";"06";"2023";"15:10";"1";"65";"65428";"1";"1";"1";"1";"D13";"42,97152400";" -0,15393200"
"202300045226";"16";"06";"2023";"20:50";"1";"81";"81307";"1";"1";"1";"6";"D612 avenue de castres";"43,56973400";"2,29592800"
"202300045227";"18";"06";"2023";"08:30";"1";"71";"71196";"1";"1";"1";"6";"Champ du Vernay";"46,66157200";"5,36047000"
"202300045228";"18";"06";"2023";"10:45";"1";"89";"89194";"1";"1";"1";"7";"";"47,67013000";"3,98873000"
"202300045229";"17";"06";"2023";"21:20";"2";"63";"63448";"1";"1";"1";"6";"Les moirats";"45,52287100";"3,42054600"
"202300045230";"16";"06";"2023";"18:00";"1";"49";"49178";"1";"1";"1";"7";"Rd 73";"47,61585500";" -0,95742000"
"202300045231";"17";"06";"2023";"03:34";"5";"49";"49378";"2";"1";"1";"6";"Rue Nationale";"47,32573100";" -0,05580100"
"202300045232";"17";"06";"2023";"12:30";"1";"46";"46323";"1";"1";"1";"6";"lieu dit le mas de goudou";"44,58398000";"1,49895800"
"202300045233";"2";"11";"2023";"09:00";"2";"69";"69013";"2";"1";"2";"3";"1209 Route de Chantegrillet";"46,01061531";"4,71971421"
"202300045234";"1";"11";"2023";"00:30";"5";"69";"69259";"2";"2";"1";"3";"Avenue Jean Cagne";"45,69398000";"4,87502000"
"202300045235";"2";"11";"2023";"18:20";"5";"67";"67267";"2";"3";"1";"1";"SCHUMAN (AVENUE)";"48,55893000";"7,69316000"
"202300045236";"2";"11";"2023";"17:50";"5";"67";"67218";"2";"1";"1";"2";"STRASBOURG (AVENUE DE)";"48,54535000";"7,73814000"
"202300045237";"1";"11";"2023";"17:40";"2";"67";"67482";"2";"1";"2";"3";"SCHIRMECK (ROUTE DE)";"48,57303000";"7,71712000"
"202300045238";"2";"11";"2023";"18:45";"5";"65";"65440";"2";"1";"2";"6";"CARNOT (RUE)";"43,21956037";"0,07083416"
"202300045239";"2";"11";"2023";"11:45";"1";"64";"64445";"2";"1";"3";"6";"DIDIER DAURAT";"43,32827000";" -0,37950000"
"202300045240";"1";"11";"2023";"19:48";"5";"64";"64445";"2";"1";"2";"6";"ALSACE LORRAINE D'";"43,30473000";" -0,36962000"
"202300045241";"2";"11";"2023";"15:45";"1";"64";"64024";"2";"1";"3";"3";"BAB (BOULEVARD DU)";"43,49683000";" -1,49829000"
"202300045242";"28";"10";"2023";"15:00";"1";"62";"62041";"2";"2";"1";"3";"Boulevard du Général de Gaulle";"50,28546200";"2,76790800"
"202300045243";"9";"10";"2023";"17:20";"1";"62";"62753";"2";"3";"1";"3";"D60";"50,30686000";"2,80204400"
"202300045244";"2";"11";"2023";"21:25";"5";"59";"59512";"2";"1";"3";"6";"GAMBETTA (BOULEVARD)";"50,69217000";"3,18396000"
"202300045245";"2";"11";"2023";"05:45";"3";"59";"59476";"2";"1";"6";"6";"MARCOING (ROUTE DE)";"50,14473000";"3,21352000"
"202300045246";"2";"11";"2023";"12:05";"1";"58";"58194";"2";"3";"3";"3";"PIERRE BEREGOVOY";"46,99069000";"3,15905000"
"202300045247";"2";"11";"2023";"14:10";"1";"56";"56083";"2";"1";"2";"6";"JACQUELINE AURIOL (RUE)";"47,79851000";" -3,26710000"
"202300045248";"1";"11";"2023";"18:10";"5";"56";"56121";"2";"1";"3";"3";"SCORFF ( BD DU )";"47,76164000";" -3,36633000"
"202300045249";"1";"11";"2023";"20:00";"5";"54";"54257";"2";"2";"1";"1";"RM 570";"48,64757700";"6,18231100"
"202300045250";"2";"11";"2023";"14:12";"1";"49";"49246";"2";"1";"6";"6";"A87";"47,41611000";" -0,50593000"
"202300045251";"13";"05";"2023";"01:00";"3";"07";"07281";"1";"1";"3";"7";"C.D. 533 (VERS LE PUY)";"44,93512000";"4,79215000"
"202300045252";"2";"11";"2023";"19:15";"3";"44";"44184";"1";"1";"3";"2";"Route Bleue";"47,28580000";" -2,25800000"
"202300045253";"13";"05";"2023";"07:30";"1";"06";"06030";"2";"1";"1";"6";"COLLINES (CHEMIN DES)";"43,58195000";"7,02663000"
"202300045254";"24";"10";"2023";"09:55";"1";"38";"38185";"2";"2";"3";"3";"RUE DU 19 MARS 1962";"45,18856000";"5,74455000"
"202300045255";"13";"05";"2023";"16:10";"1";"75";"75116";"2";"1";"1";"2";"PORTE DAUPHINE";"48,86917100";"2,27068700"
"202300045256";"2";"11";"2023";"19:35";"5";"33";"33063";"2";"1";"3";"6";"Boulevard Godard";"44,86346000";" -0,58186000"
"202300045257";"2";"11";"2023";"10:50";"1";"33";"33162";"2";"1";"8";"6";"190 Avenue du Médoc";"44,88740522";" -0,64254463"
"202300045258";"13";"05";"2023";"12:57";"1";"75";"75107";"2";"2";"1";"3";"RUE DE L UNIVERSITE";"48,86106200";"2,31326000"
"202300045259";"1";"11";"2023";"16:31";"1";"33";"33063";"2";"1";"1";"6";"Allée de Boutaut";"44,87587000";" -0,57675000"
"202300045260";"13";"05";"2023";"04:35";"5";"75";"75116";"2";"1";"1";"1";"ROUTE DE LA MUETTE A NEUILLY";"48,87176800";"2,26436900"
"202300045261";"2";"11";"2023";"10:30";"1";"31";"31069";"2";"1";"1";"6";"PASTEUR (RUE)";"43,63435000";"1,39139000"
"202300045262";"13";"05";"2023";"12:30";"1";"75";"75120";"2";"3";"1";"2";"AVENUE BENOIT FRACHON";"48,85210400";"2,41571400"
"202300045263";"1";"11";"2023";"17:55";"2";"30";"30189";"2";"1";"1";"6";"SAUVE (RUE)";"43,83730000";"4,34380000"
"202300045264";"13";"05";"2023";"20:00";"1";"75";"75119";"2";"3";"1";"6";"ALLEE DARIUS MILHAUD";"48,88640000";"2,39345500"
"202300045265";"13";"05";"2023";"20:25";"2";"75";"75118";"2";"1";"1";"2";"RUE JEAN COCTEAU";"48,89954500";"2,34871000"
"202300045266";"6";"10";"2023";"19:55";"5";"30";"30189";"2";"1";"1";"5";"Avenue Kennedy";"43,82130000";"4,32400000"
"202300045267";"13";"05";"2023";"20:00";"1";"75";"75117";"2";"2";"1";"3";"AVENUE DE WAGRAM";"48,88151400";"2,30068200"
"202300045268";"1";"11";"2023";"16:45";"1";"22";"22113";"2";"3";"1";"6";"FRERES LAGADEC (RUE DES)";"48,72486000";" -3,47250000"
"202300045269";"13";"05";"2023";"15:03";"1";"75";"75117";"2";"3";"1";"3";"AVENUE DE CLICHY";"48,88803000";"2,32461700"
"202300045270";"12";"05";"2023";"12:00";"1";"75";"75117";"2";"3";"2";"3";"RUE DES MOINES";"48,88775700";"2,31836300"
"202300045271";"1";"11";"2023";"18:10";"3";"14";"14366";"2";"3";"8";"6";"16 Avenue Jean XXIII";"49,14154000";"0,25243000"
"202300045272";"13";"05";"2023";"10:50";"1";"75";"75110";"2";"2";"1";"2";"RUE DU FAUBOURG SAINT MARTIN";"48,87177200";"2,35715000"
"202300045273";"2";"11";"2023";"18:00";"2";"13";"13054";"2";"4";"2";"2";"D9 (BRETELLE)";"43,42355436";"5,23092985"
"202300045274";"13";"05";"2023";"02:10";"5";"75";"75110";"2";"3";"1";"1";"BOULEVARD DE MAGENTA";"48,87653800";"2,35583500"
"202300045275";"2";"11";"2023";"22:05";"5";"13";"13209";"2";"1";"2";"1";"LUMINY (AVENUE DE)";"43,24336259";"5,43804287"
"202300045276";"13";"05";"2023";"01:30";"5";"75";"75110";"2";"2";"1";"3";"BOULEVARD DE STRASBOURG";"48,87481200";"2,35738500"
"202300045277";"2";"11";"2023";"16:25";"1";"13";"13210";"2";"3";"1";"3";"CAPELETTE (AVENUE DE LA)";"43,28337921";"5,40113561"
"202300045278";"13";"05";"2023";"04:35";"5";"75";"75108";"2";"2";"1";"6";"AVENUE DES CHAMPS ELYSEES";"48,87235500";"2,29948300"
"202300045279";"2";"11";"2023";"15:34";"1";"13";"13204";"2";"1";"8";"1";"FRANÇOISE DUPARC (BOULEVARD)";"43,30255000";"5,40031000"
"202300045280";"13";"05";"2023";"21:50";"5";"75";"75107";"2";"2";"1";"6";"AVENUE DE TOURVILLE";"48,85411700";"2,30631500"
"202300045281";"2";"11";"2023";"07:15";"1";"13";"13028";"2";"1";"8";"6";"ROVARCH (AVENUE PIERRE)";"43,19413000";"5,61700000"
"202300045282";"13";"05";"2023";"16:40";"1";"75";"75103";"2";"3";"1";"2";"PLACE DE LA REPUBLIQUE";"48,86702700";"2,36334400"
"202300045283";"2";"11";"2023";"15:35";"1";"13";"13001";"2";"3";"2";"3";"PUY DU ROY (CH DU)";"43,55555000";"5,42183000"
"202300045284";"13";"05";"2023";"14:00";"1";"75";"75104";"2";"3";"1";"6";"RUE DE RIVOLI";"48,85524100";"2,36114800"
"202300045285";"2";"11";"2023";"17:30";"5";"07";"07102";"2";"1";"8";"2";"Avenue Georges CLEMENCEAU";"44,93189000";"4,87336000"
"202300045286";"13";"05";"2023";"10:00";"1";"75";"75102";"2";"2";"1";"6";"RUE D ABOUKIR";"48,86912600";"2,35156700"
"202300045287";"1";"11";"2023";"13:54";"1";"06";"06088";"2";"1";"1";"4";"ANGLAIS (DU N° 265 AU N° 350)";"43,67538120";"7,22778330"
"202300045288";"12";"05";"2023";"23:55";"5";"94";"94028";"2";"9";"1";"1";"Avenue du Général de Gaulle";"48,79166700";"2,44618500"
"202300045289";"2";"11";"2023";"06:30";"5";"06";"06029";"2";"1";"1";"6";"LATOUR MAUBOURG (RUE)";"43,54898000";"7,03063000"
"202300045290";"2";"11";"2023";"13:25";"1";"75";"75113";"2";"1";"6";"3";"PORTE D ITALIE";"48,81714000";"2,36746900"
"202300045291";"13";"05";"2023";"12:15";"1";"94";"94017";"2";"2";"1";"3";"Avenue de Beauregard";"48,81615000";"2,54813000"
"202300045292";"2";"11";"2023";"10:30";"1";"75";"75118";"2";"1";"6";"6";"BOULEVARD DE LA CHAPELLE";"48,88412900";"2,35323300"
"202300045293";"12";"05";"2023";"22:30";"5";"93";"93046";"2";"1";"1";"6";"Avenue Winston Churchill";"48,91377475";"2,53690184"
"202300045294";"13";"05";"2023";"08:20";"1";"93";"93027";"2";"3";"1";"3";"Boulevard Pasteur / Avenue Victor Hugo";"48,92430000";"2,38436000"
"202300045295";"2";"11";"2023";"15:50";"1";"75";"75116";"2";"3";"1";"6";"AVENUE GEORGES MANDEL";"48,86401900";"2,27752700"
"202300045296";"13";"05";"2023";"12:45";"1";"93";"93001";"2";"9";"1";"5";"Avenue de la République";"48,90894674";"2,38687295"
"202300045297";"1";"11";"2023";"07:10";"2";"75";"75116";"2";"3";"1";"2";"AVENUE KLEBER";"48,86611700";"2,28948300"
"202300045298";"31";"10";"2023";"17:30";"2";"75";"75116";"2";"1";"1";"1";"ALLEE DU BORD DE L EAU";"48,86525600";"2,23088400"
"202300045299";"13";"05";"2023";"18:05";"1";"92";"92051";"2";"3";"1";"3";"BINEAU (BOULEVARD, N°133 A 217 ET 134 A";"48,88754900";"2,27848300"
"202300045300";"1";"11";"2023";"21:14";"5";"75";"75113";"2";"3";"1";"7";"BOULEVARD MASSENA";"48,82150500";"2,36920100"
"202300045301";"12";"05";"2023";"23:45";"5";"92";"92051";"2";"1";"1";"4";"GENERAL KOENIG (BOULEVARD DU)";"48,88461000";"2,25509000"
"202300045302";"2";"11";"2023";"20:20";"5";"75";"75109";"2";"3";"1";"6";"RUE MANSART";"48,88219100";"2,33359900"
"202300045303";"14";"05";"2023";"12:45";"1";"60";"60242";"2";"1";"1";"7";"Route de Picardie";"49,59524815";"1,95600710"
"202300045304";"13";"05";"2023";"23:00";"3";"14";"14531";"1";"1";"1";"6";"Le Val";"48,86154900";" -0,34663300"
"202300045305";"2";"11";"2023";"18:00";"5";"75";"75107";"2";"3";"1";"6";"RUE DE BABYLONE";"48,85176900";"2,31711800"
"202300045306";"13";"05";"2023";"16:10";"1";"62";"62743";"2";"2";"1";"1";"D113";"50,36639000";"2,04333900"
"202300045307";"14";"05";"2023";"17:30";"1";"51";"51497";"1";"1";"1";"1";"D16";"48,73104500";"4,80415300"
"202300045308";"13";"05";"2023";"21:00";"1";"71";"71214";"1";"1";"1";"7";"D33";"46,64786000";"4,55761000"
"202300045309";"2";"11";"2023";"14:05";"1";"75";"75102";"2";"2";"1";"1";"RUE MONTMARTRE";"48,86690000";"2,34418600"
"202300045310";"14";"05";"2023";"14:00";"1";"41";"41032";"2";"1";"1";"3";"Rue des Allets";"47,52673900";"1,31054900"
"202300045311";"2";"11";"2023";"09:44";"1";"75";"75104";"2";"3";"2";"3";"BOULEVARD DE SEBASTOPOL";"48,85873000";"2,34835700"
"202300045312";"2";"11";"2023";"08:45";"1";"94";"94046";"2";"3";"1";"3";"Rue Cécile";"48,80740000";"2,44220000"
"202300045313";"14";"05";"2023";"00:55";"3";"33";"33205";"1";"2";"1";"3";"D11";"44,62619300";" -0,36934900"
"202300045314";"1";"11";"2023";"14:40";"1";"94";"94041";"2";"1";"2";"6";"102 Avenue Georges Gosnat";"48,81140400";"2,38410200"
"202300045315";"12";"05";"2023";"05:00";"3";"67";"67115";"1";"1";"1";"7";"D321";"48,29130300";"7,50310400"
"202300045316";"1";"11";"2023";"06:40";"5";"94";"94065";"2";"1";"1";"3";"Avenue Charles Lindbergh";"48,75192000";"2,35291000"
"202300045317";"14";"05";"2023";"02:50";"3";"51";"51217";"2";"1";"1";"6";"D3";"49,08293900";"3,65437600"
"202300045318";"2";"11";"2023";"18:30";"5";"94";"94073";"2";"9";"1";"6";"Rue des Alouettes";"48,75260000";"2,37448000"
"202300045319";"2";"11";"2023";"17:00";"1";"93";"93031";"2";"1";"1";"6";"Avenue de la Marne";"48,95359307";"2,32724937"
"202300045320";"14";"05";"2023";"10:35";"1";"974";"97410";"2";"9";"1";"6";"Route nationale 2";" -21,08081100";"55,74568000"
"202300045321";"2";"11";"2023";"20:55";"5";"93";"93029";"2";"1";"2";"2";"Avenue Henri Barbusse";"48,92079121";"2,45329372"
"202300045322";"14";"05";"2023";"19:00";"1";"06";"06046";"2";"4";"1";"3";"Route de la Manda";"43,76426800";"7,21533500"
"202300045323";"1";"11";"2023";"19:40";"5";"93";"93047";"2";"4";"1";"6";"Avenue Daguerre / Avenue Descartes";"48,90957000";"2,58497000"
"202300045324";"14";"05";"2023";"15:00";"1";"50";"50099";"1";"1";"1";"7";"PK 005.300";"49,30541300";" -1,21109200"
"202300045325";"2";"11";"2023";"07:50";"1";"93";"93057";"2";"1";"6";"7";"FRANCE (AL. ANATOLE)";"48,89686000";"2,50096000"
"202300045326";"2";"11";"2023";"07:00";"2";"92";"92050";"2";"1";"6";"3";"MARTIN HENRI AVENUE";"48,89277507";"2,18752876"
"202300045327";"2";"11";"2023";"18:00";"5";"92";"92024";"2";"1";"6";"6";"GENERAL ROGUET (RUE DU) DE (1 A 57)   (2";"48,90830000";"2,31293000"
"202300045328";"13";"05";"2023";"18:40";"1";"50";"50270";"1";"1";"1";"4";"D 2, PK 002+000";"49,49121100";" -1,46502300"
"202300045329";"3";"11";"2023";"16:50";"1";"26";"26139";"2";"1";"8";"6";"Rue Pierre Charles Messance";"45,08831600";"5,07920300"
"202300045330";"2";"11";"2023";"18:30";"3";"45";"45239";"1";"1";"8";"7";"D42 PR 11 + 268";"47,91290500";"2,64892800"
"202300045331";"12";"05";"2023";"18:15";"1";"56";"56193";"2";"3";"1";"1";"Rue de Laubriere";"47,71715400";" -3,31425500"
"202300045332";"3";"11";"2023";"15:45";"1";"76";"76624";"2";"1";"1";"6";"124 Rue du Thil";"49,87990000";"1,20857000"
"202300045333";"14";"05";"2023";"06:14";"2";"82";"82124";"1";"1";"1";"6";"1513 Route de Castelsarrasin";"44,01767300";"1,30293300"
"202300045334";"21";"10";"2023";"19:45";"3";"85";"85209";"1";"1";"2";"1";"RD 14";"46,51971700";" -1,02237300"
"202300045335";"2";"11";"2023";"23:45";"3";"83";"83004";"1";"1";"2";"6";"D 555";"43,47895800";"6,48189100"
"202300045336";"14";"05";"2023";"14:52";"1";"71";"71580";"2";"3";"1";"3";"841 Chemin du Bas";"46,65999600";"5,24507000"
"202300045337";"13";"05";"2023";"16:30";"1";"61";"61404";"2";"1";"1";"7";"D205";"48,56632700";"0,53252000"
"202300045338";"31";"10";"2023";"16:50";"1";"11";"11012";"2";"2";"1";"3";"33 Avenue Pierre de Coubertin";"43,30788900";"2,90464700"
"202300045339";"2";"11";"2023";"16:25";"1";"21";"21642";"1";"1";"1";"1";"Autoroute A6, pk 222.700";"47,48996177";"4,13751986"
"202300045340";"13";"05";"2023";"15:55";"1";"61";"61243";"1";"3";"1";"2";"D908";"48,58600800";" -0,33008800"
"202300045341";"2";"11";"2023";"19:15";"3";"50";"50214";"1";"1";"4";"2";"A84";"48,91535700";" -1,09238900"
"202300045342";"1";"11";"2023";"13:25";"1";"51";"51354";"1";"1";"6";"7";"D79";"48,90103000";"4,52135700"
"202300045343";"14";"05";"2023";"17:10";"1";"61";"61278";"2";"3";"1";"6";"D43 PR 3 +720";"48,71149400";" -0,54051300"
"202300045344";"2";"11";"2023";"22:25";"3";"65";"65054";"1";"1";"2";"6";"D929A";"43,07383413";"0,36161936"
"202300045345";"2";"11";"2023";"10:30";"1";"65";"65375";"1";"2";"3";"3";"D5";"43,37287800";"0,15383000"
"202300045346";"13";"05";"2023";"15:05";"1";"22";"22158";"1";"4";"1";"1";"N164";"48,20014000";" -2,89033000"
"202300045347";"27";"10";"2023";"18:30";"5";"69";"69168";"2";"3";"2";"2";"Quai Pierre Dupont";"45,84482000";"4,83516200"
"202300045348";"14";"05";"2023";"07:55";"1";"25";"25222";"1";"2";"1";"3";"N57";"47,14449600";"6,26972800"
"202300045349";"28";"10";"2023";"15:00";"1";"11";"11105";"1";"3";"1";"3";"CD 118";"43,03937100";"2,24287900"
"202300045350";"2";"11";"2023";"15:45";"1";"71";"71543";"2";"2";"3";"3";"Rue Eugène Gentil";"46,55545900";"4,90351800"
"202300045351";"3";"11";"2023";"17:45";"3";"89";"89423";"1";"1";"1";"1";"N/A";"47,92770000";"3,92210000"
"202300045352";"12";"05";"2023";"11:15";"1";"44";"44151";"1";"2";"1";"3";"1 Route de Saint-Denac";"47,32512000";" -2,33204700"
"202300045353";"13";"05";"2023";"18:45";"1";"44";"44006";"1";"1";"1";"1";"Le Pont de Fer";"47,46332900";" -2,42578400"
"202300045354";"2";"11";"2023";"18:10";"3";"55";"55007";"1";"1";"1";"3";"D964";"49,02152100";"5,44669900"
"202300045355";"1";"11";"2023";"11:50";"1";"46";"46153";"1";"1";"2";"6";"RD 820";"44,85434800";"1,47723200"
"202300045356";"4";"05";"2023";"20:15";"2";"38";"38408";"2";"1";"1";"1";"Route du Corbet";"45,59714000";"4,99664600"
"202300045357";"3";"11";"2023";"16:50";"3";"39";"39027";"1";"1";"2";"1";"N/A";"46,56144200";"5,50153300"
"202300045358";"13";"05";"2023";"14:40";"1";"02";"02807";"1";"1";"1";"5";"N/A";"49,64394400";"3,20826900"
"202300045359";"2";"11";"2023";"18:00";"5";"02";"02095";"2";"1";"3";"6";"5 Rue Paulin Pecqueux";"49,98828400";"3,45222800"
"202300045360";"2";"11";"2023";"14:00";"1";"03";"03170";"1";"1";"2";"6";"D73";"46,52318000";"3,10340200"
"202300045361";"13";"05";"2023";"16:49";"1";"15";"15120";"2";"1";"1";"4";"RD 922";"45,21595500";"2,34521600"
"202300045362";"13";"05";"2023";"22:55";"3";"01";"01133";"1";"6";"8";"7";"D992";"45,78270600";"5,76919600"
"202300045363";"2";"11";"2023";"17:40";"3";"70";"70575";"1";"1";"9";"2";"D15b";"47,33610300";"6,01609800"
"202300045364";"2";"11";"2023";"06:30";"3";"45";"45188";"1";"6";"6";"6";"D2152 PR 50 + 301";"47,97376300";"2,05257700"
"202300045365";"14";"05";"2023";"16:20";"1";"66";"66052";"1";"1";"1";"3";"N/A";"42,60503800";"2,41721700"
"202300045366";"14";"05";"2023";"01:50";"3";"50";"50079";"1";"3";"1";"3";"Route de Bricquebec";"49,54296400";" -1,67412800"
"202300045367";"27";"10";"2023";"16:50";"1";"16";"16286";"1";"2";"3";"3";"D736 - Chateau de Lignères";"45,80671100";" -0,05237800"
"202300045368";"3";"11";"2023";"20:20";"3";"24";"24019";"1";"1";"2";"6";"Avenue de la plaine";"45,15262700";"1,13545400"
"202300045369";"2";"11";"2023";"10:00";"1";"24";"24026";"1";"9";"2";"1";"D5";"45,19334900";"0,88714600"
"202300045370";"13";"05";"2023";"22:55";"3";"18";"18134";"2";"4";"1";"6";"33 Rue du Chambord";"47,12504200";"2,05808600"
"202300045371";"13";"05";"2023";"07:30";"2";"18";"18211";"1";"1";"8";"7";"N/A";"47,18592100";"2,39946400"
"202300045372";"3";"11";"2023";"18:30";"3";"85";"85288";"1";"1";"3";"4";"RD949";"46,47643000";" -1,66258000"
"202300045373";"14";"05";"2023";"09:45";"1";"36";"36069";"1";"1";"5";"3";"Cloue";"47,06384338";"1,39408357"
"202300045374";"2";"11";"2023";"14:18";"1";"52";"52287";"1";"3";"2";"3";"D131";"48,14233000";"5,55605600"
"202300045375";"14";"05";"2023";"17:45";"1";"37";"37165";"1";"1";"1";"6";"D57";"47,20343200";"0,51200200"