"Num_Acc";"jour";"mois";"an";"hrmn";"lum";"dep";"com";"agg";"int";"atm";"col";"adr";"lat";"long"
"202300045376";"3";"11";"2023";"18:20";"3";"68";"68375";"1";"1";"1";"1";"D2";"47,81543100";"7,24602000"
"202300045377";"13";"05";"2023";"18:35";"1";"95";"95394";"2";"1";"1";"6";"48 PONTOISE (CHEMIN DE)";"49,05900600";"2,17145200"
"202300045378";"2";"11";"2023";"16:15";"1";"34";"34247";"1";"1";"7";"6";"Campus de Bissy (Arrêt de bus)";"43,65570900";"3,83648700"
"202300045379";"13";"05";"2023";"21:45";"2";"978";"97801";"1";"1";"1";"1";"R FRANKLIN LAURENCE";"18,09878300";" -63,05009100"
"202300045380";"2";"11";"2023";"19:51";"3";"49";"49222";"1";"1";"2";"6";"A 87 pk 005+800";"47,36469900";" -0,57274800"
"202300045381";"13";"05";"2023";"13:37";"1";"69";"69244";"2";"6";"1";"3";"Porte du Valvert";"45,77016905";"4,78770933"
"202300045382";"2";"11";"2023";"11:51";"1";"974";"97415";"1";"1";"1";"4";"N1a";" -21,05612700";"55,22672700"
"202300045383";"3";"11";"2023";"13:46";"1";"973";"97311";"2";"1";"1";"3";"42 Avenue Félix Eboué";"5,49994900";" -54,03074000"
"202300045384";"13";"05";"2023";"05:30";"3";"974";"97415";"1";"1";"1";"3";"RN1A - PK32";" -21,01903700";"55,23524500"
"202300045385";"1";"11";"2023";"07:40";"1";"971";"97116";"1";"1";"1";"3";"Jabrun Saint Cyr";"16,31565000";" -61,44377100"
"202300045386";"13";"05";"2023";"09:45";"1";"41";"41207";"2";"3";"1";"7";"3bis Rue Nationale";"47,65723200";"1,49499100"
"202300045387";"13";"05";"2023";"16:58";"1";"95";"95102";"1";"1";"1";"6";"D22";"49,15691000";"2,04714800"
"202300045388";"3";"11";"2023";"09:45";"1";"13";"13088";"2";"4";"2";"3";"D568";"43,36635800";"5,26341900"
"202300045389";"14";"05";"2023";"07:20";"2";"78";"78160";"2";"1";"8";"7";"Route de la Brosse";"48,71705200";"2,03113000"
"202300045390";"3";"11";"2023";"10:20";"1";"48";"48004";"1";"1";"1";"6";"Lieu dit Combret";"44,46429700";"3,88581800"
"202300045391";"13";"05";"2023";"18:00";"1";"30";"30090";"1";"1";"1";"1";"D51";"44,38586300";"3,98121400"
"202300045392";"13";"05";"2023";"13:00";"1";"83";"83138";"2";"1";"1";"6";"Route Rd 19";"43,61766200";"6,70933700"
"202300045393";"3";"11";"2023";"16:00";"1";"83";"83115";"1";"1";"1";"1";"D25";"43,36050493";"6,60032135"
"202300045394";"13";"05";"2023";"10:10";"1";"13";"13100";"1";"1";"1";"1";"CD 30";"43,80227700";"4,86033400"
"202300045395";"31";"10";"2023";"18:50";"3";"06";"06157";"2";"1";"2";"6";"Chemin des Gardettes";"43,71119600";"7,10504300"
"202300045396";"28";"04";"2023";"05:40";"2";"68";"68163";"1";"1";"3";"7";"Route du Sipes";"47,68265300";"7,51163400"
"202300045397";"2";"11";"2023";"07:11";"2";"04";"04197";"1";"1";"2";"6";"D4096";"43,77237600";"5,76538100"
"202300045398";"2";"11";"2023";"09:45";"1";"13";"13066";"1";"9";"3";"1";"D28";"43,88561400";"4,89197400"
"202300045399";"12";"05";"2023";"17:15";"1";"73";"73249";"1";"3";"1";"3";"rd 1006";"45,52812900";"5,99266100"
"202300045400";"31";"10";"2023";"15:15";"1";"57";"57031";"2";"1";"1";"7";"Rue Principale";"49,09113100";"6,26469600"
"202300045401";"13";"05";"2023";"18:00";"1";"42";"42094";"2";"3";"2";"3";"Rue du 8 mai";"45,74508900";"4,22273000"
"202300045402";"30";"10";"2023";"18:05";"3";"01";"01424";"1";"2";"2";"3";"Route de la Boisse";"45,87486200";"4,97592700"
"202300045403";"13";"05";"2023";"20:45";"2";"33";"33487";"1";"1";"1";"7";"Avenue Paul Princeteau -Rd 10";"44,97073400";" -0,47792700"
"202300045404";"19";"10";"2023";"15:45";"1";"59";"59268";"2";"1";"1";"3";"106 rue jean mermoz";"50,62672700";"2,72984000"
"202300045405";"14";"05";"2023";"18:00";"1";"60";"60581";"2";"1";"1";"6";"Rue du Marais";"49,49931400";"2,43887600"
"202300045406";"3";"11";"2023";"07:50";"1";"59";"59592";"1";"3";"8";"3";"ROUTE DE MONCHEAUX";"50,46490800";"3,07592000"
"202300045407";"2";"11";"2023";"15:00";"1";"94";"94038";"1";"1";"1";"2";"A6B";"48,78814065";"2,34444260"
"202300045408";"14";"05";"2023";"08:30";"1";"80";"80204";"1";"1";"8";"2";"Autoroute A1 PK 137+800";"50,00920100";"2,87704500"
"202300045409";"2";"11";"2023";"17:45";"2";"93";"93063";"1";"1";"6";"3";"AUTOROUTE A3";"48,87528738";"2,44004158"
"202300045410";"13";"05";"2023";"21:30";"3";"62";"62793";"1";"1";"1";"6";"D57";"50,41428800";"2,63440100"
"202300045411";"2";"11";"2023";"15:30";"1";"93";"93010";"1";"1";"1";"3";"AUTOROUTE A3";"48,91454975";"2,47732254"
"202300045412";"14";"05";"2023";"06:12";"1";"59";"59158";"2";"1";"1";"6";"844 Rue des Ramoniers";"50,44618800";"3,17757900"
"202300045413";"2";"01";"2023";"15:30";"1";"93";"93010";"1";"1";"1";"6";"AUTOROUTE A3";"48,91454975";"2,47732254"
"202300045414";"15";"04";"2023";"18:15";"1";"13";"13019";"1";"1";"1";"6";"A51-Sens Aix en Provence vers Marseille";"43,42689300";"5,38133000"
"202300045415";"2";"11";"2023";"06:05";"3";"95";"95424";"1";"1";"6";"5";"A15";"48,99151000";"2,19085000"
"202300045416";"5";"05";"2023";"07:45";"1";"69";"69199";"1";"1";"1";"3";"Autoroute 7 ";"45,68399000";"4,84704000"
"202300045417";"13";"05";"2023";"16:00";"1";"91";"91179";"1";"1";"1";"7";"AUTOROUTE A6";"48,55993000";"2,48430000"
"202300045418";"13";"05";"2023";"01:40";"3";"92";"92064";"1";"1";"1";"2";"A13";"48,83887386";"2,19360470"
"202300045419";"1";"11";"2023";"23:00";"3";"93";"93008";"1";"1";"2";"5";"N186";"48,90551000";"2,46138000"
"202300045420";"12";"05";"2023";"12:30";"1";"92";"92072";"1";"1";"1";"6";"N118";"48,82701466";"2,22422590"
"202300045421";"1";"11";"2023";"19:00";"3";"92";"92078";"1";"1";"1";"2";"AUTOROUTE A86";"48,92990824";"2,32700212"
"202300045422";"13";"05";"2023";"01:20";"3";"95";"95241";"1";"1";"1";"3";"N104";"49,05498000";"2,42402000"
"202300045423";"1";"11";"2023";"16:00";"1";"93";"93027";"1";"1";"8";"1";"AUTOROUTE A16";"48,92788000";"2,40351000"
"202300045424";"12";"05";"2023";"23:00";"3";"95";"95060";"1";"1";"1";"2";"A115";"49,03492000";"2,19666000"
"202300045425";"2";"11";"2023";"19:30";"3";"94";"94069";"1";"1";"1";"4";"A4";"48,81737184";"2,43495080"
"202300045426";"12";"05";"2023";"17:05";"1";"95";"95582";"1";"1";"1";"5";"A15";"48,96694425";"2,25535154"
"202300045427";"1";"11";"2023";"11:50";"1";"94";"94033";"1";"1";"2";"4";"A86";"48,85202343";"2,48970428"
"202300045428";"12";"05";"2023";"13:50";"1";"93";"93053";"1";"1";"8";"7";"AUTOROUTE A103";"48,88757000";"2,47287000"
"202300045429";"23";"07";"2023";"11:30";"1";"05";"05153";"1";"1";"1";"7";"RD143";"44,68378501";"6,15993670"
"202300045430";"12";"05";"2023";"20:15";"1";"94";"94073";"1";"1";"1";"2";"A86";"48,76314920";"2,38096972"
"202300045431";"12";"05";"2023";"10:40";"1";"75";"75102";"2";"4";"2";"1";"PLACE DE L OPERA";"48,87061713";"2,33207881"
"202300045432";"1";"11";"2023";"17:30";"1";"974";"97416";"1";"1";"1";"4";"RN1 (ROUTE NATIONALE)";" -21,30300000";"55,42660000"
"202300045433";"9";"05";"2023";"15:15";"1";"13";"13108";"2";"1";"3";"6";"HALLES (RUE)";"43,80440000";"4,65665000"
"202300045434";"1";"11";"2023";"05:00";"5";"973";"97302";"2";"1";"1";"7";"PASTEUR (AVENUE LOUIS)";"4,94347000";" -52,32377000"
"202300045435";"31";"10";"2023";"23:35";"5";"973";"97302";"1";"9";"1";"7";"MARINGOUINS (ROND-POINT)";"4,90761173";" -52,32265323"
"202300045436";"1";"11";"2023";"12:10";"1";"972";"97213";"2";"1";"1";"1";"BOIS D'INDE (CITE)";"14,62460894";" -61,01005918"
"202300045437";"1";"11";"2023";"19:55";"5";"69";"69382";"2";"1";"1";"6";"Cours de Verdun Perrache";"45,74877000";"4,82797000"
"202300045438";"12";"05";"2023";"11:30";"1";"974";"97416";"2";"1";"1";"6";"MAHY (RUE FRANCOIS DE)";" -21,34142000";"55,47500000"
"202300045439";"31";"10";"2023";"19:14";"5";"971";"97113";"1";"1";"1";"1";"SECTEUR DAMPIERRE";"16,20861001";" -61,46941781"
"202300045440";"12";"05";"2023";"07:40";"1";"974";"97411";"2";"2";"1";"6";"NICE (RUE DE)";" -20,87366000";"55,44850000"
"202300045441";"1";"11";"2023";"13:20";"1";"91";"91689";"1";"1";"2";"1";"RD 118";"48,71452000";"2,33183000"
"202300045442";"12";"05";"2023";"19:20";"3";"973";"97302";"2";"6";"1";"1";"KET TAI (CARREFOUR)";"4,93707509";" -52,32599562"
"202300045443";"12";"05";"2023";"14:50";"1";"973";"97302";"2";"1";"1";"2";"CABASSOU (ROUTE DE)";"4,91938000";" -52,31809000"
"202300045444";"1";"11";"2023";"14:30";"1";"91";"91687";"2";"1";"3";"1";"DUPARCHY (RUE)";"48,67044100";"2,36560200"
"202300045445";"12";"05";"2023";"01:10";"5";"973";"97302";"2";"1";"1";"6";"GRANT (CITE)";"4,94433219";" -52,30969012"
"202300045446";"1";"11";"2023";"19:05";"5";"89";"89387";"2";"1";"1";"7";"PAUL ELUARD (RUE)";"48,19165000";"3,31034000"
"202300045447";"12";"05";"2023";"11:45";"1";"69";"69387";"2";"1";"1";"6";"Rue Chevreul";"45,74950000";"4,83757000"
"202300045448";"12";"05";"2023";"09:55";"1";"69";"69387";"2";"3";"1";"3";"Avenue Leclerc";"45,73469000";"4,82366000"
"202300045449";"1";"11";"2023";"19:10";"3";"77";"77350";"2";"6";"1";"7";"D354";"48,76093000";"2,66275000"
"202300045450";"12";"05";"2023";"14:15";"1";"972";"97209";"2";"1";"1";"1";"BALATA (ROUTE DE)";"14,62570432";" -61,07243425"
"202300045451";"12";"05";"2023";"14:20";"1";"69";"69034";"2";"4";"1";"1";"Boulevard Paul Doumer";"45,79220000";"4,83579000"
"202300045452";"2";"11";"2023";"00:15";"5";"76";"76231";"2";"2";"2";"3";"Rue Boucher de Perthes";"49,29089000";"0,99979000"
"202300045453";"11";"05";"2023";"11:35";"1";"971";"97101";"1";"1";"8";"6";"Pont de BLANCHARD";"16,22577000";" -61,52407000"
"202300045454";"31";"10";"2023";"21:00";"3";"76";"76576";"1";"1";"2";"5";"D6015";"49,55370000";"0,44804000"
"202300045455";"11";"05";"2023";"07:50";"1";"971";"97101";"2";"1";"2";"4";"ROUTE DE BOISVINS";"16,26543000";" -61,48091000"
"202300045456";"12";"05";"2023";"09:30";"1";"83";"83137";"2";"1";"1";"3";"MATISSE (RUE / IMP HENRI)";"43,12903000";"5,98361000"
"202300045457";"31";"10";"2023";"10:00";"1";"68";"68166";"2";"2";"1";"1";"GUEBWILLER (RUE DE)";"47,79373000";"7,31539000"
"202300045458";"11";"05";"2023";"09:18";"1";"83";"83129";"2";"1";"1";"2";"ECOLES (BD DES)";"43,10809000";"5,81407000"
"202300045459";"1";"11";"2023";"22:30";"5";"63";"63113";"2";"1";"8";"3";"FLAUBERT (BD GUSTAVE)";"45,77133459";"3,12212348"
"202300045460";"11";"05";"2023";"10:10";"1";"83";"83069";"2";"3";"1";"3";"MASSEL (RUE JULES)";"43,11815000";"6,11913000"
"202300045461";"1";"11";"2023";"14:20";"1";"62";"62193";"2";"6";"3";"6";"D940";"50,94110000";"1,83832000"
"202300045462";"1";"11";"2023";"12:00";"1";"60";"60057";"1";"1";"2";"6";"Rue de Crevecoeur";"49,45732014";"2,07505121"
"202300045463";"11";"05";"2023";"12:10";"1";"82";"82121";"2";"3";"1";"3";"MOULIN (avenue jean )";"44,02436000";"1,36403000"
"202300045464";"1";"11";"2023";"18:45";"5";"38";"38421";"2";"1";"2";"6";"AVENUE GABRIEL PÉRI";"45,18500000";"5,76385000"
"202300045465";"12";"05";"2023";"12:15";"1";"78";"78146";"2";"2";"2";"3";"MAURICE DE VLAMINCK (RUE)";"48,90249400";"2,15180800"
"202300045466";"1";"11";"2023";"15:15";"2";"38";"38151";"2";"1";"2";"6";"COURS JEAN JAURÈS";"45,15159000";"5,70629000"
"202300045467";"11";"05";"2023";"16:00";"1";"78";"78481";"2";"1";"1";"6";"JEAN JAURES (AVENUE)";"48,89780000";"2,11150000"
"202300045468";"1";"11";"2023";"03:15";"3";"38";"38169";"2";"1";"1";"6";"AVENUE ARISTIDE BRIAND";"45,18987319";"5,69177504"
"202300045469";"12";"05";"2023";"09:15";"1";"78";"78498";"2";"3";"1";"6";"MALADRERIE AV DE LA";"48,91814100";"2,02653000"
"202300045470";"1";"11";"2023";"04:30";"5";"37";"37261";"2";"1";"1";"4";"GRAMMONT (AVENUE DE)";"47,38217000";"0,69232000"
"202300045471";"12";"05";"2023";"08:00";"1";"77";"77186";"1";"6";"1";"2";"RD 142 ";"48,43063700";"2,66139000"
"202300045472";"1";"11";"2023";"18:50";"5";"35";"35281";"2";"1";"2";"6";"MERMOZ (BOULEVARD JEAN)";"48,09550000";" -1,69536000"
"202300045473";"12";"05";"2023";"23:25";"3";"76";"76231";"2";"6";"1";"6";"Rue de Rouen";"49,29694000";"0,99486000"
"202300045474";"1";"11";"2023";"14:10";"1";"34";"34172";"2";"1";"8";"3";"ACCONIERS (RUE DES)";"43,59555000";"3,89676000"
"202300045475";"12";"05";"2023";"11:15";"1";"72";"72181";"2";"1";"1";"3";"MONIER FRANCOIS (RUE)";"47,95546000";"0,18276000"
"202300045476";"12";"05";"2023";"07:55";"1";"72";"72181";"2";"9";"1";"2";"LEFAUCHEUX PIERRE (BD)";"47,96281000";"0,17698000"
"202300045477";"1";"11";"2023";"19:15";"5";"33";"33039";"2";"2";"2";"3";"Avenue Jeanne d'Arc";"44,79843000";" -0,54151000"
"202300045478";"11";"05";"2023";"16:00";"1";"72";"72181";"2";"9";"1";"6";"KLOTZ HENRI-PIERRE (AV)";"48,01871000";"0,17328000"
"202300045479";"11";"05";"2023";"11:05";"1";"72";"72181";"2";"1";"1";"6";"FALCONET ETIENNE (RUE)";"47,96154000";"0,21403000"
"202300045480";"1";"11";"2023";"09:25";"1";"33";"33063";"2";"1";"1";"2";"Rue de la Pelouse de Douet";"44,82879000";" -0,61006000"
"202300045481";"6";"05";"2023";"15:30";"1";"71";"71270";"2";"1";"1";"2";"Carrefour Europe - Av Edouard Herriot";"46,29929000";"4,82777000"
"202300045482";"1";"11";"2023";"07:10";"3";"33";"33522";"2";"9";"2";"6";"Cours de la Libération";"44,80014000";" -0,59660000"
"202300045483";"12";"05";"2023";"10:45";"1";"67";"67482";"2";"1";"1";"6";"PETIT RHIN (ROUTE DU)";"48,57152000";"7,78533000"
"202300045484";"1";"11";"2023";"12:35";"1";"33";"33009";"2";"1";"8";"6";"GAMBETTA (AVE) DU 30 ET +";"44,65855218";" -1,16821200"
"202300045485";"12";"05";"2023";"12:10";"1";"67";"67482";"2";"1";"2";"6";"LANGEVIN (RUE)";"48,60354000";"7,71468000"
"202300045486";"1";"11";"2023";"20:20";"3";"26";"26198";"2";"1";"1";"6";"Avenue John Fitzgerald Kennedy";"44,55416874";"4,74010706"
"202300045487";"10";"05";"2023";"17:53";"1";"66";"66136";"2";"3";"1";"6";"N/A";"42,68003000";"2,90354000"
"202300045488";"1";"11";"2023";"06:50";"2";"13";"13209";"2";"9";"1";"3";"CATHERINE BLUM (BOULEVARD)";"43,26388000";"5,41841000"
"202300045489";"12";"05";"2023";"22:10";"5";"64";"64102";"2";"6";"2";"3";"PIECE NOYEE (ROND POINT DE LA)";"43,49905000";" -1,48130000"
"202300045490";"12";"05";"2023";"09:45";"1";"64";"64102";"2";"1";"1";"6";"ARITXAGUE (BD D')";"43,48860000";" -1,49147000"
"202300045491";"1";"11";"2023";"12:20";"1";"13";"13001";"1";"1";"1";"2";"GALICE (RTE DE)";"43,52554213";"5,39913001"
"202300045492";"11";"05";"2023";"17:52";"1";"64";"64102";"2";"3";"1";"3";"SOULT (AVENUE MARECHAL)";"43,48361000";" -1,50088000"
"202300045493";"1";"11";"2023";"18:40";"5";"75";"75105";"2";"3";"1";"6";"BOULEVARD SAINT MICHEL";"48,84249300";"2,33818800"
"202300045494";"12";"05";"2023";"08:50";"1";"62";"62480";"2";"1";"3";"6";"Rue Cugnot";"50,48446000";"2,68085000"
"202300045495";"19";"04";"2023";"12:45";"1";"61";"61391";"1";"1";"1";"7";"D924";"48,77700000";" -0,57800000"
"202300045496";"1";"11";"2023";"02:00";"5";"75";"75105";"2";"3";"1";"2";"BOULEVARD SAINT MICHEL";"48,84250100";"2,33818900"
"202300045497";"11";"05";"2023";"08:10";"1";"57";"57012";"2";"1";"1";"6";"CLEMENCEAU (RUE)";"49,35835000";"6,04792000"
"202300045498";"12";"05";"2023";"14:15";"1";"54";"54395";"2";"2";"1";"6";"Rue Jeanne d'Arc";"48,68933000";"6,16979000"
"202300045499";"1";"11";"2023";"08:45";"1";"75";"75117";"2";"2";"1";"6";"AVENUE DE CLICHY";"48,89026900";"2,32077000"
"202300045500";"12";"05";"2023";"03:10";"5";"54";"54547";"2";"1";"2";"6";"Avenue Paul Muller";"48,65646200";"6,12726700"
"202300045501";"12";"05";"2023";"02:00";"5";"54";"54395";"2";"1";"8";"6";"LIBERATION (AVENUE DE LA)";"48,69639400";"6,15060200"
"202300045502";"1";"11";"2023";"18:05";"5";"75";"75116";"2";"4";"1";"3";"RUE D AUTEUIL";"48,84811600";"2,26434600"
"202300045503";"12";"05";"2023";"23:25";"5";"51";"51454";"2";"1";"1";"7";"boulevard Albert 1er";"49,26614600";"4,01019500"
"202300045504";"12";"05";"2023";"18:35";"1";"51";"51454";"2";"3";"1";"7";"avenue Edmond Michelet";"49,22309570";"4,03099000"
"202300045505";"1";"11";"2023";"00:50";"5";"75";"75116";"2";"1";"1";"2";"AVENUE DE NEW YORK";"48,86255900";"2,29415400"
"202300045506";"12";"05";"2023";"08:10";"1";"51";"51454";"2";"1";"3";"3";"boulevard des Belges";"49,27531000";"4,01880000"
"202300045507";"1";"11";"2023";"22:25";"5";"75";"75112";"2";"3";"1";"6";"RUE DU FAUBOURG SAINT ANTOINE";"48,84967600";"2,38731200"
"202300045508";"12";"05";"2023";"01:45";"5";"50";"50129";"2";"2";"1";"3";"CONQUERANT (BOULEVARD GUILLAUME LE)";"49,64218000";" -1,63693000"
"202300045509";"31";"10";"2023";"23:30";"5";"75";"75108";"2";"2";"1";"3";"AVENUE MATIGNON";"48,87176100";"2,31419400"
"202300045510";"11";"05";"2023";"21:20";"2";"50";"50129";"2";"2";"1";"3";"SCHUMAN (BOULEVARD ROBERT)";"49,63815000";" -1,62515000"
"202300045511";"1";"11";"2023";"21:30";"5";"94";"94058";"2";"1";"2";"2";"Quai de l'Artois";"48,83029000";"2,51313800"
"202300045512";"12";"05";"2023";"19:15";"1";"49";"49007";"2";"2";"1";"3";"BEDIER BOULEVARD";"47,45056000";" -0,55279000"
"202300045513";"1";"11";"2023";"21:30";"5";"93";"93059";"2";"1";"1";"3";"Rue Pierre Curie";"48,95628296";"2,36337508"
"202300045514";"12";"05";"2023";"08:50";"1";"49";"49007";"2";"1";"1";"2";"VOIE DES BERGES";"47,47148681";" -0,55957586"
"202300045515";"1";"11";"2023";"14:50";"1";"93";"93066";"2";"3";"2";"6";"Avenue Jules Rimet / Rue de l'Olympisme";"48,92465400";"2,36257900"
"202300045516";"11";"05";"2023";"14:15";"1";"49";"49246";"2";"1";"1";"1";"GAULLE RUE CHARLES DE";"47,42364000";" -0,52434000"
"202300045517";"1";"11";"2023";"09:45";"1";"93";"93066";"2";"4";"8";"3";"Boulevard de la Libération / Rue Charles Michels";"48,92746000";"2,34161000"
"202300045518";"12";"05";"2023";"13:05";"1";"37";"37214";"2";"1";"1";"3";"D938";"47,42904000";"0,65039000"
"202300045519";"1";"11";"2023";"18:45";"5";"93";"93064";"2";"5";"1";"6";"Avenue du Général de Gaulle / Boulevard Gabriel Péri";"48,87728117";"2,47999327"
"202300045520";"4";"05";"2023";"17:10";"1";"35";"35288";"2";"1";"1";"1";"JEAN XXIII (RUE)";"48,63401500";" -2,01620800"
"202300045521";"1";"11";"2023";"08:55";"1";"93";"93051";"2";"1";"1";"6";"Boulevard du Ru de Nesles";"48,83642000";"2,58248000"
"202300045522";"12";"05";"2023";"11:30";"1";"35";"35115";"2";"6";"1";"3";"GROSLAY (BD DE JUSQU'AU N°23)";"48,35264000";" -1,18618000"
"202300045523";"1";"11";"2023";"08:05";"1";"93";"93048";"2";"2";"1";"3";"Rue Robespierre / Rue Cuvier";"48,85104000";"2,42451000"
"202300045524";"12";"05";"2023";"06:00";"2";"33";"33550";"2";"1";"1";"1";"Avenue des Pyrénées";"44,77913000";" -0,56625000"
"202300045525";"1";"11";"2023";"12:04";"1";"93";"93045";"2";"2";"2";"3";"Rue des Bruyères / Rue de Romainville";"48,87685000";"2,41433000"
"202300045526";"12";"05";"2023";"16:00";"1";"33";"33009";"2";"3";"1";"2";"LIBERATION (AVE)";"44,65506000";" -1,15879000"
"202300045527";"1";"11";"2023";"20:28";"5";"93";"93079";"2";"3";"1";"6";"Rue de l'Université / Rue du 19 Mars 1962";"48,95895000";"2,34213000"
"202300045528";"12";"05";"2023";"18:30";"2";"31";"31344";"1";"1";"2";"2";"POINTIS INARD (ROUTE DE)";"43,09721000";"0,77086000"
"202300045529";"1";"11";"2023";"09:56";"1";"93";"93027";"1";"1";"1";"6";"Avenue Waldeck Rochet";"48,93799017";"2,40479568"
"202300045530";"12";"05";"2023";"07:50";"1";"31";"31483";"2";"2";"2";"1";"BOYER (RUE DU GENERAL)";"43,10117000";"0,73020000"
"202300045531";"31";"10";"2023";"20:35";"5";"92";"92046";"2";"2";"1";"6";"CAMELINAT";"48,81300000";"2,29873000"
"202300045532";"5";"05";"2023";"00:10";"3";"30";"30028";"1";"9";"1";"6";"EUZEBY (AVENUE ERNEST)";"44,16000000";"4,61000000"
"202300045533";"31";"10";"2023";"18:40";"5";"92";"92075";"2";"1";"1";"2";"PAIX (AVENUE DE LA)";"48,81541966";"2,27706707"
"202300045534";"12";"05";"2023";"20:05";"1";"29";"29019";"2";"1";"7";"6";"avenue de Provence";"48,40758000";" -4,51505000"
"202300045535";"1";"11";"2023";"15:10";"1";"92";"92033";"2";"1";"1";"6";"HENRI REGNAULT";"48,84879590";"2,19062895"
"202300045536";"12";"05";"2023";"12:45";"1";"27";"27681";"2";"1";"1";"2";"JAURES (BOULEVARD JAURES)";"49,09507000";"1,46668000"
"202300045537";"1";"11";"2023";"04:10";"5";"92";"92051";"2";"2";"1";"3";"MAURICE BARRES (BOULEVARD)";"48,87890150";"2,27076387"
"202300045538";"11";"05";"2023";"17:45";"1";"27";"27299";"2";"2";"1";"2";"BRIAND (AVENUE ARISTIDE)";"49,04142000";"1,15920000"
"202300045539";"31";"10";"2023";"18:45";"5";"92";"92051";"1";"9";"2";"3";"BOURDON (BOULEVARD)";"48,89658479";"2,27276623"
"202300045540";"12";"05";"2023";"16:30";"1";"25";"25204";"1";"3";"2";"3";"Route Départementale 437";"46,93231016";"6,36618710"
"202300045541";"1";"11";"2023";"19:30";"5";"92";"92048";"2";"3";"1";"3";"ROBERT SCHUMAN (AVENUE)";"48,78901406";"2,23387465"
"202300045542";"12";"05";"2023";"12:10";"1";"25";"25056";"2";"2";"1";"1";"OBSERVATOIRE AVENUE DE L'";"47,24617900";"5,99904300"
"202300045543";"1";"11";"2023";"20:55";"4";"92";"92023";"2";"1";"1";"6";"GARDE (PLACE DU) S101";"48,80326000";"2,25684000"
"202300045544";"6";"05";"2023";"23:30";"3";"19";"19031";"2";"1";"1";"3";"RIVET (AVENUE JEAN CHARLES)";"45,15118000";"1,50055000"
"202300045545";"6";"05";"2023";"16:05";"1";"19";"19031";"2";"2";"1";"3";"DUMAITRE (RUE JEAN)";"45,15527000";"1,54838000"
"202300045546";"18";"10";"2023";"19:15";"3";"83";"83019";"1";"1";"1";"1";"D98";"43,19921600";"6,39445100"
"202300045547";"12";"05";"2023";"20:15";"1";"13";"13207";"2";"1";"1";"3";"RIVE NEUVE (QUAI)";"43,29259641";"5,36731482"
"202300045548";"1";"11";"2023";"12:05";"1";"36";"36006";"1";"1";"2";"7";"N/A";"46,56317828";"1,50554538"
"202300045549";"12";"05";"2023";"15:00";"1";"13";"13212";"2";"1";"1";"6";"FELIBRES (AVENUE DES)";"43,31156218";"5,42576734"
"202300045550";"2";"11";"2023";"18:10";"3";"83";"83140";"1";"1";"2";"6";"Rdn 7- Saint Maximin";"43,40917900";"5,94757900"
"202300045551";"2";"11";"2023";"10:00";"1";"59";"59182";"1";"1";"3";"7";"1886 Loowegh Straete";"50,91181100";"2,33268000"
"202300045552";"12";"05";"2023";"13:40";"1";"13";"13203";"2";"3";"1";"3";"MIRES (RUE)";"43,31134000";"5,37048000"
"202300045553";"2";"11";"2023";"15:50";"1";"82";"82094";"2";"9";"2";"1";"Lauzerte";"44,26185900";"1,14654200"
"202300045554";"12";"05";"2023";"12:30";"1";"13";"13214";"2";"1";"1";"1";"SAINT JOSEPH (CHEMIN DE)";"43,34869846";"5,37608206"
"202300045555";"31";"10";"2023";"17:18";"2";"82";"82087";"1";"3";"8";"2";"D927";"44,11874900";"1,24847200"
"202300045556";"12";"05";"2023";"09:00";"1";"13";"13212";"2";"1";"1";"1";"TROIS LUCS A LA VALENTINE (ROUTE)";"43,30205000";"5,47637000"
"202300045557";"2";"11";"2023";"14:45";"1";"65";"65292";"1";"1";"2";"7";"Cami de Marque-darré";"43,26666300";" -0,12503900"
"202300045558";"12";"05";"2023";"09:21";"1";"10";"10081";"2";"6";"2";"2";"Boulevard de l’Ouest";"48,30500654";"4,02689695"
"202300045559";"1";"11";"2023";"14:45";"1";"32";"32301";"1";"1";"1";"7";"Chemin de Bianne";"43,66199100";"0,46638800"
"202300045560";"11";"05";"2023";"07:47";"1";"10";"10325";"2";"1";"1";"6";"Rue Marie Curie";"48,27086388";"4,07393485"
"202300045561";"1";"11";"2023";"11:25";"1";"11";"11418";"1";"2";"1";"3";"CD218";"43,23533900";"2,03592500"
"202300045562";"1";"05";"2023";"11:22";"1";"10";"10265";"2";"1";"1";"6";"GAGNAGE (RUE DU)";"48,30491000";"4,03828000"
"202300045563";"2";"11";"2023";"18:25";"5";"47";"47051";"2";"6";"2";"3";"Avenue Jean Monnet";"44,17534600";"0,68678200"
"202300045564";"12";"05";"2023";"16:55";"1";"07";"07229";"2";"6";"1";"7";"RN 102";"44,61264000";"4,40823000"
"202300045565";"1";"11";"2023";"14:30";"1";"34";"34194";"2";"1";"1";"3";"163 Rue des Coquelicots";"43,53680900";"3,45763000"
"202300045566";"2";"05";"2023";"16:35";"1";"06";"06069";"2";"1";"1";"6";"DE GAULLE (AVENUE DU GENERAL)";"43,65580900";"6,91813200"
"202300045567";"2";"11";"2023";"05:45";"3";"44";"44064";"1";"1";"3";"7";"N/A";"47,11440100";" -1,28270200"
"202300045568";"2";"05";"2023";"15:00";"1";"06";"06069";"2";"1";"1";"2";"CANNES (ROUTE DE)  -RD 6085-";"43,63523000";"6,95167000"
"202300045569";"2";"11";"2023";"04:30";"3";"02";"02643";"1";"1";"6";"6";"21 Route Nationale 31";"49,39648000";"3,12724100"
"202300045570";"11";"05";"2023";"21:10";"5";"05";"05061";"2";"1";"1";"3";"COMMANDANT DUMONT ( AVENUE)";"44,56931000";"6,08330000"
"202300045571";"25";"10";"2023";"14:30";"1";"26";"26324";"2";"1";"1";"6";"Avenue Louis Girard";"44,34578800";"4,77247600"