"Num_Acc";"jour";"mois";"an";"hrmn";"lum";"dep";"com";"agg";"int";"atm";"col";"adr";"lat";"long"
"202300045572";"1";"11";"2023";"21:15";"5";"06";"06012";"2";"1";"1";"7";"Chemin des Revoires";"43,73657480";"7,40927550"
"202300045573";"5";"05";"2023";"03:42";"3";"02";"02722";"2";"1";"1";"1";"N/A";"49,36882000";"3,31654000"
"202300045574";"5";"04";"2023";"14:00";"1";"02";"02243";"2";"1";"1";"6";"N/A";"49,40060000";"3,36579000"
"202300045575";"31";"10";"2023";"19:40";"5";"45";"45145";"2";"4";"2";"3";"D96 PR 1 + 150";"48,09484200";"2,79007700"
"202300045576";"12";"05";"2023";"18:25";"1";"75";"75113";"2";"4";"1";"2";"BRETELLE D ACCES EXTERIEUR IVRY";"48,81987400";"2,37433500"
"202300045577";"2";"11";"2023";"16:55";"1";"21";"21425";"2";"4";"1";"3";"1 Rue Carnot";"47,62150700";"4,33692300"
"202300045578";"11";"05";"2023";"19:10";"1";"75";"75119";"2";"1";"1";"2";"PORTE D AUBERVILLIERS";"48,90036800";"2,37518700"
"202300045579";"30";"10";"2023";"11:20";"1";"85";"85234";"2";"1";"8";"1";"Chemin du pas du rat";"46,75620300";" -1,99718400"
"202300045580";"10";"05";"2023";"23:45";"5";"75";"75118";"2";"1";"1";"2";"PORTE DE SAINT OUEN";"48,90067500";"2,33309500"
"202300045581";"13";"10";"2023";"18:00";"2";"52";"52250";"2";"1";"1";"2";"Avenue de Lorraine";"48,44704500";"5,15536700"
"202300045582";"6";"04";"2023";"19:50";"2";"84";"84069";"1";"1";"1";"1";"2013 route de vaison";"44,19512800";"5,11799800"
"202300045583";"10";"05";"2023";"19:20";"1";"75";"75113";"2";"1";"1";"4";"BD PERIPHERIQUE EXTERIEUR";"48,81688000";"2,34832600"
"202300045584";"1";"11";"2023";"18:50";"2";"973";"97310";"1";"1";"1";"7";"Pont de Stoupan";"4,74079300";" -52,32692600"
"202300045585";"2";"11";"2023";"05:15";"5";"38";"38140";"1";"1";"1";"6";"A41s - Gare de péage";"45,27209300";"5,90094600"
"202300045586";"6";"04";"2023";"14:00";"1";"81";"81074";"2";"1";"7";"3";"48 Route de Villefranche";"43,92690700";"2,22873500"
"202300045587";"2";"11";"2023";"15:29";"1";"49";"49050";"1";"1";"1";"7";"D55";"47,33033400";" -0,48351600"
"202300045588";"12";"05";"2023";"15:10";"1";"75";"75106";"2";"4";"2";"2";"RUE DE RENNES";"48,85110900";"2,33072400"
"202300045589";"5";"04";"2023";"14:15";"1";"45";"45103";"1";"1";"1";"6";"A19 PR 75 + 310";"48,09080800";"2,52440900"
"202300045590";"6";"04";"2023";"14:20";"1";"28";"28219";"1";"1";"1";"7";"A11 - PK 103.500";"48,23129500";"1,02373500"
"202300045591";"2";"11";"2023";"05:15";"3";"21";"21423";"1";"1";"3";"6";"Autoroute A6 PK 309+100 SENS PARIS-LYON";"46,98904300";"4,85260400"
"202300045592";"11";"05";"2023";"08:20";"1";"75";"75106";"2";"2";"1";"3";"BOULEVARD RASPAIL";"48,84808800";"2,32793400"
"202300045593";"6";"04";"2023";"16:20";"1";"68";"68175";"1";"1";"1";"1";"D415";"48,15390800";"7,17060400"
"202300045594";"12";"05";"2023";"05:20";"5";"75";"75120";"2";"1";"1";"6";"BOULEVARD DE MENILMONTANT";"48,86318000";"2,38729000"
"202300045595";"6";"03";"2023";"21:30";"3";"972";"97226";"1";"1";"1";"3";"Baréto";"14,46044100";" -60,85961200"
"202300045596";"2";"11";"2023";"18:00";"2";"30";"30169";"1";"9";"2";"5";"A9";"43,79246800";"4,30336700"
"202300045597";"12";"05";"2023";"00:50";"5";"75";"75117";"2";"1";"1";"6";"RUE NOLLET";"48,88718300";"2,32092300"
"202300045598";"31";"03";"2023";"20:00";"5";"972";"97229";"2";"1";"1";"6";"Route de Terreville";"14,63751700";" -61,09780800"
"202300045599";"11";"05";"2023";"10:02";"1";"75";"75117";"2";"2";"1";"3";"BOULEVARD BERTHIER";"48,89435900";"2,31325200"
"202300045600";"5";"04";"2023";"21:15";"3";"01";"01353";"1";"1";"1";"6";"Route de Trévoux";"45,95986900";"4,80069300"
"202300045601";"5";"04";"2023";"13:10";"1";"35";"35200";"1";"1";"1";"3";"ROUTE DÉPARTEMANTALE 178";"47,95962600";" -1,21263700"
"202300045602";"10";"05";"2023";"15:35";"1";"75";"75114";"2";"7";"1";"3";"AVENUE DE LA PORTE D ORLEANS";"48,82191200";"2,32545400"
"202300045603";"6";"04";"2023";"08:50";"1";"35";"35334";"1";"1";"2";"2";"A84, PK 098+000";"48,15923920";" -1,59628183"
"202300045604";"11";"05";"2023";"23:25";"5";"75";"75113";"2";"2";"1";"3";"RUE DE TOLBIAC";"48,82641800";"2,34179200"
"202300045605";"6";"04";"2023";"20:30";"2";"30";"30334";"2";"3";"1";"3";"Avenue Louis Alteirac";"44,01755500";"4,41631100"
"202300045606";"11";"05";"2023";"21:09";"2";"75";"75101";"2";"2";"1";"6";"BOULEVARD DE SEBASTOPOL";"48,85772200";"2,34777900"
"202300045607";"30";"03";"2023";"00:30";"3";"57";"57163";"1";"1";"1";"6";"D45";"48,67115400";"7,21720200"
"202300045608";"12";"05";"2023";"14:25";"1";"94";"94068";"2";"4";"1";"3";"Avenue du Bel Air";"48,80552809";"2,49549025"
"202300045609";"1";"04";"2023";"21:45";"3";"56";"56117";"2";"6";"1";"2";"Rue Ernest Renan";"47,89197100";" -2,83339400"
"202300045610";"12";"05";"2023";"08:00";"1";"94";"94052";"2";"5";"1";"3";"GEORGES CLEMENCEAU";"48,83554000";"2,47382000"
"202300045611";"5";"04";"2023";"17:10";"1";"56";"56130";"1";"6";"1";"3";"Lieu Dit la Madeleine";"47,73928000";" -3,22611800"
"202300045612";"11";"05";"2023";"06:40";"2";"94";"94041";"2";"2";"1";"1";"Avenue Danielle Casanova";"48,81578000";"2,38304000"
"202300045613";"3";"04";"2023";"17:55";"1";"59";"59135";"2";"1";"1";"7";"20 Rue de Watten";"50,80231500";"2,47704500"
"202300045614";"3";"04";"2023";"17:25";"1";"79";"79277";"1";"1";"1";"7";"N/A";"47,05024200";" -0,21495200"
"202300045615";"11";"05";"2023";"18:25";"1";"94";"94038";"2";"1";"1";"3";"34 Avenue du Général de Gaulle";"48,78147121";"2,34248391"
"202300045616";"6";"04";"2023";"14:45";"1";"63";"63222";"1";"1";"1";"6";"D 26";"45,55089166";"3,17519235"
"202300045617";"6";"04";"2023";"01:30";"3";"55";"55470";"1";"1";"1";"6";"D635";"48,68988400";"5,04341100"
"202300045618";"11";"05";"2023";"17:24";"1";"94";"94033";"2";"3";"1";"3";"28bis Rue Charles Bassée";"48,84903000";"2,46762000"
"202300045619";"4";"04";"2023";"19:08";"1";"46";"46243";"1";"1";"1";"6";"Départementale 40";"44,76736400";"1,85458700"
"202300045620";"10";"05";"2023";"09:35";"1";"94";"94011";"2";"1";"3";"3";"Avenue de Paris";"48,77497000";"2,48108000"
"202300045621";"11";"05";"2023";"12:14";"1";"94";"94059";"2";"1";"1";"2";"Avenue du tramway";"48,81422240";"2,56621340"
"202300045622";"5";"04";"2023";"20:30";"2";"41";"41214";"1";"1";"1";"2";"Les Vallieres";"47,93551100";"1,20147300"
"202300045623";"12";"05";"2023";"12:05";"1";"94";"94017";"2";"2";"2";"6";"Rue Albert Thomas";"48,81244153";"2,51086360"
"202300045624";"6";"04";"2023";"13:40";"1";"39";"39326";"1";"1";"1";"1";"N/A";"46,59459900";"5,66761500"
"202300045625";"5";"04";"2023";"01:54";"3";"25";"25122";"1";"1";"1";"6";"D48";"46,93847900";"6,21865100"
"202300045626";"24";"04";"2023";"14:30";"1";"25";"25036";"1";"1";"1";"6";"RN83 Avanne-Aveney";"47,19330000";"5,96591900"
"202300045627";"11";"05";"2023";"20:09";"1";"93";"93050";"2";"3";"1";"2";"Rue Paul et Camille Thomoux / Avenue Robert Schumann";"48,87353000";"2,52967000"
"202300045628";"5";"04";"2023";"17:15";"1";"38";"38140";"1";"1";"1";"2";"D10";"45,27094900";"5,89046000"
"202300045629";"6";"04";"2023";"12:30";"1";"03";"03089";"1";"1";"1";"6";"RD 987";"46,18728800";"3,01737800"
"202300045630";"12";"05";"2023";"17:28";"1";"93";"93029";"2";"1";"8";"6";"Rue Auguste Blanqui";"48,92039991";"2,45748938"
"202300045631";"6";"04";"2023";"18:00";"1";"58";"58067";"2";"1";"1";"6";"10 Route de la Forêt";"47,11094700";"3,09628800"
"202300045632";"12";"05";"2023";"18:55";"1";"93";"93010";"2";"1";"1";"6";"Avenue Pasteur";"48,90664000";"2,48826000"
"202300045633";"6";"04";"2023";"01:50";"4";"54";"54152";"2";"9";"1";"6";"Rue Pierre Semard";"48,56347000";"6,39042000"
"202300045634";"6";"04";"2023";"07:24";"2";"60";"60509";"2";"1";"3";"6";"Rue Louis Pasteur";"49,30726300";"2,59036500"
"202300045635";"12";"05";"2023";"08:15";"1";"93";"93007";"2";"3";"1";"6";"Avenue Pierre Brossolette / Square de Stalingrad";"48,92959853";"2,46719639"
"202300045636";"5";"04";"2023";"17:55";"1";"27";"27467";"1";"1";"1";"3";"46 Route de Cormeilles";"49,34399300";"0,49847800"
"202300045637";"12";"05";"2023";"16:40";"1";"92";"92051";"2";"2";"2";"3";"SAUSSAYE (BOULEVARD DE LA, N° 7 A 61 ET";"48,89056107";"2,26511613"
"202300045638";"5";"04";"2023";"09:00";"1";"17";"17024";"1";"1";"1";"7";"D121";"46,03195900";" -0,36806300"
"202300045639";"6";"04";"2023";"10:45";"1";"37";"37226";"2";"6";"8";"3";"92 avenue du général de Gaulle";"47,10531000";"0,61302400"
"202300045640";"12";"05";"2023";"11:55";"1";"92";"92026";"2";"1";"2";"3";"JOFFRE ( DE 52 A FIN ET DE 61 A FIN )";"48,90143000";"2,27802000"
"202300045641";"5";"04";"2023";"15:45";"1";"76";"76657";"1";"1";"1";"6";"A131 PK 024.400";"49,48091000";"0,33714300"
"202300045642";"24";"03";"2023";"00:45";"3";"33";"33284";"1";"1";"1";"6";"A660";"44,62648800";" -0,88948500"
"202300045643";"19";"02";"2023";"16:25";"1";"75";"75120";"2";"1";"1";"3";"BOULEVARD DAVOUT";"48,85073200";"2,41094800"
"202300045644";"6";"04";"2023";"17:10";"1";"69";"69268";"1";"3";"1";"3";"Route de Vernaison";"45,65199100";"4,75549200"
"202300045645";"20";"02";"2023";"11:30";"1";"75";"75118";"2";"2";"1";"6";"AVENUE DE SAINT OUEN";"48,89554800";"2,32828900"
"202300045646";"19";"02";"2023";"05:00";"5";"75";"75117";"2";"7";"1";"7";"PLACE DE LA PORTE MAILLOT";"48,87849200";"2,28297600"
"202300045647";"20";"02";"2023";"17:10";"1";"75";"75116";"2";"1";"1";"6";"AVENUE VICTOR HUGO";"48,86910800";"2,28401500"
"202300045648";"6";"04";"2023";"07:00";"2";"14";"14555";"1";"1";"3";"4";"A13";"49,30759535";"0,29912145"
"202300045649";"19";"02";"2023";"23:25";"5";"75";"75116";"2";"1";"1";"3";"ALLEE DE LA REINE MARGUERITE";"48,86698200";"2,25037900"
"202300045650";"5";"04";"2023";"08:45";"1";"69";"69064";"2";"1";"1";"6";"115 Rue Nationale";"45,45728200";"4,75697800"
"202300045651";"20";"02";"2023";"08:50";"1";"75";"75112";"2";"1";"1";"3";"QUAI DE BERCY";"48,83450800";"2,38086200"
"202300045652";"24";"03";"2023";"15:45";"1";"987";"98714";"1";"1";"1";"4";"Vaitape";" -16,50378300";" -151,74836100"
"202300045653";"20";"02";"2023";"05:40";"5";"75";"75108";"2";"4";"1";"3";"AVENUE DE FRIEDLAND";"48,87423800";"2,29969000"
"202300045654";"6";"04";"2023";"16:45";"1";"976";"97608";"2";"3";"1";"3";"Boulevard des Crabes";" -12,78201000";"45,25713800"
"202300045655";"20";"02";"2023";"15:42";"1";"75";"75108";"2";"7";"1";"3";"PLACE CHARLES DE GAULLE";"48,87384700";"2,29594500"
"202300045656";"3";"04";"2023";"18:30";"5";"971";"97134";"2";"1";"1";"6";"3089 Chemin de Tanville";"16,04964100";" -61,73639100"
"202300045657";"20";"02";"2023";"17:35";"1";"94";"94074";"2";"1";"1";"2";"Avenue Henri Barbusse";"48,76404688";"2,44212770"
"202300045658";"20";"02";"2023";"20:58";"5";"94";"94037";"2";"2";"1";"3";"Rue du Val de Marne";"48,81756000";"2,35338000"
"202300045659";"6";"04";"2023";"06:45";"2";"91";"91041";"1";"6";"1";"7";"d19, sens Brétigny-Arpajon";"48,56347000";"2,24460900"
"202300045660";"19";"02";"2023";"12:40";"1";"94";"94021";"2";"1";"1";"6";"17 Avenue Georges Guynemer";"48,76526650";"2,33852425"
"202300045661";"6";"04";"2023";"18:00";"1";"84";"84141";"2";"1";"1";"2";"ALLEE DES VERGUETS";"43,97299400";"4,88847100"
"202300045662";"20";"02";"2023";"08:50";"1";"94";"94054";"2";"2";"1";"3";"Avenue Marcel Cachin / Rue Jean Mermoz";"48,75018400";"2,41320200"
"202300045663";"19";"02";"2023";"15:05";"1";"94";"94075";"2";"1";"1";"3";"Rue d'Yerres";"48,71950500";"2,52098600"
"202300045664";"30";"08";"2023";"19:35";"1";"01";"01269";"1";"1";"1";"6";"D74";"46,15877400";"5,58588800"
"202300045665";"5";"04";"2023";"17:40";"1";"52";"52246";"1";"1";"1";"4";"N19";"47,91173792";"5,29095268"
"202300045666";"29";"08";"2023";"17:45";"1";"72";"72215";"2";"3";"1";"1";"Rue Désirée Ruel";"48,37491000";"0,25212800"
"202300045667";"19";"02";"2023";"00:01";"5";"93";"93073";"2";"2";"1";"3";"Rue de Savoie / Avenue Albert Sarraut";"48,94356000";"2,59078000"
"202300045668";"20";"02";"2023";"10:30";"1";"93";"93053";"2";"2";"1";"3";"Avenue de Rosny / Avenue d'Alsace Lorraine";"48,89733000";"2,47065000"
"202300045669";"30";"08";"2023";"19:05";"1";"14";"14396";"1";"6";"1";"3";"Rue du Dorset";"49,13422371";" -0,41271022"
"202300045670";"30";"03";"2023";"06:45";"2";"67";"67345";"2";"6";"2";"3";"Rue de Kaltenhouse";"48,79213200";"7,84623400"
"202300045671";"20";"02";"2023";"17:12";"1";"93";"93031";"2";"3";"1";"6";"Avenue de la Marne / Avenue Jean Jaurès";"48,95827000";"2,32553000"
"202300045672";"31";"08";"2023";"17:45";"1";"09";"09324";"2";"1";"7";"1";"chemin de malmarty";"43,05143800";"1,64411400"
"202300045673";"30";"08";"2023";"00:40";"3";"73";"73007";"1";"1";"1";"6";"D925";"45,57240800";"6,26398800"
"202300045674";"20";"02";"2023";"19:10";"5";"93";"93010";"2";"1";"1";"5";"Route d'Aulnay";"48,90729200";"2,48029600"
"202300045675";"20";"03";"2023";"08:45";"1";"54";"54111";"2";"3";"1";"3";"Rue Edmond Pintier";"48,62357665";"6,08421564"
"202300045676";"31";"08";"2023";"17:40";"1";"43";"43177";"1";"1";"1";"6";"Le Grand Roure";"45,32052400";"4,30044400"
"202300045677";"20";"02";"2023";"19:50";"5";"93";"93057";"2";"1";"1";"6";"Avenue Aristide Briand";"48,90833191";"2,49722096"
"202300045678";"20";"02";"2023";"14:10";"1";"93";"93005";"2";"1";"1";"6";"Avenue du 14 Juillet";"48,92939000";"2,49760700"
"202300045679";"26";"08";"2023";"12:45";"1";"43";"43199";"1";"1";"1";"1";"Lieu-dit Loubriat";"45,08977800";"4,20084400"
"202300045680";"6";"04";"2023";"12:35";"1";"44";"44066";"1";"2";"1";"3";"510 Route de bellevue";"47,35468000";" -1,59794300"
"202300045681";"20";"02";"2023";"14:39";"1";"92";"92046";"2";"1";"1";"7";"GAMBETTA (RUE)";"48,82196142";"2,30867118"
"202300045682";"31";"08";"2023";"06:30";"2";"07";"07296";"2";"1";"1";"7";"D579";"44,56691300";"4,39194300"
"202300045683";"5";"04";"2023";"01:45";"3";"38";"38382";"2";"1";"1";"6";"Avenue du Général de Gaulle";"45,23127000";"5,67734000"
"202300045684";"20";"02";"2023";"17:00";"1";"92";"92051";"2";"1";"1";"1";"VICTOR HUGO (BOULEVARD, N° 9 A 49 ET 16";"48,88686100";"2,27906900"
"202300045685";"23";"08";"2023";"13:42";"1";"85";"85287";"1";"1";"1";"1";"RD89";"46,70410286";" -0,88706820"
"202300045686";"5";"04";"2023";"16:50";"1";"26";"26064";"1";"1";"1";"1";"d68";"44,90367200";"5,00100000"
"202300045687";"20";"02";"2023";"11:05";"1";"92";"92012";"2";"1";"1";"4";"GENERAL LECLERC (AVENUE DU) 1/33 - 2/58";"48,83255258";"2,24019438"
"202300045688";"31";"08";"2023";"11:00";"1";"27";"27467";"2";"4";"2";"6";"Avenue de l'Europe";"49,35044600";"0,53026200"
"202300045689";"20";"02";"2023";"16:55";"1";"49";"49063";"1";"1";"1";"6";"D751";"47,34376600";" -0,71054900"
"202300045690";"30";"08";"2023";"18:45";"1";"28";"28291";"1";"1";"1";"7";"D17";"48,35664800";"1,78129800"
"202300045691";"5";"04";"2023";"06:00";"2";"01";"01043";"1";"6";"1";"2";"D1084a";"45,82187200";"4,99186500"
"202300045692";"13";"02";"2023";"15:45";"1";"37";"37074";"2";"2";"1";"1";"D749";"47,24222512";"0,16205746"
"202300045693";"20";"02";"2023";"21:25";"3";"25";"25132";"1";"1";"1";"6";"A36 sens BEAUNE - MULHOUSE";"47,33741300";"6,17665300"
"202300045694";"6";"04";"2023";"03:30";"4";"01";"01386";"2";"3";"1";"6";"2 Grande Rue";"45,88871600";"5,36789400"
"202300045695";"21";"02";"2023";"10:19";"1";"95";"95487";"2";"1";"5";"1";"Rue Corentin Quideau";"49,14717000";"2,26029900"
"202300045696";"27";"08";"2023";"16:00";"1";"37";"37223";"1";"2";"1";"3";"La Rouérie";"47,50159800";"0,25594200"
"202300045697";"19";"02";"2023";"14:40";"1";"17";"17131";"1";"2";"1";"3";"D732";"45,57925700";" -0,79347300"
"202300045698";"6";"04";"2023";"14:10";"1";"69";"69255";"1";"1";"8";"1";"Route du Pont Pinay";"45,72398000";"4,67226600"
"202300045699";"20";"02";"2023";"16:25";"1";"28";"28018";"1";"1";"1";"7";"Autoroute A11 PK113+300";"48,20486100";"0,90038500"
"202300045700";"27";"08";"2023";"17:20";"1";"37";"37099";"1";"1";"8";"1";"D751  PK 49-148";"47,29580154";"0,54113339"
"202300045701";"20";"02";"2023";"16:45";"1";"10";"10381";"1";"1";"1";"1";"D660";"48,28673400";"3,95964900"
"202300045702";"6";"04";"2023";"12:25";"1";"85";"85097";"1";"6";"2";"2";"RD755";"46,95163900";" -1,07931000"
"202300045703";"30";"08";"2023";"18:25";"1";"67";"67125";"1";"1";"1";"4";"A35";"48,32997400";"7,49767500"
"202300045704";"6";"04";"2023";"13:20";"1";"50";"50025";"2";"1";"1";"7";"15 Boulevard Pasteur (Avranches)";"48,67660300";" -1,35685500"
"202300045705";"27";"08";"2023";"02:06";"3";"28";"28392";"1";"1";"1";"6";"autoroute A10 point kilométrique 062+000 direction PARIS (75)";"48,22768700";"1,84797800"
"202300045706";"20";"02";"2023";"19:30";"5";"972";"97232";"2";"3";"1";"1";"Allee des Hibiscus";"14,54580100";" -60,84296600"
"202300045707";"20";"02";"2023";"14:50";"1";"83";"83070";"2";"6";"1";"3";"Rond-Point Kronberg (Fontaine)";"43,13666700";"6,36604600"
"202300045708";"27";"08";"2023";"12:15";"1";"13";"13051";"1";"1";"1";"3";"A7, PK 243+000, Sens S-N";"43,58430216";"5,20498481"
"202300045709";"6";"04";"2023";"18:30";"1";"14";"14679";"2";"2";"1";"3";"275 Avenue des Fresnaux";"49,24278100";" -0,74826100"
"202300045710";"20";"02";"2023";"23:05";"3";"22";"22193";"1";"6";"1";"6";"D59";"48,39858400";" -2,43685800"
"202300045711";"30";"08";"2023";"13:00";"1";"987";"98729";"2";"1";"1";"6";"maharepa, PK 5";" -17,57700000";" -150,20200000"
"202300045712";"20";"02";"2023";"18:43";"3";"57";"57757";"1";"3";"1";"3";"Rue du Fort (Pont)";"49,33750100";"6,17990600"
"202300045713";"6";"04";"2023";"11:30";"1";"60";"60079";"1";"1";"2";"6";"D 922";"49,14759300";"2,86806700"
"202300045714";"31";"08";"2023";"17:40";"1";"976";"97615";"2";"2";"7";"3";"Rue du Stade";" -12,79632300";"45,28118100"
"202300045715";"21";"02";"2023";"06:49";"2";"95";"95352";"1";"1";"5";"3";"RD 922";"49,10841517";"2,43684193"
"202300045716";"5";"04";"2023";"07:33";"1";"83";"83027";"1";"1";"1";"3";"A50";"43,20292965";"5,74040346"
"202300045717";"18";"02";"2023";"14:54";"1";"51";"51434";"1";"1";"1";"3";"D3";"49,01646400";"4,10042200"
"202300045718";"5";"04";"2023";"00:20";"3";"57";"57757";"1";"1";"1";"7";"Autoroute A31";"49,34518966";"6,17730770"
"202300045719";"28";"08";"2023";"20:45";"3";"973";"97304";"1";"1";"1";"4";"RN1 PK84";"5,15736800";" -52,88106000"
"202300045720";"21";"02";"2023";"09:00";"1";"95";"95527";"1";"6";"1";"4";"RD 902A";"48,99863800";"2,50843400"
"202300045721";"20";"02";"2023";"17:20";"1";"79";"79161";"2";"1";"1";"7";"";"46,92326000";" -0,22014000"
"202300045722";"30";"08";"2023";"21:45";"3";"971";"97114";"1";"1";"1";"1";"Sarcelle";"16,15845300";" -61,58618500"
"202300045723";"5";"04";"2023";"18:45";"1";"94";"94038";"1";"1";"1";"4";"A6B";"48,77892968";"2,34679475"
"202300045724";"18";"02";"2023";"12:00";"1";"11";"11293";"1";"1";"1";"2";"route departementale 118";"43,11057100";"2,26791500"
"202300045725";"5";"04";"2023";"17:30";"1";"91";"91471";"1";"1";"1";"2";"RN 118";"48,71199000";"2,18395000"
"202300045726";"24";"08";"2023";"11:50";"1";"34";"34302";"2";"2";"1";"3";"6 Avenue du Stade";"43,31550300";"2,65977000"
"202300045727";"20";"02";"2023";"15:40";"1";"63";"63128";"1";"1";"1";"1";"D224";"45,90585721";"3,38973284"
"202300045728";"24";"08";"2023";"20:30";"2";"34";"34075";"2";"1";"1";"7";"4 Chemin du Tribi";"43,32172400";"2,71455100"
"202300045729";"31";"08";"2023";"03:50";"3";"83";"83071";"1";"6";"1";"6";"D 98";"43,14655800";"6,25637100"
"202300045730";"5";"04";"2023";"15:30";"1";"94";"94016";"1";"1";"1";"2";"A6B";"48,79407352";"2,34456235"
"202300045731";"6";"12";"2023";"14:05";"1";"75";"75116";"2";"2";"1";"3";"AVENUE RAYMOND POINCARE";"48,86506800";"2,28651100"
"202300045732";"20";"02";"2023";"09:45";"1";"49";"49336";"1";"2";"1";"1";"D167 - Lieu dit ""le plessis neuf""";"47,04331100";" -0,59193100"
"202300045733";"20";"02";"2023";"16:00";"1";"34";"34031";"2";"1";"1";"3";"Impasse de l’Allée";"43,35894300";"3,42735500"
"202300045734";"5";"04";"2023";"09:35";"1";"92";"92002";"1";"1";"1";"2";"AUTOROUTE A86";"48,76284698";"2,30411982"
"202300045735";"31";"08";"2023";"09:00";"1";"89";"89442";"1";"1";"1";"2";"A19";"48,08186100";"3,12851300"
"202300045736";"5";"12";"2023";"13:30";"1";"75";"75115";"2";"2";"2";"1";"RUE DE LA CONVENTION";"48,83999100";"2,29036400"
"202300045737";"20";"02";"2023";"21:00";"3";"39";"39025";"1";"1";"1";"6";"N/A";"46,55071500";"5,39381500"
"202300045738";"4";"04";"2023";"23:35";"3";"94";"94021";"1";"1";"1";"2";"A6A";"48,76371356";"2,34190432"
"202300045739";"20";"02";"2023";"17:20";"1";"29";"29217";"2";"1";"1";"6";"Rue de Rustéphan";"47,85935614";" -3,75590533"
"202300045740";"6";"12";"2023";"09:15";"1";"75";"75112";"2";"1";"1";"3";"RUE DE LA GARE DE REUILLY";"48,84197300";"2,39599800"
"202300045741";"31";"08";"2023";"11:10";"1";"63";"63417";"1";"9";"1";"3";"M2";"45,82101300";"3,06483100"
"202300045742";"10";"02";"2023";"13:15";"1";"03";"03287";"1";"1";"1";"6";"D18";"46,41753500";"3,16612200"
"202300045743";"5";"04";"2023";"18:25";"1";"92";"92036";"1";"1";"1";"4";"A86";"48,93488462";"2,28273043"
"202300045744";"31";"08";"2023";"01:30";"4";"73";"73040";"2";"1";"1";"7";"D902";"45,32408006";"7,00220838"
"202300045745";"6";"12";"2023";"12:48";"1";"75";"75110";"2";"3";"1";"3";"RUE DU FAUBOURG SAINT MARTIN";"48,87595400";"2,35949300"
"202300045746";"20";"02";"2023";"12:00";"1";"15";"15127";"1";"1";"1";"1";"RN 122";"45,22468700";"3,11404500"
"202300045747";"21";"08";"2023";"02:20";"3";"38";"38377";"2";"1";"1";"6";"Avenue de Savoie";"45,56942700";"5,45891200"
"202300045748";"5";"12";"2023";"15:10";"1";"75";"75101";"2";"3";"2";"6";"RUE DE RIVOLI";"48,86439300";"2,33011600"
"202300045749";"5";"04";"2023";"16:25";"1";"92";"92025";"1";"1";"1";"2";"A86";"48,92201331";"2,22672770"
"202300045750";"21";"02";"2023";"14:30";"1";"05";"05056";"1";"1";"7";"3";"RD944";"44,63588000";"6,13513500"
"202300045751";"29";"08";"2023";"17:15";"1";"69";"69190";"2";"6";"1";"3";"Chemin de Meginand";"45,77120100";"4,70295300"
"202300045752";"20";"02";"2023";"18:45";"2";"10";"10255";"1";"1";"1";"7";"D143";"48,20981286";"4,28326249"
"202300045753";"4";"04";"2023";"21:15";"3";"94";"94046";"1";"1";"1";"7";"A86";"48,81292733";"2,44895577"
"202300045754";"6";"12";"2023";"19:15";"5";"94";"94081";"2";"1";"8";"3";"Avenue Paul Vaillant Couturier";"48,79554000";"2,39760000"
"202300045755";"29";"08";"2023";"19:58";"1";"86";"86115";"1";"1";"1";"7";"Avenue de Paris";"46,69137100";"0,38909700"
"202300045756";"20";"02";"2023";"19:30";"3";"68";"68252";"1";"1";"1";"3";"ROUTE DEPARTEMENTALE 83";"48,14123400";"7,36641900"
"202300045757";"6";"12";"2023";"02:40";"5";"94";"94081";"2";"1";"1";"2";"159-161 Avenue Rouget de Lisle";"48,78202600";"2,39437300"
"202300045758";"4";"04";"2023";"16:50";"1";"27";"27229";"2";"2";"1";"6";"LEPOUZE (RUE)";"49,02572000";"1,15564000"
"202300045759";"30";"08";"2023";"17:45";"1";"83";"83144";"1";"1";"1";"2";"A57";"43,13601362";"5,99302088"
"202300045760";"21";"02";"2023";"13:45";"1";"26";"26057";"1";"1";"1";"6";"A49 - PK 058+600";"45,02185500";"5,06873100"
"202300045761";"6";"12";"2023";"09:10";"1";"94";"94081";"2";"2";"1";"3";"Rue Berthie Albrecht";"48,79911000";"2,41149000"
"202300045762";"4";"04";"2023";"17:15";"1";"27";"27229";"2";"1";"1";"6";"SAINT ANDRE (ROUTE DE)";"49,00890244";"1,16748914"
"202300045763";"19";"02";"2023";"07:30";"1";"987";"98748";"1";"1";"1";"2";"PK 3 - Mitirapa - TOAHOTU RT3";" -17,81000000";" -149,24300000"
"202300045764";"27";"08";"2023";"12:50";"1";"69";"69290";"1";"1";"1";"4";"Rocade Est";"45,71226274";"4,96867931"
"202300045765";"5";"12";"2023";"15:15";"1";"94";"94068";"2";"6";"2";"3";"Avenue Foch";"48,80225000";"2,49211000"
"202300045766";"21";"02";"2023";"16:40";"1";"58";"58051";"2";"1";"1";"7";"Rue du Pavillon";"46,95538100";"3,14882800"
"202300045767";"29";"01";"2023";"06:26";"3";"66";"66136";"1";"1";"1";"7";"Départementale  617";"42,71169000";"2,96783000"
"202300045768";"6";"12";"2023";"15:00";"1";"94";"94046";"2";"1";"8";"2";"Avenue du Professeur Cadiot";"48,80500000";"2,43190000"
"202300045769";"29";"08";"2023";"18:10";"1";"57";"57356";"1";"1";"8";"5";"Autoroute A31";"49,42875627";"6,11290455"