"Num_Acc";"jour";"mois";"an";"hrmn";"lum";"dep";"com";"agg";"int";"atm";"col";"adr";"lat";"long"
"202300045967";"6";"12";"2023";"15:00";"1";"14";"14431";"2";"4";"1";"3";"16 Route du Moulin";"49,06520800";" -0,10234500"
"202300045968";"4";"04";"2023";"21:10";"5";"34";"34172";"2";"1";"1";"1";"550 Avenue de la Justice de Castelnau";"43,62630000";"3,87656000"
"202300045969";"19";"02";"2023";"14:30";"1";"75";"75112";"2";"4";"1";"3";"RUE DU GENERAL DE LANGLE DE CARY";"48,82826771";"2,39192694"
"202300045970";"29";"08";"2023";"16:10";"1";"31";"31555";"2";"1";"1";"3";"Avenue de Rangueil";"43,56974000";"1,46726000"
"202300045971";"4";"04";"2023";"18:50";"1";"34";"34172";"2";"1";"1";"3";"Avenue de Vanières";"43,59501000";"3,84911000"
"202300045972";"29";"08";"2023";"20:15";"1";"29";"29051";"1";"1";"1";"6";"CORAY ROUTE DE";"48,02707305";" -3,96714898"
"202300045973";"19";"02";"2023";"20:20";"5";"75";"75108";"2";"2";"1";"2";"BOULEVARD MALESHERBES";"48,87487000";"2,31996900"
"202300045974";"2";"04";"2023";"17:50";"1";"34";"34172";"2";"1";"1";"6";"222 Avenue de la Justice de Castelnau";"43,62709000";"3,87255000"
"202300045975";"7";"12";"2023";"16:15";"1";"64";"64093";"2";"4";"2";"7";"Chemin Potto";"43,21649100";" -0,78634900"
"202300045976";"28";"08";"2023";"14:20";"1";"29";"29019";"2";"6";"1";"3";"179 boulevard de l'Europe";"48,41333302";" -4,50823009"
"202300045977";"19";"02";"2023";"19:55";"5";"94";"94058";"2";"3";"1";"2";"Boulevard d'Alsace-lorraine";"48,85097500";"2,50424000"
"202300045978";"6";"12";"2023";"17:30";"5";"53";"53147";"2";"1";"1";"6";"RN12";"48,30836000";" -0,62361000"
"202300045979";"29";"08";"2023";"16:21";"1";"25";"25056";"2";"9";"1";"3";"BELLAY RUE JOACHIM DU";"47,21535000";"5,95126000"
"202300045980";"4";"04";"2023";"16:15";"1";"33";"33281";"2";"6";"1";"3";"Avenue François Mitterrand";"44,81608000";" -0,68022000"
"202300045981";"18";"02";"2023";"13:00";"1";"94";"94021";"2";"1";"1";"3";"Pl du Mal de Lattre de Tassigny";"48,77226000";"2,36737000"
"202300045982";"4";"04";"2023";"08:30";"1";"31";"31555";"2";"1";"1";"6";"52 Boulevard de Strasbourg";"43,60935000";"1,44508000"
"202300045983";"14";"10";"2023";"08:30";"1";"85";"85089";"1";"1";"1";"1";"RD160";"46,69704900";" -1,35448600"
"202300045984";"23";"08";"2023";"08:40";"1";"22";"22278";"2";"6";"1";"3";"CROIX-MATHIAS (RD-PT DE LA)";"48,50871000";" -2,77167000"
"202300045985";"19";"02";"2023";"17:35";"1";"93";"93066";"2";"1";"1";"6";"Avenue Marcel Cachin";"48,93811900";"2,37076900"
"202300045986";"7";"12";"2023";"14:36";"1";"30";"30284";"2";"1";"1";"6";"Avenue Marcel Paul";"44,15901400";"4,08296600"
"202300045987";"4";"04";"2023";"18:50";"1";"31";"31483";"2";"3";"7";"1";"FRANCOIS MITTERAND ( AVENUE)";"43,11191000";"0,74358000"
"202300045988";"29";"08";"2023";"14:40";"1";"17";"17415";"2";"3";"1";"4";"ABATTOIR RUE DE L'";"45,75967000";" -0,63655000"
"202300045989";"4";"04";"2023";"08:30";"1";"29";"29232";"1";"1";"7";"2";"Rue Marcel Paul";"47,97650000";" -4,03168000"
"202300045990";"19";"02";"2023";"16:26";"1";"93";"93066";"2";"3";"1";"5";"Rue de la Cokerie / Rue des Trémies";"48,92128446";"2,36283179"
"202300045991";"6";"12";"2023";"07:55";"2";"31";"31395";"1";"1";"1";"2";"A64";"43,42280100";"1,30263100"
"202300045992";"4";"04";"2023";"13:45";"1";"29";"29039";"2";"1";"1";"6";"Rue de Quimper";"47,88813000";" -3,91896000"
"202300045993";"19";"02";"2023";"19:56";"5";"93";"93031";"2";"1";"1";"6";"Parking au 41 Avenue de la Marne";"48,95318000";"2,32666000"
"202300045994";"29";"08";"2023";"18:30";"1";"15";"15014";"2";"2";"1";"3";"RN 122";"44,91228600";"2,43808500"
"202300045995";"7";"12";"2023";"07:00";"2";"973";"97309";"2";"1";"1";"6";"avenue de Lattre de Tassigny";"4,91246800";" -52,27144200"
"202300045996";"28";"08";"2023";"15:47";"1";"15";"15012";"1";"1";"1";"7";"RD 990";"44,89385000";"2,45947000"
"202300045997";"19";"02";"2023";"16:50";"1";"93";"93008";"2";"3";"1";"6";"Rue de l'Union / Avenue Paul Vaillant - Couturier";"48,91032000";"2,44259000"
"202300045998";"2";"04";"2023";"16:15";"1";"29";"29019";"2";"3";"1";"3";"rue Théodore Botrel";"48,40645147";" -4,50168839"
"202300045999";"6";"12";"2023";"00:15";"3";"33";"33284";"1";"1";"1";"1";"A660";"44,62881984";" -0,84302098"
"202300046000";"4";"04";"2023";"19:10";"2";"28";"28134";"2";"6";"1";"6";"ORIELS (RUE DES)";"48,73837000";"1,39029000"
"202300046001";"29";"08";"2023";"19:30";"1";"14";"14059";"2";"3";"1";"2";"27 Avenue du Littoral";"49,34883000";"0,05081000"
"202300046002";"26";"02";"2023";"09:08";"1";"92";"92072";"2";"4";"1";"6";"Pont de Sèvres";"48,82817000";"2,22583000"
"202300046003";"6";"12";"2023";"03:00";"3";"11";"11255";"1";"1";"1";"1";"D6113";"43,19001419";"2,91127920"
"202300046004";"29";"08";"2023";"07:25";"1";"13";"13204";"2";"1";"1";"6";"ALEXIS CARREL (RUE)";"43,31110000";"5,40120000"
"202300046005";"4";"04";"2023";"09:00";"1";"28";"28085";"2";"2";"1";"3";"RABUAN DU COUDRAY (RUE)";"48,43740000";"1,48024000"
"202300046006";"6";"12";"2023";"07:00";"2";"66";"66196";"1";"1";"1";"6";"N/A";"42,54930000";"2,95798300"
"202300046007";"19";"02";"2023";"12:10";"1";"92";"92012";"2";"2";"1";"1";"JEAN JAURES (BOULEVARD) 217/FIN - 210/FI";"48,82890464";"2,24631384"
"202300046008";"29";"08";"2023";"12:00";"1";"13";"13063";"2";"9";"1";"3";"THEODORE AUBANEL BOULEVARD";"43,58791000";"4,99950000"
"202300046009";"18";"02";"2023";"09:05";"1";"24";"24266";"1";"1";"1";"7";"150 D710";"45,22319500";"0,56921300"
"202300046010";"25";"10";"2023";"07:45";"2";"66";"66008";"2";"9";"1";"2";"N/A";"42,56762800";"3,00438000"
"202300046011";"4";"04";"2023";"07:55";"1";"22";"22113";"2";"1";"5";"5";"MENDES FRANCE (BOULEVARD)";"48,73029000";" -3,46707000"
"202300046012";"15";"02";"2023";"07:40";"2";"91";"91511";"2";"1";"1";"6";"133 Rue Etienne Laurent";"48,34889000";"1,98910300"
"202300046013";"29";"08";"2023";"10:00";"1";"12";"12145";"2";"1";"1";"1";"GABRIAC JEAN (BOULEVARD)";"44,09314000";"3,07257000"
"202300046014";"6";"12";"2023";"18:00";"3";"13";"13081";"1";"3";"1";"3";"N Rd 113";"43,50920300";"5,20595300"
"202300046015";"4";"04";"2023";"07:25";"1";"21";"21054";"1";"3";"1";"2";"SEURRE (ROUTE DE)";"47,01660200";"4,87635600"
"202300046016";"20";"02";"2023";"09:05";"1";"974";"97422";"2";"1";"1";"6";"Rue des Flamboyants";" -21,28115200";"55,50149700"
"202300046017";"28";"08";"2023";"16:18";"1";"10";"10387";"2";"1";"1";"2";"LOMBARDS (AVENUE)";"48,27170000";"4,07880000"
"202300046018";"7";"12";"2023";"12:20";"1";"73";"73139";"1";"1";"7";"1";"D60 lieu dit Etre";"45,65964488";"6,17091134"
"202300046019";"19";"02";"2023";"16:15";"1";"974";"97422";"1";"1";"1";"7";"221 Rue Charles Baudelaire";" -21,24569700";"55,49341300"
"202300046020";"28";"08";"2023";"15:50";"1";"06";"06083";"2";"1";"2";"6";"DE GAULLE (AVENUE GENERAL)";"43,76977000";"7,49269500"
"202300046021";"4";"04";"2023";"09:29";"1";"17";"17461";"2";"6";"1";"3";"VAL-LUMIERE (AVENUE DU)";"45,64616000";" -1,05075000"
"202300046022";"6";"12";"2023";"21:45";"3";"38";"38449";"1";"1";"5";"1";"D518";"45,62099400";"5,07954600"
"202300046023";"29";"08";"2023";"17:10";"1";"06";"06069";"1";"1";"1";"2";"Pénétrante";"43,63430000";"6,94600000"
"202300046024";"4";"04";"2023";"09:00";"1";"17";"17461";"2";"1";"1";"2";"DE GAULLE (BOULEVARD DU GAL)";"45,64786000";" -1,06040000"
"202300046025";"20";"02";"2023";"07:20";"2";"30";"30315";"1";"1";"1";"5";"";"43,94908000";"4,69889800"
"202300046026";"2";"12";"2023";"20:59";"3";"44";"44037";"1";"1";"1";"7";"l’oumeau";"47,09983300";" -1,42595400"
"202300046027";"29";"08";"2023";"15:30";"1";"06";"06029";"2";"1";"1";"3";"CROISETTE (BOULEVARD DE LA)";"43,55021900";"7,02374900"
"202300046028";"19";"02";"2023";"13:00";"1";"19";"19073";"1";"1";"1";"6";"rue de St Yrieix";"45,43234400";"2,00859900"
"202300046029";"7";"12";"2023";"08:30";"2";"35";"35012";"2";"9";"3";"6";"avenue du bois greffier";"47,84811600";" -1,69342900"
"202300046030";"18";"02";"2023";"01:10";"3";"82";"82098";"1";"1";"1";"6";"Route de Saint Etienne de Tulmont";"44,02047900";"1,45316700"
"202300046031";"29";"08";"2023";"13:45";"1";"75";"75120";"2";"1";"1";"2";"PORTE DE MONTREUIL";"48,85722400";"2,41423400"
"202300046032";"28";"03";"2023";"10:45";"1";"14";"14181";"1";"6";"1";"6";"Route de Soliers";"49,14700000";" -0,31893000"
"202300046033";"18";"02";"2023";"03:00";"3";"11";"11434";"1";"1";"1";"3";"N/A";"43,27472100";"2,10248700"
"202300046034";"6";"12";"2023";"15:35";"1";"60";"60141";"2";"1";"1";"2";"Avenue du Général Leclerc";"49,18420300";"2,45972500"
"202300046035";"29";"08";"2023";"19:25";"1";"75";"75119";"2";"1";"1";"3";"BOULEVARD DE LA VILLETTE";"48,87482700";"2,37400800"
"202300046036";"4";"04";"2023";"19:40";"1";"13";"13201";"2";"1";"1";"3";"LIBERATION (BOULEVARD)  1 A 65";"43,29990000";"5,38740000"
"202300046037";"6";"12";"2023";"13:20";"1";"80";"80182";"2";"2";"1";"6";"93 Rue Anatole Mopin";"50,18543500";"1,50342600"
"202300046038";"20";"02";"2023";"17:45";"1";"89";"89069";"2";"1";"1";"2";"12 Rue de la Cour Saint Martin";"48,02855200";"3,73805500"
"202300046039";"29";"08";"2023";"18:00";"1";"75";"75118";"2";"2";"1";"3";"BOULEVARD BARBES";"48,88836100";"2,34957200"
"202300046040";"20";"02";"2023";"11:30";"1";"29";"29048";"1";"1";"1";"7";"Stang Kergourlay";"48,13514900";" -4,00170610"
"202300046041";"6";"12";"2023";"07:00";"3";"59";"59255";"1";"1";"1";"2";"Rue d'Aubencheul - Départemental 71";"50,25444800";"3,18225100"
"202300046042";"19";"02";"2023";"15:20";"1";"38";"38206";"1";"1";"1";"6";"D528";"45,25290700";"5,95959000"
"202300046043";"29";"08";"2023";"20:30";"2";"75";"75117";"2";"2";"1";"6";"AVENUE DE WAGRAM";"48,88098200";"2,30027500"
"202300046044";"4";"04";"2023";"19:36";"1";"13";"13215";"2";"9";"1";"3";"MADRAGUE VILLE (chemin de la)";"43,34532000";"5,35460000"
"202300046045";"19";"02";"2023";"20:00";"3";"02";"02306";"2";"1";"1";"6";"16 rue du Petit Marais";"49,73826200";"3,55734900"
"202300046046";"6";"12";"2023";"19:50";"3";"94";"94038";"1";"1";"1";"2";"A6B";"48,77431145";"2,34553563"
"202300046047";"4";"04";"2023";"15:00";"1";"13";"13002";"2";"1";"1";"2";"7 RMENT DE TIRAILLEURS ALGERIENS (AVENUE";"43,33839232";"5,46869697"
"202300046048";"29";"08";"2023";"14:30";"1";"75";"75115";"2";"2";"1";"3";"RUE DE VAUGIRARD";"48,84111100";"2,30369000"
"202300046049";"5";"12";"2023";"19:00";"3";"92";"92036";"1";"1";"1";"3";"A86";"48,93457005";"2,26855543"
"202300046050";"28";"08";"2023";"20:40";"2";"75";"75114";"2";"1";"1";"6";"VILLA DE LOURCINE";"48,83168400";"2,33868900"
"202300046051";"19";"02";"2023";"19:00";"5";"66";"66106";"2";"1";"1";"6";"";"42,49047800";"2,80970510"
"202300046052";"29";"08";"2023";"18:20";"1";"75";"75113";"2";"1";"1";"1";"PONT CHARLES DE GAULLE";"48,84227754";"2,36853004"
"202300046053";"5";"12";"2023";"16:11";"1";"92";"92064";"1";"9";"1";"6";"A13";"48,83908200";"2,21705493"
"202300046054";"3";"04";"2023";"22:47";"5";"13";"13214";"2";"2";"1";"3";"PLOMBIERES (BOULEVARD DES)";"43,31897000";"5,37918000"
"202300046055";"28";"08";"2023";"12:30";"1";"75";"75113";"2";"3";"2";"3";"BOULEVARD DE L HOPITAL";"48,83457200";"2,35780000"
"202300046056";"5";"12";"2023";"15:30";"1";"78";"78322";"1";"1";"8";"6";"RN12 EXT";"48,78143100";"2,16744300"
"202300046057";"19";"02";"2023";"10:05";"1";"09";"09318";"1";"1";"1";"6";"N20";"42,75396100";"1,77079400"
"202300046058";"3";"04";"2023";"15:55";"1";"13";"13207";"2";"1";"1";"1";"Corniche John Fitzgérald Kennedy";"43,28573000";"5,35089000"
"202300046059";"29";"08";"2023";"18:30";"1";"75";"75112";"2";"2";"1";"3";"AVENUE LEDRU ROLLIN";"48,84684500";"2,36939500"
"202300046060";"5";"12";"2023";"08:20";"1";"78";"78466";"1";"1";"2";"2";"A13";"48,93226600";"1,97619600"
"202300046061";"19";"02";"2023";"16:00";"1";"36";"36221";"1";"1";"1";"3";"route des baudins";"46,64469733";"2,08705942"
"202300046062";"18";"02";"2023";"13:00";"1";"04";"04124";"1";"1";"1";"6";"RD11";"43,75708500";"6,07852900"
"202300046063";"4";"04";"2023";"11:20";"1";"13";"13005";"2";"1";"1";"2";"LAGUNAS (AVENUE SIMON)";"43,29316192";"5,56325331"
"202300046064";"29";"08";"2023";"10:14";"1";"75";"75108";"2";"2";"1";"3";"RUE DE LA PEPINIERE";"48,87519400";"2,32383800"
"202300046065";"5";"12";"2023";"08:30";"1";"78";"78117";"1";"1";"2";"4";"RN12";"48,78753000";"2,14651800"
"202300046066";"20";"02";"2023";"11:40";"1";"37";"37028";"1";"1";"1";"6";"Le Pontreau";"46,82717700";"0,97850700"
"202300046067";"4";"04";"2023";"20:00";"1";"09";"09225";"2";"2";"1";"3";"BOURIETTE AVENUE DE LA";"43,10358000";"1,63000000"
"202300046068";"28";"08";"2023";"20:40";"2";"94";"94068";"2";"3";"1";"2";"Boulevard de Créteil";"48,79795886";"2,49504635"
"202300046069";"5";"12";"2023";"08:40";"1";"92";"92025";"1";"1";"2";"2";"A86";"48,93300320";"2,25090697"
"202300046070";"20";"02";"2023";"09:20";"1";"88";"88075";"2";"1";"1";"6";"Rue Paul Claudel";"48,00649100";"6,87903500"
"202300046071";"24";"08";"2023";"11:34";"1";"94";"94042";"2";"5";"8";"3";"Quai de la Marne";"48,82026000";"2,46734000"
"202300046072";"18";"02";"2023";"12:40";"1";"987";"98738";"2";"1";"1";"6";"route du MIL DELICES PK 12.600";" -17,61800000";" -149,54900000"
"202300046073";"4";"04";"2023";"17:15";"1";"09";"09122";"2";"3";"1";"2";"RD 919";"42,98770900";"1,61580900"
"202300046074";"6";"12";"2023";"19:00";"3";"77";"77258";"1";"1";"1";"2";"A4.W";"48,83202658";"2,64943037"
"202300046075";"28";"08";"2023";"16:50";"1";"94";"94042";"2";"1";"1";"3";"Rue Jean Mermoz";"48,81993200";"2,46527600"
"202300046076";"3";"04";"2023";"18:40";"1";"07";"07146";"1";"1";"1";"6";"PLAINE DE LIVIERS";"44,75379000";"4,58040000"
"202300046077";"19";"02";"2023";"13:30";"1";"988";"98805";"2";"1";"1";"6";"Rue Johan Strauss";" -22,20338900";"166,46925300"
"202300046078";"6";"12";"2023";"15:35";"2";"94";"94017";"1";"1";"1";"3";"A4";"48,82689610";"2,51289950"
"202300046079";"29";"08";"2023";"09:55";"1";"94";"94076";"2";"1";"1";"3";"Avenue de Paris";"48,80613000";"2,36356000"
"202300046080";"4";"04";"2023";"21:25";"5";"06";"06088";"2";"1";"1";"6";"VEIL (AV. SIMONE)";"43,68875000";"7,20162000"
"202300046081";"19";"02";"2023";"13:00";"1";"13";"13112";"1";"1";"1";"1";"CHEMIN DE LA JOSEPHINE";"43,53305600";"5,25913600"
"202300046082";"5";"12";"2023";"22:10";"4";"77";"77363";"1";"1";"8";"3";"A104";"48,91471160";"2,63454857"
"202300046083";"29";"08";"2023";"09:00";"1";"94";"94041";"2";"6";"7";"6";"Rue Jean-Baptiste Renoult";"48,80525000";"2,38939000"
"202300046084";"21";"03";"2023";"10:00";"1";"44";"44154";"1";"1";"1";"4";"N/A";"47,26736926";" -2,16147222"
"202300046085";"9";"02";"2023";"23:40";"3";"86";"86116";"1";"1";"1";"2";"A10";"46,49936100";"0,09423200"
"202300046086";"27";"08";"2023";"15:36";"1";"94";"94028";"2";"5";"1";"3";"Avenue de Verdun";"48,79362968";"2,46090035"
"202300046087";"4";"04";"2023";"22:35";"5";"06";"06069";"2";"3";"1";"3";"PAGNOL (BOULEVARD MARCEL)";"43,64000000";"6,94000000"
"202300046088";"30";"09";"2023";"15:20";"1";"19";"19031";"2";"1";"1";"6";"ALVITRE (AVENUE ABBE)";"45,15204849";"1,50363189"
"202300046089";"20";"02";"2023";"08:45";"1";"24";"24026";"2";"1";"1";"6";"D45e";"45,18128100";"0,90738100"
"202300046090";"29";"08";"2023";"08:20";"1";"94";"94022";"2";"9";"1";"1";"Avenue Victor Hugo";"48,76889258";"2,42065005"
"202300046091";"20";"02";"2023";"09:15";"1";"21";"21405";"1";"1";"1";"6";"Autoroute A6, sens Paris/Lyon, PK 313+900";"46,93966295";"4,82518816"
"202300046092";"3";"04";"2023";"14:15";"1";"03";"03185";"2";"2";"1";"3";"GRANDS PRES ( RUE DES )";"46,33568000";"2,60461000"
"202300046093";"27";"09";"2023";"14:00";"1";"19";"19031";"2";"1";"1";"3";"ALVITRE (AVENUE ABBE)";"45,15393000";"1,51074000"
"202300046094";"19";"02";"2023";"22:25";"3";"971";"97129";"1";"1";"1";"2";"Bellevue";"16,31756500";" -61,68765300"
"202300046095";"29";"08";"2023";"22:05";"5";"93";"93050";"2";"3";"1";"3";"Rue du General Donzelot / Rue Abel Tuffier";"48,85797176";"2,54080465"
"202300046096";"6";"10";"2023";"12:40";"1";"74";"74012";"2";"1";"1";"3";"LECLERC (AVENUE DU MARECHAL)";"46,18919000";"6,24911000"
"202300046097";"3";"04";"2023";"12:45";"1";"83";"83144";"1";"1";"1";"2";"A57";"43,13355886";"5,98528004"
"202300046098";"18";"02";"2023";"09:55";"1";"41";"41206";"2";"3";"1";"1";"Chemin de Pissevin";"47,62155330";"1,37985700"
"202300046099";"29";"08";"2023";"13:25";"1";"93";"93048";"2";"1";"1";"2";"Boulevard Rouget de Lisle";"48,86010800";"2,43906800"
"202300046100";"4";"10";"2023";"07:50";"1";"74";"74026";"1";"1";"1";"3";"Rd 1508";"45,96262100";"6,03595700"
"202300046101";"4";"04";"2023";"14:50";"1";"75";"75120";"2";"2";"1";"6";"RUE DES PYRENEES";"48,85269600";"2,40612100"
"202300046102";"20";"02";"2023";"15:50";"1";"78";"78062";"1";"1";"1";"1";"route de saulx-marchais";"48,84967600";"1,85285900"
"202300046103";"28";"08";"2023";"23:20";"5";"93";"93005";"2";"2";"1";"3";"MAXIMILIEN ROBESPIERRE (RUE)";"48,94789580";"2,50147365"
"202300046104";"5";"10";"2023";"17:10";"1";"74";"74010";"1";"1";"7";"5";"A41";"45,90766100";"6,09471900"
"202300046105";"20";"02";"2023";"08:30";"1";"13";"13099";"1";"1";"1";"3";"RD 952";"43,71010600";"5,76915300"
"202300046106";"4";"04";"2023";"00:00";"5";"75";"75120";"2";"2";"1";"3";"BOULEVARD MORTIER";"48,86794800";"2,40888100"
"202300046107";"19";"02";"2023";"18:45";"4";"73";"73213";"1";"1";"1";"6";"D1006";"45,56704600";"5,96478200"
"202300046108";"4";"10";"2023";"19:24";"2";"74";"74010";"2";"1";"1";"1";"MARQUISATS (AVENUE DES)";"45,88652100";"6,14295200"
"202300046109";"20";"02";"2023";"15:30";"1";"26";"26168";"1";"1";"1";"6";"Lus la Croix Haute ? RD1075";"44,66921700";"5,69826700"
"202300046110";"29";"08";"2023";"10:15";"1";"92";"92044";"2";"2";"1";"3";"CAMILLE PELLETAN(RUE)17 + ET 14+";"48,89638000";"2,29152000"
"202300046111";"5";"10";"2023";"15:40";"1";"74";"74010";"1";"1";"1";"1";"RD 1201";"45,95867600";"6,12905100"
"202300046112";"4";"04";"2023";"20:05";"1";"75";"75119";"2";"1";"1";"5";"RUE DE CRIMEE";"48,89441600";"2,37268400"
"202300046113";"19";"02";"2023";"01:00";"5";"69";"69284";"2";"6";"1";"6";"Rue des Echets";"45,88213300";"4,87348800"
"202300046114";"5";"10";"2023";"06:15";"3";"74";"74160";"1";"1";"1";"7";"Route du col de merdassier";"45,87457800";"6,41603700"
"202300046115";"29";"08";"2023";"08:00";"1";"92";"92024";"2";"2";"1";"6";"GEORGES BOISSEAU (RUE)";"48,90359881";"2,31736825"
"202300046116";"18";"02";"2023";"13:05";"1";"81";"81236";"1";"1";"1";"6";"D112 PK 86.480";"43,68387918";"1,75407748"
"202300046117";"22";"03";"2023";"18:25";"1";"75";"75119";"2";"2";"1";"1";"AVENUE JEAN JAURES";"48,88656300";"2,38463400"
"202300046118";"1";"10";"2023";"22:30";"4";"74";"74050";"1";"1";"1";"6";"D40";"46,22266900";"6,43503800"
"202300046119";"28";"08";"2023";"20:15";"1";"92";"92024";"2";"2";"1";"2";"MADAME DE SANZILLON (RUE)";"48,90357547";"2,31755018"
"202300046120";"14";"09";"2023";"06:00";"5";"74";"74010";"2";"1";"1";"6";"CARNOT (RUE)";"45,90421000";"6,12452000"
"202300046121";"4";"04";"2023";"20:20";"5";"75";"75118";"2";"2";"1";"3";"RUE DE TORCY";"48,89125100";"2,36328400"
"202300046122";"29";"08";"2023";"03:00";"3";"92";"92032";"2";"1";"1";"6";"FOCH MARECHAL (AVENUE DU)";"48,78833000";"2,30126000"
"202300046123";"12";"08";"2023";"23:10";"3";"74";"74312";"1";"1";"1";"6";"A40 PK29.5";"46,06842095";"6,48170024"
"202300046124";"4";"04";"2023";"12:40";"1";"75";"75118";"2";"1";"1";"6";"RUE MARCADET";"48,89288400";"2,32834700"
"202300046125";"19";"02";"2023";"16:10";"1";"31";"31478";"1";"1";"1";"5";"D622";"43,45005700";"1,90391800"
"202300046126";"30";"09";"2023";"02:40";"5";"971";"97113";"1";"1";"1";"7";"RN4-ROND POINT SAINT FELIX";"16,20716424";" -61,45617843"
"202300046127";"29";"08";"2023";"19:40";"1";"92";"92012";"2";"1";"1";"1";"REINE (ROUTE DE LA) 39/107 BIS";"48,83978000";"2,23916000"
"202300046128";"20";"02";"2023";"02:15";"4";"60";"60134";"1";"1";"1";"6";"D916a";"49,31683300";"2,44171500"
"202300046129";"4";"04";"2023";"19:00";"1";"75";"75117";"2";"3";"1";"6";"RUE PONCELET";"48,87907500";"2,29687100"
"202300046130";"6";"10";"2023";"12:50";"1";"74";"74010";"2";"3";"1";"6";"PAIX";"45,90404000";"6,12883000"
"202300046131";"21";"08";"2023";"17:35";"1";"54";"54250";"1";"1";"1";"1";"RD 80";"48,65254600";"6,34197600"
"202300046132";"20";"02";"2023";"17:30";"2";"80";"80485";"1";"2";"1";"3";"D210";"49,76763500";"2,19088700"
"202300046133";"4";"04";"2023";"09:15";"1";"75";"75117";"2";"2";"1";"3";"AVENUE DE WAGRAM";"48,88527300";"2,30334900"
"202300046134";"6";"10";"2023";"23:15";"3";"34";"34032";"2";"1";"1";"6";"COMTE DE NICE (RUE DU)";"43,35338000";"3,23591000"
"202300046135";"18";"02";"2023";"05:30";"4";"59";"59055";"2";"1";"1";"6";"Grand Rue";"50,09189400";"3,58997300"
"202300046136";"12";"08";"2023";"14:20";"1";"13";"13096";"1";"1";"1";"6";"D570";"43,45971200";"4,42392600"
"202300046137";"29";"08";"2023";"10:06";"1";"26";"26139";"1";"1";"1";"1";"Route de Romans";"45,07097500";"5,07778600"
"202300046138";"4";"04";"2023";"08:55";"1";"75";"75117";"2";"3";"1";"3";"AVENUE DE LA PORTE D ASNIERES";"48,89061900";"2,30311700"
"202300046139";"30";"08";"2023";"07:20";"2";"86";"86182";"1";"1";"1";"6";"D757";"46,90696800";"0,31223100"
"202300046140";"5";"12";"2023";"09:25";"1";"988";"98818";"2";"1";"1";"2";"Rue du Frère GERMAIN";" -22,23454000";"166,48475000"
"202300046141";"19";"02";"2023";"12:35";"1";"13";"13015";"1";"1";"1";"2";"A515CM-sortie Gardanne/Bouc Bel Air";"43,42963202";"5,39817095"
"202300046142";"1";"12";"2023";"03:40";"3";"987";"98735";"2";"9";"1";"7";"DESTREMEAU (RUE URANIE)";" -17,32500000";" -149,34510000"
"202300046143";"29";"08";"2023";"20:16";"2";"06";"06149";"2";"1";"1";"2";"M2204";"43,73322000";"7,29469700"
"202300046144";"3";"04";"2023";"23:00";"5";"75";"75117";"2";"2";"1";"3";"BOULEVARD BESSIERES";"48,89758800";"2,32413100"
"202300046145";"18";"02";"2023";"12:44";"1";"13";"13212";"1";"1";"1";"2";"A507 sens Aubagne- Marseille";"43,29190000";"5,42446000"
"202300046146";"30";"08";"2023";"04:20";"4";"71";"71417";"2";"1";"1";"6";"15 Route de Joncy";"46,61337100";"4,66091800"
"202300046147";"30";"11";"2023";"21:35";"5";"987";"98736";"2";"1";"1";"5";"CHARLES DE GAULLE (AV)";" -17,55955332";" -149,52198586"
"202300046148";"18";"02";"2023";"23:30";"3";"69";"69005";"1";"1";"2";"6";"Autoroute 46";"45,92899000";"4,74274000"
"202300046149";"4";"04";"2023";"17:10";"1";"75";"75116";"2";"2";"1";"3";"AVENUE KLEBER";"48,86891000";"2,29149300"
"202300046150";"29";"08";"2023";"16:20";"1";"51";"51592";"1";"1";"1";"7";"Vandières";"49,10909300";"3,73193000"
"202300046151";"5";"12";"2023";"16:20";"1";"976";"97611";"2";"1";"1";"1";"mamoudzou centre-Haladi Selemani ( rue )";" -12,77677000";"45,22603000"
"202300046152";"19";"02";"2023";"16:45";"1";"91";"91340";"1";"1";"1";"2";"AUTOROUTE A6";"48,60053000";"2,43930000"
"202300046153";"4";"04";"2023";"06:35";"1";"75";"75115";"2";"3";"1";"7";"RUE FALGUIERE";"48,83758900";"2,31097500"
"202300046154";"18";"02";"2023";"18:25";"1";"91";"91661";"1";"1";"1";"2";"AUTOROUTE A10";"48,68926000";"2,21995000"
"202300046155";"29";"08";"2023";"18:30";"1";"87";"87038";"1";"1";"1";"6";"Lieu-dit Puy de l'Eau";"45,91163000";"1,23968500"
"202300046156";"4";"12";"2023";"07:45";"1";"974";"97411";"2";"4";"1";"3";"JAURES (BLD 2 JEAN)";" -20,89000000";"55,46350000"
"202300046157";"3";"04";"2023";"19:45";"2";"75";"75114";"2";"2";"1";"3";"BOULEVARD ROMAIN ROLLAND";"48,82080000";"2,32104800"
"202300046158";"30";"08";"2023";"14:25";"1";"62";"62180";"1";"1";"1";"6";"D 941";"50,41372700";"2,38670500"
"202300046159";"5";"12";"2023";"07:47";"1";"973";"97302";"2";"9";"2";"3";"MONTABO (ROUTE DE) 2";"4,93667000";" -52,29702000"
"202300046160";"19";"02";"2023";"16:50";"1";"92";"92036";"1";"9";"1";"4";"A86";"48,93640310";"2,28946318"
"202300046161";"27";"08";"2023";"17:30";"1";"19";"19035";"1";"1";"1";"6";"D39";"45,30728800";"1,33911100"
"202300046162";"4";"04";"2023";"09:20";"1";"75";"75113";"2";"2";"1";"6";"BOULEVARD MASSENA";"48,81913800";"2,35950300"