"Num_Acc";"jour";"mois";"an";"hrmn";"lum";"dep";"com";"agg";"int";"atm";"col";"adr";"lat";"long"
"202300046163";"5";"12";"2023";"07:30";"2";"69";"69388";"2";"3";"1";"6";"Avenue Paul Santy";"45,73549000";"4,87033000"
"202300046164";"4";"04";"2023";"18:00";"1";"75";"75112";"2";"1";"1";"2";"QUAI DE BERCY";"48,84232000";"2,37181400"
"202300046165";"29";"08";"2023";"20:15";"1";"19";"19025";"1";"1";"1";"7";"route des Palisses";"45,41192579";"1,29341483"
"202300046166";"4";"04";"2023";"20:00";"2";"75";"75112";"2";"1";"1";"3";"RUE CROZATIER";"48,84749100";"2,38114700"
"202300046167";"4";"12";"2023";"12:30";"1";"972";"97213";"1";"1";"1";"5";"ROUTE DEPARTEMENTALE 3";"14,62608000";" -60,98946000"
"202300046168";"29";"07";"2023";"19:00";"1";"19";"19012";"1";"1";"1";"3";"ROUTE DE LA NOIX";"44,95552100";"1,83842900"
"202300046169";"19";"02";"2023";"15:00";"1";"78";"78402";"1";"1";"1";"5";"A13";"48,96410000";"1,77518900"
"202300046170";"5";"12";"2023";"19:00";"5";"69";"69385";"2";"1";"1";"6";"9 Avenue de Ménival";"45,75588000";"4,78809000"
"202300046171";"4";"04";"2023";"19:50";"2";"75";"75110";"2";"2";"1";"3";"BOULEVARD DE LA CHAPELLE";"48,88423800";"2,36462700"
"202300046172";"19";"02";"2023";"02:26";"3";"78";"78217";"1";"1";"1";"2";"A13";"48,96315500";"1,83481900"
"202300046173";"5";"12";"2023";"08:05";"2";"69";"69385";"2";"1";"2";"3";"13 Rue François Génin";"45,75486622";"4,79630442"
"202300046174";"29";"08";"2023";"18:45";"2";"79";"79278";"1";"2";"1";"3";"D738";"46,59760500";" -0,11542900"
"202300046175";"19";"02";"2023";"04:00";"3";"93";"93066";"1";"1";"1";"6";"AUTOROUTE A86";"48,92475000";"2,34108000"
"202300046176";"4";"04";"2023";"14:42";"1";"75";"75107";"2";"1";"1";"3";"AVENUE DE LA MOTTE PICQUET";"48,85503900";"2,30662800"
"202300046177";"25";"08";"2023";"21:15";"3";"33";"33506";"1";"1";"1";"6";"route de Monségur";"44,68248219";" -0,06283343"
"202300046178";"18";"02";"2023";"21:30";"3";"92";"92036";"1";"1";"1";"2";"AUTOROUTE A86";"48,93851705";"2,30001759"
"202300046179";"5";"12";"2023";"09:15";"1";"69";"69382";"2";"2";"1";"3";"25 Rue Ravat";"45,74376000";"4,82474000"
"202300046180";"4";"04";"2023";"10:45";"1";"75";"75107";"2";"3";"1";"3";"AVENUE DE BRETEUIL";"48,84883900";"2,31142700"
"202300046181";"18";"02";"2023";"20:15";"3";"92";"92036";"1";"1";"1";"2";"AUTOROUTE A15";"48,94355783";"2,28738079"
"202300046182";"4";"12";"2023";"10:10";"1";"971";"97101";"2";"1";"1";"2";"ACHILLE RENE BOISNEUF (RUE)";"16,26656956";" -61,50910378"
"202300046183";"28";"08";"2023";"17:19";"1";"63";"63055";"1";"1";"2";"3";"La Garenne";"45,84281900";"2,79124100"
"202300046184";"4";"04";"2023";"13:10";"1";"75";"75103";"2";"2";"1";"3";"RUE DE BRETAGNE";"48,86469300";"2,35972300"
"202300046185";"4";"12";"2023";"20:15";"5";"2A";"2A004";"2";"1";"3";"6";"NAPOLEON COURS AVANT BEVERINI";"41,92118000";"8,73728000"
"202300046186";"18";"02";"2023";"10:45";"1";"13";"13212";"2";"1";"1";"6";"SAINT JULIEN (AVENUE DE )";"43,30626000";"5,42003000"
"202300046187";"28";"08";"2023";"09:00";"1";"12";"12244";"2";"1";"1";"2";"Avenue du Pont du Tarn";"44,04945000";"2,89808400"
"202300046188";"27";"03";"2023";"11:30";"1";"94";"94081";"2";"1";"1";"6";"Rue de la Petite Saussaie";"48,78478843";"2,38771614"
"202300046189";"5";"12";"2023";"09:00";"1";"95";"95197";"1";"1";"3";"6";"ABEL FAUVEAU (RUE) ";"48,96171189";"2,32681096"
"202300046190";"29";"08";"2023";"16:55";"1";"39";"39106";"1";"1";"1";"6";"N/A";"46,47467200";"5,72354400"
"202300046191";"17";"02";"2023";"07:15";"2";"25";"25547";"2";"2";"2";"3";"PONTARLIER (RUE DE)";"47,51467000";"6,83437000"
"202300046192";"3";"04";"2023";"18:50";"2";"94";"94068";"2";"2";"1";"6";"Rue Vassal";"48,79344000";"2,47866000"
"202300046193";"5";"12";"2023";"08:25";"2";"95";"95176";"2";"1";"1";"3";"D121";"48,95817900";"2,19601600"
"202300046194";"29";"08";"2023";"18:15";"1";"25";"25434";"2";"9";"1";"7";"Allee de la Tour de Peilz";"47,10118000";"6,16120600"
"202300046195";"17";"02";"2023";"12:55";"1";"974";"97416";"2";"2";"1";"1";"AMANDIERS (CHEMIN DES)";" -21,30075000";"55,46019000"
"202300046196";"4";"12";"2023";"06:50";"5";"91";"91216";"2";"1";"3";"3";"CORBEIL (RUE)";"48,66762000";"2,33290000"
"202300046197";"4";"04";"2023";"10:00";"1";"94";"94043";"2";"1";"1";"1";"30 Rue Carnot";"48,80901000";"2,36624000"
"202300046198";"29";"08";"2023";"05:00";"2";"02";"02358";"1";"1";"1";"6";"4 Rue de Bohain";"49,94478800";"3,51627800"
"202300046199";"18";"02";"2023";"07:20";"1";"974";"97411";"2";"1";"1";"2";"JAURES (BLD 1 JEAN)";" -20,89009000";"55,46086000"
"202300046200";"4";"04";"2023";"12:45";"1";"94";"94041";"2";"1";"1";"3";"22 Rue Amédée Huon";"48,80479000";"2,38730500"
"202300046201";"5";"12";"2023";"02:20";"5";"91";"91161";"2";"3";"1";"3";"RUE HELENE BOUCHER";"48,71774000";"2,30722000"
"202300046202";"26";"08";"2023";"08:35";"1";"72";"72281";"2";"1";"1";"7";"Rue de la Mairie";"48,19954600";"0,50148200"
"202300046203";"3";"04";"2023";"14:22";"1";"94";"94028";"2";"9";"1";"6";"Avenue du Général de Gaulle";"48,77869000";"2,45745000"
"202300046204";"18";"02";"2023";"16:00";"1";"69";"69382";"2";"3";"1";"6";"Quai Docteur Gailleton";"45,75723000";"4,83691000"
"202300046205";"5";"12";"2023";"15:50";"1";"91";"91201";"2";"9";"2";"3";"BD HENRI BARBUSSE";"48,69365000";"2,41330000"
"202300046206";"4";"04";"2023";"18:10";"1";"94";"94022";"2";"1";"1";"3";"Av de Villeneuve Saint Georges";"48,76463000";"2,41633000"
"202300046207";"30";"08";"2023";"12:50";"1";"60";"60509";"2";"1";"1";"5";"Avenue d’Auvelais";"49,31631700";"2,60380300"
"202300046208";"18";"02";"2023";"12:00";"1";"971";"97120";"2";"1";"1";"6";"BEAUPERTHUY";"16,24251000";" -61,53595000"
"202300046209";"5";"12";"2023";"17:30";"5";"91";"91589";"2";"2";"1";"6";"AV PAUL SUMIEN";"48,68460000";"2,36709000"
"202300046210";"4";"04";"2023";"19:05";"1";"94";"94017";"2";"1";"1";"6";"Avenue de la République";"48,81855000";"2,51148000"
"202300046211";"18";"02";"2023";"05:20";"2";"971";"97101";"1";"1";"2";"2";"PERRIN (SECTEUR)";"16,27507000";" -61,50936000"
"202300046212";"30";"08";"2023";"18:50";"1";"60";"60178";"2";"2";"1";"2";"Avenue de la Libération";"49,60655900";"2,06975300"
"202300046213";"5";"12";"2023";"11:40";"1";"91";"91687";"2";"3";"2";"3";"JEAN CHARCOT (AVENUE)";"48,65900000";"2,36432000"
"202300046214";"17";"02";"2023";"17:40";"1";"2A";"2A004";"2";"1";"1";"2";"CANDIA";"41,93448000";"8,74552000"
"202300046215";"30";"08";"2023";"15:25";"1";"64";"64274";"1";"1";"3";"7";"RD15";"43,17714100";" -1,30145100"
"202300046216";"4";"12";"2023";"00:14";"3";"87";"87085";"1";"1";"1";"6";"AUTOROUTE A20";"45,89809000";"1,29383000"
"202300046217";"3";"04";"2023";"18:20";"1";"94";"94017";"2";"2";"1";"5";"63 Rue de l'Egalité";"48,81880535";"2,52029443"
"202300046218";"4";"04";"2023";"14:35";"1";"94";"94071";"2";"3";"1";"2";"Rue Albert Dru";"48,76271700";"2,51959600"
"202300046219";"18";"02";"2023";"15:20";"1";"91";"91433";"1";"1";"1";"2";"R.D.20";"48,45847000";"2,17753000"
"202300046220";"30";"08";"2023";"12:25";"1";"64";"64297";"1";"1";"3";"4";"RD933";"43,18308700";" -1,17555900"
"202300046221";"3";"12";"2023";"21:40";"5";"87";"87085";"2";"2";"1";"3";"GAMBETTA (BOULEVARD)";"45,82773000";"1,25814000"
"202300046222";"3";"12";"2023";"00:47";"5";"87";"87085";"2";"1";"1";"7";"GAUTIER (RUE THEOPHILE)";"45,84543000";"1,25557000"
"202300046223";"4";"04";"2023";"16:10";"1";"93";"93050";"2";"1";"1";"2";"Avenue Jean Jaures";"48,86539200";"2,56124100"
"202300046224";"30";"08";"2023";"18:04";"1";"85";"85018";"1";"2";"7";"3";"la case du dely";"46,87816650";" -2,05853100"
"202300046225";"5";"12";"2023";"16:35";"1";"83";"83126";"2";"3";"1";"2";"GIOVANNINI (CORNICHE PHILIPPE)";"43,10239000";"5,90158000"
"202300046226";"28";"08";"2023";"15:48";"1";"85";"85234";"2";"1";"1";"3";"Avenue de baisse";"46,77490149";" -2,03743815"
"202300046227";"3";"04";"2023";"11:15";"1";"93";"93032";"2";"3";"1";"3";"Avenue Clovis / Avenue de l'Etoile d'Or";"48,88053474";"2,56959357"
"202300046228";"18";"02";"2023";"19:00";"2";"74";"74012";"2";"1";"1";"1";"BONNEVILLE (ROUTE DE)";"46,18775000";"6,23593000"
"202300046229";"28";"11";"2023";"16:30";"1";"83";"83129";"2";"1";"1";"6";"FONT DE FILLOL (RC ET T)";"43,09835000";"5,82688000"
"202300046230";"4";"04";"2023";"17:20";"1";"93";"93079";"2";"1";"1";"6";"Avenue Jean-baptiste Clément";"48,95592900";"2,33875100"
"202300046231";"29";"08";"2023";"19:20";"1";"85";"85051";"1";"1";"1";"1";"RD 31";"46,67409392";" -1,02567221"
"202300046232";"18";"02";"2023";"18:20";"1";"64";"64102";"2";"1";"1";"2";"SOULT (AVENUE MARECHAL)";"43,48690000";" -1,48670000"
"202300046233";"29";"08";"2023";"18:40";"1";"87";"87187";"2";"1";"1";"7";"Rue des Salines";"45,50681300";"1,20599600"
"202300046234";"4";"12";"2023";"17:30";"3";"79";"79191";"2";"1";"2";"5";"N/A";"46,31146000";" -0,42586000"
"202300046235";"3";"04";"2023";"17:15";"1";"93";"93013";"2";"1";"1";"3";"Avenue de la Division Leclerc";"48,93604000";"2,42709000"
"202300046236";"18";"02";"2023";"12:50";"1";"64";"64024";"2";"1";"1";"2";"BAYONNE (AVENUE DE)";"43,48221000";" -1,50740000"
"202300046237";"19";"08";"2023";"15:25";"1";"87";"87103";"2";"3";"1";"3";"Rue du 8 Mai 1945";"46,00969600";"1,17566000"
"202300046238";"18";"02";"2023";"09:38";"1";"64";"64024";"2";"1";"1";"6";"Rue de Hardoy";"43,49334000";" -1,50878000"
"202300046239";"4";"04";"2023";"18:00";"1";"93";"93047";"2";"2";"1";"3";"Avenue du Muguet / Avenue Emile Cossonneau";"48,89433000";"2,54959000"
"202300046240";"5";"12";"2023";"16:45";"1";"78";"78650";"2";"2";"1";"3";"CARNOT (BOULEVARD)";"48,89666000";"2,11992000"
"202300046241";"29";"08";"2023";"14:00";"1";"68";"68375";"2";"1";"1";"2";"Route du Wahlweg";"47,78775800";"7,23312900"
"202300046242";"3";"04";"2023";"19:20";"1";"92";"92036";"2";"3";"1";"3";"GENERAL DE GAULLE (AVENUE) (PAIRS)";"48,93374411";"2,31347367"
"202300046243";"17";"02";"2023";"20:15";"5";"59";"59392";"2";"3";"2";"6";"AVESNES (ROUTE D')";"50,27153363";"3,97045147"
"202300046244";"24";"10";"2023";"13:30";"1";"78";"78621";"1";"3";"1";"3";"FRERES LUMIERE (AVENUE DES)";"48,76432800";"2,00073500"
"202300046245";"30";"08";"2023";"13:30";"1";"05";"05103";"1";"1";"1";"6";"Autoroute A51 - PK.127";"44,28352300";"5,89942200"
"202300046246";"18";"02";"2023";"18:40";"5";"59";"59560";"2";"1";"1";"3";"BOUVRY ROGER RUE";"50,54971000";"3,02935000"
"202300046247";"5";"12";"2023";"21:05";"5";"77";"77337";"2";"1";"1";"3";"PIERRE MENDES FRANCE (AVENUE)";"48,84102000";"2,61385000"
"202300046248";"4";"04";"2023";"09:30";"1";"92";"92024";"2";"3";"1";"7";"GENERAL LECLERC (RUE DU) DE (59 ET PLUS)";"48,90367135";"2,31197700"
"202300046249";"29";"08";"2023";"17:33";"1";"01";"01228";"1";"1";"8";"6";"A40, PK127+400, sens 2 (Macon-Geneve)";"46,13292100";"5,52213200"
"202300046250";"4";"04";"2023";"19:15";"1";"92";"92004";"2";"9";"1";"7";"DOCTEUR DERVAUX  ( QUAI DU )";"48,90793700";"2,29254400"
"202300046251";"18";"02";"2023";"16:55";"1";"54";"54328";"2";"1";"1";"7";"BAS DE LA COTE (RUE DU)";"48,61417000";"6,16203000"
"202300046252";"4";"12";"2023";"18:00";"5";"77";"77449";"2";"1";"3";"6";"CRS DE L ELBE";"48,85704000";"2,78573000"
"202300046253";"29";"08";"2023";"18:55";"1";"34";"34337";"1";"1";"1";"1";"d116";"43,52485700";"3,83781200"
"202300046254";"18";"02";"2023";"05:25";"3";"42";"42187";"2";"6";"1";"6";"Boulevard Baron du Marais";"46,04010000";"4,06352000"
"202300046255";"30";"03";"2023";"18:40";"1";"92";"92004";"2";"1";"1";"6";"GRESILLONS ( AVENUE DES  )";"48,91617241";"2,30461903"
"202300046256";"5";"12";"2023";"03:25";"5";"77";"77131";"2";"1";"2";"6";"D402";"48,81332000";"3,07873000"
"202300046257";"29";"08";"2023";"14:00";"1";"971";"97103";"2";"1";"1";"4";"RN1 sortie Destreland";"16,25197500";" -61,58630800"
"202300046258";"4";"04";"2023";"18:50";"2";"92";"92002";"2";"9";"1";"2";"DIVISION LECLERC (53 A 217 - 58 A 186)";"48,74214000";"2,30271000"
"202300046259";"5";"12";"2023";"08:25";"1";"76";"76351";"2";"1";"2";"7";"DENIS PAPIN (PONT)";"49,49459000";"0,13801000"
"202300046260";"18";"02";"2023";"06:00";"5";"42";"42095";"2";"1";"1";"3";"Rue de la République";"45,39319919";"4,29535939"
"202300046261";"29";"08";"2023";"07:00";"1";"971";"97124";"2";"3";"1";"3";"Rue Joseph Pitat";"16,01671200";" -61,70820700"
"202300046262";"4";"04";"2023";"19:10";"2";"51";"51455";"1";"1";"1";"3";"D58";"48,72207000";"4,66871700"
"202300046263";"5";"12";"2023";"17:10";"2";"70";"70550";"2";"3";"2";"6";"GIRARDOT (RUE DU COMMANDANT)";"47,61824000";"6,15408800"
"202300046264";"18";"02";"2023";"03:35";"3";"38";"38158";"1";"1";"1";"2";"N87";"45,15307000";"5,74154000"
"202300046265";"29";"08";"2023";"17:30";"1";"77";"77171";"2";"1";"1";"7";"Avenue Charles de Gaulle";"48,89639100";"2,81055300"
"202300046266";"4";"04";"2023";"19:40";"1";"41";"41150";"2";"1";"1";"2";"Route de Blois";"47,56255100";"1,44170300"
"202300046267";"29";"08";"2023";"08:20";"1";"77";"77529";"1";"1";"1";"6";"D21";"48,82227900";"2,87596900"
"202300046268";"18";"02";"2023";"12:10";"1";"37";"37261";"2";"3";"8";"6";"WAGNER (BOULEVARD RICHARD)";"47,37692000";"0,71358000"
"202300046269";"4";"12";"2023";"05:20";"5";"67";"67482";"2";"1";"8";"2";"RHIN (AVENUE DU)";"48,57296000";"7,78798000"
"202300046270";"28";"08";"2023";"15:15";"1";"13";"13094";"1";"1";"1";"7";"D32";"43,81341100";"4,75156500"
"202300046271";"4";"04";"2023";"06:45";"2";"17";"17142";"2";"3";"1";"3";"Rue Jacques Archambault";"46,19020000";" -1,07173600"
"202300046272";"18";"02";"2023";"13:55";"1";"35";"35238";"2";"1";"1";"6";"SUEDE (DE)";"48,08674387";" -1,67604402"
"202300046273";"4";"12";"2023";"18:00";"2";"66";"66136";"2";"3";"1";"6";"PALAIS-DES-EXPO (AVENUE DU)";"42,70528000";"2,89464000"
"202300046274";"17";"02";"2023";"07:45";"2";"34";"34301";"2";"9";"5";"3";"4 Rue du Football";"43,41082000";"3,67701600"
"202300046275";"28";"08";"2023";"15:50";"1";"67";"67529";"1";"1";"1";"4";"D94";"48,70755495";"7,84915646"
"202300046276";"4";"04";"2023";"12:05";"1";"26";"26009";"2";"1";"1";"2";"32 RN7 Creux de la Thine";"45,26008500";"4,82321400"
"202300046277";"5";"12";"2023";"19:40";"5";"64";"64545";"1";"9";"2";"1";"RD810";"43,37559000";" -1,67756000"
"202300046278";"5";"04";"2023";"17:00";"1";"42";"42320";"1";"1";"1";"6";"Route de Saint Romain";"45,55232000";"4,52186600"
"202300046279";"18";"02";"2023";"20:30";"5";"33";"33249";"2";"1";"1";"5";"Avenue Carnot";"44,86556000";" -0,51482000"
"202300046280";"29";"08";"2023";"17:50";"1";"79";"79042";"1";"1";"1";"7";"N/A";"46,37765400";" -0,07959000"
"202300046281";"4";"04";"2023";"16:40";"1";"62";"62230";"2";"1";"1";"2";"D224";"50,74189321";"1,82153986"
"202300046282";"26";"08";"2023";"22:30";"3";"86";"86115";"2";"1";"1";"7";"D62";"46,68413000";"0,35547000"
"202300046283";"17";"02";"2023";"17:25";"1";"31";"31555";"1";"1";"1";"2";"30 PONTS JUMEAUX  (PERIPH OUEST A620)";"43,60896000";"1,41199000"
"202300046284";"5";"12";"2023";"18:50";"5";"64";"64284";"2";"1";"1";"4";"RAUSKI";"43,26935000";" -0,38916000"
"202300046285";"30";"08";"2023";"11:20";"1";"50";"50041";"1";"1";"1";"6";"herquemoulin rd403";"49,66193300";" -1,86906000"
"202300046286";"5";"04";"2023";"17:29";"1";"2B";"2B299";"1";"1";"1";"6";"Caldane";"42,42777300";"9,42760000"
"202300046287";"18";"02";"2023";"19:50";"5";"30";"30028";"2";"1";"1";"5";"Route d'Avignon";"44,15597449";"4,63786161"
"202300046288";"28";"07";"2023";"16:45";"1";"35";"35228";"1";"4";"1";"3";"D168";"48,58844600";" -2,11843000"
"202300046289";"5";"12";"2023";"18:15";"5";"64";"64445";"2";"1";"1";"3";"DUFAU";"43,31101000";" -0,36322000"
"202300046290";"30";"08";"2023";"15:00";"1";"35";"35001";"2";"1";"1";"3";"14 Rue Saint-Exupéry";"48,13600700";" -1,54144700"
"202300046291";"17";"02";"2023";"17:50";"1";"29";"29039";"2";"2";"1";"1";"Kerose";"47,87424000";" -3,90526000"
"202300046292";"5";"12";"2023";"15:35";"1";"64";"64445";"2";"6";"8";"2";"EUROPE DE L'";"43,33005000";" -0,35525000"
"202300046293";"23";"08";"2023";"12:53";"1";"27";"27022";"2";"1";"1";"3";"Rue de la Chartreuse";"49,16992000";"1,34937600"
"202300046294";"17";"02";"2023";"20:25";"3";"19";"19275";"1";"1";"1";"5";"NEUVIC (ROUTE DE)";"45,56418410";"2,29991913"
"202300046295";"5";"12";"2023";"09:45";"1";"64";"64129";"2";"3";"2";"3";"PIEDMONT DU";"43,30559000";" -0,40112000"
"202300046296";"30";"08";"2023";"15:11";"1";"02";"02381";"2";"4";"1";"3";"48 Rue Charles de Gaulle";"49,92196800";"4,08318600"
"202300046297";"17";"02";"2023";"20:40";"5";"18";"18279";"2";"1";"1";"6";"25 Rue Gourdon";"47,22453000";"2,06555000"
"202300046298";"29";"11";"2023";"17:10";"3";"62";"62250";"2";"1";"1";"6";"D919";"50,44791881";"2,94403142"
"202300046299";"29";"08";"2023";"20:05";"1";"13";"13022";"1";"1";"1";"2";"A50-Sens Toulon vers Aubagne";"43,21880000";"5,58140000"
"202300046300";"2";"12";"2023";"14:30";"1";"62";"62510";"1";"1";"1";"6";"D58";"50,42288000";"2,77694000"
"202300046301";"5";"04";"2023";"07:00";"2";"71";"71133";"2";"1";"1";"3";"Route de gothard";"46,28568300";"4,29889400"
"202300046302";"29";"08";"2023";"09:35";"1";"13";"13214";"1";"1";"1";"2";"A7-Sens Lyon vers Marseille";"43,33784190";"5,37676383"
"202300046303";"2";"12";"2023";"22:05";"5";"62";"62464";"1";"1";"8";"6";"D39";"50,48710283";"2,80118369"
"202300046304";"18";"03";"2023";"20:25";"3";"71";"71324";"1";"1";"1";"7";"D69";"46,74629400";"4,66176000"
"202300046305";"28";"08";"2023";"13:55";"1";"83";"83144";"1";"1";"1";"2";"A57";"43,13301051";"5,98331823"
"202300046306";"4";"04";"2023";"18:20";"1";"49";"49331";"2";"1";"1";"6";"Rue Georges Bachelot";"47,69843000";" -0,96069800"
"202300046307";"5";"12";"2023";"10:55";"1";"61";"61001";"2";"6";"2";"3";"VC";"48,42555000";"0,06310000"
"202300046308";"29";"08";"2023";"17:20";"1";"92";"92002";"1";"1";"1";"3";"AUTOROUTE A86";"48,76265903";"2,30300964"
"202300046309";"3";"04";"2023";"09:00";"1";"12";"12307";"1";"1";"1";"6";"D199";"44,18629700";"2,83812000"
"202300046310";"29";"08";"2023";"02:53";"4";"91";"91340";"1";"1";"1";"7";"RN 104";"48,60938000";"2,43948000"
"202300046311";"5";"12";"2023";"11:35";"1";"61";"61001";"2";"6";"2";"3";"D438";"48,44443000";"0,09915000"
"202300046312";"2";"04";"2023";"19:00";"1";"68";"68067";"1";"1";"1";"7";"Courtavon";"47,46054300";"7,20971900"
"202300046313";"5";"12";"2023";"18:56";"4";"59";"59350";"2";"1";"8";"6";"EUGENE IMBERT DE LA PHALECQUE";"50,63342468";"2,98894364"
"202300046314";"28";"08";"2023";"18:15";"1";"92";"92036";"1";"1";"1";"4";"A86";"48,93699329";"2,29326176"
"202300046315";"28";"08";"2023";"17:30";"1";"93";"93005";"1";"1";"1";"3";"AUTOROUTE A1";"48,96072159";"2,46789896"
"202300046316";"2";"12";"2023";"12:19";"1";"57";"57672";"2";"1";"1";"6";"ALBERT 1ER (AVENUE) - IMPAIR";"49,36512000";"6,16853000"
"202300046317";"28";"08";"2023";"16:40";"1";"93";"93010";"1";"1";"1";"3";"AUTOROUTE A3";"48,90396716";"2,47131617"
"202300046318";"28";"08";"2023";"04:30";"5";"93";"93007";"1";"1";"1";"7";"AUTOROUTE A1";"48,94801000";"2,44503000"
"202300046319";"4";"12";"2023";"14:00";"1";"54";"54395";"2";"1";"1";"2";"Boulevard d'Haussonville";"48,67276483";"6,16495013"
"202300046320";"29";"08";"2023";"14:35";"1";"94";"94052";"1";"1";"1";"2";"A86";"48,84027522";"2,49328165"
"202300046321";"28";"08";"2023";"06:30";"2";"94";"94069";"1";"1";"1";"6";"A4";"48,81737184";"2,43495080"
"202300046322";"5";"12";"2023";"19:20";"5";"54";"54099";"2";"6";"2";"1";"Rue de Lorraine";"49,24954300";"5,95362500"
"202300046323";"24";"05";"2023";"08:00";"1";"13";"13039";"1";"6";"1";"2";"RN 568";"43,46197000";"4,91996000"
"202300046324";"16";"06";"2023";"10:25";"1";"91";"91286";"1";"1";"1";"4";"AUTOROUTE A6";"48,65588000";"2,37832000"
"202300046325";"4";"12";"2023";"16:45";"5";"51";"51454";"2";"3";"2";"3";"DOUZIEME ESCADRON D'AVIATION (RUE)";"49,27847800";"4,03191900"
"202300046326";"28";"08";"2023";"08:45";"1";"974";"97416";"1";"1";"1";"2";"RN 01";" -21,30658000";"55,43011000"
"202300046327";"1";"12";"2023";"20:10";"5";"50";"50129";"2";"1";"4";"2";"SALINE (BOULEVARD DE LA)";"49,65749000";" -1,65929000"
"202300046328";"26";"08";"2023";"18:05";"1";"974";"97411";"2";"1";"1";"7";"JAURES (BOULEVARD JEAN)";" -20,90179000";"55,50531000"
"202300046329";"5";"12";"2023";"08:00";"1";"49";"49007";"2";"3";"1";"1";"CHATEAU D'ORGEMONT RUE ET SQU";"47,44903000";" -0,54414000"
"202300046330";"1";"10";"2023";"19:25";"2";"78";"78537";"1";"1";"1";"3";"A10";"48,55525800";"1,93475200"
"202300046331";"26";"08";"2023";"04:00";"5";"974";"97411";"2";"2";"2";"3";"DODU 1 (RUE JULIETTE)";" -20,88229000";"55,45271000"
"202300046332";"4";"12";"2023";"18:43";"5";"49";"49007";"2";"1";"2";"4";"DOYENNE BOULEVARD ET PASSAGE";"47,49046000";" -0,53282000"
"202300046333";"1";"10";"2023";"22:15";"3";"973";"97304";"1";"1";"1";"7";"Route Degrad Saramaca";"5,14926672";" -52,70283222"
"202300046334";"4";"12";"2023";"15:39";"1";"49";"49007";"2";"1";"2";"7";"BARANGE BOULEVARD";"47,46328000";" -0,55203000"
"202300046335";"25";"09";"2023";"18:00";"1";"973";"97304";"1";"1";"1";"2";"Piste Crique des Singes Rouges";"5,03017800";" -52,63232800"
"202300046336";"28";"08";"2023";"07:40";"1";"973";"97302";"2";"3";"1";"3";"MADELEINE (ROUTE DE LA)";"4,91151000";" -52,32145000"
"202300046337";"4";"12";"2023";"11:45";"1";"49";"49015";"2";"6";"3";"3";"POMPIDOU AVENUE GEORGES";"47,49680000";" -0,59164000"
"202300046338";"1";"10";"2023";"19:15";"3";"971";"97125";"1";"1";"1";"3";"route de brissac D116";"16,25677500";" -61,31655300"
"202300046339";"27";"08";"2023";"12:55";"1";"973";"97302";"2";"3";"1";"1";"CABASSOU (CITE)";"4,92000253";" -52,31550246"
"202300046340";"4";"12";"2023";"09:10";"1";"49";"49007";"2";"1";"2";"1";"MANDEL";"47,47115000";" -0,60222000"
"202300046341";"28";"08";"2023";"09:22";"1";"69";"69386";"2";"3";"2";"6";"Rue Notre-Dame";"45,76385000";"4,86788000"
"202300046342";"30";"09";"2023";"19:45";"3";"45";"45257";"1";"1";"1";"6";"D2007";"47,87701600";"2,73701200"
"202300046343";"5";"11";"2023";"17:13";"1";"47";"47001";"2";"3";"1";"3";"DE GAULLE (AV. DU GENERAL)";"44,20715000";"0,61147000"
"202300046344";"4";"12";"2023";"17:50";"5";"41";"41018";"2";"1";"2";"3";"INDUSTRIE (BOULEVARD DE L')";"47,60461000";"1,32515000"
"202300046345";"28";"08";"2023";"02:15";"5";"972";"97213";"1";"1";"2";"2";"AUTOROUTE A1";"14,61477000";" -61,01255000"
"202300046346";"8";"10";"2023";"08:40";"1";"39";"39198";"2";"6";"7";"3";"323 Avenue du Marechal Juin";"47,07317600";"5,49725000"
"202300046347";"30";"09";"2023";"13:30";"1";"66";"66065";"1";"9";"1";"3";"D912";"42,59961400";"2,96323500"
"202300046348";"5";"12";"2023";"12:30";"1";"37";"37233";"2";"1";"1";"1";"DUCLOS (AVENUE JACQUES)";"47,38114000";"0,75052000"
"202300046349";"2";"10";"2023";"13:30";"1";"83";"83053";"1";"4";"1";"3";"Dn8";"43,16508900";"5,82949200"
"202300046350";"4";"12";"2023";"10:55";"1";"37";"37214";"2";"3";"2";"1";"CHANTERIE (RUE DE LA)";"47,41514000";"0,67557000"
"202300046351";"2";"10";"2023";"09:50";"1";"13";"13097";"1";"1";"1";"2";"d 113";"43,63857000";"4,84607300"
"202300046352";"2";"10";"2023";"11:30";"1";"71";"71235";"2";"1";"1";"6";"Route de la Grisière";"46,35034900";"4,80206100"
"202300046353";"5";"12";"2023";"20:45";"5";"35";"35238";"2";"3";"2";"3";"HENRY (RECTEUR PAUL)";"48,12141000";" -1,70074000"
"202300046354";"1";"10";"2023";"22:45";"3";"08";"08226";"1";"1";"1";"3";"rte departementale 8051";"50,09558300";"4,73435600"
"202300046355";"5";"12";"2023";"14:00";"1";"35";"35051";"1";"3";"2";"1";"POURI (LIEU-DIT LE CHAMP)";"48,14500000";" -1,60700000"
"202300046356";"4";"12";"2023";"09:30";"1";"34";"34172";"2";"1";"2";"3";"CARRIEU (RUE MARIUS)";"43,61692200";"3,84217700"
"202300046357";"1";"10";"2023";"00:20";"4";"67";"67525";"2";"1";"1";"7";"52 Rue Westerend";"48,60517200";"7,43638400"
"202300046358";"4";"12";"2023";"15:35";"1";"34";"34032";"2";"1";"1";"6";"VOIE DOMITIENNE (AVENUE DE LA)";"43,34806000";"3,24807000"
"202300046359";"2";"10";"2023";"07:00";"2";"07";"07169";"1";"3";"1";"3";"D86";"45,17105900";"4,80503300"