"Num_Acc";"jour";"mois";"an";"hrmn";"lum";"dep";"com";"agg";"int";"atm";"col";"adr";"lat";"long"
"202300046557";"21";"07";"2023";"14:00";"1";"80";"80130";"1";"2";"1";"2";"D211";"49,89096600";"2,15032400"
"202300046558";"29";"09";"2023";"10:50";"1";"33";"33063";"2";"3";"1";"6";"Avenue Saint Amand";"44,85238000";" -0,61471000"
"202300046559";"8";"01";"2023";"21:15";"5";"83";"83126";"2";"1";"1";"6";"MERLE (BD TOUSSAINT)";"43,10112000";"5,88945000"
"202300046560";"21";"07";"2023";"13:15";"1";"69";"69217";"1";"1";"1";"1";"Route de la Vallée";"46,00138900";"4,47918200"
"202300046561";"8";"01";"2023";"00:20";"5";"69";"69266";"2";"1";"1";"3";"Rue Léon Blum";"45,76027941";"4,90098596"
"202300046562";"27";"06";"2023";"08:00";"1";"63";"63243";"1";"2";"1";"3";"D518/ VC--Les Vergers";"46,17313700";"2,90492900"
"202300046563";"5";"01";"2023";"12:10";"1";"68";"68066";"2";"3";"1";"3";"Avenue Raymond Poincaré";"48,07192000";"7,34807000"
"202300046564";"30";"09";"2023";"17:46";"1";"29";"29039";"1";"3";"1";"3";"Chemin de Douric";"47,91512000";" -3,94563000"
"202300046565";"21";"07";"2023";"10:30";"1";"49";"49330";"1";"2";"1";"1";"D391";"47,63146700";" -0,62629600"
"202300046566";"8";"01";"2023";"15:35";"1";"64";"64284";"2";"2";"2";"3";"avenue des vallées";"43,29298361";" -0,38664669"
"202300046567";"21";"07";"2023";"07:40";"2";"12";"12109";"1";"1";"1";"7";"La Fage";"43,85355800";"2,94385300"
"202300046568";"8";"01";"2023";"17:50";"4";"64";"64122";"2";"1";"3";"6";"Esplanade du Port-Vieux";"43,48209000";" -1,56605000"
"202300046569";"21";"07";"2023";"07:25";"1";"35";"35297";"2";"1";"7";"2";"Rue Louison Bobet";"48,18530600";" -2,18211700"
"202300046570";"29";"09";"2023";"17:45";"1";"28";"28134";"2";"1";"1";"3";"ROND POINT DES CHATELETS";"48,74668000";"1,39059000"
"202300046571";"8";"01";"2023";"01:50";"5";"59";"59163";"2";"1";"8";"1";"JAURES (RUE JEAN)";"50,67497000";"3,14899000"
"202300046572";"20";"07";"2023";"18:35";"1";"34";"34192";"2";"1";"1";"6";"avenue reine d'italie";"43,52470600";"3,91918500"
"202300046573";"29";"09";"2023";"18:02";"1";"27";"27681";"1";"1";"1";"3";"Route d’Evreux";"49,07865000";"1,44783000"
"202300046574";"21";"07";"2023";"07:20";"2";"29";"29003";"2";"1";"1";"6";"Rue du Môle";"48,01275000";" -4,54142500"
"202300046575";"8";"01";"2023";"16:00";"1";"59";"59560";"1";"3";"1";"3";"FOURCHON RUE DU";"50,53690000";"3,02810000"
"202300046576";"30";"09";"2023";"11:30";"1";"22";"22187";"1";"1";"1";"2";"RN12";"48,52888000";" -2,75435000"
"202300046577";"7";"01";"2023";"18:00";"5";"59";"59350";"2";"1";"1";"1";"CAMBRAI RUE DE N° IMPAIRS";"50,62394087";"3,07787240"
"202300046578";"18";"07";"2023";"12:45";"1";"72";"72132";"2";"9";"1";"1";"avenue du general deux gaulle";"48,17890700";"0,65370800"
"202300046579";"20";"07";"2023";"11:40";"1";"06";"06119";"1";"1";"1";"7";"Camp des Fourches (Borne frontière)";"44,33378600";"6,86575700"
"202300046580";"8";"01";"2023";"14:37";"1";"51";"51230";"2";"3";"7";"3";"Avenue Général Margueritte";"49,02678000";"3,95752000"
"202300046581";"21";"07";"2023";"03:45";"3";"14";"14726";"1";"1";"1";"1";"39 Route de Vire-Aunay";"48,89210600";" -0,75552500"
"202300046582";"8";"01";"2023";"16:00";"1";"42";"42187";"2";"3";"8";"3";"Rue de Clermont";"46,03046553";"4,06685611"
"202300046583";"30";"09";"2023";"17:30";"1";"13";"13208";"2";"3";"1";"1";"JEAN MERMOZ (RUE)";"43,27427000";"5,38704000"
"202300046584";"30";"09";"2023";"06:50";"3";"06";"06069";"1";"1";"1";"6";"PLASCASSIER (route de)";"43,64295300";"6,96683600"
"202300046585";"25";"06";"2023";"13:00";"1";"83";"83082";"1";"1";"1";"3";"D955";"43,63991900";"6,47770100"
"202300046586";"8";"01";"2023";"12:40";"1";"35";"35238";"2";"1";"1";"2";"STRASBOURG (BOULEVARD DE)";"48,10995525";" -1,65489346"
"202300046587";"30";"09";"2023";"19:20";"5";"06";"06027";"2";"1";"1";"1";"NICE AVENUE DE (RN7)";"43,65617200";"7,15504100"
"202300046588";"8";"01";"2023";"14:38";"1";"33";"33522";"2";"2";"2";"3";"Avenue Georges Clémenceau";"44,80310000";" -0,59795000"
"202300046589";"20";"07";"2023";"16:30";"1";"73";"73105";"1";"1";"1";"1";"D1006 ROUTE DE LYON";"45,44602415";"5,73886753"
"202300046590";"20";"09";"2023";"17:00";"1";"05";"05061";"2";"3";"2";"3";"CHARANCE ( AVENUE DE )";"44,56233000";"6,06364000"
"202300046591";"8";"01";"2023";"03:29";"5";"25";"25462";"2";"1";"2";"1";"SALINS DE (DU 64 A LA FIN)";"46,90848000";"6,33973000"
"202300046592";"21";"07";"2023";"11:45";"1";"73";"73300";"2";"6";"1";"3";"D1201 Boulevard jean charcot";"45,68367500";"5,89484100"
"202300046593";"8";"01";"2023";"10:50";"1";"25";"25056";"1";"1";"8";"6";"Côte de Morre";"47,22669000";"6,05306000"
"202300046594";"30";"09";"2023";"06:35";"5";"75";"75119";"2";"1";"1";"2";"BD PERIPHERIQUE INTERIEUR";"48,87887900";"2,40790600"
"202300046595";"7";"01";"2023";"10:45";"1";"25";"25056";"2";"1";"1";"3";"CARRIERS RUE DES";"47,22957000";"5,98620000"
"202300046596";"20";"07";"2023";"09:56";"1";"07";"07050";"2";"1";"1";"2";"Lieu-dit ""Les plots du puech""";"44,41442500";"4,14054800"
"202300046597";"16";"07";"2023";"16:10";"3";"07";"07050";"1";"1";"1";"6";"Route de Païolive";"44,41025600";"4,14534300"
"202300046598";"8";"01";"2023";"23:15";"5";"13";"13208";"2";"1";"1";"5";"pointe rouge (ave)";"43,24715714";"5,37395641"
"202300046599";"29";"09";"2023";"21:30";"5";"75";"75118";"2";"1";"1";"2";"PORTE DE SAINT OUEN";"48,90073100";"2,33582300"
"202300046600";"8";"01";"2023";"18:15";"5";"13";"13209";"2";"1";"1";"3";"CONCORDE (BOULEVARD DE LA)";"43,24859196";"5,40145716"
"202300046601";"21";"07";"2023";"15:30";"1";"53";"53127";"1";"3";"1";"6";"Rue du bois hubert";"48,44048700";" -0,50345600"
"202300046602";"30";"09";"2023";"12:00";"1";"75";"75118";"2";"1";"1";"2";"BD PERIPHERIQUE EXTERIEUR";"48,90111800";"2,35484100"
"202300046603";"7";"01";"2023";"17:18";"1";"13";"13204";"2";"1";"1";"3";"PIERRE BROSSOLETTE (PLACE)";"43,30672372";"5,40046111"
"202300046604";"20";"07";"2023";"10:15";"1";"21";"21092";"1";"1";"1";"1";"D2";"47,14003000";"4,77405100"
"202300046605";"30";"09";"2023";"00:50";"5";"75";"75116";"2";"2";"1";"3";"ALLEE DE LA REINE MARGUERITE";"48,85856500";"2,24485600"
"202300046606";"8";"01";"2023";"18:45";"5";"13";"13063";"2";"6";"1";"2";"Rond Point les 4 Chemins";"43,58029000";"5,00074000"
"202300046607";"8";"01";"2023";"11:05";"1";"13";"13001";"1";"1";"8";"1";"ROGNES (RTE DE)";"43,60224000";"5,36589000"
"202300046608";"20";"07";"2023";"22:37";"3";"85";"85133";"1";"2";"1";"3";"Carrefour Champ de la Roche / RD 68";"46,37079900";" -0,73098800"
"202300046609";"30";"09";"2023";"18:30";"1";"75";"75114";"2";"3";"1";"3";"AVENUE DU GENERAL LECLERC";"48,82961100";"2,32852000"
"202300046610";"8";"01";"2023";"10:30";"1";"13";"13001";"1";"1";"2";"5";"RN 296";"43,55002000";"5,42951000"
"202300046611";"20";"07";"2023";"10:00";"1";"37";"37167";"1";"2";"1";"3";"La Seguiniere";"47,56188200";"0,52190400"
"202300046612";"30";"09";"2023";"12:10";"1";"75";"75106";"2";"4";"1";"6";"RUE DAUPHINE";"48,85416800";"2,33895200"
"202300046613";"8";"01";"2023";"09:00";"1";"06";"06004";"2";"3";"3";"3";"FOURNEL BADINE CH.ET IMP.";"43,57850600";"7,11725100"
"202300046614";"19";"07";"2023";"14:00";"1";"52";"52292";"2";"2";"1";"3";"01 rue de la digue";"47,75768700";"5,31744200"
"202300046615";"7";"01";"2023";"18:17";"5";"75";"75117";"2";"1";"1";"2";"PORTE D ASNIERES";"48,89317200";"2,30352100"
"202300046616";"30";"09";"2023";"11:00";"1";"75";"75118";"2";"3";"1";"6";"RUE DE CLIGNANCOURT";"48,88503200";"2,34734400"
"202300046617";"20";"07";"2023";"18:20";"1";"52";"52420";"1";"1";"1";"1";"D147";"48,27641700";"5,33076700"
"202300046618";"6";"01";"2023";"12:52";"1";"75";"75113";"2";"2";"8";"3";"BOULEVARD AUGUSTE BLANQUI";"48,83088200";"2,34417700"
"202300046619";"20";"07";"2023";"12:50";"1";"88";"88451";"2";"9";"1";"3";"Rue de la République";"48,39590800";"6,98140400"
"202300046620";"30";"09";"2023";"12:05";"1";"75";"75117";"2";"5";"1";"2";"PLACE DE LA REPUBLIQUE DOMINICAINE";"48,88080300";"2,30891500"
"202300046621";"8";"01";"2023";"21:30";"5";"75";"75106";"2";"1";"1";"2";"RUE DE VAUGIRARD";"48,84642800";"2,32477200"
"202300046622";"20";"07";"2023";"23:00";"3";"88";"88142";"1";"1";"1";"1";"D41";"48,23366400";"6,37445200"
"202300046623";"8";"01";"2023";"13:00";"1";"75";"75105";"2";"3";"1";"6";"BOULEVARD SAINT MICHEL";"48,85027500";"2,34267200"
"202300046624";"20";"07";"2023";"16:30";"1";"42";"42116";"1";"1";"7";"2";"A89";"45,87247900";"3,92244100"
"202300046625";"29";"09";"2023";"17:00";"1";"75";"75117";"2";"7";"1";"1";"PLACE DES TERNES";"48,87840600";"2,29839200"
"202300046626";"8";"01";"2023";"19:35";"5";"75";"75119";"2";"1";"2";"3";"RUE BOTZARIS";"48,87870100";"2,38229500"
"202300046627";"20";"07";"2023";"18:10";"1";"42";"42173";"1";"1";"1";"7";"A89";"45,82684400";"4,10595200"
"202300046628";"1";"07";"2023";"12:00";"1";"38";"38253";"2";"9";"1";"6";"rue des vikings";"45,00745500";"6,12207800"
"202300046629";"30";"09";"2023";"20:10";"5";"75";"75113";"2";"1";"1";"6";"RUE DE LA GLACIERE";"48,82779900";"2,34240800"
"202300046630";"8";"01";"2023";"18:30";"5";"75";"75116";"2";"4";"2";"6";"AVENUE DE VERSAILLES";"48,84004621";"2,26371467"
"202300046631";"21";"07";"2023";"06:27";"2";"38";"38118";"1";"9";"1";"7";"A48 - PK 067.000";"45,38742000";"5,47228600"
"202300046632";"20";"07";"2023";"18:10";"1";"28";"28199";"1";"1";"1";"6";"autoroute A10 - PK 63+400";"48,21703800";"1,84690500"
"202300046633";"30";"09";"2023";"21:05";"5";"75";"75113";"2";"3";"1";"3";"BOULEVARD DE L HOPITAL";"48,83549500";"2,35860000"
"202300046634";"8";"01";"2023";"03:40";"5";"75";"75110";"2";"1";"1";"6";"BOULEVARD DE STRASBOURG";"48,87017136";"2,35473678"
"202300046635";"20";"07";"2023";"10:07";"1";"84";"84078";"1";"1";"1";"7";"A7, pk 151+700 sens 1";"44,23754400";"4,70695500"
"202300046636";"30";"09";"2023";"09:30";"1";"75";"75113";"2";"1";"1";"7";"BOULEVARD MASSENA";"48,82315900";"2,37380700"
"202300046637";"8";"01";"2023";"04:15";"5";"75";"75108";"2";"7";"1";"3";"AVENUE GEORGE V";"48,86473200";"2,30148800"
"202300046638";"13";"07";"2023";"11:05";"1";"971";"97117";"2";"2";"1";"6";"Rue de la République";"16,33083000";" -61,34538400"
"202300046639";"8";"01";"2023";"17:15";"1";"75";"75107";"2";"1";"1";"6";"RUE DU BAC";"48,85097700";"2,32383900"
"202300046640";"19";"07";"2023";"20:45";"2";"33";"33199";"2";"2";"1";"3";"14 Boulevard de la Côte d'Argent";"44,64010071";" -1,04437038"
"202300046641";"20";"07";"2023";"18:55";"1";"77";"77005";"1";"1";"1";"3";"D404";"48,93478700";"2,72791300"
"202300046642";"30";"09";"2023";"19:30";"2";"75";"75111";"2";"1";"1";"3";"AVENUE PHILIPPE AUGUSTE";"48,85469700";"2,39201600"
"202300046643";"8";"01";"2023";"13:12";"1";"93";"93071";"2";"3";"2";"6";"Boulevard Stalingrad / Place de la Gare Sevran";"48,93530000";"2,53415000"
"202300046644";"1";"07";"2023";"19:50";"1";"30";"30155";"1";"1";"1";"2";"N/A";"43,82725000";"4,48482000"
"202300046645";"8";"01";"2023";"11:02";"1";"93";"93077";"2";"1";"1";"6";"Avenue du Général Galliéni";"48,89232000";"2,50500000"
"202300046646";"8";"01";"2023";"02:40";"5";"93";"93062";"2";"6";"1";"6";"Allée de Clichy / Allée du Plateau";"48,90040000";"2,52925000"
"202300046647";"29";"09";"2023";"13:20";"1";"75";"75120";"2";"4";"1";"3";"AVENUE IBSEN";"48,86666000";"2,41263000"
"202300046648";"8";"01";"2023";"18:25";"5";"93";"93048";"2";"2";"2";"3";"Rue de Stalingrad / Rue des 4 Ruelles";"48,85333269";"2,44839549"
"202300046649";"8";"01";"2023";"20:40";"5";"93";"93010";"2";"1";"2";"2";"Avenue de Rosny";"48,90082997";"2,47084558"
"202300046650";"20";"07";"2023";"19:00";"1";"34";"34023";"2";"3";"1";"2";"14 Avenue Pasteur";"43,43785400";"3,67547400"
"202300046651";"29";"09";"2023";"23:10";"5";"75";"75112";"2";"2";"1";"2";"BOULEVARD DE LA BASTILLE";"48,84801000";"2,36764600"
"202300046652";"9";"01";"2023";"09:10";"1";"35";"35245";"2";"1";"2";"6";"24 Rue de la Chauvrais";"48,21762100";" -1,88883700"
"202300046653";"30";"09";"2023";"18:41";"1";"75";"75111";"2";"2";"1";"6";"BOULEVARD DE MENILMONTANT";"48,86698199";"2,38285384"
"202300046654";"8";"01";"2023";"19:00";"3";"62";"62219";"1";"1";"3";"6";"D134e3";"50,29974400";"2,01860900"
"202300046655";"8";"01";"2023";"12:45";"1";"51";"51531";"1";"1";"1";"2";"D995";"48,77921400";"4,89602900"
"202300046656";"9";"01";"2023";"15:05";"1";"80";"80076";"1";"1";"4";"6";"A28";"50,05115900";"1,77236100"
"202300046657";"7";"01";"2023";"18:00";"3";"42";"42338";"1";"1";"1";"3";"Route de Roanne";"46,07973500";"4,10503500"
"202300046658";"30";"09";"2023";"09:45";"1";"75";"75111";"2";"3";"1";"2";"BOULEVARD VOLTAIRE";"48,85587600";"2,38325200"
"202300046659";"18";"07";"2023";"10:20";"1";"34";"34289";"1";"1";"1";"3";"Chemin de la Viere";"43,39410300";"3,40582600"
"202300046660";"7";"01";"2023";"17:38";"5";"31";"31044";"2";"1";"1";"2";"41 M112 - route de lavaur";"43,61114500";"1,50359500"
"202300046661";"7";"01";"2023";"22:15";"5";"974";"97422";"2";"1";"1";"1";"75 Rue Georges Pompidou";" -21,26435100";"55,52366900"
"202300046662";"8";"01";"2023";"17:10";"2";"35";"35308";"1";"1";"1";"6";"La Croix Chemin";"48,44709100";" -1,92854600"
"202300046663";"30";"09";"2023";"16:15";"1";"75";"75107";"2";"3";"1";"1";"QUAI BRANLY";"48,86050900";"2,29567100"
"202300046664";"8";"01";"2023";"15:00";"1";"87";"87019";"1";"1";"3";"6";"A20";"45,74677300";"1,33998900"
"202300046665";"29";"09";"2023";"14:00";"1";"75";"75101";"2";"1";"1";"6";"VOIE GEORGES POMPIDOU";"48,85742100";"2,34560400"
"202300046666";"30";"09";"2023";"17:34";"1";"94";"94033";"2";"1";"1";"6";"Rue des Beaumonts";"48,85367000";"2,45500000"
"202300046667";"9";"01";"2023";"16:20";"1";"2B";"2B009";"1";"3";"6";"3";"RT10 - route de Bonifacio";"42,08229100";"9,48469300"
"202300046668";"21";"07";"2023";"07:45";"1";"34";"34022";"2";"3";"1";"3";"N113";"43,65945800";"4,01779400"
"202300046669";"7";"01";"2023";"13:40";"1";"2B";"2B143";"2";"1";"1";"3";"Route Territoriale 10, hameau de Bravone";"42,20233900";"9,53492000"
"202300046670";"30";"09";"2023";"17:30";"1";"94";"94077";"2";"2";"1";"3";"Cours de Verdun";"48,73783000";"2,40801000"
"202300046671";"8";"01";"2023";"15:15";"1";"30";"30225";"1";"1";"1";"6";"Route de Donnat";"44,16926100";"4,56977600"
"202300046672";"20";"07";"2023";"07:15";"1";"13";"13053";"1";"1";"1";"5";"D561";"43,71387500";"5,20084100"
"202300046673";"30";"09";"2023";"08:15";"1";"93";"93055";"2";"1";"1";"6";"Avenue du Général Leclerc";"48,89984000";"2,40947200"
"202300046674";"6";"01";"2023";"18:30";"3";"57";"57559";"1";"1";"2";"1";"D955";"48,89702900";"6,35843900"
"202300046675";"20";"07";"2023";"17:34";"1";"71";"71360";"1";"4";"1";"2";"N79";"46,33193900";"4,73301300"
"202300046676";"30";"09";"2023";"19:00";"1";"93";"93048";"2";"1";"1";"3";"Rue Parmentier";"48,85964525";"2,43295036"
"202300046677";"20";"07";"2023";"06:10";"2";"88";"88388";"1";"2";"1";"3";"D51 PK 6 +700";"48,13345200";"6,38200500"
"202300046678";"6";"01";"2023";"16:00";"1";"51";"51318";"1";"1";"1";"4";"RN 51";"49,31520500";"4,15118000"
"202300046679";"30";"09";"2023";"15:45";"1";"93";"93030";"2";"1";"1";"3";"Avenue Ambroise Croizat";"48,95712430";"2,41589078"
"202300046680";"8";"01";"2023";"16:45";"1";"19";"19036";"1";"1";"3";"6";"Route de Bonnat";"45,61767100";"1,70732500"
"202300046681";"15";"07";"2023";"10:35";"1";"73";"73150";"1";"1";"1";"6";"D220";"45,56504861";"6,70830993"
"202300046682";"9";"01";"2023";"07:30";"3";"76";"76456";"1";"1";"3";"2";"RD 929";"49,64677500";"0,84738000"
"202300046683";"30";"09";"2023";"12:24";"1";"93";"93030";"2";"1";"1";"6";"Avenue Louis Larivière";"48,95332857";"2,41642414"
"202300046684";"7";"01";"2023";"17:05";"2";"82";"82056";"1";"1";"2";"6";"D19";"44,18846500";"1,75589700"
"202300046685";"14";"06";"2023";"10:15";"1";"26";"26064";"1";"2";"1";"3";"D538";"44,89597601";"5,01040392"
"202300046686";"30";"09";"2023";"18:30";"1";"93";"93010";"2";"1";"1";"6";"Avenue Galliéni";"48,90537300";"2,47494900"
"202300046687";"7";"01";"2023";"11:21";"1";"61";"61168";"2";"1";"2";"6";"10 Boulevard de la Forêt d'Andaine";"48,58771300";" -0,36529500"
"202300046688";"20";"07";"2023";"08:55";"1";"69";"69122";"1";"1";"1";"1";"Chemin des Crêtes";"45,91598000";"4,68927000"
"202300046689";"9";"01";"2023";"19:00";"3";"68";"68320";"1";"1";"2";"4";"Rue de Galfingue";"47,69381900";"7,22123600"
"202300046690";"30";"09";"2023";"06:35";"5";"93";"93010";"2";"1";"1";"2";"Avenue Léon Blum";"48,91480600";"2,47892000"
"202300046691";"20";"07";"2023";"04:15";"3";"69";"69296";"1";"1";"1";"2";"Route de Chasse";"45,65208800";"4,83758900"
"202300046692";"9";"01";"2023";"11:13";"1";"29";"29193";"1";"1";"2";"1";"Kerincuff";"48,56782600";" -4,05620800"
"202300046693";"30";"09";"2023";"20:00";"5";"93";"93007";"2";"6";"1";"3";"Avenue des Cosmonautes /  Avenue de la Division Leclerc";"48,94709000";"2,45909000"
"202300046694";"21";"07";"2023";"13:35";"1";"81";"81318";"1";"1";"1";"4";"RN 126";"43,58741630";"1,79378460"
"202300046695";"7";"01";"2023";"16:15";"1";"14";"14520";"1";"1";"1";"6";"Route de la Poterie";"49,13505200";"0,14563300"
"202300046696";"8";"01";"2023";"17:00";"2";"14";"14371";"1";"1";"4";"6";"2819 Route de Courson (Notre-Dame-de-Courson)";"48,99132600";"0,23781500"
"202300046697";"30";"09";"2023";"19:00";"1";"92";"92050";"2";"3";"1";"1";"REPUBLIQUE AVENUE DE LA";"48,91191000";"2,22297000"
"202300046698";"9";"01";"2023";"13:10";"1";"50";"50074";"1";"1";"4";"1";"D39";"48,73792300";" -1,14523900"
"202300046699";"6";"01";"2023";"11:15";"1";"64";"64106";"1";"1";"1";"6";"d933";"43,31568600";" -1,01412200"
"202300046700";"30";"09";"2023";"06:20";"2";"92";"92025";"2";"2";"1";"3";"METZ (RUE DE)";"48,91313610";"2,22586870"
"202300046701";"7";"06";"2023";"15:40";"1";"33";"33494";"1";"1";"1";"5";"D1215";"44,92635900";" -0,79940600"
"202300046702";"8";"01";"2023";"06:20";"3";"21";"21576";"1";"1";"1";"2";"D970";"47,36960800";"4,47185900"
"202300046703";"1";"10";"2023";"12:40";"1";"11";"11221";"1";"1";"1";"6";"N/A";"43,40529700";"2,29884600"
"202300046704";"9";"05";"2023";"17:55";"1";"33";"33238";"2";"2";"2";"6";"Cours du Maréchal Leclerc";"44,73072900";" -0,60039100"
"202300046705";"9";"01";"2023";"14:05";"1";"04";"04116";"1";"1";"1";"2";"RD4";"44,04625000";"6,01952100"
"202300046706";"20";"07";"2023";"16:45";"1";"76";"76475";"2";"2";"1";"1";"Route de Paris";"49,40291000";"1,15846800"
"202300046707";"1";"10";"2023";"10:30";"1";"11";"11367";"1";"4";"1";"2";"8 Le Colombier Haut-Nord";"43,35706000";"2,17678400"
"202300046708";"7";"01";"2023";"06:30";"3";"89";"89415";"1";"1";"1";"2";"autoroute A6";"47,58940200";"3,91745200"
"202300046709";"19";"07";"2023";"11:50";"1";"60";"60612";"2";"1";"1";"6";"Avenue Paul Rouge";"49,19617300";"2,57335700"
"202300046710";"14";"07";"2023";"20:30";"1";"33";"33162";"1";"1";"1";"2";"ROCADE A 630";"44,86673000";" -0,65038000"
"202300046711";"9";"01";"2023";"12:10";"1";"63";"63302";"1";"1";"2";"3";"A75 Point kilomètrique 007+100 en direction de PARIS";"45,71363365";"3,15148309"
"202300046712";"20";"07";"2023";"10:35";"1";"91";"91689";"1";"1";"1";"2";"AUTOROUTE A6";"48,73073000";"2,32514000"
"202300046713";"30";"09";"2023";"13:00";"1";"09";"09090";"1";"1";"1";"2";"Lieu Dit le Chateau";"43,04606300";"1,52391000"
"202300046714";"9";"01";"2023";"09:55";"1";"34";"34095";"1";"1";"1";"2";"Autoroute A9, PK111.300";"43,54476900";"3,79262200"
"202300046715";"19";"07";"2023";"12:50";"1";"92";"92050";"1";"1";"1";"2";"A86";"48,91627405";"2,22128736"
"202300046716";"8";"01";"2023";"21:30";"3";"21";"21054";"1";"1";"2";"3";"Autoroute A6, PK 305.700 sens LYON/PARIS";"47,00793737";"4,86385957"
"202300046717";"30";"09";"2023";"15:45";"1";"91";"91016";"2";"1";"1";"3";"15 Rue de la Plaine";"48,31783000";"1,99325800"
"202300046718";"20";"07";"2023";"17:40";"1";"77";"77121";"1";"1";"1";"2";"A4";"48,83111400";"2,68778200"
"202300046719";"9";"01";"2023";"11:00";"1";"976";"97607";"1";"1";"1";"1";"RN2 route du Centre - ONGOJOU";" -12,83715900";"45,15525700"
"202300046720";"19";"07";"2023";"11:23";"1";"94";"94017";"1";"1";"1";"6";"A4";"48,82883310";"2,50053561"
"202300046721";"8";"01";"2023";"14:30";"1";"974";"97422";"1";"1";"1";"6";"Rue Pierre Rivals";" -21,23192500";"55,54161200"
"202300046722";"8";"01";"2023";"13:15";"1";"34";"34256";"1";"1";"1";"6";"M54";"43,69155493";"4,05862423"
"202300046723";"9";"02";"2023";"11:01";"1";"74";"74208";"1";"1";"1";"6";"N205";"45,93185200";"6,73445800"
"202300046724";"1";"10";"2023";"04:51";"3";"81";"81079";"1";"2";"1";"1";"Dénat - Mousquette (Arrêt de bus)";"43,82937200";"2,19129200"
"202300046725";"19";"07";"2023";"15:30";"1";"972";"97209";"2";"1";"2";"6";"FRANCOIS ARAGO (RUE)";"14,60586000";" -61,07252000"
"202300046726";"9";"01";"2023";"07:30";"3";"34";"34164";"1";"2";"1";"6";"7 Chemin des Vignes";"43,74722700";"3,96547400"
"202300046727";"19";"07";"2023";"08:25";"1";"76";"76540";"2";"2";"1";"6";"Place Cauchoise";"49,44579000";"1,08668000"
"202300046728";"1";"10";"2023";"15:30";"1";"28";"28061";"2";"1";"1";"6";"18 Rue du Mail";"48,20963900";"1,17046200"
"202300046729";"9";"01";"2023";"08:50";"1";"33";"33051";"2";"1";"2";"5";"D3e13";"44,64059000";" -0,95290300"
"202300046730";"5";"01";"2023";"02:00";"3";"29";"29058";"1";"1";"2";"6";"D44";"47,90061900";" -4,00905500"
"202300046731";"19";"07";"2023";"17:36";"1";"67";"67482";"2";"8";"1";"3";"NANCY (BOULEVARD DE)";"48,58106000";"7,73197000"
"202300046732";"1";"10";"2023";"01:50";"3";"12";"12127";"1";"1";"1";"3";"Le rivet";"44,06563300";"2,46545400"
"202300046733";"19";"07";"2023";"06:45";"1";"63";"63113";"2";"1";"1";"6";"FLAUBERT (BD GUSTAVE)";"45,76910829";"3,12385887"
"202300046734";"4";"01";"2023";"17:15";"1";"22";"22176";"1";"1";"2";"6";"Le Heussard";"48,43148200";" -2,74870600"
"202300046735";"1";"10";"2023";"06:25";"2";"38";"38194";"1";"1";"1";"7";"D519";"45,34174100";"5,42750700"
"202300046736";"7";"01";"2023";"08:30";"2";"27";"27448";"2";"1";"8";"6";"17 Avenue du Général de Gaulle";"49,01656500";"1,38698200"
"202300046737";"19";"07";"2023";"15:40";"1";"92";"92012";"2";"6";"1";"6";"REPUBLIQUE (BOULEVARD DE LA) 79/FIN - 76";"48,83358368";"2,24389046"
"202300046738";"19";"07";"2023";"18:40";"3";"974";"97416";"1";"1";"1";"3";"RN1 (ROUTE NATIONALE)";" -21,32719000";"55,45048000"
"202300046739";"1";"10";"2023";"17:20";"2";"83";"83019";"1";"1";"7";"6";"4315 Route du Dom";"43,19070300";"6,37358800"
"202300046740";"19";"07";"2023";"17:30";"1";"69";"69388";"2";"1";"1";"6";"Rue Audibert et Lavirotte";"45,74009000";"4,85982000"
"202300046741";"29";"09";"2023";"11:15";"1";"85";"85038";"1";"1";"1";"3";"RD 6";"46,85329000";" -1,30335900"
"202300046742";"8";"01";"2023";"20:00";"3";"13";"13005";"1";"1";"1";"6";"A50-Sens Toulon vers Aubagne";"43,27956943";"5,58387637"
"202300046743";"30";"09";"2023";"17:50";"1";"83";"83130";"2";"1";"1";"7";"Route de Sollies Pont";"43,18676400";"6,03743300"
"202300046744";"19";"07";"2023";"09:05";"1";"69";"69387";"2";"1";"1";"5";"Rue de Gerland";"45,72895648";"4,83774555"
"202300046745";"7";"01";"2023";"11:30";"1";"13";"13106";"1";"1";"1";"2";"A7-Sens Marseille vers Lyon";"43,39088100";"5,35122500"
"202300046746";"30";"09";"2023";"17:30";"1";"41";"41293";"1";"1";"7";"1";"Rue de la Brisse";"47,75121600";"0,99023400"
"202300046747";"12";"07";"2023";"14:25";"1";"972";"97213";"2";"9";"1";"2";"MORNE PITAULT (ROUTE DE)";"14,62501000";" -60,97720000"
"202300046748";"7";"01";"2023";"17:45";"4";"69";"69199";"1";"1";"1";"2";"Autoroute 7";"45,68599000";"4,84659000"
"202300046749";"18";"07";"2023";"11:00";"1";"972";"97213";"2";"1";"1";"2";"PLACE D'ARMES";"14,62174000";" -60,98933000"
"202300046750";"8";"01";"2023";"21:35";"3";"91";"91136";"1";"1";"2";"7";"A10 PROVINCE / RD188 PARIS";"48,71000000";"2,28700000"
"202300046751";"8";"01";"2023";"12:30";"1";"91";"91689";"1";"1";"1";"5";"AUTOROUTE A6A";"48,74752000";"2,32703000"
"202300046752";"17";"07";"2023";"10:30";"1";"972";"97209";"2";"6";"1";"5";"MAHAULT";"14,61863000";" -61,04600000"