"Num_Acc";"jour";"mois";"an";"hrmn";"lum";"dep";"com";"agg";"int";"atm";"col";"adr";"lat";"long"
"202300046753";"26";"09";"2023";"08:35";"1";"83";"83116";"1";"1";"1";"5";"1332 Route de Barjols";"43,47238300";"5,86892000"
"202300046754";"7";"01";"2023";"21:30";"3";"77";"77251";"1";"1";"2";"2";"AUTOROUTE A5A";"48,61427600";"2,56473900"
"202300046755";"19";"07";"2023";"09:30";"1";"971";"97113";"1";"9";"1";"3";"SECTEUR DAMPIERRE";"16,20852000";" -61,46802000"
"202300046756";"8";"01";"2023";"10:20";"1";"78";"78297";"1";"1";"1";"6";"RN12";"48,78793400";"2,06305200"
"202300046757";"1";"10";"2023";"07:30";"2";"19";"19176";"1";"1";"1";"6";"Rosiers-d'Égletons RD1089";"45,38257800";"2,01610300"
"202300046758";"19";"07";"2023";"09:25";"1";"971";"97105";"2";"3";"1";"3";"LARDENOY (RUE DE )";"15,99369000";" -61,72528000"
"202300046759";"8";"01";"2023";"06:15";"3";"78";"78090";"1";"1";"3";"7";"A13";"48,97044500";"1,89027200"
"202300046760";"30";"09";"2023";"15:50";"1";"67";"67346";"2";"2";"1";"7";"Rue de l'Ecole";"48,94969300";"8,06788100"
"202300046761";"7";"01";"2023";"20:00";"3";"93";"93053";"1";"1";"2";"6";"AUTOROUTE A103";"48,88778000";"2,47247000"
"202300046762";"19";"07";"2023";"23:00";"5";"2A";"2A004";"2";"2";"1";"1";"DIAMANT III RCE COURS NAPOLEON";"41,91874629";"8,73689756"
"202300046763";"8";"01";"2023";"12:20";"1";"95";"95306";"1";"1";"1";"6";"A15";"49,00141520";"2,17205622"
"202300046764";"30";"09";"2023";"07:30";"2";"76";"76380";"1";"1";"1";"6";"D152";"49,78727700";"0,98748200"
"202300046765";"19";"07";"2023";"12:53";"1";"2A";"2A004";"2";"1";"1";"1";"STEPHANOPOLI NICEPHORE  DE COMENE BD";"41,90882000";"8,71402000"
"202300046766";"8";"01";"2023";"10:15";"1";"93";"93027";"1";"1";"8";"6";"AUTOROUTE A86";"48,92549999";"2,39634991"
"202300046767";"1";"10";"2023";"07:15";"2";"2A";"2A269";"1";"1";"1";"6";"3970 Route Territoriale 10";"41,81281100";"9,40103500"
"202300046768";"19";"07";"2023";"11:10";"1";"95";"95277";"2";"1";"1";"3";"PLAINE DE FRANCE (AVENUE DE LA)";"48,97715300";"2,49783000"
"202300046769";"8";"01";"2023";"09:20";"1";"93";"93078";"1";"1";"8";"2";"AUTOROUTE A104";"48,96361976";"2,52140428"
"202300046770";"30";"09";"2023";"18:40";"1";"65";"65258";"2";"1";"7";"6";"Avenue de la Gare";"43,11462900";"0,38745400"
"202300046771";"19";"07";"2023";"08:00";"1";"91";"91692";"2";"9";"1";"1";"CANADA (AVENUE DU)";"48,68617000";"2,19188000"
"202300046772";"8";"01";"2023";"06:00";"3";"93";"93027";"1";"1";"2";"6";"AUTOROUTE A86";"48,92769000";"2,40339000"
"202300046773";"7";"01";"2023";"16:40";"5";"95";"95641";"1";"1";"3";"6";" A1";"49,06957407";"2,55231568"
"202300046774";"18";"07";"2023";"18:20";"1";"89";"89354";"2";"1";"1";"2";"N/A";"48,21966800";"3,25587800"
"202300046775";"29";"09";"2023";"15:05";"1";"32";"32107";"2";"1";"7";"6";"1 Place du Cardinal";"43,95516700";"0,36493600"
"202300046776";"13";"07";"2023";"08:35";"1";"87";"87085";"2";"1";"1";"6";"VENTADOUR (RUE BERNARD DE)";"45,81485000";"1,27027000"
"202300046777";"30";"09";"2023";"17:50";"1";"71";"71484";"1";"1";"1";"6";"Route de Louhans";"46,66789700";"5,24436200"
"202300046778";"8";"01";"2023";"12:05";"1";"77";"77053";"1";"1";"1";"5";"RN104";"48,67711800";"2,60940900"
"202300046779";"8";"01";"2023";"04:05";"5";"94";"94017";"1";"1";"1";"2";"A4";"48,82630823";"2,51972233"
"202300046780";"23";"06";"2023";"19:15";"1";"84";"84007";"2";"1";"1";"4";"DOCTEUR PONS (Route touristique)";"43,95440000";"4,82272000"
"202300046781";"30";"09";"2023";"17:05";"1";"71";"71263";"2";"2";"1";"6";"Grande Rue";"46,62923400";"5,22139700"
"202300046782";"7";"01";"2023";"13:15";"1";"93";"93051";"1";"1";"1";"4";"A4";"48,83612292";"2,54112191"
"202300046783";"6";"01";"2023";"10:45";"1";"13";"13215";"2";"1";"1";"2";"TOURS (RUE DE)";"43,38086000";"5,37347000"
"202300046784";"9";"09";"2023";"19:46";"2";"71";"71263";"2";"1";"1";"6";"2 Rue du Levant";"46,62841200";"5,22830100"
"202300046785";"18";"07";"2023";"07:20";"1";"83";"83129";"2";"1";"1";"4";"JUIN MARECHAL (AV DU)";"43,09688103";"5,85027730"
"202300046786";"6";"01";"2023";"01:47";"5";"75";"75101";"2";"2";"2";"6";"BOULEVARD DE SEBASTOPOL";"48,86340500";"2,35095000"
"202300046787";"16";"07";"2023";"15:59";"1";"81";"81163";"2";"3";"9";"6";"PUECH (ARMAND)";"43,50351000";"2,37772000"
"202300046788";"1";"10";"2023";"13:40";"1";"76";"76618";"1";"2";"7";"3";"D925";"49,97013000";"1,24634500"
"202300046789";"19";"07";"2023";"18:00";"1";"78";"78350";"2";"1";"1";"2";"VERSAILLES (ROUTE DE)";"48,85555000";"2,10739000"
"202300046790";"5";"01";"2023";"08:35";"2";"72";"72181";"2";"9";"2";"6";"BROSSOLETTE PIERRE (BD) N° PAIRS";"47,97881000";"0,20500000"
"202300046791";"1";"10";"2023";"10:10";"1";"55";"55181";"1";"6";"1";"3";"D603";"49,21772300";"5,65059900"
"202300046792";"5";"01";"2023";"08:50";"1";"83";"83153";"2";"1";"1";"6";"MARIE FLICHE BERGIS (AV)";"43,07419000";"5,91107000"
"202300046793";"18";"07";"2023";"15:45";"1";"76";"76351";"2";"1";"1";"6";"EDOUARD VAILLANT";"49,51498000";"0,17677000"
"202300046794";"1";"01";"2023";"00:46";"5";"68";"68066";"2";"1";"1";"6";"Avenue de l'Europe";"48,07917100";"7,33008100"
"202300046795";"30";"09";"2023";"23:07";"3";"55";"55214";"1";"1";"5";"6";"D966";"48,66681800";"5,32950600"
"202300046796";"18";"07";"2023";"12:40";"1";"72";"72181";"1";"9";"1";"2";"ALENCON (RTE D')";"48,03175000";"0,17849000"
"202300046797";"8";"01";"2023";"00:30";"3";"974";"97411";"1";"1";"9";"3";"LITTORAL (ROUTE 1 DU)";" -20,87782000";"55,40651000"
"202300046798";"18";"07";"2023";"23:40";"3";"71";"71475";"2";"1";"1";"7";"PREVOYANTS (RUE DES)";"46,77010000";"4,82636000"
"202300046799";"30";"09";"2023";"18:30";"2";"49";"49160";"1";"3";"1";"3";"D18a";"47,39811300";" -0,93612300"
"202300046800";"18";"07";"2023";"08:30";"1";"69";"69290";"2";"1";"1";"3";"Rue de l'Industrie";"45,69100000";"4,92407000"
"202300046801";"7";"01";"2023";"15:10";"1";"69";"69387";"2";"1";"8";"3";"Rue Béchevelin";"45,75406000";"4,84239000"
"202300046802";"6";"01";"2023";"13:20";"1";"972";"97209";"2";"1";"1";"2";"CHATEAUBOEUF (ROUTE DE)";"14,62059000";" -61,04334000"
"202300046803";"19";"07";"2023";"15:35";"1";"64";"64102";"2";"1";"1";"1";"RESPLANDY (AVENUE DU CAPITAINE)";"43,49027000";" -1,46744000"
"202300046804";"20";"09";"2023";"14:30";"1";"34";"34028";"1";"1";"3";"3";"D908";"43,59123200";"3,13099600"
"202300046805";"7";"01";"2023";"12:33";"1";"69";"69389";"2";"1";"1";"2";"109 Avenue 25ème Régiment des Tirailleurs Sénégalais";"45,78382000";"4,80109000"
"202300046806";"18";"07";"2023";"18:20";"1";"63";"63300";"1";"1";"1";"2";"RD 2009";"45,90498000";"3,12784000"
"202300046807";"6";"01";"2023";"20:20";"5";"971";"97113";"2";"9";"2";"6";"CHAUFFOUR";"16,22186187";" -61,52227342"
"202300046808";"1";"10";"2023";"17:20";"1";"22";"22158";"2";"1";"1";"6";"Rue de Pontivy";"48,19531200";" -2,98805100"
"202300046809";"19";"07";"2023";"17:54";"1";"63";"63032";"2";"5";"1";"3";"LECLERC (AVENUE DU MARECHAL)";"45,75607000";"3,08448000"
"202300046810";"6";"01";"2023";"19:30";"5";"95";"95607";"2";"6";"1";"6";"D409";"49,02683000";"2,19987000"
"202300046811";"27";"06";"2023";"08:57";"1";"59";"59279";"2";"1";"1";"6";"LILLE (RUE DE)";"50,77084087";"3,12151864"
"202300046812";"1";"10";"2023";"14:45";"1";"29";"29131";"1";"1";"1";"6";"5 Lieu Dit Dirizennet";"48,44830100";" -4,03858600"
"202300046813";"7";"01";"2023";"21:50";"5";"83";"83129";"2";"3";"1";"3";"MER (AVENUE DE LA) N°IMPAIRS";"43,10186000";"5,82210000"
"202300046814";"19";"07";"2023";"13:00";"1";"59";"59279";"2";"1";"1";"6";"LILLE (RUE DE)";"50,77188200";"3,12207100"
"202300046815";"29";"09";"2023";"16:30";"1";"29";"29173";"1";"1";"1";"6";"Route de Plogastel";"48,01195100";" -4,23037200"
"202300046816";"7";"01";"2023";"13:15";"1";"78";"78227";"1";"1";"2";"7";"CD 922";"49,01864300";"1,95214400"
"202300046817";"19";"07";"2023";"18:30";"1";"59";"59183";"2";"2";"1";"3";"FORT MARDYCK - ROUTE";"51,02608000";"2,31792000"
"202300046818";"1";"10";"2023";"11:20";"1";"02";"02822";"1";"3";"1";"1";"N/A";"49,29768200";"3,10779500"
"202300046819";"19";"07";"2023";"22:26";"5";"57";"57463";"2";"1";"1";"6";"CLOVIS (RUE )";"49,10638600";"6,16980200"
"202300046820";"7";"01";"2023";"19:25";"5";"69";"69256";"2";"3";"1";"3";"Avenue Garibaldi";"45,76640000";"4,92987000"
"202300046821";"14";"07";"2023";"02:22";"5";"56";"56098";"2";"1";"1";"6";"JAURES (RUE  JEAN )";"47,76359000";" -3,36129000"
"202300046822";"1";"10";"2023";"10:10";"1";"03";"03043";"1";"1";"1";"7";"RD 578 PK 1+200";"46,19862200";"3,29027700"
"202300046823";"7";"01";"2023";"10:30";"1";"64";"64024";"2";"2";"1";"2";"Rue des Pontots";"43,49396000";" -1,49659000"
"202300046824";"18";"07";"2023";"22:54";"5";"54";"54395";"2";"2";"1";"3";"Avenue de la Garenne";"48,68061792";"6,17895395"
"202300046825";"30";"09";"2023";"19:00";"2";"03";"03002";"1";"1";"7";"7";"RD 133";"46,61762500";"3,17867500"
"202300046826";"6";"01";"2023";"17:27";"1";"64";"64024";"2";"1";"1";"3";"Rue du  Colonel Melville Lynch";"43,46420000";" -1,49883000"
"202300046827";"18";"07";"2023";"14:50";"1";"54";"54339";"2";"1";"1";"1";"Rue du Lion d'Or";"48,71308000";"6,17646000"
"202300046828";"7";"01";"2023";"14:50";"1";"59";"59421";"2";"1";"3";"6";"RAVENNES (RUE DES)";"50,71247310";"3,12909152"
"202300046829";"30";"09";"2023";"20:35";"3";"01";"01179";"1";"2";"1";"3";"D51";"46,25642500";"4,83642000"
"202300046830";"18";"07";"2023";"17:00";"1";"49";"49007";"2";"1";"1";"6";"AYRAULT";"47,47602000";" -0,54991000"
"202300046831";"7";"01";"2023";"19:00";"5";"59";"59350";"2";"2";"1";"3";"LIBERTE BVD N°2 - 90-51 - 145";"50,63456879";"3,05680163"
"202300046832";"19";"07";"2023";"12:00";"1";"44";"44162";"1";"1";"1";"3";"N/A";"47,21124200";" -1,62704200"
"202300046833";"6";"01";"2023";"17:00";"2";"59";"59431";"2";"1";"2";"6";"LYS  (RUE DE LA )";"50,69594213";"2,85386243"
"202300046834";"1";"10";"2023";"08:31";"1";"85";"85008";"1";"1";"7";"2";"A 87 - PK 120+700";"46,62697200";" -1,42615000"
"202300046835";"7";"01";"2023";"09:55";"1";"54";"54184";"2";"6";"1";"6";"Avenue de Saulxures";"48,70790300";"6,24370700"
"202300046836";"29";"09";"2023";"08:00";"1";"14";"14554";"1";"1";"1";"1";"Chemin de la Jalousie";"49,07229200";" -0,29603000"
"202300046837";"6";"01";"2023";"17:40";"5";"54";"54578";"2";"2";"1";"3";"Boulevard des Aiguillettes";"48,67031341";"6,15810513"
"202300046838";"19";"07";"2023";"12:40";"1";"42";"42044";"2";"3";"1";"3";"Rue du Colonel Marey";"45,39506000";"4,32231000"
"202300046839";"7";"01";"2023";"17:41";"5";"51";"51454";"2";"7";"8";"6";"place Aristide Briand";"49,25755000";"4,03952000"
"202300046840";"19";"07";"2023";"07:45";"1";"38";"38185";"2";"1";"7";"6";"JEAN PAIN (BOULEVARD)";"45,18742000";"5,73735000"
"202300046841";"20";"07";"2023";"02:05";"3";"35";"35278";"1";"1";"1";"6";"RN136";"48,14000000";" -1,69740000"
"202300046842";"1";"10";"2023";"10:45";"1";"14";"14098";"1";"2";"1";"7";"15 Rue de la Limare";"49,20799659";" -0,55823364"
"202300046843";"7";"01";"2023";"09:40";"1";"51";"51454";"2";"4";"1";"1";"boulevard Henry Vasnier";"49,24079000";"4,05301000"
"202300046844";"19";"07";"2023";"19:20";"1";"35";"35115";"2";"6";"1";"3";"DURAND (RUE ALBERT)";"48,35492059";" -1,19873151"
"202300046845";"1";"10";"2023";"12:30";"1";"50";"50090";"1";"1";"1";"1";"La Commune - D 134";"48,53911400";" -1,01348900"
"202300046846";"7";"01";"2023";"09:09";"1";"49";"49007";"2";"2";"1";"3";"VILLESICARD RUE ET SQUARE";"47,45173000";" -0,53574000"
"202300046847";"6";"01";"2023";"17:45";"5";"48";"48095";"2";"1";"1";"6";"HUIT MAI 1945 (AVENUE DU)";"44,52621000";"3,48585000"
"202300046848";"16";"06";"2023";"22:16";"2";"35";"35115";"2";"6";"1";"3";"SAINT GERMAIN (BOULEVARD DE)";"48,35665421";" -1,20424479"
"202300046849";"30";"09";"2023";"20:00";"4";"64";"64081";"2";"3";"1";"3";"Départementale 147";"43,14909000";" -0,93035600"
"202300046850";"18";"07";"2023";"15:25";"1";"34";"34032";"1";"1";"1";"7";"RD609";"43,32548000";"3,19121000"
"202300046851";"7";"01";"2023";"06:20";"4";"45";"45234";"2";"1";"1";"6";"59 Avenue de la Marne";"47,91622500";"1,93388200"
"202300046852";"19";"07";"2023";"22:03";"5";"31";"31555";"2";"1";"1";"6";"BD GABRIEL KOENIGS";"43,59616400";"1,41195100"
"202300046853";"7";"01";"2023";"14:40";"1";"45";"45004";"2";"1";"8";"2";"D2107 PR 2 + 601";"47,97068000";"2,73383000"
"202300046854";"30";"09";"2023";"17:05";"1";"10";"10268";"1";"1";"1";"4";"D951";"48,48066700";"3,48224800"
"202300046855";"18";"07";"2023";"15:25";"1";"29";"29051";"1";"1";"1";"1";"Rue de la Papeterie";"48,02092300";" -4,02128900"
"202300046856";"8";"01";"2023";"01:40";"5";"35";"35238";"2";"3";"2";"6";"TURMEAU (ALLEE JEAN)";"48,11134141";" -1,69076532"
"202300046857";"7";"01";"2023";"15:45";"1";"35";"35051";"1";"6";"2";"6";"ALLIES (BOULEVARD DES)";"48,14101000";" -1,62679000"
"202300046858";"19";"07";"2023";"21:10";"1";"28";"28223";"1";"2";"1";"3";"RD 929";"48,72055700";"1,40803000"
"202300046859";"31";"07";"2023";"16:40";"1";"36";"36010";"1";"1";"1";"4";"N/A";"46,87403992";"1,05359316"
"202300046860";"7";"01";"2023";"03:25";"3";"35";"35278";"1";"1";"1";"2";"N136";"48,14153235";" -1,67353345"
"202300046861";"19";"07";"2023";"20:15";"1";"27";"27229";"2";"4";"1";"1";"GAMBETTA (BOULEVARD)";"49,01960000";"1,15444000"
"202300046862";"1";"10";"2023";"11:23";"1";"16";"16251";"1";"1";"1";"6";"D131";"45,36411700";" -0,17149000"
"202300046863";"7";"01";"2023";"20:20";"5";"33";"33063";"2";"2";"3";"3";"Rue Lucien Faure";"44,86973000";" -0,56660000"
"202300046864";"1";"10";"2023";"15:15";"1";"07";"07166";"1";"1";"1";"7";"d236";"45,03332589";"4,53449070"
"202300046865";"19";"07";"2023";"10:25";"1";"22";"22278";"2";"3";"1";"6";"TREGUEUX (DE)";"48,50019200";" -2,75651000"
"202300046866";"19";"07";"2023";"03:36";"3";"17";"17306";"2";"9";"1";"1";"POSTE (ROND POINT DE LA)";"45,62436000";" -1,02458000"
"202300046867";"7";"01";"2023";"02:50";"5";"33";"33063";"2";"2";"1";"3";"Rue Paulin";"44,84713000";" -0,58778000"
"202300046868";"30";"09";"2023";"14:00";"1";"53";"53160";"1";"3";"1";"3";"Le Vieux Gast";"48,37589400";" -0,55659600"
"202300046869";"17";"07";"2023";"12:01";"1";"15";"15012";"2";"3";"1";"3";"RD 990";"44,90056600";"2,48745800"
"202300046870";"7";"01";"2023";"23:00";"5";"33";"33529";"2";"2";"2";"3";"DE GAULLE (PL. DU GENERAL)";"44,53809000";" -1,15215000"
"202300046871";"30";"09";"2023";"18:45";"1";"53";"53007";"2";"1";"1";"6";"13 Rue des Rochers";"48,07861300";" -0,64217400"
"202300046872";"18";"07";"2023";"18:45";"1";"06";"06155";"2";"2";"1";"3";"LIBERTE AV.DE LA";"43,56955500";"7,07702100"
"202300046873";"7";"01";"2023";"19:20";"1";"33";"33529";"2";"6";"3";"3";"INDUSTRIE (BD DE L') DU 01 ET +";"44,61585000";" -1,12679000"
"202300046874";"10";"07";"2023";"17:30";"1";"05";"05061";"2";"9";"1";"3";"COMMANDANT DUMONT ( AVENUE)";"44,56904300";"6,08331500"
"202300046875";"30";"09";"2023";"16:00";"1";"40";"40127";"1";"3";"1";"3";"3620 avenue des pyrénées";"43,79546600";" -0,24399500"
"202300046876";"17";"07";"2023";"19:05";"1";"75";"75117";"2";"1";"1";"3";"BD PERIPHERIQUE EXTERIEUR";"48,89214300";"2,30137400"
"202300046877";"1";"10";"2023";"12:00";"1";"85";"85277";"1";"2";"1";"3";"Rue du Vivier";"46,48531100";" -1,35842100"
"202300046878";"1";"10";"2023";"02:00";"5";"27";"27428";"2";"1";"1";"6";"Rue Octave Bonnel";"49,14728400";"0,90325800"
"202300046879";"1";"10";"2023";"11:45";"1";"37";"37173";"1";"1";"1";"6";"D81";"47,15914000";"1,28497100"
"202300046880";"19";"07";"2023";"10:45";"1";"75";"75114";"2";"1";"1";"5";"BOULEVARD PERIPHERIQUE EXTERIEUR SUD";"48,82164800";"2,31788700"
"202300046881";"19";"07";"2023";"15:30";"1";"75";"75119";"2";"3";"1";"3";"AVENUE DE FLANDRE";"48,89124300";"2,37736900"
"202300046882";"30";"09";"2023";"22:15";"5";"37";"37172";"2";"3";"1";"1";"Avenue Gustave Eiffel";"47,43889400";"0,69920900"
"202300046883";"18";"07";"2023";"18:45";"1";"75";"75117";"2";"3";"1";"6";"AVENUE DE CLICHY";"48,88803900";"2,32461200"
"202300046884";"19";"07";"2023";"07:40";"1";"75";"75115";"2";"3";"1";"6";"RUE JACQUES BAUDRY";"48,82996868";"2,30559468"
"202300046885";"30";"09";"2023";"20:45";"3";"973";"97309";"2";"1";"1";"3";"Route de Rémire";"4,89176881";" -52,27453172"
"202300046886";"18";"07";"2023";"17:20";"1";"75";"75114";"2";"3";"1";"3";"BOULEVARD SAINT JACQUES";"48,83352400";"2,33424400"
"202300046887";"30";"09";"2023";"18:20";"2";"34";"34116";"2";"1";"1";"6";"départementale 127";"43,64610700";"3,81825300"
"202300046888";"18";"07";"2023";"06:40";"1";"75";"75114";"2";"3";"1";"3";"RUE FROIDEVAUX";"48,83721900";"2,32395600"
"202300046889";"19";"07";"2023";"20:45";"2";"75";"75111";"2";"1";"1";"3";"BOULEVARD VOLTAIRE";"48,85363100";"2,38709700"
"202300046890";"1";"10";"2023";"14:35";"1";"06";"06018";"1";"1";"1";"1";"2692 Route de Valbonne";"43,63340400";"7,07646100"
"202300046891";"1";"10";"2023";"16:45";"1";"67";"67348";"1";"9";"1";"7";"D500";"48,47129900";"7,51185900"
"202300046892";"18";"07";"2023";"23:22";"5";"75";"75110";"2";"2";"1";"3";"QUAI DE JEMMAPES";"48,86881300";"2,36761300"
"202300046893";"30";"09";"2023";"16:30";"1";"976";"97609";"1";"1";"1";"3";"CCD 4, Ngouja";" -12,97940000";"45,11982000"
"202300046894";"18";"07";"2023";"14:50";"1";"75";"75110";"2";"2";"1";"6";"RUE LA FAYETTE";"48,87897300";"2,35575000"
"202300046895";"1";"10";"2023";"03:00";"5";"11";"11170";"2";"1";"1";"6";"CD 132";"43,09997200";"3,09859500"
"202300046896";"27";"08";"2023";"08:55";"1";"45";"45269";"1";"1";"1";"7";"A10 PR 108 + 113";"47,87683600";"1,73498200"
"202300046897";"19";"07";"2023";"07:00";"1";"75";"75116";"2";"2";"1";"3";"AVENUE MOZART";"48,85729600";"2,27304600"
"202300046898";"1";"10";"2023";"14:15";"1";"13";"13087";"1";"6";"1";"7";"A8";"43,47111000";"5,64496600"
"202300046899";"18";"07";"2023";"10:36";"1";"75";"75103";"2";"2";"1";"1";"RUE COMMINES";"48,86176700";"2,36526200"
"202300046900";"14";"07";"2023";"12:00";"1";"94";"94081";"2";"1";"1";"7";"Rue Julian Grimau";"48,78220019";"2,37209503"
"202300046901";"30";"09";"2023";"22:45";"3";"17";"17139";"1";"1";"1";"2";"A10";"46,11702600";" -0,53336900"
"202300046902";"18";"07";"2023";"10:30";"1";"94";"94068";"2";"2";"1";"6";"BAC (AV DU)";"48,79459400";"2,51162000"
"202300046903";"1";"10";"2023";"11:30";"1";"91";"91111";"1";"1";"1";"7";"A10";"48,62543500";"2,13766700"
"202300046904";"17";"07";"2023";"19:30";"1";"94";"94017";"2";"1";"1";"1";"Square Charles d'Orléans";"48,80727000";"2,54961000"
"202300046905";"18";"07";"2023";"19:50";"1";"94";"94016";"2";"1";"1";"3";"43 Avenue Carnot";"48,79857400";"2,32687500"
"202300046906";"30";"09";"2023";"02:30";"3";"974";"97420";"1";"9";"1";"6";"N2";" -20,89894900";"55,58049900"
"202300046907";"29";"09";"2023";"15:00";"1";"973";"97312";"1";"1";"1";"1";"N1";"5,33212500";" -52,91457700"
"202300046908";"18";"07";"2023";"15:45";"1";"94";"94016";"2";"1";"1";"2";"Avenue Aristide Briand";"48,79076000";"2,31990000"
"202300046909";"19";"07";"2023";"16:28";"1";"94";"94073";"2";"1";"1";"6";"Avenue du Luxembourg";"48,75643100";"2,37413400"
"202300046910";"30";"09";"2023";"18:00";"1";"77";"77382";"2";"1";"1";"3";"16 Rue Braunston";"48,90089000";"2,87021200"
"202300046911";"1";"10";"2023";"09:40";"1";"77";"77508";"1";"1";"1";"1";"D21 PK 19+100";"48,81857400";"2,86612800"
"202300046912";"19";"07";"2023";"09:25";"1";"94";"94038";"2";"1";"1";"4";"Rue de Lallier";"48,77549000";"2,35368000"
"202300046913";"10";"06";"2023";"15:15";"1";"94";"94021";"2";"1";"1";"3";"73 Avenue de Stalingrad";"48,76835400";"2,36783500"
"202300046914";"30";"09";"2023";"13:30";"1";"11";"11426";"1";"1";"1";"2";"CD 620";"43,29680000";"2,45730000"
"202300046915";"19";"07";"2023";"09:50";"1";"94";"94028";"2";"1";"1";"2";"70 Avenue du Maréchal Foch";"48,77820400";"2,43828600"
"202300046916";"30";"09";"2023";"20:50";"5";"83";"83047";"2";"1";"1";"6";"40 Avenue de la Libération";"43,14967500";"6,07571800"
"202300046917";"19";"07";"2023";"21:20";"2";"93";"93066";"2";"1";"1";"3";"Rue Pleyel";"48,91650275";"2,34620767"
"202300046918";"1";"10";"2023";"00:45";"3";"83";"83143";"1";"1";"1";"6";"D554";"43,45527100";"6,06538700"
"202300046919";"19";"07";"2023";"08:30";"1";"93";"93001";"2";"5";"1";"3";"Avenue Victor Hugo / Rue de la Commune de Paris";"48,90885355";"2,37821260"
"202300046920";"30";"09";"2023";"20:05";"5";"67";"67309";"2";"1";"1";"6";"boulevard des enseignes";"48,65185100";"7,72351700"
"202300046921";"19";"07";"2023";"09:30";"1";"93";"93051";"2";"6";"1";"3";"Rue Graham Bell / Boulevard de Friedberg";"48,83604000";"2,54753000"
"202300046922";"1";"10";"2023";"02:26";"3";"42";"42147";"2";"6";"1";"6";"Avenue de Saint Étienne";"45,59050500";"4,09035300"
"202300046923";"19";"07";"2023";"19:15";"2";"93";"93048";"2";"7";"1";"3";"Place du Général de Gaulle / Rue Jean Lolive";"48,86914000";"2,43236000"
"202300046924";"18";"07";"2023";"23:20";"5";"93";"93045";"2";"1";"1";"1";"Avenue du Maréchal Juin";"48,87883601";"2,42229590"
"202300046925";"19";"07";"2023";"09:40";"1";"93";"93010";"2";"3";"1";"6";"Remise à Jorelle / Rue Rudyard Kipling";"48,89331983";"2,48690536"
"202300046926";"19";"07";"2023";"04:05";"5";"93";"93057";"2";"2";"1";"3";"Allée Monthyon / Allée de l'Avenir";"48,91207778";"2,50865657"
"202300046927";"10";"07";"2023";"12:55";"1";"92";"92078";"2";"1";"1";"7";"JEAN MOULIN (AVENUE) (1 AU 81)";"48,93839000";"2,33177000"
"202300046928";"19";"07";"2023";"00:40";"5";"92";"92073";"2";"1";"1";"6";"VERDUN (RUE DE)";"48,87115675";"2,22779131"
"202300046929";"18";"07";"2023";"18:00";"1";"92";"92073";"2";"2";"1";"3";"CARON (RUE ALBERT)";"48,86511288";"2,20855996"
"202300046930";"19";"07";"2023";"12:24";"1";"92";"92077";"2";"1";"1";"3";"SEVRES (RUE DE)";"48,82626000";"2,19203000"
"202300046931";"19";"07";"2023";"19:05";"1";"92";"92063";"2";"3";"1";"3";"DOUMER (AVENUE PAUL) NORD";"48,87993176";"2,18057728"
"202300046932";"19";"07";"2023";"06:40";"1";"92";"92051";"2";"2";"1";"3";"BINEAU (BOULEVARD, N°133 A 217 ET 134 A";"48,89363317";"2,26743490"
"202300046933";"18";"07";"2023";"18:15";"1";"92";"92050";"2";"1";"1";"3";"VAILLANT COUTURIER PAUL RUE";"48,87946000";"2,20825000"
"202300046934";"18";"07";"2023";"08:56";"1";"92";"92050";"2";"1";"1";"1";"PICASSO PABLO AVENUE";"48,89248921";"2,21358848"
"202300046935";"19";"07";"2023";"14:00";"1";"92";"92020";"2";"1";"1";"7";"BROSSOLETTE RUE PIERRE AUTRES N°";"48,80097300";"2,27923200"
"202300046936";"19";"07";"2023";"09:30";"1";"92";"92040";"2";"1";"1";"3";"MARCEAU";"48,82630000";"2,27220000"
"202300046937";"15";"07";"2023";"22:00";"5";"92";"92025";"2";"1";"1";"6";"EDGARD QUINET (BD)";"48,92413671";"2,24798700"
"202300046938";"19";"07";"2023";"18:40";"1";"92";"92024";"2";"1";"1";"3";"MARTRE DE (4 A 54)";"48,89988595";"2,30886430"
"202300046939";"17";"06";"2023";"18:45";"1";"39";"39295";"1";"2";"1";"3";"";"46,48350100";"5,46604200"
"202300046940";"19";"07";"2023";"00:40";"5";"92";"92019";"2";"1";"1";"6";"SINET EUGENE (RUE)";"48,77447000";"2,26962000"
"202300046941";"19";"07";"2023";"19:00";"1";"60";"60040";"1";"1";"1";"7";"D152";"49,42400400";"2,59044500"
"202300046942";"17";"06";"2023";"19:40";"1";"39";"39154";"2";"3";"1";"3";"14A Route de Lons-le-saunier";"46,57911500";"5,74732800"
"202300046943";"18";"07";"2023";"23:15";"3";"40";"40296";"1";"1";"1";"6";"D86";"43,68761900";" -1,37858000"
"202300046944";"19";"07";"2023";"14:15";"1";"42";"42332";"2";"2";"1";"3";"Rue du Moulin à Vent Prolongée";"46,01911600";"4,05348300"
"202300046945";"17";"06";"2023";"18:30";"1";"44";"44069";"2";"9";"1";"3";"1 Rue de la Fuie";"47,32780300";" -2,41192300"
"202300046946";"17";"07";"2023";"10:40";"1";"64";"64367";"1";"1";"1";"6";"11 Chemin Larue";"43,44971500";" -0,69246000"
"202300046947";"17";"06";"2023";"06:35";"2";"02";"02173";"2";"1";"1";"6";"106 Rue Camille Desmoulins";"49,61275400";"3,20345900"
"202300046948";"3";"07";"2023";"20:30";"1";"19";"19043";"1";"1";"1";"6";"RD921";"45,15318700";"1,62147600"