"Num_Acc";"jour";"mois";"an";"hrmn";"lum";"dep";"com";"agg";"int";"atm";"col";"adr";"lat";"long"
"202300047543";"31";"03";"2023";"11:46";"1";"18";"18205";"2";"1";"3";"3";"37 Avenue des Prés le Roi";"47,09346000";"2,38729000"
"202300047544";"11";"05";"2023";"20:20";"1";"13";"13203";"2";"1";"1";"1";"JUNOT (RUE)";"43,30946000";"5,37610000"
"202300047545";"31";"10";"2023";"22:20";"3";"85";"85016";"1";"1";"2";"6";"RD 50";"46,68724900";" -1,63345500"
"202300047546";"5";"12";"2023";"15:20";"1";"94";"94043";"2";"1";"1";"3";"108 Avenue de Fontainebleau";"48,80897100";"2,36254000"
"202300047547";"24";"08";"2023";"16:50";"1";"80";"80001";"2";"1";"1";"3";"VOLONTAIRES DU BAT.FFI VIII/2 (des)";"50,09921200";"1,83955700"
"202300047548";"3";"04";"2023";"12:30";"1";"17";"17415";"2";"3";"1";"3";"ENCLOUSE RUE DE L'";"45,74537600";" -0,65801400"
"202300047549";"5";"12";"2023";"19:22";"5";"94";"94003";"2";"1";"1";"2";"Avenue Aristide Briand";"48,81058700";"2,32682500"
"202300047550";"11";"05";"2023";"16:00";"1";"13";"13209";"2";"1";"1";"2";"CATHERINE BLUM (BOULEVARD)";"43,26641205";"5,41972250"
"202300047551";"28";"08";"2023";"22:35";"5";"78";"78172";"2";"2";"1";"7";"LE GUEN (RUE PIERRE)";"49,00673000";"2,12098000"
"202300047552";"3";"04";"2023";"18:30";"1";"13";"13071";"2";"1";"1";"3";"PENNES AUX PINS ( CHEMIN DES )";"43,41334000";"5,35938000"
"202300047553";"11";"05";"2023";"12:20";"1";"13";"13215";"2";"1";"1";"6";"SAINT ANTOINE (AVENUE DE)";"43,37000000";"5,36000000"
"202300047554";"5";"12";"2023";"17:50";"5";"94";"94069";"2";"3";"8";"1";"Rue du Maréchal Leclerc";"48,81813000";"2,43234000"
"202300047555";"1";"11";"2023";"00:15";"5";"02";"02684";"2";"1";"2";"6";"6 Rue d'Hirson";"49,91714300";"4,12713700"
"202300047556";"3";"04";"2023";"19:20";"1";"13";"13056";"2";"1";"1";"3";"DI LORTO AVENUE PAUL";"43,39948000";"5,05875000"
"202300047557";"10";"05";"2023";"16:30";"1";"13";"13210";"2";"1";"1";"3";"PAUL CLAUDEL (BOULEVARD)";"43,26880789";"5,41987988"
"202300047558";"3";"12";"2023";"19:20";"5";"94";"94028";"2";"3";"1";"3";"Rue du Château";"48,79329000";"2,45690000"
"202300047559";"3";"04";"2023";"08:30";"1";"13";"13215";"2";"1";"1";"3";"RUISSEAU MI (RUE)";"43,34817817";"5,34468120"
"202300047560";"10";"05";"2023";"14:00";"1";"13";"13206";"2";"2";"1";"3";"PRADO (AVENUE DU)";"43,28401000";"5,38479000"
"202300047561";"5";"12";"2023";"09:00";"1";"94";"94017";"2";"3";"2";"2";"Avenue Maurice Thorez";"48,81439755";"2,53770348"
"202300047562";"28";"08";"2023";"09:30";"1";"76";"76575";"2";"1";"1";"6";"Rue du Madrillet";"49,40395400";"1,07527400"
"202300047563";"3";"04";"2023";"11:25";"1";"13";"13005";"2";"1";"1";"6";"GOUMS (AVENUE DES)";"43,29171000";"5,56137000"
"202300047564";"5";"12";"2023";"21:40";"5";"93";"93070";"2";"9";"2";"3";"Rue Albert Dhalenne";"48,91466600";"2,33184900"
"202300047565";"10";"05";"2023";"10:00";"1";"13";"13201";"2";"1";"1";"3";"CANEBIERE    81 A FIN";"43,29801000";"5,38205000"
"202300047566";"2";"04";"2023";"12:41";"1";"10";"10387";"2";"1";"2";"3";"Avenue du 1er Mai";"48,30414540";"4,08799767"
"202300047567";"24";"08";"2023";"22:08";"5";"76";"76351";"2";"1";"1";"6";"DOCTEUR VIGNE";"49,49760000";"0,11168000"
"202300047568";"5";"12";"2023";"20:06";"5";"93";"93070";"2";"1";"1";"2";"Boulevard Victor Hugo";"48,90818600";"2,32777000"
"202300047569";"10";"05";"2023";"02:15";"5";"13";"13203";"1";"1";"2";"1";"BD FERDINAND DE LESSEPS";"43,32128000";"5,37728000"
"202300047570";"5";"12";"2023";"08:10";"5";"93";"93077";"2";"1";"2";"3";"Rue Laënnec";"48,88041580";"2,49598982"
"202300047571";"31";"10";"2023";"18:33";"5";"13";"13211";"2";"1";"1";"3";"Sens Aubagne vers Marseille";"43,29277000";"5,45454000"
"202300047572";"11";"05";"2023";"08:30";"1";"13";"13001";"2";"3";"1";"3";"BALTARD VICTOR (RUE)";"43,48781000";"5,38660000"
"202300047573";"11";"05";"2023";"12:20";"1";"06";"06088";"2";"1";"1";"7";"VOIE RAPIDE";"43,67352000";"7,22178000"
"202300047574";"28";"08";"2023";"16:50";"1";"71";"71540";"2";"3";"1";"3";"HUIT MAI (AVENUE DU)";"46,78127000";"4,43780000"
"202300047575";"30";"10";"2023";"08:45";"1";"13";"13214";"1";"1";"1";"4";"A507 sens Aubagne- Marseille";"43,33468000";"5,38261000"
"202300047576";"2";"04";"2023";"17:27";"1";"06";"06088";"2";"1";"1";"4";"VOIE RAPIDE";"43,67123000";"7,21804000"
"202300047577";"11";"05";"2023";"11:45";"1";"06";"06123";"2";"1";"1";"3";"DE GAULLE GENERAL AVENUE";"43,66755800";"7,19175700"
"202300047578";"30";"10";"2023";"21:10";"3";"13";"13071";"1";"1";"3";"6";"A5502D-Sens Marseille vers A55-Martigues";"43,40400000";"5,30640000"
"202300047579";"3";"04";"2023";"22:50";"5";"05";"05061";"2";"1";"1";"2";"CARNOT  ( RUE )";"44,55891000";"6,08068000"
"202300047580";"28";"08";"2023";"04:50";"5";"69";"69115";"2";"6";"1";"3";"Avenue de la Liberation";"45,97833000";"4,70921000"
"202300047581";"4";"12";"2023";"16:00";"1";"93";"93077";"2";"6";"2";"5";"Rue Pasteur / Avenue de la République";"48,88674000";"2,51180000"
"202300047582";"11";"05";"2023";"13:30";"1";"01";"01451";"2";"2";"1";"3";"RIPPES DE BIOTS (CHEMIN DES)";"46,26325477";"5,23459911"
"202300047583";"3";"04";"2023";"00:20";"5";"93";"93001";"2";"1";"1";"2";"Avenue Jean Jaurès";"48,91560419";"2,40487933"
"202300047584";"27";"08";"2023";"05:15";"5";"68";"68066";"2";"2";"1";"6";"LAVOISIER (RUE)";"48,10240900";"7,37964200"
"202300047585";"3";"04";"2023";"14:05";"1";"75";"75120";"2";"1";"1";"3";"PORTE DES LILAS";"48,87555600";"2,40995300"
"202300047586";"25";"08";"2023";"18:03";"1";"66";"66136";"2";"1";"1";"4";"N/A";"42,69330000";"2,85133000"
"202300047587";"2";"04";"2023";"08:05";"1";"75";"75114";"2";"1";"2";"5";"PORTE DE CHATILLON";"48,82284700";"2,31286500"
"202300047588";"11";"05";"2023";"17:45";"1";"75";"75119";"2";"1";"1";"3";"RUE MANIN";"48,88365000";"2,38949800"
"202300047589";"25";"08";"2023";"08:00";"1";"66";"66136";"1";"6";"1";"3";"N/A";"42,68123919";"2,85229057"
"202300047590";"11";"05";"2023";"12:15";"1";"75";"75119";"2";"3";"1";"6";"BOULEVARD MACDONALD";"48,89893700";"2,38256500"
"202300047591";"3";"04";"2023";"17:10";"1";"75";"75120";"2";"3";"1";"6";"RUE DE BAGNOLET";"48,86270700";"2,40666900"
"202300047592";"5";"12";"2023";"09:10";"1";"93";"93050";"2";"5";"2";"6";"Rue Martyrs de la Deportation / Avenue du General de Gaulle";"48,85568000";"2,52662000"
"202300047593";"27";"08";"2023";"09:58";"1";"64";"64102";"2";"1";"2";"7";"SOULT (AVENUE MARECHAL)";"43,48506000";" -1,49461000"
"202300047594";"3";"04";"2023";"16:05";"1";"75";"75120";"2";"3";"1";"6";"RUE DES REGLISES";"48,85468100";"2,41028900"
"202300047595";"11";"05";"2023";"11:00";"1";"75";"75117";"2";"7";"1";"3";"PLACE D ISRAEL";"48,88522300";"2,30336200"
"202300047596";"3";"04";"2023";"16:50";"1";"75";"75119";"2";"1";"1";"1";"RUE MANIN";"48,88292100";"2,38478300"
"202300047597";"5";"12";"2023";"09:15";"1";"93";"93014";"2";"1";"2";"3";"Allée Romain Rolland";"48,90448000";"2,55383000"
"202300047598";"3";"04";"2023";"17:10";"1";"75";"75117";"2";"1";"1";"2";"RUE EMMY NOETHER";"48,90067334";"2,32114613"
"202300047599";"11";"05";"2023";"17:40";"1";"75";"75116";"2";"1";"1";"3";"AVENUE DU MAHATMA GANDHI";"48,87667000";"2,26581200"
"202300047600";"28";"08";"2023";"14:45";"1";"59";"59508";"2";"1";"1";"3";"HALLUIN (BOULEVARD D')";"50,74175922";"3,13230663"
"202300047601";"5";"12";"2023";"21:20";"5";"92";"92046";"2";"3";"8";"6";"EMILE ZOLA";"48,82296695";"2,30307072"
"202300047602";"3";"04";"2023";"12:50";"1";"75";"75117";"2";"3";"1";"6";"RUE GUERSANT";"48,88152500";"2,28921300"
"202300047603";"28";"08";"2023";"07:45";"1";"57";"57672";"2";"1";"1";"3";"COMTE DE BERTIER (AVENUE) - IMPAIR";"49,37006000";"6,16917000"
"202300047604";"11";"05";"2023";"11:00";"1";"75";"75116";"2";"1";"8";"3";"ALLEE DE LA REINE MARGUERITE";"48,85126700";"2,24182000"
"202300047605";"3";"04";"2023";"19:10";"1";"75";"75112";"2";"3";"1";"6";"RUE DE RAMBOUILLET";"48,84362300";"2,37977100"
"202300047606";"5";"12";"2023";"17:20";"5";"92";"92036";"2";"1";"2";"3";"PETITS MARAIS (CHEMIN DES)";"48,94622555";"2,30202958"
"202300047607";"3";"04";"2023";"07:28";"1";"75";"75107";"2";"1";"1";"2";"QUAI D ORSAY";"48,86224700";"2,30409100"
"202300047608";"30";"11";"2023";"15:50";"1";"92";"92036";"2";"1";"1";"3";"GRESILLONS ( AVENUE DES  )";"48,91895924";"2,31167324"
"202300047609";"10";"05";"2023";"20:45";"3";"75";"75116";"2";"3";"1";"2";"VOIE GEORGES POMPIDOU";"48,85129000";"2,27844000"
"202300047610";"26";"08";"2023";"15:35";"1";"56";"56260";"1";"1";"1";"4";"N/A";"47,66488000";" -2,72178000"
"202300047611";"2";"12";"2023";"14:45";"1";"92";"92004";"2";"2";"1";"2";"ABBE LEMIRE DE L'";"48,92948000";"2,28187000"
"202300047612";"3";"04";"2023";"12:20";"1";"75";"75104";"2";"2";"1";"6";"QUAI DE GESVRES";"48,85674900";"2,34894800"
"202300047613";"28";"08";"2023";"16:20";"1";"56";"56083";"2";"6";"1";"6";"Avenue de la République";"47,79945000";" -3,29051000"
"202300047614";"11";"05";"2023";"12:35";"1";"75";"75115";"2";"3";"1";"6";"RUE DE VIROFLAY";"48,84221000";"2,29923700"
"202300047615";"3";"04";"2023";"19:20";"1";"94";"94080";"2";"1";"1";"6";"Avenue de Paris";"48,84529000";"2,43093000"
"202300047616";"5";"12";"2023";"19:05";"5";"92";"92002";"2";"2";"8";"3";"PRESIDENT KENNEDY (50 A LA FIN)";"48,73466161";"2,28539631"
"202300047617";"3";"04";"2023";"16:47";"1";"94";"94074";"2";"1";"1";"6";"Rue du 11 Novembre 1918";"48,75073900";"2,46771400"
"202300047618";"11";"05";"2023";"18:00";"1";"75";"75114";"2";"2";"1";"2";"BOULEVARD BRUNE";"48,82307500";"2,32540800"
"202300047619";"11";"05";"2023";"12:00";"1";"75";"75114";"2";"1";"1";"6";"BOULEVARD JOURDAN";"48,81943600";"2,34366400"
"202300047620";"3";"04";"2023";"08:40";"1";"94";"94038";"2";"2";"1";"3";"Avenue Hache";"48,78065446";"2,33140755"
"202300047621";"6";"12";"2023";"09:15";"1";"06";"06161";"2";"1";"1";"6";"La Fighière (Parking)";"43,63736700";"7,13991700"
"202300047622";"25";"08";"2023";"23:15";"5";"51";"51454";"2";"2";"1";"2";"PAIX (BOULEVARD DE LA)";"49,25217000";"4,04167000"
"202300047623";"6";"12";"2023";"17:25";"3";"10";"10350";"1";"1";"1";"1";"D374";"48,17316200";"3,81773800"
"202300047624";"3";"04";"2023";"01:37";"5";"94";"94077";"2";"3";"1";"1";"Cours de Verdun";"48,73820000";"2,40835000"
"202300047625";"10";"05";"2023";"20:40";"5";"75";"75114";"2";"3";"2";"6";"AVENUE DU MAINE";"48,82826600";"2,32670700"
"202300047626";"29";"08";"2023";"01:37";"5";"49";"49007";"2";"1";"1";"7";"LEROY PLACE";"47,46460000";" -0,54903000"
"202300047627";"6";"12";"2023";"07:20";"2";"28";"28233";"1";"1";"1";"1";"Départementale 955";"48,12109800";"1,28179600"
"202300047628";"3";"04";"2023";"08:36";"1";"94";"94070";"2";"3";"8";"1";"Route de Paris";"48,71777577";"2,57017744"
"202300047629";"27";"08";"2023";"19:36";"1";"45";"45068";"2";"1";"8";"7";"25 Rue Pascal";"48,01723464";"2,71717966"
"202300047630";"10";"05";"2023";"17:20";"1";"75";"75114";"2";"2";"2";"6";"AVENUE DU GENERAL LECLERC";"48,83367100";"2,33183300"
"202300047631";"3";"04";"2023";"19:40";"1";"93";"93066";"2";"1";"1";"6";"Rue du Landy";"48,91533857";"2,35298663"
"202300047632";"6";"12";"2023";"07:15";"1";"974";"97401";"1";"1";"1";"1";"LITTORAL";" -21,24989500";"55,32146200"
"202300047633";"25";"08";"2023";"15:40";"1";"41";"41212";"2";"1";"1";"6";"NATIONALE (ROUTE)";"47,56509000";"1,36744000"
"202300047634";"5";"12";"2023";"17:45";"5";"62";"62706";"2";"1";"1";"6";"D166";"50,57894500";"2,73872900"
"202300047635";"11";"05";"2023";"17:00";"1";"75";"75113";"2";"1";"1";"1";"PONT CHARLES DE GAULLE";"48,84230343";"2,36860514"
"202300047636";"3";"04";"2023";"19:35";"1";"93";"93055";"2";"1";"1";"2";"Avenue du Général Leclerc";"48,89789752";"2,40554170"
"202300047637";"3";"04";"2023";"13:55";"1";"93";"93055";"2";"1";"1";"2";"Rue Denis Papin";"48,90211000";"2,39752000"
"202300047638";"6";"12";"2023";"12:30";"1";"62";"62520";"1";"1";"1";"1";"D945";"50,57633500";"2,64654600"
"202300047639";"28";"08";"2023";"17:35";"1";"38";"38185";"2";"1";"2";"3";"AVENUE DES MARTYRS";"45,20400000";"5,70221000"
"202300047640";"3";"04";"2023";"19:00";"1";"93";"93029";"2";"2";"1";"6";"Avenue Henri Barbusse / Avenue Jean Jaurès";"48,91993681";"2,45153934"
"202300047641";"1";"12";"2023";"16:15";"2";"14";"14453";"1";"1";"4";"3";"N13";"49,30795700";" -0,82358000"
"202300047642";"28";"08";"2023";"19:00";"1";"37";"37261";"2";"1";"1";"3";"BOURDAISIERE (ALLEE DE LA)";"47,38565000";"0,69606000"
"202300047643";"6";"12";"2023";"09:20";"1";"50";"50099";"1";"1";"7";"6";"N13";"49,31616000";" -1,23410600"
"202300047644";"3";"04";"2023";"18:00";"1";"93";"93029";"1";"1";"1";"3";"Rue de la Station";"48,92262900";"2,42691300"
"202300047645";"11";"05";"2023";"10:30";"1";"75";"75113";"2";"3";"8";"3";"AVENUE D ITALIE";"48,82278600";"2,35835400"
"202300047646";"6";"12";"2023";"15:35";"1";"30";"30092";"1";"1";"1";"7";"D6086";"44,09880400";"4,60226300"
"202300047647";"28";"08";"2023";"06:00";"2";"34";"34003";"2";"1";"1";"3";"cr des gentilhommes";"43,28867700";"3,51071700"
"202300047648";"3";"04";"2023";"16:30";"1";"93";"93057";"2";"3";"1";"6";"Allee du Soleil Levant / Allée Danielle Casanova";"48,90736085";"2,49579311"
"202300047649";"5";"12";"2023";"17:45";"3";"83";"83026";"1";"1";"1";"1";"1 route du luc";"43,41829700";"6,23877500"
"202300047650";"28";"08";"2023";"01:30";"5";"33";"33063";"2";"1";"1";"6";"Cours de l'Yser";"44,82558000";" -0,56971000"
"202300047651";"27";"08";"2023";"12:10";"1";"29";"29019";"2";"1";"1";"6";"rue du Commandant Drogou";"48,40508398";" -4,49487805"
"202300047652";"5";"12";"2023";"08:37";"1";"51";"51564";"1";"1";"2";"4";"RD9";"49,12346100";"4,10860800"
"202300047653";"2";"04";"2023";"00:06";"5";"93";"93001";"2";"5";"1";"2";"Avenue de la République / Rue André Karman";"48,91107000";"2,38468000"
"202300047654";"10";"05";"2023";"23:00";"5";"75";"75112";"2";"3";"1";"1";"BOULEVARD DE BERCY";"48,83992900";"2,38235700"
"202300047655";"28";"08";"2023";"19:20";"1";"27";"27681";"2";"1";"1";"2";"LECLERC (BOULEVARD DU MARECHAL)";"49,09577000";"1,48443000"
"202300047656";"18";"10";"2023";"20:00";"3";"19";"19274";"1";"2";"2";"1";"N/A";"45,18217100";"1,49549100"
"202300047657";"6";"12";"2023";"07:55";"2";"56";"56090";"1";"1";"1";"6";"Le Rongeau";"47,87468600";" -3,20800000"
"202300047658";"28";"08";"2023";"12:25";"1";"27";"27375";"2";"1";"1";"6";"CHAMP DE VILLE (PLACE DU)";"49,21025000";"1,16538000"
"202300047659";"3";"04";"2023";"17:20";"1";"92";"92064";"2";"1";"1";"2";"DAILLY";"48,84261000";"2,22113000"
"202300047660";"6";"12";"2023";"07:15";"3";"76";"76612";"1";"1";"5";"6";"départementale 26";"49,83218166";"1,67040128"
"202300047661";"25";"08";"2023";"14:00";"1";"22";"22106";"2";"1";"1";"6";"SAINT-ILAN (RUE DE)";"48,50481000";" -2,70671000"
"202300047662";"11";"05";"2023";"19:05";"1";"75";"75111";"2";"2";"2";"6";"RUE JEAN PIERRE TIMBAUD";"48,86893200";"2,38045700"
"202300047663";"2";"04";"2023";"02:10";"5";"92";"92064";"2";"1";"2";"7";"GENERAL LECLERC";"48,84144000";"2,20712000"
"202300047664";"6";"12";"2023";"19:00";"3";"76";"76367";"1";"1";"2";"6";"D121";"49,50383700";"1,09828900"
"202300047665";"24";"08";"2023";"14:00";"1";"22";"22113";"2";"1";"1";"3";"MENDES FRANCE (BOULEVARD)";"48,73116000";" -3,46511000"
"202300047666";"3";"04";"2023";"14:51";"1";"92";"92044";"2";"2";"1";"3";"MARIUS AUFAN(RUE) 1A67 ET 2A78";"48,88999144";"2,28505567"
"202300047667";"24";"11";"2023";"07:40";"2";"79";"79174";"1";"2";"1";"5";"N/A";"46,20784800";" -0,14924900"
"202300047668";"10";"05";"2023";"15:50";"1";"75";"75111";"2";"3";"3";"6";"AVENUE PARMENTIER";"48,86015400";"2,37875000"
"202300047669";"4";"12";"2023";"10:30";"1";"2B";"2B207";"2";"1";"2";"7";"ALLÉE DES MURIERS PLATANES";"42,44452200";"9,50911000"
"202300047670";"26";"08";"2023";"19:40";"1";"14";"14069";"2";"1";"2";"2";"103 Route d’Orbec";"49,13001400";"0,26569300"
"202300047671";"6";"12";"2023";"03:10";"3";"82";"82087";"1";"1";"5";"6";"1130 Route de Lauzerte";"44,14279800";"1,19700600"
"202300047672";"3";"04";"2023";"12:50";"1";"92";"92004";"2";"1";"1";"6";"ROBERT LAVERGNE ( RUE )";"48,92853353";"2,27260217"
"202300047673";"25";"08";"2023";"18:15";"1";"14";"14487";"1";"1";"1";"1";"Route de Lisieux";"49,16669300";"0,22772600"
"202300047674";"11";"05";"2023";"14:00";"1";"75";"75110";"2";"3";"2";"2";"BOULEVARD DE MAGENTA";"48,87578400";"2,35650200"
"202300047675";"5";"12";"2023";"13:33";"1";"71";"71543";"2";"1";"2";"1";"Avenue des Alpes";"46,56340800";"4,91890300"
"202300047676";"4";"04";"2023";"12:30";"1";"09";"09338";"1";"1";"1";"1";"Route de Saint Sernin";"43,20886000";"1,42155000"
"202300047677";"28";"08";"2023";"19:00";"1";"13";"13215";"2";"1";"6";"3";"SAINT ANTOINE (AVENUE DE)";"43,37315000";"5,35605000"
"202300047678";"6";"12";"2023";"07:50";"2";"63";"63378";"1";"1";"1";"6";"N/A";"45,67141981";"3,22385912"
"202300047679";"4";"02";"2023";"05:15";"5";"56";"56166";"2";"1";"1";"6";"Place Antoine le Floch";"47,91577000";" -3,33243500"
"202300047680";"11";"05";"2023";"12:54";"1";"75";"75110";"2";"7";"8";"3";"PLACE DU COLONEL FABIEN";"48,87767300";"2,37015700"
"202300047681";"2";"12";"2023";"16:05";"1";"61";"61503";"1";"1";"1";"6";"D48 PR 5+840";"48,64860900";" -0,13652900"
"202300047682";"24";"08";"2023";"16:30";"1";"13";"13203";"2";"2";"1";"3";"STRASBOURG (BOULEVARD)";"43,30900979";"5,37835802"
"202300047683";"28";"08";"2023";"10:15";"1";"11";"11069";"2";"1";"1";"6";"9 Boulevard Jules Guesde";"43,20855000";"2,33132000"
"202300047684";"29";"03";"2023";"15:30";"1";"33";"33393";"1";"3";"1";"3";"D910";"44,97600900";" -0,21327900"
"202300047685";"5";"12";"2023";"17:10";"2";"49";"49323";"1";"1";"1";"5";"Route Départementale N°323 de Paris à Nantes (Saint-Sylvain-d'Anjou)";"47,50169900";" -0,48472300"
"202300047686";"11";"05";"2023";"16:45";"1";"75";"75107";"2";"1";"1";"2";"QUAI ANATOLE FRANCE";"48,86201400";"2,32117300"
"202300047687";"27";"08";"2023";"22:40";"3";"11";"11069";"1";"1";"8";"7";"ROCADE SUD RD 6161";"43,20339000";"2,37815000"
"202300047688";"18";"03";"2023";"01:15";"3";"81";"81147";"1";"1";"1";"7";"Lombers";"43,80563000";"2,18283830"
"202300047689";"5";"12";"2023";"21:40";"3";"47";"47209";"1";"1";"5";"6";"Route de Riols";"44,24520700";"0,67568600"
"202300047690";"6";"12";"2023";"11:55";"1";"38";"38505";"1";"1";"8";"7";"Route départementale 130";"45,31393600";"5,13379100"
"202300047691";"27";"08";"2023";"10:00";"1";"06";"06088";"2";"1";"2";"2";"GRENOBLE (ROUTE DE)";"43,67175800";"7,20345700"
"202300047692";"4";"04";"2023";"08:15";"1";"44";"44009";"2";"6";"7";"6";"55 Rue de la Croix des Fosses";"47,21292600";" -1,47053200"
"202300047693";"8";"05";"2023";"19:15";"1";"75";"75104";"2";"2";"1";"3";"RUE MORNAY";"48,84951100";"2,36563800"
"202300047694";"3";"04";"2023";"06:00";"3";"2B";"2B101";"1";"1";"1";"6";"route départemantale 71";"42,40843500";"9,34610400"
"202300047695";"5";"12";"2023";"10:40";"1";"70";"70005";"1";"1";"8";"6";"D486";"47,60107000";"6,42940500"
"202300047696";"26";"03";"2023";"10:41";"1";"69";"69066";"2";"7";"1";"6";"Place de l'eglise";"46,10007193";"4,32178252"
"202300047697";"28";"08";"2023";"13:50";"1";"05";"05061";"1";"3";"1";"3";"MALCOMBE ( ROUTE DE )";"44,55771000";"6,05161000"
"202300047698";"6";"12";"2023";"08:35";"1";"26";"26288";"1";"1";"1";"1";"RD94";"44,42843200";"5,27805100"
"202300047699";"10";"05";"2023";"19:05";"1";"94";"94068";"2";"1";"8";"5";"Rue de la Varenne";"48,80933512";"2,47190787"
"202300047700";"24";"08";"2023";"16:05";"1";"03";"03185";"2";"9";"1";"6";"VILLON ( AVENUE PIERRE )";"46,35300000";"2,58727000"
"202300047701";"3";"04";"2023";"13:50";"1";"84";"84030";"2";"1";"1";"7";"avenue de l'europe";"44,10721600";"5,10263000"
"202300047702";"3";"05";"2023";"19:45";"2";"94";"94042";"2";"7";"1";"7";"Avenue Bizet";"48,82484000";"2,47716200"
"202300047703";"6";"12";"2023";"10:30";"1";"14";"14312";"2";"1";"1";"6";"Avenue Emile Damecour";"49,38525400";" -1,05024600"
"202300047704";"2";"04";"2023";"04:40";"3";"07";"07009";"1";"1";"1";"6";"Saint-Bosc";"45,21434100";"4,80323343"
"202300047705";"10";"05";"2023";"11:15";"1";"94";"94043";"2";"1";"2";"6";"Avenue de Fontainebleau";"48,81394092";"2,36096661"
"202300047706";"23";"08";"2023";"19:25";"1";"02";"02722";"2";"2";"1";"6";"49 Boulevard Jeanne d'Arc";"49,37446000";"3,32649000"
"202300047707";"6";"12";"2023";"07:55";"2";"16";"16072";"1";"1";"9";"5";"D674";"45,51456216";"0,16858086"
"202300047708";"2";"04";"2023";"19:45";"1";"17";"17345";"1";"1";"1";"7";"40 Route du Château d'Eau";"45,42888600";" -0,49715400"
"202300047709";"6";"12";"2023";"08:11";"1";"07";"07172";"1";"9";"1";"3";"Rte de Colombier le Cardinal";"45,27526400";"4,74021400"
"202300047710";"3";"04";"2023";"12:25";"1";"37";"37050";"2";"2";"1";"3";"Avenue de la Branchoire";"47,34507100";"0,71929900"
"202300047711";"11";"05";"2023";"12:00";"1";"94";"94054";"2";"3";"2";"1";"Rue Antoine de Saint-exupéry";"48,74894798";"2,41319177"
"202300047712";"28";"08";"2023";"18:00";"1";"75";"75120";"2";"3";"1";"6";"RUE DES REGLISES";"48,85475400";"2,41027200"
"202300047713";"3";"04";"2023";"13:10";"1";"67";"67194";"1";"1";"1";"6";"A35";"48,74743100";"7,91545600"
"202300047714";"5";"12";"2023";"18:30";"3";"40";"40273";"1";"1";"2";"5";"D85";"43,53536600";" -1,42573400"
"202300047715";"31";"03";"2023";"14:05";"1";"42";"42116";"1";"1";"1";"6";"A89";"45,87321800";"3,91413700"
"202300047716";"11";"05";"2023";"12:00";"1";"94";"94002";"2";"9";"1";"3";"Quai Jean-baptiste Clément / Rue Emile Zola";"48,79823000";"2,42066000"
"202300047717";"28";"08";"2023";"17:40";"1";"75";"75118";"2";"3";"1";"3";"RUE EUGENE CARRIERE";"48,88915100";"2,33224600"
"202300047718";"5";"12";"2023";"19:00";"3";"85";"85135";"1";"2";"1";"6";"D746";"46,52205500";" -1,20917320"
"202300047719";"1";"04";"2023";"10:35";"1";"38";"38485";"2";"3";"1";"3";"25 Boulevard des Frères Desaire";"45,18118300";"5,69232600"
"202300047720";"28";"08";"2023";"15:45";"1";"75";"75113";"2";"3";"8";"6";"BOULEVARD MASSENA";"48,82160500";"2,36903800"
"202300047721";"11";"05";"2023";"17:15";"1";"93";"93078";"2";"1";"1";"3";"Rue Eugène Delacroix";"48,94923000";"2,55046000"
"202300047722";"29";"03";"2023";"17:00";"1";"78";"78062";"2";"1";"1";"1";"Route du Pontel";"48,85035400";"1,87712300"
"202300047723";"6";"12";"2023";"12:30";"1";"28";"28374";"1";"3";"1";"3";"Départementale 854 - Le Péage TREMBLAY-LES-VILLAGES";"48,58150300";"1,43123100"
"202300047724";"6";"12";"2023";"14:45";"1";"17";"17322";"1";"2";"1";"3";"Intersection D206 et D114";"46,25257000";" -0,83513600"
"202300047725";"4";"04";"2023";"13:39";"1";"13";"13035";"1";"1";"1";"6";"D72d";"43,66817800";"5,04406800"
"202300047726";"6";"12";"2023";"01:35";"3";"45";"45026";"1";"1";"1";"6";"A6 PR 101 + 117";"48,11208800";"2,99821600"
"202300047727";"28";"08";"2023";"16:35";"1";"75";"75109";"2";"2";"1";"3";"RUE DE LIEGE";"48,87964000";"2,32704000"
"202300047728";"11";"05";"2023";"15:25";"1";"93";"93073";"2";"2";"8";"2";"Avenue Blaise Pascal / Rue de Lorraine";"48,94021000";"2,57734000"
"202300047729";"4";"04";"2023";"11:55";"1";"13";"13100";"2";"1";"1";"3";"Avenue de la Libération";"43,78877900";"4,83468700"
"202300047730";"18";"08";"2023";"12:00";"1";"973";"97311";"2";"3";"1";"3";"Rue Joseph Symphorien";"5,49622500";" -54,03003500"
"202300047731";"4";"04";"2023";"07:15";"2";"71";"71572";"1";"3";"1";"3";"32 à robalot";"46,57243600";"4,87036000"
"202300047732";"11";"05";"2023";"13:30";"1";"93";"93073";"2";"1";"8";"3";"Rue Henri Farman";"48,96609000";"2,56331000"
"202300047733";"28";"08";"2023";"10:13";"1";"75";"75109";"2";"2";"1";"2";"RUE BLANCHE";"48,87777200";"2,33197500"
"202300047734";"5";"12";"2023";"19:45";"5";"971";"97119";"1";"2";"1";"3";"Dumaine";"16,37779200";" -61,45473000"
"202300047735";"4";"04";"2023";"17:25";"1";"57";"57683";"2";"1";"1";"2";"16 Route d?Ebange";"49,31108600";"6,14728000"
"202300047736";"4";"12";"2023";"07:20";"5";"28";"28193";"2";"1";"2";"6";"Grande rue";"48,78746500";"1,53319900"
"202300047737";"4";"04";"2023";"17:30";"1";"42";"42285";"1";"2";"1";"1";"Route de Montbrison";"45,58144600";"4,10707400"