"Num_Acc";"jour";"mois";"an";"hrmn";"lum";"dep";"com";"agg";"int";"atm";"col";"adr";"lat";"long"
"202300047738";"11";"05";"2023";"10:45";"1";"93";"93071";"2";"2";"1";"3";"Avenue Hoche / Chemin de la Voirie des Tréfles";"48,93015612";"2,52863814"
"202300047739";"6";"12";"2023";"09:45";"1";"77";"77315";"2";"1";"7";"6";"D239";"48,89119100";"2,82632000"
"202300047740";"27";"08";"2023";"12:36";"1";"75";"75108";"2";"2";"1";"3";"PLACE DE LA CONCORDE";"48,86666363";"2,32202420"
"202300047741";"3";"04";"2023";"17:45";"1";"09";"09160";"2";"1";"1";"2";"Rue Pasteur";"42,93234700";"1,84507000"
"202300047742";"6";"12";"2023";"09:45";"1";"77";"77229";"2";"1";"1";"1";"160 rue Louise de Bettignies";"48,75819700";"2,87799400"
"202300047743";"10";"05";"2023";"14:15";"1";"93";"93013";"2";"1";"2";"3";"Avenue de la Division Leclerc";"48,93108250";"2,42183465"
"202300047744";"28";"08";"2023";"12:45";"1";"75";"75107";"2";"1";"1";"6";"RUE DE CONSTANTINE";"48,85888700";"2,31475700"
"202300047745";"1";"04";"2023";"19:00";"2";"17";"17164";"1";"1";"1";"1";"D129";"45,77365200";" -0,56859100"
"202300047746";"6";"12";"2023";"11:25";"1";"77";"77165";"1";"1";"1";"1";"D213";"48,50391900";"2,86133100"
"202300047747";"11";"05";"2023";"16:30";"1";"93";"93010";"2";"1";"2";"3";"Chemin du Pont";"48,90863876";"2,49012881"
"202300047748";"28";"08";"2023";"08:48";"1";"75";"75103";"2";"3";"1";"7";"RUE CHARLOT";"48,86122100";"2,36068000"
"202300047749";"2";"04";"2023";"01:45";"3";"33";"33063";"1";"1";"1";"3";"ROCADE A 630";"44,88399212";" -0,55876315"
"202300047750";"5";"12";"2023";"08:30";"1";"34";"34244";"2";"1";"1";"3";"M106";"43,67051200";"4,03543000"
"202300047751";"1";"04";"2023";"23:45";"5";"59";"59009";"1";"1";"2";"6";"ROUTE NATIONALE 227";"50,60804291";"3,13076824"
"202300047752";"6";"12";"2023";"15:30";"1";"84";"84095";"1";"9";"1";"6";"D139";"43,74265800";"5,34319100"
"202300047753";"11";"05";"2023";"05:15";"2";"93";"93005";"2";"2";"8";"6";"Boulevard Marc Chagall / Rue Eugène Delacroix";"48,95286403";"2,49897655"
"202300047754";"28";"08";"2023";"15:55";"1";"94";"94046";"2";"3";"2";"2";"Avenue de la République";"48,80719000";"2,44587000"
"202300047755";"3";"04";"2023";"20:20";"2";"91";"91235";"1";"1";"1";"2";"RN 104";"48,62600000";"2,35510000"
"202300047756";"11";"05";"2023";"16:25";"1";"92";"92064";"1";"1";"1";"6";"MARECHAL JUIN";"48,83663500";"2,22183500"
"202300047757";"6";"12";"2023";"06:55";"5";"88";"88266";"2";"8";"2";"3";"Rue du Stade";"48,17239300";"6,67188200"
"202300047758";"3";"04";"2023";"13:15";"1";"92";"92050";"1";"1";"1";"6";"A86";"48,90212300";"2,20361400"
"202300047759";"1";"12";"2023";"20:00";"3";"38";"38494";"2";"1";"3";"7";"Soleymieu";"45,69610500";"5,36088100"
"202300047760";"27";"08";"2023";"23:00";"5";"94";"94073";"2";"9";"1";"6";"Avenue de Versailles";"48,76036195";"2,39898638"
"202300047761";"11";"05";"2023";"08:45";"1";"92";"92064";"2";"3";"1";"1";"MARCEL DASSAULT";"48,85412000";"2,22259000"
"202300047762";"3";"04";"2023";"08:55";"1";"78";"78362";"1";"9";"1";"2";"A13";"48,98013100";"1,69857600"
"202300047763";"6";"12";"2023";"18:05";"5";"01";"01202";"2";"3";"9";"1";"Route de Charveyron";"45,91670200";"5,33067000"
"202300047764";"21";"08";"2023";"14:40";"1";"94";"94028";"2";"2";"1";"6";"Avenue des Compagnons de la Libération";"48,77768000";"2,45769000"
"202300047765";"11";"05";"2023";"19:55";"1";"92";"92025";"2";"1";"1";"3";"BOURNARD (RUE DU)";"48,92299000";"2,25623500"
"202300047766";"6";"12";"2023";"07:30";"2";"33";"33256";"1";"1";"5";"1";"Chemin Labarde";"44,97895700";" -0,56227700"
"202300047767";"3";"04";"2023";"17:00";"1";"93";"93027";"1";"1";"1";"4";"AUTOROUTE A1";"48,93391583";"2,38755931"
"202300047768";"5";"12";"2023";"05:45";"3";"49";"49020";"1";"1";"1";"5";"Route Départementale n°323";"47,47066900";" -0,61403300"
"202300047769";"4";"05";"2023";"10:35";"1";"92";"92004";"2";"1";"1";"3";"VOLTAIRE ( BD 16 A FIN )";"48,91200839";"2,29660660"
"202300047770";"28";"08";"2023";"06:30";"1";"94";"94077";"2";"2";"1";"2";"Avenue de la République";"48,73226000";"2,40866000"
"202300047771";"6";"12";"2023";"15:20";"1";"60";"60138";"1";"1";"1";"6";"D932a";"49,22433100";"2,61385600"
"202300047772";"1";"04";"2023";"15:10";"1";"95";"95678";"1";"1";"1";"1";"RN 184";"49,06427517";"2,21383601"
"202300047773";"17";"03";"2023";"03:05";"3";"11";"11262";"2";"1";"1";"6";"Boulevard du Docteur Lacroix";"43,18065840";"2,99989000"
"202300047774";"6";"12";"2023";"07:50";"2";"60";"60088";"1";"1";"5";"1";"D105";"49,19898000";"2,16456400"
"202300047775";"28";"08";"2023";"11:55";"1";"93";"93066";"2";"2";"1";"6";"Avenue du Président Wilson / Rue du Landy";"48,91526000";"2,35792000"
"202300047776";"10";"05";"2023";"15:50";"1";"92";"92004";"2";"1";"1";"2";"BAS ( RUE DES )";"48,91164000";"2,29857000"
"202300047777";"1";"04";"2023";"15:00";"1";"95";"95585";"2";"1";"1";"6";"AMPERE (ALLEE ANDRE)";"48,97613000";"2,38248000"
"202300047778";"5";"12";"2023";"17:55";"5";"59";"59136";"2";"1";"2";"6";"38 Rue Faidherbe";"50,09442000";"3,54048100"
"202300047779";"1";"04";"2023";"14:09";"1";"988";"98818";"2";"1";"1";"2";"ROUTE DU PORT DESPOINTES";" -22,27612000";"166,44920000"
"202300047780";"2";"04";"2023";"08:30";"1";"974";"97411";"2";"1";"1";"6";"TOPAZES(ALLEE DES)";" -20,89652000";"55,44468000"
"202300047781";"5";"12";"2023";"09:48";"1";"13";"13212";"1";"1";"1";"3";"A507 sens Marseille - Aubagne";"43,29250000";"5,42495000"
"202300047782";"28";"08";"2023";"21:20";"5";"93";"93062";"2";"2";"1";"3";"Allée des Espaliers / Allée des Bois de Livry";"48,90369000";"2,52488000"
"202300047783";"12";"05";"2023";"12:00";"1";"43";"43040";"2";"1";"1";"6";"7 Avenue d'Auvergne";"45,30089200";"3,37951400"
"202300047784";"2";"04";"2023";"12:15";"1";"69";"69383";"2";"2";"3";"6";"Cours Albert Thomas";"45,74764202";"4,86531625"
"202300047785";"28";"08";"2023";"02:35";"3";"93";"93048";"2";"1";"1";"6";"Boulevard Théophile Sueur";"48,86242753";"2,46604979"
"202300047786";"4";"12";"2023";"08:30";"1";"13";"13005";"1";"1";"1";"2";"A50-Sens Marseille vers Aubagne";"43,28846167";"5,54926168"
"202300047787";"1";"04";"2023";"16:00";"1";"69";"69383";"2";"3";"3";"4";"Avenue Lacassagne";"45,75128097";"4,87274132"
"202300047788";"2";"04";"2023";"18:10";"1";"69";"69142";"2";"1";"2";"3";"Avenue Général de Gaulle";"45,72619755";"4,81295197"
"202300047789";"28";"08";"2023";"17:00";"1";"93";"93031";"2";"2";"1";"3";"Avenue de la République / Rue Claude Debussy";"48,94710416";"2,34274034"
"202300047790";"28";"04";"2023";"14:05";"1";"33";"33254";"1";"2";"1";"3";"D9";"44,52238900";" -0,04637000"
"202300047791";"19";"11";"2023";"23:30";"3";"13";"13211";"1";"1";"1";"5";"A50-Sens Aubagne vers Marseille";"43,29007163";"5,44736081"
"202300047792";"2";"04";"2023";"03:27";"5";"2B";"2B037";"2";"9";"1";"2";"Allée des BATEAUX";"42,59499000";"9,43814000"
"202300047793";"4";"12";"2023";"19:30";"3";"13";"13026";"1";"1";"2";"2";"A55-Sens Marseille vers Martigues";"43,37394841";"5,18023722"
"202300047794";"2";"04";"2023";"08:20";"1";"83";"83137";"2";"2";"1";"3";"DARDANELLES (AVE DES)";"43,12762655";"5,92184204"
"202300047795";"28";"08";"2023";"04:20";"5";"93";"93007";"2";"2";"1";"3";"Rue Julian Grimau / Rue Victor Hugo";"48,94103000";"2,45878000"
"202300047796";"12";"05";"2023";"07:30";"1";"17";"17438";"1";"1";"1";"1";"Rue des Fleurettes";"45,55260000";" -0,62025000"
"202300047797";"1";"04";"2023";"16:10";"1";"83";"83034";"2";"6";"1";"6";"BOULEVARD DE LA LIBERTÉ";"43,09142000";"6,07989000"
"202300047798";"28";"08";"2023";"14:00";"1";"92";"92051";"2";"1";"1";"7";"ACHILLE PERETTI (AVENUE,  N° 98 A 166 ET";"48,88452810";"2,26866871"
"202300047799";"4";"12";"2023";"16:00";"1";"13";"13071";"1";"1";"2";"2";"A7-Sens Marseille vers Lyon";"43,40575000";"5,29440000"
"202300047800";"1";"04";"2023";"16:10";"1";"77";"77186";"1";"2";"7";"3";"RD148 carrefour DIANE à SORQUES";"48,37653000";"2,73974000"
"202300047801";"29";"08";"2023";"11:50";"1";"76";"76258";"1";"2";"1";"3";"Route départementale 109";"49,67638300";"0,60868400"
"202300047802";"12";"05";"2023";"15:15";"1";"71";"71270";"1";"1";"1";"3";"Autoroute A6, PK 392.200";"46,32881000";"4,81514500"
"202300047803";"2";"04";"2023";"15:40";"1";"76";"76540";"2";"1";"1";"6";"Rue François Couperin";"49,45055000";"1,13844000"
"202300047804";"4";"12";"2023";"20:45";"5";"33";"33039";"1";"1";"2";"3";"ROCADE A 630";"44,79392555";" -0,53970069"
"202300047805";"27";"08";"2023";"09:45";"1";"45";"45259";"1";"1";"1";"2";"D2060 PR 52 + 690";"47,97224600";"2,41725200"
"202300047806";"1";"04";"2023";"16:43";"1";"76";"76575";"2";"3";"2";"1";"Rue Camille Saint-saens";"49,39431000";"1,06297000"
"202300047807";"4";"12";"2023";"07:15";"5";"59";"59350";"1";"1";"1";"6";"ROUTE NATIONALE 356";"50,62790000";"3,08304000"
"202300047808";"2";"04";"2023";"22:20";"5";"69";"69266";"2";"1";"2";"2";"159 Avenue Roger Salengro";"45,78083000";"4,88415000"
"202300047809";"11";"05";"2023";"09:00";"1";"83";"83100";"1";"1";"1";"1";"D12";"43,29433300";"6,12293600"
"202300047810";"1";"04";"2023";"17:00";"1";"69";"69282";"2";"1";"2";"6";"25 Rue Louis Saulnier";"45,76533000";"5,00329000"
"202300047811";"27";"08";"2023";"03:20";"3";"40";"40296";"1";"1";"2";"6";"D79";"43,73351500";" -1,41184000"
"202300047812";"5";"12";"2023";"16:00";"1";"91";"91645";"1";"1";"2";"4";"RN 385 Extèrieure";"48,75983000";"2,26127000"
"202300047813";"1";"04";"2023";"10:38";"1";"64";"64260";"1";"1";"2";"1";"CORNICHE (ROUTE DE LA)";"43,37756000";" -1,73778000"
"202300047814";"28";"08";"2023";"16:30";"1";"13";"13078";"1";"1";"1";"3";"D268";"43,41767400";"4,80584400"
"202300047815";"9";"05";"2023";"09:00";"1";"56";"56185";"2";"3";"1";"3";"Kergalan Bihan";"47,77575100";" -3,40575100"
"202300047816";"5";"12";"2023";"13:20";"1";"94";"94034";"1";"1";"3";"3";"A6B";"48,75203818";"2,33088421"
"202300047817";"31";"03";"2023";"18:40";"1";"62";"62516";"1";"3";"2";"3";"D943";"50,55633834";"2,49867797"
"202300047818";"25";"05";"2023";"21:10";"2";"68";"68367";"2";"6";"1";"6";"Route de Colmar";"48,06377700";"7,47674900"
"202300047819";"11";"05";"2023";"15:25";"1";"76";"76580";"1";"1";"1";"7";"Rue du Bout d'Aval";"49,55487700";"1,16296300"
"202300047820";"5";"12";"2023";"08:40";"1";"94";"94021";"1";"1";"3";"5";"A6B";"48,76115867";"2,33989983"
"202300047821";"1";"04";"2023";"03:15";"5";"62";"62753";"2";"1";"3";"6";"D260";"50,29020249";"2,79938328"
"202300047822";"27";"08";"2023";"18:15";"1";"972";"97206";"1";"1";"1";"2";"Morne Blanc";"14,49657700";" -61,04607700"
"202300047823";"11";"05";"2023";"17:05";"1";"2B";"2B049";"1";"1";"1";"7";"RD151";"42,51412000";"8,84946000"
"202300047824";"2";"04";"2023";"17:50";"1";"61";"61001";"2";"9";"1";"3";"Rue Paul Claudel";"48,41638000";"0,09537000"
"202300047825";"5";"12";"2023";"08:20";"1";"78";"78090";"1";"1";"2";"2";"A13";"48,96944200";"1,91423400"
"202300047826";"19";"03";"2023";"01:05";"3";"59";"59437";"2";"1";"1";"6";"SECLIN RUE DE";"50,56596000";"3,02515000"
"202300047827";"12";"05";"2023";"15:45";"1";"32";"32107";"2";"1";"8";"3";"Route d?Agen";"43,95782300";"0,37794500"
"202300047828";"2";"04";"2023";"01:20";"5";"59";"59128";"2";"1";"2";"6";"POINCARE RUE";"50,64473000";"2,96692000"
"202300047829";"28";"08";"2023";"18:40";"1";"21";"21087";"1";"1";"1";"6";"Autoroute A6 pk 286.100";"47,10290800";"4,71683600"
"202300047830";"12";"05";"2023";"08:05";"1";"46";"46240";"1";"1";"8";"6";"PK3, RD 247";"44,81304200";"1,60372500"
"202300047831";"3";"12";"2023";"21:10";"3";"78";"78646";"1";"1";"1";"3";"RN12";"48,79326900";"2,08210100"
"202300047832";"2";"04";"2023";"05:55";"3";"51";"51573";"2";"1";"3";"6";"Rue Nicolas Appert";"49,23833000";"3,98359000"
"202300047833";"28";"08";"2023";"15:05";"1";"35";"35139";"1";"1";"1";"7";"RN137";"47,94845100";" -1,67816900"
"202300047834";"2";"04";"2023";"06:35";"5";"51";"51454";"2";"1";"2";"7";"rue Camille Lenoir";"49,26117000";"4,04161000"
"202300047835";"10";"05";"2023";"11:15";"1";"47";"47325";"2";"1";"1";"2";"D120";"44,36228212";"0,27197995"
"202300047836";"5";"12";"2023";"20:50";"3";"94";"94033";"1";"1";"1";"2";"A86";"48,85684395";"2,48790403"
"202300047837";"29";"08";"2023";"17:30";"1";"58";"58088";"1";"1";"1";"7";"A77";"47,01132300";"3,20296500"
"202300047838";"5";"12";"2023";"12:25";"1";"94";"94022";"1";"1";"2";"2";"A86";"48,77659469";"2,41691046"
"202300047839";"12";"05";"2023";"05:40";"2";"68";"68380";"2";"1";"1";"6";"04 rue de Lutter";"47,46244700";"7,40728000"
"202300047840";"31";"03";"2023";"15:40";"1";"47";"47031";"2";"2";"1";"5";"Avenue de Bigorre";"44,18520000";"0,63202000"
"202300047841";"4";"12";"2023";"20:30";"5";"94";"94073";"1";"1";"2";"6";"A86";"48,77195676";"2,39568914"
"202300047842";"2";"04";"2023";"19:30";"1";"38";"38318";"1";"1";"2";"6";"CARRA(CHEMIN DE LA)";"45,53891000";"4,93911000"
"202300047843";"10";"05";"2023";"12:30";"1";"39";"39284";"2";"1";"1";"6";"5 Chemin des Brûlés";"47,15445600";"5,60897100"
"202300047844";"4";"12";"2023";"12:40";"1";"94";"94028";"1";"1";"8";"6";"A86";"48,78949641";"2,44022264"
"202300047845";"26";"08";"2023";"16:30";"1";"87";"87038";"1";"3";"1";"2";"D125a1";"45,90715500";"1,25672800"
"202300047846";"2";"04";"2023";"20:50";"5";"37";"37261";"2";"3";"1";"3";"BONDONNIERE (RUE)";"47,38307000";"0,70496000"
"202300047847";"9";"08";"2023";"19:50";"1";"38";"38185";"2";"1";"1";"3";"AVENUE RHIN ET DANUBE";"45,17090000";"5,70497000"
"202300047848";"28";"04";"2023";"18:00";"1";"29";"29225";"2";"9";"1";"6";"2 Rue de Pont - l’Abbé";"47,95410300";" -4,35975700"
"202300047849";"2";"04";"2023";"17:30";"1";"27";"27375";"2";"1";"1";"3";"Rue des Pénitents";"49,21288300";"1,17225500"
"202300047850";"3";"12";"2023";"04:07";"5";"74";"74012";"2";"1";"8";"6";"LIVRON (ROUTE DE)";"46,18882000";"6,25068000"
"202300047851";"31";"03";"2023";"15:10";"1";"70";"70285";"1";"1";"2";"7";"D438";"47,58485000";"6,74740000"
"202300047852";"26";"09";"2023";"20:00";"3";"74";"74157";"1";"1";"1";"6";"route de bellevaux";"46,34274300";"6,53259500"
"202300047853";"8";"05";"2023";"23:00";"3";"58";"58005";"2";"9";"2";"1";"14 Le Bourg";"47,37665200";"3,57823300"
"202300047854";"2";"04";"2023";"11:40";"1";"25";"25056";"2";"9";"3";"3";"ROSES RUE DES";"47,26019000";"6,04516000"
"202300047855";"29";"08";"2023";"08:00";"1";"51";"51044";"1";"1";"1";"5";"D944";"49,17299200";"4,17137100"
"202300047856";"28";"09";"2023";"18:40";"1";"74";"74201";"2";"3";"1";"1";"Route de la Forge";"46,12185100";"6,11268700"
"202300047857";"12";"05";"2023";"08:50";"1";"58";"58180";"1";"1";"1";"7";"D520";"47,18578800";"4,04535400"
"202300047858";"2";"04";"2023";"20:20";"2";"14";"14715";"2";"1";"1";"7";"152 Boulevard Fernand Moureaux";"49,36502000";"0,08195000"
"202300047859";"29";"09";"2023";"16:45";"1";"74";"74282";"1";"1";"1";"2";"A41";"45,98698800";"6,12801100"
"202300047860";"12";"05";"2023";"15:00";"1";"58";"58309";"1";"1";"1";"7";"Le Foudon";"46,91747100";"3,99230700"
"202300047861";"29";"08";"2023";"16:45";"1";"56";"56251";"2";"1";"1";"1";"1 Rue du Golfe";"47,61775600";" -2,68278700"
"202300047862";"1";"04";"2023";"22:55";"3";"13";"13054";"2";"1";"1";"1";"D9 (BRETELLE)";"43,39843000";"5,19912000"
"202300047863";"26";"09";"2023";"13:00";"1";"74";"74082";"2";"9";"1";"3";"Route d'annecy";"46,14194300";"6,13867500"
"202300047864";"11";"05";"2023";"10:45";"1";"54";"54312";"1";"6";"1";"3";"D910";"48,93286500";"6,10792300"
"202300047865";"2";"04";"2023";"19:30";"2";"13";"13208";"2";"1";"1";"6";"PRADO (AVENUE DU)";"43,26860720";"5,38519554"
"202300047866";"29";"08";"2023";"12:40";"1";"59";"59130";"1";"1";"1";"1";"D300 PK4+600";"50,87850600";"2,22404500"
"202300047867";"2";"04";"2023";"17:56";"1";"13";"13212";"2";"1";"1";"3";"SAINT JULIEN (AVENUE DE )";"43,30648379";"5,42072742"
"202300047868";"12";"05";"2023";"17:26";"1";"72";"72331";"1";"1";"1";"6";"les Grilleries";"48,08226000";"0,58416000"
"202300047869";"19";"09";"2023";"20:30";"3";"74";"74243";"1";"3";"1";"3";"Route de saint-julien";"46,13118100";"6,04975500"
"202300047870";"2";"04";"2023";"04:00";"3";"13";"13204";"2";"1";"1";"6";"ALEX. FLEMING (BOULEVARD)";"43,31654757";"5,39588510"
"202300047871";"27";"08";"2023";"11:16";"1";"76";"76532";"1";"3";"1";"5";"D928";"49,61007000";"1,29572200"
"202300047872";"1";"09";"2023";"20:00";"5";"74";"74256";"2";"1";"1";"3";"Place de la grenette";"45,93538000";"6,62966400"
"202300047873";"1";"04";"2023";"04:55";"5";"09";"09225";"2";"1";"1";"6";"JEU DU MAIL AVENUE DU";"43,12238000";"1,60361000"
"202300047874";"10";"05";"2023";"20:42";"2";"05";"05170";"2";"1";"1";"1";"11 avenue de Provence";"44,45929300";"6,05151400"
"202300047875";"29";"08";"2023";"16:00";"1";"2A";"2A362";"2";"3";"1";"3";"T10 lieu dit molendino";"41,69545900";"9,33918400"
"202300047876";"2";"04";"2023";"19:05";"2";"06";"06088";"2";"1";"1";"3";"POMPIDOU (BD GEORGES)";"43,66637000";"7,20547000"
"202300047877";"4";"12";"2023";"10:35";"1";"988";"98818";"1";"4";"1";"2";"VE1/Echangeur Etrier-Kowekara";" -22,23318000";"166,45762000"
"202300047878";"28";"08";"2023";"19:55";"1";"63";"63285";"1";"1";"2";"1";"D941";"45,83755300";"2,85199300"
"202300047879";"2";"04";"2023";"16:35";"1";"06";"06088";"2";"1";"1";"1";"LANTERNE (AV. DE LA)";"43,68698000";"7,21236000"
"202300047880";"10";"05";"2023";"15:43";"1";"05";"05068";"1";"1";"1";"3";"D942, PK 41+800";"44,48543800";"6,10706800"
"202300047881";"28";"08";"2023";"10:00";"1";"42";"42248";"1";"1";"3";"6";"Route de l'Allier";"45,92549950";"3,82385072"
"202300047882";"5";"12";"2023";"07:56";"1";"988";"98818";"2";"3";"8";"4";"RUE GABRIEL LAROQUE/RUE GUSTAVE LODS";" -22,30083000";"166,45344000"
"202300047883";"2";"04";"2023";"10:10";"1";"06";"06088";"2";"2";"1";"3";"GAL (R. AUGUSTE)";"43,70140000";"7,28438000"
"202300047884";"11";"05";"2023";"17:30";"1";"10";"10323";"2";"1";"1";"6";"Rue du Docteur Roux";"48,50743000";"3,73265100"
"202300047885";"4";"12";"2023";"15:00";"1";"974";"97416";"1";"1";"1";"1";"BASSIN PLAT(CHEMIN)";" -21,34162000";"55,51211000"
"202300047886";"29";"08";"2023";"13:50";"1";"42";"42230";"1";"3";"1";"5";"Route de Roanne";"45,85841100";"4,03290500"
"202300047887";"2";"04";"2023";"12:00";"1";"04";"04070";"1";"1";"1";"6";"BARLES (ROUTE DE)";"44,13083000";"6,23763000"
"202300047888";"11";"05";"2023";"20:30";"2";"21";"21447";"1";"1";"8";"7";"D981";"47,16559000";"4,51009300"
"202300047889";"28";"08";"2023";"21:15";"3";"34";"34051";"1";"1";"1";"1";"ROUTE DE CLERMONT L HERAULT - D2";"43,60388900";"3,47967800"
"202300047890";"4";"12";"2023";"12:50";"1";"974";"97416";"1";"6";"1";"1";"RN 01";" -21,31139000";"55,43583000"
"202300047891";"30";"03";"2023";"23:15";"3";"27";"27681";"2";"1";"3";"6";"BRIQUETERIE (RUE DE LA)";"49,07000000";"1,48000000"
"202300047892";"4";"12";"2023";"08:20";"1";"974";"97416";"2";"1";"1";"7";"DELISLES (ROUTE HUBERT) CD3";" -21,34362000";"55,46954000"
"202300047893";"28";"08";"2023";"18:30";"1";"34";"34300";"1";"1";"1";"7";"Rue du Chemin Creux";"43,42727800";"3,31475400"
"202300047894";"31";"03";"2023";"17:15";"1";"974";"97416";"2";"3";"1";"3";"PIERSON (RUE BLANCHE)";" -21,33000000";"55,48000000"
"202300047895";"1";"05";"2023";"11:25";"1";"21";"21243";"2";"1";"1";"7";"D33";"47,08404400";"4,62360800"
"202300047896";"4";"12";"2023";"09:20";"1";"974";"97411";"1";"2";"1";"3";"LANCASTEL (BOULEVARD)";" -20,87503000";"55,45405000"
"202300047897";"24";"08";"2023";"00:25";"3";"39";"39217";"1";"1";"1";"6";"N/A";"46,70298600";"5,53730600"
"202300047898";"7";"05";"2023";"19:30";"1";"40";"40080";"1";"1";"1";"7";"Avenue de Bordeaux";"43,74533200";" -0,27001800"
"202300047899";"1";"04";"2023";"09:00";"1";"974";"97409";"2";"3";"1";"3";"DE LA GARE(RUE)";" -20,95892000";"55,65246000"
"202300047900";"28";"08";"2023";"14:45";"1";"15";"15236";"1";"1";"2";"1";"RN 122";"45,01123700";"2,67253700"
"202300047901";"1";"04";"2023";"18:15";"2";"973";"97302";"2";"2";"1";"6";"PREVOT (ERNEST)";"4,93165000";" -52,33252000"
"202300047902";"11";"05";"2023";"19:55";"1";"30";"30123";"2";"1";"1";"7";"D742";"43,72030000";"4,17964400"
"202300047903";"4";"12";"2023";"11:00";"1";"973";"97302";"2";"1";"1";"3";"BADUEL (ROUTE DE)";"4,93841300";" -52,31706262"
"202300047904";"28";"08";"2023";"18:00";"1";"72";"72320";"1";"6";"1";"3";"D 338";"48,06789900";"0,16947300"
"202300047905";"1";"04";"2023";"18:30";"2";"973";"97302";"2";"2";"1";"3";"BRASSE (LIEUTENANT)";"4,93642000";" -52,33248000"
"202300047906";"4";"12";"2023";"16:30";"2";"69";"69387";"2";"2";"1";"6";"Cours Gambetta";"45,74968000";"4,85940000"
"202300047907";"29";"08";"2023";"12:10";"1";"06";"06068";"1";"1";"1";"7";"D3";"43,70362700";"6,96921400"
"202300047908";"1";"04";"2023";"21:50";"5";"69";"69383";"2";"1";"2";"7";"Cours Lafayette";"45,76364587";"4,86098498"
"202300047909";"12";"05";"2023";"16:30";"1";"45";"45040";"1";"1";"1";"2";"A77 PR 79 + 357";"47,58318400";"2,86078000"
"202300047910";"25";"11";"2023";"05:15";"5";"971";"97113";"2";"1";"1";"6";"RN4 - SECTION RIVIERA";"16,21758662";" -61,49380445"
"202300047911";"1";"04";"2023";"22:20";"5";"69";"69386";"2";"2";"2";"3";"Rue Boileau";"45,77111000";"4,84863000"
"202300047912";"29";"08";"2023";"15:10";"1";"09";"09283";"1";"1";"1";"5";"Route Nationale 20";"42,72451400";"1,81952500"
"202300047913";"12";"05";"2023";"17:38";"1";"13";"13051";"2";"2";"2";"3";"D113";"43,58894700";"5,11924300"
"202300047914";"28";"08";"2023";"18:00";"1";"73";"73300";"1";"1";"2";"6";"D1201 - 339 Boulevard jean charcot";"45,65955600";"5,89474400"
"202300047915";"10";"05";"2023";"22:50";"3";"33";"33502";"1";"1";"1";"6";"Autoroute A10 PK 507.810";"45,17436800";" -0,48460000"
"202300047916";"4";"12";"2023";"18:25";"5";"91";"91514";"2";"1";"3";"6";"RUE DE BRUNOY";"48,67638000";"2,53059000"
"202300047917";"29";"08";"2023";"00:50";"3";"18";"18075";"2";"6";"1";"6";"2 Grande Rue";"47,02462800";"3,03132000"
"202300047918";"2";"12";"2023";"18:34";"5";"87";"87085";"2";"2";"1";"5";"LANDOUGE (AVENUE DE)";"45,84277000";"1,19578000"
"202300047919";"5";"05";"2023";"23:50";"3";"39";"39448";"1";"1";"1";"6";"N/A";"47,00973800";"5,47747200"
"202300047920";"29";"08";"2023";"14:45";"1";"10";"10055";"1";"1";"1";"3";"D671";"48,12568200";"4,36221600"
"202300047921";"1";"12";"2023";"12:17";"1";"86";"86194";"2";"1";"1";"6";"Avenue du Recteur Pineau";"46,56811000";"0,38684000"
"202300047922";"29";"08";"2023";"17:10";"1";"85";"85029";"2";"1";"1";"3";"5 Rue du pays de monts";"46,97197600";" -1,99789400"
"202300047923";"4";"12";"2023";"21:18";"5";"85";"85191";"2";"1";"1";"1";"D763";"46,69087000";" -1,42991000"
"202300047924";"16";"08";"2023";"15:00";"1";"85";"85291";"1";"1";"7";"6";"RD60";"46,63012000";" -1,23313500"
"202300047925";"17";"02";"2023";"16:00";"1";"15";"15014";"2";"1";"1";"6";"CARMES (RUE DES)";"44,92751000";"2,44370000"
"202300047926";"28";"08";"2023";"14:14";"1";"85";"85023";"1";"3";"1";"7";"1 Rue du gué";"46,53499000";" -1,14580300"
"202300047927";"18";"02";"2023";"03:50";"5";"14";"14118";"2";"1";"1";"1";"Viaduc de la Cavée";"49,16947900";" -0,36558300"
"202300047928";"1";"08";"2023";"15:13";"1";"17";"17261";"1";"1";"1";"7";"D939";"45,81202500";" -0,15324000"
"202300047929";"3";"12";"2023";"18:50";"5";"83";"83137";"2";"1";"1";"4";"NICOLAS (BD COMMANDANT)";"43,12913000";"5,92914000"
"202300047930";"18";"02";"2023";"10:05";"1";"13";"13213";"2";"9";"1";"1";"JEAN PAUL SARTRE (AVENUE)";"43,32445562";"5,42170100"
"202300047931";"17";"02";"2023";"18:00";"2";"13";"13203";"2";"4";"1";"6";"GUIGOU (BOULEVARD)";"43,31497000";"5,39010000"
"202300047932";"8";"08";"2023";"19:00";"1";"17";"17410";"1";"2";"1";"3";"D147";"45,39528200";" -0,66045100"
"202300047933";"29";"11";"2023";"08:45";"1";"80";"80021";"2";"2";"2";"3";"MARCHE LANSELLES (RUE DU )";"49,89613000";"2,29712000"
"202300047934";"18";"02";"2023";"04:55";"4";"75";"75108";"2";"3";"1";"3";"AVENUE DES CHAMPS ELYSEES";"48,87146800";"2,30241200"
"202300047935";"27";"08";"2023";"16:36";"1";"23";"23024";"1";"1";"1";"6";"D17";"45,96693200";"2,10562000"