"Num_Acc";"jour";"mois";"an";"hrmn";"lum";"dep";"com";"agg";"int";"atm";"col";"adr";"lat";"long"
"202300047936";"1";"12";"2023";"09:50";"1";"80";"80021";"2";"1";"1";"6";"GENERAL LECLERC (RUE DU )";"49,89670000";"2,29440000"
"202300047937";"29";"08";"2023";"14:25";"1";"87";"87126";"2";"7";"1";"6";"Place Marquet";"45,82454700";"0,82071300"
"202300047938";"18";"02";"2023";"17:50";"1";"75";"75114";"2";"1";"1";"3";"PORTE DE CHATILLON";"48,82164800";"2,31788700"
"202300047939";"27";"08";"2023";"02:00";"3";"68";"68122";"2";"9";"1";"7";"Route de Bollwiller";"47,86011000";"7,21948700"
"202300047940";"29";"11";"2023";"12:33";"1";"80";"80021";"2";"1";"2";"6";"LAMARCK (RUE)";"49,89168000";"2,29926000"
"202300047941";"29";"08";"2023";"06:50";"2";"02";"02559";"1";"1";"1";"2";"N/A";"49,68455800";"3,48590600"
"202300047942";"18";"02";"2023";"19:30";"5";"75";"75118";"2";"2";"1";"6";"RUE DE CLIGNANCOURT";"48,88840300";"2,34801200"
"202300047943";"28";"08";"2023";"15:27";"1";"53";"53228";"1";"1";"1";"3";"A81 PK 218+500";"48,04836600";" -0,40102200"
"202300047944";"18";"02";"2023";"07:10";"2";"75";"75117";"2";"4";"1";"3";"AVENUE DES TERNES";"48,87929400";"2,29145200"
"202300047945";"4";"12";"2023";"16:20";"1";"77";"77445";"1";"1";"3";"1";"D346";"48,56844500";"2,58882100"
"202300047946";"24";"08";"2023";"17:35";"1";"11";"11262";"1";"1";"1";"3";"A61";"43,15333600";"2,96366900"
"202300047947";"18";"02";"2023";"19:30";"5";"75";"75116";"2";"7";"1";"3";"RUE SINGER";"48,85617500";"2,27789400"
"202300047948";"4";"12";"2023";"15:25";"1";"77";"77111";"2";"3";"3";"3";"BD DU GRAND FOSSE";"48,85788000";"2,76808300"
"202300047949";"28";"08";"2023";"14:30";"1";"973";"97311";"2";"1";"1";"3";"Rue Joseph Symphorien";"5,49657400";" -54,02989300"
"202300047950";"18";"02";"2023";"11:30";"1";"75";"75116";"2";"4";"1";"2";"ROUTE DES TRIBUNES";"48,85292300";"2,22999800"
"202300047951";"29";"08";"2023";"06:50";"2";"41";"41220";"1";"1";"1";"2";"D951";"47,73002900";"1,64086800"
"202300047952";"4";"12";"2023";"10:40";"1";"76";"76351";"2";"3";"2";"4";"BIGNE A FOSSE";"49,52657000";"0,11019000"
"202300047953";"18";"02";"2023";"10:40";"1";"75";"75116";"2";"3";"1";"3";"AVENUE VICTOR HUGO";"48,87080700";"2,28806600"
"202300047954";"1";"12";"2023";"14:15";"1";"76";"76351";"2";"3";"1";"3";"Avenue Pablo Picasso";"49,50424000";"0,16614000"
"202300047955";"28";"08";"2023";"08:15";"1";"34";"34327";"1";"3";"1";"3";"Route de Sommieres";"43,66375100";"3,96914900"
"202300047956";"17";"02";"2023";"09:30";"1";"75";"75115";"2";"1";"1";"3";"RUE DE LA PROCESSION";"48,83668700";"2,30953000"
"202300047957";"3";"12";"2023";"16:30";"2";"76";"76351";"2";"4";"1";"3";"JULES DELAMARE";"49,49200000";"0,16142000"
"202300047958";"28";"08";"2023";"14:45";"1";"63";"63417";"1";"1";"2";"6";"D 450";"45,83721600";"3,04889900"
"202300047959";"17";"02";"2023";"09:30";"1";"75";"75115";"2";"2";"1";"3";"RUE PAUL BARRUEL";"48,83735000";"2,30599100"
"202300047960";"28";"08";"2023";"07:30";"1";"42";"42129";"1";"1";"2";"7";"Chemin de Paraveyre";"45,36491160";"4,69311275"
"202300047961";"4";"12";"2023";"12:40";"1";"71";"71153";"2";"3";"8";"3";"REPUBLIQUE (AVENUE DE LA)";"46,79849000";"4,44697000"
"202300047962";"25";"08";"2023";"11:45";"1";"26";"26220";"2";"1";"1";"6";"Super U (Supermarché)";"44,35603900";"5,12686500"
"202300047963";"17";"02";"2023";"17:25";"1";"75";"75111";"2";"1";"1";"5";"RUE DE MONTREUIL";"48,85115200";"2,39748300"
"202300047964";"28";"08";"2023";"08:22";"1";"69";"69157";"1";"1";"1";"7";"Route Nationale 7";"45,87229600";"4,48871400"
"202300047965";"4";"12";"2023";"07:30";"2";"69";"69276";"2";"3";"8";"6";"Route de Vienne";"45,66598000";"4,85849000"
"202300047966";"17";"02";"2023";"16:41";"1";"75";"75109";"2";"5";"8";"3";"BOULEVARD HAUSSMANN";"48,87294700";"2,33326200"
"202300047967";"22";"08";"2023";"08:30";"1";"81";"81283";"1";"2";"1";"3";"D6";"43,94729808";"1,98511080"
"202300047968";"4";"12";"2023";"11:10";"1";"67";"67180";"1";"1";"4";"7";"RD263";"48,86500500";"7,82514400"
"202300047969";"18";"02";"2023";"05:20";"5";"75";"75107";"2";"3";"1";"7";"QUAI BRANLY";"48,85900500";"2,29339600"
"202300047970";"29";"08";"2023";"10:30";"1";"17";"17058";"1";"1";"8";"2";"D26";"45,84585900";" -1,16381000"
"202300047971";"2";"12";"2023";"14:45";"1";"66";"66136";"2";"1";"1";"6";"Avenue d'ESPAGNE";"42,67899131";"2,89197117"
"202300047972";"18";"02";"2023";"23:00";"5";"75";"75107";"2";"1";"1";"7";"AVENUE JOSEPH BOUVARD";"48,85688400";"2,29882300"
"202300047973";"3";"12";"2023";"17:15";"2";"64";"64102";"2";"1";"1";"2";"SABALCE (CHEMIN DE)";"43,49147000";" -1,49094000"
"202300047974";"28";"08";"2023";"20:10";"1";"85";"85236";"2";"3";"1";"1";"Rue du fief";"46,64106500";" -1,71849700"
"202300047975";"4";"12";"2023";"19:30";"5";"61";"61001";"2";"1";"3";"6";"VC";"48,41866000";"0,09728000"
"202300047976";"18";"02";"2023";"19:20";"3";"94";"94081";"2";"1";"1";"3";"Av du President Salvador Allende";"48,79592825";"2,41161919"
"202300047977";"29";"08";"2023";"17:40";"1";"85";"85302";"2";"1";"1";"3";"VC Rue du boisniard";"46,92505100";" -0,95840800"
"202300047978";"4";"12";"2023";"10:20";"1";"51";"51454";"2";"2";"2";"3";"GAMBETTA (RUE) DU N°1 AU 57 ET DU N° 2 A";"49,24669000";"4,03908000"
"202300047979";"17";"02";"2023";"06:45";"5";"94";"94074";"2";"1";"2";"6";"Rue des Ecoles";"48,74457736";"2,47020024"
"202300047980";"4";"12";"2023";"07:42";"2";"51";"51573";"2";"1";"2";"6";"MONT SAINT PIERRE (RUE DU)";"49,25130000";"3,98838000"
"202300047981";"18";"02";"2023";"14:00";"1";"94";"94068";"2";"1";"1";"6";"Avenue Pierre Semard";"48,80606000";"2,51065000"
"202300047982";"29";"08";"2023";"07:15";"1";"50";"50041";"1";"1";"1";"5";"D901";"49,64100400";" -1,73965900"
"202300047983";"17";"02";"2023";"23:25";"5";"94";"94076";"2";"2";"1";"2";"Bd Paul Vaillant Couturier";"48,79447369";"2,35828525"
"202300047984";"20";"08";"2023";"15:10";"1";"22";"22225";"1";"1";"1";"7";"Pont Guialou";"48,51443700";" -3,13081400"
"202300047985";"2";"12";"2023";"17:50";"5";"50";"50129";"2";"3";"1";"3";"LECLERC (RUE DU GENERAL)";"49,64010000";" -1,60002000"
"202300047986";"29";"08";"2023";"17:00";"1";"76";"76475";"2";"1";"1";"3";"Route de Paris";"49,39623900";"1,18200100"
"202300047987";"18";"08";"2023";"22:30";"5";"69";"69389";"1";"9";"1";"6";"Boulevard Périphérique Nord";"45,78046388";"4,79782777"
"202300047988";"4";"12";"2023";"18:50";"5";"44";"44109";"2";"3";"1";"1";"158 Boulevard des Anglais";"47,22406000";" -1,58452000"
"202300047989";"18";"02";"2023";"22:00";"3";"94";"94075";"2";"3";"1";"3";"Av du Mal de Lattre de Tassigny / Rue Jean Cavaillés";"48,73132000";"2,52360000"
"202300047990";"27";"08";"2023";"06:45";"2";"33";"33013";"1";"1";"2";"6";"ROUTE NATIONALE 230";"44,86129000";" -0,50394000"
"202300047991";"18";"02";"2023";"21:15";"5";"92";"92046";"2";"2";"1";"7";"PIERRE LAROUSSE (AVENUE)";"48,82349770";"2,30283871"
"202300047992";"7";"11";"2023";"09:50";"1";"43";"43251";"2";"3";"1";"3";"Avenue de Vals";"45,03550000";"3,88121000"
"202300047993";"28";"08";"2023";"08:40";"1";"92";"92025";"1";"1";"1";"3";"A86";"48,93174386";"2,24616936"
"202300047994";"18";"02";"2023";"19:45";"5";"92";"92035";"2";"2";"1";"7";"National ( boulevard )";"48,90853548";"2,23731235"
"202300047995";"27";"08";"2023";"20:45";"3";"78";"78043";"1";"1";"1";"6";"A12 W";"48,83662400";"2,08953100"
"202300047996";"18";"02";"2023";"23:06";"5";"92";"92026";"2";"1";"1";"6";"BEZONS (DE 23 A FIN)";"48,89481613";"2,25051445"
"202300047997";"27";"08";"2023";"07:40";"1";"78";"78217";"1";"1";"1";"6";"A13";"48,96374200";"1,82813200"
"202300047998";"17";"02";"2023";"21:50";"5";"92";"92025";"2";"2";"1";"3";"ESTIENNE D'ORVES (RUE)";"48,91325800";"2,24066400"
"202300047999";"27";"08";"2023";"23:00";"5";"976";"97611";"2";"1";"1";"3";"kaweni-SPPM ( rue de la )";" -12,76816000";"45,22438000"
"202300048000";"18";"02";"2023";"12:45";"1";"24";"24463";"1";"1";"1";"6";"Lieu dit les  fourches";"45,34705600";"1,08593000"
"202300048001";"27";"08";"2023";"19:16";"3";"973";"97302";"2";"1";"1";"3";"ZEPHIR (ROCADE)";"4,93400000";" -52,30900000"
"202300048002";"17";"02";"2023";"18:35";"2";"49";"49220";"1";"2";"1";"3";"Route Départementale 52 Lieu Dit La Chevrie";"47,71502400";" -0,42080600"
"202300048003";"18";"02";"2023";"20:30";"3";"81";"81139";"1";"1";"1";"6";"D92";"43,73270137";"2,15618201"
"202300048004";"4";"12";"2023";"09:15";"1";"37";"37233";"2";"2";"2";"3";"BALZAC (RUE HONORE DE)";"47,38830000";"0,71814000"
"202300048005";"18";"02";"2023";"20:45";"3";"972";"97202";"2";"4";"2";"7";"D7";"14,48861900";" -61,05616500"
"202300048006";"27";"08";"2023";"15:00";"1";"69";"69383";"2";"1";"1";"1";"Rue Professeur Paul Sisley";"45,74960000";"4,86840000"
"202300048007";"4";"12";"2023";"03:40";"5";"37";"37233";"2";"1";"3";"6";"CACHIN (RUE MARCEL)";"47,39654000";"0,72905000"
"202300048008";"27";"08";"2023";"17:30";"1";"972";"97213";"1";"6";"1";"3";"MANGOT VULCIN (ROND POINT)";"14,62350000";" -60,98875000"
"202300048009";"19";"02";"2023";"18:20";"3";"88";"88089";"2";"3";"1";"3";"326 rue des Fusillés";"48,18772000";"6,78539900"
"202300048010";"4";"12";"2023";"17:20";"4";"35";"35238";"2";"3";"2";"6";"ROPARTZ (GUY)";"48,13121000";" -1,65651000"
"202300048011";"27";"08";"2023";"22:14";"5";"2A";"2A004";"2";"1";"3";"3";"NAPOLEON COURS AVANT BEVERINI";"41,92815901";"8,73855248"
"202300048012";"4";"12";"2023";"10:30";"1";"35";"35055";"1";"1";"3";"7";"RD 463";"48,07959000";" -1,60133000"
"202300048013";"17";"02";"2023";"10:30";"1";"26";"26295";"1";"2";"1";"3";"Rue de la Vallée";"45,17465600";"4,86122500"
"202300048014";"27";"08";"2023";"20:37";"5";"2A";"2A004";"2";"1";"2";"6";"GIUSTI ET MONDOLONI ANDRE ET JULESI ALLE";"41,90923600";"8,71196300"
"202300048015";"3";"12";"2023";"19:40";"3";"34";"34198";"1";"1";"1";"6";"D66  VOIE RAPIDE";"43,57339000";"3,95368000"
"202300048016";"19";"02";"2023";"00:10";"3";"42";"42036";"1";"1";"1";"6";"Val de la Dureze";"45,53584400";"4,54625800"
"202300048017";"26";"08";"2023";"14:45";"1";"95";"95572";"2";"1";"1";"6";"D922";"49,05289000";"2,11686000"
"202300048018";"19";"02";"2023";"01:42";"3";"60";"60430";"1";"1";"2";"7";"D163";"49,30307600";"2,92828600"
"202300048019";"27";"08";"2023";"11:54";"1";"85";"85191";"1";"1";"1";"7";"RD160";"46,68437390";" -1,41088380"
"202300048020";"3";"12";"2023";"02:40";"5";"34";"34172";"2";"1";"1";"7";"SARRAIL (BOULEVARD)";"43,61240000";"3,88095000"
"202300048021";"4";"12";"2023";"09:04";"1";"32";"32013";"2";"1";"1";"7";"BARON (CHEMIN DE)";"43,65126000";"0,57972000"
"202300048022";"27";"08";"2023";"12:00";"1";"79";"79081";"1";"1";"1";"1";"N/A";"46,35070100";" -0,40830000"
"202300048023";"19";"02";"2023";"16:15";"1";"44";"44194";"1";"1";"1";"3";"";"47,25638000";" -1,68722000"
"202300048024";"18";"02";"2023";"10:45";"1";"34";"34196";"1";"1";"1";"6";"A75";"43,80358600";"3,32550100"
"202300048025";"19";"02";"2023";"03:00";"3";"30";"30334";"1";"1";"1";"6";"Route de Bagnols-sur-Cèze";"44,02115000";"4,43933500"
"202300048026";"27";"08";"2023";"11:00";"1";"77";"77108";"2";"1";"1";"5";"AV DU MARECHAL FOCH";"48,86624900";"2,56932800"
"202300048027";"4";"12";"2023";"11:15";"1";"31";"31555";"2";"3";"1";"3";"NARBONNE (ROUTE DE)";"43,56473850";"1,46009535"
"202300048028";"18";"02";"2023";"05:30";"3";"62";"62029";"1";"1";"6";"6";"D341";"50,53618700";"2,40027400"
"202300048029";"27";"08";"2023";"19:45";"1";"77";"77379";"2";"4";"2";"6";"VILLECRAN (CHEMIN DE)";"48,55953000";"3,27740900"
"202300048030";"18";"02";"2023";"19:30";"5";"56";"56067";"2";"1";"1";"6";"Rue de la Poste";"47,75797100";" -2,84288900"
"202300048031";"4";"12";"2023";"09:48";"1";"31";"31555";"2";"1";"1";"2";"AV LOUIS BAZERQUE";"43,57285667";"1,39399767"
"202300048032";"19";"02";"2023";"03:15";"3";"76";"76348";"1";"1";"2";"6";"D110";"49,69283500";"0,75200300"
"202300048033";"27";"08";"2023";"14:45";"1";"77";"77335";"1";"2";"1";"3";"RD140 (ROUTE DEPARTEMENTALE)";"48,96981000";"2,82979000"
"202300048034";"19";"02";"2023";"06:40";"2";"79";"79241";"1";"1";"2";"7";"";"46,45805600";" -0,37810000"
"202300048035";"27";"08";"2023";"16:50";"1";"69";"69276";"2";"1";"1";"1";"Route Départementale 312           ";"45,67844000";"4,85052000"
"202300048036";"19";"02";"2023";"16:45";"1";"82";"82054";"1";"1";"1";"6";"route de l'îlot";"44,07893800";"0,90253100"
"202300048037";"18";"02";"2023";"17:00";"1";"71";"71204";"1";"1";"1";"1";"D906";"46,84362200";"4,81252900"
"202300048038";"4";"12";"2023";"18:55";"5";"27";"27701";"2";"2";"2";"6";"PARC (CH. DU) RTE DE SEINE A FALAISES";"49,27284000";"1,21176000"
"202300048039";"19";"02";"2023";"11:30";"1";"71";"71079";"1";"1";"2";"6";"Pré Loisy";"46,49641300";"5,34568500"
"202300048040";"27";"08";"2023";"18:00";"1";"69";"69259";"2";"2";"1";"3";"Rue Carnot";"45,70378000";"4,88004000"
"202300048041";"19";"02";"2023";"19:00";"3";"63";"63447";"1";"1";"1";"2";"D80";"46,02452100";"2,63246300"
"202300048042";"27";"08";"2023";"10:45";"1";"67";"67447";"2";"1";"8";"3";"BARRAGE (RUE DU)";"48,60406099";"7,75072038"
"202300048043";"4";"12";"2023";"07:50";"3";"26";"26198";"1";"1";"2";"1";"Route du Teil";"44,54176175";"4,73062277"
"202300048044";"27";"01";"2023";"14:45";"1";"41";"41267";"1";"1";"1";"7";"La Guillotiere";"47,38572600";"1,13826500"
"202300048045";"4";"12";"2023";"21:10";"5";"13";"13211";"2";"1";"1";"2";"SAINT MENET (AVENUE DE)";"43,29065570";"5,48883890"
"202300048046";"25";"08";"2023";"13:10";"1";"59";"59183";"2";"1";"1";"3";"PARIS";"51,02965000";"2,37341000"
"202300048047";"18";"02";"2023";"16:30";"1";"68";"68205";"1";"1";"1";"3";"D 201";"47,91796700";"7,35741200"
"202300048048";"27";"08";"2023";"03:35";"3";"59";"59183";"2";"9";"1";"6";"DARSES - CHAUSSEE";"51,03876000";"2,32538000"
"202300048049";"4";"12";"2023";"19:50";"5";"13";"13203";"2";"1";"1";"2";"CASSIN (RUE)";"43,31601000";"5,37322000"
"202300048050";"19";"02";"2023";"16:30";"1";"22";"22256";"1";"1";"1";"1";"Kerbourbon";"48,71466600";" -3,09166400"
"202300048051";"27";"08";"2023";"17:30";"1";"47";"47323";"1";"1";"1";"1";"ROUTE NATIONALE 21";"44,39339000";"0,73792000"
"202300048052";"18";"02";"2023";"15:00";"1";"84";"84020";"1";"1";"1";"6";"D3";"43,84440000";"5,31190900"
"202300048053";"3";"12";"2023";"19:30";"5";"13";"13208";"2";"1";"1";"3";"PRADO (AVENUE DU)";"43,27126000";"5,38915000"
"202300048054";"18";"02";"2023";"15:14";"1";"15";"15087";"1";"1";"1";"7";"D20";"44,79532800";"2,41214300"
"202300048055";"4";"12";"2023";"20:35";"3";"13";"13063";"1";"1";"8";"5";"D.16";"43,58372000";"5,03489000"
"202300048056";"27";"08";"2023";"16:50";"1";"35";"35238";"2";"2";"1";"3";"PRE BOTTE (DU)";"48,10935000";" -1,67783000"
"202300048057";"4";"12";"2023";"15:10";"1";"11";"11069";"2";"1";"2";"2";"ROCADE SUD RD 6161";"43,20246000";"2,31515000"
"202300048058";"17";"02";"2023";"22:00";"3";"26";"26166";"2";"3";"1";"3";"boulevard frederic mistral";"44,75663240";"4,82322321"
"202300048059";"27";"08";"2023";"11:33";"1";"35";"35238";"2";"2";"1";"3";"ALMA (DE L')";"48,10346000";" -1,67680000"
"202300048060";"19";"02";"2023";"02:05";"3";"66";"66150";"1";"1";"1";"6";"";"42,40563400";"2,49934700"
"202300048061";"4";"12";"2023";"18:30";"5";"06";"06069";"2";"1";"2";"6";"MISTRAL (AVENUE ET PLACE FREDERIC)";"43,64159200";"6,91180410"
"202300048062";"27";"08";"2023";"23:58";"4";"34";"34129";"2";"1";"1";"1";"Avenue de l’Europe";"43,57022000";"3,89989000"
"202300048063";"19";"02";"2023";"12:00";"1";"06";"06094";"2";"3";"1";"6";"Rue Jean Mineur";"44,09660800";"6,92923900"
"202300048064";"4";"12";"2023";"18:20";"5";"06";"06123";"2";"1";"3";"4";"BORD DE MER RN 98";"43,65716000";"7,18148000"
"202300048065";"26";"08";"2023";"15:40";"1";"33";"33167";"2";"3";"1";"3";"Avenue de la Libération";"44,83895000";" -0,53129000"
"202300048066";"18";"02";"2023";"23:45";"5";"73";"73236";"1";"1";"1";"1";"D916A - Route de pont de beauvoisin";"45,59609600";"5,63604200"
"202300048067";"27";"08";"2023";"20:15";"2";"33";"33529";"2";"1";"2";"6";"ROSTAND (RUE EDMOND)";"44,63638000";" -1,14797000"
"202300048068";"4";"12";"2023";"18:20";"5";"75";"75114";"2";"1";"2";"2";"BD PERIPHERIQUE INTERIEUR";"48,82092700";"2,32182800"
"202300048069";"14";"02";"2023";"18:35";"3";"10";"10048";"1";"3";"1";"7";"route départementale 44";"48,18297000";"4,63250200"
"202300048070";"26";"08";"2023";"19:20";"1";"22";"22113";"1";"9";"1";"7";"LE LAUNAY (LIEU-DIT LE)(BRELEVENEZ)";"48,75299000";" -3,43071000"
"202300048071";"4";"12";"2023";"05:46";"5";"75";"75106";"2";"3";"2";"6";"RUE DE L ANCIENNE COMEDIE";"48,85246900";"2,33876400"
"202300048072";"26";"08";"2023";"08:45";"1";"15";"15014";"1";"1";"2";"7";"RN 122 ( LA SABLIERE)";"44,89922000";"2,41562000"
"202300048073";"18";"02";"2023";"19:40";"3";"36";"36120";"1";"1";"1";"6";"";"46,69339159";"1,89085032"
"202300048074";"3";"12";"2023";"19:25";"5";"75";"75105";"2";"2";"1";"3";"QUAI SAINT BERNARD";"48,84940700";"2,35640700"
"202300048075";"27";"08";"2023";"12:10";"1";"13";"13117";"1";"1";"2";"3";"LA BASTIDE BLANCHE CD 9";"43,42742000";"5,26622000"
"202300048076";"18";"02";"2023";"22:00";"3";"17";"17168";"2";"1";"1";"1";"Route de Rochefort";"45,98908100";" -1,07088500"
"202300048077";"4";"12";"2023";"20:55";"5";"75";"75116";"2";"3";"2";"2";"AVENUE DE NEW YORK";"48,86301800";"2,29519900"
"202300048078";"26";"08";"2023";"04:41";"5";"13";"13039";"2";"1";"2";"6";"GUIGONNET (rond-point du)";"43,45084000";"4,93582000"
"202300048079";"4";"12";"2023";"11:50";"1";"75";"75116";"2";"3";"1";"3";"PLACE TATTEGRAIN";"48,86394100";"2,27240500"
"202300048080";"15";"02";"2023";"18:00";"5";"987";"98734";"1";"9";"1";"3";"PK 39.200 RT1";" -17,71200000";" -149,50800000"
"202300048081";"27";"08";"2023";"16:10";"1";"13";"13213";"2";"1";"2";"5";"OLIVES (AVENUE DES)";"43,32444000";"5,44309000"
"202300048082";"4";"12";"2023";"17:25";"5";"75";"75115";"2";"3";"3";"6";"RUE DE LOURMEL";"48,84377500";"2,28637900"
"202300048083";"19";"02";"2023";"07:00";"3";"33";"33284";"1";"1";"5";"6";"A63";"44,67184729";" -0,80738783"
"202300048084";"18";"02";"2023";"06:15";"3";"33";"33199";"1";"1";"1";"2";"";"44,61430100";" -1,07911200"
"202300048085";"27";"08";"2023";"19:52";"2";"06";"06088";"2";"1";"2";"5";"LEON-BERTRAND (R.)";"43,67418000";"7,22427000"
"202300048086";"4";"12";"2023";"08:54";"1";"75";"75113";"2";"7";"3";"3";"AVENUE D ITALIE";"48,83092700";"2,35596200"
"202300048087";"18";"02";"2023";"17:25";"1";"34";"34032";"1";"1";"1";"6";"A75 ";"43,36250100";"3,27482900"
"202300048088";"26";"08";"2023";"23:53";"4";"06";"06088";"2";"1";"2";"2";"MONTEL (BD PAUL)";"43,67763000";"7,20533000"
"202300048089";"27";"08";"2023";"08:45";"1";"06";"06069";"1";"1";"3";"7";"DRAGUIGNAN (ROUTE DE) - D2562-";"43,64524400";"6,89501200"
"202300048090";"4";"12";"2023";"08:53";"1";"75";"75113";"2";"1";"2";"1";"QUAI PANHARD ET LEVASSOR";"48,82855000";"2,38439400"
"202300048091";"18";"02";"2023";"16:00";"1";"26";"26339";"1";"9";"1";"4";"A7";"44,58495560";"4,80319262"
"202300048092";"26";"08";"2023";"08:30";"1";"04";"04070";"2";"6";"1";"6";"INSURGES 1851(RD POINT)";"44,08953000";"6,22816000"
"202300048093";"4";"12";"2023";"21:05";"5";"75";"75111";"2";"3";"2";"6";"RUE DE LA ROQUETTE";"48,85677200";"2,37786300"
"202300048094";"27";"08";"2023";"13:30";"1";"75";"75119";"2";"3";"1";"2";"AVENUE CORENTIN CARIOU";"48,89514200";"2,38272200"
"202300048095";"18";"02";"2023";"13:10";"1";"84";"84016";"1";"1";"1";"2";"PK182.000 - A7";"44,03765237";"4,88392356"
"202300048096";"19";"02";"2023";"14:30";"1";"988";"98825";"1";"1";"1";"6";"RT1";" -21,17744900";"164,87560300"
"202300048097";"27";"08";"2023";"14:30";"1";"75";"75118";"2";"4";"1";"6";"RUE JOSEPH DE MAISTRE";"48,88882100";"2,33174500"
"202300048098";"4";"12";"2023";"19:12";"5";"75";"75111";"2";"2";"2";"6";"AVENUE DE LA REPUBLIQUE";"48,86461100";"2,37798700"
"202300048099";"27";"08";"2023";"12:30";"1";"75";"75115";"2";"1";"1";"6";"AVENUE DE LA PORTE DE SEVRES";"48,83515900";"2,27785500"
"202300048100";"14";"02";"2023";"14:25";"1";"971";"97116";"1";"9";"1";"2";"300 lieu dit dessale";"16,31199500";" -61,45611400"
"202300048101";"27";"08";"2023";"14:40";"1";"75";"75107";"2";"1";"1";"6";"QUAI D ORSAY";"48,86226600";"2,30268200"
"202300048102";"17";"02";"2023";"20:00";"3";"77";"77004";"1";"6";"1";"7";"RD 619";"48,62716100";"2,81867400"
"202300048103";"4";"12";"2023";"12:15";"1";"75";"75111";"2";"3";"8";"2";"RUE DE CHARONNE";"48,85556700";"2,39016500"
"202300048104";"27";"08";"2023";"14:55";"1";"75";"75112";"2";"3";"1";"3";"AVENUE DAUMESNIL";"48,84052100";"2,43429900"
"202300048105";"27";"08";"2023";"00:06";"5";"75";"75108";"2";"3";"1";"3";"RUE D AMSTERDAM";"48,87964800";"2,32697700"
"202300048106";"4";"12";"2023";"12:30";"1";"75";"75108";"2";"1";"1";"6";"AVENUE DES CHAMPS ELYSEES";"48,86974500";"2,30805400"
"202300048107";"27";"08";"2023";"18:58";"1";"75";"75107";"2";"3";"2";"6";"QUAI BRANLY";"48,85897000";"2,29339500"
"202300048108";"19";"02";"2023";"12:00";"1";"73";"73303";"1";"1";"1";"5";"D1508";"45,75892000";"6,39395000"
"202300048109";"4";"12";"2023";"19:41";"5";"75";"75104";"2";"3";"1";"6";"QUAI DES CELESTINS";"48,85262300";"2,35988500"
"202300048110";"27";"08";"2023";"08:00";"1";"75";"75107";"2";"3";"1";"6";"AVENUE DU MARECHAL GALLIENI";"48,85964500";"2,31306700"
"202300048111";"19";"02";"2023";"15:30";"1";"85";"85298";"1";"1";"1";"1";"les pierres garatelles";"46,59394300";" -1,75972200"
"202300048112";"27";"08";"2023";"06:55";"1";"94";"94078";"2";"1";"1";"6";"Avenue de Melun";"48,72265000";"2,44363000"
"202300048113";"18";"02";"2023";"00:00";"3";"85";"85016";"1";"1";"5";"6";"RD978";"46,67304000";" -1,61570600"
"202300048114";"26";"08";"2023";"04:16";"5";"94";"94037";"2";"1";"1";"6";"71 Avenue Paul Vaillant-couturier";"48,81635000";"2,34097000"
"202300048115";"19";"02";"2023";"16:05";"1";"29";"29022";"1";"1";"1";"6";"Le Poteau Bleu";"48,26839800";" -4,57760800"
"202300048116";"27";"08";"2023";"20:30";"5";"94";"94071";"2";"1";"2";"6";"Rue Maurice Berteaux";"48,77405978";"2,51680503"
"202300048117";"18";"02";"2023";"18:50";"3";"13";"13215";"1";"1";"1";"7";"A55-Sens Martigues vers Marseille";"43,34814376";"5,34490278"
"202300048118";"4";"12";"2023";"07:50";"5";"94";"94068";"2";"1";"2";"6";"57 Boulevard de Créteil";"48,79822200";"2,48096800"
"202300048119";"27";"08";"2023";"19:15";"1";"94";"94011";"2";"1";"2";"3";"Avenue Georges Brassens";"48,76007000";"2,49499000"
"202300048120";"17";"02";"2023";"17:20";"1";"13";"13071";"1";"1";"1";"6";"A7-Sens Lyon vers Marseille";"43,40641100";"5,29202300"
"202300048121";"4";"12";"2023";"18:00";"5";"94";"94002";"2";"1";"3";"6";"Rue Etienne Dolet";"48,79324500";"2,42553400"
"202300048122";"17";"02";"2023";"16:14";"1";"13";"13071";"1";"1";"1";"2";"A7-Sens Lyon vers Marseille";"43,41269700";"5,28169600"
"202300048123";"27";"08";"2023";"12:15";"1";"93";"93062";"2";"2";"1";"3";"Avenue de la Résistance / Allée Nicolas Carnot";"48,89260000";"2,51286000"
"202300048124";"18";"02";"2023";"22:45";"3";"33";"33281";"1";"1";"1";"2";"ROCADE A 630";"44,83900000";" -0,67500000"
"202300048125";"4";"12";"2023";"19:30";"5";"94";"94041";"2";"2";"2";"6";"Rue Louis Bertrand";"48,81695000";"2,37933000"
"202300048126";"27";"08";"2023";"16:25";"1";"93";"93032";"2";"2";"1";"2";"Rue Jules Guesde / Rue Jean Moulin";"48,88012000";"2,54509000"
"202300048127";"18";"02";"2023";"13:45";"1";"91";"91235";"1";"1";"1";"4";"RN 104";"48,62515400";"2,36140300"
"202300048128";"27";"08";"2023";"17:45";"1";"93";"93031";"2";"1";"1";"1";"Rue de Boussois";"48,95720015";"2,31717513"
"202300048129";"17";"02";"2023";"19:10";"5";"75";"75116";"1";"1";"1";"7";"A13Y";"48,84845600";"2,24490000"
"202300048130";"3";"12";"2023";"01:30";"4";"94";"94011";"2";"1";"1";"6";"Route de Stains";"48,78004687";"2,49299452"
"202300048131";"27";"08";"2023";"17:00";"1";"93";"93013";"2";"1";"1";"3";"Avenue de la Division Leclerc";"48,93155000";"2,42221000"
"202300048132";"18";"02";"2023";"00:00";"3";"95";"95018";"1";"1";"1";"6";" A15";"48,94967230";"2,28022080"