"Num_Acc";"jour";"mois";"an";"hrmn";"lum";"dep";"com";"agg";"int";"atm";"col";"adr";"lat";"long"
"202300048330";"17";"02";"2023";"09:00";"1";"75";"75114";"2";"4";"1";"6";"PORTE D ORLEANS";"48,81930044";"2,32872337"
"202300048331";"19";"07";"2023";"14:16";"1";"94";"94065";"1";"1";"1";"5";"A106";"48,74898464";"2,35721472"
"202300048332";"28";"09";"2023";"08:35";"1";"62";"62263";"2";"2";"1";"3";"Rue Jean Moulin";"50,26807000";"2,72390000"
"202300048333";"14";"06";"2023";"04:30";"5";"971";"97101";"1";"9";"1";"3";" Hauteur sortie de Lauricisque";"16,25049505";" -61,52976751"
"202300048334";"16";"02";"2023";"18:15";"2";"75";"75118";"2";"1";"1";"7";"PORTE DE CLIGNANCOURT";"48,90078700";"2,33855900"
"202300048335";"7";"01";"2023";"06:45";"5";"13";"13213";"2";"1";"1";"1";"ESCADRILLE NORMANDIE NIEMEN";"43,33564188";"5,41001737"
"202300048336";"18";"07";"2023";"10:05";"1";"78";"78158";"1";"1";"1";"2";"A13";"48,84118700";"2,10740800"
"202300048337";"29";"09";"2023";"12:35";"1";"61";"61001";"2";"1";"1";"6";"D955";"48,42269000";"0,08671000"
"202300048338";"15";"02";"2023";"23:50";"5";"75";"75120";"2";"1";"1";"3";"PORTE DE BAGNOLET";"48,86082300";"2,41383200"
"202300048339";"14";"06";"2023";"14:04";"1";"2A";"2A004";"2";"3";"1";"3";"CANDIA CHEMIN";"41,93835000";"8,74903000"
"202300048340";"18";"07";"2023";"18:00";"1";"78";"78498";"1";"1";"1";"6";"A13";"48,91432000";"2,00559600"
"202300048341";"7";"01";"2023";"04:50";"5";"13";"13205";"2";"2";"1";"3";"JEAN MOULIN (BOULEVARD)";"43,29032000";"5,39983000"
"202300048342";"29";"09";"2023";"12:15";"1";"61";"61001";"2";"1";"1";"2";"Voie Communale";"48,43750100";"0,09538300"
"202300048343";"18";"07";"2023";"06:15";"1";"95";"95277";"1";"1";"1";"7";"A3";"48,97449600";"2,49115800"
"202300048344";"15";"02";"2023";"15:33";"1";"75";"75113";"2";"2";"1";"3";"BOULEVARD MASSENA";"48,82020900";"2,36605900"
"202300048345";"7";"01";"2023";"15:40";"1";"06";"06088";"1";"1";"1";"6";"Blea (Camin de la )";"43,72761000";"7,18914000"
"202300048346";"6";"01";"2023";"17:39";"2";"03";"03321";"2";"1";"1";"6";"Rue du Haut - Barrieux";"46,57940000";"3,34080000"
"202300048347";"17";"02";"2023";"18:55";"5";"75";"75105";"2";"3";"1";"3";"PONT SAINT MICHEL";"48,85377700";"2,34439500"
"202300048348";"14";"06";"2023";"17:45";"1";"91";"91549";"2";"9";"1";"6";"JACQUES DUCLOS (AVENUE)";"48,63465000";"2,34138000"
"202300048349";"4";"01";"2023";"12:10";"1";"973";"97302";"2";"1";"3";"4";"BADUEL (ROUTE DE)";"4,94047847";" -52,32020974"
"202300048350";"17";"07";"2023";"10:05";"1";"95";"95527";"1";"1";"1";"4";"A1";"49,01863000";"2,53304000"
"202300048351";"17";"02";"2023";"10:30";"1";"75";"75106";"2";"2";"1";"3";"BOULEVARD SAINT GERMAIN";"48,85247966";"2,33874142"
"202300048352";"30";"09";"2023";"00:00";"5";"59";"59152";"2";"6";"1";"3";"HALOT (LIEU DIT LE)";"50,75502000";"3,02564000"
"202300048353";"14";"06";"2023";"18:30";"1";"91";"91667";"2";"9";"1";"6";"MARE TAMBOUR (RUE)";"48,65768500";"2,33774300"
"202300048354";"6";"01";"2023";"12:52";"1";"69";"69142";"2";"2";"8";"3";"Rue Stéphane Déchant";"45,72114595";"4,81116146"
"202300048355";"19";"07";"2023";"16:10";"1";"77";"77517";"1";"1";"1";"3";"A104.EXT";"48,90889100";"2,63782100"
"202300048356";"29";"09";"2023";"11:43";"1";"59";"59279";"2";"1";"2";"6";"OER ERKENSCHWICK (RUE)";"50,77939540";"3,11137491"
"202300048357";"16";"02";"2023";"08:04";"1";"75";"75118";"2";"3";"1";"6";"RUE DE LA GOUTTE D OR";"48,88512500";"2,35083500"
"202300048358";"14";"06";"2023";"15:00";"1";"91";"91347";"2";"9";"7";"3";"CHE BIRON";"48,63522000";"2,28557000"
"202300048359";"6";"01";"2023";"11:00";"1";"69";"69385";"2";"1";"8";"3";"217 Avenue Barthélémy Buyer";"45,76401000";"4,78902000"
"202300048360";"19";"07";"2023";"13:45";"1";"94";"94065";"1";"1";"1";"2";"N186";"48,75429000";"2,35055900"
"202300048361";"17";"02";"2023";"16:30";"1";"75";"75116";"2";"1";"1";"2";"ROUTE DE SEVRES A NEUILLY";"48,85379900";"2,23719000"
"202300048362";"28";"09";"2023";"17:30";"1";"59";"59599";"2";"2";"1";"2";"BERTHELOT (CHAUSSEE MARCELIN)";"50,72168000";"3,18121000"
"202300048363";"6";"01";"2023";"18:50";"3";"95";"95539";"1";"1";"1";"2";"D301";"49,00268000";"2,35891000"
"202300048364";"14";"06";"2023";"13:44";"1";"91";"91161";"2";"2";"1";"3";"RTE DE MASSY";"48,71272200";"2,30264300"
"202300048365";"19";"07";"2023";"05:30";"2";"93";"93051";"1";"1";"1";"5";"A4";"48,83600000";"2,56000000"
"202300048366";"17";"02";"2023";"15:03";"1";"75";"75116";"2";"2";"1";"6";"AVENUE MARCEAU";"48,86845500";"2,29889700"
"202300048367";"6";"01";"2023";"19:05";"4";"91";"91027";"2";"1";"1";"3";"AV FRANCOIS MITTERRAND";"48,70878000";"2,37152000"
"202300048368";"29";"09";"2023";"13:40";"1";"59";"59560";"1";"3";"8";"3";"CD 925";"50,53691000";"3,02806000"
"202300048369";"17";"06";"2023";"05:10";"2";"94";"94081";"1";"1";"1";"2";"A86";"48,77482657";"2,41105831"
"202300048370";"13";"06";"2023";"12:45";"1";"91";"91589";"2";"2";"1";"3";"AV GABRIEL PERI";"48,69191300";"2,34844800"
"202300048371";"17";"02";"2023";"17:46";"2";"75";"75114";"2";"1";"1";"3";"BOULEVARD JOURDAN";"48,82040200";"2,33794400"
"202300048372";"28";"09";"2023";"12:10";"1";"56";"56121";"2";"1";"2";"2";"LE POULICHET (RUE  JOSEPH-MARIE )";"47,75297000";" -3,36123000"
"202300048373";"3";"01";"2023";"20:15";"3";"88";"88409";"1";"1";"1";"1";"CD 417";"48,01198000";"6,64284000"
"202300048374";"30";"04";"2023";"18:00";"1";"43";"43185";"2";"1";"1";"2";"Avenue de la Vizade";"45,39680000";"3,32300800"
"202300048375";"10";"06";"2023";"22:31";"5";"87";"87050";"2";"1";"1";"6";"LIMOGES (AVENUE DE)";"45,86898000";"1,23832000"
"202300048376";"17";"02";"2023";"20:45";"5";"75";"75101";"2";"1";"1";"3";"VOIE GEORGES POMPIDOU";"48,86392600";"2,32095700"
"202300048377";"18";"08";"2023";"09:40";"1";"55";"55505";"2";"1";"1";"3";"DORMAUX ( DES )";"49,17547000";"5,35782000"
"202300048378";"5";"01";"2023";"11:44";"1";"87";"87085";"2";"2";"1";"3";"DUMAS (AVENUE GEORGES)";"45,82605000";"1,26791000"
"202300048379";"18";"07";"2023";"15:40";"1";"22";"22215";"2";"2";"1";"3";"GRANDE METAIRIE (RUE DE LA)";"48,49217000";" -2,80196000"
"202300048380";"10";"06";"2023";"10:47";"1";"87";"87085";"2";"1";"1";"6";"BORIE (BOULEVARD DE LA)";"45,83727130";"1,23091221"
"202300048381";"29";"09";"2023";"15:10";"1";"54";"54395";"2";"1";"1";"6";"Boulevard du Recteur Senn";"48,68366972";"6,18792593"
"202300048382";"17";"02";"2023";"18:20";"2";"75";"75103";"2";"7";"1";"3";"PLACE DE LA REPUBLIQUE";"48,86794300";"2,36232400"
"202300048383";"29";"09";"2023";"08:30";"1";"54";"54395";"2";"1";"1";"2";"Rue Sigisbert Adam";"48,69953856";"6,18192315"
"202300048384";"18";"07";"2023";"15:15";"1";"976";"97611";"2";"2";"1";"3";"mamoudzou centre-Haladi Selemani ( rue )";" -12,77936000";"45,22751000"
"202300048385";"5";"01";"2023";"18:15";"2";"84";"84007";"2";"2";"1";"6";"PICASSO (rue Pablo)";"43,94355000";"4,84353300"
"202300048386";"13";"06";"2023";"15:07";"1";"87";"87085";"2";"3";"3";"3";"SABLARD (AVENUE DE)";"45,82843000";"1,28289000"
"202300048387";"17";"02";"2023";"11:50";"1";"75";"75104";"2";"2";"1";"3";"RUE SAINT ANTOINE";"48,85343500";"2,36717200"
"202300048388";"18";"07";"2023";"07:50";"1";"974";"97416";"1";"1";"2";"7";"RN 01";" -21,31828859";"55,44541240"
"202300048389";"29";"09";"2023";"07:40";"1";"54";"54578";"2";"1";"1";"2";"Avenue du General Leclerc";"48,67623000";"6,15367000"
"202300048390";"6";"01";"2023";"20:20";"5";"83";"83062";"2";"1";"1";"1";"DELAGE (RUE MARC)";"43,12480000";"6,00753000"
"202300048391";"17";"02";"2023";"10:35";"1";"75";"75103";"2";"7";"1";"7";"PLACE DE LA REPUBLIQUE";"48,86653800";"2,36479600"
"202300048392";"18";"07";"2023";"12:45";"1";"974";"97409";"2";"1";"1";"2";"CAMBUSTON (rue de)";" -20,93208000";"55,64419000"
"202300048393";"13";"06";"2023";"18:20";"1";"86";"86194";"2";"6";"1";"2";"Avenue Jacques Coeur";"46,55874000";"0,38992000"
"202300048394";"28";"09";"2023";"16:59";"1";"54";"54526";"2";"2";"1";"3";"boulevard du Millénaire";"48,68152000";"6,21603000"
"202300048395";"6";"01";"2023";"19:20";"4";"83";"83090";"2";"1";"1";"1";"SAINT LAZE (CHEMIN DE)";"43,13539000";"5,85693000"
"202300048396";"17";"02";"2023";"07:00";"5";"75";"75103";"2";"3";"1";"6";"BOULEVARD DE SEBASTOPOL";"48,86759899";"2,35331118"
"202300048397";"14";"06";"2023";"16:50";"1";"78";"78440";"2";"2";"1";"6";"POISSY (RUE DE)";"48,99106000";"1,91564000"
"202300048398";"18";"07";"2023";"20:10";"1";"69";"69387";"2";"3";"1";"3";"Rue Garibaldi";"45,74420000";"4,84792000"
"202300048399";"6";"01";"2023";"18:49";"5";"83";"83123";"2";"1";"1";"2";"GARE (ROUTE DE LA)";"43,12309045";"5,82246208"
"202300048400";"28";"09";"2023";"10:20";"1";"54";"54395";"2";"1";"1";"3";"Boulevard d'Austrasie";"48,68849000";"6,20450000"
"202300048401";"17";"02";"2023";"17:05";"1";"94";"94081";"2";"8";"1";"3";"Rue Gagnée /  Boulevard de Stalingrad";"48,80143957";"2,37928922"
"202300048402";"14";"06";"2023";"14:30";"1";"78";"78401";"2";"1";"1";"3";"RHIN ET DANUBE (PONT)";"49,00413000";"1,90686000"
"202300048403";"18";"07";"2023";"05:55";"2";"69";"69383";"2";"1";"1";"3";"Avenue Rockefeller";"45,74228000";"4,88132000"
"202300048404";"29";"09";"2023";"16:05";"1";"51";"51454";"2";"3";"1";"6";"VAUBAN (RUE)";"49,22105000";"4,02922000"
"202300048405";"5";"01";"2023";"20:30";"5";"83";"83126";"2";"1";"1";"5";"MERLE (BD TOUSSAINT)";"43,10146000";"5,89276000"
"202300048406";"18";"07";"2023";"17:30";"1";"69";"69149";"2";"1";"1";"3";"25 Boulevard de l’Europe";"45,70666538";"4,80884303"
"202300048407";"14";"06";"2023";"16:30";"1";"76";"76540";"2";"1";"1";"3";"Quai du Havre (Haut)";"49,43903000";"1,08830000"
"202300048408";"17";"02";"2023";"12:45";"1";"94";"94081";"2";"2";"8";"3";"Quai Jules Guesde / Rue Eugene Henaff";"48,79471400";"2,41800500"
"202300048409";"29";"09";"2023";"11:05";"1";"51";"51454";"2";"6";"1";"3";"ROUSSEAU (PLACE MAX)";"49,26451000";"4,01029000"
"202300048410";"5";"01";"2023";"17:10";"2";"83";"83129";"2";"3";"1";"3";"DE LATTRE DE TASSIGNY (AV)";"43,09330000";"5,84196000"
"202300048411";"18";"07";"2023";"08:00";"1";"95";"95288";"2";"6";"8";"3";"D301";"48,98486067";"2,36133635"
"202300048412";"6";"01";"2023";"14:45";"1";"83";"83069";"2";"6";"1";"6";"BEAUREGARD (AV ANDREE-DAVID DE )";"43,11763000";"6,12613000"
"202300048413";"14";"02";"2023";"12:24";"1";"94";"94043";"2";"1";"1";"6";"Rue de Verdun-lazare-ponticelli";"48,80957400";"2,35871200"
"202300048414";"27";"09";"2023";"11:45";"1";"50";"50129";"2";"2";"1";"2";"ROUGES TERRES (LES)";"49,61226000";" -1,60098000"
"202300048415";"14";"06";"2023";"18:35";"1";"73";"73065";"2";"2";"1";"3";"D1 - MOTTE SERVOLEX (AVENUE DE LA)";"45,58678000";"5,88385000"
"202300048416";"17";"02";"2023";"10:15";"1";"94";"94017";"2";"1";"8";"6";"49 Rue Louis Talamoni";"48,81315935";"2,51262528"
"202300048417";"17";"07";"2023";"16:50";"1";"95";"95427";"2";"1";"1";"3";"JULES FERRY (RUE)";"48,95644000";"2,33421000"
"202300048418";"4";"01";"2023";"08:45";"1";"83";"83061";"1";"1";"1";"1";"N7";"43,52176000";"6,89234000"
"202300048419";"28";"09";"2023";"22:38";"3";"49";"49328";"2";"1";"1";"1";"JOLY LETERME (BOULEVARD)";"47,26725000";" -0,07893000"
"202300048420";"13";"06";"2023";"14:15";"1";"72";"72181";"2";"8";"1";"3";"MAILLETS (RUE DES) N° PAIRS 14 ET >";"48,01350000";"0,20810000"
"202300048421";"16";"02";"2023";"19:40";"5";"94";"94017";"2";"1";"1";"3";"Avenue Roger Salengro";"48,81651281";"2,50034780"
"202300048422";"5";"01";"2023";"08:15";"1";"82";"82121";"2";"1";"8";"3";"ITALIE (AVENUE D')";"43,97637834";"1,32238940"
"202300048423";"28";"09";"2023";"17:53";"1";"49";"49328";"2";"1";"1";"3";"LECLERC (PLACE MARC)";"47,26523000";" -0,07479000"
"202300048424";"17";"07";"2023";"12:15";"1";"91";"91377";"2";"1";"1";"1";"IMP DE L'AULNAYE DRACOURT";"48,72133100";"2,27707300"
"202300048425";"12";"06";"2023";"14:40";"1";"72";"72181";"2";"1";"1";"7";"CORDELET LOUIS ( AV)";"48,01231000";"0,18829000"
"202300048426";"17";"02";"2023";"17:05";"1";"93";"93031";"2";"1";"1";"6";"59 Rue de Paris";"48,95401671";"2,31074318"
"202300048427";"6";"01";"2023";"12:35";"1";"81";"81163";"2";"2";"8";"3";"JUIN (MARECHAL)";"43,50711400";"2,37821900"
"202300048428";"14";"06";"2023";"09:40";"1";"69";"69264";"2";"1";"1";"7";"Boulevard Burdeau";"45,99541000";"4,72163000"
"202300048429";"17";"07";"2023";"18:35";"1";"85";"85194";"2";"1";"1";"1";"Rue des rouliers";"46,52930000";" -1,78270000"
"202300048430";"17";"02";"2023";"18:50";"5";"93";"93029";"2";"3";"1";"3";"Rue Roger Gibrat / Rue Charles Duc";"48,92113000";"2,44739000"
"202300048431";"28";"09";"2023";"03:30";"5";"49";"49007";"2";"2";"1";"1";"BRIOLLAY ROUTE";"47,49117000";" -0,52961000"
"202300048432";"12";"06";"2023";"13:45";"1";"69";"69029";"2";"2";"1";"3";"Rue Pierre Allard";"45,73919486";"4,91021411"
"202300048433";"17";"02";"2023";"19:30";"4";"93";"93005";"2";"1";"1";"6";"Boulevard André Citroën";"48,96036057";"2,48833895"
"202300048434";"17";"07";"2023";"17:10";"1";"81";"81004";"1";"1";"1";"5";"CASTRES";"43,90177000";"2,14555000"
"202300048435";"29";"09";"2023";"07:25";"1";"47";"47001";"2";"2";"1";"3";"MONTAIGNE (RUE)";"44,19540000";"0,61698000"
"202300048436";"17";"02";"2023";"16:00";"1";"92";"92075";"2";"1";"1";"3";"JEAN JAURES (RUE)";"48,82526367";"2,29302317"
"202300048437";"6";"01";"2023";"14:09";"1";"76";"76157";"2";"3";"2";"1";"Impasse du Clos aux Moines";"49,44763000";"1,02022000"
"202300048438";"29";"09";"2023";"16:50";"1";"45";"45234";"2";"1";"1";"6";"Rue du Brésil ";"47,90500900";"1,91768700"
"202300048439";"14";"06";"2023";"08:51";"1";"68";"68066";"2";"2";"7";"3";"Rue du Ladhof";"48,10729000";"7,38482000"
"202300048440";"18";"07";"2023";"13:10";"1";"77";"77268";"2";"2";"1";"3";"RUE DU PRE DE BRAY";"48,86153000";"2,81745000"
"202300048441";"16";"02";"2023";"09:00";"1";"92";"92064";"2";"1";"1";"1";"PORTE JAUNE";"48,85084000";"2,20477000"
"202300048442";"6";"01";"2023";"06:30";"2";"76";"76474";"2";"4";"2";"2";"Route de Dieppe";"49,48585000";"1,04845000"
"202300048443";"16";"07";"2023";"20:10";"1";"76";"76178";"1";"1";"3";"6";"Rue de Tourville";"49,31254000";"1,05512000"
"202300048444";"29";"09";"2023";"05:48";"5";"45";"45338";"2";"2";"1";"3";"4 Avenue de la Libération";"47,99080000";"2,71079000"
"202300048445";"17";"02";"2023";"20:45";"5";"92";"92063";"2";"3";"1";"1";"LA BRUYERE (RUE)";"48,86545000";"2,20735000"
"202300048446";"13";"06";"2023";"08:15";"1";"67";"67482";"2";"1";"1";"3";"PROTESTATION (PONT DE LA)";"48,59232600";"7,76109200"
"202300048447";"30";"09";"2023";"23:47";"5";"44";"44109";"2";"1";"1";"6";"182 Boulevard Jules Verne";"47,24634000";" -1,52375000"
"202300048448";"6";"01";"2023";"12:57";"1";"72";"72095";"2";"9";"1";"3";"VIGNES (RUE DES)";"48,02976000";"0,20987000"
"202300048449";"15";"06";"2023";"16:00";"1";"76";"76351";"2";"4";"1";"3";"VERDUN (RUE DE)";"49,50244000";"0,16816300"
"202300048450";"17";"02";"2023";"17:30";"1";"92";"92062";"2";"9";"8";"2";"GENERAL DE GAULLE (AV) DU 44 AU 106";"48,88732670";"2,23199219"
"202300048451";"5";"01";"2023";"17:55";"5";"72";"72181";"2";"1";"1";"6";"CHENE VERT (RUE DU)";"48,00795000";"0,18977000"
"202300048452";"12";"06";"2023";"12:10";"1";"66";"66136";"2";"1";"1";"3";"";"42,70701200";"2,89163000"
"202300048453";"18";"07";"2023";"01:00";"3";"76";"76707";"1";"9";"1";"6";"RD 915";"49,85730000";"1,11600000"
"202300048454";"29";"09";"2023";"09:40";"1";"44";"44109";"2";"6";"1";"3";"24 Rue Noire";"47,22638700";" -1,56240000"
"202300048455";"16";"02";"2023";"09:15";"1";"92";"92050";"2";"2";"8";"6";"STALINGRAD RUE DE";"48,89446474";"2,19390195"
"202300048456";"5";"01";"2023";"13:35";"1";"72";"72181";"2";"9";"1";"3";"ZAMENHOF DOCTEUR (AV DU)";"47,99992000";"0,19892000"
"202300048457";"13";"06";"2023";"22:35";"5";"65";"65440";"2";"1";"2";"7";"KENNEDY (BOULEVARD DU PRESIDENT JOHN)";"43,21925000";"0,08130000"
"202300048458";"28";"09";"2023";"16:48";"1";"41";"41018";"2";"1";"1";"1";"GRE DE CHIEN (CHEMIN)";"47,56730000";"1,31210000"
"202300048459";"17";"02";"2023";"00:09";"5";"92";"92049";"2";"1";"1";"7";"REPUBLIQUE AVENUE DE LA N°1 A 79";"48,81820347";"2,31941879"
"202300048460";"6";"01";"2023";"18:35";"5";"69";"69266";"2";"1";"1";"6";"15 Rue Pierre-Joseph Proudhon";"45,77384000";"4,89058000"
"202300048461";"17";"07";"2023";"22:00";"5";"71";"71270";"2";"1";"1";"3";"HERRIOT (AVENUE EDOUARD)";"46,29730000";"4,82408000"
"202300048462";"29";"09";"2023";"19:55";"3";"38";"38382";"1";"9";"1";"7";"A480";"45,21825000";"5,67556000"
"202300048463";"18";"07";"2023";"12:15";"1";"69";"69266";"2";"1";"1";"6";"Boulevard Laurent Bonnevay";"45,78747000";"4,88483000"
"202300048464";"6";"01";"2023";"07:50";"2";"69";"69115";"2";"9";"2";"6";"Route d’Anse";"45,97285000";"4,71714000"
"202300048465";"17";"02";"2023";"10:09";"1";"92";"92044";"2";"2";"1";"6";"VOLTAIRE(RUE)53A81 ET 42A62";"48,89272000";"2,28597000"
"202300048466";"14";"06";"2023";"22:00";"2";"62";"62193";"2";"9";"1";"3";"Rue Henri Guillaumet";"50,94947100";"1,89672700"
"202300048467";"5";"01";"2023";"16:06";"1";"66";"66136";"2";"1";"1";"7";"BLANC AVENUE ROSETTE";"42,69900000";"2,90600000"
"202300048468";"29";"09";"2023";"11:10";"1";"38";"38421";"2";"6";"1";"3";"AVENUE GABRIEL PÉRI";"45,18234000";"5,77787000"
"202300048469";"17";"02";"2023";"14:45";"1";"92";"92040";"2";"2";"1";"2";"VOLTAIRE (BOULEVARD)";"48,82696000";"2,27921000"
"202300048470";"14";"06";"2023";"13:05";"1";"60";"60057";"2";"1";"1";"6";"Rue Desgroux";"49,42700000";"2,07770000"
"202300048471";"18";"07";"2023";"18:12";"1";"69";"69290";"2";"2";"1";"6";"Rue Edmond Rostand";"45,69440850";"4,94138256"
"202300048472";"29";"09";"2023";"20:37";"5";"37";"37261";"2";"2";"1";"3";"BORDEAUX (AVENUE DE)";"47,35568000";"0,69879000"
"202300048473";"6";"01";"2023";"13:05";"1";"64";"64129";"2";"3";"7";"3";"Rue Claverie";"43,30463000";" -0,39101000"
"202300048474";"16";"02";"2023";"06:45";"5";"92";"92036";"2";"1";"1";"6";"LOUISE MICHEL (PAIRS)";"48,92196400";"2,31980800"
"202300048475";"18";"07";"2023";"12:10";"1";"69";"69029";"2";"1";"1";"3";"Avenue Franklin Roosevelt";"45,73682000";"4,89872000"
"202300048476";"14";"06";"2023";"11:30";"1";"60";"60057";"2";"1";"1";"3";"Rue Villebois Mareuil";"49,43525000";"2,08821000"
"202300048477";"29";"09";"2023";"14:25";"1";"37";"37195";"2";"1";"1";"7";"PARMENTIERE (RUE DE LA)";"47,38435000";"0,66547000"
"202300048478";"17";"02";"2023";"09:33";"1";"92";"92026";"2";"3";"2";"3";"STRASBOURG";"48,89090241";"2,24769509"
"202300048479";"5";"01";"2023";"16:30";"1";"64";"64129";"2";"2";"1";"3";"SABOTIER DU";"43,30465000";" -0,39900000"
"202300048480";"18";"07";"2023";"11:40";"1";"69";"69029";"2";"9";"1";"3";"374 Route de Genas";"45,74609000";"4,92627000"
"202300048481";"13";"06";"2023";"09:00";"1";"59";"59378";"2";"3";"1";"6";"ENTREPRENEURS RUE DES";"50,65935600";"3,08081400"
"202300048482";"29";"09";"2023";"04:35";"5";"37";"37261";"2";"2";"1";"3";"DESMOULINS (RUE LOUIS)";"47,39178000";"0,66898000"
"202300048483";"17";"02";"2023";"17:00";"1";"92";"92025";"2";"1";"1";"6";"BOURNARD (RUE DU)";"48,92292700";"2,25542200"
"202300048484";"6";"01";"2023";"08:19";"1";"64";"64024";"2";"1";"1";"3";"Rue Louis Seguin";"43,48589000";" -1,49925000"
"202300048485";"17";"07";"2023";"18:35";"1";"69";"69259";"2";"1";"1";"3";"Boulevard Irène Joliot Curie";"45,71570000";"4,87705000"
"202300048486";"15";"06";"2023";"19:40";"1";"56";"56083";"1";"1";"1";"3";"N/A";"47,78939000";" -3,29060000"
"202300048487";"26";"09";"2023";"09:15";"1";"34";"34172";"2";"3";"1";"3";"FAUBOURG FIGUEROLLES (RUE DU)";"43,60669000";"3,86520000"
"202300048488";"5";"01";"2023";"19:05";"5";"64";"64102";"2";"1";"1";"2";"Allées Marines";"43,49747000";" -1,48508000"
"202300048489";"18";"07";"2023";"19:54";"1";"67";"67204";"1";"1";"2";"7";"WANTZENAU (ROUTE DE LA)";"48,63116000";"7,76559000"
"202300048490";"17";"02";"2023";"07:46";"1";"92";"92024";"2";"2";"1";"3";"CLICHY (PONT DE)";"48,90845000";"2,30013000"
"202300048491";"17";"02";"2023";"12:30";"1";"92";"92004";"2";"1";"2";"3";"REDOUTE ( AVENUE DE LA  )";"48,92889310";"2,27947265"
"202300048492";"13";"06";"2023";"21:26";"1";"56";"56083";"2";"3";"1";"2";"VAILLANT ( AV. EDOUARD )";"47,82251000";" -3,25046000"
"202300048493";"5";"01";"2023";"13:46";"1";"63";"63113";"2";"2";"1";"3";"BLANZAT (RUE DE)";"45,79336000";"3,08449000"
"202300048494";"28";"09";"2023";"18:13";"1";"34";"34032";"2";"2";"1";"3";"HUGO VICTOR (RUE)";"43,33975000";"3,22227000"
"202300048495";"18";"07";"2023";"08:35";"1";"67";"67482";"2";"1";"7";"1";"RENE CASSIN (ALLEE)";"48,59794000";"7,77580000"
"202300048496";"18";"02";"2023";"15:20";"1";"60";"60049";"2";"3";"1";"7";"Rue des Champs";"49,55057014";"1,73738050"
"202300048497";"13";"06";"2023";"16:45";"1";"56";"56121";"2";"1";"1";"2";"BELGIQUE (RUE  DE )";"47,76042000";" -3,38393000"
"202300048498";"3";"01";"2023";"20:30";"3";"63";"63164";"1";"3";"2";"3";"Bd charles de Gaulle /Clément Adler";"45,81568000";"3,15087000"
"202300048499";"29";"09";"2023";"18:00";"1";"33";"33063";"2";"2";"1";"3";"Rue Dubourdieu";"44,82205000";" -0,57651000"
"202300048500";"17";"07";"2023";"16:25";"1";"64";"64545";"1";"1";"1";"4";"RD810";"43,36505000";" -1,68897000"
"202300048501";"23";"01";"2023";"19:16";"3";"60";"60088";"1";"1";"8";"2";"Autoroute A16";"49,18935545";"2,20164230"
"202300048502";"13";"06";"2023";"08:10";"1";"56";"56107";"1";"2";"1";"2";"D152";"47,71003940";" -3,40356760"
"202300048503";"29";"09";"2023";"17:45";"1";"33";"33069";"2";"2";"1";"3";"Boulevard Pierre 1er";"44,85702000";" -0,59118000"
"202300048504";"18";"07";"2023";"12:29";"1";"64";"64445";"2";"9";"1";"2";"JEAN MERMOZ";"43,30610000";" -0,37640000"
"202300048505";"6";"01";"2023";"22:30";"5";"59";"59512";"2";"3";"1";"3";"BRAME (AVENUE JULES)";"50,68593000";"3,20409000"
"202300048506";"17";"02";"2023";"16:30";"1";"37";"37031";"2";"3";"1";"2";"Rue Chaumeton";"47,28499300";"0,17390900"
"202300048507";"28";"09";"2023";"17:05";"1";"33";"33249";"2";"1";"1";"7";"Avenue du Président J.F. Kennedy";"44,86700000";" -0,50900000"
"202300048508";"3";"01";"2023";"08:30";"2";"59";"59350";"2";"1";"2";"6";"Avenue de la République (Lille)";"50,63936600";"3,01316500"
"202300048509";"18";"07";"2023";"19:25";"1";"64";"64122";"2";"1";"1";"6";"MARNE (AVENUE DE LA)";"43,48460000";" -1,55448000"
"202300048510";"12";"06";"2023";"16:00";"1";"56";"56121";"1";"1";"1";"5";"Desserte Portuaire";"47,74353000";" -3,38463000"
"202300048511";"18";"02";"2023";"12:00";"1";"974";"97405";"1";"1";"1";"5";"Rue Augustin Mézino";" -21,36776200";"55,55992100"
"202300048512";"17";"07";"2023";"12:40";"1";"62";"62841";"1";"1";"1";"6";"D937";"50,55314000";"2,61048000"
"202300048513";"3";"01";"2023";"10:40";"1";"59";"59350";"2";"1";"1";"2";"DELEMAZURE RUE";"50,62857400";"3,10839000"
"202300048514";"27";"09";"2023";"11:35";"1";"33";"33119";"2";"1";"1";"6";"Rue Jean Cocteau";"44,85135000";" -0,50728000"
"202300048515";"18";"02";"2023";"16:05";"1";"01";"01354";"2";"1";"1";"2";"Rue de la Faucille";"46,26084000";"6,02956800"
"202300048516";"5";"01";"2023";"19:00";"3";"59";"59271";"2";"1";"2";"7";"CANAL DE BOURBOURG";"50,98719080";"2,29886234"
"202300048517";"13";"06";"2023";"19:50";"1";"54";"54578";"2";"2";"1";"1";"Avenue de Brabois";"48,67186784";"6,16127484"
"202300048518";"18";"07";"2023";"20:45";"1";"59";"59152";"2";"1";"1";"6";"DESRUMAEAUX (RUE MARTHE)";"50,76588000";"3,02047000"
"202300048519";"29";"09";"2023";"19:28";"1";"31";"31555";"2";"1";"1";"3";"AV CRAMPEL";"43,58570000";"1,45555000"
"202300048520";"6";"01";"2023";"18:56";"5";"56";"56260";"2";"3";"1";"1";"Rue Thiers";"47,65576000";" -2,75973000"
"202300048521";"29";"09";"2023";"07:25";"2";"31";"31555";"2";"9";"1";"1";"MINIMES (AV DES) DU 1AU 178";"43,61637000";"1,43712000"
"202300048522";"18";"07";"2023";"19:40";"1";"59";"59599";"2";"1";"1";"6";"MA CAMPAGNE (RESIDENCE)";"50,71006000";"3,15279000"
"202300048523";"18";"02";"2023";"01:15";"3";"84";"84099";"1";"1";"1";"6";"D15";"43,85903200";"5,09296800"