"Num_Acc";"jour";"mois";"an";"hrmn";"lum";"dep";"com";"agg";"int";"atm";"col";"adr";"lat";"long"
"202300048524";"14";"06";"2023";"10:05";"1";"51";"51454";"2";"2";"1";"3";"PONSARDIN (RUE )";"49,24804000";"4,04284000"
"202300048525";"6";"01";"2023";"13:05";"1";"56";"56185";"1";"1";"8";"7";"N/A";"47,77091000";" -3,37826000"
"202300048526";"29";"09";"2023";"12:25";"1";"25";"25056";"1";"1";"1";"3";"MARCHAUX ROUTE DE";"47,29740000";"6,07445000"
"202300048527";"13";"06";"2023";"11:30";"1";"51";"51454";"2";"1";"1";"6";"JAURES (AVENUE JEAN ) DU N° 61 A FIN";"49,26255000";"4,05356000"
"202300048528";"15";"02";"2023";"18:45";"3";"57";"57358";"1";"1";"1";"3";"D918";"49,30927400";"6,32629000"
"202300048529";"18";"07";"2023";"08:45";"1";"59";"59368";"2";"1";"1";"5";"DE GAULLE RUE DU GENERAL";"50,65742000";"3,07387000"
"202300048530";"26";"09";"2023";"08:55";"1";"22";"22187";"2";"1";"1";"6";"EUROPE (Rdp de l')";"48,53527000";" -2,75986000"
"202300048531";"7";"01";"2023";"00:50";"5";"54";"54395";"2";"2";"1";"3";"Boulevard Albert 1er";"48,69634731";"6,16726220"
"202300048532";"18";"07";"2023";"11:10";"1";"58";"58194";"2";"9";"1";"2";"DOCKS";"46,99488000";"3,14831000"
"202300048533";"14";"06";"2023";"05:44";"5";"49";"49007";"2";"2";"1";"3";"BELLE BEILLE";"47,47470000";" -0,58615000"
"202300048534";"16";"02";"2023";"18:15";"1";"79";"79005";"1";"2";"1";"3";"";"46,84817300";" -0,20876000"
"202300048535";"28";"09";"2023";"17:42";"1";"21";"21617";"2";"1";"1";"6";"Rue de la Libération";"47,33282700";"5,00972300"
"202300048536";"16";"07";"2023";"03:10";"5";"57";"57441";"2";"1";"1";"6";"MAISON  ROUGE (ROUTE DE)";"49,37879000";"6,16950000"
"202300048537";"14";"06";"2023";"14:57";"1";"47";"47001";"2";"1";"1";"2";"PELLETAN (BOULEVARD EUGENE)";"44,20194000";"0,62553000"
"202300048538";"4";"01";"2023";"17:33";"3";"54";"54542";"1";"1";"8";"2";"DEPARTEMENTALE 613";"49,21015400";"5,91861800"
"202300048539";"17";"02";"2023";"14:30";"1";"79";"79293";"1";"1";"1";"1";"";"46,35797600";" -0,53889900"
"202300048540";"15";"07";"2023";"02:35";"5";"57";"57647";"2";"1";"1";"6";"GAULLE (RUE CHARLES DE)";"49,32267915";"6,07932329"
"202300048541";"29";"09";"2023";"04:11";"5";"18";"18033";"2";"1";"1";"7";"111 Rue Louis Mallet";"47,08150000";"2,37176000"
"202300048542";"18";"02";"2023";"07:10";"2";"71";"71157";"1";"1";"2";"6";"D1083";"46,49836300";"5,38049000"
"202300048543";"5";"01";"2023";"20:25";"5";"51";"51055";"2";"2";"1";"3";"Rue de la Gare";"49,28584821";"4,06158060"
"202300048544";"14";"06";"2023";"08:50";"1";"45";"45284";"2";"2";"1";"6";"Rue du Coin Buffet";"47,91430000";"1,96435000"
"202300048545";"18";"07";"2023";"16:34";"1";"54";"54451";"2";"1";"1";"3";"Rue du Moulin";"49,50915700";"5,75935700"
"202300048546";"26";"09";"2023";"17:30";"1";"17";"17415";"2";"9";"1";"2";"SAINTONGE A10 A ROCADE OUEST AVENUE DE";"45,74033000";" -0,66025000"
"202300048547";"18";"02";"2023";"03:00";"3";"71";"71289";"1";"1";"8";"6";"cd 987";"46,31510200";"4,51122300"
"202300048548";"14";"06";"2023";"12:30";"1";"45";"45208";"2";"1";"1";"6";"64 Rue du Genéral Leclerc";"47,99862000";"2,73098000"
"202300048549";"18";"07";"2023";"12:22";"1";"54";"54580";"2";"3";"1";"3";"ALL DES LYS";"49,45568000";"5,92763000"
"202300048550";"29";"09";"2023";"13:07";"1";"17";"17380";"2";"1";"1";"1";"OCEAN (DE L')";"45,64249900";" -1,08758500"
"202300048551";"29";"08";"2023";"20:20";"2";"17";"17028";"2";"1";"1";"2";"GRASSET   AVENUE EDMOND";"46,13172000";" -1,10497000"
"202300048552";"17";"02";"2023";"14:20";"1";"89";"89168";"1";"1";"2";"5";"";"47,81369500";"3,89148800"
"202300048553";"13";"06";"2023";"14:25";"1";"43";"43157";"2";"3";"2";"3";"51 Rue Pannessac";"45,04405600";"3,88112200"
"202300048554";"4";"01";"2023";"17:30";"3";"51";"51153";"1";"1";"2";"5";"D40A";"49,02428400";"3,97437400"
"202300048555";"17";"07";"2023";"11:45";"1";"50";"50066";"1";"1";"1";"4";"AVRANCHES (AVENUE D')";"48,81279000";" -1,54152000"
"202300048556";"29";"09";"2023";"16:00";"1";"13";"13103";"2";"1";"1";"6";"BOULEVARD DE LA REPUBLIQUE";"43,64048000";"5,09442000"
"202300048557";"18";"02";"2023";"03:30";"3";"34";"34041";"1";"1";"1";"6";"D4";"43,62603400";"3,47200100"
"202300048558";"11";"06";"2023";"10:10";"1";"42";"42218";"2";"2";"1";"3";"Rue de la Verrerie";"45,44038000";"4,40358000"
"202300048559";"29";"09";"2023";"11:00";"1";"13";"13103";"2";"1";"1";"3";"CHEMIN DE RIGAUD";"43,62235000";"5,08757000"
"202300048560";"5";"01";"2023";"14:10";"1";"50";"50129";"2";"1";"1";"6";"GAMBETTA (RUE)";"49,64103870";" -1,57751340"
"202300048561";"17";"02";"2023";"06:25";"3";"68";"68258";"1";"1";"1";"7";"D2";"47,82767000";"7,28857600"
"202300048562";"17";"07";"2023";"10:50";"1";"50";"50129";"2";"2";"1";"3";"SCHUMAN (BOULEVARD ROBERT)";"49,63461000";" -1,62602000"
"202300048563";"14";"06";"2023";"12:59";"1";"37";"37261";"2";"1";"1";"6";"GRAMMONT (AVENUE DE)";"47,36878000";"0,69747000"
"202300048564";"4";"01";"2023";"12:15";"1";"50";"50129";"2";"1";"1";"2";"CONQUERANT (BOULEVARD GUILLAUME LE)";"49,63731000";" -1,63328000"
"202300048565";"18";"07";"2023";"10:05";"1";"49";"49015";"1";"1";"1";"7";"LUDE LIEU DIT LE";"47,51679000";" -0,58400000"
"202300048566";"18";"02";"2023";"02:00";"4";"35";"35297";"2";"1";"1";"6";"Rue de Merdrignac";"48,18985500";" -2,19348900"
"202300048567";"21";"09";"2023";"09:10";"1";"13";"13056";"1";"1";"1";"1";"CD 49";"43,36256000";"5,05521000"
"202300048568";"14";"06";"2023";"08:35";"1";"35";"35051";"2";"6";"1";"3";"TAILLIS (ROND-POINT DU)";"48,11447000";" -1,62085000"
"202300048569";"18";"02";"2023";"08:30";"1";"38";"38249";"1";"4";"1";"6";"D11";"45,21911800";"5,82250700"
"202300048570";"5";"01";"2023";"19:33";"5";"49";"49267";"2";"2";"1";"1";"CHARMES AVENUE";"47,46386000";" -0,49107000"
"202300048571";"18";"07";"2023";"18:40";"1";"44";"44184";"1";"9";"1";"2";"N/A";"47,28888000";" -2,24182000"
"202300048572";"14";"06";"2023";"22:55";"4";"33";"33063";"2";"1";"1";"6";"Rue Lucien Faure";"44,86693000";" -0,56218000"
"202300048573";"30";"09";"2023";"21:55";"5";"10";"10297";"2";"3";"1";"1";"CLAUDE CHAPPE (RUE)";"48,32428000";"4,10485000"
"202300048574";"5";"01";"2023";"18:22";"5";"49";"49246";"2";"1";"2";"6";"EUROPE AVENUE";"47,43768000";" -0,53050000"
"202300048575";"17";"02";"2023";"18:30";"3";"58";"58087";"2";"1";"8";"3";"4 route des mouroux";"46,76095700";"3,55846000"
"202300048576";"14";"06";"2023";"08:20";"1";"33";"33550";"2";"1";"1";"6";"Avenue des Pyrénées";"44,77382000";" -0,56483000"
"202300048577";"18";"07";"2023";"08:40";"1";"44";"44184";"2";"1";"1";"3";"29 Boulevard des Apprentis";"47,29695000";" -2,18429000"
"202300048578";"18";"02";"2023";"16:00";"1";"50";"50092";"1";"1";"1";"6";"D52";"49,09964600";" -1,35104500"
"202300048579";"5";"01";"2023";"08:54";"1";"49";"49007";"2";"1";"8";"6";"SAINT LAZARE";"47,47898000";" -0,56516000"
"202300048580";"28";"09";"2023";"17:15";"1";"10";"10387";"2";"1";"1";"2";"DANTON (RUE)";"48,30275000";"4,07509000"
"202300048581";"14";"06";"2023";"02:30";"5";"31";"31555";"2";"1";"3";"6";"FITTE (ALL CHARLES DE) DU 1AU 310";"43,59951000";"1,42967000"
"202300048582";"4";"01";"2023";"23:45";"3";"49";"49007";"2";"1";"2";"7";"ESTIENNE D'ORVES BOULEVARD";"47,46155000";" -0,51682000"
"202300048583";"16";"06";"2023";"16:15";"1";"44";"44109";"2";"1";"1";"3";"8 Boulevard Gabriel Guist'Hau";"47,21563000";" -1,56446000"
"202300048584";"28";"09";"2023";"10:05";"1";"10";"10333";"2";"6";"1";"3";"CHARLES BALTET (RUE)";"48,28204000";"4,05955000"
"202300048585";"18";"02";"2023";"10:45";"1";"36";"36155";"1";"1";"2";"6";"La Folie";"46,99229400";"1,41451300"
"202300048586";"13";"06";"2023";"09:07";"1";"27";"27229";"2";"1";"1";"4";"NORMANDIE (BOULEVARD DE)";"49,01863000";"1,14120000"
"202300048587";"6";"01";"2023";"09:15";"1";"45";"45232";"2";"6";"1";"3";"D2271 PR 0 + 232";"47,84022000";"1,87717000"
"202300048588";"18";"07";"2023";"16:50";"1";"34";"34172";"2";"1";"1";"7";"1107 Avenue de Toulouse";"43,59291000";"3,85941000"
"202300048589";"29";"09";"2023";"15:00";"1";"07";"07316";"1";"1";"1";"6";"PARADIS (RUE DU)";"44,88918175";"4,84773103"
"202300048590";"17";"02";"2023";"18:15";"2";"24";"24129";"1";"1";"1";"6";"Route des Deux Rocs";"45,36554900";"0,72345600"
"202300048591";"18";"07";"2023";"11:33";"1";"32";"32013";"2";"1";"1";"6";"MARGUERITE YOURCENAR";"43,65502000";"0,61639000"
"202300048592";"6";"01";"2023";"11:20";"1";"44";"44184";"2";"3";"1";"6";"5 Rue Françoise Sagan";"47,26690000";" -2,25431000"
"202300048593";"30";"09";"2023";"00:40";"5";"06";"06088";"2";"3";"1";"6";"QUAI DES ETATS UNIS";"43,69511000";"7,26924000"
"202300048594";"18";"02";"2023";"12:00";"1";"24";"24197";"1";"1";"1";"6";"1605 Route du Chardonnay";"44,89649400";"0,43904000"
"202300048595";"4";"01";"2023";"23:59";"5";"44";"44184";"2";"1";"2";"6";"60 Boulevard du Président Wilson";"47,26885000";" -2,21558000"
"202300048596";"19";"07";"2023";"01:45";"5";"31";"31555";"2";"1";"1";"7";"RUE ALAIN FOURNIER";"43,60769501";"1,36531815"
"202300048597";"15";"02";"2023";"18:45";"2";"17";"17008";"2";"6";"1";"2";"route de La Rochelle - SERIGNY";"46,26141000";" -1,01023800"
"202300048598";"15";"09";"2023";"07:48";"1";"05";"05061";"1";"4";"1";"4";"RN 85";"44,58017000";"6,08209000"
"202300048599";"18";"07";"2023";"09:40";"1";"29";"29232";"2";"1";"1";"3";"Place de la Tour d'Auvergne";"47,99428000";" -4,11027000"
"202300048600";"6";"01";"2023";"12:20";"1";"37";"37261";"2";"1";"1";"3";"MARECHAL JUIN (BD)";"47,40973000";"0,70327000"
"202300048601";"29";"09";"2023";"15:40";"1";"75";"75120";"2";"1";"1";"3";"PORTE DE BAGNOLET";"48,86171200";"2,41391200"
"202300048602";"16";"02";"2023";"19:45";"3";"87";"87168";"1";"1";"1";"1";"Fonsoumagne";"45,68058000";"0,78337700"
"202300048603";"7";"01";"2023";"00:05";"5";"33";"33162";"2";"1";"1";"6";"Avenue de Saint-Medard";"44,86245225";" -0,64603150"
"202300048604";"28";"09";"2023";"19:00";"1";"75";"75120";"2";"1";"1";"2";"PORTE DES LILAS";"48,87409600";"2,41136200"
"202300048605";"17";"02";"2023";"20:10";"5";"06";"06018";"2";"1";"1";"6";"744 Route de la Mer";"43,62326200";"7,10462200"
"202300048606";"6";"01";"2023";"18:05";"5";"33";"33281";"2";"1";"1";"3";"Avenue François Mitterrand";"44,82647000";" -0,61875000"
"202300048607";"14";"06";"2023";"07:35";"1";"22";"22106";"2";"1";"1";"2";"DOUVENANT (RUE DE)";"48,50107800";" -2,73274600"
"202300048608";"29";"09";"2023";"01:19";"5";"75";"75116";"2";"1";"1";"6";"AVENUE DE LA PORTE D AUTEUIL";"48,84872500";"2,24458300"
"202300048609";"17";"02";"2023";"20:30";"3";"53";"53267";"1";"1";"1";"6";"PK 222.850 sens 1";"48,05530800";" -0,47897800"
"202300048610";"17";"07";"2023";"12:00";"1";"17";"17306";"2";"6";"1";"3";"AMPERE";"45,63102500";" -1,00538200"
"202300048611";"10";"06";"2023";"04:05";"3";"22";"22113";"2";"1";"1";"6";"EGLISE (RUE DE L')";"48,74587000";" -3,48809000"
"202300048612";"6";"01";"2023";"15:50";"1";"33";"33063";"2";"2";"1";"2";"Avenue de Labarde";"44,89901127";" -0,55233657"
"202300048613";"17";"02";"2023";"18:15";"2";"973";"97360";"2";"1";"1";"1";"Avenue Francois Mitterand";"5,15703100";" -54,34279400"
"202300048614";"28";"09";"2023";"21:30";"5";"75";"75107";"2";"2";"1";"3";"QUAI D ORSAY";"48,86282600";"2,31345600"
"202300048615";"13";"06";"2023";"21:25";"1";"14";"14437";"2";"1";"1";"2";"5 Avenue Nicolas Copernic";"49,16419000";" -0,32839000"
"202300048616";"18";"07";"2023";"15:45";"1";"13";"13205";"2";"3";"1";"2";"JEAN MOULIN (BOULEVARD)";"43,29026000";"5,39982000"
"202300048617";"6";"01";"2023";"12:45";"1";"33";"33281";"2";"6";"1";"3";"Avenue René Cassin - Sortie Rocade E11";"44,83272000";" -0,67870000"
"202300048618";"17";"02";"2023";"18:50";"2";"64";"64147";"1";"4";"1";"3";"D936";"43,46670294";" -1,28918499"
"202300048619";"29";"09";"2023";"04:20";"5";"75";"75106";"2";"3";"1";"3";"RUE DE RENNES";"48,84456800";"2,32453800"
"202300048620";"18";"07";"2023";"04:55";"5";"13";"13204";"2";"9";"1";"2";"FRANÇOISE DUPARC (BOULEVARD)";"43,30335000";"5,39910000"
"202300048621";"13";"06";"2023";"18:35";"1";"14";"14118";"2";"1";"1";"7";"17 Rue Saint-Michel";"49,17538900";" -0,35500000"
"202300048622";"29";"09";"2023";"00:15";"5";"75";"75120";"2";"3";"1";"3";"RUE HAXO";"48,87389400";"2,40341000"
"202300048623";"6";"01";"2023";"08:00";"5";"33";"33529";"2";"1";"8";"1";"rue Lagrua";"44,64590000";" -1,15791000"
"202300048624";"17";"07";"2023";"23:30";"3";"13";"13098";"1";"1";"1";"4";"CREPON  CHEMIN";"43,46222000";"5,00532000"
"202300048625";"17";"02";"2023";"21:38";"3";"60";"60533";"1";"1";"1";"6";"Autoroute A1 - PK 82+500 sens LILLE/PARIS";"49,53863564";"2,72630272"
"202300048626";"5";"01";"2023";"18:20";"5";"25";"25056";"2";"1";"2";"3";"OUEST BOULEVARD";"47,22528000";"5,97912000"
"202300048627";"14";"06";"2023";"12:15";"1";"13";"13103";"2";"3";"1";"3";"RUE DES FAUVETTES";"43,64049357";"5,08103003"
"202300048628";"13";"07";"2023";"19:00";"1";"11";"11262";"2";"1";"1";"6";"36 Quai Valliere";"43,18032000";"3,00879000"
"202300048629";"29";"09";"2023";"17:20";"1";"75";"75119";"2";"5";"1";"3";"RUE DE THIONVILLE";"48,88936300";"2,38369100"
"202300048630";"17";"07";"2023";"19:00";"1";"11";"11069";"2";"1";"1";"6";"67 Avenue Bunau Varilla";"43,20938000";"2,33887000"
"202300048631";"14";"06";"2023";"08:05";"1";"06";"06069";"2";"1";"1";"2";"ORME (CHEMIN DE L')";"43,65206000";"6,94434000"
"202300048632";"29";"09";"2023";"15:36";"1";"75";"75119";"2";"3";"1";"6";"AVENUE CORENTIN CARIOU";"48,89765000";"2,38548100"
"202300048633";"6";"01";"2023";"17:25";"2";"22";"22278";"2";"1";"8";"6";"DU GUESCLIN (PL)";"48,51143980";" -2,75830597"
"202300048634";"29";"09";"2023";"13:50";"1";"75";"75119";"2";"1";"8";"6";"BOULEVARD SERURIER";"48,87853400";"2,40253100"
"202300048635";"18";"07";"2023";"06:55";"1";"08";"08105";"2";"1";"1";"1";"40 Rue de Nouzonville";"49,78311000";"4,71512000"
"202300048636";"5";"01";"2023";"16:40";"1";"19";"19031";"2";"1";"1";"3";"RIBOT (AVENUE)";"45,16465352";"1,50316894"
"202300048637";"13";"06";"2023";"09:00";"1";"75";"75116";"2";"1";"1";"4";"BD PERIPHERIQUE INTERIEUR";"48,87279400";"2,27463700"
"202300048638";"5";"01";"2023";"11:40";"1";"18";"18279";"2";"1";"1";"6";"Chemin de la Giraudiere";"47,23742200";"2,02840400"
"202300048639";"28";"09";"2023";"13:00";"1";"75";"75118";"2";"1";"1";"2";"AVENUE DE SAINT OUEN";"48,89208200";"2,32711700"
"202300048640";"18";"07";"2023";"20:30";"1";"01";"01451";"1";"1";"1";"1";"BRESSE (AVENUE DE )";"46,21852000";"5,20583000"
"202300048641";"6";"01";"2023";"15:07";"1";"17";"17306";"2";"1";"1";"7";"GARNIER (BD FREDERIC)";"45,61616000";" -1,01307000"
"202300048642";"29";"09";"2023";"14:58";"1";"75";"75118";"2";"3";"1";"6";"AVENUE DE CLICHY";"48,88453800";"2,32696200"
"202300048643";"18";"07";"2023";"10:04";"1";"75";"75117";"2";"1";"1";"2";"PORTE D ASNIERES";"48,89137100";"2,30047600"
"202300048644";"8";"06";"2023";"07:55";"1";"75";"75117";"2";"1";"1";"4";"PORTE MAILLOT";"48,88270000";"2,28335900"
"202300048645";"6";"01";"2023";"22:00";"5";"13";"13054";"2";"1";"1";"1";"FREDERIC MISTRAL (BD )";"43,41507000";"5,21695000"
"202300048646";"18";"07";"2023";"05:30";"2";"75";"75115";"2";"1";"1";"6";"BOULEVARD VICTOR";"48,83296400";"2,28773000"
"202300048647";"29";"09";"2023";"12:02";"1";"75";"75117";"2";"2";"1";"3";"RUE CARDINET";"48,89023700";"2,31719000"
"202300048648";"6";"01";"2023";"09:55";"1";"13";"13210";"1";"1";"1";"6";"CAPELETTE (AVENUE DE LA)";"43,28073285";"5,40736763"
"202300048649";"13";"06";"2023";"13:30";"1";"75";"75116";"2";"1";"1";"4";"BD PERIPHERIQUE INTERIEUR";"48,85937700";"2,26286700"
"202300048650";"18";"07";"2023";"11:48";"1";"75";"75106";"2";"1";"1";"6";"QUAI DE CONTI";"48,85768100";"2,33718600"
"202300048651";"29";"09";"2023";"09:30";"1";"75";"75116";"2";"1";"1";"3";"BOULEVARD PERIPHERIQUE INTERIEUR OUEST";"48,86100600";"2,26402000"
"202300048652";"17";"07";"2023";"08:40";"1";"75";"75105";"2";"1";"1";"1";"QUAI SAINT MICHEL";"48,85355100";"2,34510000"
"202300048653";"13";"06";"2023";"12:22";"1";"75";"75114";"2";"4";"1";"3";"AVENUE DU GENERAL LECLERC";"48,82879500";"2,32773400"
"202300048654";"29";"09";"2023";"15:00";"1";"75";"75115";"2";"3";"1";"6";"RUE LINOIS";"48,84853200";"2,28285700"
"202300048655";"6";"01";"2023";"07:20";"5";"13";"13214";"2";"2";"1";"5";"GERANIUMS (RUE DES)";"43,34125000";"5,40735000"
"202300048656";"18";"07";"2023";"18:30";"1";"75";"75119";"2";"2";"1";"7";"RUE D AUBERVILLIERS";"48,88968390";"2,36810088"
"202300048657";"14";"06";"2023";"19:25";"1";"75";"75120";"2";"1";"1";"6";"RUE DES COURONNES";"48,87027800";"2,38521700"
"202300048658";"6";"01";"2023";"12:14";"1";"12";"12174";"2";"1";"1";"6";"LACHET (Giratoire)";"44,32545000";"2,55828000"
"202300048659";"27";"09";"2023";"13:45";"1";"75";"75114";"2";"2";"1";"3";"BOULEVARD ROMAIN ROLLAND";"48,81979800";"2,32575600"
"202300048660";"18";"07";"2023";"18:00";"1";"75";"75117";"2";"1";"1";"7";"BOULEVARD PERIPHERIQUE EXTERIEUR OUEST";"48,88868600";"2,29339400"
"202300048661";"14";"06";"2023";"13:05";"1";"75";"75117";"2";"2";"1";"3";"AVENUE DE LA PORTE DE CLICHY";"48,89514300";"2,31192400"
"202300048662";"6";"01";"2023";"15:05";"1";"11";"11069";"2";"1";"1";"2";"";"43,22317000";"2,33615000"
"202300048663";"29";"09";"2023";"11:50";"1";"75";"75113";"2";"1";"8";"2";"AVENUE PIERRE DE COUBERTIN";"48,81709100";"2,34414500"
"202300048664";"18";"07";"2023";"08:30";"1";"75";"75117";"2";"3";"1";"2";"BOULEVARD MALESHERBES";"48,88668400";"2,30542000"
"202300048665";"6";"01";"2023";"23:23";"5";"08";"08105";"2";"1";"2";"3";"32 Av du President Vincent Auriol";"49,75420342";"4,72430134"
"202300048666";"14";"06";"2023";"19:15";"2";"75";"75116";"2";"3";"1";"6";"RUE MICHEL ANGE";"48,84078900";"2,25843500"
"202300048667";"7";"01";"2023";"00:35";"3";"01";"01451";"1";"1";"9";"6";"MARBOZ RD 996 (ROUTE DE ) IMPAIR";"46,28070300";"5,22926700"
"202300048668";"29";"09";"2023";"06:30";"2";"75";"75111";"2";"3";"1";"4";"PLACE LEON BLUM";"48,85795000";"2,38032800"
"202300048669";"18";"07";"2023";"18:35";"1";"75";"75116";"2";"3";"1";"1";"BOULEVARD DE L AMIRAL BRUIX";"48,87585900";"2,28117900"
"202300048670";"5";"01";"2023";"16:45";"2";"75";"75119";"2";"1";"2";"3";"PORTE DE PANTIN";"48,89721300";"2,39435400"
"202300048671";"14";"06";"2023";"15:00";"1";"75";"75116";"2";"2";"1";"3";"ROUTE DE SURESNES";"48,86504700";"2,23448500"
"202300048672";"29";"09";"2023";"06:15";"5";"75";"75111";"2";"3";"1";"6";"BOULEVARD DE CHARONNE";"48,85296200";"2,39696300"
"202300048673";"17";"07";"2023";"01:05";"5";"75";"75115";"2";"2";"1";"6";"BOULEVARD GENERAL MARTIAL VALIN";"48,83858500";"2,26977600"
"202300048674";"7";"01";"2023";"21:24";"5";"75";"75107";"2";"2";"1";"2";"QUAI D ORSAY";"48,86245400";"2,31043700"
"202300048675";"14";"06";"2023";"07:35";"1";"75";"75116";"2";"1";"1";"2";"ALLEE DE LA REINE MARGUERITE";"48,86163900";"2,24690300"
"202300048676";"29";"09";"2023";"01:44";"5";"75";"75108";"2";"2";"1";"3";"RUE DE LA VILLE L EVEQUE";"48,87115000";"2,32165200"
"202300048677";"17";"07";"2023";"18:30";"1";"75";"75114";"2";"3";"1";"2";"BOULEVARD JOURDAN";"48,82226000";"2,33079000"
"202300048678";"28";"09";"2023";"11:45";"1";"75";"75108";"2";"1";"1";"3";"BOULEVARD MALESHERBES";"48,87591100";"2,31856700"
"202300048679";"7";"01";"2023";"06:54";"5";"75";"75102";"2";"2";"1";"3";"BOULEVARD DE SEBASTOPOL";"48,86623400";"2,35254000"
"202300048680";"14";"06";"2023";"19:30";"1";"75";"75107";"2";"2";"7";"3";"QUAI BRANLY";"48,86054300";"2,29562200"
"202300048681";"29";"09";"2023";"22:00";"5";"75";"75107";"2";"1";"1";"1";"MUSEE D ORSAY";"48,86042500";"2,32682200"
"202300048682";"7";"01";"2023";"18:10";"5";"75";"75115";"2";"3";"2";"3";"RUE DE LA CROIX NIVERT";"48,83849200";"2,28924900"
"202300048683";"17";"07";"2023";"09:00";"1";"75";"75114";"2";"3";"1";"3";"AVENUE DU MAINE";"48,83309200";"2,32475400"
"202300048684";"14";"06";"2023";"10:50";"1";"75";"75115";"2";"2";"1";"6";"RUE DE LA CONVENTION";"48,84413900";"2,28119900"
"202300048685";"29";"09";"2023";"17:20";"1";"75";"75103";"2";"2";"1";"6";"RUE BEAUBOURG";"48,86321600";"2,35458300"
"202300048686";"13";"06";"2023";"09:30";"1";"75";"75114";"2";"1";"1";"2";"AVENUE JEAN MOULIN";"48,82592800";"2,32221600"
"202300048687";"17";"07";"2023";"08:45";"1";"75";"75113";"2";"3";"1";"2";"RUE DE TOLBIAC";"48,82735500";"2,36910600"
"202300048688";"29";"09";"2023";"09:15";"1";"75";"75101";"2";"3";"1";"6";"RUE DE RIVOLI";"48,86468000";"2,32929800"
"202300048689";"7";"01";"2023";"17:35";"5";"75";"75115";"2";"2";"2";"3";"RUE VIOLET";"48,84715300";"2,29262800"
"202300048690";"29";"09";"2023";"02:50";"5";"75";"75103";"2";"2";"1";"6";"BOULEVARD SAINT DENIS";"48,86904700";"2,35542800"
"202300048691";"13";"06";"2023";"08:20";"1";"75";"75114";"2";"3";"1";"6";"AVENUE DU MAINE";"48,83024000";"2,32593500"
"202300048692";"18";"07";"2023";"16:45";"1";"75";"75110";"2";"3";"1";"3";"BOULEVARD DE STRASBOURG";"48,87381700";"2,35679400"
"202300048693";"6";"01";"2023";"15:20";"1";"75";"75114";"2";"3";"1";"6";"RUE DE LA TOMBE ISSOIRE";"48,82225300";"2,33043300"
"202300048694";"28";"09";"2023";"01:00";"5";"94";"94081";"2";"1";"2";"6";"Quai Jules Guesde";"48,79051800";"2,42083000"
"202300048695";"14";"06";"2023";"08:25";"1";"75";"75113";"2";"4";"1";"7";"BOULEVARD KELLERMANN";"48,82108700";"2,35439400"
"202300048696";"28";"09";"2023";"09:10";"1";"94";"94080";"2";"1";"1";"3";"Avenue de Paris";"48,84570563";"2,42758034"
"202300048697";"7";"01";"2023";"19:15";"5";"75";"75110";"2";"3";"1";"3";"PLACE DE LA REPUBLIQUE";"48,86776000";"2,36435900"
"202300048698";"18";"07";"2023";"16:25";"1";"75";"75102";"2";"2";"1";"3";"RUE REAUMUR";"48,86623700";"2,35254200"
"202300048699";"29";"09";"2023";"16:00";"1";"94";"94041";"2";"1";"1";"6";"Boulevard Paul Vaillant Couturier";"48,81517000";"2,40134000"
"202300048700";"7";"01";"2023";"14:55";"1";"75";"75109";"2";"3";"8";"6";"BOULEVARD DE LA MADELEINE";"48,86974200";"2,32651100"
"202300048701";"18";"07";"2023";"17:16";"1";"75";"75109";"2";"1";"1";"3";"RUE DE LONDRES";"48,87737200";"2,32837300"
"202300048702";"29";"09";"2023";"18:30";"1";"94";"94065";"1";"1";"1";"2";"N186B";"48,75336000";"2,35682000"
"202300048703";"14";"06";"2023";"01:02";"5";"75";"75120";"2";"2";"1";"3";"RUE DE MENILMONTANT";"48,86865800";"2,38961800"
"202300048704";"7";"01";"2023";"09:30";"1";"75";"75108";"2";"2";"1";"3";"RUE DE LISBONNE";"48,87741400";"2,30817300"
"202300048705";"28";"09";"2023";"19:00";"5";"94";"94028";"2";"1";"1";"6";"Avenue du Général de Gaulle";"48,78357000";"2,45212000"
"202300048706";"17";"07";"2023";"14:32";"1";"75";"75108";"2";"2";"1";"3";"BOULEVARD DE COURCELLES";"48,87955200";"2,30497900"
"202300048707";"28";"09";"2023";"19:00";"2";"94";"94011";"2";"1";"1";"3";"Avenue de Boissy";"48,77150000";"2,48469000"
"202300048708";"14";"06";"2023";"21:15";"1";"75";"75110";"2";"5";"1";"3";"BOULEVARD DE MAGENTA";"48,87477400";"2,35735900"
"202300048709";"7";"01";"2023";"00:22";"5";"75";"75116";"2";"2";"1";"3";"AVENUE FOCH";"48,87268900";"2,28463900"
"202300048710";"18";"07";"2023";"19:00";"1";"75";"75101";"2";"3";"1";"6";"RUE DE RIVOLI";"48,86441000";"2,33012700"
"202300048711";"29";"09";"2023";"14:05";"1";"94";"94022";"2";"1";"1";"6";"2 Avenue de la République";"48,76216300";"2,40680700"
"202300048712";"17";"07";"2023";"17:15";"1";"94";"94080";"2";"1";"1";"6";"Rue de Fontenay";"48,84847716";"2,43490908"
"202300048713";"13";"06";"2023";"22:10";"5";"75";"75110";"2";"4";"1";"6";"BOULEVARD DE MAGENTA";"48,87942200";"2,35327500"
"202300048714";"5";"01";"2023";"18:55";"2";"75";"75108";"2";"7";"2";"3";"PLACE DE CLICHY";"48,88332900";"2,32685800"
"202300048715";"29";"09";"2023";"13:25";"1";"94";"94059";"2";"1";"1";"1";" Chem. du Plessis-Trévise À la Queue-en-Brie";"48,79722000";"2,57892000"
"202300048716";"17";"07";"2023";"00:25";"5";"94";"94067";"2";"1";"1";"2";"Avenue de Paris";"48,84636000";"2,41843000"
"202300048717";"14";"06";"2023";"00:08";"5";"75";"75109";"2";"3";"1";"7";"BOULEVARD HAUSSMANN";"48,87322000";"2,33114700"