"Num_Acc";"jour";"mois";"an";"hrmn";"lum";"dep";"com";"agg";"int";"atm";"col";"adr";"lat";"long"
"202300049113";"7";"10";"2023";"14:15";"1";"42";"42275";"2";"1";"1";"3";"Avenue Pierre Mendès-france";"45,47157000";"4,37292000"
"202300049114";"30";"10";"2023";"11:58";"1";"37";"37261";"2";"1";"1";"6";"ALOUETTE (AVENUE)";"47,36328000";"0,69933000"
"202300049115";"30";"10";"2023";"07:30";"2";"37";"37195";"2";"1";"2";"6";"PROUDHON (AVENUE)";"47,38991000";"0,64866000"
"202300049116";"30";"10";"2023";"21:10";"5";"33";"33192";"1";"1";"2";"6";"15 Rue de Catoy";"44,75642000";" -0,62238000"
"202300049117";"30";"10";"2023";"14:00";"1";"28";"28404";"2";"1";"2";"6";"CHARTRES (AVE DE)";"48,71673000";"1,36955000"
"202300049118";"30";"10";"2023";"18:45";"5";"18";"18279";"2";"1";"8";"2";"89 Avenue du 8 Mai 1945";"47,23508000";"2,08563000"
"202300049119";"30";"10";"2023";"18:30";"5";"13";"13117";"2";"1";"2";"5";"CD20 E";"43,44817000";"5,23035000"
"202300049120";"24";"10";"2023";"22:00";"5";"13";"13214";"2";"9";"1";"3";"PLOMBIERES (BOULEVARD DES)";"43,31727000";"5,38239000"
"202300049121";"30";"10";"2023";"18:30";"2";"13";"13001";"2";"1";"2";"6";"RD 543";"43,51127765";"5,35009778"
"202300049122";"30";"10";"2023";"18:55";"5";"11";"11069";"2";"1";"2";"6";"43 Boulevard Jean Jaures";"43,21581000";"2,35387000"
"202300049123";"29";"10";"2023";"10:05";"1";"11";"11069";"1";"1";"1";"7";"1500 Route de Saint Hilaire";"43,18947000";"2,33239000"
"202300049124";"29";"10";"2023";"08:30";"1";"09";"09122";"2";"9";"1";"6";"BERDOULET";"42,98220700";"1,61422600"
"202300049125";"30";"10";"2023";"21:30";"5";"06";"06123";"2";"3";"1";"1";"DE GAULLE GENERAL AVENUE";"43,66424000";"7,19366000"
"202300049126";"29";"10";"2023";"18:55";"5";"75";"75119";"2";"1";"1";"4";"PORTE DE PANTIN";"48,89538500";"2,39480200"
"202300049127";"29";"10";"2023";"18:30";"5";"75";"75113";"2";"1";"1";"2";"BD PERIPHERIQUE INTERIEUR PORTE D IVRY";"48,81839700";"2,36934700"
"202300049128";"28";"10";"2023";"21:40";"3";"75";"75117";"2";"1";"2";"6";"ECHANGEUR MAILLOT";"48,88038300";"2,28218400"
"202300049129";"30";"10";"2023";"06:02";"5";"75";"75119";"2";"7";"2";"6";"PLACE DE LA BATAILLE DE STALINGRAD";"48,88361600";"2,36900900"
"202300049130";"29";"10";"2023";"01:30";"5";"75";"75113";"2";"1";"1";"3";"PORTE D IVRY";"48,82040600";"2,37544400"
"202300049131";"30";"10";"2023";"09:30";"1";"75";"75117";"2";"3";"2";"1";"AVENUE DE WAGRAM";"48,87535657";"2,29615724"
"202300049132";"30";"10";"2023";"10:40";"1";"75";"75116";"2";"3";"2";"6";"AVENUE VICTOR HUGO";"48,86883400";"2,28330600"
"202300049133";"30";"10";"2023";"09:15";"1";"75";"75115";"2";"2";"2";"2";"BOULEVARD PASTEUR";"48,84302500";"2,31279400"
"202300049134";"30";"10";"2023";"10:30";"1";"75";"75112";"2";"2";"2";"3";"RUE DE CHARENTON";"48,83168890";"2,39787921"
"202300049135";"29";"10";"2023";"22:20";"5";"75";"75109";"2";"2";"1";"3";"BOULEVARD HAUSSMANN";"48,87224600";"2,33831700"
"202300049136";"29";"10";"2023";"19:50";"5";"75";"75108";"2";"2";"1";"2";"AVENUE DES CHAMPS ELYSEES";"48,87131300";"2,30250500"
"202300049137";"29";"10";"2023";"22:45";"5";"94";"94022";"2";"9";"1";"3";"Avenue de Lugo";"48,77330900";"2,40949100"
"202300049138";"30";"10";"2023";"08:15";"1";"93";"93077";"2";"1";"2";"6";"Avenue du Général Galliéni";"48,89042200";"2,50948600"
"202300049139";"30";"10";"2023";"09:40";"1";"93";"93015";"2";"3";"3";"6";"Rue de la Source / Rue de Courtry";"48,91406000";"2,58953000"
"202300049140";"30";"10";"2023";"19:00";"5";"93";"93030";"2";"1";"9";"2";"Avenue du 8 Mai 1945";"48,94650584";"2,43640358"
"202300049141";"29";"10";"2023";"01:40";"5";"93";"93010";"2";"2";"3";"7";"Avenue Carnot / Rue Edouard Vaillant";"48,89626000";"2,47983700"
"202300049142";"30";"10";"2023";"21:10";"5";"93";"93007";"2";"3";"8";"3";"Avenue Aristide Briand / Avenue Vladimir Ilitch Lenine";"48,94541000";"2,45127000"
"202300049143";"22";"08";"2023";"19:00";"1";"92";"92078";"2";"1";"1";"7";"VERDUN (AVENUE) (PAIRS 92 ET PLUS)";"48,93448560";"2,32102972"
"202300049144";"30";"10";"2023";"09:21";"2";"92";"92026";"2";"2";"2";"6";"CHARRAS";"48,89514836";"2,24991202"
"202300049145";"30";"10";"2023";"18:35";"5";"92";"92012";"2";"1";"1";"6";"ALPHONSE LE GALLO (QUAI) 1/34";"48,83324804";"2,22716475"
"202300049146";"11";"10";"2023";"07:30";"1";"92";"92002";"2";"1";"8";"7";"DIVISION LECLERC (53 A 217 - 58 A 186)";"48,74466282";"2,30331302"
"202300049147";"31";"10";"2023";"17:25";"1";"47";"47324";"1";"1";"1";"1";"1335 route de Monpazier";"44,63695562";"0,75430658"
"202300049148";"30";"10";"2023";"17:40";"3";"26";"26031";"1";"1";"3";"1";"D540";"44,55259600";"4,87759700"
"202300049149";"30";"10";"2023";"17:20";"1";"81";"81088";"1";"1";"2";"1";"RD 81 - PK 15+950";"43,84647500";"2,28786000"
"202300049150";"29";"10";"2023";"13:15";"1";"36";"36006";"1";"1";"2";"2";"Autoroute A20 - Pk 94+100";"46,57171298";"1,50038874"
"202300049151";"30";"10";"2023";"12:20";"1";"30";"30286";"1";"9";"2";"7";"D 981";"43,98118900";"4,46948300"
"202300049152";"31";"10";"2023";"09:55";"1";"21";"21300";"1";"1";"2";"6";"D33";"47,28138300";"4,78471800"
"202300049153";"30";"10";"2023";"17:15";"1";"35";"35197";"1";"1";"1";"1";"d528";"48,21267200";" -1,61556100"
"202300049154";"3";"08";"2023";"18:30";"1";"56";"56218";"1";"1";"2";"6";"La métairie neuve";"47,72271000";" -2,32080500"
"202300049155";"30";"10";"2023";"14:18";"1";"56";"56011";"1";"1";"2";"1";"Route de Redon";"47,60073700";" -2,23606100"
"202300049156";"31";"10";"2023";"16:15";"1";"65";"65124";"1";"1";"1";"6";"D25";"42,83385400";"0,35152000"
"202300049157";"10";"10";"2023";"17:45";"1";"71";"71442";"1";"1";"1";"6";"D974";"46,85434000";"4,64116800"
"202300049158";"31";"10";"2023";"14:05";"1";"12";"12069";"1";"1";"8";"1";"999";"43,87349200";"2,69886000"
"202300049159";"28";"10";"2023";"19:48";"3";"47";"47214";"1";"1";"2";"6";"3515 Route de Damazan";"44,31680900";"0,25228300"
"202300049160";"27";"10";"2023";"20:10";"3";"35";"35188";"1";"1";"3";"1";"l'asnière";"48,12165460";" -1,95811450"
"202300049161";"30";"10";"2023";"08:30";"2";"29";"29069";"1";"1";"2";"2";"route de Pont Cabioc'h";"48,40983074";" -4,53486911"
"202300049162";"23";"10";"2023";"20:10";"5";"38";"38229";"2";"2";"2";"3";"Avenue du Grésivaudan";"45,20621600";"5,75248000"
"202300049163";"27";"10";"2023";"19:55";"5";"54";"54157";"2";"1";"2";"6";"55 Avenue du Général de Gaulle";"48,84179620";"6,06899679"
"202300049164";"13";"05";"2023";"17:35";"1";"72";"72290";"2";"1";"1";"1";"49 Rue Nationale";"48,15242000";"0,13118700"
"202300049165";"31";"10";"2023";"17:00";"1";"90";"90053";"2";"3";"1";"1";"Rue Bellevue";"47,54089300";"6,97224700"
"202300049166";"29";"10";"2023";"11:45";"1";"83";"83056";"1";"1";"1";"6";"D54";"43,55833154";"6,51369896"
"202300049167";"30";"10";"2023";"18:25";"2";"18";"18037";"1";"1";"2";"7";"N/A";"47,56397400";"2,23913000"
"202300049168";"26";"10";"2023";"10:10";"1";"43";"43268";"1";"1";"1";"7";"Rue du Meygal";"45,11309900";"4,12373000"
"202300049169";"30";"10";"2023";"09:09";"1";"17";"17340";"1";"9";"1";"3";"D911";"46,06396500";" -0,79569900"
"202300049170";"31";"10";"2023";"08:01";"1";"30";"30235";"2";"1";"1";"7";"D6086";"43,92654500";"4,54432900"
"202300049171";"30";"10";"2023";"17:55";"5";"68";"68375";"2";"1";"2";"6";"8 Rue de Mulhouse";"47,80891100";"7,23991500"
"202300049172";"31";"10";"2023";"12:00";"1";"79";"79125";"1";"1";"2";"3";"N/A";"46,23792100";" -0,43501100"
"202300049173";"30";"10";"2023";"14:10";"1";"976";"97609";"1";"1";"1";"7";"D4";" -12,97980200";"45,14614800"
"202300049174";"31";"10";"2023";"10:30";"1";"69";"69188";"2";"1";"1";"6";"331 Chemin du Calvaire";"45,92551300";"4,45845400"
"202300049175";"31";"10";"2023";"10:00";"1";"69";"69027";"2";"1";"1";"6";"6 Rue Simone Veil";"45,67435688";"4,76406769"
"202300049176";"30";"10";"2023";"09:45";"1";"2B";"2B313";"2";"1";"8";"6";"T10";"42,37397000";"9,52992100"
"202300049177";"31";"10";"2023";"08:45";"1";"06";"06151";"1";"1";"1";"6";"M6202";"43,89943900";"7,18905000"
"202300049178";"1";"04";"2023";"19:25";"2";"69";"69387";"2";"3";"2";"3";"Rue de Gerland";"45,73122000";"4,83850000"
"202300049179";"31";"10";"2023";"09:30";"1";"55";"55110";"2";"1";"1";"7";"Rue de Bievres";"49,53765800";"5,29534300"
"202300049180";"31";"03";"2023";"14:40";"1";"972";"97213";"1";"2";"1";"5";"VICTOR LAMON";"14,62151000";" -60,98818000"
"202300049181";"1";"04";"2023";"11:15";"1";"69";"69081";"2";"1";"2";"3";"Chemin de Charrière Blanche";"45,77798000";"4,77624000"
"202300049182";"30";"10";"2023";"17:15";"2";"63";"63263";"1";"1";"2";"7";"D942";"45,76104739";"2,98449247"
"202300049183";"31";"03";"2023";"10:49";"1";"2B";"2B037";"2";"9";"1";"6";"TOUTES RUES";"42,62060000";"9,43600000"
"202300049184";"29";"10";"2023";"12:00";"1";"73";"73288";"1";"1";"1";"1";"D16 route de pont ameille";"45,63200800";"5,91867000"
"202300049185";"1";"04";"2023";"22:25";"4";"91";"91339";"1";"1";"1";"6";"RTE NATIONALE 20";"48,63329000";"2,26502000"
"202300049186";"31";"10";"2023";"11:30";"1";"07";"07142";"1";"2";"1";"3";"D108";"44,73980600";"3,88924600"
"202300049187";"1";"04";"2023";"11:10";"1";"91";"91339";"2";"3";"1";"2";"RUE DE GUILLERVILLE";"48,63896400";"2,26133700"
"202300049188";"29";"10";"2023";"17:25";"2";"33";"33240";"2";"2";"1";"3";"Rue des Abbes Collin";"45,30500700";" -0,92322700"
"202300049189";"31";"03";"2023";"19:30";"1";"91";"91161";"2";"1";"1";"2";"RTE DE MASSY";"48,71242000";"2,30305800"
"202300049190";"31";"03";"2023";"17:20";"1";"91";"91027";"2";"1";"1";"2";"RTE NATIONALE 7";"48,70487200";"2,37149400"
"202300049191";"30";"10";"2023";"07:25";"5";"33";"33056";"2";"3";"3";"6";"Avenue du Général de Gaulle";"44,92358501";" -0,63476890"
"202300049192";"29";"10";"2023";"06:45";"2";"53";"53094";"1";"6";"1";"7";"Nationale 162";"48,01476000";" -0,72996000"
"202300049193";"1";"04";"2023";"12:30";"1";"83";"83061";"1";"1";"1";"1";"D7";"43,51488000";"6,82578000"
"202300049194";"30";"10";"2023";"10:46";"1";"59";"59377";"2";"6";"2";"6";"Place du General de Gaulle";"50,12183200";"3,17292100"
"202300049195";"1";"04";"2023";"18:45";"1";"78";"78517";"2";"9";"1";"6";"LENOTRE (RUE G.)";"48,63998000";"1,82660000"
"202300049196";"12";"05";"2023";"08:45";"1";"66";"66012";"1";"6";"1";"3";"N/A";"42,70414400";"2,83220900"
"202300049197";"29";"10";"2023";"18:55";"3";"83";"83090";"1";"1";"1";"6";"A50";"43,12540000";"5,87643000"
"202300049198";"1";"04";"2023";"19:45";"2";"77";"77400";"1";"6";"2";"6";"D 402";"48,76130000";"3,02396000"
"202300049199";"12";"05";"2023";"02:10";"3";"06";"06123";"1";"1";"1";"6";"A8";"43,66793000";"7,19634300"
"202300049200";"30";"10";"2023";"06:08";"2";"57";"57206";"1";"9";"3";"7";"Autoroute A30";"49,30394357";"6,13127232"
"202300049201";"11";"05";"2023";"20:00";"3";"976";"97601";"1";"1";"1";"6";"Route Ahamada M'colo Mari";" -12,72520200";"45,06067800"
"202300049202";"31";"03";"2023";"17:10";"1";"72";"72181";"2";"1";"8";"4";"CHAMPION HENRI (RUE) N° IMP";"47,98355000";"0,23439000"
"202300049203";"30";"10";"2023";"08:49";"1";"33";"33487";"1";"1";"8";"5";"AUTOROUTE A 10";"44,93864699";" -0,46682507"
"202300049204";"12";"05";"2023";"10:50";"1";"974";"97402";"2";"1";"1";"2";"Route Nationale 2";" -20,99991700";"55,68631800"
"202300049205";"1";"04";"2023";"19:50";"1";"69";"69264";"2";"2";"8";"3";"Rue Ampere";"45,98634000";"4,73225000"
"202300049206";"29";"10";"2023";"01:10";"3";"33";"33162";"1";"1";"3";"2";"ROCADE A 630";"44,87157834";" -0,64153880"
"202300049207";"11";"05";"2023";"07:52";"1";"973";"97304";"1";"1";"1";"7";"Route de l?Espace";"5,19034200";" -52,72278800"
"202300049208";"1";"04";"2023";"22:18";"5";"69";"69029";"2";"1";"2";"3";"283 Route de Genas";"45,74968626";"4,91281524"
"202300049209";"28";"10";"2023";"09:40";"1";"59";"59350";"1";"1";"1";"7";"ROUTE NATIONALE 356";"50,61685000";"3,07751000"
"202300049210";"12";"05";"2023";"06:40";"1";"21";"21263";"1";"2";"1";"7";"D996";"47,25761747";"5,05911249"
"202300049211";"1";"04";"2023";"14:00";"1";"69";"69029";"2";"1";"8";"4";"Route de Genas";"45,74540000";"4,92860000"
"202300049212";"28";"10";"2023";"04:15";"3";"59";"59456";"1";"1";"2";"2";"AUTOROUTE A 21";"50,38011000";"3,23256000"
"202300049213";"27";"03";"2023";"14:00";"1";"62";"62215";"2";"1";"1";"6";"Boulevard de la Justice";"50,48957800";"2,94249300"
"202300049214";"11";"05";"2023";"20:10";"1";"66";"66053";"1";"1";"1";"1";"D114";"42,52892300";"3,07160100"
"202300049215";"30";"10";"2023";"16:05";"1";"91";"91136";"1";"1";"1";"6";"AUTOROUTE A10";"48,71084000";"2,28856000"
"202300049216";"11";"05";"2023";"19:05";"1";"30";"30128";"2";"1";"1";"6";"10 Rue Emile Bilhau";"43,72923900";"4,34480300"
"202300049217";"31";"03";"2023";"16:30";"1";"61";"61001";"2";"3";"3";"2";"Voie Communale";"48,42947000";"0,08080000"
"202300049218";"30";"10";"2023";"09:22";"1";"94";"94034";"1";"1";"3";"5";"A6B";"48,75433692";"2,33216922"
"202300049219";"11";"05";"2023";"08:50";"1";"11";"11188";"1";"1";"9";"2";"D6009";"42,94695200";"2,98806700"
"202300049220";"1";"04";"2023";"03:30";"5";"54";"54395";"2";"9";"2";"6";"CHARLES III (RUE)";"48,68522700";"6,18027000"
"202300049221";"1";"04";"2023";"08:10";"1";"54";"54367";"1";"1";"3";"7";"N52";"49,50228000";"5,79288000"
"202300049222";"30";"10";"2023";"08:25";"2";"92";"92064";"1";"1";"3";"2";"A13";"48,83887386";"2,19360470"
"202300049223";"11";"05";"2023";"17:20";"1";"83";"83117";"1";"2";"1";"3";"D4";"43,55708900";"6,70139500"
"202300049224";"2";"04";"2023";"01:10";"5";"49";"49007";"2";"3";"1";"7";"Avenue Pasteur";"47,47435000";" -0,53721000"
"202300049225";"29";"10";"2023";"04:42";"5";"92";"92064";"1";"1";"2";"6";"A13";"48,83969235";"2,21105474"
"202300049226";"12";"05";"2023";"12:21";"1";"13";"13015";"2";"1";"1";"3";"2010 Avenue de la Croix d?Or";"43,44889200";"5,39787300"
"202300049227";"11";"05";"2023";"13:25";"1";"08";"08081";"2";"1";"1";"6";"N/A";"49,84813300";"4,76942900"
"202300049228";"28";"08";"2023";"12:35";"1";"29";"29026";"2";"1";"1";"3";"1186 Avenue Louison Bobet";"48,21033010";" -4,07561124"
"202300049229";"31";"03";"2023";"00:40";"5";"42";"42218";"2";"2";"1";"3";"Rue Etienne Boisson";"45,44672000";"4,38265000"
"202300049230";"3";"05";"2023";"18:30";"1";"67";"67052";"1";"1";"1";"6";"RD 35";"48,48274300";"7,45177700"
"202300049231";"27";"08";"2023";"03:30";"3";"01";"01159";"2";"1";"1";"6";"490 Route de Montgrimoux";"46,33737300";"4,90308900"
"202300049232";"10";"05";"2023";"06:50";"2";"73";"73179";"2";"1";"3";"6";"171 Rue des allobroges";"45,59727300";"5,87576500"
"202300049233";"28";"10";"2023";"23:15";"3";"92";"92047";"1";"1";"3";"5";"A13";"48,83271459";"2,15695103"
"202300049234";"1";"04";"2023";"18:00";"1";"38";"38169";"2";"3";"2";"1";"RUE EUGÈNE CHARBONNIER";"45,19340000";"5,67920000"
"202300049235";"28";"08";"2023";"00:30";"3";"26";"26166";"2";"1";"1";"1";"N7";"44,75960900";"4,83488000"
"202300049236";"12";"05";"2023";"16:00";"1";"07";"07086";"1";"2";"1";"1";"D532";"45,10790800";"4,74384100"
"202300049237";"30";"10";"2023";"20:10";"3";"93";"93078";"1";"1";"8";"2";"AUTOROUTE A104";"48,96728918";"2,51199890"
"202300049238";"29";"03";"2023";"17:30";"1";"38";"38169";"2";"1";"1";"6";"D106";"45,19245000";"5,69756000"
"202300049239";"31";"03";"2023";"10:30";"1";"34";"34129";"2";"9";"1";"3";"1 Avenue de Figuiere";"43,58423000";"3,92799000"
"202300049240";"1";"12";"2023";"17:25";"3";"27";"27230";"1";"9";"1";"3";"Départemntale 143";"48,87002600";"1,43417700"
"202300049241";"12";"05";"2023";"09:10";"1";"69";"69009";"2";"1";"1";"2";"Route de Villefranche";"45,94669600";"4,71440100"
"202300049242";"27";"08";"2023";"15:55";"1";"58";"58046";"1";"1";"1";"7";"D981";"46,84396100";"3,65961100"
"202300049243";"30";"10";"2023";"16:00";"1";"95";"95572";"1";"1";"2";"2";"A15";"49,03444000";"2,10118000"
"202300049244";"1";"04";"2023";"13:20";"1";"33";"33318";"2";"1";"1";"3";"Avenue Pasteur";"44,80034000";" -0,65914000"
"202300049245";"10";"05";"2023";"19:20";"1";"17";"17038";"1";"1";"1";"7";"D145";"45,19603700";" -0,32756700"
"202300049246";"4";"12";"2023";"07:00";"5";"62";"62399";"2";"1";"4";"1";"D339";"50,30678800";"2,60641000"
"202300049247";"26";"08";"2023";"21:45";"3";"72";"72054";"1";"1";"1";"1";"D357";"48,00726300";"0,34071600"
"202300049248";"30";"10";"2023";"16:48";"2";"95";"95582";"1";"1";"3";"6";"A15";"48,97479000";"2,24430000"
"202300049249";"7";"05";"2023";"19:30";"1";"24";"24572";"1";"1";"1";"1";"D2";"44,65264300";"0,85294200"
"202300049250";"5";"12";"2023";"18:30";"5";"30";"30060";"1";"1";"1";"1";"Chemin des Canaux";"43,79202516";"4,37737727"
"202300049251";"30";"10";"2023";"15:20";"1";"95";"95572";"1";"1";"3";"6";"N184";"49,03549763";"2,11713195"
"202300049252";"27";"08";"2023";"15:49";"1";"72";"72349";"1";"1";"1";"1";"Lieu Dit l?Orme";"48,19747300";"0,19335500"
"202300049253";"1";"04";"2023";"20:30";"5";"27";"27299";"2";"1";"2";"4";"BRIAND (AVENUE ARISTIDE)";"49,05042200";"1,16458400"
"202300049254";"11";"05";"2023";"20:10";"1";"60";"60088";"1";"1";"1";"7";"Rue de Montchavert";"49,23475000";"2,20999000"
"202300049255";"4";"12";"2023";"09:25";"1";"31";"31157";"2";"1";"8";"6";"72 Route de Tournefeuille";"43,55289100";"1,33470300"
"202300049256";"30";"10";"2023";"11:00";"1";"92";"92036";"1";"1";"2";"3";"AUTOROUTE A15";"48,94920532";"2,28069842"
"202300049257";"5";"12";"2023";"07:56";"3";"76";"76380";"1";"2";"2";"1";"D152";"49,80316648";"0,96910411"
"202300049258";"30";"10";"2023";"16:30";"1";"94";"94028";"1";"1";"8";"2";"N406";"48,78106943";"2,44145990"
"202300049259";"27";"08";"2023";"12:40";"1";"36";"36070";"2";"3";"1";"3";"Rue Camille Toussaints";"46,44109277";"1,58327043"
"202300049260";"1";"04";"2023";"13:21";"1";"22";"22215";"2";"1";"2";"2";"CARPONT (LE)";"48,50012000";" -2,77738000"
"202300049261";"11";"05";"2023";"18:15";"1";"13";"13071";"1";"1";"1";"4";"A51-Sens Aix en Provence vers Marseille";"43,41418849";"5,36456931"
"202300049262";"1";"04";"2023";"14:13";"1";"16";"16341";"1";"1";"1";"6";"GRAND GIRAC (LE)";"45,63581000";"0,12262000"
"202300049263";"4";"12";"2023";"18:15";"2";"80";"80008";"2";"2";"2";"3";"Rue de Gamaches";"50,03729300";"1,59310300"
"202300049264";"28";"06";"2023";"09:25";"1";"63";"63113";"2";"6";"1";"3";"COTE BLATIN (BD)";"45,76797000";"3,08659000"
"202300049265";"11";"05";"2023";"17:56";"1";"13";"13211";"1";"1";"1";"4";"A50-Sens Marseille vers Aubagne";"43,29304000";"5,47554000"
"202300049266";"27";"08";"2023";"14:20";"1";"21";"21584";"1";"4";"1";"1";"Rd 977 bis";"47,27618600";"4,20394400"
"202300049267";"1";"04";"2023";"10:17";"1";"14";"14242";"1";"1";"1";"1";"Avenue de Garbsen";"49,21993624";" -0,35860598"
"202300049268";"4";"12";"2023";"14:15";"1";"89";"89018";"2";"1";"2";"1";"Rue de Beaudemont";"48,04970000";"3,31550000"
"202300049269";"28";"06";"2023";"22:05";"5";"63";"63164";"2";"6";"1";"6";"CHARLES DE GAULLE (BD)";"45,81347000";"3,13619000"
"202300049270";"10";"05";"2023";"18:20";"1";"13";"13211";"1";"1";"1";"2";"A50-Sens Marseille vers Aubagne";"43,29297841";"5,47637741"
"202300049271";"5";"12";"2023";"09:35";"1";"76";"76618";"1";"1";"2";"1";"RD925";"49,98925600";"1,27012300"
"202300049272";"1";"04";"2023";"20:00";"2";"13";"13208";"2";"3";"1";"1";"PARADIS (RUE)";"43,27540086";"5,38437126"
"202300049273";"26";"08";"2023";"23:40";"3";"24";"24217";"1";"9";"3";"6";"D710";"44,98556300";"0,88834800"
"202300049274";"4";"12";"2023";"09:40";"1";"61";"61346";"1";"1";"8";"7";"D703";"48,91407700";"0,10073300"
"202300049275";"1";"04";"2023";"08:45";"1";"06";"06069";"2";"1";"1";"2";"PEGOMAS (ROUTE DE)";"43,63983000";"6,93419000"
"202300049276";"10";"05";"2023";"22:35";"3";"13";"13001";"1";"1";"1";"2";"A51-Sens Aix en Provence vers Marseille";"43,51936000";"5,42815000"
"202300049277";"23";"08";"2023";"09:45";"1";"85";"85047";"2";"1";"1";"6";"RD1753";"46,83925230";" -1,89184000"
"202300049278";"20";"07";"2023";"01:10";"3";"13";"13076";"1";"9";"1";"2";"A7 pk 207.500 sens 2";"43,83371000";"5,00483000"
"202300049279";"25";"08";"2023";"07:35";"1";"27";"27201";"1";"1";"1";"7";"D79";"49,19976600";"1,03821300"
"202300049280";"11";"05";"2023";"08:15";"1";"67";"67389";"1";"1";"1";"2";"M35";"48,64676000";"7,73325000"
"202300049281";"4";"12";"2023";"07:50";"2";"47";"47214";"1";"2";"2";"3";"À Picon";"44,33497800";"0,26658200"
"202300049282";"31";"03";"2023";"18:10";"1";"03";"03185";"2";"1";"3";"1";"Avenue Jules Guesde";"46,34061200";"2,58454900"
"202300049283";"9";"07";"2023";"15:35";"1";"13";"13076";"1";"1";"1";"3";"A7 - PK 211.000 - sens nord sud";"43,82273100";"5,02737700"
"202300049284";"28";"07";"2023";"19:20";"1";"27";"27108";"1";"2";"1";"2";"D926";"48,74604500";"0,81831000"
"202300049285";"11";"05";"2023";"19:45";"1";"91";"91659";"1";"1";"1";"3";"AUTOROUTE A6";"48,58624700";"2,45201600"
"202300049286";"1";"04";"2023";"17:30";"1";"75";"75113";"2";"1";"2";"3";"PORTE D ITALIE";"48,82094000";"2,37772000"
"202300049287";"4";"12";"2023";"09:00";"1";"47";"47189";"1";"2";"7";"3";"la guine du bois";"44,53856100";"0,33210000"
"202300049288";"28";"10";"2023";"14:55";"1";"974";"97411";"2";"1";"1";"3";"TOPAZES(ALLEE DES)";" -20,89484000";"55,44520000"
"202300049289";"26";"08";"2023";"23:30";"5";"978";"97801";"2";"1";"1";"7";"R DE PIC PARADIS";"18,08027039";" -63,06160927"
"202300049290";"1";"04";"2023";"14:05";"1";"75";"75113";"2";"1";"1";"2";"BD PERIPHERIQUE INTERIEUR";"48,81634700";"2,36383700"
"202300049291";"29";"10";"2023";"15:55";"1";"973";"97302";"2";"1";"1";"7";"PORT (DU VIEUX)";"4,93712000";" -52,33839000"
"202300049292";"28";"08";"2023";"01:55";"5";"33";"33122";"1";"6";"1";"6";"Chemin du Pot aux Pins";"44,71553700";" -0,75611500"
"202300049293";"3";"12";"2023";"14:15";"1";"47";"47151";"1";"1";"2";"1";"route de lalande";"44,73111000";"0,31359300"
"202300049294";"11";"05";"2023";"17:30";"1";"91";"91689";"1";"1";"1";"4";"AUTOROUTE A6B";"48,74030000";"2,31870000"
"202300049295";"24";"10";"2023";"11:40";"1";"973";"97302";"2";"1";"1";"6";"ZEPHIR (CITE)";"4,93401963";" -52,31286317"
"202300049296";"22";"08";"2023";"20:50";"2";"27";"27517";"1";"1";"1";"6";"Autoroute A13PK 78+800";"49,11471900";"1,33443100"
"202300049297";"31";"03";"2023";"01:00";"5";"75";"75120";"2";"1";"2";"6";"ECHANGEUR BAGNOLET";"48,86602200";"2,41267600"
"202300049298";"4";"12";"2023";"17:35";"3";"34";"34142";"2";"1";"1";"3";"D609";"43,70329700";"3,32898600"
"202300049299";"29";"10";"2023";"01:05";"3";"973";"97302";"2";"1";"1";"7";"TIGRE (ROUTE DU)";"4,91420000";" -52,30943000"
"202300049300";"27";"08";"2023";"12:05";"1";"987";"98747";"1";"1";"1";"3";"Afaahiti, PK 2.500, RT3";" -17,75615600";" -148,73564100"
"202300049301";"11";"05";"2023";"09:10";"1";"91";"91534";"1";"1";"1";"2";"RN 118";"48,71706000";"2,17131000"
"202300049302";"29";"10";"2023";"19:00";"5";"69";"69386";"2";"1";"1";"3";"Rue de Créqui";"45,77627000";"4,84467000"
"202300049303";"2";"04";"2023";"19:15";"2";"75";"75117";"2";"2";"1";"3";"PLACE GENERAL CATROUX";"48,88260200";"2,31024700"
"202300049304";"27";"08";"2023";"09:55";"1";"974";"97422";"1";"1";"1";"7";"Route Nationale 3, lieu-dit source Reilhac";" -21,17239700";"55,58516600"
"202300049305";"28";"11";"2023";"16:00";"1";"68";"68042";"2";"1";"1";"2";"30 Rue du 19 Novembre";"47,60752300";"7,50246600"
"202300049306";"11";"05";"2023";"07:50";"1";"91";"91228";"1";"1";"1";"3";"AUTOROUTE A6";"48,62391000";"2,41988000"
"202300049307";"26";"08";"2023";"10:55";"1";"971";"97101";"1";"1";"1";"6";"D101";"16,28914400";" -61,47623100"
"202300049308";"2";"04";"2023";"16:30";"1";"75";"75117";"2";"2";"8";"6";"RUE GUY MOQUET";"48,89301100";"2,32741600"
"202300049309";"27";"10";"2023";"17:30";"1";"69";"69389";"2";"2";"1";"7";"74 Rue de Saint-Cyr";"45,78333000";"4,80761000"
"202300049310";"4";"12";"2023";"07:45";"2";"44";"44069";"1";"1";"2";"6";"N/A";"47,31276600";" -2,40225400"
"202300049311";"26";"08";"2023";"21:45";"5";"45";"45144";"2";"1";"1";"6";"12 Place de l’Eglise";"47,83564000";"2,11198200"
"202300049312";"2";"04";"2023";"04:30";"5";"75";"75111";"2";"3";"2";"6";"AVENUE PARMENTIER";"48,85915000";"2,37949000"