"Num_Acc";"jour";"mois";"an";"hrmn";"lum";"dep";"com";"agg";"int";"atm";"col";"adr";"lat";"long"
"202300049313";"11";"05";"2023";"21:39";"3";"92";"92036";"1";"1";"1";"6";"A86";"48,93404000";"2,27166000"
"202300049314";"29";"10";"2023";"03:55";"5";"69";"69382";"2";"3";"1";"6";"Quai Maréchal Joffre";"45,75285888";"4,82470405"
"202300049315";"5";"12";"2023";"14:15";"1";"29";"29165";"1";"3";"1";"3";"Lieu Dit Quelarn";"47,82133311";" -4,25329801"
"202300049316";"2";"04";"2023";"19:12";"1";"75";"75104";"2";"4";"1";"6";"RUE DE RIVOLI";"48,85572600";"2,35897600"
"202300049317";"28";"08";"2023";"08:10";"1";"77";"77168";"1";"1";"1";"1";"D30";"48,18040900";"2,84979300"
"202300049318";"29";"10";"2023";"18:54";"3";"95";"95585";"2";"1";"1";"6";"DIVISION LECLERC (AVENUE DE LA)";"48,98261153";"2,37048142"
"202300049319";"4";"12";"2023";"19:20";"3";"31";"31510";"1";"1";"2";"1";"D635";"43,27583800";"0,68548700"
"202300049320";"1";"04";"2023";"22:10";"5";"93";"93064";"2";"1";"2";"6";"Rue J et Etienne de Montgolfier";"48,88605314";"2,48408424"
"202300049321";"10";"05";"2023";"10:15";"5";"75";"75116";"1";"1";"2";"3";"A13W";"48,84820200";"2,24871600"
"202300049322";"27";"08";"2023";"17:26";"1";"77";"77484";"1";"1";"1";"3";"D228";"48,88935100";"2,95350400"
"202300049323";"29";"10";"2023";"13:50";"1";"95";"95680";"1";"1";"1";"3";"D10";"49,01323324";"2,40693122"
"202300049324";"1";"04";"2023";"23:20";"5";"93";"93048";"2";"7";"1";"2";"Place de la Fraternite / Rue Arsène Chéreau";"48,85710000";"2,42230000"
"202300049325";"23";"08";"2023";"07:50";"1";"66";"66008";"1";"1";"1";"7";"D914";"42,53301800";"3,04686100"
"202300049326";"30";"11";"2023";"00:45";"3";"66";"66003";"2";"4";"2";"6";"Avenue Docteur Bouix";"42,47446700";"2,67067600"
"202300049327";"29";"10";"2023";"05:50";"5";"91";"91027";"2";"1";"1";"6";"VC QUAI DE L'INDUSTRIE";"48,69661000";"2,39347000"
"202300049328";"27";"08";"2023";"07:45";"2";"05";"05053";"1";"1";"3";"6";"Route des Princes d?Orange";"44,33959200";"5,76022500"
"202300049329";"11";"05";"2023";"19:15";"1";"93";"93048";"1";"1";"1";"5";"AUTOROUTE A3";"48,87072328";"2,43165940"
"202300049330";"2";"04";"2023";"17:15";"1";"92";"92050";"2";"5";"8";"3";"FOCH MARECHAL PLACE DU";"48,88824380";"2,19414622"
"202300049331";"29";"10";"2023";"05:20";"4";"86";"86194";"2";"1";"3";"6";"Rue du Faubourg Saint Cyprien";"46,57105100";"0,34257700"
"202300049332";"2";"04";"2023";"18:30";"1";"37";"37148";"2";"1";"1";"7";"14 Grande Rue";"46,98262500";"0,48836900"
"202300049333";"28";"08";"2023";"17:25";"1";"88";"88410";"1";"1";"1";"6";"RD435";"48,40989000";"6,70440700"
"202300049334";"4";"12";"2023";"14:20";"1";"14";"14431";"2";"2";"2";"3";"2 Rue Eugène Leriteau";"49,07455100";" -0,07276300"
"202300049335";"11";"05";"2023";"14:20";"1";"93";"93048";"1";"1";"1";"2";"AUTOROUTE A3";"48,87346451";"2,43622341"
"202300049336";"29";"10";"2023";"05:10";"5";"84";"84031";"2";"9";"1";"6";"LEGUE CHEMIN DE LA";"44,05515000";"5,05405000"
"202300049337";"1";"04";"2023";"18:05";"1";"37";"37043";"1";"1";"2";"6";"D74";"47,52709200";"1,04288500"
"202300049338";"27";"08";"2023";"19:55";"1";"57";"57474";"2";"6";"1";"3";"D8";"49,26284800";"6,17377500"
"202300049339";"4";"12";"2023";"14:00";"1";"05";"05124";"1";"1";"4";"3";"D14";"44,60574600";"6,14201200"
"202300049340";"28";"08";"2023";"19:00";"2";"57";"57482";"1";"1";"1";"7";"D67";"49,12045900";"6,31835400"
"202300049341";"11";"05";"2023";"08:50";"1";"95";"95154";"1";"1";"1";"5";"A1";"49,03701000";"2,54124000"
"202300049342";"30";"03";"2023";"07:15";"2";"06";"06161";"2";"1";"1";"6";"10 boulebard des Italiens";"43,64285900";"7,14394600"
"202300049343";"2";"12";"2023";"22:15";"3";"83";"83078";"1";"1";"1";"6";"550 Route de Régusse";"43,65079121";"6,15796531"
"202300049344";"27";"08";"2023";"08:50";"1";"81";"81219";"1";"1";"2";"6";"Lieu-dit Le Bousquet";"43,61150200";"2,07755300"
"202300049345";"5";"12";"2023";"17:40";"2";"45";"45145";"2";"1";"2";"6";"37 Rue des Roches";"48,09358800";"2,79623000"
"202300049346";"27";"10";"2023";"13:00";"1";"73";"73011";"2";"3";"8";"3";"CONTAMINE (CHEMIN DE LA)";"45,66425000";"6,37804000"
"202300049347";"11";"05";"2023";"09:05";"1";"93";"93064";"1";"1";"1";"2";"AUTOROUTE A103";"48,88676096";"2,47911670"
"202300049348";"27";"08";"2023";"15:30";"1";"79";"79048";"1";"1";"1";"1";"N/A";"46,35441100";" -0,34359000"
"202300049349";"2";"04";"2023";"20:15";"3";"30";"30125";"1";"1";"1";"2";"D 6113";"43,77490500";"4,46662900"
"202300049350";"5";"12";"2023";"03:20";"3";"16";"16329";"1";"9";"2";"6";"LA TUILERIE";"45,91872100";"0,51107900"
"202300049351";"3";"04";"2023";"13:10";"1";"57";"57300";"1";"1";"1";"6";"D98d";"48,70062000";"7,21237400"
"202300049352";"23";"10";"2023";"20:40";"5";"70";"70388";"1";"6";"1";"3";"RD457";"47,62560000";"6,13827000"
"202300049353";"27";"08";"2023";"18:05";"1";"85";"85226";"1";"1";"1";"1";"RD38";"46,72830900";" -1,95031900"
"202300049354";"11";"05";"2023";"06:45";"1";"93";"93053";"1";"1";"1";"3";"AUTOROUTE A3";"48,88411231";"2,46310523"
"202300049355";"3";"04";"2023";"13:15";"1";"67";"67456";"1";"1";"1";"6";"D1061";"48,95489200";"7,06333700"
"202300049356";"4";"12";"2023";"07:50";"1";"40";"40080";"2";"6";"1";"5";"D824";"43,76286600";" -0,32077100"
"202300049357";"26";"08";"2023";"17:55";"1";"85";"85238";"2";"1";"1";"6";"Rue de la forge";"46,95910000";" -0,89108900"
"202300049358";"3";"04";"2023";"05:30";"3";"67";"67434";"1";"1";"1";"2";"D1061";"48,95056300";"7,07105400"
"202300049359";"28";"10";"2023";"16:45";"1";"69";"69266";"2";"1";"1";"3";"Boulevard de la Bataille de Stalingrad";"45,78204000";"4,85985000"
"202300049360";"4";"12";"2023";"17:20";"5";"04";"04116";"2";"1";"2";"6";"Boulevard de la République";"44,03008000";"5,97367400"
"202300049361";"11";"05";"2023";"17:00";"1";"77";"77363";"1";"1";"8";"5";"A104";"48,91225400";"2,63561300"
"202300049362";"4";"12";"2023";"18:00";"5";"27";"27467";"2";"1";"2";"6";"Rue des Déportés";"49,35448200";"0,51777300"
"202300049363";"29";"10";"2023";"11:35";"1";"69";"69290";"2";"1";"1";"6";"Rue Colette";"45,68996886";"4,94235744"
"202300049364";"31";"03";"2023";"22:30";"3";"80";"80222";"1";"1";"6";"6";"D111";"50,22236200";"1,84179800"
"202300049365";"28";"08";"2023";"00:10";"3";"80";"80799";"1";"6";"1";"6";"D1029";"49,87080500";"2,53355000"
"202300049366";"11";"05";"2023";"09:30";"1";"93";"93051";"1";"1";"1";"4";"A4";"48,83635097";"2,55324845"
"202300049367";"29";"10";"2023";"21:40";"5";"67";"67218";"2";"1";"3";"6";"INDUSTRIE (RUE DE L )";"48,52899000";"7,73230000"
"202300049368";"3";"04";"2023";"14:45";"1";"82";"82026";"1";"1";"1";"6";"route de départementale 115";"44,07346500";"1,63893700"
"202300049369";"28";"08";"2023";"16:00";"1";"59";"59550";"1";"6";"1";"3";"N47";"50,53340900";"2,83376200"
"202300049370";"27";"03";"2023";"21:00";"3";"82";"82090";"1";"1";"1";"6";"Côte de Mirabel";"44,08728400";"1,37866100"
"202300049371";"10";"05";"2023";"19:00";"1";"94";"94018";"1";"1";"1";"5";"A4";"48,82465601";"2,39368239"
"202300049372";"5";"12";"2023";"08:40";"1";"45";"45222";"1";"3";"9";"2";"D31 PR 26 + 990";"48,10730200";"2,74524100"
"202300049373";"29";"10";"2023";"19:10";"5";"67";"67482";"2";"3";"3";"3";"FORET NOIRE (AVENUE DE LA)";"48,58040800";"7,77755600"
"202300049374";"27";"08";"2023";"05:35";"3";"83";"83090";"1";"1";"1";"2";"A50";"43,12103825";"5,86698946"
"202300049375";"2";"04";"2023";"06:30";"3";"11";"11262";"1";"1";"1";"2";"N/A";"43,20639600";"2,95757500"
"202300049376";"5";"12";"2023";"11:48";"1";"13";"13009";"1";"1";"1";"7";"D572";"43,63227000";"5,18767700"
"202300049377";"10";"05";"2023";"11:00";"1";"94";"94028";"1";"1";"2";"2";"A86";"48,78275411";"2,44084607"
"202300049378";"2";"04";"2023";"21:20";"3";"61";"61150";"1";"1";"8";"6";"D49 PR0+560";"48,74927500";"0,38670100"
"202300049379";"29";"10";"2023";"12:44";"1";"64";"64260";"2";"1";"1";"2";"EMPEREUR (BOULEVARD DE )";"43,35520000";" -1,76800000"
"202300049380";"5";"12";"2023";"07:50";"1";"13";"13113";"1";"1";"1";"2";"A51";"43,58144800";"5,47578300"
"202300049381";"2";"04";"2023";"14:10";"1";"49";"49215";"1";"1";"1";"6";"Rue du Cohu";"47,15517500";" -0,09903300"
"202300049382";"10";"05";"2023";"07:30";"1";"77";"77249";"1";"9";"3";"2";"RN104";"48,72837500";"2,60460200"
"202300049383";"29";"10";"2023";"02:15";"5";"64";"64024";"2";"1";"1";"2";"BIARRITZ (AVENUE DE)";"43,48056000";" -1,52955000"
"202300049384";"26";"08";"2023";"19:57";"2";"69";"69297";"1";"1";"3";"2";"Autoroute 7";"45,59448000";"4,79671000"
"202300049385";"5";"12";"2023";"06:31";"3";"72";"72223";"1";"1";"1";"7";"A11, PK 203+100";"47,88112500";" -0,11535600"
"202300049386";"27";"08";"2023";"12:30";"1";"94";"94043";"1";"1";"1";"6";"A6B";"48,80476702";"2,34457441"
"202300049387";"3";"04";"2023";"10:00";"1";"42";"42302";"1";"1";"2";"1";"Route de la Gachet";"45,51550400";"4,44341200"
"202300049388";"28";"10";"2023";"18:15";"1";"63";"63063";"2";"1";"1";"6";"NATIONALE 9 (RTE)";"45,82216000";"3,11021000"
"202300049389";"10";"05";"2023";"07:15";"1";"76";"76575";"1";"2";"2";"6";"Boulevard Lénine";"49,38161000";"1,10983000"
"202300049390";"3";"12";"2023";"19:15";"3";"60";"60612";"1";"1";"1";"2";"Autoroute A1 vers LILLE - PK 39+000";"49,20181300";"2,60783700"
"202300049391";"28";"10";"2023";"01:10";"3";"62";"62194";"1";"1";"2";"6";"D70";"50,48480000";"2,47490000"
"202300049392";"10";"05";"2023";"14:55";"1";"54";"54547";"2";"1";"1";"6";"Boulevard de l'Europe";"48,66245000";"6,17274400"
"202300049393";"2";"04";"2023";"06:45";"2";"68";"68374";"1";"1";"2";"3";"D11";"48,08212200";"7,31855300"
"202300049394";"5";"12";"2023";"11:00";"1";"33";"33005";"2";"2";"1";"3";"Rue Joseph Marie Jacquard";"44,76618000";" -1,07493300"
"202300049395";"28";"10";"2023";"11:50";"1";"62";"62400";"1";"4";"1";"3";"D86";"50,48243000";"2,59382000"
"202300049396";"1";"04";"2023";"08:00";"1";"25";"25558";"2";"1";"1";"1";"rd 67 tarcenay";"47,15633800";"6,11500700"
"202300049397";"10";"05";"2023";"12:00";"1";"38";"38053";"2";"1";"1";"6";"Avenue du Dauphiné";"45,58505000";"5,29597000"
"202300049398";"26";"08";"2023";"23:50";"4";"93";"93053";"1";"1";"1";"4";"AUTOROUTE A3";"48,89707199";"2,46965129"
"202300049399";"4";"12";"2023";"11:40";"1";"987";"98725";"2";"1";"1";"7";"PK 8.500 montée col tahara'a";" -17,51187800";" -149,50090200"
"202300049400";"2";"04";"2023";"03:45";"3";"29";"29279";"1";"1";"1";"1";"D58";"48,58430800";" -3,87720300"
"202300049401";"10";"05";"2023";"07:30";"1";"24";"24145";"2";"1";"1";"6";"GRAND-LAC (ROUTE DU)";"44,85961000";"0,56566000"
"202300049402";"26";"08";"2023";"23:50";"4";"95";"95256";"1";"1";"1";"2";"N184";"49,05696230";"2,20683575"
"202300049403";"29";"10";"2023";"11:40";"1";"59";"59350";"2";"2";"1";"3";"BERNOS RUE";"50,63334300";"3,08639100"
"202300049404";"4";"12";"2023";"13:10";"1";"973";"97306";"1";"9";"1";"3";"route départementale 8 , mana";"5,64949000";" -53,74237100"
"202300049405";"28";"10";"2023";"19:30";"5";"59";"59273";"2";"1";"3";"6";"JOUHAUX (AVENUE LÃ©ON)";"50,99620000";"2,14761000"
"202300049406";"26";"08";"2023";"21:00";"3";"95";"95500";"1";"1";"1";"2";"A15";"49,03910581";"2,08600223"
"202300049407";"9";"05";"2023";"19:00";"1";"76";"76351";"2";"3";"1";"6";"IRENE JOLIOT CURIE (RUE)";"49,52136000";"0,10511000"
"202300049408";"2";"04";"2023";"18:50";"1";"83";"83032";"1";"1";"1";"6";"RD 562";"43,46599069";"6,14887002"
"202300049409";"4";"12";"2023";"18:00";"5";"45";"45252";"2";"1";"3";"6";"Avenue du 11 Novembre 1918";"48,18274500";"2,25143000"
"202300049410";"30";"03";"2023";"14:00";"1";"60";"60098";"2";"1";"3";"7";"Rue Poitiers Bel Air";"49,65182965";"1,75384882"
"202300049411";"29";"10";"2023";"19:07";"5";"47";"47323";"1";"2";"2";"3";"SCORAILLES(AVE)";"44,41039793";"0,75166952"
"202300049412";"9";"05";"2023";"14:25";"1";"58";"58194";"2";"1";"3";"6";"RESISTANCE (SQUARE)";"46,99245000";"3,16014000"
"202300049413";"4";"12";"2023";"12:13";"1";"89";"89350";"1";"1";"8";"2";"A6 - PK 118+300";"48,00560000";"3,15930000"
"202300049414";"27";"08";"2023";"13:40";"1";"94";"94028";"1";"1";"1";"4";"A86 EXT";"48,77618830";"2,43180914"
"202300049415";"30";"03";"2023";"07:30";"2";"64";"64493";"2";"3";"1";"3";"Avenue de Navarre";"43,31605700";" -1,02053800"
"202300049416";"4";"12";"2023";"18:50";"5";"51";"51308";"2";"1";"2";"6";"Route Nationale";"49,28405800";"3,82267400"
"202300049417";"29";"10";"2023";"14:35";"1";"47";"47001";"2";"3";"1";"3";"ROMAS (RUE DE)";"44,20325000";"0,63105000"
"202300049418";"31";"03";"2023";"18:45";"1";"24";"24035";"2";"1";"1";"6";"4 Rue du 19 Mars 1962";"44,77855900";"1,00114300"
"202300049419";"5";"12";"2023";"17:20";"5";"03";"03224";"2";"1";"1";"6";"4 Rue de Pénard";"46,06053900";"3,70214000"
"202300049420";"10";"03";"2023";"16:23";"1";"74";"74012";"2";"2";"1";"3";"Avenue Henri Barbusse";"46,19167000";"6,24197000"
"202300049421";"2";"04";"2023";"17:45";"2";"03";"03097";"1";"1";"3";"6";"A71 - pk 300.500";"46,35751900";"2,75659700"
"202300049422";"27";"08";"2023";"13:40";"1";"94";"94028";"1";"1";"1";"4";"A86";"48,77618830";"2,43180914"
"202300049423";"4";"12";"2023";"17:20";"5";"73";"73054";"2";"1";"4";"6";"D1090 - Place de la Gare";"45,61881200";"6,77088200"
"202300049424";"29";"10";"2023";"18:47";"5";"45";"45285";"2";"3";"1";"6";"75 Rue Paul Doumer";"47,90997000";"1,87223000"
"202300049425";"4";"12";"2023";"19:20";"3";"31";"31420";"1";"1";"1";"7";"D820";"43,49197300";"1,39719500"
"202300049426";"9";"03";"2023";"19:20";"5";"74";"74012";"2";"1";"1";"2";"LECLERC (AVENUE DU MARECHAL)";"46,18672000";"6,24797000"
"202300049427";"23";"08";"2023";"10:22";"1";"988";"98818";"2";"1";"1";"6";"RUE JULES GARNIER";" -22,29119000";"166,43963000"
"202300049428";"3";"04";"2023";"07:35";"2";"01";"01425";"1";"1";"8";"2";"A40 Pk152";"46,10796400";"5,29159100"
"202300049429";"29";"10";"2023";"15:10";"1";"45";"45234";"2";"1";"1";"3";"Avenue de l'Hôpital";"47,83357247";"1,92133310"
"202300049430";"4";"12";"2023";"18:45";"3";"64";"64496";"2";"1";"3";"6";"D 936 avenue de la soule";"43,46911300";" -1,44472400"
"202300049431";"9";"03";"2023";"12:05";"1";"74";"74012";"2";"1";"1";"6";"LIVRON (ROUTE DE)";"46,18936000";"6,25069000"
"202300049432";"26";"08";"2023";"12:50";"1";"976";"97611";"2";"1";"1";"3";"Boulevard Marcel Henry";" -12,78400900";"45,22312300"
"202300049433";"2";"04";"2023";"23:00";"5";"973";"97309";"1";"3";"1";"3";"D?23";"4,89633000";" -52,29291000"
"202300049434";"29";"10";"2023";"09:05";"1";"35";"35238";"1";"1";"2";"6";"RN136";"48,11933523";" -1,72024280"
"202300049435";"3";"12";"2023";"16:15";"1";"64";"64304";"1";"1";"1";"2";"2617 Route de l'Adour";"43,49330300";" -1,39413900"
"202300049436";"2";"04";"2023";"19:26";"1";"51";"51572";"1";"1";"1";"7";"A4";"49,03616600";"4,61832400"
"202300049437";"28";"10";"2023";"17:45";"2";"35";"35115";"2";"6";"3";"6";"LECLERC (BOULEVARD DU MARECHAL)";"48,35383000";" -1,19918000"
"202300049438";"1";"03";"2023";"11:30";"1";"74";"74010";"2";"4";"1";"6";"Allée de la chapelle";"45,92412500";"6,14127200"
"202300049439";"25";"08";"2023";"07:20";"1";"976";"97611";"2";"9";"1";"3";"m'tsapere-Nationale 2 (route)";" -12,79170000";"45,22169000"
"202300049440";"5";"12";"2023";"06:50";"2";"14";"14712";"1";"6";"2";"3";"D675";"49,17908456";" -0,19980964"
"202300049441";"29";"10";"2023";"23:20";"5";"33";"33063";"2";"7";"2";"6";"Quai du Maréchal Lyautey";"44,84124000";" -0,56938000"
"202300049442";"25";"08";"2023";"17:00";"1";"974";"97416";"2";"1";"1";"6";"PRESIDENT MITTERAND(AVENUE)";" -21,34422000";"55,48312000"
"202300049443";"4";"12";"2023";"10:00";"1";"29";"29042";"1";"1";"2";"2";"rue de Dinan";"48,24443093";" -4,51054346"
"202300049444";"29";"10";"2023";"19:15";"5";"33";"33119";"2";"3";"2";"3";"Avenue Jean Jaurès";"44,85332000";" -0,53862000"
"202300049445";"26";"08";"2023";"06:00";"5";"974";"97411";"2";"3";"1";"3";"NANTIER (RUE DIDIER)";" -20,89786073";"55,47768903"
"202300049446";"4";"12";"2023";"18:30";"5";"22";"22136";"2";"6";"2";"1";"Boulevard des Priteaux";"48,17721900";" -2,74732800"
"202300049447";"4";"05";"2023";"09:15";"1";"83";"83126";"2";"1";"1";"6";"FARLEDE (CHEMIN DE LA)";"43,11583000";"5,85212000"
"202300049448";"29";"10";"2023";"02:06";"3";"33";"33281";"2";"1";"3";"6";"Avenue du Maréchal Leclerc";"44,83815000";" -0,64687000"
"202300049449";"26";"08";"2023";"03:10";"5";"974";"97411";"2";"1";"2";"6";"LORY LES HAUTS (RUE)";" -20,89602000";"55,48180000"
"202300049450";"1";"04";"2023";"20:20";"3";"13";"13018";"1";"1";"1";"4";"AUtoroute A7 pk 203.000 sens MARSEILLE/ AVIGNON";"43,87791200";"4,93406300"
"202300049451";"4";"12";"2023";"09:25";"1";"33";"33162";"1";"1";"1";"3";"ROCADE A 630";"44,87723121";" -0,63173264"
"202300049452";"27";"02";"2023";"21:30";"3";"74";"74272";"2";"1";"1";"7";"Route de Clermont_";"45,94641600";"6,04523200"
"202300049453";"29";"10";"2023";"15:30";"1";"31";"31555";"2";"1";"1";"3";"RTE D ESPAGNE";"43,57623000";"1,42408000"
"202300049454";"1";"04";"2023";"19:20";"3";"987";"98750";"1";"1";"1";"3";"pk 7.3";" -16,82086600";" -151,40398800"
"202300049455";"26";"08";"2023";"00:30";"5";"974";"97411";"2";"2";"1";"6";"LANCASTEL (BOULEVARD)";" -20,87487000";"55,45378000"
"202300049456";"26";"02";"2023";"01:20";"5";"74";"74112";"2";"6";"1";"6";"Route de Sillingy_";"45,94227200";"6,08638300"
"202300049457";"1";"12";"2023";"13:13";"1";"62";"62637";"1";"1";"1";"4";"A1";"50,46053246";"2,97371640"
"202300049458";"2";"04";"2023";"11:40";"1";"987";"98733";"2";"1";"1";"1";"RT1 au  niveau du PK 22.700";" -17,69816100";" -149,58376000"
"202300049459";"27";"10";"2023";"12:15";"1";"29";"29039";"2";"1";"2";"4";"Rue de Quimper";"47,88820000";" -3,91899000"
"202300049460";"25";"02";"2023";"12:45";"1";"74";"74052";"2";"1";"1";"6";"Route principale_";"46,06269000";"6,04910600"
"202300049461";"25";"08";"2023";"19:25";"5";"974";"97411";"2";"9";"1";"2";"JAURES (BOULEVARD JEAN)";" -20,88862000";"55,44533000"
"202300049462";"4";"12";"2023";"08:30";"2";"94";"94021";"1";"1";"3";"2";"A6B";"48,76323303";"2,34206347"
"202300049463";"29";"10";"2023";"18:40";"2";"16";"16015";"2";"1";"1";"6";"MONTMOREAU (RUE DE N°IMPAIRS DE 1 A 63)";"45,64832500";"0,16094500"
"202300049464";"1";"04";"2023";"18:00";"1";"973";"97305";"1";"1";"1";"3";"PK 24+500";"5,00153500";" -52,45866500"
"202300049465";"17";"02";"2023";"05:00";"5";"74";"74058";"2";"1";"1";"7";"route des frasses";"46,28978300";"6,80416300"
"202300049466";"4";"12";"2023";"08:30";"2";"91";"91235";"1";"1";"2";"3";"RN 104";"48,62400000";"2,36800000"
"202300049467";"25";"08";"2023";"15:15";"1";"974";"97411";"2";"3";"1";"3";"CANAL (CHEMIN DU GRAND)";" -20,91429000";"55,49500000"
"202300049468";"4";"12";"2023";"13:35";"1";"95";"95277";"1";"1";"2";"6";"A3";"48,97259000";"2,48485000"
"202300049469";"3";"04";"2023";"10:25";"1";"971";"97117";"2";"3";"1";"6";"Route de Bellevue / rue du docteur Agenor Carle";"16,32914600";" -61,35469700"
"202300049470";"29";"10";"2023";"17:15";"1";"14";"14701";"1";"4";"1";"1";"Chemin de l'Orgueil";"49,31255000";"0,08401000"
"202300049471";"26";"08";"2023";"12:20";"1";"69";"69386";"2";"2";"1";"6";"Rue Duquesne";"45,77311000";"4,84974000"
"202300049472";"15";"02";"2023";"23:15";"3";"74";"74238";"1";"1";"1";"1";"D902";"46,20385300";"6,67689800"
"202300049473";"3";"12";"2023";"22:55";"3";"95";"95572";"1";"9";"1";"2";"N184";"49,04821494";"2,13358004"
"202300049474";"3";"04";"2023";"07:53";"1";"78";"78531";"1";"1";"1";"2";"autoroute a13 pk 54+600";"49,00604000";"1,60141000"
"202300049475";"28";"10";"2023";"18:15";"2";"13";"13005";"2";"1";"8";"7";"SAINT PIERRE (CHEMIN DE)";"43,30000000";"5,59000000"
"202300049476";"26";"08";"2023";"11:10";"1";"69";"69387";"2";"1";"2";"6";"5 Rue de la Thibaudière";"45,75117000";"4,84341000"
"202300049477";"3";"12";"2023";"04:20";"3";"94";"94069";"1";"1";"1";"6";"A4";"48,81754093";"2,43504501"
"202300049478";"21";"02";"2023";"17:35";"1";"74";"74099";"1";"4";"1";"7";"Allée des myosotis";"45,87175400";"6,62159600"
"202300049479";"2";"04";"2023";"23:15";"5";"13";"13027";"2";"1";"1";"6";"Avenue Jacques Trouillet";"43,88636100";"4,84709000"
"202300049480";"20";"10";"2023";"08:45";"1";"72";"72181";"1";"9";"2";"6";"PREMIERE DIVISION FRANCAISE (BD)";"48,02116000";"0,23121000"
"202300049481";"29";"10";"2023";"11:15";"1";"11";"11069";"2";"1";"1";"6";"2b Rue Henri Fabre";"43,21853000";"2,34924000"
"202300049482";"25";"08";"2023";"20:35";"4";"972";"97213";"1";"1";"1";"3";"ROUTE DEPARTEMENTALE 15";"14,63499000";" -61,00847000"
"202300049483";"9";"02";"2023";"06:20";"3";"74";"74309";"2";"1";"9";"1";"D18";"46,11403300";"6,04257700"
"202300049484";"2";"04";"2023";"05:30";"3";"38";"38110";"1";"1";"2";"1";"D36";"45,58832000";"4,86593500"
"202300049485";"7";"08";"2023";"20:50";"2";"14";"14437";"2";"1";"1";"3";"41 rue Pasteur";"49,17977300";" -0,32154100"
"202300049486";"28";"10";"2023";"12:15";"1";"07";"07019";"2";"1";"1";"3";"BELLANDE (AVENUE DE )";"44,61422000";"4,40006000"
"202300049487";"26";"08";"2023";"02:20";"3";"972";"97209";"1";"1";"1";"6";"RD 41 (ROCADE)";"14,61028000";" -61,08307000"
"202300049488";"8";"02";"2023";"20:20";"3";"74";"74282";"1";"1";"1";"1";"Rue des Fleuries";"46,00993394";"6,26310577"
"202300049489";"13";"09";"2023";"15:10";"1";"14";"14118";"2";"2";"1";"6";"104 bis Boulevard Maréchal Leclerc";"49,18274800";" -0,36196100"
"202300049490";"3";"04";"2023";"08:40";"1";"01";"01249";"2";"3";"2";"2";"501 Grande Rue";"45,82160300";"4,94725400"
"202300049491";"13";"08";"2023";"16:40";"1";"73";"73021";"1";"1";"1";"7";"D208";"45,41631700";"6,17228900"
"202300049492";"29";"10";"2023";"19:10";"5";"06";"06088";"1";"2";"1";"3";"TURIN (RTE DE)";"43,72294000";"7,28992000"
"202300049493";"23";"08";"2023";"14:30";"1";"972";"97209";"2";"1";"1";"3";"RELIGIEUSES (ROUTE DES)";"14,61256000";" -61,05983000"
"202300049494";"5";"02";"2023";"13:00";"1";"74";"74243";"1";"1";"1";"2";"A40";"46,13234800";"6,09227300"
"202300049495";"29";"10";"2023";"01:40";"5";"03";"03185";"2";"1";"1";"6";"Bd président Allende";"46,34592000";"2,60771000"
"202300049496";"3";"04";"2023";"09:25";"1";"14";"14160";"1";"1";"1";"2";"3 Route le Pré Marie";"49,06328157";" -0,29148147"
"202300049497";"19";"08";"2023";"19:10";"5";"972";"97209";"1";"1";"2";"4";"BISHOP (Avenue Maurice)";"14,61145000";" -61,05404000"
"202300049498";"28";"04";"2023";"17:20";"1";"92";"92078";"2";"1";"1";"6";"AVENIR (RUE) (PAIRS DU 2 AU 28)";"48,93621800";"2,33042800"
"202300049499";"2";"04";"2023";"11:35";"1";"59";"59398";"2";"1";"1";"6";"131 Rue de la Mousserie";"50,50809563";"3,11395884"
"202300049500";"14";"01";"2023";"03:05";"5";"62";"62755";"2";"1";"1";"6";"D940";"50,70395000";"1,61366100"
"202300049501";"29";"10";"2023";"04:40";"5";"75";"75112";"2";"1";"1";"2";"PORTE DE CHARENTON";"48,82952500";"2,40122800"
"202300049502";"16";"08";"2023";"11:08";"1";"64";"64064";"1";"3";"1";"3";"Route d'Espagne";"43,10991913";" -0,62493593"
"202300049503";"27";"08";"2023";"00:25";"5";"69";"69389";"2";"1";"2";"3";"17 Quai Arloing";"45,77280719";"4,81029450"
"202300049504";"1";"02";"2023";"00:30";"3";"74";"74208";"1";"1";"1";"6";"Route de saint-gervais";"45,90928600";"6,71620300"
"202300049505";"2";"04";"2023";"19:00";"1";"13";"13088";"1";"1";"1";"3";"A55-Sens Marseille vers Martigues";"43,39086000";"5,24898000"
"202300049506";"4";"12";"2023";"08:20";"1";"988";"98818";"2";"1";"1";"6";"AVENUE DE LA VICTOIRE H. LAFLEUR";" -22,27446000";"166,44474000"
"202300049507";"28";"10";"2023";"11:00";"1";"75";"75112";"2";"1";"1";"2";"ECHANGEUR BERCY";"48,82864200";"2,39888900"
"202300049508";"26";"08";"2023";"16:30";"1";"69";"69385";"2";"2";"1";"3";"Avenue Général Eisenhower";"45,75667000";"4,78222000"
"202300049509";"25";"02";"2023";"11:20";"1";"76";"76414";"2";"2";"2";"2";"ANCIEN PORT (RUE DE L')";"49,90825000";"1,10965000"
"202300049510";"3";"12";"2023";"07:15";"1";"973";"97302";"2";"1";"1";"7";"MONTABO (ROUTE DE) 3";"4,93584000";" -52,28604000"
"202300049511";"26";"03";"2023";"00:30";"5";"69";"69389";"1";"1";"1";"2";"Route de Métropole 6";"45,76393000";"4,80186000"