"Num_Acc";"jour";"mois";"an";"hrmn";"lum";"dep";"com";"agg";"int";"atm";"col";"adr";"lat";"long"
"202300049707";"6";"05";"2023";"10:47";"1";"87";"87113";"2";"1";"1";"2";"JAURES (RUE JEAN)";"45,86290000";"1,32319000"
"202300049708";"25";"08";"2023";"15:05";"1";"56";"56260";"2";"1";"1";"6";"Parking de la Gare";"47,66461000";" -2,75376000"
"202300049709";"2";"04";"2023";"16:00";"1";"67";"67506";"1";"9";"1";"3";"PK 472.500 Autoroute A4 sens Paris Strasbourg";"48,67024700";"7,73642400"
"202300049710";"24";"08";"2023";"18:05";"1";"56";"56083";"2";"1";"1";"7";"STANG-ER-GAT (LIEU-DIT)";"47,78737600";" -3,27091300"
"202300049711";"7";"05";"2023";"03:25";"3";"87";"87085";"2";"1";"1";"6";"FEYTIAT (RUE DE)";"45,81782000";"1,28842000"
"202300049712";"2";"12";"2023";"15:35";"1";"75";"75116";"2";"1";"1";"2";"ALLEE DU BORD DE L EAU";"48,85846300";"2,22728000"
"202300049713";"17";"07";"2023";"12:35";"1";"69";"69034";"2";"1";"1";"3";"114 Quai Clémenceau";"45,81214000";"4,84673000"
"202300049714";"7";"05";"2023";"08:27";"1";"87";"87085";"2";"1";"2";"6";"BASTIAT (RUE FREDERIC)";"45,88953000";"1,29077000"
"202300049715";"17";"07";"2023";"05:40";"2";"971";"97120";"2";"1";"8";"7";"CHANZY (BOULEVARD)";"16,24143000";" -61,53784000"
"202300049716";"16";"02";"2023";"15:15";"1";"59";"59350";"1";"1";"1";"6";"Avenue Eugene Lesperant";"50,65764500";"2,97584500"
"202300049717";"1";"04";"2023";"11:00";"1";"86";"86007";"1";"1";"1";"2";"A10";"46,86981400";"0,52233100"
"202300049718";"24";"08";"2023";"13:40";"1";"56";"56083";"1";"1";"1";"2";"N/A";"47,78844000";" -3,27633000"
"202300049719";"2";"12";"2023";"20:50";"5";"75";"75114";"2";"2";"1";"3";"AVENUE DU GENERAL LECLERC";"48,82959600";"2,32842600"
"202300049720";"17";"02";"2023";"17:20";"1";"28";"28015";"1";"1";"1";"7";"D18";"48,50035600";"1,76518900"
"202300049721";"17";"07";"2023";"00:30";"5";"95";"95585";"2";"2";"1";"3";"D125";"48,98435000";"2,38710000"
"202300049722";"8";"05";"2023";"16:15";"1";"83";"83137";"2";"1";"1";"2";"BIR-HAKEIM (ROND POINT)";"43,12145800";"5,94154200"
"202300049723";"2";"04";"2023";"01:30";"3";"988";"98821";"1";"4";"8";"6";"VE2/Bretelle de sortie Savannah";" -22,16365000";"166,38413100"
"202300049724";"18";"08";"2023";"18:29";"1";"56";"56083";"2";"1";"1";"2";"KERLOIS (LIEU-DIT)";"47,80132000";" -3,29845000"
"202300049725";"18";"02";"2023";"15:16";"1";"95";"95046";"1";"1";"1";"6";"RD 14";"49,13410629";"1,83129479"
"202300049726";"16";"07";"2023";"18:00";"1";"87";"87085";"2";"1";"1";"6";"VIGENAL (BOULEVARD DU)";"45,85226000";"1,25464000"
"202300049727";"3";"05";"2023";"06:58";"1";"80";"80021";"2";"9";"1";"6";"BEAUVILLE CENTRE (BOULEVARD)";"49,89986000";"2,31342000"
"202300049728";"25";"08";"2023";"13:28";"1";"54";"54482";"2";"2";"1";"3";"Rue Alexandre 1er";"48,70170000";"6,19956000"
"202300049729";"29";"01";"2023";"17:55";"5";"91";"91129";"2";"1";"1";"2";"5 Avenue d'Arpajon";"48,47979800";"2,32078200"
"202300049730";"2";"04";"2023";"03:15";"5";"971";"97111";"1";"1";"1";"6";"La Coque";"16,29053500";" -61,78857900"
"202300049731";"16";"07";"2023";"14:28";"1";"87";"87075";"1";"3";"1";"3";"RN 21";"45,78269000";"1,20235000"
"202300049732";"2";"04";"2023";"18:30";"1";"2B";"2B296";"1";"1";"1";"6";"D13";"42,58456000";"8,91969100"
"202300049733";"17";"02";"2023";"16:15";"1";"66";"66115";"1";"1";"9";"3";"D11 PK 41-900KM";"42,51885376";"2,89167076"
"202300049734";"25";"08";"2023";"10:45";"1";"54";"54580";"2";"3";"1";"6";"Rue Albert Lebrun";"49,47118251";"5,93083620"
"202300049735";"16";"07";"2023";"09:15";"1";"87";"87085";"2";"2";"1";"3";"GARIBALDI (AVENUE)";"45,83446000";"1,26932000"
"202300049736";"8";"05";"2023";"18:20";"1";"77";"77288";"2";"1";"1";"6";"CARMES  (AVENUE DES)";"48,54830500";"2,67083000"
"202300049737";"3";"12";"2023";"02:30";"5";"75";"75108";"2";"2";"1";"3";"AVENUE DE FRIEDLAND";"48,87415400";"2,29891600"
"202300049738";"26";"08";"2023";"14:15";"1";"51";"51454";"2";"1";"1";"7";"VENISE (RUE)";"49,24569000";"4,03024300"
"202300049739";"1";"04";"2023";"16:00";"1";"34";"34327";"1";"1";"1";"1";"M68";"43,67316400";"3,95709500"
"202300049740";"15";"07";"2023";"16:38";"1";"87";"87085";"2";"2";"1";"7";"BERTHELOT (AVENUE)";"45,83608000";"1,25061000"
"202300049741";"18";"02";"2023";"11:20";"1";"66";"66069";"1";"3";"1";"3";"";"42,80101400";"2,84659600"
"202300049742";"25";"08";"2023";"11:45";"1";"50";"50066";"1";"6";"1";"3";"AVRANCHES (AVENUE D')";"48,80937000";" -1,53693000"
"202300049743";"2";"12";"2023";"15:30";"1";"75";"75116";"2";"3";"1";"6";"AVENUE DE VERSAILLES";"48,85008400";"2,27642300"
"202300049744";"9";"05";"2023";"17:30";"1";"77";"77449";"2";"9";"2";"7";"RD 345";"48,85161000";"2,77808000"
"202300049745";"17";"02";"2023";"11:24";"1";"52";"52269";"1";"1";"1";"7";"Rue de Saints-Geosmes";"47,83578400";"5,34974100"
"202300049746";"31";"03";"2023";"21:50";"5";"34";"34057";"2";"2";"1";"3";"18 Avenue Aristide Briand";"43,63203000";"3,89613900"
"202300049747";"13";"07";"2023";"20:30";"1";"87";"87085";"2";"1";"1";"6";"RHIN ET DANUBE (RUE)";"45,88157000";"1,29524000"
"202300049748";"24";"08";"2023";"21:55";"5";"50";"50129";"2";"1";"1";"1";"CALIGNY (QUAI DE)";"49,64174000";" -1,62149000"
"202300049749";"2";"04";"2023";"15:15";"1";"84";"84065";"1";"1";"1";"1";"798 Ancienne Route de Puget";"43,75205200";"5,29986800"
"202300049750";"2";"04";"2023";"06:00";"2";"83";"83071";"1";"1";"1";"6";"Le Bas Jasson";"43,15357100";"6,22645900"
"202300049751";"3";"12";"2023";"19:24";"5";"94";"94073";"2";"9";"1";"3";"Av du Pdt Franklin Roosevelt";"48,76685000";"2,40374200"
"202300049752";"24";"08";"2023";"16:55";"1";"50";"50129";"2";"3";"1";"2";"NAPOLEON (PLACE)";"49,64213000";" -1,62237000"
"202300049753";"9";"05";"2023";"08:38";"1";"77";"77058";"2";"3";"2";"3";"D406";"48,83198200";"2,69886800"
"202300049754";"13";"07";"2023";"20:21";"1";"87";"87085";"2";"3";"1";"6";"GUE DE VERTHAMONT (RUE)";"45,81484000";"1,22268000"
"202300049755";"17";"02";"2023";"16:20";"1";"68";"68004";"2";"3";"1";"3";"Rue de Givet";"47,62560000";"7,24063400"
"202300049756";"1";"04";"2023";"22:40";"5";"83";"83069";"2";"1";"1";"6";"St Nicolas";"43,12621400";"6,19387500"
"202300049757";"23";"08";"2023";"11:40";"1";"50";"50129";"2";"1";"1";"2";"ASSELIN (RUE)";"49,63931000";" -1,63930000"
"202300049758";"3";"12";"2023";"19:05";"5";"94";"94017";"2";"1";"1";"2";"Avenue Marx Dormoy";"48,80716800";"2,52579200"
"202300049759";"8";"05";"2023";"17:15";"1";"77";"77186";"1";"1";"1";"1";"RD 409";"48,41151000";"2,66467000"
"202300049760";"17";"02";"2023";"22:20";"5";"57";"57474";"2";"1";"1";"3";"88 Rue de Boussange";"49,26044600";"6,15783700"
"202300049761";"2";"04";"2023";"06:30";"2";"13";"13014";"1";"2";"1";"1";"D113";"43,52008500";"5,19936000"
"202300049762";"25";"08";"2023";"09:20";"1";"49";"49007";"2";"1";"1";"3";"Boulevard Jean Sauvage";"47,48740000";" -0,55673000"
"202300049763";"3";"12";"2023";"21:20";"5";"93";"93005";"2";"9";"1";"1";"Av I et Frederic Joliot Curie";"48,92966735";"2,50964240"
"202300049764";"10";"05";"2023";"09:45";"1";"77";"77131";"1";"1";"3";"3";"REBAIS (AVENUE DE)";"48,81612000";"3,11228000"
"202300049765";"16";"07";"2023";"20:30";"1";"83";"83050";"2";"1";"1";"1";"TUTTLINGEN(AVENUE DE)";"43,52691000";"6,43850000"
"202300049766";"17";"02";"2023";"23:15";"4";"57";"57032";"1";"1";"1";"1";"D11";"49,08766800";"6,03799600"
"202300049767";"25";"08";"2023";"03:09";"3";"49";"49007";"2";"1";"1";"6";"PASTEUR AVENUE";"47,47710000";" -0,53164000"
"202300049768";"1";"04";"2023";"14:15";"1";"13";"13041";"1";"1";"1";"2";"Route Departementale 6";"43,44791200";"5,44669300"
"202300049769";"17";"02";"2023";"19:10";"5";"73";"73015";"2";"1";"1";"6";"Route du belvédère";"45,39701600";"6,57524500"
"202300049770";"17";"07";"2023";"07:50";"1";"81";"81060";"2";"1";"1";"3";"RODEZ  (AVENUE DE)";"44,05614000";"2,16427000"
"202300049771";"3";"12";"2023";"17:30";"2";"93";"93046";"2";"5";"1";"3";"Boulevard Jean Jaurès / Avenue Montesquieu";"48,92254000";"2,52442000"
"202300049772";"24";"08";"2023";"20:10";"1";"49";"49007";"2";"1";"1";"6";"GAGARINE RUE ET SQUARE";"47,44978000";" -0,56345000"
"202300049773";"2";"04";"2023";"05:00";"3";"03";"03298";"1";"1";"8";"6";"Route Départementale 46";"46,32430000";"3,37160000"
"202300049774";"17";"02";"2023";"20:15";"5";"42";"42094";"2";"1";"1";"1";"Chemin des Monts";"45,75366800";"4,22245100"
"202300049775";"25";"08";"2023";"07:45";"1";"45";"45234";"2";"6";"2";"3";"Avenue de Concyr";"47,82892017";"1,93641543"
"202300049776";"9";"05";"2023";"07:30";"1";"76";"76351";"2";"6";"2";"3";"PIERRE NAZE (PLACE)";"49,49617600";"0,10783200"
"202300049777";"3";"12";"2023";"18:30";"5";"92";"92078";"2";"1";"1";"2";"VERDUN (AVENUE) (IMPAIRS 1 A 25)";"48,93560000";"2,33547000"
"202300049778";"2";"04";"2023";"00:30";"5";"74";"74280";"2";"1";"8";"6";"Rue des clefs";"45,87108200";"6,32340400"
"202300049779";"12";"07";"2023";"06:20";"1";"78";"78335";"1";"1";"1";"5";"RD983";"48,98601000";"1,73123000"
"202300049780";"23";"03";"2023";"12:15";"1";"26";"26313";"2";"1";"1";"6";"101 Avenue de Provence";"44,96988880";"4,95365381"
"202300049781";"17";"02";"2023";"10:20";"1";"33";"33268";"2";"3";"1";"3";"Rue du General de Gaulle";"45,03984000";" -0,67683900"
"202300049782";"26";"08";"2023";"09:55";"1";"42";"42207";"2";"2";"1";"3";"Avenue de la Libération";"45,47317000";"4,51630000"
"202300049783";"4";"12";"2023";"15:35";"1";"60";"60137";"1";"2";"3";"3";"D37";"49,43568500";"2,52769200"
"202300049784";"17";"02";"2023";"22:45";"3";"50";"50492";"1";"1";"1";"6";"2 Hameau Barbey";"49,08103800";" -1,01985100"
"202300049785";"17";"08";"2023";"11:50";"1";"42";"42330";"2";"1";"1";"6";"Rue de Bourgeat";"45,46652000";"4,35065000"
"202300049786";"6";"05";"2023";"15:35";"1";"76";"76351";"2";"4";"2";"5";"GENERAL FERRIE (AVENUE)";"49,50342000";"0,17963000"
"202300049787";"2";"04";"2023";"13:30";"1";"31";"31048";"1";"1";"1";"6";"Baure";"43,44921900";"1,62869100"
"202300049788";"18";"02";"2023";"08:35";"1";"56";"56023";"2";"1";"2";"7";"Rue du Stade";"47,72288800";" -3,00468600"
"202300049789";"3";"12";"2023";"17:50";"3";"01";"01333";"1";"1";"1";"1";"D1083";"45,91865100";"4,94540300"
"202300049790";"15";"07";"2023";"17:30";"1";"77";"77067";"1";"1";"1";"1";"D.346";"48,56049000";"2,59623000"
"202300049791";"25";"08";"2023";"19:44";"1";"42";"42044";"2";"1";"8";"5";"Rue de la Libération";"45,40026000";"4,35358000"
"202300049792";"2";"04";"2023";"10:45";"1";"35";"35072";"1";"4";"1";"3";"D108";"48,25491564";" -1,17964491"
"202300049793";"16";"02";"2023";"10:20";"1";"22";"22242";"1";"1";"1";"2";"D786 LE HONCHET";"48,62138287";" -2,40095615"
"202300049794";"3";"12";"2023";"14:55";"1";"73";"73269";"1";"1";"8";"6";"D921c";"45,67285100";"5,77741400"
"202300049795";"5";"05";"2023";"22:20";"4";"76";"76351";"1";"1";"1";"4";"VERDUN (RUE DE)";"49,50275000";"0,18954000"
"202300049796";"25";"08";"2023";"09:05";"1";"41";"41018";"2";"1";"2";"7";"BAS RIVIERE";"47,57134000";"1,32488000"
"202300049797";"4";"12";"2023";"16:35";"1";"84";"84088";"1";"1";"2";"7";"D49";"44,00074900";"5,01378400"
"202300049798";"17";"07";"2023";"08:10";"1";"77";"77186";"1";"2";"7";"3";"RD 142 Glandée au grand veneur";"48,48082000";"2,66682000"
"202300049799";"31";"03";"2023";"22:00";"3";"69";"69294";"1";"1";"1";"5";"Autoroute 7  ";"45,62936000";"4,81746000"
"202300049800";"4";"12";"2023";"07:50";"5";"95";"95487";"2";"1";"3";"6";"8 MAI 1945 (RUE DU)";"49,14541900";"2,28348800"
"202300049801";"10";"05";"2023";"15:15";"1";"76";"76349";"1";"3";"1";"2";"RD 925";"49,90008000";"1,05120000"
"202300049802";"18";"02";"2023";"14:48";"1";"60";"60213";"1";"1";"1";"1";"N330";"49,11857245";"2,68707657"
"202300049803";"17";"07";"2023";"20:40";"1";"77";"77131";"1";"1";"1";"2";"D402 ";"48,79745000";"3,09482000"
"202300049804";"31";"03";"2023";"23:14";"3";"91";"91560";"1";"1";"1";"6";"RN 104";"48,66706000";"2,19177000"
"202300049805";"25";"08";"2023";"18:35";"2";"38";"38544";"2";"3";"1";"3";"JOSEPH SAVIGNE(RUE)";"45,50940000";"4,85500000"
"202300049806";"3";"12";"2023";"20:50";"3";"95";"95529";"2";"1";"1";"6";"NEUVE (ROUTE)";"49,17070600";"2,21125600"
"202300049807";"17";"02";"2023";"20:50";"3";"60";"60160";"1";"1";"1";"7";"D15";"49,59089300";"2,73366500"
"202300049808";"29";"11";"2023";"23:00";"3";"29";"29181";"1";"1";"1";"7";"lotissement de Keranfloch";"48,48832652";" -4,24142317"
"202300049809";"9";"05";"2023";"20:15";"1";"76";"76217";"2";"5";"1";"6";"CITE DE LIMES (RUE)";"49,92752000";"1,08789000"
"202300049810";"26";"08";"2023";"21:10";"5";"37";"37214";"2";"1";"1";"2";"DE GAULLE (BD CHARLES)";"47,41011000";"0,67866000"
"202300049811";"31";"03";"2023";"15:05";"1";"91";"91161";"1";"1";"1";"4";"AUTOROUTE A6";"48,69894000";"2,31261000"
"202300049812";"18";"02";"2023";"13:40";"1";"02";"02381";"1";"1";"1";"6";"Route de Blangy";"49,94282800";"4,08707500"
"202300049813";"2";"12";"2023";"20:00";"5";"974";"97410";"2";"6";"1";"1";"Rond-Point des Plaines";" -21,04731100";"55,71709900"
"202300049814";"16";"07";"2023";"12:00";"1";"76";"76231";"1";"1";"2";"1";"Rue de la Saussaye";"49,27100000";"0,99700000"
"202300049815";"1";"04";"2023";"10:20";"5";"92";"92062";"1";"1";"9";"7";"A14";"48,89302103";"2,23481680"
"202300049816";"10";"05";"2023";"20:30";"2";"74";"74012";"2";"5";"1";"3";"AMOUREUX (RUE DES)";"46,19040000";"6,23443000"
"202300049817";"26";"08";"2023";"03:45";"5";"34";"34172";"2";"1";"1";"3";"Avenue des Garrats";"43,61003000";"3,83876000"
"202300049818";"17";"02";"2023";"20:45";"5";"80";"80442";"1";"1";"1";"7";"Rue des Osiers";"49,74056800";"2,97701600"
"202300049819";"1";"09";"2023";"19:33";"1";"30";"30334";"2";"1";"1";"6";"Place des Cordeliers";"44,01207700";"4,41601000"
"202300049820";"31";"03";"2023";"16:00";"1";"93";"93005";"1";"1";"1";"3";"AUTOROUTE A3";"48,95880000";"2,47330000"
"202300049821";"17";"07";"2023";"10:00";"1";"69";"69256";"2";"2";"1";"3";"Avenue de Böhlen";"45,76460000";"4,91931000"
"202300049822";"10";"05";"2023";"11:45";"1";"74";"74012";"2";"4";"1";"2";"ETREMBIERES (ROUTE D')";"46,18759000";"6,23253000"
"202300049823";"17";"11";"2023";"14:45";"1";"31";"31203";"2";"1";"1";"6";"34 Avenue du Chêne Vert";"43,51283500";"1,32411800"
"202300049824";"1";"04";"2023";"07:10";"1";"988";"98818";"2";"1";"1";"6";"N°21 RUE GEORGES LEQUES";" -22,22977000";"166,49042000"
"202300049825";"26";"08";"2023";"18:50";"1";"34";"34172";"2";"1";"1";"4";"ORIENT (BOULEVARD D')";"43,60297000";"3,88733000"
"202300049826";"10";"05";"2023";"08:30";"1";"72";"72181";"2";"1";"1";"2";"ESTIENNE D'ORVES (BD D')";"48,01005000";"0,17125000"
"202300049827";"17";"07";"2023";"19:05";"1";"69";"69290";"2";"5";"1";"3";"Rue de Provence";"45,69383000";"4,92315000"
"202300049828";"31";"03";"2023";"20:25";"5";"974";"97411";"1";"1";"1";"2";"JAURES (BLD 1 JEAN)";" -20,90085000";"55,49259000"
"202300049829";"4";"12";"2023";"08:45";"1";"79";"79355";"1";"1";"2";"4";"N/A";"46,31009600";" -0,37753700"
"202300049830";"17";"02";"2023";"07:28";"1";"13";"13215";"1";"1";"1";"3";"A7-Sens Marseille vers Lyon";"43,37771000";"5,35766000"
"202300049831";"25";"08";"2023";"02:12";"3";"34";"34336";"1";"6";"1";"3";"MEDITERRANEE (ROND POINT DE LA)";"43,32004000";"3,29336000"
"202300049832";"30";"09";"2023";"10:15";"1";"06";"06136";"1";"1";"1";"1";"2415 Route du Col Saint Jean";"43,85885400";"7,44276500"
"202300049833";"8";"05";"2023";"14:05";"1";"72";"72181";"2";"1";"1";"2";"LIBERATION (AV DE LA) N° PAIRS 2 A 122";"48,00469000";"0,18722000"
"202300049834";"31";"03";"2023";"19:10";"5";"973";"97302";"1";"6";"2";"3";"CRIQUE FOUILLEE (ROND POINT)";"4,89673000";" -52,32841000"
"202300049835";"4";"12";"2023";"12:50";"1";"33";"33140";"1";"1";"2";"6";"Le Genestat";"44,78257400";" -0,32209000"
"202300049836";"15";"02";"2023";"06:30";"5";"69";"69199";"1";"1";"1";"3";"Route Départementale 383";"45,70257000";"4,84491000"
"202300049837";"25";"08";"2023";"14:05";"1";"34";"34003";"2";"1";"1";"3";"Route de Rochelongue";"43,29926000";"3,47837000"
"202300049838";"29";"09";"2023";"18:10";"1";"06";"06079";"2";"1";"1";"6";"Boulevard des Écureuils";"43,54285900";"6,94224500"
"202300049839";"17";"07";"2023";"05:05";"2";"67";"67482";"2";"1";"1";"2";"ROMAINS (ROUTE DES)";"48,57810000";"7,70354000"
"202300049840";"31";"03";"2023";"09:50";"1";"973";"97302";"2";"1";"1";"2";"EBOUE (ROCADE FELIX)";"4,93040000";" -52,31416000"
"202300049841";"4";"05";"2023";"16:58";"1";"72";"72181";"2";"1";"1";"3";"KLOTZ HENRI-PIERRE (AV)";"48,02010000";"0,16227000"
"202300049842";"23";"11";"2023";"10:40";"1";"61";"61294";"2";"3";"2";"3";"Intersection D26 / D206";"48,64182700";"0,08410800"
"202300049843";"30";"09";"2023";"04:40";"3";"05";"05084";"1";"1";"1";"6";"N94";"44,55388800";"6,24221900"
"202300049844";"17";"02";"2023";"19:41";"3";"33";"33249";"1";"1";"1";"4";"ROCADE A 630";"44,87987000";" -0,53659000"
"202300049845";"26";"08";"2023";"21:00";"2";"33";"33063";"2";"1";"1";"3";"Parc d'activités des Queyries";"44,85119000";" -0,56072000"
"202300049846";"31";"03";"2023";"08:12";"1";"973";"97302";"2";"1";"1";"6";"BOUDINOT (AUGUSTE) CITE THEMIRE";"4,93406238";" -52,31926364"
"202300049847";"16";"07";"2023";"12:11";"1";"63";"63103";"2";"9";"1";"3";"PEROUSE (RUE DE LA)";"45,91910000";"3,07986000"
"202300049848";"5";"05";"2023";"18:22";"1";"72";"72181";"2";"3";"1";"2";"GENESLAY FELIX (AV) N° PAIRS 288 ET plus";"47,96927000";"0,20108000"
"202300049849";"30";"11";"2023";"07:20";"2";"68";"68384";"2";"3";"2";"6";"Faubourg de Mulhouse";"47,69848400";"7,30575800"
"202300049850";"29";"09";"2023";"19:25";"2";"50";"50419";"1";"3";"1";"3";"Rue du Mont Saint Michel";"48,96046900";" -1,47439200"
"202300049851";"31";"03";"2023";"18:15";"1";"69";"69388";"2";"2";"8";"3";"Rue Croix-Barret";"45,73710000";"4,85024000"
"202300049852";"18";"07";"2023";"00:15";"5";"59";"59350";"1";"1";"1";"6";"LANGEVIN RUE DU PROFESSEUR";"50,62009600";"3,08337800"
"202300049853";"9";"05";"2023";"03:20";"3";"71";"71497";"1";"1";"1";"6";"GENERAL DE GAULLE (BOULEVARD DU)";"46,34981341";"4,84947547"
"202300049854";"4";"12";"2023";"19:00";"3";"25";"25436";"1";"1";"2";"6";"D119";"47,33435800";"6,55458900"
"202300049855";"26";"08";"2023";"18:45";"1";"33";"33063";"2";"3";"1";"5";"Boulevard Alfred Daney";"44,86697000";" -0,57323000"
"202300049856";"31";"03";"2023";"15:10";"1";"972";"97209";"2";"1";"1";"3";"FRANCOIS MITTERAND (PLACE)";"14,60473350";" -61,06447680"
"202300049857";"17";"02";"2023";"17:27";"1";"33";"33487";"1";"1";"1";"4";"AUTOROUTE A 10";"44,95409000";" -0,45589000"
"202300049858";"16";"07";"2023";"07:40";"1";"57";"57491";"2";"1";"1";"7";"COTE DES GAYES (ROUTE DE LA)";"49,25126000";"6,03502000"
"202300049859";"9";"05";"2023";"19:30";"1";"69";"69286";"2";"1";"1";"3";"4 Place Maurice Ravel";"45,81725692";"4,89735976"
"202300049860";"25";"08";"2023";"19:10";"1";"33";"33318";"2";"1";"1";"6";"Avenue Jean Jaurès";"44,81348238";" -0,61259910"
"202300049861";"30";"03";"2023";"15:25";"1";"971";"97120";"2";"2";"1";"6";"CHANZY (BOULEVARD)";"16,24112000";" -61,53602000"
"202300049862";"13";"07";"2023";"08:40";"1";"57";"57283";"2";"1";"1";"6";"AVENUE DE FRANCE";"49,25025000";"6,16006000"
"202300049863";"29";"09";"2023";"23:40";"3";"73";"73124";"1";"1";"1";"6";"N90";"45,64942000";"6,34271600"
"202300049864";"3";"12";"2023";"13:50";"1";"29";"29269";"1";"1";"3";"7";"Kergall";"47,94906068";" -3,62635686"
"202300049865";"9";"05";"2023";"19:30";"1";"69";"69275";"2";"1";"8";"7";"21 Rue Michel Servet";"45,75969000";"4,96872000"
"202300049866";"17";"02";"2023";"16:15";"1";"33";"33192";"1";"1";"1";"3";"ROCADE A 630";"44,78742000";" -0,59805000"
"202300049867";"25";"08";"2023";"19:35";"1";"33";"33192";"2";"1";"1";"2";"Rue de Lahouneau";"44,77959000";" -0,61213000"
"202300049868";"31";"03";"2023";"12:30";"1";"95";"95197";"2";"1";"3";"2";"Avenue de la Division Leclerc";"48,96880400";"2,31501600"
"202300049869";"30";"09";"2023";"15:00";"1";"10";"10317";"1";"1";"1";"6";"D17";"47,98947044";"4,33289027"
"202300049870";"9";"05";"2023";"09:30";"1";"69";"69256";"2";"1";"1";"6";"7 Chemin de la Ferme";"45,78645791";"4,91223708"
"202300049871";"16";"07";"2023";"20:10";"1";"54";"54263";"1";"1";"1";"3";"Avenue Maurice Kriegel Valrimont";"49,21032000";"5,99512000"
"202300049872";"29";"09";"2023";"13:10";"1";"04";"04094";"1";"1";"1";"1";"Route Départementale 4";"43,75205500";"5,80436500"
"202300049873";"25";"08";"2023";"10:20";"1";"33";"33063";"2";"2";"1";"3";"Rue de Pessac";"44,82539000";" -0,58920000"
"202300049874";"16";"02";"2023";"23:35";"3";"33";"33366";"1";"1";"1";"4";"AUTOROUTE A 10";"44,98296000";" -0,42853000"
"202300049875";"4";"12";"2023";"07:37";"2";"01";"01350";"1";"1";"1";"5";"D1083";"46,26407300";"5,28034700"
"202300049876";"10";"05";"2023";"10:30";"1";"69";"69264";"2";"1";"1";"6";"Rue Pierre Berthier";"45,98565000";"4,72767000"
"202300049877";"31";"03";"2023";"22:00";"3";"95";"95127";"2";"2";"6";"3";"Rue Francis Combe";"49,04573200";"2,07138700"
"202300049878";"29";"09";"2023";"17:45";"2";"85";"85164";"2";"6";"1";"6";"D38";"46,83021000";" -2,13142700"
"202300049879";"16";"02";"2023";"06:10";"3";"62";"62637";"1";"1";"1";"6";"A1";"50,46417300";"2,97512800"
"202300049880";"25";"08";"2023";"01:30";"5";"33";"33063";"2";"1";"1";"6";"Quai de Paludate";"44,82946000";" -0,55520000"
"202300049881";"7";"07";"2023";"21:38";"1";"51";"51454";"2";"2";"1";"3";"POMPELLE (RUE)";"49,25284000";"4,04929000"
"202300049882";"10";"05";"2023";"07:30";"1";"69";"69259";"2";"1";"1";"1";"Rue Vaillant Couturier";"45,72695000";"4,86073000"
"202300049883";"2";"12";"2023";"23:40";"3";"54";"54363";"2";"1";"1";"1";"Rue de Boudrezy";"49,37005398";"5,82374096"
"202300049884";"31";"03";"2023";"19:10";"1";"91";"91201";"2";"2";"1";"3";"AV DE L EUROPE";"48,68354200";"2,43206100"
"202300049885";"29";"09";"2023";"20:50";"3";"87";"87191";"1";"1";"1";"3";"RN21";"45,75289700";"1,05889300"
"202300049886";"30";"11";"2023";"17:40";"5";"07";"07313";"2";"1";"8";"6";"221 Quai Jules Roche";"45,31953938";"4,76400554"
"202300049887";"17";"02";"2023";"07:30";"2";"78";"78208";"1";"1";"2";"3";"RN12 EXT";"48,79960300";"1,98372500"
"202300049888";"24";"08";"2023";"21:45";"3";"31";"31555";"2";"1";"1";"3";"RUE DU POLE";"43,64792000";"1,42203000"
"202300049889";"17";"07";"2023";"07:10";"1";"51";"51055";"2";"9";"1";"3";"POTIERE (RUE)";"49,27475000";"4,05753000"
"202300049890";"13";"06";"2023";"19:20";"1";"91";"91286";"2";"1";"1";"6";"PLESSIS (CHEMIN DU)";"48,65288000";"2,38521000"
"202300049891";"30";"03";"2023";"17:10";"1";"83";"83061";"1";"9";"1";"3";"D8";"43,41882660";"6,70322156"
"202300049892";"9";"05";"2023";"17:00";"1";"69";"69290";"2";"2";"3";"3";"Rue de la Cité de l'Abbé Pierre";"45,69516000";"4,93103000"
"202300049893";"30";"09";"2023";"05:00";"3";"72";"72031";"1";"1";"1";"6";"A11 - PK 146+100 - sens LE MANS/PARIS";"48,07794753";"0,48315883"
"202300049894";"27";"11";"2023";"19:20";"3";"07";"07157";"1";"1";"2";"6";"D86";"44,61781400";"4,73446400"
"202300049895";"14";"07";"2023";"04:57";"5";"49";"49007";"2";"1";"1";"7";"CHURCHILL AVENUE ET SQUARE";"47,44881000";" -0,55977000"
"202300049896";"10";"01";"2023";"09:30";"1";"85";"85112";"1";"1";"8";"6";"Rue du 8 mai 1945";"46,55044000";" -1,76464100"
"202300049897";"16";"02";"2023";"04:50";"3";"93";"93007";"1";"1";"1";"2";"AUTOROUTE A1";"48,94353000";"2,43618000"
"202300049898";"31";"03";"2023";"13:50";"1";"77";"77058";"2";"1";"1";"3";"GENETS (BOULEVARD DES)";"48,83962241";"2,72118207"
"202300049899";"26";"08";"2023";"17:40";"1";"28";"28134";"1";"6";"1";"3";"ROND POINT DES CORALINES SUD";"48,74457000";"1,34686000"
"202300049900";"3";"12";"2023";"22:45";"3";"53";"53276";"1";"1";"2";"6";"d32";"48,14899400";" -0,25676300"
"202300049901";"29";"09";"2023";"18:55";"2";"06";"06085";"1";"1";"1";"2";"A8, PK 166 chaussée nord";"43,58202960";"7,01441450"
"202300049902";"10";"05";"2023";"18:50";"1";"67";"67482";"2";"3";"1";"3";"ELMERFORST (RUE D )";"48,56355000";"7,71192000"