"Num_Acc";"jour";"mois";"an";"hrmn";"lum";"dep";"com";"agg";"int";"atm";"col";"adr";"lat";"long"
"202300049903";"17";"07";"2023";"18:15";"1";"45";"45234";"2";"1";"1";"6";"Rue Léopold Sédar Senghor";"47,83900000";"1,93079000"
"202300049904";"31";"03";"2023";"21:00";"2";"76";"76540";"2";"6";"1";"6";"Boulevard de l'Europe";"49,43097000";"1,07900000"
"202300049905";"26";"08";"2023";"11:30";"1";"27";"27681";"2";"1";"1";"6";"ROUEN (AVENUE DE)";"49,10000000";"1,47247000"
"202300049906";"17";"02";"2023";"09:00";"1";"95";"95241";"1";"1";"2";"2";"RN 104";"49,04671000";"2,43817000"
"202300049907";"2";"12";"2023";"13:15";"1";"31";"31349";"1";"1";"1";"6";"A64";"43,22561500";"1,05566400"
"202300049908";"13";"06";"2023";"14:45";"1";"85";"85191";"2";"2";"1";"3";"57 Rue boileau";"46,67296900";" -1,42368400"
"202300049909";"16";"07";"2023";"23:50";"3";"44";"44184";"1";"1";"1";"6";"N/A";"47,28607400";" -2,25079100"
"202300049910";"29";"09";"2023";"19:50";"3";"57";"57333";"1";"1";"1";"1";"Route Nationale 4 PR 24+700 sens PHALSBOURG vers SARREBOURG";"48,74889100";"7,13289200"
"202300049911";"8";"05";"2023";"13:00";"1";"67";"67267";"2";"3";"1";"3";"PERIGORD (RUE DU)";"48,55985000";"7,67867000"
"202300049912";"30";"03";"2023";"14:50";"1";"76";"76351";"2";"2";"1";"3";"JULES VALLES";"49,51384800";"0,17601500"
"202300049913";"26";"08";"2023";"16:15";"1";"27";"27229";"2";"1";"1";"2";"MENDES FRANCE (RUE PIERRE)";"49,03163000";"1,15239000"
"202300049914";"12";"06";"2023";"11:00";"1";"78";"78418";"1";"6";"1";"7";"HUIT MAI 1945 (RUE DU)";"48,91581900";"2,14307200"
"202300049915";"17";"02";"2023";"10:40";"1";"95";"95219";"1";"1";"8";"3";" A115";"48,98936690";"2,24385774"
"202300049916";"29";"09";"2023";"19:50";"1";"72";"72386";"1";"6";"1";"7";"Rond point de Auvours - RD323/RD314";"48,00972700";"0,30631600"
"202300049917";"16";"07";"2023";"19:50";"1";"42";"42095";"2";"2";"1";"2";"Rue de Saint-Just-Malmont";"45,38371000";"4,29072000"
"202300049918";"4";"12";"2023";"10:00";"1";"31";"31187";"2";"1";"1";"3";"D632 - PK 18.500";"43,53111100";"1,22025500"
"202300049919";"30";"03";"2023";"08:10";"1";"72";"72181";"2";"1";"1";"1";"CHAMPION HENRI (RUE) N° PAIRS";"47,98257000";"0,23072000"
"202300049920";"16";"02";"2023";"20:10";"3";"95";"95060";"1";"1";"1";"6";"A115";"49,04241798";"2,18856615"
"202300049921";"9";"05";"2023";"08:50";"1";"67";"67482";"2";"3";"8";"3";"CANONNIERS (RUE DES)";"48,55444000";"7,76624000"
"202300049922";"25";"08";"2023";"13:20";"1";"27";"27229";"2";"2";"1";"2";"SAINT SAUVEUR (RUE)";"49,02763000";"1,14404000"
"202300049923";"31";"03";"2023";"17:20";"1";"71";"71076";"2";"1";"1";"6";"11 NOVEMBRE 1918 (RUE)";"46,78000000";"4,84000000"
"202300049924";"30";"09";"2023";"14:40";"1";"60";"60142";"2";"6";"1";"3";"D922";"49,10041500";"2,52868500"
"202300049925";"5";"05";"2023";"18:00";"1";"67";"67043";"2";"1";"1";"6";"REICHSTETT (RUE DE)";"48,61743242";"7,73383319"
"202300049926";"3";"12";"2023";"19:58";"3";"84";"84014";"1";"1";"1";"2";"A51 PK 058.150";"43,71626400";"5,73647300"
"202300049927";"17";"07";"2023";"09:30";"1";"38";"38151";"2";"3";"1";"3";"GRUGLIASCO (AVENUE DE )";"45,15056000";"5,71287000"
"202300049928";"12";"06";"2023";"23:20";"3";"77";"77495";"1";"1";"1";"6";"D346";"48,55936000";"2,61849000"
"202300049929";"16";"02";"2023";"09:50";"1";"95";"95018";"1";"1";"1";"5";"A15";"48,95083853";"2,27990658"
"202300049930";"28";"03";"2023";"22:20";"5";"69";"69266";"2";"6";"1";"3";"28 Rue Edouard Aynard";"45,75994000";"4,87588000"
"202300049931";"26";"08";"2023";"21:00";"5";"25";"25204";"2";"1";"2";"6";"R-N 57.";"46,92326000";"6,33973000"
"202300049932";"4";"09";"2023";"11:20";"1";"988";"98831";"1";"1";"1";"7";"RT1";" -21,05334400";"164,71213800"
"202300049933";"5";"05";"2023";"17:30";"1";"67";"67482";"2";"3";"2";"6";"COULAUX (RUE)";"48,57282000";"7,79452000"
"202300049934";"31";"03";"2023";"08:25";"1";"69";"69092";"1";"1";"1";"6";"Route du Saule d’Oingt";"45,98079000";"4,66559000"
"202300049935";"30";"11";"2023";"16:55";"3";"72";"72096";"1";"1";"1";"2";"A81";"48,03137418";" -0,00057578"
"202300049936";"17";"02";"2023";"00:20";"4";"77";"77249";"1";"1";"8";"7";"RN104";"48,73321171";"2,61033847"
"202300049937";"17";"07";"2023";"16:15";"1";"35";"35238";"1";"1";"1";"4";"RN136";"48,08375000";" -1,64242000"
"202300049938";"24";"08";"2023";"16:20";"1";"19";"19031";"2";"3";"1";"2";"Avenue Alsace Lorraine";"45,15357000";"1,53904000"
"202300049939";"8";"05";"2023";"11:50";"1";"67";"67267";"2";"1";"1";"6";"MARECHAL FOCH (RUE DU)";"48,55585000";"7,67995000"
"202300049940";"31";"03";"2023";"08:00";"1";"69";"69290";"2";"1";"1";"3";"Rue Jean Zay";"45,70648896";"4,91197482"
"202300049941";"4";"12";"2023";"19:33";"3";"06";"06155";"1";"9";"2";"6";"A8, chaussée Nord, Pk 170.000";"43,60335300";"7,06203100"
"202300049942";"30";"09";"2023";"11:50";"1";"77";"77046";"1";"2";"1";"3";"D410";"48,26078400";"2,44399700"
"202300049943";"12";"06";"2023";"11:40";"1";"76";"76384";"2";"1";"1";"6";"GOUBERMOULINS (RUE)";"49,52947000";"0,54623000"
"202300049944";"17";"07";"2023";"11:15";"1";"34";"34003";"2";"9";"1";"3";"25 Rue de la Republique";"43,31094200";"3,47076700"
"202300049945";"31";"03";"2023";"15:10";"1";"68";"68056";"1";"1";"6";"6";"Rue de Folgensbourg";"47,71979400";"7,34320700"
"202300049946";"15";"02";"2023";"10:50";"1";"34";"34301";"2";"3";"1";"1";"677 Boulevard de Verdun";"43,41294000";"3,68395000"
"202300049947";"25";"08";"2023";"19:45";"2";"17";"17415";"2";"1";"7";"6";"Avenue Gambetta";"45,74665400";" -0,62354200"
"202300049948";"3";"12";"2023";"16:40";"1";"31";"31506";"2";"1";"1";"6";"4 Rue des Comores";"43,55616697";"1,52438790"
"202300049949";"13";"06";"2023";"23:45";"5";"74";"74012";"2";"2";"1";"6";"BAUD (RUE DU DR FRANCIS)";"46,19780000";"6,23860000"
"202300049950";"29";"09";"2023";"19:30";"2";"84";"84097";"2";"1";"1";"3";"route de colonzelle";"44,36395000";"4,91117300"
"202300049951";"25";"08";"2023";"11:05";"1";"16";"16166";"1";"6";"1";"6";"MERMOZ (AVENUE JEAN)";"45,66877000";"0,22097000"
"202300049952";"10";"05";"2023";"13:20";"1";"64";"64284";"2";"1";"2";"4";"8 MAI 1945 DU";"43,28090000";" -0,38595000"
"202300049953";"17";"07";"2023";"15:30";"1";"33";"33522";"2";"1";"1";"2";"Cours Maréchal Gallieni";"44,82505579";" -0,58983386"
"202300049954";"30";"03";"2023";"18:30";"1";"67";"67365";"2";"3";"1";"3";"GENERAL LECLERC (RUE DU)";"48,54961000";"7,71005000"
"202300049955";"16";"02";"2023";"03:00";"5";"31";"31555";"2";"1";"1";"6";"198 Avenue de Grande Bretagne";"43,60179000";"1,41105000"
"202300049956";"29";"09";"2023";"19:00";"2";"52";"52353";"2";"1";"1";"7";"Rue du Bosquet";"48,03580600";"5,34173200"
"202300049957";"1";"12";"2023";"15:10";"1";"11";"11262";"1";"1";"2";"1";"N/A";"43,16160100";"3,14498700"
"202300049958";"12";"06";"2023";"09:52";"1";"74";"74298";"1";"1";"1";"1";"MONT-BLANC (ROUTE DU)";"46,16805000";"6,27125000"
"202300049959";"17";"07";"2023";"17:49";"1";"32";"32013";"2";"9";"7";"6";"ANCIEN FOIRAIL (PLACE)";"43,64863480";"0,58349311"
"202300049960";"15";"02";"2023";"09:10";"1";"92";"92024";"2";"1";"1";"6";"VICTOR HUGO (BD)";"48,90361520";"2,32041800"
"202300049961";"9";"05";"2023";"15:55";"1";"64";"64445";"1";"1";"2";"2";"EUROPE DE L'";"43,32157000";" -0,31225000"
"202300049962";"31";"03";"2023";"01:13";"5";"66";"66136";"2";"1";"1";"1";"N/A";"42,69422000";"2,89000000"
"202300049963";"3";"12";"2023";"18:20";"3";"60";"60541";"1";"1";"1";"6";"Autoroute A1 PK 53+400-Lille/Paris";"49,28960497";"2,69172335"
"202300049964";"13";"06";"2023";"08:15";"1";"72";"72181";"2";"9";"1";"3";"RUBILLARD AV N° PAIRS 118 ET >";"48,01320000";"0,17460000"
"202300049965";"26";"08";"2023";"21:00";"5";"13";"13054";"2";"3";"2";"3";"LACANAU (AV DE )";"43,40879000";"5,22561000"
"202300049966";"29";"09";"2023";"21:00";"3";"73";"73211";"1";"4";"1";"6";"D925";"45,71880029";"6,49562627"
"202300049967";"9";"05";"2023";"08:30";"1";"64";"64445";"2";"1";"1";"6";"TRISTAN DEREME";"43,30752000";" -0,35127000"
"202300049968";"14";"02";"2023";"14:35";"1";"71";"71306";"1";"1";"1";"6";"DANTON (RUE)";"46,67585000";"4,36429000"
"202300049969";"16";"07";"2023";"11:50";"1";"30";"30007";"2";"1";"1";"1";"Quai de la Brigade du Languedoc";"44,12010000";"4,08940000"
"202300049970";"4";"12";"2023";"16:20";"1";"974";"97403";"2";"1";"1";"6";"Entre-Deux";" -21,24979700";"55,47172000"
"202300049971";"31";"03";"2023";"07:45";"1";"64";"64445";"2";"4";"8";"6";"GERARD DE NERVAL";"43,29468400";" -0,36415100"
"202300049972";"13";"06";"2023";"08:30";"1";"71";"71497";"1";"1";"1";"2";"GENERAL DE GAULLE (BOULEVARD DU)";"46,33916000";"4,84685000"
"202300049973";"26";"08";"2023";"22:30";"5";"13";"13208";"2";"1";"2";"6";"PRADO (AVENUE DU)";"43,26229000";"5,37558000"
"202300049974";"29";"09";"2023";"08:50";"1";"69";"69225";"1";"4";"1";"3";"Route de la Bussière";"45,87442500";"4,41096800"
"202300049975";"9";"05";"2023";"17:15";"1";"64";"64024";"2";"9";"2";"6";"BAYONNE (AVENUE DE)";"43,48080000";" -1,51327000"
"202300049976";"14";"02";"2023";"17:49";"2";"06";"06030";"2";"1";"1";"6";"PERIER (LE CANNET)";"43,56656000";"6,99151000"
"202300049977";"15";"07";"2023";"19:00";"1";"28";"28218";"2";"1";"7";"3";"Rue de Lattre de Tassigny";"48,43422000";"1,45762000"
"202300049978";"3";"12";"2023";"16:50";"1";"973";"97305";"1";"1";"1";"1";"RN1 PK 19.800";"4,96403500";" -52,43541600"
"202300049979";"30";"03";"2023";"16:00";"1";"64";"64348";"2";"1";"7";"2";"ERCKMAN CHATRIAN";"43,32518000";" -0,38302000"
"202300049980";"26";"08";"2023";"16:08";"1";"13";"13203";"2";"1";"1";"2";"BELLE DE MAI (RUE)";"43,31265000";"5,38528000"
"202300049981";"9";"05";"2023";"13:00";"1";"64";"64102";"2";"1";"2";"6";"LAHUBIAGUE (AVENUE)";"43,48329000";" -1,48331000"
"202300049982";"12";"06";"2023";"08:41";"1";"66";"66136";"2";"1";"1";"6";"LECLERC (AVENUE DU GENERAL)";"42,70161000";"2,89058000"
"202300049983";"14";"02";"2023";"08:20";"1";"83";"83129";"2";"1";"7";"6";"REPUBLIQUE (AVENUE DE LA)";"43,09224000";"5,84124000"
"202300049984";"21";"09";"2023";"20:15";"5";"69";"69143";"2";"1";"3";"1";"Avenue Carnot";"45,88784454";"4,82965521"
"202300049985";"30";"03";"2023";"14:30";"1";"64";"64102";"2";"1";"1";"3";"AQUITAINE (AVENUE DE L')";"43,48632000";" -1,46527000"
"202300049986";"16";"07";"2023";"22:05";"2";"19";"19275";"1";"1";"1";"6";"LA COSTE";"45,51868438";"2,30167866"
"202300049987";"8";"05";"2023";"19:25";"1";"64";"64102";"2";"6";"1";"3";"ROND POINT DU GRAND BASQUE";"43,49109000";" -1,45415000"
"202300049988";"12";"06";"2023";"12:25";"1";"64";"64445";"2";"1";"1";"2";"GASTON PHOEBUS";"43,30242000";" -0,37979000"
"202300049989";"25";"08";"2023";"14:19";"1";"13";"13204";"2";"1";"1";"5";"ALEX. FLEMING (BOULEVARD)";"43,31608000";"5,39406000"
"202300049990";"16";"02";"2023";"16:40";"1";"974";"97416";"2";"1";"1";"6";"SUFFREN(RUE)";" -21,33550000";"55,47327000"
"202300049991";"17";"07";"2023";"13:00";"1";"17";"17415";"1";"1";"1";"2";"Route Nationale 137";"45,72539000";" -0,64586000"
"202300049992";"30";"03";"2023";"14:25";"1";"64";"64102";"2";"1";"1";"3";"DE GAULLE (PLACE DU GENERAL)";"43,49365194";" -1,47583187"
"202300049993";"28";"07";"2023";"10:00";"1";"73";"73023";"1";"3";"1";"3";"D215";"45,22512900";"6,73522000"
"202300049994";"28";"09";"2023";"18:00";"1";"65";"65059";"2";"3";"1";"3";"Av des Victimes du 11 Juin 1944";"43,07400200";"0,14341200"
"202300049995";"13";"06";"2023";"11:20";"1";"64";"64102";"2";"1";"1";"6";"MOLINIE (AVENUE JEAN)";"43,49396000";" -1,48357000"
"202300049996";"4";"05";"2023";"12:00";"1";"62";"62666";"2";"1";"1";"3";"D161E1";"50,47013025";"2,87518823"
"202300049997";"17";"07";"2023";"11:00";"1";"06";"06029";"2";"1";"1";"6";"PHALENES (RUE DES)";"43,55884000";"7,01693000"
"202300049998";"25";"08";"2023";"14:55";"1";"13";"13209";"2";"4";"1";"1";"MORGIOU (chemin de )";"43,24257000";"5,40637000"
"202300049999";"10";"05";"2023";"13:12";"1";"62";"62193";"1";"1";"1";"6";"A216";"50,94444000";"1,90500000"
"202300050000";"3";"12";"2023";"18:00";"3";"26";"26039";"1";"1";"1";"3";"D532";"45,04240200";"5,13310400"
"202300050001";"30";"03";"2023";"12:28";"1";"64";"64102";"2";"1";"1";"2";"SOULT (AVENUE MARECHAL)";"43,48717000";" -1,48557000"
"202300050002";"28";"09";"2023";"15:45";"1";"33";"33273";"1";"1";"1";"6";"Avenue du Maréchal Leclerc";"44,84393800";" -0,76450500"
"202300050003";"15";"02";"2023";"21:50";"4";"974";"97411";"2";"4";"1";"3";"MONTAGNE (ROUTE DE LA)";" -20,88624000";"55,43993000"
"202300050004";"13";"06";"2023";"08:50";"1";"64";"64102";"2";"2";"1";"3";"BASQUE (AVENUE DU GRAND)";"43,49399000";" -1,45297000"
"202300050005";"25";"08";"2023";"22:10";"3";"11";"11069";"2";"1";"1";"7";"14 Chemin de la Reille";"43,23260000";"2,35090000"
"202300050006";"30";"03";"2023";"18:53";"1";"63";"63063";"1";"1";"1";"3";"N/A";"45,84558000";"3,11364000"
"202300050007";"4";"12";"2023";"11:55";"1";"26";"26064";"2";"4";"2";"6";"2 Place Génissieu";"44,89983100";"5,01925000"
"202300050008";"3";"05";"2023";"08:45";"1";"61";"61169";"2";"6";"1";"6";"D462";"48,73004100";" -0,57914800"
"202300050009";"30";"09";"2023";"02:10";"3";"85";"85226";"1";"1";"1";"6";"D123";"46,76357900";" -2,02947300"
"202300050010";"17";"07";"2023";"10:25";"1";"75";"75116";"2";"1";"1";"4";"BD PERIPHERIQUE EXTERIEUR";"48,86988700";"2,27151000"
"202300050011";"13";"06";"2023";"08:15";"1";"64";"64102";"2";"1";"1";"3";"ALSACE LORRAINE (BOULEVARD)";"43,49313000";" -1,46605000"
"202300050012";"16";"02";"2023";"09:05";"1";"973";"97302";"2";"1";"1";"3";"BADUEL (ROUTE DE)";"4,93695377";" -52,31492043"
"202300050013";"25";"08";"2023";"11:30";"1";"10";"10333";"2";"1";"1";"2";"ECHENILLY (CD)";"48,26754000";"4,04009000"
"202300050014";"4";"05";"2023";"15:00";"1";"59";"59508";"2";"9";"1";"6";"HALLUIN (BOULEVARD D')";"50,74331000";"3,13209000"
"202300050015";"30";"03";"2023";"08:26";"1";"63";"63014";"1";"1";"1";"3";"PERIGNAT (ROND-POINT DE)";"45,74322000";"3,13860000"
"202300050016";"12";"06";"2023";"17:10";"1";"62";"62215";"2";"2";"1";"1";"Rue de Tlemcen";"50,47296000";"2,92410000"
"202300050017";"3";"12";"2023";"20:30";"5";"01";"01027";"2";"3";"9";"1";"route de lyon";"45,84928257";"5,11008292"
"202300050018";"17";"07";"2023";"09:55";"1";"75";"75119";"2";"1";"1";"4";"BD PERIPHERIQUE EXTERIEUR";"48,89721300";"2,39435400"
"202300050019";"30";"09";"2023";"02:17";"3";"85";"85003";"1";"1";"1";"6";"la groulière";"46,76040000";" -1,64445200"
"202300050020";"16";"02";"2023";"06:40";"1";"972";"97213";"1";"1";"1";"6";"ROUTE NATIONALE 1";"14,62198000";" -60,99070000"
"202300050021";"29";"03";"2023";"16:03";"1";"63";"63014";"2";"3";"1";"2";"Roussillon / bretelle parking Auchan sud";"45,75450000";"3,13028000"
"202300050022";"12";"06";"2023";"21:25";"1";"62";"62178";"2";"1";"1";"6";"Rue du Corps du Bois";"50,49421000";"2,52684000"
"202300050023";"26";"08";"2023";"09:05";"1";"07";"07281";"1";"1";"3";"5";"LYON (AVENUE DE)";"44,94270000";"4,85435000"
"202300050024";"3";"12";"2023";"12:47";"1";"69";"69176";"2";"1";"1";"6";"Route des Coteaux du Lyonnais";"45,67819254";"4,69053441"
"202300050025";"31";"03";"2023";"08:45";"1";"61";"61001";"2";"2";"8";"7";"D955";"48,42793000";"0,07509000"
"202300050026";"17";"07";"2023";"12:00";"1";"75";"75115";"2";"2";"1";"1";"QUAI ANDRE CITROEN";"48,84723300";"2,27917500"
"202300050027";"16";"02";"2023";"13:30";"1";"972";"97209";"2";"1";"1";"2";"ARAWAKS (AVENUE DES)";"14,61699000";" -61,04824000"
"202300050028";"25";"08";"2023";"10:15";"1";"07";"07281";"1";"1";"1";"7";"Route de St Romain de Lerps";"44,95219000";"4,82322000"
"202300050029";"3";"12";"2023";"16:30";"1";"65";"65338";"2";"1";"1";"3";"D5";"43,13115100";"0,17528800"
"202300050030";"9";"05";"2023";"18:00";"1";"59";"59350";"2";"1";"2";"1";"CANTELEU RUE DE";"50,62728000";"3,03659000"
"202300050031";"31";"03";"2023";"19:05";"2";"59";"59350";"2";"1";"2";"3";"Boulevard d'Alsace";"50,61774000";"3,06444000"
"202300050032";"29";"09";"2023";"16:00";"1";"69";"69290";"1";"1";"1";"4";"Autoroute 43";"45,70188000";"4,96909000"
"202300050033";"25";"08";"2023";"20:20";"1";"06";"06088";"2";"9";"1";"6";"MADELEINE (BD DE LA)";"43,69927000";"7,23873000"
"202300050034";"16";"02";"2023";"12:15";"1";"972";"97209";"1";"1";"1";"1";"ROUTOUTOU (RUE DU)";"14,60669000";" -61,06824000"
"202300050035";"2";"12";"2023";"19:42";"3";"86";"86062";"2";"9";"9";"6";"Allée du Haut Poitou";"46,65084800";"0,36385100"
"202300050036";"16";"07";"2023";"16:08";"1";"75";"75118";"2";"2";"1";"3";"BOULEVARD ORNANO";"48,89754200";"2,34468300"
"202300050037";"31";"03";"2023";"08:45";"1";"59";"59009";"2";"3";"2";"6";"OUEST BOULEVARD DE L";"50,63537000";"3,12151000"
"202300050038";"29";"09";"2023";"16:00";"1";"69";"69290";"1";"1";"1";"6";"Rocade est";"45,70430117";"4,96405363"
"202300050039";"20";"05";"2023";"02:35";"5";"62";"62119";"2";"9";"1";"6";"D937";"50,51363995";"2,64870751"
"202300050040";"1";"12";"2023";"15:50";"1";"33";"33324";"2";"1";"1";"1";"11 Route de Bergerac";"44,84212400";"0,23150100"
"202300050041";"10";"05";"2023";"08:10";"1";"59";"59206";"1";"2";"2";"3";"NAVES (ROUTE DE) OU DEPARTEMENTAL N°114";"50,18951000";"3,27691000"
"202300050042";"16";"02";"2023";"09:00";"1";"69";"69385";"2";"1";"1";"2";"43 Rue Pierre Valdo";"45,75025000";"4,79103000"
"202300050043";"25";"08";"2023";"18:10";"1";"06";"06030";"2";"3";"1";"6";"COTEAUX (AVENUE DES)";"43,56849180";"7,02460250"
"202300050044";"17";"07";"2023";"07:35";"1";"75";"75120";"2";"2";"1";"3";"AVENUE GAMBETTA";"48,86496500";"2,39554500"
"202300050045";"30";"03";"2023";"07:42";"2";"57";"57630";"2";"3";"3";"6";"GAMBETTA (AV)";"48,73747000";"7,05757000"
"202300050046";"29";"09";"2023";"18:15";"1";"91";"91103";"1";"1";"1";"3";"RN 104";"48,62484000";"2,30411000"
"202300050047";"3";"12";"2023";"06:35";"2";"33";"33366";"1";"1";"9";"3";"2090 Route de Libourne";"44,98356600";" -0,41012300"
"202300050048";"15";"02";"2023";"12:25";"1";"69";"69382";"2";"1";"1";"3";"21 Quai Jules Courmont";"45,75810000";"4,83702000"
"202300050049";"25";"08";"2023";"13:37";"1";"05";"05061";"2";"1";"1";"2";"PROVENCE (AVENUE DE)";"44,53662599";"6,05227310"
"202300050050";"13";"06";"2023";"13:50";"1";"61";"61001";"2";"2";"1";"2";"Avenue Koutiala";"48,42670000";"0,07640000"
"202300050051";"9";"05";"2023";"17:30";"1";"57";"57463";"2";"1";"1";"4";"RN 431";"49,11918738";"6,23455991"
"202300050052";"29";"11";"2023";"13:30";"1";"33";"33151";"1";"1";"8";"6";"Grand Moulin Ouest";"45,25362900";" -0,43712500"
"202300050053";"31";"03";"2023";"09:05";"1";"54";"54304";"2";"6";"1";"3";"Avenue de la Libération";"48,67731117";"6,15634400"
"202300050054";"17";"07";"2023";"00:38";"5";"75";"75116";"2";"2";"1";"3";"ALLEE DE LONGCHAMP";"48,87492500";"2,27111200"
"202300050055";"17";"02";"2023";"00:40";"3";"91";"91421";"1";"1";"1";"3";"NATIONALE 6 (REVEIL MATIN)";"48,71669000";"2,44263000"
"202300050056";"26";"08";"2023";"00:14";"3";"05";"05023";"2";"1";"2";"6";"FORGUES (AVENUE DU PROF.)";"44,90378000";"6,63587000"
"202300050057";"13";"06";"2023";"14:50";"1";"59";"59426";"1";"9";"1";"6";"CIT";"50,75244000";"3,14034000"
"202300050058";"9";"05";"2023";"08:40";"1";"54";"54395";"2";"2";"1";"3";"Boulevard Jean Jaurès";"48,68222000";"6,17791000"
"202300050059";"29";"09";"2023";"08:25";"1";"91";"91687";"1";"1";"1";"5";"AUTOROUTE A6";"48,66310000";"2,36714000"
"202300050060";"29";"11";"2023";"15:00";"1";"60";"60668";"1";"3";"8";"3";"D149";"49,49266800";"2,08828200"
"202300050061";"17";"07";"2023";"20:30";"2";"75";"75114";"2";"2";"1";"2";"BOULEVARD SAINT JACQUES";"48,83195200";"2,34114300"
"202300050062";"30";"03";"2023";"07:10";"2";"54";"54395";"2";"2";"3";"6";"POINCARE (RUE RAYMOND 1-29-2-30)";"48,69100000";"6,17510000"
"202300050063";"22";"08";"2023";"18:15";"1";"02";"02408";"2";"1";"1";"6";"LYON (BOULEVARD DE)";"49,56976000";"3,62573000"
"202300050064";"16";"02";"2023";"09:40";"1";"86";"86157";"1";"1";"1";"2";"RN 147";"46,53651200";"0,42598800"
"202300050065";"13";"06";"2023";"07:40";"1";"59";"59512";"2";"2";"1";"1";"TOURCOING (RUE DE)";"50,70712700";"3,16932200"
"202300050066";"8";"05";"2023";"16:45";"1";"54";"54395";"2";"2";"1";"3";"Rue du Maréchal Oudinot";"48,67479107";"6,18046403"
"202300050067";"29";"09";"2023";"07:55";"1";"94";"94003";"1";"1";"1";"2";"A6A";"48,80389457";"2,34203660"
"202300050068";"3";"12";"2023";"20:44";"3";"80";"80521";"1";"1";"1";"2";"Autoroute A1 PK 133+00 sens PARIS/LILLE";"49,99438800";"2,87515600"
"202300050069";"12";"06";"2023";"09:00";"1";"59";"59368";"2";"9";"1";"6";"POMPIDOU G. RUE DU PDT.149 - 301";"50,65774000";"3,06404000"
"202300050070";"17";"07";"2023";"19:00";"1";"75";"75110";"2";"3";"1";"2";"BOULEVARD DE LA VILLETTE";"48,87257100";"2,37621300"
"202300050071";"16";"02";"2023";"13:10";"1";"82";"82121";"2";"1";"7";"3";"EUROPE (AVENUE DE L')";"43,99696000";"1,33481000"
"202300050072";"29";"03";"2023";"17:25";"1";"52";"52121";"2";"1";"1";"3";"LECLERC (AVENUE GENERAL)";"48,10866000";"5,14062000"
"202300050073";"10";"05";"2023";"08:10";"1";"51";"51493";"1";"6";"8";"2";"route de Châlons";"49,22768285";"4,09964919"
"202300050074";"30";"11";"2023";"23:18";"5";"13";"13202";"1";"1";"1";"6";"TVPCM-Sens Saint Victor vers Les Ports";"43,29529299";"5,36313740"
"202300050075";"27";"09";"2023";"19:50";"3";"92";"92025";"1";"1";"1";"2";"A86";"48,93542176";"2,26058310"
"202300050076";"26";"08";"2023";"17:15";"1";"75";"75117";"2";"4";"1";"2";"PORTE DES TERNES";"48,88342500";"2,28417200"
"202300050077";"17";"07";"2023";"10:40";"1";"75";"75108";"2";"1";"1";"6";"RUE WASHINGTON";"48,87229100";"2,30170700"
"202300050078";"13";"06";"2023";"08:45";"1";"59";"59155";"2";"1";"1";"2";"BOERNHOL";"51,00618600";"2,38933100"
"202300050079";"9";"05";"2023";"13:50";"1";"51";"51454";"2";"6";"3";"7";"rue de Brimontel";"49,27451672";"4,03329939"
"202300050080";"2";"12";"2023";"22:50";"5";"13";"13213";"1";"1";"1";"6";"A507 sens Aubagne- Marseille";"43,32944942";"5,41358829"
"202300050081";"17";"07";"2023";"14:00";"1";"75";"75114";"2";"3";"1";"7";"RUE VERCINGETORIX";"48,83339000";"2,31227000"
"202300050082";"12";"06";"2023";"07:15";"1";"59";"59183";"2";"9";"1";"3";"N/A";"51,03026600";"2,33678900"
"202300050083";"28";"09";"2023";"07:30";"1";"78";"78531";"1";"1";"1";"4";"A13";"48,98834300";"1,65703300"
"202300050084";"9";"05";"2023";"12:45";"1";"51";"51454";"2";"1";"2";"4";"boulevard Marcelin Berthelot";"49,27248000";"4,06344000"
"202300050085";"24";"08";"2023";"21:10";"5";"75";"75119";"2";"1";"1";"6";"TUNNEL BOULEVARD MACDONALD";"48,89997000";"2,38647000"
"202300050086";"2";"12";"2023";"18:00";"5";"83";"83137";"1";"1";"1";"6";"A50";"43,12666174";"5,89016331"
"202300050087";"17";"07";"2023";"10:40";"1";"75";"75115";"2";"3";"1";"7";"QUAI D ISSY LES MOULINEAUX";"48,83500000";"2,26613000"
"202300050088";"8";"05";"2023";"15:45";"1";"50";"50129";"2";"1";"1";"6";"GAMBETTA (RUE)";"49,64733000";" -1,64645000"
"202300050089";"12";"06";"2023";"14:00";"1";"54";"54395";"2";"1";"1";"4";"Pont du millenaire";"48,67799000";"6,20865000"
"202300050090";"17";"07";"2023";"19:25";"1";"75";"75102";"2";"7";"1";"7";"PLACE DE L OPERA";"48,87031500";"2,33270400"
"202300050091";"16";"02";"2023";"06:30";"3";"77";"77237";"1";"1";"1";"3";"D345";"48,84359000";"2,77620000"
"202300050092";"9";"05";"2023";"16:54";"1";"49";"49007";"2";"2";"1";"3";"ROI RENE BOULEVARD";"47,46751000";" -0,55583000"
"202300050093";"2";"12";"2023";"14:00";"1";"83";"83137";"1";"1";"1";"4";"A57";"43,12231793";"5,95611165"
"202300050094";"28";"09";"2023";"06:40";"3";"78";"78140";"1";"1";"1";"5";"A13";"48,96564400";"1,92368100"
"202300050095";"24";"08";"2023";"09:00";"1";"75";"75112";"2";"2";"1";"4";"QUAI DE BERCY";"48,83866923";"2,37572908"
"202300050096";"13";"06";"2023";"14:00";"1";"54";"54051";"1";"2";"1";"3";"RD 13";"49,17608000";"5,96825000"
"202300050097";"15";"02";"2023";"15:15";"1";"74";"74012";"2";"1";"1";"6";"MERMOZ RUE JEAN)";"46,19559000";"6,25151000"
"202300050098";"17";"07";"2023";"15:50";"1";"75";"75101";"2";"2";"1";"6";"BOULEVARD DE SEBASTOPOL";"48,86197800";"2,35017500"