"Num_Acc";"jour";"mois";"an";"hrmn";"lum";"dep";"com";"agg";"int";"atm";"col";"adr";"lat";"long"
"202300050099";"3";"12";"2023";"04:15";"3";"69";"69029";"1";"1";"1";"6";"Boulevard Laurent Bonnevay";"45,73045000";"4,89926000"
"202300050100";"9";"05";"2023";"20:17";"1";"49";"49007";"2";"1";"1";"2";"LAREVELLIERE";"47,47135000";" -0,52615000"
"202300050101";"28";"09";"2023";"06:00";"2";"78";"78238";"1";"1";"1";"2";"A13";"48,96969800";"1,86739100"
"202300050102";"9";"05";"2023";"15:58";"1";"49";"49267";"2";"6";"1";"7";"GANDHI";"47,46929000";" -0,51951000"
"202300050103";"12";"06";"2023";"09:14";"1";"51";"51454";"2";"2";"1";"7";"SULLY (RUE)";"49,21277000";"4,02774000"
"202300050104";"2";"12";"2023";"23:15";"3";"69";"69228";"1";"1";"1";"6";"Autoroute 47";"45,54283000";"4,65620000"
"202300050105";"15";"02";"2023";"19:45";"5";"71";"71306";"2";"1";"1";"3";"CAMILLE DESMOULINS (RUE)";"46,66563043";"4,36633721"
"202300050106";"26";"08";"2023";"11:30";"1";"75";"75105";"2";"2";"1";"3";"RUE DES ECOLES";"48,84959700";"2,34482500"
"202300050107";"3";"12";"2023";"03:45";"3";"33";"33143";"1";"1";"1";"2";"AUTOROUTE A 10";"44,96588851";" -0,43908298"
"202300050108";"17";"07";"2023";"00:20";"5";"75";"75104";"2";"2";"1";"2";"PONT DE SULLY";"48,85080900";"2,36143200"
"202300050109";"9";"05";"2023";"12:25";"1";"49";"49007";"2";"2";"1";"2";"COPERNIC";"47,48205000";" -0,52238000"
"202300050110";"27";"09";"2023";"19:45";"3";"92";"92019";"1";"1";"1";"4";"RN385";"48,77621518";"2,23316898"
"202300050111";"12";"06";"2023";"10:15";"1";"51";"51344";"1";"3";"1";"3";"CUMIERES (ALLEE DE)";"49,06910000";"3,93196000"
"202300050112";"16";"02";"2023";"16:15";"1";"69";"69286";"2";"4";"1";"2";"2646 Route de Strasbourg";"45,81893000";"4,89368000"
"202300050113";"3";"12";"2023";"06:25";"3";"91";"91377";"1";"1";"1";"2";"AUTOROUTE A10";"48,72500000";"2,30000000"
"202300050114";"25";"08";"2023";"09:20";"1";"75";"75120";"2";"3";"8";"2";"RUE DE MENILMONTANT";"48,86793000";"2,38662400"
"202300050115";"17";"07";"2023";"12:00";"1";"94";"94028";"2";"1";"1";"2";"Route de Choisy";"48,78714100";"2,45042600"
"202300050116";"27";"09";"2023";"19:00";"1";"78";"78640";"1";"1";"1";"2";"N118";"48,78058900";"2,22271400"
"202300050117";"13";"06";"2023";"03:45";"5";"50";"50129";"2";"1";"1";"6";"ROUGES TERRES (LES)";"49,60747000";" -1,59948000"
"202300050118";"3";"12";"2023";"10:30";"1";"95";"95365";"1";"1";"4";"6";"N104";"49,06770069";"2,39703848"
"202300050119";"16";"02";"2023";"09:00";"1";"69";"69256";"2";"1";"1";"6";"Avenue Bataillon Carmagnole Liberté";"45,75896045";"4,92315069"
"202300050120";"9";"05";"2023";"07:50";"1";"47";"47001";"2";"2";"8";"3";"STRASBOURG (RUE DE)";"44,19900000";"0,62130000"
"202300050121";"15";"07";"2023";"08:50";"1";"94";"94068";"2";"1";"1";"6";"ETIENNE DOLET (R)";"48,78827207";"2,48804571"
"202300050122";"25";"08";"2023";"02:15";"5";"75";"75120";"2";"2";"1";"7";"RUE DES PYRENEES";"48,86171800";"2,40018800"
"202300050123";"29";"09";"2023";"08:10";"1";"93";"93027";"1";"1";"1";"3";"AUTOROUTE A86";"48,92703000";"2,40560000"
"202300050124";"12";"06";"2023";"10:49";"1";"49";"49007";"2";"2";"1";"6";"MENDES FRANCE PLACE";"47,47333000";" -0,54572000"
"202300050125";"16";"02";"2023";"15:00";"1";"69";"69290";"1";"1";"1";"6";"Boulevard des Expositions";"45,71939000";"4,95482000"
"202300050126";"9";"05";"2023";"19:42";"1";"43";"43089";"2";"1";"8";"6";"Avenue Jean Moulin";"45,04151000";"3,87159000"
"202300050127";"16";"07";"2023";"20:00";"1";"94";"94016";"2";"9";"1";"6";"Avenue du Président Wilson";"48,78998147";"2,32635176"
"202300050128";"29";"09";"2023";"07:00";"3";"93";"93048";"1";"1";"1";"6";"AUTOROUTE A86";"48,86639922";"2,48162801"
"202300050129";"26";"08";"2023";"08:30";"1";"75";"75118";"2";"2";"1";"6";"AVENUE DE LA PORTE DE CLIGNANCOURT";"48,89946700";"2,34409100"
"202300050130";"3";"12";"2023";"07:50";"3";"93";"93027";"1";"1";"1";"2";"AUTOROUTE A86";"48,92521284";"2,39306196"
"202300050131";"13";"06";"2023";"08:35";"1";"41";"41295";"1";"1";"1";"4";"RD 956";"47,58682000";"1,36311000"
"202300050132";"16";"07";"2023";"21:50";"1";"94";"94028";"2";"1";"1";"6";"Rue Claude Perrault";"48,77865240";"2,46480846"
"202300050133";"16";"02";"2023";"09:35";"1";"66";"66136";"2";"3";"1";"3";"";"42,69885000";"2,87771100"
"202300050134";"29";"09";"2023";"08:50";"1";"94";"94079";"1";"1";"1";"2";"A4";"48,83524880";"2,53824913"
"202300050135";"25";"08";"2023";"12:05";"1";"75";"75118";"2";"2";"1";"6";"BOULEVARD NEY";"48,89872500";"2,37036900"
"202300050136";"16";"06";"2023";"17:45";"1";"25";"25427";"2";"1";"1";"1";"5 Chemin du Rang";"47,26909600";"5,87823800"
"202300050137";"5";"05";"2023";"00:00";"5";"42";"42218";"2";"2";"1";"3";"Boulevard Maréchal de Lattre de Tassigny";"45,44509000";"4,36611000"
"202300050138";"17";"07";"2023";"11:00";"1";"94";"94022";"2";"5";"1";"3";"Avenue de Newburn";"48,75496000";"2,41180000"
"202300050139";"13";"06";"2023";"14:30";"1";"38";"38185";"2";"6";"1";"3";"AVENUE DE L'EUROPE";"45,15907000";"5,73420000"
"202300050140";"23";"07";"2023";"17:30";"1";"77";"77442";"2";"1";"1";"1";"D210";"48,42527800";"2,76091500"
"202300050141";"15";"02";"2023";"12:35";"1";"66";"66136";"2";"1";"1";"2";"";"42,67756000";"2,90520000"
"202300050142";"1";"12";"2023";"20:35";"3";"972";"97213";"2";"1";"1";"6";"GEORGES GRATIANT (AVENUE)";"14,61649000";" -61,03714000"
"202300050143";"26";"08";"2023";"18:15";"1";"75";"75117";"2";"2";"1";"3";"BOULEVARD PEREIRE";"48,88753000";"2,30749100"
"202300050144";"17";"07";"2023";"15:00";"1";"93";"93059";"2";"1";"1";"7";"Boulevard Pasteur";"48,96441000";"2,36617000"
"202300050145";"23";"06";"2023";"21:45";"2";"55";"55544";"1";"1";"1";"6";"D118b";"49,50569532";"5,45061350"
"202300050146";"13";"06";"2023";"14:05";"1";"37";"37233";"2";"2";"1";"3";"BALZAC (RUE HONORE DE)";"47,38835000";"0,72297000"
"202300050147";"9";"05";"2023";"10:00";"1";"42";"42099";"1";"4";"1";"3";"Rue Charles de Gaulle";"45,39529587";"4,26312608"
"202300050148";"17";"07";"2023";"19:10";"1";"93";"93064";"2";"1";"1";"6";"Boulevard de la Boissière";"48,87301927";"2,47055114"
"202300050149";"1";"12";"2023";"18:00";"5";"972";"97209";"1";"1";"1";"1";"REDOUTE (ROUTE DE LA)";"14,63593000";" -61,05595000"
"202300050150";"25";"08";"2023";"18:15";"1";"75";"75117";"2";"7";"1";"6";"AVENUE DE VILLIERS";"48,88486000";"2,29791400"
"202300050151";"16";"02";"2023";"19:00";"5";"59";"59599";"2";"2";"1";"3";"MARNE (AVENUE DE LA)";"50,70980525";"3,15289646"
"202300050152";"28";"09";"2023";"11:45";"1";"988";"98818";"2";"3";"1";"6";"RUE UNGER/ALI RALEB";" -22,26182000";"166,44514000"
"202300050153";"2";"12";"2023";"22:55";"5";"2B";"2B033";"2";"6";"6";"6";"SAMPIERO CORSO - AV";"42,67151000";"9,44257000"
"202300050154";"17";"07";"2023";"19:00";"2";"93";"93048";"2";"1";"1";"3";"Rue Kléber";"48,85642580";"2,43596836"
"202300050155";"25";"08";"2023";"13:10";"1";"75";"75117";"2";"1";"8";"6";"AVENUE EMILE ET ARMAND MASSARD";"48,88811300";"2,29631500"
"202300050156";"28";"09";"2023";"07:35";"1";"974";"97416";"1";"1";"1";"7";"CD 29";" -21,33616000";"55,51948000"
"202300050157";"13";"06";"2023";"08:50";"1";"37";"37208";"2";"9";"1";"3";"ECORCHEVEAU (RUE DE L')";"47,36829000";"0,73828000"
"202300050158";"9";"05";"2023";"17:11";"1";"38";"38151";"2";"2";"3";"3";"COURS JEAN JAURÈS";"45,15189000";"5,70700000"
"202300050159";"15";"02";"2023";"20:50";"5";"59";"59350";"2";"1";"1";"6";"Boulevard Jean-Baptiste Lebas";"50,62624000";"3,06964000"
"202300050160";"28";"09";"2023";"08:45";"1";"973";"97302";"2";"1";"1";"7";"ZEPHIR (ROCADE)";"4,93649000";" -52,30739000"
"202300050161";"17";"07";"2023";"09:30";"1";"93";"93079";"2";"1";"1";"2";"Route de Saint-leu";"48,95348270";"2,33622935"
"202300050162";"25";"08";"2023";"22:55";"5";"75";"75107";"2";"2";"1";"3";"Quai d'Orsay";"48,86259000";"2,31902400"
"202300050163";"13";"06";"2023";"23:54";"5";"35";"35238";"2";"1";"1";"1";"VOLNEY (BD)";"48,12455097";" -1,66660935"
"202300050164";"11";"02";"2023";"11:40";"1";"56";"56260";"2";"6";"1";"6";"CHATEAUBRIAND(RUE FRANCOIS DE)";"47,66294000";" -2,76219000"
"202300050165";"9";"05";"2023";"11:40";"1";"38";"38185";"2";"1";"1";"3";"MARCEAU (RUE)";"45,18269000";"5,72194000"
"202300050166";"1";"12";"2023";"18:07";"3";"2B";"2B037";"1";"1";"1";"4";"TOUTES RUES";"42,61570000";"9,43748000"
"202300050167";"28";"09";"2023";"06:15";"2";"973";"97302";"2";"1";"1";"7";"MADELEINE (ROUTE DE LA)";"4,90941000";" -52,32161000"
"202300050168";"17";"07";"2023";"11:15";"1";"93";"93029";"2";"1";"1";"6";"Rue de la République";"48,92445031";"2,43731898"
"202300050169";"3";"12";"2023";"01:15";"5";"2A";"2A004";"2";"1";"1";" -1";"MACCHINI EUGENE AVENUE";"41,91800000";"8,73700000"
"202300050170";"13";"06";"2023";"08:45";"1";"35";"35278";"1";"1";"1";"2";"RD 137";"48,15352000";" -1,70126000"
"202300050171";"17";"07";"2023";"13:50";"1";"93";"93013";"2";"1";"1";"6";"Avenue de la Division Leclerc";"48,93017285";"2,42083857"
"202300050172";"16";"02";"2023";"19:50";"5";"54";"54184";"2";"1";"1";"3";"Avenue de Saulxures";"48,70794600";"6,24437500"
"202300050173";"10";"05";"2023";"20:10";"1";"37";"37261";"2";"1";"8";"3";"HOSPITALITE (RUE DE L')";"47,38949000";"0,66814000"
"202300050174";"28";"09";"2023";"10:04";"1";"69";"69388";"2";"8";"1";"3";"Boulevard des Etats-Unis";"45,73121000";"4,86619000"
"202300050175";"26";"08";"2023";"15:00";"1";"75";"75115";"2";"3";"1";"2";"RUE DE VAUGIRARD";"48,84471300";"2,31881500"
"202300050176";"13";"06";"2023";"12:30";"1";"34";"34301";"2";"1";"1";"6";"427 Boulevard de Verdun";"43,41212000";"3,68697000"
"202300050177";"9";"05";"2023";"09:16";"1";"37";"37214";"2";"1";"2";"2";"SAINT CYR (QUAI DE)";"47,39727000";"0,66539000"
"202300050178";"16";"02";"2023";"13:35";"1";"54";"54138";"1";"1";"1";"2";"52 (ROUTE NATIONALE)";"49,53555000";"5,75676000"
"202300050179";"28";"09";"2023";"04:15";"5";"69";"69383";"2";"9";"1";"6";"Rue Paul Bert";"45,75707000";"4,85468000"
"202300050180";"17";"07";"2023";"11:35";"1";"93";"93001";"2";"2";"1";"3";"Avenue Jean Jaurès / Avenue de la République";"48,90359223";"2,39184420"
"202300050181";"10";"06";"2023";"10:10";"1";"34";"34032";"1";"1";"1";"3";"RD609";"43,31381000";"3,17883000"
"202300050182";"25";"08";"2023";"19:45";"1";"75";"75115";"2";"1";"1";"2";"RUE DU COLONEL PIERRE AVIA";"48,83075800";"2,27679900"
"202300050183";"2";"12";"2023";"10:00";"1";"95";"95277";"2";"1";"1";"7";"D970";"48,98471000";"2,45912000"
"202300050184";"9";"05";"2023";"09:15";"1";"37";"37122";"2";"2";"3";"3";"BORDEAUX (AVENUE DE)";"47,35562946";"0,69869399"
"202300050185";"28";"09";"2023";"06:15";"1";"972";"97209";"1";"1";"1";"2";"RD 41 (ROCADE)";"14,61179000";" -61,07856000"
"202300050186";"17";"07";"2023";"10:00";"1";"92";"92051";"2";"3";"1";"3";"GENERAL LECLERC (BOULEVARD DU, N° 1 A 27";"48,88736539";"2,25701550"
"202300050187";"25";"08";"2023";"14:35";"1";"75";"75114";"2";"7";"1";"6";"RUE DU CHATEAU";"48,83744500";"2,31815500"
"202300050188";"2";"12";"2023";"19:50";"2";"91";"91549";"2";"1";"1";"6";"JACQUES DUCLOS (AVENUE)";"48,63495000";"2,34586000"
"202300050189";"10";"05";"2023";"17:25";"1";"35";"35051";"1";"6";"2";"2";"ALLIES (BOULEVARD DES)";"48,10229910";" -1,61021054"
"202300050190";"13";"06";"2023";"20:15";"1";"31";"31555";"2";"1";"1";"3";"AV FREDERIC ESTEBE";"43,62258153";"1,43694788"
"202300050191";"29";"09";"2023";"01:40";"5";"69";"69382";"2";"2";"1";"6";"Place Antonin Poncet";"45,75646000";"4,83337000"
"202300050192";"17";"07";"2023";"09:40";"1";"92";"92012";"2";"1";"1";"3";"MARCEL SEMBAT (PLACE)";"48,83353239";"2,24362627"
"202300050193";"2";"12";"2023";"17:30";"5";"91";"91549";"2";"3";"1";"3";"GRANDE CHARMILLE DU PARC (AVENUE DE LA)";"48,64529000";"2,32874200"
"202300050194";"28";"09";"2023";"19:00";"2";"69";"69389";"2";"1";"1";"2";"3 Quai Paul Sédallian";"45,79749000";"4,82946000"
"202300050195";"9";"05";"2023";"11:45";"1";"35";"35278";"1";"2";"2";"3";"BERTAICHE  (LIEU DIT)";"48,16259000";" -1,68389000"
"202300050196";"16";"02";"2023";"16:45";"1";"51";"51454";"2";"6";"1";"6";"avenue Christophe Colomb";"49,22874432";"4,03671116"
"202300050197";"25";"08";"2023";"19:30";"1";"75";"75112";"2";"3";"1";"3";"AVENUE DU TREMBLAY";"48,82985400";"2,46106100"
"202300050198";"13";"06";"2023";"18:10";"1";"29";"29232";"2";"2";"1";"1";"Rue President Sadate";"47,97880000";" -4,10188000"
"202300050199";"18";"07";"2023";"19:13";"1";"39";"39329";"1";"1";"1";"7";"N/A";"46,78806900";"6,04524900"
"202300050200";"1";"12";"2023";"18:20";"5";"91";"91027";"2";"1";"1";"2";"AV HENRI DUNANT";"48,71999000";"2,40229000"
"202300050201";"27";"09";"2023";"19:20";"2";"69";"69389";"2";"2";"1";"3";"21 Avenue Sidoine Apollinaire";"45,77359000";"4,79521000"
"202300050202";"9";"05";"2023";"08:20";"1";"35";"35238";"1";"1";"1";"2";"RN136";"48,08218000";" -1,64604000"
"202300050203";"16";"02";"2023";"11:15";"1";"51";"51431";"2";"9";"1";"6";"Rue Jules Lobet";"49,02436434";"3,94409448"
"202300050204";"2";"12";"2023";"10:50";"1";"78";"78650";"2";"6";"1";"1";"ETATS UNIS (BOULEVARD DES)";"48,90187100";"2,13770200"
"202300050205";"27";"09";"2023";"21:50";"3";"971";"97101";"2";"9";"1";"3";"PALAIS ROYAL";"16,28793000";" -61,49485000"
"202300050206";"24";"06";"2023";"20:45";"2";"35";"35126";"2";"2";"1";"7";"Rue du Championnat";"47,97069600";" -1,79616300"
"202300050207";"25";"08";"2023";"09:00";"1";"75";"75112";"2";"2";"1";"6";"AVENUE DE SAINT MANDE";"48,84429700";"2,41015900"
"202300050208";"13";"02";"2023";"12:30";"1";"50";"50129";"2";"1";"1";"2";"ABBAYE (RUE DE L')";"49,64498000";" -1,63610000"
"202300050209";"28";"09";"2023";"10:55";"1";"2A";"2A004";"2";"1";"1";"6";"AVENUE DU DOCTEUR NOEL FRANCHINI";"41,94095000";"8,75597000"
"202300050210";"2";"12";"2023";"08:50";"1";"78";"78650";"2";"1";"1";"1";"GEORGES CLEMENCEAU (AVENUE)";"48,88588000";"2,14464000"
"202300050211";"9";"05";"2023";"17:30";"1";"33";"33063";"1";"9";"2";"4";"Boulevard Alienor d'Aquitaine";"44,87621000";" -0,56407000"
"202300050212";"12";"06";"2023";"14:10";"1";"17";"17306";"1";"1";"3";"4";"EXPRESS (VOIE)";"45,64076000";" -1,03324000"
"202300050213";"17";"07";"2023";"17:50";"1";"22";"22209";"2";"3";"1";"3";"Rue Paul Vatine";"48,57268500";" -2,13743600"
"202300050214";"22";"08";"2023";"12:15";"1";"75";"75112";"2";"3";"1";"3";"BOULEVARD SOULT";"48,83819600";"2,40843800"
"202300050215";"15";"02";"2023";"15:44";"1";"49";"49007";"2";"1";"1";"6";"LA BRUYERE";"47,47713000";" -0,57542000"
"202300050216";"9";"05";"2023";"14:15";"1";"29";"29019";"2";"1";"1";"5";"avenue Georges Clemenceau";"48,39101000";" -4,48749000"
"202300050217";"13";"06";"2023";"14:00";"1";"17";"17300";"2";"2";"1";"7";"ROBESPIERRE   AVENUE";"46,15305000";" -1,12366000"
"202300050218";"28";"09";"2023";"13:20";"1";"95";"95018";"2";"2";"1";"6";"JEAN JAURES (AVENUE)";"48,93986600";"2,22828600"
"202300050219";"18";"07";"2023";"12:00";"1";"68";"68044";"2";"1";"1";"2";"20 Rue du 3e Spahis Algeriens";"48,16996000";"7,12612000"
"202300050220";"13";"06";"2023";"18:30";"1";"13";"13117";"2";"1";"1";"6";"SALYENS ( AVENUE DES )";"43,44312000";"5,25251000"
"202300050221";"16";"02";"2023";"14:40";"1";"37";"37261";"2";"7";"1";"6";"FRANCE (PLACE ANATOLE)";"47,39741000";"0,68602000"
"202300050222";"25";"08";"2023";"23:05";"3";"75";"75109";"2";"3";"1";"6";"RUE CONDORCET";"48,88024300";"2,34291500"
"202300050223";"28";"09";"2023";"12:00";"1";"91";"91421";"1";"1";"1";"1";"NATIONALE 6 (PARTIE FORET)";"48,69011000";"2,46168000"
"202300050224";"1";"12";"2023";"07:55";"3";"77";"77284";"2";"1";"8";"1";"ALLENDE (AV.SALVADOR)";"48,95556200";"2,88999300"
"202300050225";"17";"07";"2023";"14:30";"1";"51";"51599";"1";"1";"1";"3";"RD 944 - PK 45";"49,09264200";"4,27215800"
"202300050226";"15";"02";"2023";"07:45";"1";"37";"37214";"2";"1";"1";"6";"HAUTE VAISPREE (RUE DE LA)";"47,41715000";"0,65038000"
"202300050227";"13";"06";"2023";"17:50";"1";"13";"13209";"1";"1";"8";"1";"COL DE LA GINESTE D559";"43,24256000";"5,45273000"
"202300050228";"18";"07";"2023";"18:00";"1";"60";"60279";"1";"1";"1";"6";"Nationale 2";"49,20898125";"2,94225454"
"202300050229";"2";"12";"2023";"19:15";"4";"76";"76540";"1";"1";"1";"2";"N28";"49,43882500";"1,11696400"
"202300050230";"28";"09";"2023";"08:00";"2";"91";"91114";"2";"1";"1";"3";"RTE NATIONALE 6";"48,68949000";"2,48290000"
"202300050231";"13";"06";"2023";"16:10";"1";"13";"13211";"2";"9";"1";"2";"HENRI MARTINET (ROND POINT )";"43,29778896";"5,47916609"
"202300050232";"17";"07";"2023";"19:40";"1";"34";"34259";"1";"1";"1";"6";"N109";"43,62897800";"3,77356300"
"202300050233";"16";"02";"2023";"11:50";"1";"35";"35238";"2";"3";"2";"3";"PAYS-BAS (AVENUE DES)";"48,08701000";" -1,66107000"
"202300050234";"30";"11";"2023";"17:45";"5";"73";"73011";"2";"1";"3";"6";"CHASSEURS ALPINS (AV.) P. DUROY VERS AV";"45,67091380";"6,39139776"
"202300050235";"25";"08";"2023";"18:30";"1";"75";"75108";"2";"7";"1";"7";"PLACE SAINT AUGUSTIN";"48,87563900";"2,31891500"
"202300050236";"27";"09";"2023";"17:30";"1";"91";"91691";"2";"6";"1";"2";"GRANGE(AVENUE)";"48,72327900";"2,49909900"
"202300050237";"13";"06";"2023";"15:00";"1";"13";"13209";"2";"1";"1";"3";"LÉON LACHAMP (ROUTE)";"43,24965000";"5,44782000"
"202300050238";"18";"07";"2023";"08:54";"1";"62";"62767";"2";"1";"1";"6";"Rue des Carmes";"50,38178900";"2,33618700"
"202300050239";"18";"01";"2023";"22:00";"5";"34";"34301";"2";"1";"1";"6";"2 Boulevard de Verdun";"43,41157000";"3,69179000"
"202300050240";"2";"12";"2023";"07:20";"5";"72";"72181";"2";"1";"9";"7";"SAINT AUBIN (RUE) N° IMP 85 ET >";"48,02490226";"0,17341018"
"202300050241";"28";"09";"2023";"07:40";"1";"87";"87085";"2";"3";"1";"7";"LEGENDRE (RUE CHARLES)";"45,81655000";"1,24795000"
"202300050242";"12";"06";"2023";"17:37";"1";"12";"12089";"1";"1";"2";"1";"D 963";"44,58400000";"2,24700000"
"202300050243";"9";"05";"2023";"06:45";"1";"26";"26198";"1";"1";"1";"3";"RN7 (secteur Nord)";"44,55883465";"4,72959157"
"202300050244";"18";"07";"2023";"07:50";"1";"56";"56156";"1";"1";"1";"1";"PRAT MÉRIEN";"48,03533900";" -3,21448800"
"202300050245";"23";"08";"2023";"08:00";"1";"75";"75108";"2";"2";"1";"6";"BOULEVARD DE COURCELLES";"48,88085100";"2,31256500"
"202300050246";"16";"02";"2023";"07:00";"5";"33";"33162";"2";"3";"1";"3";"Rue de Langlet";"44,88943000";" -0,63120000"
"202300050247";"13";"06";"2023";"13:57";"1";"11";"11069";"1";"1";"1";"2";"ROCADE NORD - RD 6113";"43,23007712";"2,34273888"
"202300050248";"15";"07";"2023";"23:15";"5";"56";"56240";"2";"6";"2";"7";"Giratoire de Kergroës";"47,52201050";" -2,76813090"
"202300050249";"9";"05";"2023";"13:25";"1";"25";"25056";"2";"1";"2";"6";"ALLENDE  BOULEVARD SALVADOR";"47,22061000";"5,97845000"
"202300050250";"27";"09";"2023";"08:05";"1";"80";"80021";"2";"1";"1";"3";"ELBEUF (RUE D')";"49,89089000";"2,27681000"
"202300050251";"16";"02";"2023";"12:58";"1";"32";"32013";"2";"6";"1";"7";"BOURGET";"43,63866000";"0,59330000"
"202300050252";"2";"12";"2023";"06:06";"5";"63";"63113";"2";"6";"4";"3";"MAYER (BD DANIEL)";"45,79306000";"3,09592000"
"202300050253";"12";"06";"2023";"12:44";"1";"11";"11069";"2";"1";"2";"6";"27 Boulevard Marcou";"43,21190000";"2,34640000"
"202300050254";"9";"05";"2023";"11:30";"1";"25";"25056";"2";"8";"1";"6";"N/A";"47,22192300";"5,96735200"
"202300050255";"26";"08";"2023";"15:32";"1";"75";"75107";"2";"2";"1";"3";"BOULEVARD DES INVALIDES";"48,85793900";"2,31518200"
"202300050256";"16";"07";"2023";"09:25";"1";"56";"56067";"1";"1";"1";"6";"Lieu dit Cosqueric";"47,73933800";" -2,86047900"
"202300050257";"26";"09";"2023";"11:20";"1";"80";"80021";"2";"1";"1";"3";"PAUL CLAUDEL (AVENUE)";"49,87527000";"2,27943000"
"202300050258";"16";"02";"2023";"17:05";"1";"25";"25547";"2";"1";"1";"6";"AVENUE LECLERC";"47,51586000";"6,83313000"
"202300050259";"9";"05";"2023";"10:35";"1";"22";"22278";"2";"1";"1";"7";"CAPUCINS (DES)";"48,51254000";" -2,76831000"
"202300050260";"2";"12";"2023";"20:30";"5";"59";"59512";"2";"1";"1";"2";"METZ (BOULEVARD DE)";"50,70386000";"3,18104000"
"202300050261";"12";"06";"2023";"18:31";"1";"10";"10387";"2";"1";"1";"3";"GEORGES POMPIDOU (RUE)";"48,29528000";"4,09366000"
"202300050262";"26";"09";"2023";"12:00";"1";"80";"80021";"2";"1";"1";"3";"DE LA ROCHEFOUCAULD (RUE)";"49,91119000";"2,32500000"
"202300050263";"25";"08";"2023";"23:40";"5";"75";"75107";"2";"2";"1";"6";"RUE SAINT DOMINIQUE";"48,85873200";"2,30323000"
"202300050264";"17";"07";"2023";"12:40";"1";"82";"82112";"1";"1";"1";"1";"Route Départementale 927";"44,12707800";"1,15432600"
"202300050265";"6";"05";"2023";"10:45";"1";"18";"18033";"2";"1";"1";"6";"9 Rue Coursarlon";"47,08448000";"2,39576000"
"202300050266";"2";"12";"2023";"22:25";"5";"59";"59360";"2";"1";"8";"6";"FOCH RUE DU MARECHAL";"50,61450300";"3,01308800"
"202300050267";"13";"06";"2023";"08:50";"1";"06";"06155";"2";"9";"1";"6";"MARTYRS DE LA RESISTANCE AV.DES";"43,57494800";"7,05631400"
"202300050268";"16";"02";"2023";"10:15";"1";"14";"14118";"2";"3";"1";"2";"6 Boulevard Aristide Briand";"49,17826100";" -0,36221400"
"202300050269";"17";"07";"2023";"22:45";"4";"82";"82079";"1";"1";"1";"6";"Route de Montauban";"43,94152500";"1,35553500"
"202300050270";"9";"05";"2023";"07:45";"1";"17";"17415";"2";"1";"2";"3";"REPUBLIQUE QUAI DE LA";"45,74607300";" -0,63051300"
"202300050271";"28";"09";"2023";"23:18";"5";"78";"78403";"2";"2";"1";"1";"CHATEAUBRIAND (AVENUE)";"48,99825000";"1,88304000"
"202300050272";"5";"06";"2023";"09:00";"1";"02";"02722";"2";"6";"1";"2";"";"49,39285900";"3,33836600"
"202300050273";"25";"08";"2023";"20:45";"5";"75";"75102";"2";"5";"1";"3";"RUE DE LA PAIX";"48,86954680";"2,33152628"
"202300050274";"2";"12";"2023";"10:30";"1";"59";"59350";"2";"1";"1";"3";"VAUBAN BOULEVARD N°2-18-1-39";"50,63645000";"3,05077000"
"202300050275";"25";"09";"2023";"14:00";"1";"78";"78498";"2";"1";"1";"6";"DEVAUX BD";"48,92946000";"2,04309000"
"202300050276";"18";"07";"2023";"18:35";"1";"49";"49228";"2";"1";"1";"1";"D138";"47,59228000";"0,04906300"
"202300050277";"15";"02";"2023";"15:00";"1";"13";"13117";"1";"1";"1";"2";"Route nationale 113";"43,44070578";"5,24770879"
"202300050278";"12";"06";"2023";"15:45";"1";"75";"75117";"2";"1";"1";"3";"BD PERIPHERIQUE INTERIEUR";"48,89556200";"2,30769100"
"202300050279";"10";"05";"2023";"09:50";"1";"17";"17380";"1";"2";"1";"4";"EXPRESS (VOIE)";"45,65717100";" -1,12053300"
"202300050280";"25";"08";"2023";"15:50";"1";"75";"75101";"2";"2";"8";"2";"BOULEVARD DE SEBASTOPOL";"48,86007000";"2,34908800"
"202300050281";"2";"12";"2023";"06:30";"5";"59";"59350";"2";"2";"1";"3";"BASCULE, Rue de la";"50,62437000";"3,06974000"
"202300050282";"16";"02";"2023";"11:20";"1";"13";"13001";"2";"1";"1";"6";"";"43,53101000";"5,41669000"
"202300050283";"17";"07";"2023";"20:35";"2";"46";"46173";"1";"1";"1";"1";"D19";"44,38403900";"1,75873500"
"202300050284";"12";"06";"2023";"07:20";"1";"75";"75118";"2";"1";"1";"2";"BD PERIPHERIQUE EXTERIEUR";"48,90093500";"2,33854200"
"202300050285";"3";"05";"2023";"12:30";"1";"15";"15012";"2";"1";"1";"3";"NIEPCE (RUE NICEPHORE)";"44,91064000";"2,45702000"
"202300050286";"25";"08";"2023";"01:10";"5";"75";"75102";"2";"2";"1";"3";"Rue Réaumur";"48,86626000";"2,35255000"
"202300050287";"28";"09";"2023";"13:00";"1";"77";"77132";"1";"1";"1";"4";"RD 934";"48,88296000";"2,79975000"
"202300050288";"12";"06";"2023";"23:00";"5";"75";"75116";"2";"1";"1";"6";"ALLEE DE LONGCHAMP";"48,87583800";"2,27359800"
"202300050289";"16";"02";"2023";"12:15";"1";"12";"12176";"2";"1";"1";"3";"SEVERAC LE CHATEAU (ROUTE DE )";"44,36284000";"2,61681000"
"202300050290";"2";"12";"2023";"18:30";"5";"54";"54578";"2";"1";"1";"3";"Avenue du General Leclerc";"48,67447800";"6,15109400"
"202300050291";"17";"07";"2023";"14:45";"1";"47";"47214";"1";"1";"1";"3";"D143";"44,33554400";"0,24982100"
"202300050292";"3";"05";"2023";"08:12";"1";"15";"15014";"2";"2";"7";"6";"RN 122";"44,91400600";"2,43201700"
"202300050293";"27";"09";"2023";"22:00";"5";"76";"76351";"2";"1";"1";"1";"GENERAL FERRIE (AVENUE)";"49,50385599";"0,17815590"