"Num_Acc";"jour";"mois";"an";"hrmn";"lum";"dep";"com";"agg";"int";"atm";"col";"adr";"lat";"long"
"202300050294";"15";"11";"2023";"15:30";"1";"54";"54099";"2";"6";"1";"7";"Avenue Albert de Briey";"49,25428000";"5,93616900"
"202300050295";"24";"08";"2023";"19:40";"1";"75";"75101";"2";"2";"1";"3";"RUE DE RIVOLI";"48,85851400";"2,34824100"
"202300050296";"17";"07";"2023";"07:00";"1";"41";"41256";"1";"1";"1";"6";"D41";"47,30918000";"2,00820200"
"202300050297";"16";"02";"2023";"14:40";"1";"11";"11069";"2";"1";"1";"2";"270 Avenue du Général Leclerc";"43,20733000";"2,38025000"
"202300050298";"13";"06";"2023";"19:30";"1";"75";"75119";"2";"3";"1";"1";"RUE RIQUET";"48,88930400";"2,37129300"
"202300050299";"24";"08";"2023";"15:45";"1";"75";"75101";"2";"7";"1";"6";"QUAI FRANCOIS MITTERRAND";"48,86010900";"2,33329600"
"202300050300";"28";"09";"2023";"05:20";"5";"76";"76351";"2";"2";"1";"7";"COCHET";"49,50228000";"0,09719000"
"202300050301";"2";"12";"2023";"20:25";"5";"51";"51454";"2";"3";"1";"6";"DIEU LUMIERE (BOULEVARD) COTE PAIR";"49,23954000";"4,03844000"
"202300050302";"9";"05";"2023";"18:00";"1";"14";"14243";"2";"1";"2";"1";"387 Chemin du Val des Moulineaux";"49,39889000";"0,21722600"
"202300050303";"16";"02";"2023";"12:00";"1";"11";"11069";"2";"1";"1";"3";"6 Boulevard Denis Papin";"43,20787000";"2,31206000"
"202300050304";"17";"07";"2023";"18:23";"1";"25";"25060";"2";"2";"1";"1";"Rue de l'Eglise";"46,96094300";"6,26905700"
"202300050305";"13";"06";"2023";"11:20";"1";"75";"75119";"2";"3";"1";"3";"AVENUE JEAN JAURES";"48,88514000";"2,37939700"
"202300050306";"16";"02";"2023";"20:30";"5";"07";"07102";"1";"9";"1";"6";"Chemin des Mulets";"44,93386000";"4,85909000"
"202300050307";"26";"08";"2023";"15:45";"1";"94";"94080";"2";"1";"1";"2";"Rue Félix Faure";"48,84849000";"2,45442000"
"202300050308";"9";"05";"2023";"20:40";"1";"14";"14333";"2";"1";"2";"2";"246 Chemin du Buquet";"49,41396000";"0,23921000"
"202300050309";"26";"09";"2023";"16:15";"1";"76";"76305";"1";"2";"1";"6";"BREQUE (ROUTE)";"49,48771400";"0,19622400"
"202300050310";"16";"07";"2023";"20:40";"2";"25";"25228";"2";"1";"1";"3";"Avenue René Jacot";"47,50948300";"6,84937500"
"202300050311";"13";"06";"2023";"10:15";"1";"75";"75117";"2";"1";"1";"6";"RUE SALNEUVE";"48,88507100";"2,31450800"
"202300050312";"16";"02";"2023";"16:37";"1";"01";"01289";"2";"1";"7";"6";"BELLEVUE ( CHEMIN DE) PAIR";"46,18226000";"5,20549000"
"202300050313";"27";"09";"2023";"19:40";"5";"72";"72181";"2";"9";"1";"1";"GLONNIERES (BD) N° PAIRS";"47,97139000";"0,21355000"
"202300050314";"10";"05";"2023";"19:00";"1";"13";"13211";"2";"3";"1";"3";"PAGEOTTE (CHEMIN DE LA)";"43,30120000";"5,52339000"
"202300050315";"26";"08";"2023";"18:00";"1";"94";"94052";"2";"2";"8";"3";"N486";"48,83550000";"2,49406000"
"202300050316";"3";"12";"2023";"00:15";"4";"47";"47031";"1";"1";"5";"7";"RD 813 (nouvelle rocade)";"44,17382210";"0,63440466"
"202300050317";"11";"06";"2023";"23:40";"5";"75";"75115";"2";"7";"8";"2";"PLACE DE BRETEUIL";"48,84716100";"2,31207100"
"202300050318";"27";"09";"2023";"19:30";"2";"72";"72181";"2";"1";"1";"3";"DURAND GEORGES (AV) N° IMP 313 ET plus";"47,96339000";"0,22129000"
"202300050319";"10";"05";"2023";"15:30";"1";"13";"13208";"2";"1";"1";"3";"MADRAGUE DE MONTREDON (AVE DE LA) ";"43,23498000";"5,36023000"
"202300050320";"14";"07";"2023";"01:00";"3";"44";"44023";"1";"1";"1";"6";"Saint Eloi";"47,41617800";" -1,89304200"
"202300050321";"24";"08";"2023";"17:05";"1";"94";"94058";"2";"1";"1";"3";"Avenue du Général de Gaulle";"48,85113000";"2,49501000"
"202300050322";"15";"02";"2023";"08:18";"1";"976";"97611";"2";"1";"1";"2";"tsoundzou-Mangadzia  Tsoundzou 2 (rue )";" -12,81204000";"45,20289000"
"202300050323";"17";"07";"2023";"12:20";"1";"29";"29277";"1";"1";"1";"7";"D764";"48,40939995";" -4,04927132"
"202300050324";"13";"06";"2023";"15:25";"1";"75";"75114";"2";"2";"1";"3";"RUE GASSENDI";"48,83361200";"2,32580400"
"202300050325";"27";"09";"2023";"09:50";"1";"72";"72181";"2";"9";"1";"2";"PORT (RUE DU)";"48,00305000";"0,19459000"
"202300050326";"7";"05";"2023";"18:00";"1";"13";"13215";"2";"1";"1";"3";"MADRAGUE VILLE (chemin de la)";"43,32638215";"5,36096292"
"202300050327";"26";"08";"2023";"12:45";"1";"94";"94016";"2";"1";"1";"3";"Avenue du Président Wilson";"48,79627000";"2,33113000"
"202300050328";"15";"02";"2023";"16:00";"1";"974";"97416";"2";"1";"1";"5";"RN2 (2)";" -21,34022000";"55,49317000"
"202300050329";"28";"09";"2023";"15:50";"1";"71";"71076";"2";"1";"1";"6";"DE LATTRE DE TASSIGNY(MARECHAL)";"46,78620143";"4,84400143"
"202300050330";"15";"07";"2023";"19:15";"1";"29";"29176";"1";"1";"1";"1";"Village Lanzent";"48,14159200";" -4,23065900"
"202300050331";"8";"05";"2023";"23:43";"5";"13";"13212";"2";"9";"1";"3";"CAILLOLS (AVENUE DES)";"43,30393837";"5,43549806"
"202300050332";"13";"06";"2023";"11:27";"1";"75";"75113";"2";"7";"1";"7";"PLACE VALHUBERT";"48,84367700";"2,36554100"
"202300050333";"25";"08";"2023";"12:15";"1";"94";"94021";"2";"1";"1";"6";"Rue d'Agen";"48,76224130";"2,34958935"
"202300050334";"9";"05";"2023";"19:25";"2";"13";"13209";"2";"1";"2";"1";"COL DE LA GINESTE D559";"43,24055366";"5,45863612"
"202300050335";"28";"09";"2023";"09:50";"1";"69";"69264";"2";"1";"1";"2";"Boulevard Général Leclerc";"45,99797000";"4,71076000"
"202300050336";"15";"02";"2023";"15:41";"1";"973";"97302";"2";"4";"1";"3";"SOURCE DE BADUEL (CHEMIN DE LA)";"4,92543357";" -52,30851799"
"202300050337";"13";"06";"2023";"23:15";"5";"75";"75112";"2";"3";"1";"3";"AVENUE LEDRU ROLLIN";"48,84961100";"2,37427500"
"202300050338";"17";"07";"2023";"17:35";"1";"29";"29072";"2";"2";"1";"3";"Rue Louis Pasteur";"47,79725100";" -4,27870800"
"202300050339";"25";"08";"2023";"18:00";"1";"94";"94028";"2";"1";"1";"2";"Route de Choisy";"48,77678000";"2,44135000"
"202300050340";"9";"05";"2023";"18:30";"1";"13";"13212";"2";"1";"2";"2";"SAINT JULIEN (AVENUE DE )";"43,30609952";"5,41954703"
"202300050341";"15";"02";"2023";"07:05";"1";"973";"97302";"2";"3";"1";"3";"TIGRE (ROUTE DU)";"4,91749856";" -52,31287122"
"202300050342";"18";"07";"2023";"12:15";"1";"02";"02810";"1";"1";"1";"6";"D936";"49,21304900";"3,10383100"
"202300050343";"28";"09";"2023";"07:30";"1";"69";"69290";"2";"6";"1";"3";"Rue du Progrès";"45,71680000";"4,95810000"
"202300050344";"13";"06";"2023";"16:58";"1";"75";"75111";"2";"4";"1";"3";"AVENUE LEDRU ROLLIN";"48,85450500";"2,37804400"
"202300050345";"9";"05";"2023";"15:05";"1";"13";"13205";"2";"3";"1";"3";"JEAN MOULIN (BOULEVARD)";"43,29040000";"5,39983000"
"202300050346";"15";"02";"2023";"14:41";"1";"972";"97209";"2";"1";"1";"1";"MOUTTE (ROUTE DE)";"14,62489000";" -61,05083000"
"202300050347";"25";"08";"2023";"09:45";"1";"94";"94011";"2";"9";"8";"3";"Rue Pierre Sémard";"48,76272000";"2,47860000"
"202300050348";"13";"06";"2023";"16:10";"1";"75";"75111";"2";"1";"1";"3";"BOULEVARD VOLTAIRE";"48,86006300";"2,37627100"
"202300050349";"27";"09";"2023";"18:45";"1";"69";"69290";"2";"1";"1";"1";"Boulevard de la Cité Berliet";"45,70804000";"4,91796000"
"202300050350";"14";"07";"2023";"16:05";"1";"50";"50003";"2";"2";"3";"3";"Avenue des Pins";"49,04621900";" -1,59362600"
"202300050351";"15";"02";"2023";"19:30";"5";"69";"69385";"2";"2";"1";"3";"Avenue de Ménival";"45,75674000";"4,78296000"
"202300050352";"13";"06";"2023";"19:40";"1";"75";"75110";"2";"2";"1";"6";"BOULEVARD DE STRASBOURG";"48,87227500";"2,35592100"
"202300050353";"24";"08";"2023";"19:45";"2";"94";"94017";"2";"3";"1";"2";"Avenue du Général de Gaulle";"48,82409000";"2,49803000"
"202300050354";"15";"02";"2023";"10:50";"1";"69";"69081";"2";"2";"1";"6";"Place Charles de Gaulle";"45,77454000";"4,77881000"
"202300050355";"18";"07";"2023";"20:35";"1";"50";"50410";"2";"1";"1";"2";"16 Rue Couesnon";"48,55273300";" -1,51229400"
"202300050356";"13";"06";"2023";"14:20";"1";"75";"75109";"2";"2";"1";"1";"RUE LA FAYETTE";"48,87435600";"2,33815300"
"202300050357";"25";"08";"2023";"20:10";"1";"94";"94002";"2";"2";"1";"3";"Rue de Seine";"48,81026274";"2,41694967"
"202300050358";"15";"02";"2023";"17:17";"1";"2A";"2A004";"2";"3";"1";"3";"ALATA ROUTE";"41,93537000";"8,73632000"
"202300050359";"28";"09";"2023";"08:55";"1";"67";"67447";"2";"3";"1";"1";"TRIBUNAL (RUE DU)";"48,60317176";"7,75679559"
"202300050360";"17";"07";"2023";"21:10";"1";"50";"50436";"1";"2";"1";"2";"D205";"48,65380000";" -0,99513200"
"202300050361";"13";"06";"2023";"07:45";"1";"75";"75108";"2";"7";"1";"3";"PLACE DE L ALMA";"48,86424400";"2,30147800"
"202300050362";"26";"08";"2023";"03:00";"3";"93";"93070";"2";"9";"1";"6";"Rue Emile Cordon";"48,91251342";"2,33733156"
"202300050363";"18";"07";"2023";"19:30";"1";"60";"60277";"2";"1";"1";"7";"Lieu dit l'Italienne";"49,42446100";"2,02062600"
"202300050364";"15";"02";"2023";"08:12";"1";"2A";"2A004";"2";"1";"1";"4";"SAMPIERO BD";"41,92496000";"8,73893000"
"202300050365";"28";"09";"2023";"08:50";"1";"67";"67482";"2";"8";"1";"6";"COLMAR (AVENUE DE)";"48,54918000";"7,74156000"
"202300050366";"12";"06";"2023";"23:44";"5";"75";"75108";"2";"3";"1";"3";"AVENUE DES CHAMPS ELYSEES";"48,86777900";"2,31396000"
"202300050367";"18";"07";"2023";"16:00";"1";"64";"64233";"2";"1";"1";"7";"RD834";"43,55718300";" -0,28557500"
"202300050368";"25";"08";"2023";"15:30";"1";"93";"93064";"2";"9";"1";"6";"Avenue du Général de Gaulle";"48,88070740";"2,47723024"
"202300050369";"17";"07";"2023";"13:30";"1";"07";"07204";"1";"1";"1";"6";"RD 276";"45,03473000";"4,42879900"
"202300050370";"13";"06";"2023";"08:58";"1";"75";"75107";"2";"2";"1";"1";"BOULEVARD DES INVALIDES";"48,84696700";"2,31680600"
"202300050371";"14";"02";"2023";"16:45";"1";"91";"91477";"2";"1";"1";"5";"CARNOT (RUE)";"48,71306000";"2,24441400"
"202300050372";"27";"09";"2023";"17:10";"1";"67";"67447";"2";"1";"1";"3";"SELESTAT (RUE DE)";"48,61000000";"7,73900000"
"202300050373";"18";"07";"2023";"09:30";"1";"21";"21332";"2";"1";"1";"7";"Rue du Meix Pichot";"47,00381300";"5,09216300"
"202300050374";"28";"09";"2023";"19:22";"1";"64";"64130";"1";"1";"1";"7";"LARRETXEKO BORDA (CHEMIN DE)";"43,34066000";" -1,72919000"
"202300050375";"12";"06";"2023";"15:15";"1";"75";"75103";"2";"2";"1";"6";"BOULEVARD SAINT DENIS";"48,86932600";"2,35427300"
"202300050376";"17";"07";"2023";"11:05";"1";"85";"85234";"2";"1";"1";"1";"78 Route de la caillauderie";"46,77263600";" -2,03051500"
"202300050377";"15";"02";"2023";"15:35";"1";"91";"91479";"2";"2";"1";"1";"AV JEAN JAURES";"48,70870000";"2,36657000"
"202300050378";"13";"06";"2023";"20:15";"1";"94";"94081";"2";"1";"1";"6";"Avenue de l'Abbé Roger Derry";"48,79102201";"2,39398205"
"202300050379";"15";"02";"2023";"13:45";"1";"91";"91589";"2";"1";"1";"6";"BD DES BELGES";"48,70053000";"2,35306000"
"202300050380";"18";"07";"2023";"02:35";"3";"37";"37014";"1";"1";"1";"6";"RD 57";"47,26882426";"0,43359518"
"202300050381";"15";"02";"2023";"07:08";"2";"91";"91027";"2";"1";"1";"3";"AV MARCEL SEMBAT";"48,70895100";"2,38632000"
"202300050382";"7";"01";"2023";"14:50";"1";"974";"97418";"2";"6";"1";"1";"RUE DE LA FRATERNITÉ";" -20,89654900";"55,54393500"
"202300050383";"12";"06";"2023";"21:30";"2";"94";"94080";"2";"5";"1";"3";"NOGENT (AV DE)";"48,84463000";"2,43884000"
"202300050384";"17";"07";"2023";"15:40";"1";"37";"37050";"2";"2";"1";"3";"41 avenue du grand sud";"47,34437500";"0,70240900"
"202300050385";"27";"09";"2023";"10:30";"1";"64";"64284";"2";"6";"1";"2";"CHARLES DE GAULLE";"43,28656400";" -0,38942300"
"202300050386";"14";"02";"2023";"14:34";"1";"87";"87085";"2";"1";"1";"7";"HALEVY (RUE)";"45,85616000";"1,25927000"
"202300050387";"2";"01";"2023";"22:30";"5";"2B";"2B311";"2";"3";"1";"3";"Poraja";"42,35567800";"9,53116500"
"202300050388";"13";"06";"2023";"07:40";"1";"94";"94046";"2";"5";"1";"3";"Avenue du Général Leclerc";"48,80571000";"2,44080000"
"202300050389";"14";"07";"2023";"18:05";"1";"08";"08116";"2";"1";"1";"1";"24 Rue du Zouave Coco";"49,51159600";"4,77235200"
"202300050390";"14";"02";"2023";"13:15";"1";"78";"78029";"2";"2";"1";"3";"FLEURIOTTES (RUE DES)";"48,95470400";"1,85835000"
"202300050391";"4";"01";"2023";"12:05";"1";"06";"06128";"2";"1";"1";"2";"450 route de la colle";"43,69811700";"7,11665600"
"202300050392";"13";"06";"2023";"15:48";"1";"94";"94043";"2";"1";"1";"7";"Rue Carnot";"48,80929000";"2,36478000"
"202300050393";"22";"09";"2023";"13:10";"1";"64";"64335";"1";"6";"2";"3";"SANTOS-DUMONT";"43,32088000";" -0,42319000"
"202300050394";"15";"07";"2023";"19:10";"1";"08";"08222";"2";"3";"2";"3";"Rue de l'Espérance";"50,00419100";"4,70414900"
"202300050395";"7";"01";"2023";"11:25";"1";"89";"89438";"1";"2";"1";"3";"";"47,80311700";"3,66757800"
"202300050396";"15";"02";"2023";"15:55";"1";"77";"77445";"2";"1";"1";"1";"D151";"48,58692000";"2,59193000"
"202300050397";"16";"07";"2023";"07:45";"1";"67";"67463";"1";"1";"1";"2";"A35";"48,89158400";"8,08040100"
"202300050398";"6";"01";"2023";"10:15";"1";"07";"07324";"2";"1";"1";"6";"42 Avenue du 8 Mai 1945";"45,06056100";"4,83695900"
"202300050399";"13";"06";"2023";"08:47";"1";"94";"94022";"2";"1";"1";"3";"Avenue Anatole France";"48,76370000";"2,41043000"
"202300050400";"27";"09";"2023";"07:47";"1";"64";"64102";"2";"3";"1";"3";"PAULMY (AVENUE DES ALLEES)";"43,49508000";" -1,47852300"
"202300050401";"7";"01";"2023";"18:30";"3";"01";"01185";"1";"1";"1";"1";"les allobrauges";"45,99184100";"5,59754000"
"202300050402";"16";"07";"2023";"23:00";"4";"35";"35206";"1";"6";"1";"3";"Rue de Rennes";"48,04454300";" -1,66500800"
"202300050403";"15";"02";"2023";"06:45";"2";"77";"77186";"1";"2";"1";"3";"D301 / D152";"48,37269000";"2,64328000"
"202300050404";"13";"06";"2023";"20:20";"1";"94";"94060";"2";"1";"1";"6";"Rue du Général de Gaulle";"48,78006531";"2,57738426"
"202300050405";"28";"09";"2023";"13:40";"1";"63";"63300";"1";"1";"1";"6";"RD 2009";"45,88043000";"3,12960000"
"202300050406";"13";"06";"2023";"08:20";"1";"94";"94047";"2";"1";"1";"6";"Rue Paul Doumer";"48,70107100";"2,53852600"
"202300050407";"6";"01";"2023";"18:12";"2";"22";"22026";"1";"2";"2";"1";"La Huballerie";"48,40475500";" -2,04165200"
"202300050408";"16";"02";"2023";"00:35";"3";"76";"76497";"1";"1";"1";"2";"N338 - Sud 3";"49,37529400";"1,04690500"
"202300050409";"15";"09";"2023";"04:50";"3";"62";"62224";"2";"1";"1";"6";"D181E8";"50,54006000";"2,58039000"
"202300050410";"7";"01";"2023";"17:30";"5";"60";"60612";"2";"3";"2";"6";"Cours Thore Montmorency";"49,20783400";"2,58780600"
"202300050411";"16";"07";"2023";"08:30";"1";"11";"11048";"1";"1";"1";"2";"A61";"43,16852700";"2,81507500"
"202300050412";"9";"02";"2023";"20:20";"3";"76";"76498";"1";"1";"1";"4";"N338 - Sud 3";"49,43382000";"1,06336000"
"202300050413";"6";"01";"2023";"18:05";"3";"60";"60575";"2";"1";"1";"6";"rue de la chapelle";"49,28538000";"2,20802700"
"202300050414";"14";"02";"2023";"20:45";"5";"72";"72181";"2";"1";"1";"3";"PREMARTINE (RUE) N° IMP 185 ET >";"48,01150000";"0,22890000"
"202300050415";"27";"09";"2023";"16:55";"1";"62";"62193";"2";"1";"1";"5";"Cite des Cheminots";"50,93820000";"1,85126000"
"202300050416";"16";"07";"2023";"11:30";"1";"987";"98729";"1";"3";"1";"2";"MAATEA - PK 14,2";" -17,57700000";" -150,20200000"
"202300050417";"13";"06";"2023";"09:57";"1";"93";"93064";"2";"1";"1";"4";"Rue Laënnec";"48,87725025";"2,49919921"
"202300050418";"15";"02";"2023";"19:20";"4";"69";"69282";"2";"3";"1";"6";"Avenue Lucien Buisson";"45,76526000";"4,99624000"
"202300050419";"6";"01";"2023";"19:20";"2";"13";"13211";"1";"1";"1";"6";"A50-Sens Marseille vers Aubagne";"43,28687300";"5,43528900"
"202300050420";"14";"07";"2023";"17:30";"1";"78";"78231";"1";"1";"1";"1";"D928";"48,95083700";"1,64802900"
"202300050421";"13";"06";"2023";"17:10";"1";"93";"93055";"2";"2";"1";"3";"Rue Courtois / Rue Jacquart";"48,89153670";"2,41658811"
"202300050422";"28";"09";"2023";"02:27";"3";"61";"61169";"2";"1";"1";"6";"D25 PR21+100";"48,73990600";" -0,58961000"
"202300050423";"5";"01";"2023";"11:45";"1";"38";"38449";"1";"1";"2";"2";"A43   18.875 A 21.100";"45,64965000";"5,11604000"
"202300050424";"15";"02";"2023";"17:05";"2";"69";"69290";"2";"2";"1";"3";"Rue des Alouettes";"45,70176000";"4,91771000"
"202300050425";"18";"07";"2023";"07:15";"1";"2B";"2B316";"1";"1";"1";"3";"Sorbi";"42,60639400";"8,93007200"
"202300050426";"13";"06";"2023";"16:30";"1";"93";"93051";"2";"1";"1";"1";"Boulevard du Ru de Nesles";"48,83660000";"2,58243000"
"202300050427";"5";"01";"2023";"17:40";"5";"33";"33249";"1";"1";"1";"2";"ROUTE NATIONALE 230";"44,87505500";" -0,50766300"
"202300050428";"18";"07";"2023";"08:05";"1";"30";"30258";"1";"1";"1";"1";"D 42";"43,71301400";"4,42167500"
"202300050429";"6";"01";"2023";"19:00";"3";"92";"92019";"1";"1";"1";"7";"RN 385";"48,76639308";"2,24466420"
"202300050430";"15";"02";"2023";"09:50";"1";"69";"69259";"2";"2";"1";"3";"Boulevard Ambroise Croizat";"45,70313000";"4,88751000"
"202300050431";"13";"06";"2023";"10:45";"1";"93";"93050";"2";"1";"1";"2";"Boulevard du Marechal Foch";"48,85423679";"2,51995584"
"202300050432";"14";"02";"2023";"13:20";"1";"67";"67218";"2";"1";"1";"7";"DOCTEUR ALBERT SCHWEITZER (RUE DU)";"48,51402000";"7,72381000"
"202300050433";"6";"01";"2023";"07:30";"3";"78";"78423";"1";"1";"1";"2";"RN12";"48,79424000";"2,05000000"
"202300050434";"27";"09";"2023";"18:45";"1";"60";"60057";"2";"2";"1";"3";"Rue Binet";"49,42404000";"2,08441000"
"202300050435";"17";"07";"2023";"05:50";"2";"34";"34199";"1";"2";"1";"1";"RD613";"43,47503400";"3,44434300"
"202300050436";"12";"06";"2023";"03:40";"5";"93";"93032";"2";"7";"1";"3";"Rue Raffin / Avenue Jean Jaurès";"48,88292771";"2,52654765"
"202300050437";"7";"01";"2023";"22:54";"5";"65";"65440";"2";"6";"1";"3";"Route de Pau";"43,23777790";"0,04211900"
"202300050438";"5";"01";"2023";"09:15";"1";"78";"78206";"1";"1";"1";"4";"A13";"48,94940000";"1,94491000"
"202300050439";"13";"06";"2023";"10:00";"1";"93";"93029";"2";"3";"1";"6";"Avenue Pierre et Marie Curie / Avenue Jean Jaurès";"48,92137951";"2,44883940"
"202300050440";"18";"07";"2023";"11:30";"1";"83";"83115";"2";"3";"1";"1";"Avenue du Général Leclerc";"43,30672400";"6,64577900"
"202300050441";"15";"02";"2023";"17:30";"1";"64";"64445";"2";"2";"1";"3";"LOUP DU";"43,31473000";" -0,35445000"
"202300050442";"27";"09";"2023";"16:40";"1";"59";"59599";"2";"1";"1";"1";"BEYENS (RUE MARCEL)";"50,74237000";"3,17873000"
"202300050443";"6";"01";"2023";"08:30";"2";"95";"95351";"1";"1";"2";"4";"N104";"49,03815718";"2,48489880"
"202300050444";"15";"02";"2023";"15:25";"1";"64";"64122";"2";"1";"1";"1";"AUGUSTA (BD D')";"43,47697000";" -1,54760000"
"202300050445";"13";"06";"2023";"16:55";"1";"93";"93027";"2";"1";"1";"3";"Avenue Marcel Cachin";"48,92764054";"2,39664763"
"202300050446";"6";"01";"2023";"01:50";"3";"94";"94065";"1";"1";"1";"3";"N186";"48,75415800";"2,35146500"
"202300050447";"10";"07";"2023";"17:15";"1";"83";"83099";"2";"3";"1";"1";"Chemin des Vernèdes";"43,45560600";"6,69885500"
"202300050448";"15";"02";"2023";"11:10";"1";"59";"59350";"2";"1";"1";"6";"Avenue de Dunkerque (Lille)";"50,64450000";"2,97546000"
"202300050449";"13";"07";"2023";"21:10";"2";"06";"06128";"1";"1";"1";"6";"route des blaquières";"43,67972100";"7,12880200"
"202300050450";"10";"06";"2023";"17:10";"1";"93";"93013";"1";"6";"1";"2";"Place Charles Lindbergh / Avenue Alain Bozel";"48,94340000";"2,43298000"
"202300050451";"15";"02";"2023";"16:00";"1";"59";"59295";"2";"6";"1";"3";"AVENUE DES FLANDRES";"50,73190438";"2,52879471"
"202300050452";"5";"01";"2023";"18:27";"1";"988";"98818";"2";"2";"1";"3";"RUE D'AUSTERLITZ/RUE DE LA REPUBLIQUE";" -22,26879000";"166,44058000"
"202300050453";"18";"07";"2023";"12:30";"1";"13";"13004";"1";"1";"1";"2";"N113";"43,64429000";"4,70296400"
"202300050454";"14";"02";"2023";"06:30";"5";"54";"54547";"2";"1";"5";"2";"EUROPE (BOULEVARD DE L')";"48,66552000";"6,16798000"
"202300050455";"19";"09";"2023";"16:55";"1";"59";"59350";"2";"6";"1";"6";"Boulevard du Professeur Jules Leclercq";"50,60789505";"3,03861710"
"202300050456";"9";"06";"2023";"22:00";"2";"93";"93027";"2";"3";"1";"3";"Rue de Saint-denis / Rue Guerman Titov";"48,93084000";"2,38266000"
"202300050457";"5";"01";"2023";"01:55";"5";"988";"98818";"2";"2";"1";"6";"RUE JACQUES IEKAWE/RUE JEAN CHALIER";" -22,24798000";"166,46295000"
"202300050458";"16";"07";"2023";"08:15";"1";"26";"26179";"1";"1";"1";"6";"Autoroute A7 - PK 054.700 sens N/S";"45,06987600";"4,86933600"
"202300050459";"5";"01";"2023";"06:55";"1";"974";"97407";"1";"9";"1";"2";"ROUTE NATIONALE N° 1";" -20,94370000";"55,32626000"
"202300050460";"13";"06";"2023";"18:11";"1";"93";"93046";"2";"3";"1";"3";"Boulevard Max Dormoy / Avenue de la Gare de Gargan";"48,90419429";"2,52179816"
"202300050461";"15";"02";"2023";"08:25";"1";"51";"51055";"1";"3";"1";"7";"Rue Alain Colas";"49,27136000";"4,04497000"
"202300050462";"28";"09";"2023";"17:20";"1";"58";"58194";"2";"6";"1";"3";"SAINT NICOLAS (PLACE)";"46,98710000";"3,16171000"
"202300050463";"4";"01";"2023";"08:50";"1";"973";"97302";"1";"1";"2";"3";"LEBLOND (ROND POINT)";"4,92087104";" -52,33034313"
"202300050464";"13";"06";"2023";"21:00";"2";"93";"93010";"2";"1";"1";"6";"125 Rue Louis Auguste Blanqui";"48,89817922";"2,49013469"
"202300050465";"14";"02";"2023";"14:21";"1";"49";"49007";"2";"1";"1";"2";"DE LATTRE DE TASSIGNY";"47,44466000";" -0,53582000"
"202300050466";"5";"01";"2023";"18:35";"5";"69";"69387";"2";"2";"1";"3";"36 Rue Père Chevrier";"45,74831000";"4,84495000"
"202300050467";"22";"09";"2023";"17:20";"1";"56";"56260";"1";"1";"1";"2";"N/A";"47,66431000";" -2,71963000"
"202300050468";"15";"02";"2023";"18:40";"5";"45";"45068";"2";"1";"1";"1";"89 Rue André Gide";"48,03198000";"2,74378000"
"202300050469";"13";"06";"2023";"17:30";"1";"93";"93007";"2";"1";"7";"6";"Rue Francois Garcia";"48,93871616";"2,45816035"
"202300050470";"16";"07";"2023";"14:30";"1";"68";"68040";"1";"1";"1";"7";"Rue Joffre";"47,81485800";"7,05511100"
"202300050471";"5";"01";"2023";"15:00";"1";"69";"69387";"2";"3";"2";"6";"Rue Bancel";"45,74561000";"4,83783000"
"202300050472";"15";"02";"2023";"09:30";"1";"45";"45208";"2";"3";"1";"6";"41 Avenue Adolphe Cochery";"48,00272000";"2,73987000"
"202300050473";"3";"01";"2023";"09:35";"1";"972";"97213";"2";"1";"1";"6";"FLORAINDRE ( RUE DE)";"14,61821000";" -60,99934000"
"202300050474";"13";"06";"2023";"09:30";"1";"93";"93005";"2";"9";"1";"3";"Cours Salvador Allende";"48,95261968";"2,49760589"
"202300050475";"14";"07";"2023";"06:20";"1";"88";"88136";"1";"1";"1";"3";"D12";"48,23216300";"6,45077700"
"202300050476";"27";"09";"2023";"07:25";"1";"54";"54395";"2";"2";"1";"6";"Boulevard Lobau";"48,68958000";"6,19374000"
"202300050477";"14";"02";"2023";"08:50";"1";"37";"37261";"2";"1";"1";"6";"PREUILLY (BOULEVARD)";"47,39291000";"0,67052000"
"202300050478";"4";"01";"2023";"17:10";"5";"972";"97213";"2";"9";"2";"2";"ROUTE DEPARTEMENTALE 14";"14,62107000";" -61,01993000"
"202300050479";"13";"06";"2023";"17:10";"1";"92";"92046";"2";"3";"1";"3";"RAYMOND DAVID";"48,81726000";"2,29461000"
"202300050480";"15";"02";"2023";"14:55";"1";"35";"35051";"1";"1";"1";"7";"RN136";"48,14489000";" -1,61915000"
"202300050481";"18";"07";"2023";"15:00";"1";"73";"73256";"1";"1";"1";"1";"D902";"45,19938200";"6,46168600"
"202300050482";"5";"01";"2023";"18:35";"3";"972";"97209";"2";"1";"1";"6";"SAINT-CHRISTOPHE (RUE)";"14,61234000";" -61,05294000"
"202300050483";"17";"07";"2023";"18:45";"1";"42";"42261";"1";"1";"1";"7";"Route d’Essertines";"45,73414900";"4,35032300"
"202300050484";"13";"06";"2023";"15:10";"1";"92";"92064";"1";"1";"1";"2";"DAILLY";"48,84419100";"2,22043800"
"202300050485";"5";"01";"2023";"08:45";"1";"972";"97209";"1";"1";"2";"6";"RD 41 (ROCADE)";"14,61022000";" -61,08467000"
"202300050486";"27";"09";"2023";"15:10";"1";"54";"54382";"2";"4";"1";"3";"MATHIEU DE DOMBASLE (RUE)";"49,54080000";"5,78788000"
"202300050487";"15";"02";"2023";"06:55";"5";"35";"35238";"2";"2";"1";"3";"BOURGEOIS (BOULEVARD LEON)";"48,09808000";" -1,65597000"
"202300050488";"13";"07";"2023";"08:05";"1";"17";"17219";"2";"2";"1";"6";"Rue du Maréchal Foch";"45,82275100";" -1,10521000"