"Num_Acc";"jour";"mois";"an";"hrmn";"lum";"dep";"com";"agg";"int";"atm";"col";"adr";"lat";"long"
"202300050682";"15";"02";"2023";"17:10";"1";"93";"93031";"2";"3";"1";"3";"Avenue de la République / Rue Gounod";"48,94801000";"2,33867000"
"202300050683";"27";"09";"2023";"19:06";"1";"10";"10333";"2";"1";"1";"7";"FRERES GILLET (RUE)";"48,28000000";"4,05000000"
"202300050684";"12";"06";"2023";"10:00";"1";"83";"83071";"2";"6";"1";"6";"rond point de la garenne";"43,13237000";"6,22210800"
"202300050685";"5";"01";"2023";"15:15";"1";"13";"13204";"2";"2";"1";"1";"MARÉCHAL JUIN (BOULEVARD)";"43,30941000";"5,40289000"
"202300050686";"16";"02";"2023";"08:55";"1";"93";"93027";"2";"9";"1";"3";"Avenue Waldeck Rochet / cimetieres";"48,93700000";"2,40400000"
"202300050687";"27";"09";"2023";"08:20";"1";"10";"10333";"2";"6";"1";"6";"PRESIDENT WILSON (RUE)";"48,28960000";"4,06711000"
"202300050688";"16";"07";"2023";"09:30";"1";"34";"34301";"2";"2";"1";"3";"LATTRE DE TASSIGNY MARECHAL (QUAI DU)";"43,40682600";"3,69604700"
"202300050689";"14";"06";"2023";"17:15";"1";"05";"05065";"1";"1";"1";"7";"D902";"44,64588000";"6,65672800"
"202300050690";"15";"02";"2023";"06:30";"5";"93";"93013";"2";"1";"1";"6";"Rue Marcel Sembat";"48,93811700";"2,42500800"
"202300050691";"27";"09";"2023";"09:50";"1";"06";"06088";"2";"8";"1";"3";"CALIFORNIE (AV.) (A PARTIR DU N° 201-212";"43,68142000";"7,23121000"
"202300050692";"14";"06";"2023";"20:00";"1";"13";"13066";"2";"6";"1";"3";"Place Jean Jaurès";"43,87488500";"4,90215000"
"202300050693";"4";"01";"2023";"17:20";"5";"13";"13214";"2";"1";"1";"5";"AVENUE RAIMU";"43,33451000";"5,39866000"
"202300050694";"16";"07";"2023";"19:10";"1";"34";"34003";"2";"6";"1";"3";"GENTILSHOMMES (H16 A L17";"43,28911000";"3,50794000"
"202300050695";"15";"02";"2023";"21:50";"3";"93";"93008";"2";"1";"1";"6";"Avenue Paul Vaillant - Couturier";"48,90583000";"2,46725000"
"202300050696";"5";"01";"2023";"12:50";"1";"13";"13005";"1";"1";"1";"7";"CIOTAT (ROUTE DE LA RN559)";"43,26927916";"5,58902845"
"202300050697";"18";"09";"2023";"20:20";"1";"06";"06069";"2";"1";"1";"3";"CAPUCINS (CHEMIN ET IMPASSE DES)";"43,65212000";"6,92877000"
"202300050698";"13";"06";"2023";"16:30";"1";"38";"38298";"1";"1";"9";"2";"A7";"45,39037000";"4,80617000"
"202300050699";"16";"02";"2023";"13:15";"1";"92";"92062";"2";"1";"1";"3";"EICHENBERGER (RUE)";"48,88168200";"2,23779400"
"202300050700";"16";"07";"2023";"13:00";"1";"33";"33550";"2";"2";"1";"1";"Avenue Georges Clémenceau";"44,78171000";" -0,56598000"
"202300050701";"4";"01";"2023";"16:36";"1";"11";"11262";"2";"1";"1";"6";"";"43,18592000";"3,00032000"
"202300050702";"27";"09";"2023";"19:16";"1";"06";"06004";"2";"1";"1";"3";"NICE(RN.7) AV.ET RTE DE";"43,59863900";"7,12043300"
"202300050703";"13";"06";"2023";"17:20";"1";"70";"70014";"2";"1";"1";"1";"27 Route Nationale 19";"47,67711300";"6,40564100"
"202300050704";"27";"09";"2023";"06:00";"5";"05";"05061";"2";"1";"1";"6";"FANGEROTS ( CHEMIN DES )";"44,55531600";"6,06357000"
"202300050705";"16";"02";"2023";"14:50";"1";"92";"92024";"2";"1";"7";"2";"ALSACE (RUE D') DE (25BIS A 77)   (38 A";"48,90541511";"2,30885357"
"202300050706";"4";"01";"2023";"18:00";"5";"10";"10387";"2";"1";"2";"3";"SENARDES (RUE DES)";"48,29236000";"4,09175000"
"202300050707";"16";"07";"2023";"23:25";"5";"31";"31555";"2";"3";"1";"3";"RTE DE SEYSSES";"43,57034000";"1,41623000"
"202300050708";"4";"01";"2023";"01:56";"5";"10";"10362";"2";"9";"2";"6";"Avenue du General Leclerc";"48,29156327";"4,03474241"
"202300050709";"16";"07";"2023";"08:15";"1";"31";"31555";"1";"1";"1";"2";"26 LA FAOURETTE  (PERIPH OUEST A620)";"43,57380900";"1,40997500"
"202300050710";"28";"09";"2023";"16:55";"1";"75";"75116";"2";"1";"1";"5";"ECHANGEUR AUTEUIL";"48,85064900";"2,25221800"
"202300050711";"15";"02";"2023";"20:00";"5";"92";"92024";"2";"3";"1";"3";"MARTRE (RUE) DE (59 A 109)   (58 A 120)";"48,90138114";"2,30764657"
"202300050712";"15";"07";"2023";"17:30";"1";"27";"27375";"1";"1";"1";"6";"RD133";"49,20554000";"1,14063000"
"202300050713";"2";"06";"2023";"14:38";"1";"31";"31458";"1";"1";"1";"2";"D817";"43,50392900";"1,35870800"
"202300050714";"15";"02";"2023";"20:55";"5";"92";"92023";"2";"1";"1";"1";"JEAN JAURES (AVENUE) N°57 A 259 ET 64 A";"48,80900200";"2,26868800"
"202300050715";"4";"01";"2023";"13:50";"1";"75";"75116";"2";"1";"1";"3";"PORT DE PASSY";"48,85833300";"2,26066200"
"202300050716";"28";"09";"2023";"12:30";"1";"75";"75114";"2";"1";"1";"4";"PORTE DE CHATILLON";"48,82226800";"2,31545900"
"202300050717";"16";"07";"2023";"06:21";"1";"14";"14118";"2";"3";"1";"3";"101 Rue du Chemin Vert";"49,19483500";" -0,39528100"
"202300050718";"16";"02";"2023";"08:45";"1";"92";"92071";"2";"9";"1";"6";"CAUCHY (AVENUE)";"48,77529000";"2,28857000"
"202300050719";"14";"06";"2023";"11:40";"1";"27";"27322";"1";"4";"7";"2";"D79";"49,21825600";"1,06126700"
"202300050720";"5";"01";"2023";"09:25";"1";"75";"75117";"2";"1";"8";"6";"RUE DE MONTENOTTE";"48,87785400";"2,29536200"
"202300050721";"16";"07";"2023";"09:10";"1";"13";"13208";"2";"1";"1";"5";"MONTREDON (AVENUE DE)";"43,24221816";"5,36913565"
"202300050722";"28";"09";"2023";"12:00";"1";"75";"75119";"2";"1";"1";"2";"PORTE DES LILAS";"48,88074900";"2,40516400"
"202300050723";"16";"02";"2023";"21:37";"5";"92";"92002";"2";"2";"1";"7";"GENERAL DE GAULLE (AVENUE DU)";"48,76244112";"2,30311230"
"202300050724";"4";"01";"2023";"14:45";"1";"75";"75105";"2";"3";"2";"6";"RUE DES CARMES";"48,84966900";"2,34784800"
"202300050725";"28";"09";"2023";"10:45";"1";"75";"75119";"2";"1";"1";"2";"PORTE D AUBERVILLIERS";"48,90060600";"2,37393300"
"202300050726";"14";"06";"2023";"10:10";"1";"76";"76055";"1";"2";"1";"1";"D131";"49,63610146";"0,73551178"
"202300050727";"16";"02";"2023";"14:25";"1";"92";"92002";"2";"1";"1";"3";"FONTAINE GRELOT (RUE DE LA)";"48,77046433";"2,31655587"
"202300050728";"16";"07";"2023";"08:30";"1";"13";"13209";"2";"3";"1";"5";"LANCIER (CHEMIN DU)";"43,24918976";"5,39705613"
"202300050729";"4";"01";"2023";"23:10";"5";"75";"75116";"2";"1";"2";"2";"AVENUE DE NEW YORK";"48,85852400";"2,28866200"
"202300050730";"16";"02";"2023";"11:26";"1";"08";"08499";"1";"1";"2";"7";"D11";"49,64221000";"4,39192400"
"202300050731";"27";"09";"2023";"21:25";"5";"75";"75116";"2";"4";"1";"3";"PORTE DE PASSY";"48,86000460";"2,26315141"
"202300050732";"14";"06";"2023";"08:40";"1";"60";"60612";"2";"3";"1";"3";"Rue de la République";"49,20503700";"2,58751100"
"202300050733";"16";"07";"2023";"08:45";"1";"13";"13001";"2";"6";"1";"7";"MAURIAT HENRI (AV)";"43,51625000";"5,46690000"
"202300050734";"16";"02";"2023";"21:35";"3";"24";"24449";"1";"1";"1";"2";"D6089";"45,02156300";"0,23913000"
"202300050735";"5";"01";"2023";"15:15";"1";"75";"75114";"2";"1";"2";"3";"RUE RAYMOND LOSSERAND";"48,82833100";"2,30670100"
"202300050736";"27";"09";"2023";"11:55";"1";"75";"75120";"2";"2";"1";"3";"RUE DES PYRENEES";"48,85619200";"2,40492900"
"202300050737";"13";"02";"2023";"17:50";"2";"49";"49192";"2";"1";"1";"1";"D20";"47,00637000";" -0,74473100"
"202300050738";"5";"01";"2023";"18:10";"5";"75";"75110";"2";"3";"2";"6";"RUE DU FAUBOURG SAINT MARTIN";"48,88255800";"2,36694500"
"202300050739";"16";"07";"2023";"19:30";"1";"09";"09122";"1";"1";"1";"4";"20 (R.N.) COTE SUD DU TUNNEL";"42,95610800";"1,62391800"
"202300050740";"14";"06";"2023";"16:30";"1";"80";"80561";"2";"1";"1";"6";"Boulevard du Général Debeney";"49,64562500";"2,57104800"
"202300050741";"27";"09";"2023";"00:10";"5";"75";"75120";"2";"3";"1";"3";"RUE SAINT FARGEAU";"48,87169900";"2,40389500"
"202300050742";"16";"07";"2023";"17:25";"1";"06";"06088";"2";"1";"1";"3";"MONTREAL (BD DE)";"43,68696000";"7,21891000"
"202300050743";"5";"01";"2023";"18:20";"5";"75";"75108";"2";"7";"2";"3";"PLACE DU CANADA";"48,86494900";"2,31025700"
"202300050744";"17";"02";"2023";"11:00";"1";"42";"42120";"1";"2";"1";"5";"Route de Villerest";"45,99219900";"3,99696400"
"202300050745";"13";"06";"2023";"22:50";"3";"59";"59303";"1";"1";"1";"7";"Rue Madoue";"50,56813500";"2,84727500"
"202300050746";"16";"07";"2023";"01:00";"5";"06";"06088";"2";"1";"1";"6";"CALIFORNIE (AV.) (A PARTIR DU N° 201-212";"43,67783000";"7,22847000"
"202300050747";"28";"09";"2023";"13:38";"1";"75";"75119";"2";"3";"1";"6";"RUE ARMAND CARREL";"48,88309800";"2,37147200"
"202300050748";"17";"02";"2023";"12:00";"1";"974";"97405";"1";"1";"1";"1";"Rue Augustin Mézino";" -21,36582900";"55,55557600"
"202300050749";"12";"06";"2023";"22:10";"3";"13";"13085";"1";"1";"1";"2";"A50-Sens Aubagne vers Toulon";"43,24680000";"5,59600000"
"202300050750";"15";"07";"2023";"07:45";"1";"06";"06088";"2";"1";"1";"6";"DUNANT (AV. HENRI)";"43,72040400";"7,26306000"
"202300050751";"5";"01";"2023";"18:05";"5";"75";"75102";"2";"3";"2";"6";"RUE MONTMARTRE";"48,86779100";"2,34380500"
"202300050752";"28";"09";"2023";"09:20";"1";"75";"75119";"2";"3";"1";"2";"RUE BOTZARIS";"48,87771800";"2,38127800"
"202300050753";"12";"02";"2023";"17:10";"1";"63";"63004";"1";"1";"7";"1";"CD 19 - pk 23+220";"45,92456500";"2,77633300"
"202300050754";"15";"07";"2023";"09:55";"1";"75";"75119";"2";"1";"1";"2";"PORTE D AUBERVILLIERS";"48,90033400";"2,38078500"
"202300050755";"5";"01";"2023";"04:15";"5";"75";"75104";"2";"2";"1";"2";"BOULEVARD BOURDON";"48,84753200";"2,36558400"
"202300050756";"28";"09";"2023";"05:40";"5";"75";"75118";"2";"2";"1";"3";"BOULEVARD BARBES";"48,88835000";"2,34958100"
"202300050757";"15";"02";"2023";"16:30";"1";"46";"46197";"1";"1";"1";"3";"RD820";"44,40361100";"1,44354300"
"202300050758";"7";"06";"2023";"18:30";"1";"13";"13071";"1";"1";"1";"4";"A7-Sens Marseille vers Lyon";"43,41297000";"5,28139000"
"202300050759";"15";"06";"2023";"14:40";"1";"75";"75119";"2";"4";"1";"7";"PORTE DE PANTIN";"48,89289117";"2,39544868"
"202300050760";"4";"01";"2023";"10:24";"1";"75";"75104";"2";"3";"2";"3";"RUE DE RIVOLI";"48,85751994";"2,35142291"
"202300050761";"16";"02";"2023";"23:00";"3";"42";"42158";"1";"1";"1";"6";"Route de Renaison";"46,03667700";"3,84935600"
"202300050762";"28";"09";"2023";"12:00";"1";"75";"75117";"2";"3";"1";"2";"BOULEVARD PERSHING";"48,88173305";"2,28534937"
"202300050763";"16";"07";"2023";"19:45";"1";"75";"75119";"2";"3";"1";"3";"RUE MANIN";"48,88226300";"2,38194700"
"202300050764";"9";"02";"2023";"16:30";"1";"38";"38105";"2";"9";"1";"6";"Route du Bourg";"45,41635200";"5,55268800"
"202300050765";"13";"06";"2023";"09:28";"1";"33";"33013";"1";"1";"1";"5";"";"44,86759300";" -0,50424700"
"202300050766";"5";"01";"2023";"19:40";"3";"94";"94081";"2";"2";"1";"6";"Rue Julian Grimau / Rue Edouard Tremblay";"48,78161905";"2,37268867"
"202300050767";"16";"07";"2023";"13:10";"1";"75";"75112";"2";"2";"1";"2";"BOULEVARD SOULT";"48,83989600";"2,40902000"
"202300050768";"17";"02";"2023";"09:30";"1";"08";"08402";"1";"1";"2";"2";"";"49,59173525";"4,49607577"
"202300050769";"13";"06";"2023";"17:15";"1";"91";"91340";"1";"1";"1";"3";"RN 104";"48,61052000";"2,43137000"
"202300050770";"28";"09";"2023";"11:15";"1";"75";"75117";"2";"2";"1";"3";"RUE TRUFFAUT";"48,88777200";"2,31836900"
"202300050771";"5";"01";"2023";"14:35";"1";"94";"94046";"2";"3";"2";"1";"117 Rue Jean Jaurès";"48,79572300";"2,43397800"
"202300050772";"15";"02";"2023";"16:05";"1";"62";"62541";"1";"1";"1";"6";"D104";"50,45721700";"2,14623900"
"202300050773";"15";"07";"2023";"21:45";"5";"75";"75111";"2";"2";"1";"2";"BOULEVARD DE CHARONNE";"48,85430300";"2,39591400"
"202300050774";"27";"09";"2023";"11:40";"1";"75";"75115";"2";"1";"1";"6";"BOULEVARD DE GRENELLE";"48,84828000";"2,30083100"
"202300050775";"13";"06";"2023";"09:40";"1";"94";"94043";"1";"1";"1";"2";"A6B";"48,80449301";"2,34428108"
"202300050776";"16";"02";"2023";"08:40";"1";"83";"83057";"1";"9";"1";"6";"Route de Nice";"43,38786200";"6,24886800"
"202300050777";"5";"01";"2023";"18:22";"5";"93";"93055";"2";"4";"2";"6";"Rue Jules Auffret / Avenue Faidherbe";"48,88492000";"2,41113000"
"202300050778";"28";"09";"2023";"12:30";"1";"75";"75111";"2";"3";"1";"6";"BOULEVARD VOLTAIRE";"48,85283300";"2,38845200"
"202300050779";"16";"07";"2023";"20:15";"1";"75";"75110";"2";"2";"1";"3";"BOULEVARD DE STRASBOURG";"48,87224800";"2,35593100"
"202300050780";"24";"01";"2023";"01:10";"3";"2B";"2B096";"1";"1";"2";"1";"RT 20 - Pk-PR 078.950";"42,28147200";"9,16413200"
"202300050781";"5";"01";"2023";"16:35";"1";"93";"93032";"2";"3";"2";"6";"Avenue Paul Vaillant Couturier / Avenue Bizet";"48,87313699";"2,55337849"
"202300050782";"13";"06";"2023";"16:55";"1";"78";"78206";"1";"1";"1";"5";"A13";"48,95481200";"1,93838600"
"202300050783";"28";"09";"2023";"06:00";"5";"75";"75111";"2";"7";"1";"3";"RUE DU FAUBOURG DU TEMPLE";"48,86774000";"2,36439000"
"202300050784";"16";"07";"2023";"20:55";"1";"93";"93007";"2";"6";"1";"3";"Avenue Pablo Néruda / Avenue Descartes";"48,95006000";"2,46693000"
"202300050785";"16";"02";"2023";"07:50";"1";"82";"82112";"1";"6";"5";"2";"Route de l'Avenir";"44,10389300";"1,11331000"
"202300050786";"13";"06";"2023";"09:15";"1";"92";"92064";"1";"1";"1";"2";"A13";"48,83980011";"2,20586376"
"202300050787";"4";"01";"2023";"19:00";"5";"93";"93001";"2";"2";"2";"2";"Avenue Victor Hugo / Avenue des Magasins Generaux";"48,90253000";"2,37097700"
"202300050788";"16";"07";"2023";"10:30";"1";"92";"92044";"2";"2";"1";"3";"ED.VAILLANT(RUE) 47A73 ET 50A78";"48,89687821";"2,28838563"
"202300050789";"27";"09";"2023";"15:15";"1";"75";"75111";"2";"3";"1";"6";"RUE DU GRAND PRIEURE";"48,86454100";"2,36936400"
"202300050790";"12";"06";"2023";"23:30";"3";"78";"78418";"1";"1";"1";"2";"A14";"48,91597000";"2,13083000"
"202300050791";"16";"07";"2023";"01:55";"5";"92";"92024";"2";"1";"1";"6";"GUSTAVE EIFFEL (RUE)";"48,90338758";"2,29293734"
"202300050792";"5";"01";"2023";"08:05";"2";"92";"92020";"2";"3";"1";"6";"STALINGRAD BOULEVARD";"48,81099000";"2,29937000"
"202300050793";"16";"02";"2023";"19:25";"3";"82";"82161";"1";"3";"1";"5";"D 115";"44,04235400";"1,43750500"
"202300050794";"28";"09";"2023";"14:45";"1";"75";"75109";"2";"5";"1";"1";"RUE PIERRE FONTAINE";"48,88045100";"2,33507800"
"202300050795";"12";"06";"2023";"08:18";"1";"92";"92047";"1";"1";"1";"3";"A13";"48,83291148";"2,15823486"
"202300050796";"5";"01";"2023";"13:40";"1";"92";"92040";"2";"1";"2";"3";"rue du passeur de boulogne";"48,82563600";"2,25977000"
"202300050797";"15";"02";"2023";"20:40";"5";"33";"33011";"2";"1";"1";"3";"Avenue de la Libération";"44,75866000";" -1,12095000"
"202300050798";"28";"09";"2023";"09:05";"1";"75";"75109";"2";"3";"1";"3";"RUE DU FAUBOURG POISSONNIERE";"48,87342200";"2,34788900"
"202300050799";"6";"01";"2023";"08:10";"1";"60";"60036";"1";"1";"1";"2";"N31";"49,38572500";"2,56994200"
"202300050800";"13";"06";"2023";"17:00";"1";"95";"95277";"1";"1";"1";"2";"A3";"48,97221000";"2,48464000"
"202300050801";"17";"02";"2023";"11:15";"1";"63";"63003";"2";"1";"1";"6";"Allée des Sports";"45,54000700";"3,75125700"
"202300050802";"27";"09";"2023";"09:15";"1";"75";"75108";"2";"2";"1";"3";"AVENUE MATIGNON";"48,86906700";"2,31030700"
"202300050803";"6";"01";"2023";"18:08";"3";"76";"76115";"1";"1";"2";"5";"D6015";"49,59385000";"0,58318000"
"202300050804";"13";"06";"2023";"07:10";"1";"93";"93005";"1";"1";"1";"2";"AUTOROUTE A1";"48,95720448";"2,46153975"
"202300050805";"12";"06";"2023";"17:30";"1";"95";"95572";"1";"1";"1";"2";"N184";"49,04929000";"2,13858000"
"202300050806";"28";"09";"2023";"14:30";"1";"75";"75107";"2";"4";"1";"2";"RUE DE BABYLONE";"48,85170700";"2,32439600"
"202300050807";"6";"01";"2023";"15:55";"1";"25";"25147";"1";"1";"8";"3";"A36 sortie n°3 Besançon Ouest PK 133+800";"47,23510900";"5,89612800"
"202300050808";"17";"07";"2023";"15:41";"1";"60";"60191";"2";"1";"1";"1";"Rue de flandre";"49,55470700";"2,70102700"
"202300050809";"15";"02";"2023";"20:10";"3";"49";"49008";"1";"2";"1";"2";"D770";"47,56367000";" -0,99731000"
"202300050810";"28";"09";"2023";"07:30";"2";"94";"94079";"2";"3";"1";"6";"Boulevard Aristide Briand";"48,83114000";"2,53518000"
"202300050811";"12";"06";"2023";"15:00";"1";"93";"93066";"1";"1";"1";"3";"AUTOROUTE A1";"48,91820000";"2,35758000"
"202300050812";"6";"01";"2023";"08:15";"2";"49";"49092";"1";"9";"2";"6";"D160";"47,22964612";" -0,72195524"
"202300050813";"27";"09";"2023";"01:04";"5";"93";"93066";"2";"1";"1";"6";"Rue Georges Politzer";"48,94025600";"2,36403400"
"202300050814";"6";"01";"2023";"12:00";"1";"77";"77141";"1";"1";"1";"7";"A4 pk 035.250";"48,85589500";"2,84033100"
"202300050815";"12";"06";"2023";"10:00";"1";"95";"95527";"1";"1";"1";"4";"N104";"49,02710600";"2,51178200"
"202300050816";"28";"09";"2023";"17:20";"1";"93";"93050";"2";"1";"1";"3";"Rue Louis Vannini";"48,86477000";"2,51949000"
"202300050817";"12";"06";"2023";"09:15";"1";"93";"93008";"1";"1";"1";"2";"AUTOROUTE A86";"48,91273457";"2,43680722"
"202300050818";"28";"09";"2023";"15:15";"1";"93";"93049";"2";"2";"1";"1";"Chemin de Meaux / Rue Marcel Dassault";"48,86406000";"2,51678000"
"202300050819";"4";"01";"2023";"18:00";"3";"10";"10067";"1";"1";"2";"4";"D671";"48,24313900";"4,11824200"
"202300050820";"12";"06";"2023";"06:30";"1";"95";"95252";"1";"1";"1";"3";"A15";"48,97936000";"2,22865600"
"202300050821";"28";"09";"2023";"12:00";"1";"93";"93079";"2";"1";"1";"6";"Avenue Jean-baptiste Clément";"48,95412600";"2,33831100"
"202300050822";"28";"09";"2023";"15:44";"1";"93";"93027";"2";"1";"1";"6";"Boulevard Pasteur";"48,92405000";"2,38422000"
"202300050823";"28";"09";"2023";"09:15";"1";"93";"93007";"2";"1";"1";"2";"Avenue du Professeur Fleming";"48,93383226";"2,46650228"
"202300050824";"6";"01";"2023";"16:23";"2";"74";"74272";"1";"3";"8";"3";"Route de Bellegarde";"45,94279100";"6,06048300"
"202300050825";"28";"09";"2023";"08:20";"1";"92";"92046";"2";"9";"1";"6";"ETIENNE DOLET (RUE)";"48,81518440";"2,29887360"
"202300050826";"27";"09";"2023";"18:48";"1";"92";"92077";"2";"2";"1";"3";"VERSAILLES (RUE DE)";"48,82504806";"2,18692884"
"202300050827";"27";"09";"2023";"13:20";"1";"92";"92050";"2";"1";"7";"2";"CLEMENCEAU GEORGES AVENUE N° PAIR";"48,88568703";"2,21758068"
"202300050828";"11";"06";"2023";"21:05";"2";"93";"93066";"1";"1";"3";"2";"AUTOROUTE A1";"48,90548000";"2,35866000"
"202300050829";"25";"09";"2023";"16:30";"1";"92";"92050";"2";"1";"8";"3";"CLEMENCEAU GEORGES AVENUE N° PAIR";"48,88690736";"2,20245481"
"202300050830";"6";"01";"2023";"05:10";"5";"06";"06095";"2";"3";"1";"3";"41 Avenue de Boutiny";"43,64149600";"6,87891100"
"202300050831";"13";"06";"2023";"06:20";"1";"93";"93051";"1";"1";"1";"5";"A4";"48,83634000";"2,55335000"
"202300050832";"5";"01";"2023";"15:01";"1";"06";"06109";"1";"1";"1";"7";"Route de Levens";"43,82979000";"7,19398500"
"202300050833";"28";"09";"2023";"16:48";"1";"92";"92044";"2";"2";"1";"6";"PDT WILSON(RUE) 2A24 ET 1A21";"48,89058914";"2,29173578"
"202300050834";"5";"01";"2023";"16:49";"1";"03";"03026";"1";"1";"2";"6";"A79";"46,46070300";"3,27880200"
"202300050835";"19";"02";"2023";"06:00";"3";"88";"88028";"1";"1";"8";"1";"D11";"48,15550083";"6,54981585"
"202300050836";"6";"01";"2023";"06:10";"3";"04";"04033";"1";"1";"1";"7";"RD900B - PK24+493";"44,45810200";"6,23910800"
"202300050837";"28";"09";"2023";"12:37";"1";"92";"92044";"2";"1";"1";"2";"PDT WILSON(RUE)107A131 ET 110A130";"48,89786155";"2,28540212"
"202300050838";"8";"02";"2023";"07:29";"1";"88";"88486";"2";"1";"1";"6";"Rue Robert Claudel";"48,00843300";"6,71733500"
"202300050839";"6";"01";"2023";"07:10";"2";"51";"51380";"1";"1";"1";"3";"Rue du Faubourg de Paris";"48,88075938";"3,53905141"
"202300050840";"28";"09";"2023";"20:34";"5";"92";"92024";"2";"1";"1";"3";"GENERAL LECLERC (BD DU) (9 A 59)   (4 A";"48,90435064";"2,31149644"
"202300050841";"29";"01";"2023";"08:00";"2";"88";"88447";"1";"1";"1";"2";"D43";"47,94485200";"6,78911600"
"202300050842";"2";"01";"2023";"18:30";"3";"56";"56013";"2";"1";"2";"3";"20 Route de Pont Lorois";"47,67577500";" -3,18317100"
"202300050843";"28";"01";"2023";"04:00";"3";"88";"88243";"2";"1";"8";"1";"62 Rue du Haut Pré";"48,30948100";"6,71472300"
"202300050844";"27";"09";"2023";"11:00";"1";"92";"92012";"2";"1";"1";"3";"ALPHONSE LE GALLO (QUAI) 35/FIN";"48,83867158";"2,22414315"
"202300050845";"5";"01";"2023";"12:10";"1";"74";"74096";"2";"2";"1";"6";"7 Grand-Rue";"46,03350000";"6,10727200"
"202300050846";"26";"03";"2023";"14:50";"1";"43";"43177";"1";"9";"1";"1";"D500";"45,31375500";"4,28470000"
"202300050847";"29";"09";"2023";"07:25";"1";"17";"17408";"2";"2";"1";"3";"d 122";"45,80497600";" -0,84878000"
"202300050848";"3";"01";"2023";"07:20";"3";"80";"80173";"1";"1";"1";"1";"D919";"49,95810900";"2,38178000"
"202300050849";"10";"03";"2023";"16:20";"1";"43";"43268";"1";"1";"1";"7";"RN88";"45,13025700";"4,09588300"
"202300050850";"28";"09";"2023";"15:30";"1";"84";"84137";"2";"1";"1";"6";"Avenue des Choralies";"44,24228600";"5,08200300"
"202300050851";"5";"01";"2023";"07:35";"2";"11";"11024";"1";"1";"1";"3";"";"43,12893400";"2,96125000"
"202300050852";"5";"03";"2023";"15:30";"1";"13";"13056";"2";"1";"1";"6";"TURCAN FRANCIS";"43,41596000";"5,05668000"
"202300050853";"27";"09";"2023";"22:45";"3";"83";"83130";"1";"1";"1";"6";"Autoroute A57, PK 13.340";"43,19428900";"6,03947100"
"202300050854";"6";"01";"2023";"19:20";"4";"49";"49086";"2";"2";"1";"3";"Rue d’anjou ";"47,23218000";" -0,43089200"
"202300050855";"8";"04";"2023";"19:00";"1";"57";"57487";"2";"1";"1";"3";"VERDUN (RUE DE )";"49,10753000";"6,10623000"
"202300050856";"16";"09";"2023";"09:05";"1";"71";"71448";"1";"1";"2";"3";"Autorute A6 PK 378+900 sens LYON / PARIS";"46,38509600";"4,85015800"
"202300050857";"6";"01";"2023";"14:32";"1";"86";"86145";"1";"2";"1";"3";"N10";"46,47342600";"0,26902500"
"202300050858";"7";"04";"2023";"12:50";"1";"93";"93046";"2";"2";"1";"3";"Av du Pdt J Fitzgerald Kennedy / Boulevard Roger Salengro";"48,91492000";"2,53467000"
"202300050859";"27";"09";"2023";"20:15";"3";"62";"62491";"2";"1";"1";"1";"D169";"50,60423122";"2,77153829"
"202300050860";"5";"01";"2023";"00:45";"3";"34";"34332";"1";"1";"1";"6";"D612";"43,31313000";"3,39069800"
"202300050861";"29";"09";"2023";"18:35";"2";"69";"69260";"2";"1";"1";"7";"774 Chemin de la Pronde";"45,66013500";"4,80288600"
"202300050862";"12";"06";"2023";"07:40";"1";"974";"97411";"2";"2";"1";"6";"PHILIBERT (RUE)";" -20,88880000";"55,44731000"
"202300050863";"28";"09";"2023";"21:00";"3";"51";"51245";"1";"1";"1";"6";"départementale 27";"49,23298400";"3,80456300"
"202300050864";"5";"01";"2023";"18:20";"4";"39";"39078";"1";"2";"1";"3";"N/A";"47,10574200";"5,51837410"
"202300050865";"11";"06";"2023";"22:30";"5";"973";"97302";"2";"1";"1";"1";"GALMOT (AVENUE)";"4,93219000";" -52,32747000"
"202300050866";"5";"01";"2023";"09:30";"1";"39";"39013";"2";"1";"1";"6";"1 Avenue Pasteur";"46,90687000";"5,76946800"
"202300050867";"29";"09";"2023";"05:49";"2";"59";"59074";"1";"9";"1";"1";"D115";"50,09394200";"3,43688600"
"202300050868";"12";"06";"2023";"10:50";"1";"69";"69387";"2";"8";"1";"7";"Rue de Marseille";"45,75390000";"4,84175000"
"202300050869";"5";"01";"2023";"18:10";"5";"25";"25157";"2";"2";"2";"6";"La Tuilerie";"46,86761100";"6,37422400"
"202300050870";"11";"06";"2023";"11:45";"1";"971";"97113";"2";"1";"1";"1";"SECTION MARE-GAILLARD";"16,21696850";" -61,43756390"
"202300050871";"29";"09";"2023";"16:30";"1";"59";"59282";"1";"1";"1";"3";"D916";"50,81309400";"2,48316800"
"202300050872";"6";"01";"2023";"07:30";"3";"31";"31396";"1";"1";"1";"1";"D622";"43,35773100";"1,59663300"
"202300050873";"11";"06";"2023";"06:50";"1";"971";"97101";"2";"9";"1";"3";"Frédéric JALTON";"16,27548000";" -61,50257000"
"202300050874";"6";"01";"2023";"01:15";"4";"02";"02126";"2";"7";"2";"6";"3 Place de Mai 1940";"49,77028600";"4,18065500"
"202300050875";"29";"09";"2023";"08:50";"1";"65";"65020";"2";"1";"1";"2";"Route de Lourdes";"43,09462200";"0,00906100"
"202300050876";"12";"06";"2023";"14:40";"1";"95";"95280";"2";"1";"7";"6";"GARE (AVENUE DE LA)";"49,02276000";"2,46539000"
"202300050877";"27";"09";"2023";"13:00";"1";"32";"32457";"1";"1";"1";"6";"D953";"43,86126700";"0,68613100"