"Num_Acc";"jour";"mois";"an";"hrmn";"lum";"dep";"com";"agg";"int";"atm";"col";"adr";"lat";"long"
"202300050878";"5";"01";"2023";"16:50";"1";"70";"70315";"2";"1";"1";"1";"4 Avenue Jacques Parisot";"47,89132700";"6,28279600"
"202300050879";"29";"09";"2023";"17:40";"1";"71";"71282";"1";"1";"1";"7";"RD 680";"46,82089100";"4,37082100"
"202300050880";"12";"06";"2023";"12:00";"1";"95";"95197";"2";"1";"1";"2";"GALLIENI (RUE)";"48,96660000";"2,32807000"
"202300050881";"6";"01";"2023";"07:00";"5";"70";"70235";"2";"3";"2";"3";"grande rue";"47,69960700";"6,18979000"
"202300050882";"28";"09";"2023";"16:30";"1";"71";"71134";"2";"1";"1";"3";"Route de Montvaillant (Clermain)";"46,36352600";"4,58249500"
"202300050883";"12";"06";"2023";"08:35";"1";"91";"91114";"2";"1";"1";"4";"RTE NATIONALE 6";"48,67869100";"2,49579300"
"202300050884";"5";"01";"2023";"14:50";"1";"54";"54405";"2";"1";"1";"7";"Grande Rue";"48,57439594";"5,97442746"
"202300050885";"11";"09";"2023";"18:50";"1";"61";"61068";"1";"1";"1";"3";"D309";"48,55544240";"0,21171200"
"202300050886";"6";"01";"2023";"13:55";"1";"05";"05170";"2";"1";"1";"6";"10 Place du Commandant Dumont";"44,46134900";"6,05486700"
"202300050887";"12";"06";"2023";"12:40";"1";"91";"91027";"2";"2";"1";"3";"AV FRANCOIS MITTERRAND";"48,71608000";"2,37087000"
"202300050888";"12";"06";"2023";"10:56";"1";"91";"91223";"1";"1";"1";"6";"CHARPENTIER (AVENUE THEODORE)";"48,43097000";"2,15742000"
"202300050889";"2";"01";"2023";"16:55";"2";"10";"10323";"2";"1";"1";"5";"Rue Milford Haven";"48,50471100";"3,72135800"
"202300050890";"29";"09";"2023";"04:26";"3";"25";"25022";"1";"1";"1";"6";"D683";"47,51510700";"6,63912200"
"202300050891";"12";"06";"2023";"07:50";"1";"88";"88383";"2";"1";"1";"6";"faubourg d'alsace";"48,00853000";"6,60698000"
"202300050892";"4";"01";"2023";"07:35";"2";"07";"07122";"1";"1";"1";"3";"Route d Ales";"44,56001100";"4,35886000"
"202300050893";"11";"06";"2023";"05:23";"3";"87";"87201";"1";"1";"1";"6";"RD941 (OUEST)";"45,84346400";"1,17755670"
"202300050894";"29";"09";"2023";"14:35";"1";"44";"44007";"1";"1";"1";"3";"Bel Air";"47,65341700";" -1,96958400"
"202300050895";"5";"01";"2023";"22:40";"3";"60";"60570";"1";"1";"1";"6";"A16";"49,25546800";"2,09336800"
"202300050896";"28";"09";"2023";"13:20";"1";"35";"35143";"2";"1";"1";"6";"D 71";"48,23992400";" -2,00927500"
"202300050897";"5";"01";"2023";"18:08";"5";"38";"38530";"1";"1";"1";"4";"RD1006";"45,61884000";"5,18258600"
"202300050898";"11";"06";"2023";"13:00";"1";"83";"83123";"1";"4";"1";"3";"BANDOL (ROUTE)N° PAIRS";"43,12485295";"5,78902075"
"202300050899";"28";"09";"2023";"19:30";"2";"29";"29020";"1";"3";"8";"3";"Route de Kergolo";"48,13052587";" -4,01835169"
"202300050900";"6";"01";"2023";"04:00";"5";"971";"97103";"2";"3";"1";"3";"Rue de l?Industrie";"16,23755800";" -61,56462400"
"202300050901";"28";"09";"2023";"22:00";"3";"29";"29176";"1";"1";"3";"6";"Lieu Dit Croix Neuve";"48,13421000";" -4,22720300"
"202300050902";"5";"01";"2023";"11:35";"1";"971";"97125";"2";"2";"1";"3";"Bragelogne";"16,26825900";" -61,30278800"
"202300050903";"27";"09";"2023";"05:20";"3";"29";"29026";"1";"1";"1";"6";"Prat Aval";"48,18375101";" -4,11007031"
"202300050904";"12";"06";"2023";"20:00";"1";"77";"77058";"2";"9";"1";"7";"CLOS SAINT GEORGES  (AVENUE DU)";"48,84562400";"2,73355300"
"202300050905";"25";"09";"2023";"15:30";"1";"31";"31110";"1";"1";"1";"6";"DEPARTEMENTALE 83";"43,10890200";"0,96973700"
"202300050906";"4";"01";"2023";"21:45";"5";"971";"97125";"1";"2";"1";"3";"Belle Allée";"16,25612100";" -61,31158100"
"202300050907";"9";"06";"2023";"22:25";"1";"76";"76351";"2";"6";"1";"6";"LOUIS BLANC";"49,50778000";"0,13364000"
"202300050908";"5";"01";"2023";"02:21";"3";"977";"97701";"2";"1";"2";"7";"Saint jean";"17,90297100";" -62,83206000"
"202300050909";"11";"06";"2023";"19:00";"1";"72";"72181";"2";"1";"1";"3";"BOLLEE (AV) N° PAIRS 2 A 62";"48,00395000";"0,20263000"
"202300050910";"6";"01";"2023";"08:50";"1";"29";"29233";"2";"6";"8";"3";"Rue de Pont-aven";"47,87084493";" -3,56672108"
"202300050911";"27";"09";"2023";"13:15";"1";"03";"03093";"1";"2";"1";"5";"D907";"46,18797200";"3,48697900"
"202300050912";"6";"01";"2023";"08:15";"2";"91";"91200";"2";"1";"2";"6";"Intersection D116 - rue de l'ouye";"48,52305300";"2,00780000"
"202300050913";"11";"06";"2023";"18:56";"1";"71";"71270";"2";"1";"3";"7";"Boulevard de la Résistance";"46,29491765";"4,81936634"
"202300050914";"28";"09";"2023";"17:55";"2";"03";"03092";"1";"1";"7";"6";"lieu dit couture";"46,45393600";"3,19644200"
"202300050915";"5";"01";"2023";"11:45";"1";"34";"34344";"2";"1";"1";"6";"7 Rue des Artisans";"43,56111200";"4,07698900"
"202300050916";"28";"09";"2023";"16:30";"1";"26";"26345";"2";"1";"1";"3";"554 Route de Ste-Cécile";"44,28522600";"4,84680800"
"202300050917";"5";"01";"2023";"19:34";"3";"06";"06077";"2";"1";"1";"6";"D2566";"43,88070400";"7,35686400"
"202300050918";"27";"09";"2023";"19:00";"2";"72";"72132";"2";"1";"1";"7";"lieu dit le manay";"48,17538700";"0,63049100"
"202300050919";"6";"01";"2023";"08:30";"1";"05";"05159";"1";"1";"1";"6";"Route Departementale 330";"44,31377700";"5,79743400"
"202300050920";"29";"09";"2023";"14:20";"1";"06";"06073";"1";"1";"1";"7";"RM97, PR 02+700 - ISOLA2000";"44,19836300";"7,06951400"
"202300050921";"18";"09";"2023";"08:40";"1";"06";"06080";"1";"1";"8";"7";"Pont de la Bolinette";"44,04250500";"7,12876400"
"202300050922";"5";"01";"2023";"18:20";"5";"73";"73213";"2";"3";"1";"6";"D1006";"45,57103000";"5,95243900"
"202300050923";"28";"09";"2023";"20:30";"3";"08";"08137";"1";"3";"1";"3";"N/A";"49,82003700";"4,69847900"
"202300050924";"6";"01";"2023";"20:40";"3";"07";"07042";"1";"1";"1";"6";"D86";"44,40348000";"4,64601500"
"202300050925";"5";"01";"2023";"22:20";"3";"32";"32258";"1";"1";"1";"6";"chemin de crastes";"43,74346900";"0,67476200"
"202300050926";"6";"01";"2023";"07:57";"3";"14";"14060";"1";"1";"1";"3";"Allée Christian Coeuret";"49,24841900";" -0,27893100"
"202300050927";"28";"09";"2023";"16:45";"1";"88";"88116";"1";"3";"1";"3";"18 Rue de Chermenil";"47,97694000";"6,83307000"
"202300050928";"3";"01";"2023";"03:00";"4";"27";"27016";"2";"1";"1";"6";"2 Route des Templiers";"49,24838400";"1,45302100"
"202300050929";"6";"01";"2023";"07:40";"5";"76";"76758";"2";"1";"2";"1";"Rue Pierre de Coubertin";"49,61376900";"0,76110900"
"202300050930";"4";"01";"2023";"15:45";"1";"59";"59151";"1";"1";"2";"7";"Route de Solre-le-chateau";"50,26121313";"4,10604000"
"202300050931";"5";"01";"2023";"08:34";"1";"13";"13071";"1";"1";"1";"5";"A55-Sens Martigues vers Marseille";"43,37809000";"5,31739000"
"202300050932";"1";"01";"2023";"06:20";"3";"69";"69259";"2";"1";"8";"2";"Boulevard Laurent Bonnevay";"45,71863487";"4,87177134"
"202300050933";"5";"01";"2023";"13:53";"1";"77";"77384";"1";"1";"2";"3";"AUTOROUTE A5A";"48,59490000";"2,61413000"
"202300050934";"5";"01";"2023";"11:08";"1";"91";"91689";"1";"1";"1";"5";"A10";"48,73851000";"2,31707000"
"202300050935";"5";"01";"2023";"09:31";"1";"91";"91286";"1";"1";"8";"3";"AUTOROUTE A6";"48,64444000";"2,39007000"
"202300050936";"4";"01";"2023";"23:25";"3";"91";"91064";"1";"1";"3";"6";"RN 118";"48,75193000";"2,22290000"
"202300050937";"4";"01";"2023";"16:50";"5";"78";"78126";"1";"1";"2";"6";"A86 DUPLEX";"48,84482100";"2,14703400"
"202300050938";"5";"01";"2023";"16:00";"1";"93";"93066";"1";"1";"2";"4";"AUTOROUTE A1";"48,91916000";"2,35755000"
"202300050939";"4";"01";"2023";"23:50";"3";"95";"95572";"1";"1";"2";"6";" A15";"49,02837777";"2,12775019"
"202300050940";"5";"01";"2023";"10:40";"1";"94";"94028";"1";"1";"1";"2";"A86";"48,78064360";"2,44115551"
"202300050941";"4";"01";"2023";"20:00";"5";"35";"35051";"2";"1";"2";"6";"PARIS (RUE DE)";"48,11435714";" -1,59854025"
"202300050942";"4";"01";"2023";"19:00";"5";"27";"27375";"2";"1";"3";"6";"CROSNE (BOULEVARD DE)";"49,21551000";"1,16951000"
"202300050943";"3";"01";"2023";"18:29";"5";"29";"29019";"2";"1";"2";"6";"avenue Victor Le Gorgeu";"48,40052700";" -4,49912100"
"202300050944";"4";"01";"2023";"19:25";"2";"974";"97416";"2";"1";"1";"6";"LORION (RUE LUC)";" -21,34121100";"55,46892400"
"202300050945";"2";"01";"2023";"08:00";"1";"974";"97411";"1";"1";"1";"1";"MONTAGNE (ROUTE DE LA)";" -20,88725000";"55,44006000"
"202300050946";"4";"01";"2023";"23:45";"5";"69";"69383";"2";"3";"2";"7";"Route de Genas";"45,75487271";"4,87608835"
"202300050947";"4";"01";"2023";"11:55";"1";"69";"69034";"2";"1";"1";"6";"Route de Strasbourg";"45,79105516";"4,86091956"
"202300050948";"4";"01";"2023";"11:30";"1";"69";"69034";"2";"1";"1";"2";"Montée des Soldats";"45,79321000";"4,86011000"
"202300050949";"3";"01";"2023";"18:00";"5";"971";"97101";"2";"1";"1";"4";"RN1-  HAUTEUR DE SORTIE LAURICISQUE";"16,25220000";" -61,53157000"
"202300050950";"4";"01";"2023";"20:05";"5";"2A";"2A004";"2";"1";"1";"3";"SEBASTIANU COSTA BD";"41,94060000";"8,74494000"
"202300050951";"4";"01";"2023";"09:20";"1";"91";"91645";"2";"2";"8";"3";"GEORGES POMPIDOU (AVENUE)";"48,74520000";"2,28299200"
"202300050952";"4";"01";"2023";"17:50";"5";"91";"91114";"2";"1";"2";"6";"RUE DES VALLEES";"48,69858600";"2,50942200"
"202300050953";"4";"01";"2023";"13:25";"1";"91";"91589";"2";"4";"2";"3";"BD ARISTIDE BRIAND";"48,68725600";"2,35435400"
"202300050954";"4";"01";"2023";"06:50";"3";"91";"91223";"1";"1";"8";"6";"CD63";"48,41508000";"2,19600000"
"202300050955";"1";"01";"2023";"12:15";"1";"88";"88413";"2";"3";"1";"3";"Rue de l'Etang Piller";"48,29545000";"6,93915000"
"202300050956";"4";"01";"2023";"13:30";"1";"87";"87085";"2";"3";"2";"3";"THOMAS (AVENUE ALBERT)";"45,83475000";"1,24567000"
"202300050957";"3";"01";"2023";"09:15";"1";"86";"86194";"2";"1";"1";"4";"Avenue Jacques Coeur";"46,56995000";"0,37157100"
"202300050958";"3";"01";"2023";"08:55";"1";"83";"83137";"2";"3";"1";"3";"MOULINS (AVE DES DE 18 A 23";"43,14602000";"5,91248000"
"202300050959";"2";"01";"2023";"18:30";"2";"83";"83137";"2";"3";"1";"2";"DUGOMMIER (RUE)";"43,12550000";"5,92902000"
"202300050960";"3";"01";"2023";"19:20";"5";"76";"76351";"2";"3";"2";"6";"PIERRE MENDES FRANCE";"49,51444000";"0,15346000"
"202300050961";"4";"01";"2023";"07:25";"5";"74";"74012";"2";"1";"5";"3";"THONON (ROUTE DE)";"46,19348000";"6,25600000"
"202300050962";"4";"01";"2023";"05:40";"5";"74";"74012";"2";"1";"5";"6";"FAUCIGNY (RUE DU)";"46,19470000";"6,23617000"
"202300050963";"4";"01";"2023";"10:30";"1";"72";"72181";"2";"1";"1";"7";"GRANDES COURBES (RUE DES)";"47,97910000";"0,16777000"
"202300050964";"4";"01";"2023";"13:20";"1";"69";"69266";"2";"1";"1";"3";"259 Rue Léon Blum";"45,76235610";"4,91158068"
"202300050965";"3";"01";"2023";"16:00";"1";"67";"67482";"2";"1";"1";"6";"PAUL ELUARD (RUE)";"48,58886000";"7,69726000"
"202300050966";"4";"01";"2023";"07:52";"5";"66";"66136";"2";"6";"1";"3";"";"42,70529000";"2,90176000"
"202300050967";"1";"01";"2023";"04:50";"5";"66";"66136";"2";"1";"1";"2";"";"42,69472000";"2,90165100"
"202300050968";"1";"01";"2023";"04:15";"3";"60";"60159";"1";"1";"1";"6";"Route Nationale 31";"49,42168000";"2,89991000"
"202300050969";"3";"01";"2023";"06:45";"4";"59";"59350";"2";"1";"1";"2";"CHAUDE RIVIERE RUE DE";"50,63416700";"3,08167300"
"202300050970";"3";"01";"2023";"07:35";"5";"59";"59131";"2";"9";"9";"6";"SEPT PLANETES";"50,99827000";"2,37591000"
"202300050971";"4";"01";"2023";"18:14";"5";"51";"51454";"2";"4";"2";"1";"boulevard du Docteur Roux";"49,23265606";"4,02437702"
"202300050972";"3";"01";"2023";"10:15";"1";"51";"51454";"2";"1";"1";"6";"rue Chanzy";"49,25396000";"4,03046000"
"202300050973";"2";"01";"2023";"11:20";"1";"49";"49099";"2";"1";"8";"3";"D160";"47,07951000";" -0,83152000"
"202300050974";"4";"01";"2023";"08:21";"3";"49";"49007";"2";"1";"8";"7";"WALDECK ROUSSEAU";"47,47098000";" -0,54431000"
"202300050975";"2";"01";"2023";"22:58";"5";"49";"49007";"2";"2";"1";"3";"FREMUR";"47,45883000";" -0,55860000"
"202300050976";"29";"10";"2023";"14:31";"1";"93";"93001";"2";"1";"8";"2";"Avenue Victor Hugo";"48,91399700";"2,38084500"
"202300050977";"29";"10";"2023";"22:50";"3";"54";"54462";"1";"1";"3";"3";"D116";"48,60283598";"6,34496927"
"202300050978";"20";"10";"2023";"08:00";"3";"51";"51423";"1";"1";"3";"6";"D61";"48,77392500";"4,83056200"
"202300050979";"30";"10";"2023";"10:25";"1";"06";"06114";"2";"1";"1";"6";"Chemin du Souvenir";"43,74132900";"7,28721300"
"202300050980";"29";"10";"2023";"13:10";"1";"33";"33205";"1";"1";"3";"1";"Lieu Dit Ardennes";"44,58621469";" -0,39481036"
"202300050981";"29";"10";"2023";"09:50";"1";"31";"31454";"2";"1";"1";"6";"Avenue du Casteras";"43,41373000";"1,11676500"
"202300050982";"28";"10";"2023";"16:10";"1";"69";"69285";"2";"6";"1";"3";"Rue des Bruyères";"45,76313300";"5,08044200"
"202300050983";"29";"10";"2023";"05:15";"2";"27";"27306";"1";"1";"2";"7";"N1013";"49,00174600";"1,18441200"
"202300050984";"6";"10";"2023";"12:40";"1";"01";"01109";"2";"3";"1";"3";"Intersection D984B / Rue du Rhone";"46,14258900";"5,90878300"
"202300050985";"30";"10";"2023";"14:15";"1";"44";"44056";"1";"1";"1";"3";"1 le moulin de la violaye";"47,40851900";" -1,75717900"
"202300050986";"29";"10";"2023";"19:15";"3";"62";"62289";"1";"1";"2";"6";"D138";"50,45194400";"1,77377700"
"202300050987";"28";"10";"2023";"06:04";"3";"62";"62376";"1";"1";"2";"6";"D937";"50,56815966";"2,60229691"
"202300050988";"29";"10";"2023";"23:45";"3";"37";"37179";"1";"1";"1";"2";"A10 PK 198+380 SENS PARIS-TOURS";"47,45941427";"0,75836563"
"202300050989";"30";"10";"2023";"13:25";"1";"56";"56188";"1";"1";"8";"1";"Le Roduic";"47,89567000";" -3,11247000"
"202300050990";"30";"10";"2023";"19:15";"3";"56";"56171";"1";"1";"2";"1";"Fontalvy";"47,69821600";" -2,38242100"
"202300050991";"30";"10";"2023";"10:20";"1";"71";"71263";"2";"1";"1";"6";"Rue de Bram";"46,62901700";"5,21893000"
"202300050992";"30";"10";"2023";"14:30";"1";"71";"71014";"1";"1";"3";"6";"D 680";"46,92940000";"4,36534900"
"202300050993";"30";"10";"2023";"14:00";"1";"89";"89072";"1";"1";"8";"6";"Lieu Dit les Rosses";"47,75280300";"2,97590600"
"202300050994";"24";"10";"2023";"14:09";"1";"63";"63366";"1";"3";"1";"4";"D999/D214";"45,49548800";"3,35264900"
"202300050995";"29";"10";"2023";"18:45";"2";"61";"61230";"1";"1";"1";"3";"D8";"48,52670200";"0,71405700"
"202300050996";"4";"10";"2023";"06:27";"3";"68";"68286";"1";"3";"1";"3";"D 21.3";"47,62285600";"7,55054700"
"202300050997";"30";"10";"2023";"18:50";"3";"50";"50289";"1";"2";"8";"3";"La Bretonniere";"49,18994300";" -1,30403100"
"202300050998";"22";"10";"2023";"01:20";"3";"50";"50619";"2";"3";"9";"6";"Rue de l?Eglise";"49,62113700";" -1,36063100"
"202300050999";"30";"10";"2023";"18:40";"5";"50";"50639";"2";"1";"2";"6";"Rue du Général de Gaulle";"48,83716400";" -1,22177300"
"202300051000";"9";"05";"2023";"08:50";"1";"13";"13210";"2";"6";"1";"6";"ALFRED CURTEL (RUE)";"43,27830000";"5,40700000"
"202300051001";"29";"10";"2023";"12:40";"1";"09";"09296";"2";"1";"1";"3";"N20";"42,79900500";"1,66165700"
"202300051002";"10";"05";"2023";"18:27";"1";"13";"13063";"2";"1";"1";"3";"REPUBLIQUE AVENUE DE LA";"43,58332000";"5,00396000"
"202300051003";"30";"10";"2023";"12:50";"1";"85";"85020";"2";"6";"1";"2";"RD 148";"46,37064800";" -0,57591900"
"202300051004";"8";"05";"2023";"18:30";"1";"13";"13063";"2";"1";"1";"1";"DANIEL PAUL AVENUE";"43,58772000";"5,00933000"
"202300051005";"8";"05";"2023";"11:30";"1";"13";"13005";"2";"1";"1";"6";"BARTHELEMY (RUE DU DR)";"43,29565000";"5,56810000"
"202300051006";"28";"10";"2023";"21:00";"5";"63";"63113";"1";"9";"1";"5";"A71";"45,77491700";"3,14045900"
"202300051007";"8";"05";"2023";"14:25";"1";"13";"13004";"2";"2";"1";"6";"AV DES ALYSCAMPS";"43,67489000";"4,63224000"
"202300051008";"30";"10";"2023";"15:37";"1";"14";"14555";"1";"1";"1";"3";"AUTOROUTE A13 PK173+300";"49,30447758";"0,29294014"
"202300051009";"29";"10";"2023";"21:00";"3";"988";"98815";"1";"1";"1";"6";"Tuho (Tribu)";" -21,52315000";"167,90566200"
"202300051010";"9";"05";"2023";"17:50";"1";"10";"10343";"2";"1";"1";"3";"Allée du Château des Cours";"48,27020000";"4,08913000"
"202300051011";"30";"10";"2023";"05:15";"3";"29";"29233";"1";"1";"3";"6";"RN165";"47,86239000";" -3,54916000"
"202300051012";"9";"05";"2023";"14:28";"1";"10";"10387";"2";"1";"2";"2";"Boulevard Victor Hugo";"48,29205462";"4,07023877"
"202300051013";"26";"10";"2023";"05:50";"3";"77";"77466";"1";"1";"3";"1";"D21";"48,82467700";"2,88326500"
"202300051014";"24";"08";"2023";"21:55";"5";"93";"93077";"2";"3";"1";"6";"Avenue de Rosny / Avenue du Rond Point";"48,88407400";"2,50060108"
"202300051015";"9";"05";"2023";"15:45";"1";"06";"06069";"2";"1";"1";"3";"AURIBEAU (ROUTE D') -D609-";"43,63063700";"6,91210500"
"202300051016";"30";"10";"2023";"11:45";"1";"84";"84129";"2";"1";"3";"2";"1171 Route d'Entraigues";"44,00610400";"4,89039700"
"202300051017";"25";"08";"2023";"19:30";"1";"93";"93061";"2";"3";"1";"3";"Rue d'Estienne d'Orves / Rue Simonnot";"48,88567000";"2,40145000"
"202300051018";"9";"05";"2023";"08:00";"1";"06";"06069";"2";"6";"1";"3";"PEGOMAS (ROUTE DE)";"43,64161800";"6,93739500"
"202300051019";"11";"10";"2023";"08:33";"1";"13";"13101";"2";"3";"1";"1";"Rue de la Fontaine";"43,40641900";"5,54478000"
"202300051020";"26";"08";"2023";"18:50";"1";"93";"93029";"2";"2";"1";"3";"Rue des Bois de Groslay / Rue de l'Argonne";"48,91757000";"2,46758000"
"202300051021";"7";"05";"2023";"16:45";"1";"06";"06004";"2";"2";"1";"1";"FELON RUE";"43,57283000";"7,10741000"
"202300051022";"29";"10";"2023";"17:50";"3";"13";"13030";"1";"1";"1";"2";"D8n";"43,26876900";"5,72005700"
"202300051023";"25";"08";"2023";"16:05";"1";"93";"93010";"2";"3";"1";"3";"Route de Villemomble / Rue Rene Char";"48,89199880";"2,48899742"
"202300051024";"30";"10";"2023";"07:52";"2";"71";"71086";"1";"1";"2";"6";"D985, PK 54+400";"46,41807200";"4,25365100"
"202300051025";"27";"04";"2023";"12:05";"1";"05";"05061";"2";"3";"1";"3";"RAMBAUD ( ROUTE DE )";"44,56140833";"6,09648407"
"202300051026";"26";"08";"2023";"08:45";"1";"93";"93005";"2";"1";"1";"6";"Rue Arthur Chevalier";"48,92774220";"2,50841380"
"202300051027";"30";"10";"2023";"08:30";"1";"52";"52132";"1";"1";"8";"1";"D33";"48,10915021";"5,45051508"
"202300051028";"10";"05";"2023";"10:00";"1";"75";"75106";"2";"3";"3";"6";"RUE DE SEVRES";"48,84738000";"2,31821300"
"202300051029";"25";"08";"2023";"23:00";"5";"93";"93005";"2";"2";"1";"3";"Rue Pierre Jouhet / Avenue Berthollet";"48,92396784";"2,50445095"
"202300051030";"29";"10";"2023";"23:25";"3";"67";"67155";"2";"1";"8";"7";"166 Route de Strasbourg";"48,41099000";"7,47188700"
"202300051031";"10";"05";"2023";"17:15";"1";"75";"75120";"2";"3";"1";"3";"RUE D AVRON";"48,85164800";"2,40055800"
"202300051032";"25";"08";"2023";"20:13";"1";"93";"93001";"2";"4";"1";"6";"Rue de Saint Denis / Chemin Latéral Nord";"48,92196500";"2,37420900"
"202300051033";"28";"10";"2023";"18:25";"2";"03";"03265";"2";"3";"1";"3";"intersection D55 et D15";"46,46808900";"3,75009300"
"202300051034";"25";"08";"2023";"00:15";"5";"92";"92046";"2";"2";"1";"3";"GABRIEL PERI";"48,81955000";"2,30613000"
"202300051035";"10";"05";"2023";"20:00";"1";"75";"75119";"2";"3";"1";"6";"AVENUE DE FLANDRE";"48,88573500";"2,37101800"
"202300051036";"26";"08";"2023";"19:40";"1";"92";"92064";"2";"1";"1";"3";"CARNOT";"48,84309220";"2,22309843"
"202300051037";"30";"10";"2023";"17:20";"2";"07";"07245";"2";"3";"2";"3";"D86";"45,08967200";"4,81790200"
"202300051038";"9";"05";"2023";"23:30";"5";"75";"75119";"2";"1";"3";"6";"BOULEVARD DE LA VILLETTE";"48,87707500";"2,37137800"
"202300051039";"29";"10";"2023";"15:20";"1";"01";"01431";"2";"1";"1";"7";"124 Grande Rue";"45,92870500";"5,35422700"
"202300051040";"26";"08";"2023";"16:30";"1";"92";"92033";"2";"1";"2";"4";"RAYMOND POINCARE";"48,83838736";"2,17350036"
"202300051041";"9";"05";"2023";"20:40";"1";"75";"75117";"2";"2";"1";"6";"BOULEVARD DE COURCELLES";"48,87914900";"2,30312300"
"202300051042";"28";"10";"2023";"18:05";"1";"69";"69194";"1";"4";"1";"3";"Avenue Ampère";"45,84198946";"4,79321072"
"202300051043";"24";"08";"2023";"18:35";"1";"92";"92063";"2";"2";"1";"3";"BONS RAISINS (RUE DES)";"48,87249614";"2,19619203"
"202300051044";"10";"05";"2023";"14:03";"1";"75";"75113";"2";"3";"1";"3";"QUAI FRANCOIS MAURIAC";"48,83452000";"2,37675000"
"202300051045";"25";"08";"2023";"14:48";"1";"92";"92040";"2";"9";"1";"3";"JEAN JACQUES ROUSSEAU";"48,82256000";"2,25743000"
"202300051046";"26";"10";"2023";"10:30";"1";"33";"33023";"1";"1";"2";"3";"16 Avenue du Petit Breton";"44,69597800";" -0,48644500"
"202300051047";"10";"05";"2023";"11:10";"1";"75";"75113";"2";"3";"2";"1";"AVENUE BOUTROUX";"48,82207800";"2,37496400"
"202300051048";"25";"10";"2023";"01:15";"3";"33";"33272";"1";"1";"2";"6";"N10";"45,07583271";" -0,38674638"
"202300051049";"24";"08";"2023";"17:50";"1";"92";"92025";"2";"1";"1";"2";"A86";"48,91832109";"2,22386401"
"202300051050";"8";"05";"2023";"22:15";"5";"75";"75113";"2";"3";"1";"3";"PLACE DU DOCTEUR YERSIN";"48,82027000";"2,37183200"
"202300051051";"26";"08";"2023";"01:40";"5";"92";"92012";"2";"1";"1";"3";"QUATRE SEPTEMBRE (QUAI DU)";"48,85048765";"2,22683430"
"202300051052";"30";"10";"2023";"08:30";"2";"44";"44073";"1";"1";"2";"1";"N/A";"47,44821400";" -1,65184400"
"202300051053";"10";"05";"2023";"17:30";"1";"75";"75112";"2";"3";"1";"3";"RUE DE CHARENTON";"48,84032700";"2,38819000"
"202300051054";"16";"10";"2023";"17:20";"1";"14";"14488";"2";"1";"1";"6";"67 Rue des Dunes";"49,28523000";" -0,25019100"
"202300051055";"23";"08";"2023";"09:20";"1";"92";"92012";"2";"1";"1";"5";"ALPHONSE LE GALLO (QUAI) 35/FIN";"48,83682025";"2,22426116"
"202300051056";"30";"10";"2023";"06:35";"3";"60";"60437";"1";"1";"3";"7";"D137";"49,32487000";"2,23284200"
"202300051057";"25";"08";"2023";"18:45";"1";"92";"92014";"2";"1";"1";"6";"CONDORCET (PLACE)";"48,77971496";"2,31586118"
"202300051058";"10";"05";"2023";"13:05";"1";"75";"75111";"2";"4";"2";"3";"AVENUE LEDRU ROLLIN";"48,85654763";"2,37926790"
"202300051059";"10";"05";"2023";"10:20";"1";"75";"75111";"2";"4";"2";"6";"BOULEVARD VOLTAIRE";"48,85586400";"2,38327500"
"202300051060";"18";"10";"2023";"17:45";"1";"13";"13214";"1";"1";"1";"2";"A507 sens Marseille - Aubagne";"43,33412000";"5,37700000"
"202300051061";"26";"08";"2023";"08:30";"1";"60";"60441";"2";"9";"1";"2";"Intermarché Super (Supermarché)";"49,41510200";"2,64601000"
"202300051062";"10";"05";"2023";"09:20";"1";"75";"75108";"2";"3";"3";"6";"AVENUE HOCHE";"48,87457600";"2,29694700"
"202300051063";"29";"10";"2023";"15:55";"1";"69";"69297";"1";"1";"1";"4";"Autoroute 7";"45,60505067";"4,79933057"
"202300051064";"26";"08";"2023";"11:30";"1";"86";"86131";"1";"1";"1";"7";"D8";"46,45487000";"0,60794800"
"202300051065";"10";"05";"2023";"20:15";"1";"75";"75107";"2";"3";"3";"6";"QUAI D ORSAY";"48,86244700";"2,30630700"
"202300051066";"29";"10";"2023";"13:30";"1";"91";"91468";"1";"1";"1";"5";"AUTOROUTE A6";"48,57319000";"2,46729000"
"202300051067";"25";"08";"2023";"19:50";"1";"76";"76675";"1";"1";"1";"3";"A151";"49,60169900";"1,04516000"
"202300051068";"10";"05";"2023";"17:20";"1";"94";"94074";"2";"1";"2";"6";"Rue du Colonel Fabien";"48,74546300";"2,46914700"
"202300051069";"29";"10";"2023";"13:20";"1";"91";"91161";"1";"1";"1";"4";"AUTOROUTE A6";"48,71212000";"2,30720000"
"202300051070";"10";"05";"2023";"15:30";"1";"94";"94058";"2";"9";"3";"6";"Boulevard de la Liberté";"48,83769900";"2,49500600"
"202300051071";"27";"07";"2023";"16:35";"1";"06";"06161";"2";"3";"1";"3";"Avenue des Maurettes";"43,63087200";"7,12988000"
"202300051072";"29";"10";"2023";"09:30";"1";"94";"94034";"1";"1";"3";"7";"A86";"48,75772551";"2,33950000"
"202300051073";"10";"05";"2023";"08:30";"1";"94";"94058";"2";"2";"2";"3";"27 Avenue Montaigne";"48,83894000";"2,50829000"
"202300051074";"12";"08";"2023";"17:30";"1";"41";"41167";"1";"6";"1";"7";"D952";"47,48696200";"1,18957000"
"202300051075";"27";"10";"2023";"16:00";"1";"78";"78431";"1";"1";"3";"2";"A13";"48,93746200";"1,95902300"
"202300051076";"10";"05";"2023";"14:42";"1";"94";"94079";"2";"3";"2";"6";"Rue Louis Lenoir";"48,82357000";"2,54235000"