"Num_Acc";"jour";"mois";"an";"hrmn";"lum";"dep";"com";"agg";"int";"atm";"col";"adr";"lat";"long"
"202300051473";"14";"07";"2023";"17:30";"1";"21";"21316";"1";"1";"7";"7";"D25d";"47,33049700";"5,44514200"
"202300051474";"25";"08";"2023";"13:45";"1";"04";"04143";"1";"1";"1";"7";"D12 PK35+60";"43,92305900";"5,95542700"
"202300051475";"12";"06";"2023";"19:13";"1";"75";"75113";"2";"3";"1";"3";"AVENUE D ITALIE";"48,82675400";"2,35711200"
"202300051476";"10";"05";"2023";"10:10";"1";"94";"94079";"1";"1";"1";"3";"A4";"48,83416652";"2,53591477"
"202300051477";"29";"03";"2023";"18:15";"1";"33";"33421";"1";"1";"1";"1";"lieu dit bonhomme";"44,80852545";" -0,13972700"
"202300051478";"2";"12";"2023";"18:35";"3";"49";"49195";"1";"3";"1";"3";"L'Appentière";"47,06009500";" -0,80457700"
"202300051479";"28";"10";"2023";"14:55";"1";"04";"04112";"2";"2";"1";"7";"BRET (BD. M.)";"43,83811000";"5,78033000"
"202300051480";"12";"06";"2023";"17:40";"1";"75";"75112";"2";"2";"1";"6";"BOULEVARD PONIATOWSKI";"48,83170700";"2,39796200"
"202300051481";"27";"10";"2023";"21:05";"3";"75";"75112";"2";"1";"2";"7";"PORTE DE CHARENTON";"48,83080700";"2,40315400"
"202300051482";"16";"07";"2023";"16:00";"1";"40";"40001";"1";"2";"1";"3";"Route de Geaune";"43,67854200";" -0,31519200"
"202300051483";"3";"12";"2023";"06:20";"5";"81";"81273";"2";"1";"1";"6";"18bis Route de Toulouse";"43,58617100";"2,17452300"
"202300051484";"10";"05";"2023";"09:20";"1";"94";"94028";"1";"1";"2";"2";"A86";"48,79245180";"2,44126117"
"202300051485";"25";"08";"2023";"20:10";"1";"67";"67023";"1";"2";"1";"7";"d139";"48,77862700";"7,71916200"
"202300051486";"1";"04";"2023";"16:15";"1";"47";"47226";"1";"2";"3";"1";"d668/c502";"44,62011200";"0,33075900"
"202300051487";"25";"05";"2023";"23:40";"5";"75";"75112";"2";"1";"1";"6";"AVENUE DE NOGENT";"48,83791300";"2,46436600"
"202300051488";"15";"07";"2023";"04:00";"3";"24";"24237";"1";"6";"2";"6";"rond point ribeyrie";"44,88872700";"0,55123200"
"202300051489";"27";"10";"2023";"18:55";"5";"75";"75119";"2";"1";"2";"4";"PORTE D AUBERVILLIERS";"48,90035900";"2,37664200"
"202300051490";"2";"12";"2023";"16:50";"2";"28";"28222";"1";"1";"1";"6";"D28";"48,30694000";"1,40169600"
"202300051491";"1";"04";"2023";"11:00";"1";"34";"34214";"1";"1";"1";"7";"9 Avenue de Gabian";"43,48985000";"3,27687300"
"202300051492";"25";"08";"2023";"11:40";"1";"55";"55427";"2";"6";"1";"3";"Avenue du 15e Corps";"48,82115100";"4,98165300"
"202300051493";"9";"05";"2023";"09:45";"1";"75";"75117";"2";"1";"2";"3";"PORTE D ASNIERES";"48,88959100";"2,29741700"
"202300051494";"12";"06";"2023";"18:48";"1";"75";"75110";"2";"1";"1";"3";"BOULEVARD DE MAGENTA";"48,88221700";"2,35073800"
"202300051495";"3";"12";"2023";"03:59";"3";"01";"01288";"1";"1";"1";"6";"D884";"46,17336218";"5,91443717"
"202300051496";"26";"08";"2023";"05:00";"3";"42";"42038";"1";"9";"1";"6";"Rue de Montazy";"45,62396100";"4,12854700"
"202300051497";"28";"10";"2023";"08:17";"2";"75";"75117";"2";"3";"1";"1";"RUE DE SAUSSURE";"48,88818300";"2,31053300"
"202300051498";"16";"07";"2023";"14:14";"1";"04";"04076";"2";"3";"1";"3";"Avenue de Vauban";"43,94930800";"6,81290200"
"202300051499";"25";"03";"2023";"18:25";"1";"34";"34252";"1";"3";"1";"3";"D922";"43,65567600";"3,10984400"
"202300051500";"9";"05";"2023";"20:56";"2";"75";"75120";"2";"2";"1";"3";"RUE BELGRAND";"48,86458500";"2,40723500"
"202300051501";"12";"06";"2023";"12:45";"1";"75";"75110";"2";"3";"1";"3";"BOULEVARD DE BONNE NOUVELLE";"48,87035300";"2,34956000"
"202300051502";"28";"10";"2023";"08:17";"5";"75";"75117";"2";"5";"1";"6";"RUE DE ROME";"48,88734500";"2,31413200"
"202300051503";"25";"08";"2023";"15:50";"1";"26";"26170";"1";"2";"7";"3";"Chemin des Balayes";"44,90539300";"4,94581600"
"202300051504";"3";"12";"2023";"01:00";"3";"29";"29020";"1";"1";"1";"3";"Rue Nicephore Niepce";"48,09872000";" -4,03173000"
"202300051505";"8";"07";"2023";"03:30";"3";"85";"85018";"1";"2";"1";"6";"RD51";"46,87823500";" -2,05847700"
"202300051506";"31";"03";"2023";"08:12";"2";"44";"44213";"1";"1";"6";"5";"Route de Saint-Florent";"47,37226000";" -1,01728100"
"202300051507";"9";"05";"2023";"19:12";"1";"75";"75120";"2";"3";"2";"6";"RUE BELGRAND";"48,86456800";"2,40732500"
"202300051508";"12";"07";"2023";"23:00";"4";"85";"85046";"1";"9";"1";"7";"RD 948";"46,66559000";" -1,29457200"
"202300051509";"11";"06";"2023";"17:45";"1";"75";"75108";"2";"2";"1";"1";"RUE DE VIENNE";"48,87684900";"2,32168800"
"202300051510";"2";"12";"2023";"20:55";"3";"14";"14027";"2";"1";"1";"6";"D54";"48,98992300";" -0,62247600"
"202300051511";"1";"04";"2023";"16:55";"1";"29";"29300";"1";"3";"2";"1";"Pont Chlaon";"47,89483600";" -3,64889600"
"202300051512";"24";"08";"2023";"14:35";"1";"01";"01313";"2";"3";"1";"3";"108 rue du prieuré";"46,25287200";"6,08205900"
"202300051513";"28";"10";"2023";"12:25";"1";"75";"75119";"2";"1";"1";"2";"AVENUE MATHURIN MOREAU";"48,87814700";"2,37189500"
"202300051514";"9";"05";"2023";"13:00";"1";"75";"75120";"2";"2";"2";"3";"BOULEVARD MORTIER";"48,87723000";"2,40679400"
"202300051515";"12";"06";"2023";"21:10";"2";"75";"75102";"2";"2";"1";"6";"RUE REAUMUR";"48,86853500";"2,34191900"
"202300051516";"2";"12";"2023";"10:50";"1";"06";"06095";"2";"1";"1";"6";"18 Avenue de Boutiny";"43,64062300";"6,87765000"
"202300051517";"16";"07";"2023";"20:15";"2";"27";"27107";"1";"1";"1";"3";"D139";"49,38695800";"0,59794200"
"202300051518";"31";"03";"2023";"15:30";"1";"38";"38034";"2";"6";"1";"3";"Route de VIENNE";"45,34645000";"5,04175000"
"202300051519";"26";"08";"2023";"09:25";"1";"69";"69069";"2";"3";"3";"3";"11 Avenue Edouard Millaud";"45,74734200";"4,74307900"
"202300051520";"28";"10";"2023";"10:55";"1";"75";"75119";"2";"1";"1";"4";"BOULEVARD DE LA VILLETTE";"48,87425500";"2,37464000"
"202300051521";"9";"06";"2023";"16:45";"1";"94";"94068";"2";"1";"1";"6";"Avenue Foch";"48,80337400";"2,48905500"
"202300051522";"31";"03";"2023";"18:45";"2";"02";"02235";"1";"1";"6";"7";"Tunnel";"49,42993600";"3,78111500"
"202300051523";"16";"07";"2023";"21:47";"2";"27";"27224";"1";"1";"2";"6";"Épreville-près-le-Neubourg";"49,13942500";"0,88903400"
"202300051524";"9";"05";"2023";"11:30";"1";"75";"75120";"2";"2";"3";"6";"RUE PIXERECOURT";"48,87009900";"2,39577600"
"202300051525";"2";"12";"2023";"21:10";"3";"38";"38030";"1";"1";"1";"1";"D519";"45,34523800";"5,46492600"
"202300051526";"26";"08";"2023";"12:45";"1";"31";"31395";"2";"1";"1";"6";"3 Rue Didier Daurat";"43,46989500";"1,32693200"
"202300051527";"27";"10";"2023";"11:25";"1";"75";"75119";"2";"1";"1";"2";"BOULEVARD DE LA VILLETTE";"48,87300200";"2,37605200"
"202300051528";"9";"05";"2023";"17:45";"1";"75";"75119";"2";"1";"1";"6";"RUE ARMAND CARREL";"48,88262500";"2,37958000"
"202300051529";"10";"06";"2023";"17:30";"1";"94";"94038";"2";"1";"1";"6";"17 Rue Paul Hochart";"48,77448527";"2,35454996"
"202300051530";"2";"12";"2023";"14:30";"1";"91";"91534";"2";"9";"7";"1";"Route d?Orsay";"48,74788400";"2,16541800"
"202300051531";"1";"04";"2023";"11:48";"1";"01";"01093";"1";"1";"2";"3";"D936";"46,13363300";"4,97013000"
"202300051532";"9";"05";"2023";"15:20";"1";"75";"75119";"2";"3";"3";"3";"AVENUE DE FLANDRE";"48,88734200";"2,37286400"
"202300051533";"16";"07";"2023";"18:45";"1";"27";"27679";"2";"1";"1";"1";"Avenue Edmond Démolins";"48,73840800";"0,91417900"
"202300051534";"3";"12";"2023";"15:55";"1";"51";"51488";"1";"1";"1";"4";"D951";"49,10352400";"3,98120300"
"202300051535";"26";"08";"2023";"23:30";"3";"24";"24223";"1";"1";"2";"6";"Route de la Grande Serre";"44,85023300";"0,77121100"
"202300051536";"1";"04";"2023";"13:40";"1";"26";"26369";"1";"1";"1";"6";"RD94";"44,37707600";"5,43121000"
"202300051537";"9";"05";"2023";"14:00";"1";"75";"75119";"2";"2";"2";"3";"AVENUE SIMON BOLIVAR";"48,87558500";"2,38188000"
"202300051538";"12";"06";"2023";"06:25";"1";"94";"94028";"2";"1";"1";"3";"Route de Choisy";"48,78323500";"2,44685300"
"202300051539";"2";"12";"2023";"19:10";"3";"56";"56185";"1";"1";"2";"6";"N/A";"47,79079700";" -3,44363700"
"202300051540";"28";"10";"2023";"20:15";"5";"75";"75116";"2";"2";"2";"1";"ALLEE DE LA REINE MARGUERITE";"48,85858400";"2,24490000"
"202300051541";"2";"12";"2023";"05:50";"3";"59";"59662";"1";"1";"9";"6";"Route de Bray-dunes";"50,84334200";"2,57216300"
"202300051542";"9";"05";"2023";"13:10";"1";"75";"75117";"2";"3";"2";"3";"RUE DE COURCELLES";"48,87927600";"2,30306100"
"202300051543";"11";"06";"2023";"22:50";"4";"94";"94017";"1";"6";"8";"6";"11 Boulevard des Alliés";"48,82976000";"2,48995000"
"202300051544";"1";"04";"2023";"10:00";"1";"14";"14371";"1";"2";"1";"3";"2224 Route du Lieu aux Amis";"49,03127000";"0,21022100"
"202300051545";"28";"10";"2023";"20:45";"3";"75";"75114";"2";"1";"2";"7";"AVENUE DENFERT ROCHEREAU";"48,83552900";"2,33354000"
"202300051546";"26";"08";"2023";"09:30";"1";"33";"33227";"2";"2";"1";"3";"rond point de guyenne";"44,55443900";" -0,25492800"
"202300051547";"15";"07";"2023";"15:30";"1";"17";"17385";"2";"3";"1";"7";"83 Avenue de Bel Air";"45,93918000";" -1,31154700"
"202300051548";"2";"12";"2023";"19:25";"3";"77";"77414";"1";"3";"1";"3";"D75";"48,65230400";"3,21893000"
"202300051549";"31";"03";"2023";"16:45";"1";"07";"07117";"1";"1";"1";"7";"D104 route d'Ales";"44,43450000";"4,22428600"
"202300051550";"9";"05";"2023";"13:45";"1";"75";"75115";"2";"3";"3";"2";"BOULEVARD LEFEBVRE";"48,82863900";"2,30142500"
"202300051551";"2";"12";"2023";"12:20";"1";"76";"76517";"1";"4";"1";"3";"D47";"49,51670600";"1,13934100"
"202300051552";"12";"06";"2023";"12:00";"1";"93";"93073";"2";"3";"2";"2";"Rue Ronsard / Rue Corneille";"48,95872000";"2,56764000"
"202300051553";"9";"05";"2023";"12:15";"1";"75";"75115";"2";"1";"2";"6";"RUE DE VOUILLE";"48,83408100";"2,30739600"
"202300051554";"26";"08";"2023";"18:00";"1";"50";"50041";"1";"3";"1";"3";"44 Rue du Millecent (Beaumont-Hague)";"49,66048900";" -1,82398300"
"202300051555";"16";"07";"2023";"21:30";"1";"88";"88486";"2";"2";"1";"7";"Rue de Saint-del";"48,00471100";"6,72408900"
"202300051556";"27";"10";"2023";"13:40";"1";"75";"75113";"2";"5";"1";"2";"PORTE D ITALIE";"48,81643900";"2,36008500"
"202300051557";"1";"04";"2023";"04:10";"3";"53";"53146";"1";"1";"2";"6";"Quifeu";"48,20525600";" -0,69153800"
"202300051558";"10";"06";"2023";"23:45";"5";"93";"93073";"1";"1";"1";"3";"Rue du Chapitre";"49,00301204";"2,53687204"
"202300051559";"2";"12";"2023";"18:54";"5";"2A";"2A362";"2";"1";"1";"5";"RT10 STE LUCIE DE PORTO VECCHIO";"41,69747000";"9,34298200"
"202300051560";"9";"05";"2023";"12:15";"1";"75";"75113";"2";"3";"2";"3";"AVENUE D ITALIE";"48,82511400";"2,35759100"
"202300051561";"12";"06";"2023";"18:30";"1";"93";"93072";"2";"1";"2";"2";"Boulevard Maxime Gorki";"48,94605000";"2,38656000"
"202300051562";"12";"06";"2023";"13:25";"1";"93";"93064";"2";"1";"1";"6";"Avenue du Général de Gaulle";"48,88070304";"2,47718633"
"202300051563";"9";"05";"2023";"08:00";"1";"75";"75113";"2";"1";"2";"3";"BOULEVARD VINCENT AURIOL";"48,83239100";"2,36113300"
"202300051564";"18";"07";"2023";"00:50";"3";"988";"98805";"1";"1";"2";"6";"VE1 SENS NORD/SUD - PR 5+574";" -22,22550000";"166,46239700"
"202300051565";"31";"03";"2023";"12:35";"1";"40";"40282";"2";"1";"1";"1";"avenue de l'océean";"43,77195400";" -0,57402500"
"202300051566";"26";"08";"2023";"05:30";"2";"29";"29294";"1";"1";"5";"6";"Brec'Hoat";"48,40246618";" -4,14883554"
"202300051567";"24";"11";"2023";"20:10";"5";"82";"82112";"2";"2";"2";"4";"Rue des Pommes";"44,10860000";"1,10736600"
"202300051568";"12";"06";"2023";"19:30";"1";"93";"93048";"2";"1";"1";"6";"Boulevard Théophile Sueur";"48,86438023";"2,46770858"
"202300051569";"28";"10";"2023";"12:10";"1";"75";"75110";"2";"3";"1";"6";"RUE DU FAUBOURG SAINT MARTIN";"48,88253000";"2,36692200"
"202300051570";"9";"05";"2023";"20:30";"5";"75";"75112";"2";"2";"1";"3";"AVENUE DU DOCTEUR ARNOLD NETTER";"48,84089000";"2,40469100"
"202300051571";"3";"12";"2023";"10:15";"1";"71";"71396";"1";"3";"7";"6";"27 Route de Pierre";"46,86727000";"5,19547900"
"202300051572";"9";"05";"2023";"08:20";"1";"75";"75112";"2";"1";"2";"6";"RUE DE REUILLY";"48,84794800";"2,38631200"
"202300051573";"12";"06";"2023";"02:10";"3";"93";"93032";"2";"1";"1";"3";"Rue de Maison Rouge";"48,89835000";"2,54622000"
"202300051574";"12";"06";"2023";"17:45";"1";"93";"93010";"2";"1";"1";"6";"Av du Mal de Lattre de Tassigny";"48,90490820";"2,48334471"
"202300051575";"9";"05";"2023";"00:10";"5";"75";"75112";"2";"2";"8";"6";"AVENUE DAUMESNIL";"48,84862700";"2,37253500"
"202300051576";"16";"07";"2023";"13:25";"1";"42";"42243";"1";"1";"1";"6";"A89";"45,86258000";"4,00940900"
"202300051577";"3";"12";"2023";"09:45";"1";"71";"71097";"1";"1";"1";"1";"Route de la Genete";"46,55398400";"5,10395400"
"202300051578";"12";"06";"2023";"13:40";"1";"93";"93010";"2";"1";"1";"6";"Route de Villemomble";"48,89389981";"2,47797454"
"202300051579";"1";"04";"2023";"14:50";"1";"40";"40154";"1";"4";"3";"3";"Route de Naboude";"43,98826800";" -1,18438800"
"202300051580";"3";"12";"2023";"13:20";"1";"71";"71162";"1";"1";"1";"7";"Route de Beaune";"46,97719400";"4,37002800"
"202300051581";"8";"05";"2023";"22:03";"5";"75";"75109";"2";"3";"1";"6";"RUE DE CLICHY";"48,87968400";"2,32915900"
"202300051582";"11";"06";"2023";"13:03";"1";"92";"92064";"2";"9";"1";"3";"GOUNOD";"48,84307081";"2,21409246"
"202300051583";"28";"10";"2023";"17:30";"2";"75";"75108";"2";"2";"2";"6";"BOULEVARD HAUSSMANN";"48,87522500";"2,31628800"
"202300051584";"3";"12";"2023";"09:15";"1";"89";"89307";"1";"1";"8";"6";"Nationale 77";"47,89744200";"3,71192000"
"202300051585";"9";"05";"2023";"18:34";"1";"94";"94081";"2";"1";"2";"6";"Place de l'Eglise";"48,79147656";"2,39405555"
"202300051586";"10";"06";"2023";"11:57";"1";"92";"92064";"2";"9";"1";"3";"GOUNOD";"48,84286600";"2,21219500"
"202300051587";"30";"11";"2023";"05:15";"3";"34";"34031";"1";"1";"2";"6";"D137";"43,34832300";"3,42885000"
"202300051588";"31";"03";"2023";"12:20";"1";"24";"24525";"1";"1";"1";"1";"D87 lieu dit ""Lavenaud""";"45,54384000";"0,70421900"
"202300051589";"26";"08";"2023";"11:23";"1";"13";"13212";"1";"1";"1";"2";"A507 sens Aubagne- Marseille";"43,29760000";"5,42550000"
"202300051590";"9";"05";"2023";"15:10";"1";"94";"94065";"2";"3";"2";"3";"Avenue Charles Lindbergh / Rue Mondétour";"48,75595000";"2,34619000"
"202300051591";"3";"12";"2023";"04:20";"3";"44";"44072";"1";"1";"2";"7";"2 Kercouret";"47,42377600";" -2,33924000"
"202300051592";"9";"06";"2023";"23:25";"5";"92";"92063";"2";"2";"1";"3";"SOLFERINO (BOULEVARD)";"48,87628389";"2,18576744"
"202300051593";"9";"05";"2023";"12:05";"1";"94";"94028";"2";"1";"3";"6";"Rue du Général Leclerc";"48,78563000";"2,47009000"
"202300051594";"28";"10";"2023";"11:05";"1";"75";"75101";"2";"1";"1";"6";"VOIE GEORGES POMPIDOU";"48,85737900";"2,34575500"
"202300051595";"9";"05";"2023";"11:20";"1";"94";"94028";"2";"9";"3";"6";"D86";"48,77492000";"2,43979000"
"202300051596";"2";"12";"2023";"15:00";"1";"44";"44175";"2";"1";"1";"6";"600 Bréca";"47,36060400";" -2,31356600"
"202300051597";"12";"06";"2023";"20:30";"1";"92";"92051";"1";"1";"1";"3";"BOURDON (BOULEVARD)";"48,89547788";"2,27138579"
"202300051598";"1";"04";"2023";"12:30";"1";"68";"68146";"1";"1";"3";"2";"N/A";"48,12051800";"7,36664400"
"202300051599";"26";"08";"2023";"15:00";"1";"83";"83137";"1";"1";"1";"3";"A57";"43,13063928";"5,97933198"
"202300051600";"2";"12";"2023";"03:54";"3";"44";"44090";"1";"1";"1";"1";"N/A";"47,00421200";" -1,72212800"
"202300051601";"27";"11";"2023";"12:01";"1";"31";"31390";"2";"1";"2";"6";"7 Avenue de Saint-gaudens";"43,08611244";"0,57365410"
"202300051602";"12";"06";"2023";"17:45";"1";"92";"92051";"2";"2";"1";"3";"VICTOR HUGO (BOULEVARD, N° 9 A 49 ET 16";"48,88555966";"2,28018343"
"202300051603";"25";"08";"2023";"17:10";"1";"33";"33075";"1";"1";"1";"5";"ROCADE A 630";"44,88773714";" -0,57988286"
"202300051604";"27";"10";"2023";"23:40";"5";"75";"75104";"2";"2";"8";"3";"QUAI DE GESVRES";"48,85608300";"2,35068700"
"202300051605";"17";"07";"2023";"12:05";"1";"38";"38485";"2";"1";"1";"6";"Avenue Hector Berlioz";"45,16908600";"5,68034700"
"202300051606";"1";"04";"2023";"19:10";"1";"10";"10256";"1";"1";"4";"7";"A26";"48,44553409";"4,15687197"
"202300051607";"1";"12";"2023";"17:00";"4";"38";"38501";"2";"1";"2";"6";"1787 Avenue du Gresivaudan";"45,30146200";"5,95132600"
"202300051608";"9";"05";"2023";"16:50";"1";"94";"94077";"2";"3";"2";"4";"Rue Henri Lusseau / Avenue de la République";"48,73183699";"2,41222253"
"202300051609";"28";"10";"2023";"20:30";"3";"94";"94074";"2";"6";"2";"3";"Avenue Winston Churchill";"48,75260000";"2,45494000"
"202300051610";"1";"04";"2023";"01:20";"5";"973";"97307";"2";"3";"1";"3";"RN 2";"4,87615300";" -52,33723600"
"202300051611";"18";"08";"2023";"19:45";"1";"33";"33063";"1";"1";"1";"4";"ROCADE A 630";"44,88393131";" -0,55744886"
"202300051612";"2";"12";"2023";"19:00";"2";"02";"02520";"1";"1";"9";"1";"N/A";"49,30316000";"3,58939600"
"202300051613";"9";"05";"2023";"16:45";"1";"94";"94054";"2";"7";"2";"6";"Rue du Four";"48,74283125";"2,39830282"
"202300051614";"24";"08";"2023";"19:25";"1";"59";"59401";"1";"1";"3";"6";"AUTOROUTE A25";"50,74929000";"2,66804000"
"202300051615";"28";"10";"2023";"21:30";"3";"94";"94073";"1";"1";"2";"5";"Avenue de Fontainebleau";"48,75888000";"2,36864000"
"202300051616";"17";"07";"2023";"01:25";"3";"21";"21054";"1";"1";"1";"2";"Autoroute A6, PK 305+700, sens Lyon/Paris";"47,00797100";"4,86386100"
"202300051617";"12";"06";"2023";"16:20";"1";"92";"92051";"2";"1";"1";"4";"CHARLES DE GAULLE (AVENUE, N° 18 A 116)";"48,88119000";"2,27135000"
"202300051618";"9";"05";"2023";"12:45";"1";"94";"94017";"2";"1";"2";"6";"Avenue Marx Dormoy";"48,80636000";"2,52762000"
"202300051619";"28";"10";"2023";"09:40";"1";"94";"94054";"2";"1";"2";"6";"Rue du Docteur Calmette";"48,74702500";"2,40976100"
"202300051620";"31";"03";"2023";"10:00";"1";"44";"44094";"1";"1";"6";"7";"N/A";"47,32379800";" -1,40628000"
"202300051621";"26";"08";"2023";"12:15";"1";"91";"91037";"1";"1";"1";"3";"AUTOROUTE A6";"48,53193000";"2,50115000"
"202300051622";"17";"07";"2023";"20:10";"1";"13";"13114";"1";"1";"1";"7";"D65";"43,53638300";"5,27710700"
"202300051623";"9";"05";"2023";"17:56";"1";"94";"94071";"2";"1";"8";"3";"Route de Bonneuil";"48,77152465";"2,50365785"
"202300051624";"1";"04";"2023";"03:00";"5";"987";"98715";"2";"1";"1";"7";"aratia nelson mandela, Auae, en face de la station mobil direction Punaauia Papeete";" -17,54673400";" -149,59030500"
"202300051625";"28";"10";"2023";"12:15";"1";"94";"94053";"2";"1";"2";"1";"Rue du Général de Gaulle";"48,77667000";"2,54111000"
"202300051626";"25";"08";"2023";"07:05";"1";"94";"94076";"1";"1";"8";"3";"A6B";"48,79144268";"2,34467388"
"202300051627";"12";"06";"2023";"22:50";"2";"92";"92050";"2";"2";"1";"3";"PREMIER MAI RUE DU";"48,90985168";"2,21563697"
"202300051628";"2";"12";"2023";"17:40";"3";"01";"01258";"1";"4";"9";"2";"Route de Châtillon";"46,09629000";"4,82230900"
"202300051629";"15";"07";"2023";"10:15";"1";"11";"11145";"1";"1";"1";"7";"N/A";"43,23306458";"3,13271769"
"202300051630";"25";"08";"2023";"01:45";"3";"91";"91377";"1";"1";"1";"6";"AUTOROUTE A10";"48,72566500";"2,30083500"
"202300051631";"31";"03";"2023";"17:15";"1";"06";"06149";"1";"9";"1";"6";"A500 PK 000+500";"43,74499900";"7,37195500"
"202300051632";"9";"05";"2023";"18:00";"1";"93";"93073";"2";"2";"1";"3";"Rue d'Alsace / Avenue Roger Salengro";"48,94292000";"2,57694000"
"202300051633";"2";"12";"2023";"18:40";"3";"26";"26213";"1";"1";"1";"1";"D139";"45,29731700";"4,99488500"
"202300051634";"28";"10";"2023";"11:10";"1";"93";"93071";"2";"2";"1";"1";"Boulevard Westinghouse / Allee Henri IV";"48,92769000";"2,51933000"
"202300051635";"9";"06";"2023";"22:45";"5";"92";"92040";"2";"1";"1";"3";"GALLIENI (BOULEVARD)";"48,82630416";"2,26768792"
"202300051636";"15";"07";"2023";"07:50";"1";"987";"98712";"2";"1";"1";"2";"PK 4.2";" -17,27900000";" -149,54200000"
"202300051637";"29";"09";"2023";"05:20";"2";"987";"98734";"2";"1";"1";"2";"Pk 39";" -17,75915000";" -149,48281300"
"202300051638";"26";"08";"2023";"16:30";"1";"92";"92072";"1";"1";"1";"2";"N118";"48,82786747";"2,22509801"
"202300051639";"28";"03";"2023";"16:45";"1";"987";"98722";"1";"1";"1";"5";"RT2 PK 23.900 à TIAREI";" -17,59200000";" -149,39100000"
"202300051640";"12";"06";"2023";"17:50";"1";"92";"92036";"2";"1";"1";"6";"MARCEL PAUL (AVENUE) (1/103)";"48,94084600";"2,30357100"
"202300051641";"16";"07";"2023";"02:30";"3";"988";"98815";"1";"1";"1";"6";"Taweinedr (Tribu)";" -21,48450000";"168,09567000"
"202300051642";"28";"10";"2023";"07:00";"5";"93";"93050";"2";"1";"8";"3";"Rue Paul et Camille Thomoux";"48,87259000";"2,52963000"
"202300051643";"28";"09";"2023";"17:15";"1";"68";"68375";"2";"5";"1";"3";"Rue du Château d'Eau";"47,79628000";"7,23456100"
"202300051644";"9";"05";"2023";"16:45";"1";"93";"93073";"2";"2";"8";"4";"Avenue du General Pouderoux / Rue Henri Farman";"48,96690000";"2,56800000"
"202300051645";"2";"12";"2023";"19:00";"3";"64";"64463";"1";"1";"1";"5";"Route de Laruns";"43,13870880";" -0,39968161"
"202300051646";"12";"06";"2023";"12:35";"1";"92";"92012";"2";"1";"1";"2";"GENERAL LECLERC (AVENUE DU) 1/33 - 2/58";"48,83151700";"2,23649800"
"202300051647";"28";"10";"2023";"16:17";"1";"93";"93031";"2";"1";"2";"3";"Avenue Galliéni";"48,96505700";"2,29964800"
"202300051648";"17";"07";"2023";"13:30";"1";"988";"98803";"1";"1";"1";"6";"RT1";" -21,58513000";"165,51843000"
"202300051649";"25";"08";"2023";"15:10";"1";"78";"78133";"1";"1";"1";"4";"A13";"48,89219100";"2,00885300"
"202300051650";"28";"09";"2023";"21:42";"4";"95";"95256";"1";"1";"1";"2";"N184";"49,05608800";"2,20390700"
"202300051651";"16";"07";"2023";"15:51";"1";"974";"97408";"1";"1";"3";"7";"Chemin Departemental 41";" -20,93048800";"55,35856200"
"202300051652";"31";"03";"2023";"19:15";"3";"971";"97119";"1";"1";"1";"2";"Gaschet";"16,39894700";" -61,50011900"
"202300051653";"9";"05";"2023";"10:40";"1";"95";"95527";"1";"9";"3";"3";"A1";"48,99716076";"2,51646459"
"202300051654";"3";"12";"2023";"09:40";"1";"43";"43190";"1";"1";"1";"5";"D15";"45,01760800";"3,99962400"
"202300051655";"12";"06";"2023";"17:20";"1";"92";"92002";"2";"6";"1";"1";"GENERAL DE GAULLE (PLACE DU)";"48,76378138";"2,30928808"
"202300051656";"24";"08";"2023";"11:56";"1";"92";"92047";"1";"1";"1";"7";"A13";"48,83243229";"2,15433619"
"202300051657";"28";"10";"2023";"09:00";"2";"93";"93010";"2";"2";"1";"1";"Avenue du 14 Juillet / Allée de Bougainville";"48,91585500";"2,49204283"
"202300051658";"29";"09";"2023";"14:25";"1";"973";"97309";"2";"1";"1";"5";"1741 Route de Montjoly";"4,92361685";" -52,28338972"
"202300051659";"9";"05";"2023";"17:45";"1";"93";"93066";"2";"2";"8";"6";"Rue Francis de Pressensé / Avenue du Stade de France";"48,91962000";"2,36151000"
"202300051660";"13";"06";"2023";"00:15";"3";"95";"95436";"1";"1";"1";"1";"D922";"49,12913700";"2,25810300"
"202300051661";"1";"04";"2023";"11:02";"1";"971";"97112";"2";"2";"1";"5";"D203";"15,88021400";" -61,31036300"
"202300051662";"17";"07";"2023";"01:00";"3";"973";"97312";"1";"1";"1";"5";"PK 84";"5,32882400";" -52,91444800"
"202300051663";"28";"10";"2023";"19:00";"4";"92";"92036";"2";"4";"3";"3";"VIEUX CHEMIN DE ST DENIS (AVENUE)";"48,93138761";"2,32044151"
"202300051664";"1";"12";"2023";"17:30";"5";"04";"04049";"2";"1";"3";"6";"Avenue du General de Gaulle";"44,09391700";"6,00979200"
"202300051665";"28";"09";"2023";"16:20";"1";"69";"69244";"2";"1";"1";"1";"28 Chemin Finat Duclos";"45,75844400";"4,75488100"
"202300051666";"9";"05";"2023";"10:10";"1";"93";"93039";"2";"1";"2";"6";"Quai de Seine";"48,93257006";"2,34049195"
"202300051667";"18";"08";"2023";"08:10";"1";"78";"78206";"1";"1";"1";"5";"A13";"48,94747000";"1,94710000"
"202300051668";"12";"06";"2023";"23:05";"4";"68";"68175";"1";"1";"1";"7";"D415 - PK 12+800";"48,14625600";"7,18574500"
"202300051669";"16";"07";"2023";"21:20";"3";"971";"97128";"1";"1";"1";"1";"Maudette";"16,22518200";" -61,40304900"