"Num_Acc";"jour";"mois";"an";"hrmn";"lum";"dep";"com";"agg";"int";"atm";"col";"adr";"lat";"long"
"202300051670";"31";"03";"2023";"21:00";"5";"37";"37011";"2";"6";"6";"3";"Rue Marcel Vignaud";"47,21143500";"0,17269100"
"202300051671";"28";"09";"2023";"17:35";"1";"17";"17175";"1";"1";"1";"1";"N/A";"45,55081200";" -0,36357900"
"202300051672";"9";"05";"2023";"06:30";"2";"93";"93066";"2";"1";"2";"3";"Rue Proudhon";"48,90650607";"2,36193792"
"202300051673";"28";"10";"2023";"19:18";"5";"92";"92062";"2";"3";"1";"3";"WALLACE (BD RICHARD) DU 2 AU 28 ET DU 1";"48,87957594";"2,24047579"
"202300051674";"2";"12";"2023";"17:45";"3";"85";"85169";"1";"1";"1";"1";"RD 2";"46,80254791";" -1,60031050"
"202300051675";"26";"08";"2023";"13:00";"1";"93";"93066";"1";"1";"1";"2";"AUTOROUTE A1";"48,92761238";"2,35729694"
"202300051676";"12";"06";"2023";"10:55";"1";"68";"68331";"2";"2";"1";"3";"8 Rue du Neuland";"48,04365500";"7,40941800"
"202300051677";"31";"03";"2023";"18:10";"1";"91";"91330";"2";"1";"2";"6";"Rue de la Roche Qui Tourne";"48,52049200";"2,25603300"
"202300051678";"13";"07";"2023";"16:15";"1";"971";"97112";"1";"3";"1";"3";"Lieu Dit la Treille";"15,90812100";" -61,30020300"
"202300051679";"28";"10";"2023";"17:55";"1";"92";"92040";"2";"1";"3";"6";"GENERAL LECLERC";"48,82511869";"2,27597885"
"202300051680";"29";"09";"2023";"03:35";"3";"57";"57155";"1";"1";"1";"2";"A4";"49,13681400";"6,41105900"
"202300051681";"3";"12";"2023";"11:20";"1";"87";"87192";"2";"4";"1";"1";"48 Avenue Saint Eloi";"45,75414000";"1,27789600"
"202300051682";"9";"05";"2023";"08:00";"1";"93";"93046";"2";"3";"2";"6";"Avenue Aristide Briand / Avenue de Sully";"48,91220000";"2,52149000"
"202300051683";"12";"06";"2023";"19:02";"1";"28";"28173";"1";"1";"1";"7";"D32";"48,46118300";"1,54292700"
"202300051684";"16";"07";"2023";"02:10";"3";"41";"41130";"1";"1";"1";"6";"D110";"47,76514700";"1,33696300"
"202300051685";"1";"04";"2023";"14:30";"1";"2B";"2B034";"1";"1";"1";"1";"rt30";"42,63986600";"9,00374100"
"202300051686";"28";"09";"2023";"23:35";"5";"31";"31254";"1";"1";"1";"6";"D916";"43,53696800";"1,51098500"
"202300051687";"2";"12";"2023";"16:20";"1";"30";"30138";"1";"6";"1";"3";"D40";"43,81012800";"4,24540000"
"202300051688";"9";"05";"2023";"13:30";"1";"93";"93046";"2";"1";"2";"1";"Allée Auguste Geneviève";"48,91519884";"2,54086451"
"202300051689";"27";"10";"2023";"17:31";"2";"92";"92012";"2";"2";"2";"1";"REINE (ROUTE DE LA) 82/FIN - 107TER/FIN";"48,84043811";"2,23162329"
"202300051690";"12";"06";"2023";"18:25";"2";"67";"67173";"1";"3";"7";"3";"RD 31";"48,63461800";"7,67564400"
"202300051691";"26";"08";"2023";"12:00";"1";"93";"93007";"1";"1";"1";"4";"AUTOROUTE A3";"48,94310661";"2,47773335"
"202300051692";"16";"03";"2023";"19:13";"3";"13";"13004";"1";"1";"1";"3";"Route des Saintes Maries de la Mer";"43,62175500";"4,50624000"
"202300051693";"22";"09";"2023";"18:30";"1";"69";"69235";"2";"3";"2";"6";"Route Départementale 386";"45,52670501";"4,86707686"
"202300051694";"31";"03";"2023";"22:43";"5";"51";"51250";"2";"1";"2";"6";"Place de l'Hotel de Ville";"49,30744800";"3,67986700"
"202300051695";"16";"07";"2023";"18:55";"1";"37";"37210";"1";"1";"1";"1";"RD751";"47,21155294";"0,34967999"
"202300051696";"8";"05";"2023";"12:45";"1";"93";"93008";"2";"3";"1";"3";"Avenue Paul Vaillant - Couturier / Rue Frantz Fanon";"48,90578000";"2,46589000"
"202300051697";"3";"12";"2023";"11:18";"1";"30";"30188";"1";"9";"1";"3";"N106";"44,01721419";"4,15292072"
"202300051698";"12";"06";"2023";"17:50";"1";"91";"91665";"2";"1";"1";"6";"Allée Jacques Tati";"48,66919900";"2,27050600"
"202300051699";"26";"08";"2023";"11:00";"1";"93";"93066";"1";"1";"1";"3";"AUTOROUTE A86";"48,92355906";"2,34263062"
"202300051700";"28";"10";"2023";"01:15";"5";"92";"92007";"2";"1";"8";"2";"LONGUET (RUE JEAN)";"48,80020000";"2,31446000"
"202300051701";"29";"09";"2023";"08:25";"1";"974";"97415";"1";"1";"1";"1";"N1a";" -21,03073400";"55,22547700"
"202300051702";"3";"12";"2023";"01:00";"3";"03";"03193";"1";"1";"2";"7";"Autoroute 71";"46,50983900";"2,62913300"
"202300051703";"14";"07";"2023";"21:45";"2";"77";"77367";"1";"2";"1";"3";"D146a3";"49,05227700";"2,98836200"
"202300051704";"1";"04";"2023";"10:50";"1";"73";"73285";"2";"1";"1";"6";"D1090 - RUE DE LA LIBERATION";"45,62414000";"6,79680200"
"202300051705";"7";"04";"2023";"16:40";"1";"93";"93001";"2";"2";"1";"3";"Avenue Victor Hugo / Rue Ferragus";"48,91435000";"2,38089000"
"202300051706";"25";"09";"2023";"18:05";"1";"60";"60350";"2";"2";"1";"3";"Rue du Plemont";"49,58745000";"2,84374200"
"202300051707";"25";"08";"2023";"12:50";"1";"95";"95256";"1";"1";"1";"5";"N184";"49,05527959";"2,20240474"
"202300051708";"29";"09";"2023";"14:00";"1";"973";"97308";"2";"3";"1";"3";"Rue Pierre Céron";"3,88742100";" -51,80219200"
"202300051709";"4";"06";"2023";"06:15";"2";"62";"62158";"1";"1";"1";"1";"D115";"50,28406800";"2,21370200"
"202300051710";"28";"10";"2023";"05:30";"5";"65";"65398";"1";"1";"1";"6";"567 Route de Luchon";"42,96128100";"0,63144800"
"202300051711";"1";"04";"2023";"08:19";"1";"38";"38026";"1";"1";"2";"5";"D65";"45,83403200";"5,32373400"
"202300051712";"25";"08";"2023";"10:30";"1";"93";"93053";"1";"1";"2";"7";"AUTOROUTE A103";"48,88716534";"2,47490084"
"202300051713";"16";"07";"2023";"19:00";"1";"84";"84092";"1";"9";"1";"6";"D 225";"43,97598600";"4,87375600"
"202300051714";"1";"12";"2023";"15:30";"1";"67";"67249";"1";"1";"1";"4";"A4";"48,74232700";"7,68726000"
"202300051715";"28";"09";"2023";"16:09";"1";"28";"28015";"1";"1";"1";"1";"D910";"48,50245600";"1,73599000"
"202300051716";"9";"05";"2023";"15:20";"1";"92";"92078";"2";"3";"2";"6";"VERDUN (AVENUE) (PAIRS 2 A 38)";"48,93550661";"2,33386785"
"202300051717";"29";"10";"2023";"03:55";"3";"14";"14226";"1";"1";"2";"6";"Route des Carreaux";"48,96060200";" -0,40589300"
"202300051718";"12";"06";"2023";"18:14";"1";"35";"35173";"1";"1";"1";"1";"D82";"48,20436804";" -1,69575423"
"202300051719";"31";"03";"2023";"21:55";"3";"69";"69163";"1";"1";"1";"2";"Route Départementale 306";"45,90694628";"4,73579900"
"202300051720";"16";"07";"2023";"19:00";"1";"84";"84054";"1";"1";"1";"7";"Chemin des Gypières";"43,96022500";"5,07911700"
"202300051721";"29";"09";"2023";"10:30";"1";"2A";"2A247";"1";"1";"1";"7";"D368";"41,61616400";"9,25969400"
"202300051722";"9";"05";"2023";"14:14";"1";"92";"92062";"2";"7";"2";"6";"JAURES (RUE JEAN) DU 114 AU 2";"48,88256000";"2,24003000"
"202300051723";"1";"04";"2023";"04:30";"5";"81";"81105";"2";"1";"1";"6";"Boulevard de la Casse";"43,76927300";"1,99979600"
"202300051724";"12";"06";"2023";"15:15";"1";"79";"79079";"1";"1";"1";"3";"";"46,94070400";" -0,85057000"
"202300051725";"26";"10";"2023";"13:45";"1";"62";"62461";"1";"1";"2";"5";"D928";"50,39947700";"2,04365000"
"202300051726";"27";"09";"2023";"08:55";"1";"13";"13086";"1";"1";"1";"6";"Allée de l?Huveaune";"43,33142100";"5,59933700"
"202300051727";"25";"08";"2023";"03:45";"3";"93";"93053";"1";"1";"1";"5";"AUTOROUTE A3";"48,88410000";"2,46326000"
"202300051728";"1";"12";"2023";"17:54";"3";"11";"11262";"1";"1";"2";"4";"Autoroute A9, PK 192.200, sens FRANCE / ESPAGNE";"43,16168700";"2,99201500"
"202300051729";"9";"03";"2023";"22:45";"3";"22";"22176";"1";"1";"6";"2";"D700";"48,45453100";" -2,79277000"
"202300051730";"17";"07";"2023";"17:30";"1";"83";"83065";"1";"3";"1";"3";"D61";"43,25092300";"6,59212900"
"202300051731";"9";"05";"2023";"14:00";"1";"92";"92050";"2";"2";"3";"3";"CLEMENCEAU GEORGES AVENUE N° PAIR";"48,88618000";"2,21381000"
"202300051732";"2";"01";"2023";"21:20";"5";"49";"49007";"2";"1";"1";"2";"CHAUMIN BOULEVARD";"47,45025000";" -0,55594000"
"202300051733";"13";"06";"2023";"12:40";"1";"80";"80568";"1";"2";"1";"3";"Rd 15";"49,79380200";"2,93407900"
"202300051734";"29";"09";"2023";"06:50";"2";"73";"73227";"1";"1";"1";"7";"D91A Route de la choulière";"45,42898124";"6,62967145"
"202300051735";"28";"10";"2023";"19:25";"3";"86";"86203";"1";"1";"8";"1";"D8";"46,32700900";"0,63126500"
"202300051736";"24";"08";"2023";"23:40";"3";"95";"95572";"1";"1";"1";"6";"A15";"49,02973000";"2,12580000"
"202300051737";"4";"01";"2023";"19:09";"5";"45";"45234";"2";"1";"2";"6";"7 Boulevard Saint-Euverte";"47,90185000";"1,91886000"
"202300051738";"14";"11";"2023";"12:00";"1";"971";"97117";"1";"1";"1";"6";"2051 Route de Chazeau";"16,29370600";" -61,43572400"
"202300051739";"17";"07";"2023";"19:00";"1";"83";"83063";"1";"1";"1";"3";"Route Départementale N°558";"43,29977771";"6,49106314"
"202300051740";"9";"05";"2023";"10:00";"1";"92";"92049";"2";"1";"2";"7";"JAURES AV. JEAN N°1 A 51 ET 2 A 50";"48,81605920";"2,31297880"
"202300051741";"12";"06";"2023";"18:25";"1";"89";"89076";"1";"1";"1";"6";"";"48,03188800";"3,66147300"
"202300051742";"17";"09";"2023";"16:10";"1";"07";"07245";"2";"1";"1";"6";"Chemin de Martinot";"45,07753800";"4,79923500"
"202300051743";"4";"01";"2023";"18:40";"5";"44";"44109";"2";"1";"2";"6";"33bis Rue Lamartine";"47,21657000";" -1,57850000"
"202300051744";"29";"10";"2023";"09:30";"1";"26";"26259";"1";"1";"1";"1";"Route Blanche";"45,15480600";"4,97588400"
"202300051745";"27";"05";"2023";"00:25";"3";"14";"14220";"2";"1";"1";"7";"51 Rue du Moulin Saint-laurent";"49,34367600";"0,07192900"
"202300051746";"2";"12";"2023";"22:10";"3";"83";"83068";"1";"1";"6";"1";"Route de Sainte Maxime";"43,27879900";"6,56772100"
"202300051747";"1";"04";"2023";"18:30";"1";"60";"60439";"1";"1";"2";"2";"D137";"49,31503700";"2,27370900"
"202300051748";"28";"09";"2023";"08:30";"1";"01";"01276";"2";"1";"1";"6";"Chemin des Moines";"45,82492535";"5,05920410"
"202300051749";"9";"05";"2023";"17:32";"1";"92";"92044";"2";"1";"1";"2";"PAUL VAILLANT-COUTURIER";"48,89736000";"2,29056000"
"202300051750";"3";"12";"2023";"13:25";"1";"83";"83029";"1";"1";"1";"7";"474 Route de Bagnols";"43,60334900";"6,74190400"
"202300051751";"30";"03";"2023";"18:10";"1";"83";"83137";"1";"1";"1";"6";"A50";"43,12630328";"5,90937562"
"202300051752";"29";"10";"2023";"07:15";"1";"38";"38238";"1";"1";"8";"1";"D502";"45,50412100";"4,99641900"
"202300051753";"12";"06";"2023";"12:34";"1";"49";"49374";"1";"1";"1";"3";"D952";"47,25749800";" -0,04406900"
"202300051754";"16";"07";"2023";"16:30";"1";"83";"83077";"1";"1";"1";"5";"D554";"43,29960999";"5,98472050"
"202300051755";"4";"01";"2023";"19:35";"5";"33";"33039";"2";"2";"1";"3";"Avenue Edouard Bourlaux";"44,78764000";" -0,56658000"
"202300051756";"16";"06";"2023";"20:45";"1";"42";"42207";"2";"1";"1";"2";"Rue Marc Seguin";"45,47396000";"4,51825000"
"202300051757";"9";"05";"2023";"09:26";"1";"92";"92044";"2";"1";"3";"3";"VIC. HUGO(RUE)001A067 ET002A078";"48,89290000";"2,30041000"
"202300051758";"25";"03";"2023";"08:30";"1";"69";"69091";"1";"1";"1";"3";"Autoroute 47 ";"45,58731000";"4,75718000"
"202300051759";"27";"10";"2023";"15:25";"1";"84";"84088";"1";"1";"1";"1";"723 Grande Route de Carpentras";"44,01603900";"5,05135600"
"202300051760";"3";"12";"2023";"15:40";"1";"13";"13042";"1";"1";"1";"1";"D2";"43,31284500";"5,66695000"
"202300051761";"26";"09";"2023";"17:40";"1";"46";"46015";"1";"4";"1";"3";"N122 Lieu dit veyre";"44,65916928";"2,12342173"
"202300051762";"3";"12";"2023";"06:00";"3";"57";"57631";"1";"1";"1";"6";"N61";"49,09978000";"7,03137900"
"202300051763";"16";"07";"2023";"21:23";"5";"06";"06099";"2";"1";"1";"6";"Planet";"43,95452600";"6,90828700"
"202300051764";"16";"06";"2023";"18:45";"1";"93";"93078";"2";"3";"1";"1";"Avenue de Montceleux / Avenue Nollet";"48,95130000";"2,53654000"
"202300051765";"9";"05";"2023";"07:40";"1";"92";"92044";"2";"2";"2";"6";"ARISTIDE BRIAND(RUE)1A49 ET 2A52";"48,89077000";"2,28433000"
"202300051766";"6";"06";"2023";"17:45";"1";"41";"41239";"2";"4";"1";"2";"Quai des Cochards";"47,26628900";"1,38226000"
"202300051767";"28";"09";"2023";"18:00";"1";"46";"46140";"1";"1";"1";"6";"Autoroute A20 - Sens 2 - PK 367";"44,40021700";"1,52123700"
"202300051768";"27";"10";"2023";"20:50";"5";"33";"33478";"2";"2";"2";"3";"Av du Mal de Lattre de Tassigny";"45,01119100";" -0,00161500"
"202300051769";"1";"12";"2023";"10:00";"1";"63";"63335";"1";"1";"2";"6";"RD 978";"45,54682702";"2,99061074"
"202300051770";"16";"07";"2023";"18:14";"1";"06";"06101";"1";"1";"1";"6";"D28";"43,95922800";"6,99568900"
"202300051771";"31";"03";"2023";"15:40";"1";"91";"91161";"1";"1";"1";"3";"AUTOROUTE A6";"48,71276000";"2,30816000"
"202300051772";"4";"01";"2023";"18:15";"5";"33";"33069";"2";"2";"1";"3";"Route du Médoc";"44,87422301";" -0,61859787"
"202300051773";"27";"09";"2023";"21:00";"3";"09";"09143";"1";"1";"1";"7";"D8";"42,78313000";"1,54463600"
"202300051774";"12";"06";"2023";"13:25";"1";"34";"34031";"1";"1";"1";"3";"RD137";"43,34908700";"3,42934400"
"202300051775";"8";"05";"2023";"21:35";"5";"92";"92036";"2";"3";"1";"6";"LAURENT CELY (AVENUE) (1/143)";"48,93159272";"2,30183154"
"202300051776";"10";"06";"2023";"02:00";"5";"93";"93055";"2";"1";"1";"3";"Avenue Jean Jaurès";"48,91013000";"2,39938000"
"202300051777";"29";"10";"2023";"08:35";"1";"06";"06161";"2";"1";"2";"1";"446 Avenue de la Grange Rimade";"43,66384400";"7,12126200"
"202300051778";"29";"06";"2023";"11:00";"1";"06";"06014";"1";"1";"2";"1";"D15";"43,83144700";"7,29784000"
"202300051779";"16";"02";"2023";"13:20";"1";"47";"47185";"1";"1";"1";"2";"cd 102";"44,46512000";"0,95229100"
"202300051780";"30";"03";"2023";"18:20";"1";"78";"78646";"1";"1";"1";"2";"RN12";"48,78916900";"2,13052500"
"202300051781";"4";"01";"2023";"19:45";"3";"29";"29254";"1";"1";"2";"2";"Rue de Kerélisa";"48,57205000";" -3,85408000"
"202300051782";"29";"09";"2023";"07:40";"2";"33";"33238";"1";"2";"1";"3";"Avenue de Cadaujac";"44,73438000";" -0,57948100"
"202300051783";"12";"06";"2023";"14:00";"1";"68";"68374";"1";"2";"7";"3";"D83";"48,08788200";"7,31471400"
"202300051784";"29";"10";"2023";"06:09";"1";"974";"97404";"2";"1";"1";"6";"166 Chemin Charbonnier";" -21,25516200";"55,36753600"
"202300051785";"2";"12";"2023";"14:35";"1";"38";"38348";"1";"1";"4";"5";"Route de Chambéry";"45,57439500";"5,33694700"
"202300051786";"11";"02";"2023";"14:45";"1";"22";"22030";"1";"1";"1";"7";"Hent Crec'h Yar";"48,70170500";" -3,37179300"
"202300051787";"16";"07";"2023";"16:50";"1";"05";"05077";"1";"1";"1";"3";"Route départementale 205T - PK 3+200";"44,70828600";"6,92434800"
"202300051788";"15";"06";"2023";"16:00";"1";"95";"95277";"1";"1";"1";"4";"A1";"48,97482404";"2,48930186"
"202300051789";"3";"01";"2023";"19:50";"5";"29";"29019";"2";"3";"2";"1";"rue de Quimper";"48,40097800";" -4,45067510"
"202300051790";"9";"05";"2023";"19:35";"1";"92";"92026";"2";"3";"2";"4";"VERDUN 1916 ( AVENUE DE )";"48,90133000";"2,26003000"
"202300051791";"28";"09";"2023";"13:55";"1";"33";"33312";"1";"1";"1";"2";"Route de Pauillac (Pont)";"44,96294600";" -0,62714300"
"202300051792";"30";"03";"2023";"08:20";"1";"78";"78090";"1";"1";"1";"5";"A13";"48,97044000";"1,88853000"
"202300051793";"12";"06";"2023";"18:30";"1";"35";"35162";"1";"1";"1";"3";"D15";"48,47168598";" -1,16227895"
"202300051794";"2";"12";"2023";"15:45";"1";"38";"38152";"2";"1";"4";"1";"Rd 1085 (Eclose)";"45,50879800";"5,30322100"
"202300051795";"7";"02";"2023";"06:00";"3";"25";"25321";"1";"1";"1";"1";"12 Route des Brenets";"47,06149800";"6,68470900"
"202300051796";"17";"07";"2023";"09:00";"1";"25";"25298";"1";"1";"1";"1";"RD 683 - PR 60+800";"47,33928100";"6,29947900"
"202300051797";"14";"06";"2023";"17:20";"1";"93";"93048";"1";"1";"1";"5";"AUTOROUTE A86";"48,86655000";"2,48147000"
"202300051798";"27";"09";"2023";"09:15";"1";"57";"57245";"2";"1";"1";"3";"70 Rue de la Forge";"49,43388700";"6,27860600"
"202300051799";"11";"06";"2023";"04:30";"3";"29";"29026";"1";"1";"1";"6";"D88";"48,21781000";" -4,05010900"
"202300051800";"2";"12";"2023";"17:20";"3";"38";"38152";"1";"1";"4";"6";"Rd 1085 (Eclose)";"45,48953200";"5,29515300"
"202300051801";"9";"05";"2023";"20:10";"1";"92";"92026";"2";"3";"1";"3";"HÔTEL DE VILLE (RUE)";"48,89394027";"2,25652456"
"202300051802";"2";"01";"2023";"18:08";"3";"27";"27681";"1";"1";"9";"2";"GISORS (ROUTE DE)";"49,11629933";"1,49533098"
"202300051803";"31";"03";"2023";"09:00";"1";"92";"92036";"1";"1";"2";"2";"AUTOROUTE A15";"48,94355783";"2,28738079"
"202300051804";"28";"10";"2023";"21:15";"3";"14";"14027";"1";"2";"8";"3";"1 Route de Chantepie";"48,96454000";" -0,66751600"
"202300051805";"23";"06";"2023";"18:00";"1";"67";"67282";"2";"1";"1";"6";"1 Rue Griesmatt";"48,61681700";"7,50336300"
"202300051806";"10";"06";"2023";"01:40";"3";"31";"31341";"1";"6";"1";"7";"D2";"43,71986680";"1,33060634"
"202300051807";"10";"05";"2023";"15:29";"1";"60";"60643";"1";"1";"1";"7";"D587";"49,57084323";"2,58010945"
"202300051808";"27";"09";"2023";"14:10";"1";"13";"13022";"1";"1";"1";"1";"A50-Sens Aubagne vers Toulon";"43,22547796";"5,58264618"
"202300051809";"16";"02";"2023";"16:55";"1";"01";"01263";"2";"3";"1";"3";"Chemin des Mûriers";"46,07688900";"4,76602800"
"202300051810";"23";"08";"2023";"16:30";"1";"974";"97416";"1";"1";"2";"2";"RN03";" -21,28980000";"55,51430000"
"202300051811";"23";"10";"2023";"09:13";"1";"58";"58193";"1";"1";"2";"3";"D241 - PK 1+500";"47,53739800";"2,88702200"
"202300051812";"17";"07";"2023";"11:20";"1";"73";"73280";"1";"1";"1";"6";"D926";"45,22699600";"6,21422800"
"202300051813";"29";"03";"2023";"19:10";"1";"95";"95277";"1";"1";"1";"2";"D170";"48,97466324";"2,48701930"
"202300051814";"2";"12";"2023";"06:45";"5";"69";"69009";"2";"9";"1";"3";"Route de Lyon";"45,93720600";"4,71776400"
"202300051815";"13";"06";"2023";"15:58";"1";"03";"03284";"1";"3";"1";"3";"D480";"46,39927800";"3,59776500"
"202300051816";"10";"05";"2023";"08:45";"1";"50";"50027";"1";"1";"2";"3";"D41";"48,69297900";" -1,44125800"
"202300051817";"28";"09";"2023";"16:10";"1";"77";"77251";"1";"9";"1";"3";"AUTOROUTE A5A";"48,61180150";"2,57095121"
"202300051818";"17";"02";"2023";"08:10";"1";"66";"66106";"1";"1";"1";"3";"";"42,49258100";"2,80231800"
"202300051819";"11";"06";"2023";"13:45";"1";"03";"03208";"1";"1";"1";"6";"44 Route du Donjon";"46,42106300";"3,90649300"
"202300051820";"2";"12";"2023";"19:20";"3";"40";"40277";"1";"1";"2";"6";"1095 Route de Peyrehorade";"43,66066500";" -1,04075400"
"202300051821";"29";"10";"2023";"16:40";"1";"06";"06064";"1";"1";"1";"1";"345 Avenue de la Tourre";"43,76366900";"7,19899800"
"202300051822";"16";"07";"2023";"16:45";"1";"73";"73228";"1";"1";"1";"6";"D1006";"45,53295129";"5,86389321"
"202300051823";"24";"08";"2023";"09:00";"1";"974";"97411";"2";"1";"1";"4";"CHAUDRON  (BLD 1 DU)";" -20,89665000";"55,49590000"
"202300051824";"4";"01";"2023";"12:25";"1";"25";"25462";"2";"1";"1";"3";"Rocade Georges Pompidou";"46,89582000";"6,36211000"
"202300051825";"8";"05";"2023";"15:30";"1";"33";"33106";"2";"7";"1";"7";"RD15";"44,56198800";" -0,15551400"
"202300051826";"29";"03";"2023";"18:45";"1";"95";"95572";"1";"1";"1";"2";"RN 184";"49,03385084";"2,11134575"
"202300051827";"29";"01";"2023";"22:15";"5";"72";"72359";"2";"1";"1";"6";"41 Rue des Rosiers";"48,12920000";"0,39658700"
"202300051828";"29";"10";"2023";"03:15";"4";"42";"42271";"1";"1";"1";"6";"Route de la Terrasse";"45,47452500";"4,58147000"
"202300051829";"3";"12";"2023";"20:50";"4";"29";"29042";"2";"1";"3";"6";"11 rue Alsace-Lorraine";"48,24605500";" -4,48985600"
"202300051830";"28";"09";"2023";"09:20";"1";"91";"91661";"1";"1";"1";"3";"AUTOROUTE A10";"48,69590000";"2,23616000"
"202300051831";"22";"08";"2023";"04:15";"3";"974";"97411";"2";"9";"9";"6";"JAURES (BLD 2 JEAN)";" -20,90069000";"55,48717000"
"202300051832";"10";"06";"2023";"12:15";"1";"01";"01266";"2";"3";"1";"3";"375 Rue des Luyers";"46,33276900";"5,12400600"
"202300051833";"17";"07";"2023";"08:45";"1";"42";"42304";"2";"1";"7";"6";"Boulevard Jean Moulin";"45,54198700";"4,18437500"
"202300051834";"4";"01";"2023";"19:30";"5";"22";"22278";"2";"1";"8";"3";"GOUEDIC (DE)";"48,50800000";" -2,75200000"
"202300051835";"31";"03";"2023";"17:30";"1";"94";"94017";"1";"1";"2";"2";"A4";"48,82671118";"2,52258828"
"202300051836";"28";"09";"2023";"05:50";"3";"92";"92002";"1";"1";"1";"3";"AUTOROUTE A10";"48,73281190";"2,31162697"
"202300051837";"13";"06";"2023";"12:45";"1";"01";"01319";"1";"1";"1";"6";"Route de Chatillon";"46,10250700";"4,95075400"
"202300051838";"5";"02";"2023";"11:45";"1";"05";"05017";"1";"2";"1";"3";"intersection RN94/D11";"44,56334900";"6,19691700"
"202300051839";"16";"07";"2023";"20:00";"2";"38";"38532";"1";"1";"1";"6";"D 65";"45,65679000";"5,28992800"
"202300051840";"10";"05";"2023";"15:10";"1";"76";"76055";"1";"1";"1";"4";"A29";"49,64128600";"0,73212500"
"202300051841";"4";"01";"2023";"19:00";"3";"17";"17461";"2";"6";"2";"3";"ANGLES (ROND POINT)";"45,64441700";" -1,05266700"
"202300051842";"20";"08";"2023";"12:15";"1";"974";"97411";"2";"6";"1";"3";"JAURES (BOULEVARD JEAN)";" -20,90000000";"55,48006000"
"202300051843";"2";"12";"2023";"17:40";"3";"76";"76464";"1";"1";"1";"6";"D491";"49,39861600";"1,23712100"
"202300051844";"31";"03";"2023";"13:00";"1";"94";"94017";"1";"1";"1";"6";"A4";"48,82671118";"2,52258828"
"202300051845";"27";"09";"2023";"18:00";"1";"93";"93008";"1";"1";"1";"3";"AUTOROUTE A86";"48,91311024";"2,43575960"
"202300051846";"10";"05";"2023";"03:20";"3";"71";"71305";"1";"1";"1";"6";"Autoroute A6, PK 369+500, sens Paris/Lyon";"46,46555800";"4,87943400"
"202300051847";"17";"07";"2023";"16:20";"1";"26";"26074";"1";"1";"1";"1";"D178";"44,94100300";"5,39074700"
"202300051848";"24";"08";"2023";"10:00";"1";"974";"97407";"2";"1";"1";"6";"14 JUILLET 1789(AVENUE DU)";" -20,93226000";"55,29447000"
"202300051849";"28";"10";"2023";"20:00";"5";"30";"30217";"2";"1";"1";"1";"D111";"43,95955000";"4,73432400"
"202300051850";"3";"12";"2023";"02:16";"3";"02";"02697";"1";"1";"9";"6";"Route de Laon";"49,59511400";"3,76277400"
"202300051851";"13";"06";"2023";"18:30";"1";"54";"54059";"1";"1";"1";"6";"D44a";"48,83249215";"6,15950649"
"202300051852";"31";"03";"2023";"01:55";"3";"77";"77373";"1";"1";"3";"6";"RN104";"48,76517721";"2,61466006"
"202300051853";"4";"01";"2023";"08:15";"5";"14";"14118";"2";"1";"2";"6";"51 Rue de Geôle";"49,18509400";" -0,36354100"
"202300051854";"28";"09";"2023";"22:32";"3";"94";"94011";"1";"1";"1";"6";"N19";"48,76289194";"2,49463919"
"202300051855";"10";"05";"2023";"15:00";"1";"23";"23154";"1";"1";"2";"7";"Petite Baleyte";"46,13061600";"2,02373700"
"202300051856";"24";"08";"2023";"10:40";"1";"69";"69383";"2";"9";"1";"6";"31 Avenue Georges Pompidou";"45,75932332";"4,86680877"
"202300051857";"15";"07";"2023";"14:30";"1";"01";"01211";"1";"1";"1";"6";"D22";"46,13053000";"5,19141700"
"202300051858";"6";"06";"2023";"07:00";"1";"06";"06086";"1";"1";"1";"6";"Route de Sospel";"43,92780400";"7,41403300"
"202300051859";"1";"12";"2023";"18:58";"5";"59";"59092";"2";"1";"1";"6";"59 Rue Léon Piérard";"50,28369200";"3,31759000"
"202300051860";"9";"05";"2023";"18:00";"1";"63";"63248";"1";"1";"2";"6";"Quatre route de NEBOUZAT RD 2089";"45,72462862";"2,89651483"
"202300051861";"4";"01";"2023";"13:10";"1";"13";"13210";"2";"9";"1";"3";"PONT DE VIVAUX (BOULEVARD)";"43,28003222";"5,41905453"
"202300051862";"27";"10";"2023";"21:20";"3";"22";"22391";"1";"2";"3";"1";"La Rabine";"48,37247300";" -2,14828300"
"202300051863";"27";"09";"2023";"07:40";"1";"94";"94046";"1";"1";"1";"3";"A86";"48,80856288";"2,44905786"
"202300051864";"14";"07";"2023";"05:30";"3";"86";"86297";"1";"1";"1";"7";"D12";"46,60658500";"0,26869300"
"202300051865";"24";"08";"2023";"16:32";"1";"972";"97213";"1";"1";"1";"2";"AUTOROUTE A1";"14,61804000";" -61,02749000"
"202300051866";"30";"03";"2023";"22:15";"4";"94";"94018";"1";"1";"2";"2";"A4";"48,82320034";"2,39580432"
"202300051867";"12";"06";"2023";"16:55";"1";"50";"50417";"2";"1";"7";"1";"rue du stade";"49,59194100";" -1,29875800"
"202300051868";"4";"01";"2023";"10:45";"1";"13";"13205";"2";"1";"1";"7";"SAKAKINI (BOULEVARD)";"43,29499000";"5,40117000"
"202300051869";"1";"12";"2023";"20:00";"5";"13";"13210";"1";"1";"1";"2";"A50-Sens Marseille vers Aubagne";"43,28500000";"5,42190000"