"Num_Acc";"jour";"mois";"an";"hrmn";"lum";"dep";"com";"agg";"int";"atm";"col";"adr";"lat";"long"
"202300052266";"4";"01";"2023";"15:40";"1";"51";"51515";"1";"1";"2";"7";"A4";"49,03601100";"4,61348500"
"202300052267";"14";"02";"2023";"13:00";"1";"75";"75108";"2";"2";"1";"3";"RUE DE COURCELLES";"48,87637300";"2,30791200"
"202300052268";"22";"08";"2023";"10:01";"1";"14";"14366";"2";"3";"1";"6";"103 Avenue du 6 Juin";"49,14153800";"0,21360300"
"202300052269";"23";"09";"2023";"17:30";"1";"31";"31555";"2";"9";"1";"3";"AV PAUL SEJOURNE";"43,60582600";"1,42813951"
"202300052270";"15";"07";"2023";"10:20";"1";"971";"97101";"2";"6";"1";"6";"ROND POINT IGNACE";"16,24301010";" -61,53085113"
"202300052271";"30";"03";"2023";"07:50";"1";"44";"44143";"2";"1";"1";"6";"Boulevard du Général de Gaulle";"47,19242100";" -1,55477330"
"202300052272";"11";"06";"2023";"16:45";"1";"69";"69383";"2";"1";"1";"6";"134 Avenue Lacassagne";"45,74658000";"4,88526000"
"202300052273";"1";"12";"2023";"17:10";"2";"69";"69266";"2";"1";"2";"2";"60 Rue Lucette et René Desgrand";"45,78558000";"4,90454000"
"202300052274";"15";"07";"2023";"01:30";"5";"971";"97113";"1";"1";"1";"6";"RN4 - SECTION RIVIERA";"16,21793000";" -61,49851000"
"202300052275";"27";"09";"2023";"07:45";"1";"31";"31555";"2";"1";"1";"3";"ETROITS (CHE DES) DU 1AU 159";"43,56600000";"1,43987000"
"202300052276";"9";"05";"2023";"12:10";"1";"49";"49194";"1";"2";"8";"3";"Route de la Roche";"47,47274300";" -0,28235100"
"202300052277";"5";"01";"2023";"08:50";"1";"14";"14269";"1";"1";"2";"5";"459 Route de Blangy-le-Château";"49,25047900";"0,22600100"
"202300052278";"1";"12";"2023";"13:50";"1";"69";"69264";"2";"6";"2";"7";"Rue Francois Meunier Vial";"45,99363000";"4,73438000"
"202300052279";"15";"02";"2023";"07:30";"2";"75";"75107";"2";"2";"1";"3";"BOULEVARD RASPAIL";"48,85450000";"2,32579800"
"202300052280";"24";"08";"2023";"00:45";"5";"14";"14118";"2";"8";"1";"3";"30 Place de la Liberté";"49,16143000";" -0,34232000"
"202300052281";"10";"06";"2023";"21:20";"4";"972";"97213";"1";"1";"1";"6";"ROUTE DEPARTEMENTALE 3";"14,63901000";" -60,99186000"
"202300052282";"9";"05";"2023";"23:00";"3";"49";"49138";"1";"1";"1";"7";"D61";"47,50691800";" -0,22151800"
"202300052283";"15";"07";"2023";"18:35";"1";"2A";"2A004";"1";"6";"1";"3";"CAMPO DELL ORO RTE";"41,92725800";"8,77870000"
"202300052284";"29";"11";"2023";"16:00";"2";"69";"69271";"2";"1";"1";"3";"Chemin de Décines";"45,74677817";"4,97348123"
"202300052285";"11";"06";"2023";"19:57";"1";"69";"69384";"2";"2";"1";"3";"Rue Jean Jullien";"45,78094000";"4,83659000"
"202300052286";"14";"02";"2023";"13:52";"1";"75";"75107";"2";"2";"1";"6";"PONT DE L ALMA";"48,86243300";"2,30158700"
"202300052287";"24";"08";"2023";"08:15";"1";"13";"13117";"1";"4";"1";"2";"CD20 E";"43,42435000";"5,23948000"
"202300052288";"29";"03";"2023";"20:00";"1";"37";"37261";"2";"2";"1";"3";"VAILLANT (RUE EDOUARD)";"47,38075000";"0,70746000"
"202300052289";"9";"05";"2023";"16:50";"1";"50";"50492";"1";"3";"1";"3";"lieu-dit Vaulaville - Précorbin";"49,07468100";" -0,98484300"
"202300052290";"2";"01";"2023";"18:31";"3";"45";"45093";"1";"1";"2";"2";"A10 PR 82 + 782";"48,04116600";"1,84041100"
"202300052291";"1";"12";"2023";"17:10";"5";"67";"67482";"2";"3";"2";"6";"LOUIS PASTEUR (QUAI)";"48,57440000";"7,73826000"
"202300052292";"15";"07";"2023";"21:54";"1";"95";"95585";"2";"6";"1";"3";"D125";"48,98848777";"2,37789631"
"202300052293";"11";"06";"2023";"13:35";"1";"69";"69382";"2";"2";"1";"3";"Rue de la Charité";"45,75464000";"4,83245000"
"202300052294";"14";"02";"2023";"12:34";"1";"75";"75103";"2";"4";"1";"3";"RUE DU TEMPLE";"48,86671100";"2,36177800"
"202300052295";"30";"03";"2023";"12:45";"1";"35";"35115";"2";"1";"2";"2";"COINTAT (BD MICHEL)";"48,34455000";" -1,17907000"
"202300052296";"19";"08";"2023";"18:40";"1";"13";"13213";"2";"1";"1";"6";"PEYPIN (RUE DE)";"43,32644000";"5,42150000"
"202300052297";"1";"12";"2023";"08:10";"1";"66";"66136";"1";"1";"1";"2";"Départementale  617";"42,70282000";"2,94110000"
"202300052298";"27";"09";"2023";"08:00";"1";"18";"18205";"1";"1";"1";"5";"N/A";"47,08909000";"2,34965000"
"202300052299";"29";"03";"2023";"16:50";"1";"34";"34172";"2";"6";"1";"7";"646 Rue des Quatre Vents";"43,64488000";"3,85263000"
"202300052300";"11";"06";"2023";"16:30";"1";"2A";"2A004";"2";"3";"1";"3";"PRINCE IMPERIAL COURS";"41,93410000";"8,75074000"
"202300052301";"15";"07";"2023";"20:55";"1";"91";"91589";"2";"1";"1";"1";"PL DE LA GARE";"48,67668000";"2,35230000"
"202300052302";"23";"08";"2023";"09:20";"1";"12";"12089";"2";"1";"1";"1";"ALFARIC PROSPER (AVENUE)";"44,57324000";"2,25335000"
"202300052303";"30";"11";"2023";"17:15";"1";"66";"66136";"2";"1";"1";"3";"Avenue Paul Gauguin";"42,71517000";"2,89395000"
"202300052304";"15";"02";"2023";"15:45";"1";"94";"94081";"2";"2";"1";"6";"Rue Verte / Avenue du Colonel Fabien";"48,78255000";"2,38087000"
"202300052305";"8";"05";"2023";"14:16";"1";"13";"13215";"1";"1";"1";"3";"A7-Sens Lyon vers Marseille";"43,36340000";"5,36080000"
"202300052306";"4";"01";"2023";"14:00";"1";"988";"98832";"1";"1";"3";"1";"RP3";" -22,15246000";"166,83146000"
"202300052307";"26";"09";"2023";"22:46";"3";"18";"18033";"1";"1";"1";"3";"N/A";"47,04028000";"2,35302000"
"202300052308";"30";"03";"2023";"09:50";"1";"31";"31555";"2";"1";"1";"6";"RUE ERNEST RENAN";"43,63514595";"1,44382507"
"202300052309";"1";"12";"2023";"19:19";"5";"65";"65440";"2";"1";"3";"6";"LACAUSSADE (BOULEVARD)";"43,23569000";"0,05495000"
"202300052310";"11";"06";"2023";"16:25";"1";"95";"95555";"2";"1";"2";"2";"D14";"48,96280490";"2,29210317"
"202300052311";"23";"08";"2023";"17:10";"1";"09";"09225";"2";"1";"1";"6";"CAPITAINE TOURNISSA AVENUE DU";"43,10765000";"1,62306000"
"202300052312";"15";"02";"2023";"13:02";"1";"94";"94081";"2";"2";"1";"3";"Avenue Youri Gagarine / Rue de la Petite Saussaie";"48,78611000";"2,39184000"
"202300052313";"4";"01";"2023";"08:20";"1";"988";"98833";"1";"1";"1";"7";"RPN3";" -21,41454900";"165,82408500"
"202300052314";"15";"07";"2023";"20:20";"1";"78";"78238";"1";"1";"1";"2";"CD 14";"48,97268000";"1,87871000"
"202300052315";"30";"03";"2023";"00:39";"3";"31";"31555";"1";"1";"1";"6";"VA007644 EMPALOT A620 Sortie 24";"43,57500000";"1,44084000"
"202300052316";"11";"06";"2023";"02:29";"5";"91";"91589";"2";"1";"1";"7";"AV GABRIEL PERI";"48,69003000";"2,35279000"
"202300052317";"27";"09";"2023";"20:30";"4";"17";"17415";"2";"1";"1";"3";"CASTAGNARY ALLEE";"45,74123700";" -0,63946500"
"202300052318";"15";"02";"2023";"18:20";"2";"94";"94078";"2";"1";"1";"6";"Av du Pdt J Fitzgerald Kennedy";"48,73446800";"2,46368100"
"202300052319";"19";"08";"2023";"14:20";"1";"07";"07281";"1";"1";"1";"7";"C.D.533";"44,92784000";"4,79947000"
"202300052320";"15";"07";"2023";"17:45";"1";"77";"77083";"1";"6";"1";"6";"VC";"48,85112582";"2,59281627"
"202300052321";"30";"11";"2023";"07:45";"3";"65";"65286";"1";"3";"2";"3";"N21 route de Tarbes";"43,11603000";" -0,03287000"
"202300052322";"30";"03";"2023";"06:20";"5";"31";"31483";"2";"1";"1";"6";"FOCH (AVENUE DU MARECHAL)";"43,10457000";"0,71309700"
"202300052323";"10";"06";"2023";"14:41";"1";"74";"74218";"1";"1";"1";"6";"BENNAZ (RUE DE LA)";"46,37830000";"6,54562000"
"202300052324";"5";"01";"2023";"06:10";"3";"971";"97114";"1";"1";"1";"5";"Christophe Ouest";"16,11076100";" -61,57324100"
"202300052325";"27";"09";"2023";"20:12";"5";"17";"17300";"2";"1";"1";"3";"MONGE   RUE GASPARD";"46,15400000";" -1,11800000"
"202300052326";"14";"02";"2023";"22:30";"5";"94";"94074";"2";"1";"1";"3";"Avenue Henri Barbusse";"48,76218755";"2,44248444"
"202300052327";"16";"07";"2023";"00:50";"5";"69";"69259";"2";"1";"3";"3";"Boulevard Irène Joliot Curie";"45,71922000";"4,87550000"
"202300052328";"11";"06";"2023";"02:20";"5";"69";"69266";"2";"1";"1";"6";"Avenue Roger Salengro";"45,78062000";"4,88380000"
"202300052329";"11";"08";"2023";"20:15";"1";"06";"06069";"2";"1";"1";"3";"CHENES (CHEMIN DES)";"43,64115000";"6,91501000"
"202300052330";"28";"03";"2023";"12:00";"1";"30";"30007";"2";"3";"1";"3";"N/A";"44,10101000";"4,07131000"
"202300052331";"27";"09";"2023";"21:50";"5";"13";"13211";"1";"1";"1";"6";"RTE D' ALLAUCH";"43,31096000";"5,49994000"
"202300052332";"15";"02";"2023";"00:46";"3";"94";"94042";"2";"2";"1";"6";"Quai du Barrage";"48,81765500";"2,46833400"
"202300052333";"1";"12";"2023";"17:56";"5";"63";"63300";"2";"1";"2";"4";"ROCADE RD 446";"45,90301000";"3,10019000"
"202300052334";"3";"01";"2023";"17:40";"5";"21";"21515";"2";"1";"2";"6";"Avenue de Bourgogne";"47,31066400";"5,10611600"
"202300052335";"9";"06";"2023";"19:25";"2";"69";"69199";"2";"3";"1";"6";"57 Avenue Jean Jaurès";"45,71097000";"4,85510000"
"202300052336";"15";"07";"2023";"19:05";"1";"65";"65440";"2";"2";"8";"3";"Boulevard Lacaussade";"43,23155000";"0,05468000"
"202300052337";"24";"08";"2023";"16:30";"1";"06";"06004";"2";"2";"1";"3";"GREC AV.JULES";"43,58839800";"7,11860000"
"202300052338";"29";"03";"2023";"10:05";"1";"29";"29019";"2";"2";"1";"3";"rue du Guelmeur";"48,39287000";" -4,46212000"
"202300052339";"27";"09";"2023";"17:30";"1";"13";"13210";"2";"1";"1";"3";"PAUL CLAUDEL (BOULEVARD)";"43,26867000";"5,41965000"
"202300052340";"1";"12";"2023";"14:05";"1";"62";"62040";"2";"9";"1";"3";"Avenue Georges Brassens";"50,73694000";"2,28077000"
"202300052341";"14";"02";"2023";"15:30";"1";"94";"94028";"1";"3";"1";"2";"Avenue du Maréchal Foch / A86";"48,77795000";"2,43841000"
"202300052342";"15";"07";"2023";"23:55";"5";"64";"64024";"2";"1";"1";"7";"BAYONNE (AVENUE DE)";"43,48229000";" -1,50706000"
"202300052343";"4";"01";"2023";"23:50";"3";"29";"29071";"1";"1";"2";"1";"D222";"47,93169900";" -3,43213300"
"202300052344";"24";"11";"2023";"13:40";"1";"62";"62427";"2";"9";"8";"7";"Boulevard Ferdinand de Lesseps";"50,40753507";"2,95495087"
"202300052345";"13";"02";"2023";"17:50";"1";"94";"94022";"2";"1";"1";"1";"Avenue de Lugo";"48,77255000";"2,40942000"
"202300052346";"27";"09";"2023";"17:40";"1";"13";"13204";"2";"1";"1";"6";"SEBASTOPOL (PLACE)";"43,29884000";"5,39811000"
"202300052347";"15";"07";"2023";"16:10";"1";"64";"64102";"2";"1";"2";"6";"GENIE (PONT DU)";"43,48788000";" -1,47479000"
"202300052348";"29";"03";"2023";"08:25";"1";"29";"29019";"2";"2";"1";"3";"boulevard de l'Europe";"48,41617500";" -4,46837700"
"202300052349";"24";"08";"2023";"17:20";"1";"75";"75119";"2";"1";"1";"2";"PORTE D AUBERVILLIERS";"48,90060600";"2,37393300"
"202300052350";"10";"06";"2023";"16:25";"1";"65";"65440";"2";"2";"1";"1";"CARNOT (RUE)";"43,22403500";"0,06977700"
"202300052351";"5";"01";"2023";"12:54";"1";"45";"45051";"1";"1";"2";"1";"D952 PK 36 + 55";"47,83376659";"2,36233431"
"202300052352";"14";"02";"2023";"18:35";"5";"94";"94018";"2";"2";"1";"6";"Rue des Bordeaux";"48,82231000";"2,41065000"
"202300052353";"30";"03";"2023";"13:45";"1";"28";"28134";"2";"1";"1";"6";"ITALIE (PLACE D')";"48,73680000";"1,34886000"
"202300052354";"22";"09";"2023";"09:00";"1";"13";"13210";"2";"3";"1";"3";"PONT DE VIVAUX (BOULEVARD)";"43,28065000";"5,42077000"
"202300052355";"15";"07";"2023";"12:13";"1";"61";"61143";"2";"3";"7";"3";"D204";"48,44714000";"0,07784000"
"202300052356";"24";"08";"2023";"17:05";"1";"75";"75120";"2";"2";"1";"6";"RUE DE MENILMONTANT";"48,86912400";"2,39146000"
"202300052357";"24";"03";"2023";"10:45";"1";"27";"27681";"2";"6";"1";"6";"MONT VERNON (ROND POINT)";"49,09713000";"1,48936000"
"202300052358";"15";"02";"2023";"21:00";"5";"93";"93066";"2";"1";"1";"3";"Rue Danielle Casanova";"48,92969400";"2,35960900"
"202300052359";"1";"12";"2023";"18:00";"5";"59";"59426";"2";"1";"1";"4";"SCHUMAN (RUE ROBERT)";"50,74878000";"3,14437000"
"202300052360";"4";"01";"2023";"14:35";"1";"77";"77476";"1";"1";"2";"1";"D401";"49,04128200";"2,95588400"
"202300052361";"15";"07";"2023";"16:04";"1";"59";"59599";"2";"1";"8";"3";"GAMBETTA (BOULEVARD)";"50,70941000";"3,15990000"
"202300052362";"26";"09";"2023";"01:00";"5";"13";"13202";"2";"2";"1";"7";"MONTOLIEU (RUE)";"43,30316000";"5,37342000"
"202300052363";"15";"02";"2023";"06:25";"2";"93";"93066";"2";"1";"1";"3";"Avenue du Président Wilson";"48,91334908";"2,35750213"
"202300052364";"11";"06";"2023";"18:20";"1";"49";"49007";"2";"3";"1";"3";"BEAUSSIER BOULEVARD";"47,46933000";" -0,60216000"
"202300052365";"24";"08";"2023";"14:50";"1";"75";"75120";"2";"2";"2";"3";"RUE DES PYRENEES";"48,86323000";"2,39973000"
"202300052366";"15";"07";"2023";"19:10";"1";"59";"59350";"2";"1";"1";"6";"JUSSIEU RUE";"50,61733000";"3,06145000"
"202300052367";"1";"12";"2023";"18:30";"5";"59";"59650";"2";"1";"1";"5";"Rue Vallon";"50,70907000";"3,21932000"
"202300052368";"4";"01";"2023";"09:00";"2";"95";"95658";"1";"1";"2";"1";"D14";"49,07850905";"1,94181740"
"202300052369";"27";"09";"2023";"18:25";"1";"13";"13001";"1";"2";"1";"6";"ST SIMON (CH DE)";"43,60293000";"5,42575000"
"202300052370";"15";"02";"2023";"10:00";"1";"93";"93050";"2";"2";"1";"3";"Boulevard Louis Armand / Rue Louis Vannini";"48,86490100";"2,52028200"
"202300052371";"9";"06";"2023";"17:45";"1";"48";"48095";"1";"1";"3";"1";"RN 88 (ROUTE DU PUY)";"44,53673500";"3,53047907"
"202300052372";"15";"07";"2023";"11:40";"1";"56";"56121";"2";"3";"1";"2";"MULLER ( DU COLONEL JEAN )";"47,76811964";" -3,40439736"
"202300052373";"30";"03";"2023";"21:30";"5";"25";"25056";"2";"1";"1";"7";"ARENES RUE D'";"47,23985000";"6,01939000"
"202300052374";"15";"02";"2023";"12:10";"1";"93";"93048";"2";"2";"1";"3";"Avenue de la Résistance / Rue Hoche";"48,86415000";"2,43597000"
"202300052375";"24";"08";"2023";"10:20";"1";"75";"75120";"2";"2";"1";"3";"RUE DES PYRENEES";"48,85763400";"2,40391700"
"202300052376";"4";"01";"2023";"07:30";"3";"11";"11099";"1";"1";"5";"7";"";"43,28239200";"2,35995800"
"202300052377";"15";"07";"2023";"00:50";"3";"54";"54528";"2";"1";"1";"6";"Boulevard de Pinteville";"48,67402000";"5,88333000"
"202300052378";"25";"09";"2023";"09:15";"1";"12";"12083";"2";"3";"7";"6";"19 MARS 1962 (DU)";"44,52668000";"2,26816000"
"202300052379";"1";"12";"2023";"21:45";"5";"59";"59350";"2";"3";"1";"3";"BERTEAUX MAURICE RUE";"50,62226000";"3,09653000"
"202300052380";"11";"06";"2023";"21:05";"1";"44";"44184";"2";"2";"1";"3";"82 Boulevard Pierre de Maupertuis";"47,28072279";" -2,22984776"
"202300052381";"15";"02";"2023";"14:30";"1";"93";"93006";"2";"1";"1";"2";"48bis Rue Charles Delescluze";"48,86724725";"2,42450505"
"202300052382";"30";"03";"2023";"13:35";"1";"21";"21054";"2";"2";"1";"3";"FERRY (BOULEVARD JULES)";"47,02379000";"4,84424800"
"202300052383";"11";"06";"2023";"21:45";"5";"43";"43157";"2";"1";"3";"7";"Boulevard de Cluny";"45,04926000";"3,89046000"
"202300052384";"17";"06";"2023";"15:00";"1";"75";"75120";"2";"3";"1";"1";"RUE BELGRAND";"48,86462500";"2,40564800"
"202300052385";"15";"07";"2023";"22:40";"3";"54";"54431";"2";"2";"2";"3";"Rue Fabvier";"48,90413000";"6,05236000"
"202300052386";"27";"09";"2023";"06:46";"2";"06";"06088";"2";"2";"1";"3";"DIGUE DES FRANCAIS (TRAV. DE LA)";"43,67679000";"7,20141000"
"202300052387";"30";"11";"2023";"17:15";"2";"57";"57606";"2";"1";"8";"6";"FOCH (RUE DU MARECHAL)";"49,10320400";"6,69969300"
"202300052388";"5";"01";"2023";"16:00";"1";"06";"06146";"1";"1";"1";"5";"M2205";"43,92877700";"7,18083100"
"202300052389";"15";"02";"2023";"09:50";"1";"93";"93031";"2";"1";"1";"6";"Rue de la Bruyère";"48,95937433";"2,31798515"
"202300052390";"15";"07";"2023";"18:20";"1";"51";"51454";"2";"9";"2";"6";"DAUPHINOT (BOULEVARD)";"49,25885000";"4,05598000"
"202300052391";"28";"03";"2023";"10:55";"1";"19";"19031";"2";"6";"1";"3";"COURBATERE (ROND-POINT ROGER)";"45,15888000";"1,51133000"
"202300052392";"26";"09";"2023";"17:00";"1";"06";"06123";"2";"1";"1";"6";"PAGNOL MARCEL BOULEVARD";"43,66803000";"7,18365000"
"202300052393";"5";"01";"2023";"20:30";"3";"05";"05119";"1";"1";"1";"1";"RD 186 - lieu dit le chazaret";"44,63526900";"6,62486300"
"202300052394";"30";"11";"2023";"17:55";"5";"57";"57332";"2";"7";"1";"6";"Route départementale 603";"49,12456000";"6,77342000"
"202300052395";"15";"06";"2023";"17:20";"1";"75";"75120";"2";"3";"1";"3";"RUE DE BELLEVILLE";"48,87531300";"2,39396800"
"202300052396";"15";"02";"2023";"15:00";"1";"93";"93014";"2";"3";"1";"3";"Boulevard Gagarine / Avenue de l'Avenir";"48,90485000";"2,54680000"
"202300052397";"11";"06";"2023";"02:32";"3";"42";"42184";"2";"1";"1";"1";"Rue du Maréchal Foch";"46,03958000";"4,01655000"
"202300052398";"29";"03";"2023";"17:27";"1";"17";"17306";"2";"1";"1";"3";"ROCHEFORT (DE)  (AVENUE)";"45,63864000";" -1,02538000"
"202300052399";"15";"07";"2023";"08:00";"2";"51";"51172";"2";"6";"2";"3";"FRATERNITE (PLACE)";"49,21500000";"4,05000000"
"202300052400";"4";"01";"2023";"17:50";"3";"25";"25047";"1";"1";"1";"5";"D683";"47,35561100";"6,37214000"
"202300052401";"27";"09";"2023";"00:10";"5";"01";"01283";"2";"1";"1";"6";"BRILLAT SAVARIN";"46,25050000";"5,64476000"
"202300052402";"24";"11";"2023";"07:59";"5";"56";"56260";"2";"3";"8";"3";"Boulevard du Colonel Rémy";"47,65647500";" -2,78230640"
"202300052403";"11";"06";"2023";"06:10";"1";"38";"38185";"1";"9";"1";"6";"A480";"45,18113000";"5,70298000"
"202300052404";"15";"02";"2023";"19:15";"5";"93";"93057";"2";"3";"1";"3";"Avenue de Rome / Allee de Luxembourg";"48,91546785";"2,49995425"
"202300052405";"30";"03";"2023";"16:45";"1";"13";"13215";"2";"2";"1";"6";"SAINT LOUIS (AVENUE DE)";"43,34759000";"5,35916000"
"202300052406";"14";"07";"2023";"19:50";"1";"51";"51454";"2";"2";"1";"1";"ALBERT 1ER (BOULEVARD)";"49,27341000";"4,01490000"
"202300052407";"5";"01";"2023";"11:40";"1";"07";"07272";"1";"1";"1";"3";"D579";"44,52691475";"4,41283464"
"202300052408";"15";"02";"2023";"17:49";"5";"93";"93055";"2";"1";"1";"3";"Avenue Jean Lolive";"48,89465000";"2,42111000"
"202300052409";"11";"06";"2023";"12:50";"1";"35";"35238";"2";"1";"1";"6";"SAINT-HELIER";"48,10330000";" -1,66173000"
"202300052410";"27";"09";"2023";"15:20";"1";"75";"75112";"2";"1";"1";"2";"ECHANGEUR BERCY";"48,82714100";"2,39103000"
"202300052411";"1";"12";"2023";"08:10";"5";"56";"56121";"2";"6";"2";"3";"CORNOUAILLES (ROND-POINT DE LA)";"47,73340000";" -3,38510000"
"202300052412";"15";"07";"2023";"11:00";"1";"37";"37195";"2";"1";"1";"7";"SABLES (CHEMIN DES)";"47,37931000";"0,65460000"
"202300052413";"30";"03";"2023";"10:15";"1";"13";"13214";"2";"9";"1";"3";"LAVOISIER (BOULEVARD)";"43,33879898";"5,36950145"
"202300052414";"4";"01";"2023";"18:54";"5";"69";"69116";"2";"6";"1";"6";"Avenue de la Porte de Lyon";"45,82141600";"4,76610300"
"202300052415";"14";"02";"2023";"15:41";"1";"93";"93001";"2";"1";"1";"6";"..";"48,90585084";"2,36969055"
"202300052416";"5";"01";"2023";"18:00";"3";"33";"33006";"1";"1";"2";"6";"D255 PR 16+450";"45,20137800";" -0,64908900"
"202300052417";"11";"06";"2023";"01:35";"5";"35";"35238";"2";"1";"1";"3";"BOURGEOIS (BOULEVARD LEON)";"48,09896200";" -1,65338000"
"202300052418";"15";"07";"2023";"19:45";"1";"34";"34172";"1";"1";"1";"2";"Boulevard Louis Blanc";"43,61455455";"3,88003059"
"202300052419";"26";"09";"2023";"21:13";"5";"75";"75120";"2";"1";"1";"2";"PORTE DE MONTREUIL";"48,85903300";"2,41411000"
"202300052420";"29";"03";"2023";"08:18";"1";"11";"11069";"2";"2";"1";"3";"N/A";"43,21051000";"2,35783000"
"202300052421";"15";"02";"2023";"16:30";"1";"92";"92078";"2";"1";"1";"6";"GALLIENI (BD) (153 ET 225)";"48,92923900";"2,33175500"
"202300052422";"30";"11";"2023";"12:52";"1";"54";"54304";"2";"2";"1";"3";"Avenue de la Résistance";"48,69503000";"6,12438000"
"202300052423";"5";"01";"2023";"08:15";"5";"53";"53168";"2";"1";"8";"6";"16 Rue d'Anjou";"47,98553500";" -0,78291900"
"202300052424";"14";"07";"2023";"09:50";"1";"34";"34003";"1";"1";"1";"2";"RD612";"43,30002300";"3,50743700"
"202300052425";"15";"02";"2023";"09:20";"1";"92";"92051";"2";"1";"1";"2";"CHARLES DE GAULLE (AVENUE, N°27 A 129)";"48,87868047";"2,27900594"
"202300052426";"30";"03";"2023";"13:30";"1";"06";"06069";"2";"1";"1";"1";"MASSEBOEUF (CHEMIN)";"43,64084000";"6,96747000"
"202300052427";"11";"06";"2023";"22:15";"5";"35";"35115";"2";"6";"1";"3";"PRES (RUE DES)";"48,35495000";" -1,19860000"
"202300052428";"27";"09";"2023";"19:42";"5";"75";"75106";"2";"3";"1";"6";"QUAI MALAQUAIS";"48,85823200";"2,33323900"
"202300052429";"4";"01";"2023";"18:45";"3";"76";"76057";"1";"1";"3";"2";"Boulevard de Normandie";"49,53770522";"0,96125364"
"202300052430";"15";"07";"2023";"05:00";"5";"33";"33063";"2";"1";"1";"6";"Quai Richelieu";"44,83719000";" -0,56604000"
"202300052431";"2";"12";"2023";"02:00";"5";"49";"49007";"2";"1";"1";"3";"MONTAIGNE AVENUE";"47,46821000";" -0,53059000"
"202300052432";"11";"06";"2023";"08:30";"1";"31";"31555";"2";"1";"1";"6";"ALL DE BARCELONE";"43,60412000";"1,43456000"
"202300052433";"14";"02";"2023";"09:20";"1";"92";"92049";"2";"2";"1";"3";"BRIAND AVENUE ARISTIDE N°1 A 129";"48,81752000";"2,32560000"
"202300052434";"29";"03";"2023";"15:10";"1";"05";"05061";"2";"1";"1";"2";"FREDERIC MISTRAL ( COURS )";"44,55692000";"6,07585000"
"202300052435";"5";"01";"2023";"12:25";"1";"80";"80219";"1";"1";"2";"7";"Rue du Chateau";"49,72516900";"2,07320800"
"202300052436";"27";"09";"2023";"09:10";"1";"75";"75113";"2";"3";"1";"3";"RUE DE TOLBIAC";"48,82918700";"2,37421000"
"202300052437";"10";"06";"2023";"03:05";"5";"31";"31555";"2";"1";"1";"6";"Autoroute 624";"43,60452400";"1,40418000"
"202300052438";"15";"02";"2023";"12:50";"1";"92";"92044";"2";"1";"1";"7";"ALSACE (RUE) N°19 + ET 20+";"48,89287000";"2,29835000"
"202300052439";"15";"07";"2023";"09:31";"1";"33";"33200";"2";"3";"2";"3";"Rue de la Morandière";"44,86058000";" -0,67770000"
"202300052440";"29";"03";"2023";"18:30";"1";"05";"05061";"2";"1";"1";"6";"GEORGES POMPIDOU ( BD)";"44,55924000";"6,08392000"
"202300052441";"15";"02";"2023";"09:55";"1";"92";"92044";"2";"3";"8";"6";"JACQUES IBERT(RUE)14A26";"48,88764760";"2,28772178"
"202300052442";"4";"01";"2023";"10:15";"1";"59";"59400";"1";"1";"2";"1";"Rue de Maroeuil";"50,62561100";"2,63002400"
"202300052443";"11";"06";"2023";"18:05";"1";"28";"28220";"2";"1";"1";"3";"ROUTE NATIONALE 123";"48,41610000";"1,45696000"
"202300052444";"30";"11";"2023";"17:37";"2";"49";"49267";"2";"1";"1";"4";"A87N";"47,48533000";" -0,49780000"
"202300052445";"30";"03";"2023";"19:50";"5";"75";"75106";"2";"3";"1";"6";"RUE LOBINEAU";"48,85166200";"2,33528400"
"202300052446";"15";"02";"2023";"14:37";"1";"54";"54142";"1";"1";"1";"6";"N57";"48,46121914";"6,24344230"
"202300052447";"11";"06";"2023";"23:10";"5";"14";"14715";"2";"1";"1";"6";"1 Place Foch";"49,36623000";"0,07887000"
"202300052448";"30";"11";"2023";"01:47";"3";"49";"49267";"1";"1";"1";"1";"RD 116";"47,48682231";" -0,47623592"
"202300052449";"30";"03";"2023";"07:55";"1";"75";"75120";"2";"4";"1";"6";"RUE BELGRAND";"48,86460600";"2,40597400"
"202300052450";"15";"02";"2023";"18:45";"5";"86";"86131";"2";"4";"1";"1";"Rue de la Poste";"46,43486700";"0,60091600"
"202300052451";"3";"01";"2023";"08:10";"4";"59";"59507";"1";"1";"1";"2";"AUTOROUTE A1";"50,61213479";"3,08907866"
"202300052452";"14";"07";"2023";"01:45";"5";"33";"33032";"2";"1";"1";"6";"Quai Francais";"44,89356196";" -0,52999914"
"202300052453";"11";"06";"2023";"22:00";"5";"13";"13206";"2";"2";"2";"3";"ROME (RUE DE)";"43,29204000";"5,38031000"
"202300052454";"27";"09";"2023";"15:45";"1";"75";"75119";"2";"3";"1";"6";"AVENUE RENE FONCK";"48,87966300";"2,40839200"
"202300052455";"16";"02";"2023";"01:10";"4";"68";"68250";"2";"1";"5";"7";"Route de Soultzmatt";"47,93665500";"7,23321000"
"202300052456";"29";"11";"2023";"17:10";"3";"48";"48095";"1";"1";"2";"7";"RD 806";"44,53042000";"3,48972000"
"202300052457";"30";"03";"2023";"18:15";"1";"75";"75117";"2";"2";"1";"3";"AVENUE DE SAINT OUEN";"48,89494700";"2,32808800"
"202300052458";"4";"01";"2023";"09:50";"1";"94";"94003";"1";"1";"2";"3";"A6A";"48,80389457";"2,34203660"
"202300052459";"11";"06";"2023";"06:00";"1";"13";"13201";"2";"9";"1";"2";"FLAMMARION (BOULEVARD)     1 A 65";"43,30500000";"5,39050000"
"202300052460";"15";"07";"2023";"10:00";"1";"31";"31555";"2";"3";"1";"3";"RUE DE LISIEUX";"43,60386000";"1,39423000"