"Num_Acc";"jour";"mois";"an";"hrmn";"lum";"dep";"com";"agg";"int";"atm";"col";"adr";"lat";"long"
"202300052461";"4";"01";"2023";"13:55";"1";"78";"78640";"1";"1";"2";"6";"A86 EXT";"48,77964000";"2,19132100"
"202300052462";"30";"03";"2023";"14:45";"1";"75";"75116";"2";"1";"1";"6";"AVENUE RAYMOND POINCARE";"48,86544054";"2,28642225"
"202300052463";"26";"09";"2023";"19:00";"1";"75";"75119";"2";"1";"1";"3";"RUE AUGUSTIN THIERRY";"48,87620200";"2,39345600"
"202300052464";"11";"02";"2023";"08:05";"2";"84";"84037";"2";"1";"1";"1";"Route de Sorgues";"44,04897600";"4,83805600"
"202300052465";"11";"06";"2023";"17:15";"1";"13";"13210";"2";"1";"1";"2";"Rond-point Florian";"43,27798382";"5,42720854"
"202300052466";"4";"01";"2023";"07:30";"2";"93";"93007";"1";"1";"1";"3";"AUTOROUTE A3";"48,94214437";"2,47816647"
"202300052467";"29";"11";"2023";"11:57";"1";"45";"45208";"2";"4";"1";"3";"51 Rue Dorée";"47,99656000";"2,73282000"
"202300052468";"15";"07";"2023";"05:19";"5";"31";"31555";"1";"1";"1";"3";"VA007331 A620";"43,57557000";"1,40855000"
"202300052469";"15";"02";"2023";"16:00";"1";"59";"59278";"2";"1";"1";"3";"Rue du General de Gaulle";"50,60900000";"2,96225300"
"202300052470";"30";"03";"2023";"13:00";"1";"75";"75116";"2";"5";"1";"3";"AVENUE DE VERSAILLES";"48,85132100";"2,27845300"
"202300052471";"3";"01";"2023";"23:40";"3";"77";"77373";"1";"1";"3";"7";"RN104";"48,76583400";"2,61419900"
"202300052472";"14";"07";"2023";"09:50";"1";"29";"29232";"2";"1";"1";"6";"Rue de Juniville";"47,99547300";" -4,09986500"
"202300052473";"14";"02";"2023";"17:30";"1";"71";"71336";"2";"1";"1";"6";"36 Route de Chalon";"46,72057700";"4,94605500"
"202300052474";"10";"06";"2023";"13:35";"1";"13";"13028";"2";"6";"1";"3";"ROVARCH (AVENUE PIERRE)";"43,19219000";"5,60455000"
"202300052475";"30";"11";"2023";"18:20";"2";"44";"44143";"2";"1";"1";"2";"Boulevard du Général de Gaulle";"47,19283000";" -1,55275000"
"202300052476";"30";"03";"2023";"12:30";"1";"75";"75116";"2";"2";"1";"2";"BOULEVARD EXELMANS";"48,84320800";"2,26023200"
"202300052477";"27";"09";"2023";"08:45";"1";"75";"75118";"2";"2";"1";"6";"PLACE JULES JOFFRIN";"48,89239900";"2,34499700"
"202300052478";"15";"07";"2023";"23:25";"5";"28";"28134";"2";"9";"1";"6";"MARCHE COUVERT (PLACE DU)";"48,73561000";"1,36513000"
"202300052479";"3";"01";"2023";"10:30";"1";"33";"33009";"2";"3";"1";"6";"REGUE BLANQUE (RUE DE LA) 01 ET +";"44,65061000";" -1,15366000"
"202300052480";"17";"11";"2023";"21:35";"5";"43";"43041";"2";"1";"1";"7";"121 Avenue Charles Dupuy";"45,04962100";"3,91836600"
"202300052481";"11";"06";"2023";"04:14";"5";"06";"06088";"2";"9";"1";"6";"ANGLAIS (DU N° 45 AU N° 112)";"43,69375000";"7,25644000"
"202300052482";"13";"02";"2023";"15:15";"1";"62";"62473";"2";"8";"7";"3";"D91";"50,60735300";"2,46323300"
"202300052483";"29";"03";"2023";"23:40";"5";"75";"75116";"2";"2";"1";"1";"ROUTE DE SURESNES";"48,86364000";"2,23948000"
"202300052484";"2";"01";"2023";"13:30";"1";"988";"98818";"2";"1";"1";"6";"RUE PAUL CANE";" -22,29614000";"166,45437000"
"202300052485";"11";"06";"2023";"12:10";"1";"06";"06069";"2";"1";"1";"3";"RENOIR (AVENUE AUGUSTE)";"43,68074200";"6,95299700"
"202300052486";"27";"09";"2023";"15:30";"1";"75";"75117";"2";"1";"1";"2";"BOULEVARD DU FORT DE VAUX";"48,89295600";"2,30203600"
"202300052487";"15";"07";"2023";"13:55";"1";"28";"28134";"2";"1";"1";"7";"KOUDOUGOU (RUE DE)";"48,73789000";"1,34530000"
"202300052488";"16";"02";"2023";"13:20";"1";"76";"76344";"1";"3";"1";"3";"D929";"49,75877800";"1,71854500"
"202300052489";"1";"12";"2023";"07:00";"5";"35";"35238";"2";"2";"1";"2";"SERGENT MAGINOT (AVENUE)";"48,10986300";" -1,65981000"
"202300052490";"2";"01";"2023";"20:45";"3";"973";"97302";"1";"1";"1";"3";"";"4,90542000";" -52,32024000"
"202300052491";"10";"06";"2023";"01:25";"3";"04";"04112";"1";"1";"1";"6";"VANNADES (CH. DES)";"43,83485000";"5,81961000"
"202300052492";"29";"03";"2023";"12:45";"1";"75";"75116";"2";"3";"1";"3";"ROUTE DE LA MUETTE A NEUILLY";"48,87383400";"2,26413200"
"202300052493";"14";"02";"2023";"18:00";"3";"82";"82118";"1";"1";"1";"7";"route des martels";"43,93983700";"1,11299900"
"202300052494";"15";"07";"2023";"15:20";"1";"27";"27229";"2";"1";"1";"6";"VERNON (RUE DE)";"49,03172000";"1,15883000"
"202300052495";"27";"09";"2023";"13:10";"1";"75";"75117";"2";"1";"1";"3";"BOULEVARD BERTHIER";"48,89094700";"2,30601600"
"202300052496";"2";"01";"2023";"19:12";"5";"69";"69389";"2";"1";"2";"6";"63 Avenue Sidoine Apollinaire";"45,77059000";"4,79693000"
"202300052497";"30";"03";"2023";"16:05";"1";"75";"75115";"2";"2";"1";"6";"RUE DE LOURMEL";"48,85020760";"2,29196906"
"202300052498";"10";"06";"2023";"18:25";"1";"75";"75117";"2";"1";"1";"3";"PORTE DE CHAMPERRET";"48,88519300";"2,28730200"
"202300052499";"16";"02";"2023";"13:45";"1";"38";"38343";"2";"2";"1";"1";"D80";"45,54305100";"5,66239500"
"202300052500";"1";"12";"2023";"23:50";"5";"34";"34172";"2";"2";"8";"3";"BRINGUIER (AVENUE PAUL)";"43,61619000";"3,84106000"
"202300052501";"3";"01";"2023";"07:00";"5";"95";"95539";"2";"1";"1";"2";"GARE (BOULEVARD DE LA)";"48,99544000";"2,36378000"
"202300052502";"15";"07";"2023";"03:35";"3";"26";"26362";"1";"1";"1";"7";"Route de Fauconnières";"44,94513000";"4,95517000"
"202300052503";"27";"09";"2023";"12:00";"1";"75";"75117";"2";"2";"1";"3";"AVENUE NIEL";"48,88127100";"2,29552200"
"202300052504";"15";"02";"2023";"17:50";"2";"70";"70473";"2";"1";"1";"3";"Rue Edouard Herriot";"47,80625500";"6,38367900"
"202300052505";"10";"06";"2023";"16:20";"1";"75";"75114";"2";"1";"1";"2";"PORTE DE GENTILLY";"48,81721200";"2,33498200"
"202300052506";"3";"01";"2023";"08:15";"2";"95";"95280";"2";"1";"1";"6";"DEMOISELLES (AVENUE DES)";"49,02658000";"2,45493000"
"202300052507";"29";"03";"2023";"19:50";"2";"75";"75115";"2";"2";"1";"3";"RUE DE LA PROCESSION";"48,83569000";"2,31125800"
"202300052508";"1";"12";"2023";"19:30";"5";"34";"34129";"2";"1";"2";"7";"D21 E1";"43,58038000";"3,93059000"
"202300052509";"15";"07";"2023";"06:15";"1";"25";"25056";"2";"1";"1";"6";"OUEST BOULEVARD";"47,22414000";"5,97895000"
"202300052510";"27";"09";"2023";"13:30";"1";"75";"75116";"2";"1";"1";"2";"ROUTE DES TRIBUNES";"48,85978800";"2,22953600"
"202300052511";"2";"01";"2023";"18:22";"5";"91";"91477";"2";"1";"8";"6";"ALLIES (AVENUE DES)";"48,72130000";"2,24833000"
"202300052512";"30";"03";"2023";"08:29";"1";"75";"75114";"2";"2";"1";"3";"BOULEVARD JOURDAN";"48,82136400";"2,33436700"
"202300052513";"10";"06";"2023";"11:40";"1";"75";"75114";"2";"1";"1";"2";"BOULEVARD PERIPHERIQUE EXTERIEUR PORTE DE GENTILLY";"48,81646100";"2,34167100"
"202300052514";"30";"11";"2023";"18:13";"5";"34";"34032";"2";"1";"1";"6";"HEMINGWAY ERNEST (BLD)";"43,36357000";"3,22564000"
"202300052515";"15";"07";"2023";"02:25";"5";"18";"18279";"2";"1";"2";"6";"Route de Puits Berteau";"47,23594800";"2,07653500"
"202300052516";"3";"01";"2023";"19:10";"5";"91";"91027";"2";"1";"1";"6";"RUE EDOUARD VAILLANT";"48,70565000";"2,39325000"
"202300052517";"27";"09";"2023";"20:45";"3";"75";"75115";"2";"2";"1";"3";"RUE DE VAUGIRARD";"48,84500100";"2,31982600"
"202300052518";"15";"02";"2023";"16:10";"1";"24";"24564";"1";"1";"7";"3";"D708";"45,20769700";"0,28224300"
"202300052519";"10";"06";"2023";"01:30";"4";"75";"75114";"2";"1";"1";"6";"ECHANGEUR ORLEANS";"48,81953886";"2,32848689"
"202300052520";"14";"07";"2023";"19:15";"2";"17";"17415";"1";"1";"1";"2";"route nationale 141";"45,74563400";" -0,59714400"
"202300052521";"1";"12";"2023";"01:30";"5";"33";"33063";"2";"1";"2";"6";"Cours Saint Louis";"44,86327000";" -0,56658000"
"202300052522";"29";"03";"2023";"11:20";"1";"75";"75114";"2";"4";"1";"3";"RUE DU COMMANDANT RENE MOUCHOTTE";"48,84001700";"2,32169000"
"202300052523";"2";"01";"2023";"14:59";"1";"88";"88160";"2";"1";"2";"6";"ALSACE (RUE D')";"48,16913000";"6,44476000"
"202300052524";"16";"02";"2023";"15:40";"1";"27";"27288";"1";"1";"8";"6";"RD 130 PK 10";"49,28343500";"0,68170000"
"202300052525";"27";"09";"2023";"08:30";"1";"75";"75115";"2";"2";"1";"6";"BOULEVARD PASTEUR";"48,84226100";"2,31336600"
"202300052526";"8";"06";"2023";"08:40";"1";"75";"75112";"2";"1";"1";"2";"PORTE DE CHARENTON";"48,83017100";"2,40218800"
"202300052527";"15";"07";"2023";"14:00";"1";"13";"13201";"2";"3";"1";"3";"ROME (RUE DE)        1 A 71A";"43,29383000";"5,37924000"
"202300052528";"30";"03";"2023";"11:40";"1";"75";"75113";"2";"7";"1";"6";"RUE DU DOCTEUR LANDOUZY";"48,82344699";"2,35409975"
"202300052529";"30";"11";"2023";"08:00";"1";"33";"33529";"2";"2";"2";"6";"Place du General de Gaulle";"44,53814000";" -1,15228000"
"202300052530";"3";"01";"2023";"17:27";"2";"86";"86066";"2";"1";"1";"6";"Boulevard de Blossac";"46,81742200";"0,54504300"
"202300052531";"15";"02";"2023";"20:18";"3";"27";"27198";"1";"1";"1";"1";"D140";"48,90213600";"1,02971100"
"202300052532";"27";"09";"2023";"13:20";"1";"75";"75113";"2";"3";"1";"7";"RUE MAX JACOB";"48,82032500";"2,35404700"
"202300052533";"1";"01";"2023";"21:45";"5";"84";"84007";"1";"1";"1";"3";"Route de Marseille Mft";"43,90496000";"4,89237000"
"202300052534";"15";"02";"2023";"19:30";"3";"17";"17008";"1";"1";"1";"2";"D137";"46,25195900";" -1,01325300"
"202300052535";"1";"12";"2023";"08:30";"1";"31";"31555";"2";"1";"2";"6";"BOULINGRIN (ROND POINT DU) DU 5AU 9";"43,59486000";"1,45294000"
"202300052536";"9";"06";"2023";"16:30";"1";"75";"75120";"2";"1";"1";"2";"BOULEVARD PERIPHERIQUE INTERIEUR NORD  ";"48,86784500";"2,41324100"
"202300052537";"30";"03";"2023";"08:00";"1";"75";"75112";"2";"3";"1";"3";"AVENUE DE SAINT MANDE";"48,84491200";"2,40291700"
"202300052538";"15";"07";"2023";"10:30";"1";"11";"11069";"1";"1";"1";"3";"Route de Montreal";"43,21293000";"2,27417000"
"202300052539";"27";"09";"2023";"11:50";"1";"75";"75113";"2";"2";"1";"6";"BOULEVARD VINCENT AURIOL";"48,83382800";"2,36509700"
"202300052540";"1";"12";"2023";"11:22";"1";"29";"29232";"2";"1";"1";"3";"65 Avenue de Ty Bos";"47,97729400";" -4,06967400"
"202300052541";"16";"02";"2023";"08:00";"1";"37";"37156";"2";"3";"1";"7";"Rue des Vallées de Greux";"47,37446500";"0,81115400"
"202300052542";"30";"03";"2023";"09:00";"1";"75";"75109";"2";"3";"1";"6";"RUE DE CLICHY";"48,87811100";"2,33014200"
"202300052543";"3";"01";"2023";"13:05";"1";"81";"81004";"2";"2";"1";"3";"GAMBETTA (AV)";"43,92287680";"2,14717500"
"202300052544";"14";"07";"2023";"23:20";"5";"11";"11069";"2";"1";"1";"6";"Avenue des Berges de l’Aude";"43,20792000";"2,34016000"
"202300052545";"11";"06";"2023";"18:30";"1";"75";"75106";"2";"3";"1";"2";"QUAI DE CONTI";"48,85642600";"2,33990100"
"202300052546";"26";"09";"2023";"15:10";"1";"75";"75113";"2";"1";"1";"6";"BOULEVARD VINCENT AURIOL";"48,83119600";"2,35755100"
"202300052547";"16";"02";"2023";"06:00";"2";"973";"97310";"1";"1";"2";"7";"PK 22";"4,77852400";" -52,42480500"
"202300052548";"30";"03";"2023";"19:00";"1";"75";"75108";"2";"2";"1";"7";"PONT DE LA CONCORDE";"48,86412000";"2,32010000"
"202300052549";"2";"01";"2023";"18:32";"3";"81";"81004";"1";"1";"8";"1";"ROCADE RN88 EST";"43,92541000";"2,17164000"
"202300052550";"1";"12";"2023";"09:50";"1";"29";"29019";"2";"7";"1";"6";"rue Armorique";"48,38429700";" -4,50495000"
"202300052551";"15";"02";"2023";"14:20";"1";"42";"42279";"2";"1";"1";"2";"Boulevard Jean Jaurès";"45,51283200";"4,26357500"
"202300052552";"3";"01";"2023";"07:50";"3";"79";"79191";"2";"2";"1";"6";"N/A";"46,31030000";" -0,46698000"
"202300052553";"14";"07";"2023";"14:40";"1";"11";"11069";"2";"3";"1";"3";"56 Rue Pierre Germain";"43,21562000";"2,35818000"
"202300052554";"27";"09";"2023";"12:00";"1";"75";"75110";"2";"2";"1";"1";"RUE LA FAYETTE";"48,87972400";"2,35869600"
"202300052555";"14";"02";"2023";"08:30";"1";"45";"45173";"1";"1";"7";"3";"Rue du Talus";"47,84414100";"2,11801700"
"202300052556";"28";"03";"2023";"20:20";"1";"94";"94077";"1";"3";"1";"1";"Avenue du 8 Mai 1945 / Rue Lamartine";"48,72878278";"2,40596610"
"202300052557";"10";"06";"2023";"03:10";"5";"75";"75118";"2";"1";"9";"7";"AVENUE DE SAINT OUEN";"48,88852200";"2,32594400"
"202300052558";"30";"11";"2023";"19:55";"4";"29";"29019";"1";"1";"1";"1";"Rond-point des Keresseis";"48,39507400";" -4,53921900"
"202300052559";"14";"07";"2023";"18:19";"1";"07";"07102";"2";"9";"1";"6";"SADI-CARNOT (AV.) [DU N° AU N°]";"44,92540000";"4,86930000"
"202300052560";"3";"01";"2023";"08:50";"1";"76";"76217";"2";"1";"1";"7";"CARENAGE (QUAI DU)";"49,92715000";"1,08296000"
"202300052561";"15";"02";"2023";"13:20";"1";"13";"13014";"1";"1";"1";"2";"Route Departementale 21";"43,51800700";"5,14872600"
"202300052562";"30";"03";"2023";"16:40";"1";"93";"93078";"2";"2";"1";"2";"Boulevard Robert Ballanger / Avenue Emile Dambel";"48,95782000";"2,54581000"
"202300052563";"11";"06";"2023";"11:48";"1";"75";"75117";"2";"2";"1";"2";"AVENUE DE LA PORTE DES TERNES";"48,88150200";"2,28179800"
"202300052564";"27";"09";"2023";"08:00";"1";"75";"75110";"2";"2";"1";"2";"RUE JACQUES LOUVEL TESSIER";"48,87124300";"2,37011700"
"202300052565";"29";"11";"2023";"18:05";"5";"29";"29019";"2";"1";"2";"6";"rue de Glasgow";"48,39144700";" -4,48556400"
"202300052566";"30";"03";"2023";"00:24";"3";"93";"93066";"2";"9";"1";"3";"Rue Proudhon";"48,90644200";"2,36371800"
"202300052567";"1";"12";"2023";"19:40";"3";"25";"25056";"1";"1";"2";"6";"GRAY ROUTE DE";"47,24764000";"5,97896000"
"202300052568";"15";"07";"2023";"10:55";"1";"06";"06104";"1";"1";"1";"5";"TURBIE (ROUTE DE LA)";"43,75819100";"7,43480900"
"202300052569";"3";"01";"2023";"06:30";"2";"74";"74305";"2";"6";"2";"2";"MONTREAL (RUE DE)";"46,20489000";"6,28100000"
"202300052570";"16";"02";"2023";"13:30";"1";"13";"13057";"1";"3";"1";"5";"d99 - PK 22+646";"43,79089300";"4,76532000"
"202300052571";"10";"06";"2023";"14:40";"1";"75";"75113";"2";"2";"1";"3";"RUE NEUVE TOLBIAC";"48,83104000";"2,37759400"
"202300052572";"29";"03";"2023";"11:40";"1";"93";"93066";"2";"1";"1";"6";"3 Avenue Jean Moulin";"48,93939210";"2,36217320"
"202300052573";"3";"01";"2023";"07:15";"5";"69";"69092";"2";"1";"1";"3";"Rue des Ecoles";"45,98870000";"4,69674000"
"202300052574";"1";"12";"2023";"19:40";"5";"25";"25056";"2";"2";"2";"2";"OBSERVATOIRE AVENUE DE L'";"47,24644100";"5,99765700"
"202300052575";"16";"02";"2023";"08:15";"1";"38";"38407";"1";"1";"1";"3";"Le Jallas";"45,35045600";"5,67001300"
"202300052576";"11";"06";"2023";"14:15";"1";"75";"75107";"2";"1";"8";"3";"QUAI D ORSAY";"48,86282000";"2,31841000"
"202300052577";"14";"07";"2023";"19:55";"1";"75";"75117";"2";"1";"1";"5";"PORTE DE SAINT OUEN";"48,90018800";"2,32078100"
"202300052578";"26";"09";"2023";"23:09";"5";"75";"75107";"2";"3";"1";"3";"QUAI BRANLY";"48,85897405";"2,29336381"
"202300052579";"3";"01";"2023";"14:40";"1";"69";"69259";"2";"1";"1";"2";"Rue Léo Lagrange";"45,70014000";"4,87253000"
"202300052580";"30";"03";"2023";"07:10";"1";"93";"93051";"2";"6";"1";"1";"Porte de Neuilly / Boulevard du Mont d'Est";"48,84332000";"2,54353000"
"202300052581";"16";"02";"2023";"16:15";"1";"26";"26170";"1";"1";"1";"3";"Avenue des Cévennes";"44,90222800";"4,94531800"
"202300052582";"1";"12";"2023";"07:55";"2";"25";"25056";"2";"1";"2";"6";"N/A";"47,22326000";"5,97131900"
"202300052583";"11";"06";"2023";"02:30";"5";"75";"75107";"2";"1";"1";"6";"PONT D IENA";"48,85932698";"2,29283810"
"202300052584";"26";"09";"2023";"20:05";"5";"75";"75103";"2";"2";"1";"2";"RUE DES ARCHIVES";"48,86121000";"2,35818000"
"202300052585";"1";"12";"2023";"19:05";"3";"24";"24037";"1";"1";"3";"6";"RD 936 E1";"44,82617000";"0,48989000"
"202300052586";"13";"07";"2023";"17:10";"1";"75";"75117";"2";"1";"1";"5";"BD PERIPHERIQUE INTERIEUR";"48,89646200";"2,31005700"
"202300052587";"3";"01";"2023";"09:45";"1";"69";"69290";"2";"3";"1";"3";"Rue du Maconnais";"45,69536000";"4,92071000"
"202300052588";"26";"09";"2023";"20:10";"3";"94";"94068";"2";"2";"1";"6";"Rue Georges Clemenceau";"48,79398000";"2,51766700"
"202300052589";"16";"02";"2023";"06:40";"5";"14";"14630";"2";"1";"1";"6";"Impasse Garnerin";"49,25016400";" -0,65241600"
"202300052590";"3";"01";"2023";"02:05";"5";"69";"69290";"2";"1";"2";"6";"30 Rue Colette";"45,68960000";"4,94340000"
"202300052591";"29";"11";"2023";"22:15";"5";"19";"19031";"2";"3";"1";"3";"RIBOT (AVENUE)";"45,16448000";"1,50250000"
"202300052592";"15";"07";"2023";"16:43";"1";"75";"75105";"2";"3";"1";"3";"QUAI SAINT BERNARD";"48,84911800";"2,35757600"
"202300052593";"16";"02";"2023";"17:15";"1";"27";"27676";"1";"1";"1";"7";"d135 PR 06+110";"49,19934500";"1,30460500"
"202300052594";"25";"09";"2023";"15:30";"1";"94";"94079";"2";"1";"1";"2";"Avenue André Rouy";"48,82272790";"2,55101466"
"202300052595";"13";"02";"2023";"07:13";"3";"59";"59574";"1";"1";"1";"6";"AUTOROUTE A 21";"50,34617000";"3,27700000"
"202300052596";"3";"01";"2023";"16:15";"1";"64";"64545";"1";"3";"1";"4";"Route Départementale n° 810";"43,35992000";" -1,72657000"
"202300052597";"29";"11";"2023";"14:30";"1";"19";"19031";"2";"1";"1";"6";"SEMARD (AVENUE PIERRE) JUSQU'A N° 73 - 6";"45,15694467";"1,52197874"
"202300052598";"27";"09";"2023";"10:00";"1";"94";"94017";"2";"2";"1";"2";"Avenue Maurice Thorez";"48,80704721";"2,53559558"
"202300052599";"2";"01";"2023";"10:23";"1";"64";"64335";"2";"1";"2";"3";"Rue de Satao";"43,32951700";" -0,44102700"
"202300052600";"15";"02";"2023";"17:25";"1";"91";"91689";"1";"1";"1";"2";"AUTOROUTE A6";"48,72471000";"2,31253000"
"202300052601";"27";"11";"2023";"22:35";"5";"19";"19031";"2";"2";"1";"3";"SEMARD (AVENUE PIERRE) JUSQU'A N° 73 - 6";"45,15742000";"1,52368000"
"202300052602";"27";"09";"2023";"06:15";"5";"94";"94017";"2";"1";"1";"6";"Rue Louis Talamoni";"48,81341000";"2,51139000"
"202300052603";"15";"02";"2023";"02:50";"3";"78";"78571";"1";"1";"1";"6";"A13";"48,87891900";"2,01845600"
"202300052604";"15";"07";"2023";"14:00";"1";"75";"75117";"2";"4";"8";"2";"BOULEVARD PERSHING";"48,87960700";"2,28215700"
"202300052605";"1";"12";"2023";"07:45";"2";"15";"15012";"1";"1";"3";"4";"D 920";"44,88278000";"2,45007900"
"202300052606";"3";"01";"2023";"18:00";"5";"64";"64122";"2";"4";"1";"4";"Boulevard Mayol de Senillosa";"43,48634000";" -1,54335000"
"202300052607";"14";"02";"2023";"17:15";"1";"95";"95488";"1";"1";"1";"6";" A15";"49,01991571";"2,13851555"
"202300052608";"15";"07";"2023";"04:00";"3";"75";"75116";"2";"2";"1";"6";"RUE DE LA POMPE";"48,87213700";"2,28421100"
"202300052609";"1";"12";"2023";"18:45";"5";"13";"13209";"2";"1";"2";"1";"CAMILLE BLANC (BOULEVARD)";"43,25297000";"5,40198000"
"202300052610";"3";"01";"2023";"08:44";"1";"64";"64102";"2";"1";"1";"3";"Avenue du 14 Avril 1814";"43,50338000";" -1,46473000"
"202300052611";"14";"02";"2023";"17:00";"1";"93";"93007";"1";"1";"1";"2";"AUTOROUTE A1";"48,94688000";"2,44244000"
"202300052612";"27";"09";"2023";"08:10";"1";"93";"93078";"2";"9";"1";"3";"Boulevard Robert Ballanger";"48,96172928";"2,55786046"
"202300052613";"15";"07";"2023";"16:15";"1";"75";"75111";"2";"1";"1";"2";"BOULEVARD RICHARD LENOIR";"48,86369200";"2,37157800"
"202300052614";"1";"12";"2023";"06:25";"5";"13";"13214";"2";"2";"1";"6";"ROLAND DORGELES (BOULEVARD)";"43,34727000";"5,37857000"
"202300052615";"2";"01";"2023";"07:25";"5";"59";"59350";"2";"1";"1";"1";"CORDONNIER DENIS AVENUE";"50,62398000";"3,08119000"
"202300052616";"15";"07";"2023";"09:15";"1";"75";"75108";"2";"2";"2";"7";"AVENUE DE WAGRAM";"48,87512000";"2,29602900"
"202300052617";"14";"02";"2023";"14:30";"1";"92";"92036";"1";"1";"1";"4";"AUTOROUTE A86";"48,93909226";"2,30366757"
"202300052618";"27";"09";"2023";"19:55";"3";"93";"93005";"2";"4";"1";"3";"Rue du 11 Novembre / Boulevard Félix Faure";"48,93247500";"2,49796600"
"202300052619";"30";"11";"2023";"18:20";"5";"10";"10387";"2";"3";"8";"3";"URBAIN IV (RUE)";"48,29710000";"4,07510000"
"202300052620";"14";"02";"2023";"11:55";"1";"93";"93078";"1";"1";"1";"7";"AUTOROUTE A104";"48,95809287";"2,53061231"
"202300052621";"3";"01";"2023";"16:20";"1";"54";"54578";"1";"1";"1";"2";"Avenue Paul Muller";"48,65642456";"6,12697810"
"202300052622";"27";"09";"2023";"17:17";"1";"93";"93066";"2";"1";"1";"6";"Allée Léonard de Vinci";"48,93228269";"2,36799478"
"202300052623";"15";"07";"2023";"02:45";"5";"75";"75108";"2";"7";"1";"2";"PLACE CHARLES DE GAULLE";"48,87339987";"2,29571342"
"202300052624";"14";"02";"2023";"09:00";"1";"92";"92036";"1";"1";"1";"2";"AUTOROUTE A15";"48,94647077";"2,28241919"
"202300052625";"2";"01";"2023";"05:37";"3";"49";"49007";"2";"1";"2";"1";"Rue Paul Langevin";"47,46541000";" -0,54534000"
"202300052626";"1";"12";"2023";"17:25";"5";"09";"09122";"2";"1";"3";"4";"ESPAGNE (ROUTE D')";"42,95348000";"1,62340000"
"202300052627";"15";"07";"2023";"01:10";"5";"75";"75107";"2";"1";"1";"1";"QUAI VOLTAIRE";"48,85888100";"2,33121600"
"202300052628";"27";"09";"2023";"14:16";"1";"93";"93066";"2";"4";"1";"3";"Avenue Jean Moulin / Rue Guy Moquet";"48,94097971";"2,36417359"
"202300052629";"3";"01";"2023";"12:10";"1";"45";"45302";"2";"1";"1";"6";"D520 PR 0 + 485";"47,94365100";"1,88817400"
"202300052630";"15";"02";"2023";"12:30";"1";"94";"94028";"1";"1";"1";"5";"A86";"48,78172396";"2,44088054"
"202300052631";"1";"12";"2023";"06:40";"5";"07";"07281";"2";"6";"2";"7";"LIBERATION (CARREFOUR DE LA)";"44,94601000";"4,84754000"
"202300052632";"14";"07";"2023";"13:35";"1";"75";"75107";"2";"5";"1";"6";"PLACE JOFFRE";"48,85116500";"2,30090800"
"202300052633";"27";"09";"2023";"07:15";"2";"93";"93066";"2";"9";"1";"3";"Avenue du Président Wilson";"48,91532500";"2,35791300"
"202300052634";"3";"01";"2023";"12:15";"1";"37";"37214";"2";"2";"7";"3";"HUGO (RUE VICTOR)";"47,41288000";"0,66719000"
"202300052635";"29";"11";"2023";"17:00";"2";"06";"06069";"2";"9";"1";"3";"MISTRAL (AVENUE ET PLACE FREDERIC)";"43,64666080";"6,91814490"
"202300052636";"15";"02";"2023";"06:30";"3";"94";"94044";"1";"1";"1";"7";"N406";"48,75781222";"2,47055049"
"202300052637";"15";"07";"2023";"05:00";"5";"75";"75104";"2";"3";"1";"7";"RUE DU RENARD";"48,86029600";"2,35298300"
"202300052638";"3";"01";"2023";"15:30";"1";"35";"35238";"2";"2";"1";"6";"FOUGERES (RUE DE)";"48,13198332";" -1,63554601"
"202300052639";"14";"02";"2023";"17:45";"2";"91";"91201";"2";"1";"1";"6";"RUE DU PORT AUX DAMES";"48,68071100";"2,39840500"
"202300052640";"27";"09";"2023";"18:10";"1";"93";"93046";"2";"9";"1";"3";"Allée Montpensier";"48,92012228";"2,52371073"
"202300052641";"15";"07";"2023";"18:00";"1";"94";"94077";"2";"1";"1";"2";"Avenue de la Haute Seine";"48,72965506";"2,43398961"
"202300052642";"14";"02";"2023";"07:45";"2";"62";"62160";"2";"1";"1";"2";"Avenue Charles de Gaulle";"50,72898500";"1,61859500"
"202300052643";"3";"01";"2023";"11:10";"1";"35";"35238";"2";"2";"1";"3";"BOURGEOIS (BOULEVARD LEON)";"48,09813000";" -1,65553000"
"202300052644";"15";"07";"2023";"10:45";"1";"94";"94033";"2";"1";"1";"7";"Avenue de la Pepiniere";"48,84508209";"2,45100582"
"202300052645";"27";"09";"2023";"08:30";"1";"93";"93079";"2";"3";"1";"3";"Avenue de la Division Leclerc / Rue Paul Langevin";"48,95162700";"2,34293600"
"202300052646";"14";"02";"2023";"08:00";"1";"60";"60057";"2";"1";"5";"6";"Rue Beauregard";"49,43035000";"2,08125000"
"202300052647";"29";"11";"2023";"13:25";"1";"06";"06069";"2";"6";"1";"3";"Rd point des Quatre Chemins";"43,64512030";"6,94007400"
"202300052648";"15";"07";"2023";"14:50";"1";"93";"93046";"2";"1";"2";"3";"Avenue Voltaire";"48,93184009";"2,55075938"
"202300052649";"3";"01";"2023";"07:25";"5";"35";"35238";"2";"6";"1";"3";"GINGUENE";"48,09903000";" -1,68422000"
"202300052650";"10";"02";"2023";"15:55";"1";"67";"67482";"2";"1";"1";"6";"FRANÇOIS MITTERRAND (AVENUE)";"48,58665200";"7,69657100"
"202300052651";"26";"09";"2023";"04:35";"5";"93";"93029";"2";"2";"1";"3";"Avenue Henri Barbusse / Avenue Jean Jaurès";"48,91985000";"2,45143000"
"202300052652";"14";"02";"2023";"17:30";"1";"974";"97416";"1";"1";"1";"7";"RN3 (1)";" -21,31447000";"55,49359000"
"202300052653";"15";"07";"2023";"15:10";"1";"93";"93051";"2";"2";"8";"6";"Avenue Médéric / Avenue de l'Etoile";"48,82909000";"2,56775000"