"Num_Acc";"jour";"mois";"an";"hrmn";"lum";"dep";"com";"agg";"int";"atm";"col";"adr";"lat";"long"
"202300052851";"4";"01";"2023";"18:00";"3";"68";"68109";"2";"1";"2";"6";"Rue du Muhlele";"48,04251397";"7,17471600"
"202300052852";"14";"02";"2023";"22:10";"5";"94";"94022";"2";"1";"1";"2";"Rue Jean Jaures";"48,76503000";"2,40786000"
"202300052853";"26";"07";"2023";"20:30";"1";"74";"74118";"1";"9";"1";"3";"N/A";"46,16950000";"6,20636000"
"202300052854";"2";"01";"2023";"11:20";"1";"69";"69069";"2";"2";"1";"3";"40 Rue Centrale";"45,74589500";"4,71652000"
"202300052855";"12";"02";"2023";"23:30";"5";"94";"94069";"2";"2";"1";"1";"PONT DE CHARENTON";"48,81779300";"2,41964300"
"202300052856";"4";"01";"2023";"09:50";"1";"29";"29046";"1";"1";"2";"7";"Route d’Audierne";"48,07327326";" -4,34206320"
"202300052857";"13";"02";"2023";"08:10";"1";"94";"94017";"2";"1";"1";"6";"15 Rue de l'Abreuvoir";"48,81037000";"2,54533000"
"202300052858";"12";"07";"2023";"17:00";"1";"74";"74012";"2";"1";"1";"3";"VALLEES (ROUTE DES)";"46,19313900";"6,24336500"
"202300052859";"14";"02";"2023";"08:30";"1";"93";"93072";"2";"1";"1";"6";"Rue Jean Pierre Timbaud";"48,95956000";"2,37817000"
"202300052860";"4";"01";"2023";"07:40";"4";"59";"59035";"2";"1";"2";"6";"Avenue de Verdun";"50,11904800";"3,92969600"
"202300052861";"22";"07";"2023";"19:55";"2";"74";"74118";"1";"9";"1";"6";"18 AOUT (RUE DU)";"46,17254000";"6,21218000"
"202300052862";"3";"01";"2023";"08:42";"1";"13";"13005";"1";"1";"1";"1";"A50-Sens Marseille vers Aubagne";"43,28568000";"5,52910000"
"202300052863";"13";"07";"2023";"18:15";"1";"74";"74137";"1";"1";"7";"1";"Route des aires";"46,01829300";"6,19321000"
"202300052864";"14";"02";"2023";"14:30";"1";"93";"93066";"2";"1";"1";"5";"Rue du Landy";"48,91536608";"2,35382237"
"202300052865";"2";"01";"2023";"14:39";"1";"91";"91228";"1";"1";"1";"4";"RN 104";"48,61693000";"2,42750000"
"202300052866";"14";"02";"2023";"16:24";"1";"93";"93077";"2";"2";"1";"6";"Grande Rue / Avenue Lespinasse";"48,88255000";"2,51838000"
"202300052867";"17";"07";"2023";"22:35";"3";"74";"74012";"2";"1";"1";"3";"ROMAGNY (RUE DE)";"46,19476000";"6,24188000"
"202300052868";"14";"02";"2023";"10:50";"1";"93";"93051";"2";"2";"1";"2";"Avenue Médéric / Rue du Ballon";"48,82997567";"2,58129895"
"202300052869";"16";"07";"2023";"23:50";"3";"74";"74010";"1";"1";"1";"1";"OUEST (BOULEVARD)";"45,89969000";"6,10690000"
"202300052870";"14";"02";"2023";"08:00";"1";"93";"93051";"2";"1";"8";"2";"Boulevard du Rempart";"48,83733280";"2,54660323"
"202300052871";"1";"01";"2023";"01:50";"4";"92";"92072";"1";"1";"1";"4";"N118";"48,82128224";"2,21946107"
"202300052872";"13";"02";"2023";"12:20";"1";"93";"93006";"2";"3";"1";"2";"Rue des Loriettes";"48,87201200";"2,41866200"
"202300052873";"3";"01";"2023";"17:40";"3";"93";"93078";"1";"1";"1";"3";"AUTOROUTE A104";"48,95880000";"2,53548000"
"202300052874";"16";"07";"2023";"11:15";"1";"74";"74076";"1";"2";"1";"3";"Route de cercier";"45,99900400";"6,04157900"
"202300052875";"14";"02";"2023";"06:30";"5";"93";"93032";"2";"5";"1";"1";"Rue Paul Vaillant Couturier / Rue Hippolyte Pina";"48,87435000";"2,55201000"
"202300052876";"19";"07";"2023";"19:15";"1";"74";"74118";"2";"1";"1";"2";"DEPORTES (ROUTE DES )";"46,18100000";"6,22900000"
"202300052877";"14";"02";"2023";"09:40";"1";"93";"93079";"2";"1";"7";"6";"189 Avenue de la Division Leclerc";"48,95008738";"2,34253451"
"202300052878";"13";"07";"2023";"21:05";"2";"74";"74116";"1";"1";"1";"6";"A410";"46,07216600";"6,28945800"
"202300052879";"14";"02";"2023";"08:29";"1";"93";"93030";"2";"1";"1";"3";"Avenue Ambroise Croizat";"48,95810000";"2,41581000"
"202300052880";"14";"02";"2023";"11:45";"1";"93";"93008";"2";"1";"7";"6";"Rue Pablo Picasso";"48,90817500";"2,44901700"
"202300052881";"13";"02";"2023";"18:18";"5";"92";"92046";"2";"9";"1";"6";"DE STALINGRAD";"48,81282010";"2,29138434"
"202300052882";"20";"07";"2023";"06:40";"1";"74";"74010";"2";"3";"1";"5";"FIER (BOULEVARD DU))";"45,92080000";"6,12063000"
"202300052883";"13";"02";"2023";"10:51";"1";"92";"92075";"2";"2";"1";"3";"MARY BESSEYRE (RUE)";"48,82195000";"2,28925000"
"202300052884";"19";"07";"2023";"09:55";"1";"74";"74012";"2";"1";"1";"2";"ROMAGNY (RUE DE)";"46,19675000";"6,24764000"
"202300052885";"13";"02";"2023";"13:45";"1";"92";"92063";"2";"1";"1";"3";"GALLIENI (RUE)";"48,87015200";"2,20345300"
"202300052886";"13";"07";"2023";"16:10";"1";"74";"74010";"2";"1";"1";"1";"MARQUISATS (AVENUE DES)";"45,89586800";"6,13289500"
"202300052887";"14";"02";"2023";"19:45";"5";"92";"92050";"2";"2";"1";"3";"CLEMENCEAU GEORGES AVENUE N°IMPAIR";"48,88570058";"2,21925169"
"202300052888";"11";"07";"2023";"01:45";"5";"74";"74298";"2";"6";"1";"6";"BONNEVILLE (ROUTE DE )";"46,17500000";"6,24770000"
"202300052889";"13";"02";"2023";"15:30";"1";"92";"92036";"2";"2";"1";"3";"HENRI BARBUSSE (RUE) (1/35)";"48,91800500";"2,29660200"
"202300052890";"13";"02";"2023";"10:00";"1";"92";"92036";"2";"1";"1";"2";"MARCEL PAUL (AVENUE) (52/102)";"48,94165400";"2,30296500"
"202300052891";"14";"02";"2023";"13:00";"1";"92";"92025";"2";"1";"1";"3";"STALINGRAD (AV DE)";"48,93097700";"2,26721500"
"202300052892";"11";"07";"2023";"13:50";"1";"74";"74012";"2";"1";"1";"2";"BONNEVILLE (ROUTE DE)";"46,18850000";"6,23582000"
"202300052893";"14";"02";"2023";"07:45";"1";"92";"92012";"2";"1";"1";"2";"ALPHONSE LE GALLO (QUAI) 1/34";"48,83244000";"2,22755000"
"202300052894";"13";"02";"2023";"20:30";"5";"92";"92014";"2";"1";"1";"2";"GENERAL LECLERC (AV.) (1 A 55BIS - 2 A 4";"48,78221000";"2,31650000"
"202300052895";"1";"02";"2023";"18:30";"3";"60";"60435";"1";"1";"1";"7";"D150";"49,58975200";"1,85360000"
"202300052896";"2";"01";"2023";"20:40";"3";"95";"95582";"1";"1";"1";"6";"A15";"48,96924975";"2,25068450"
"202300052897";"2";"01";"2023";"19:30";"3";"93";"93064";"1";"1";"1";"2";"AUTOROUTE A86";"48,87916750";"2,47634149"
"202300052898";"2";"01";"2023";"09:40";"2";"92";"92036";"1";"1";"3";"6";"AUTOROUTE A15";"48,94725400";"2,28190524"
"202300052899";"2";"01";"2023";"08:30";"2";"95";"95527";"1";"1";"2";"6";" A1";"49,01061779";"2,52906561"
"202300052900";"2";"01";"2023";"07:54";"1";"34";"34172";"2";"1";"1";"6";"3310 Boulevard Paul Valéry";"43,59125000";"3,85427000"
"202300052901";"1";"01";"2023";"18:30";"5";"29";"29019";"2";"1";"2";"6";"boulevard Gambetta";"48,38868800";" -4,48033610"
"202300052902";"2";"01";"2023";"17:05";"5";"69";"69388";"2";"8";"2";"6";"Avenue Rockefeller";"45,74078000";"4,88669000"
"202300052903";"1";"12";"2023";"18:25";"5";"06";"06027";"2";"1";"2";"6";"ALPES AVENUE DES";"43,66880000";"7,12590000"
"202300052904";"2";"01";"2023";"11:00";"1";"69";"69386";"2";"2";"1";"3";"11 Rue des Emeraudes";"45,76909203";"4,86057580"
"202300052905";"28";"11";"2023";"14:30";"1";"05";"05061";"2";"1";"1";"1";"JEAN MACE ( RUE )";"44,55983000";"6,07187000"
"202300052906";"1";"01";"2023";"04:00";"5";"972";"97213";"1";"1";"1";"7";"AUTOROUTE A1";"14,61834000";" -61,02366000"
"202300052907";"1";"01";"2023";"07:00";"1";"972";"97209";"1";"1";"1";"2";"AUTOROUTE (A1)";"14,61829000";" -61,03741000"
"202300052908";"15";"02";"2023";"16:40";"1";"17";"17387";"1";"1";"1";"2";"Rue du Côteau";"45,80486500";" -0,74943800"
"202300052909";"14";"02";"2023";"18:55";"2";"52";"52017";"2";"1";"1";"7";"chemin de combe saint dizier";"47,91695700";"4,93740500"
"202300052910";"2";"01";"2023";"07:40";"1";"971";"97113";"1";"1";"1";"1";"RN4 - SECTION RIVIERA";"16,21765000";" -61,49358000"
"202300052911";"28";"11";"2023";"15:00";"1";"05";"05061";"2";"2";"1";"3";"COMMERCE ( RUE DU )";"44,56260000";"6,09579000"
"202300052912";"14";"02";"2023";"09:55";"1";"40";"40065";"2";"6";"7";"6";"Avenue Jean Lartigau";"43,63794600";" -1,42929600"
"202300052913";"1";"01";"2023";"23:38";"5";"971";"97113";"1";"9";"1";"1";"COCOYER";"16,24139290";" -61,49409950"
"202300052914";"15";"02";"2023";"17:44";"1";"974";"97404";"1";"1";"1";"3";"D110";" -21,24984700";"55,38189200"
"202300052915";"1";"12";"2023";"18:00";"5";"75";"75119";"2";"1";"1";"3";"PORTE DE PANTIN";"48,88485500";"2,39806000"
"202300052916";"2";"01";"2023";"18:55";"3";"77";"77121";"2";"1";"1";"6";"NOYERS (RUE DES )";"48,83616100";"2,66764820"
"202300052917";"14";"02";"2023";"20:20";"3";"35";"35109";"1";"1";"1";"2";"Piquet";"48,07108477";" -1,19377345"
"202300052918";"15";"02";"2023";"09:30";"1";"95";"95144";"1";"1";"5";"6";"RD 9";"49,06778100";"2,44230400"
"202300052919";"1";"01";"2023";"13:50";"1";"73";"73222";"1";"1";"1";"3";"D912 Route de la Féclaz";"45,58197000";"5,97544000"
"202300052920";"13";"02";"2023";"09:50";"1";"19";"19248";"1";"1";"1";"3";"rd 920";"45,46253900";"1,55362100"
"202300052921";"1";"01";"2023";"15:50";"1";"71";"71076";"2";"3";"1";"3";"BOUCICAUT (AVENUE)";"46,78457000";"4,84474000"
"202300052922";"11";"02";"2023";"16:00";"1";"56";"56185";"1";"1";"1";"6";"le Ménéguen";"47,78167900";" -3,44337200"
"202300052923";"1";"12";"2023";"16:17";"1";"75";"75117";"2";"2";"1";"3";"RUE DES ACACIAS";"48,87707500";"2,29216700"
"202300052924";"2";"01";"2023";"06:40";"3";"69";"69092";"1";"1";"1";"7";"Route de Montmelas";"46,00271000";"4,71927000"
"202300052925";"7";"07";"2023";"18:00";"1";"74";"74225";"1";"1";"1";"3";"D910";"45,87938200";"5,93759300"
"202300052926";"30";"11";"2023";"10:52";"1";"75";"75108";"2";"2";"1";"6";"RUE DE CONSTANTINOPLE";"48,88127100";"2,31656500"
"202300052927";"15";"02";"2023";"15:00";"1";"82";"82136";"2";"6";"1";"6";"Grand Rue";"43,90531000";"1,40784300"
"202300052928";"5";"07";"2023";"10:30";"1";"74";"74237";"1";"1";"1";"1";"Route Nationale";"46,39284245";"6,78975313"
"202300052929";"26";"10";"2023";"12:45";"1";"75";"75105";"2";"3";"1";"3";"BOULEVARD SAINT MICHEL";"48,84880600";"2,34176400"
"202300052930";"2";"01";"2023";"18:25";"5";"69";"69290";"2";"3";"2";"3";"Boulevard Edouard Herriot";"45,69444000";"4,93696000"
"202300052931";"28";"06";"2023";"19:25";"2";"74";"74272";"1";"3";"1";"3";"Route de Clermont_";"45,94310800";"6,02800200"
"202300052932";"15";"02";"2023";"17:10";"2";"61";"61168";"2";"1";"7";"1";"D916";"48,58408100";" -0,36542900"
"202300052933";"30";"11";"2023";"08:30";"1";"75";"75105";"2";"3";"1";"6";"RUE DU FOUARRE";"48,85166200";"2,34776200"
"202300052934";"25";"06";"2023";"00:20";"3";"74";"74161";"1";"1";"1";"1";"Route d'annecy";"45,87653664";"6,01596430"
"202300052935";"2";"01";"2023";"17:55";"3";"69";"69290";"2";"1";"2";"2";"Rue Maurice Audibert";"45,70007000";"4,92004000"
"202300052936";"1";"12";"2023";"07:40";"2";"75";"75114";"2";"2";"1";"2";"BOULEVARD ROMAIN ROLLAND";"48,81984800";"2,32552900"
"202300052937";"19";"06";"2023";"06:45";"2";"74";"74016";"2";"6";"1";"3";"Avenue marie curie";"46,13941500";"6,12356400"
"202300052938";"17";"01";"2023";"22:15";"5";"61";"61145";"2";"1";"8";"6";"Voie Communale";"48,58914400";" -0,65021500"
"202300052939";"1";"12";"2023";"18:15";"5";"75";"75111";"2";"3";"1";"6";"AVENUE DE LA REPUBLIQUE";"48,86600857";"2,37071478"
"202300052940";"1";"01";"2023";"04:10";"4";"67";"67482";"2";"1";"1";"2";"SALLUSTE (RUE)";"48,58306000";"7,69606000"
"202300052941";"13";"02";"2023";"08:30";"1";"55";"55001";"1";"1";"5";"7";"D10";"48,53517800";"5,50084600"
"202300052942";"29";"11";"2023";"17:13";"1";"75";"75101";"2";"3";"1";"7";"RUE DU COLONEL DRIANT";"48,86374400";"2,33878400"
"202300052943";"26";"06";"2023";"08:15";"1";"26";"26165";"1";"1";"1";"3";"Route lucien ravit";"44,79735100";"4,82295200"
"202300052944";"30";"11";"2023";"11:10";"1";"94";"94081";"2";"9";"1";"6";"Boulevard de Stalingrad";"48,79727500";"2,38322700"
"202300052945";"1";"01";"2023";"17:50";"5";"66";"66136";"2";"3";"1";"6";"";"42,70651000";"2,89343000"
"202300052946";"26";"09";"2023";"19:40";"5";"973";"97302";"2";"9";"1";"3";"ZEPHIR (ROCADE)";"4,93779821";" -52,30659217"
"202300052947";"1";"12";"2023";"22:00";"5";"94";"94078";"2";"3";"1";"3";"Rue de Paris";"48,73549000";"2,44674000"
"202300052948";"15";"02";"2023";"17:20";"1";"47";"47301";"1";"1";"1";"3";"1950 route de seyches";"44,53260800";"0,31625400"
"202300052949";"26";"09";"2023";"14:05";"1";"973";"97302";"2";"1";"1";"3";"BADUEL (ROUTE DE)";"4,93455319";" -52,31151402"
"202300052950";"1";"01";"2023";"18:15";"5";"64";"64102";"2";"1";"1";"1";"Avenue Maréchal Foch";"43,49350200";" -1,48103700"
"202300052951";"9";"05";"2023";"08:20";"1";"13";"13211";"1";"1";"1";"2";"A50-Sens Aubagne vers Marseille";"43,29466000";"5,46670000"
"202300052952";"29";"03";"2023";"17:55";"1";"93";"93063";"2";"1";"1";"3";"Rue de la République";"48,88039300";"2,43652000"
"202300052953";"30";"11";"2023";"23:50";"5";"94";"94068";"2";"2";"1";"1";"Avenue de la Libération";"48,81297000";"2,47972000"
"202300052954";"26";"09";"2023";"07:20";"1";"973";"97302";"2";"1";"1";"3";"MADELEINE (ROUTE DE LA)";"4,91402540";" -52,32085615"
"202300052955";"2";"01";"2023";"20:30";"5";"62";"62193";"2";"3";"1";"3";"Boulevard Léon Gambetta";"50,94658000";"1,84337000"
"202300052956";"30";"03";"2023";"16:50";"1";"93";"93029";"2";"1";"1";"6";"Rue Voltaire";"48,91450600";"2,43478600"
"202300052957";"8";"02";"2023";"11:15";"1";"22";"22251";"2";"3";"1";"3";"Rue des Sports";"48,56609000";" -2,81307900"
"202300052958";"1";"12";"2023";"11:45";"1";"94";"94073";"2";"1";"1";"3";"Boulevard de Stalingrad";"48,77326000";"2,39963000"
"202300052959";"9";"05";"2023";"03:00";"3";"69";"69295";"1";"1";"1";"6";"Autoroute 46";"45,60551134";"4,85985784"
"202300052960";"30";"03";"2023";"09:57";"1";"92";"92051";"2";"1";"1";"3";"VICTOR HUGO (BOULEVARD, N° 9 A 49 ET 16";"48,88628666";"2,27955347"
"202300052961";"1";"01";"2023";"20:30";"5";"59";"59043";"2";"6";"2";"5";"CASSEL (RUE DE)";"50,73792500";"2,73088000"
"202300052962";"26";"09";"2023";"17:15";"2";"69";"69386";"2";"3";"1";"3";"Cours Vitton";"45,77011000";"4,85920000"
"202300052963";"1";"12";"2023";"09:15";"1";"94";"94073";"2";"1";"1";"2";"Rue des Aubépines";"48,76669000";"2,39835000"
"202300052964";"2";"01";"2023";"11:00";"1";"56";"56098";"2";"6";"7";"3";"Rue Daniel Trudaine";"47,77440000";" -3,33829000"
"202300052965";"29";"03";"2023";"23:26";"5";"92";"92050";"2";"6";"2";"3";"SOUFFLOT J-GERMAIN BOULEVARD";"48,89643344";"2,21472949"
"202300052966";"15";"02";"2023";"09:30";"1";"39";"39030";"1";"6";"7";"3";"N/A";"47,13470200";"5,50112500"
"202300052967";"26";"09";"2023";"16:50";"1";"69";"69388";"2";"2";"1";"2";"Boulevard des Etats-Unis";"45,72447381";"4,87141423"
"202300052968";"1";"01";"2023";"05:40";"4";"56";"56121";"2";"1";"6";"6";"MONISTROL (RUE)";"47,73889000";" -3,38105000"
"202300052969";"1";"12";"2023";"09:40";"1";"94";"94017";"2";"1";"1";"6";"Avenue du Général de Gaulle";"48,82061500";"2,48602600"
"202300052970";"2";"01";"2023";"18:36";"5";"50";"50218";"2";"1";"2";"6";"MATIGNON (AV DES)";"48,83808000";" -1,57465000"
"202300052971";"30";"03";"2023";"22:00";"5";"92";"92020";"2";"1";"1";"3";"VERDUN AVENUE DE N°1 A 45";"48,80300000";"2,28700000"
"202300052972";"9";"05";"2023";"09:02";"1";"33";"33281";"1";"1";"2";"2";"ROCADE A 630";"44,84876000";" -0,66871000"
"202300052973";"26";"09";"2023";"09:57";"1";"69";"69388";"2";"2";"1";"1";"Avenue des Frères Lumière";"45,74304000";"4,87689000"
"202300052974";"30";"11";"2023";"20:07";"5";"93";"93073";"2";"2";"1";"3";"Rue du Chapitre / Rue des Terres Noires";"49,00247500";"2,53689800"
"202300052975";"30";"03";"2023";"11:40";"1";"92";"92049";"2";"1";"1";"3";"BROSSOLETTE AVENUE PIERRE";"48,81674700";"2,30662000"
"202300052976";"1";"01";"2023";"06:38";"3";"49";"49246";"1";"1";"2";"2";"A87N";"47,41908000";" -0,50523000"
"202300052977";"29";"03";"2023";"20:03";"5";"92";"92049";"2";"1";"1";"1";"BROSSOLETTE AVENUE PIERRE";"48,81882000";"2,30945000"
"202300052978";"14";"02";"2023";"14:00";"1";"25";"25519";"1";"1";"1";"5";"RD 437";"47,31284600";"6,81165200"
"202300052979";"2";"01";"2023";"20:10";"5";"38";"38318";"2";"3";"3";"3";"FREREJEAN(AV G.ET L.)";"45,52395000";"4,91932000"
"202300052980";"25";"09";"2023";"17:15";"1";"69";"69387";"2";"3";"1";"3";"Boulevard Yves Farge";"45,74337000";"4,83426000"
"202300052981";"30";"11";"2023";"05:00";"5";"93";"93066";"2";"2";"1";"3";"Avenue du Président Wilson /  Rue Henri Delaunay";"48,92579000";"2,35725000"
"202300052982";"30";"03";"2023";"14:45";"1";"92";"92048";"2";"1";"1";"6";"VERD DE SAINT JULIEN (BOULEVARD)";"48,81608964";"2,23266810"
"202300052983";"26";"09";"2023";"07:55";"1";"972";"97209";"2";"1";"1";"7";"ZOBDA QUITMAN (AVENUE)";"14,63071000";" -61,03965000"
"202300052984";"2";"01";"2023";"05:50";"5";"37";"37208";"2";"2";"2";"3";"DE GAULLE (AV. DU GAL)";"47,35629000";"0,72718000"
"202300052985";"30";"03";"2023";"08:10";"1";"92";"92026";"1";"3";"8";"3";"MARECHAL JOFFRE (QUAI DU)";"48,90191000";"2,28023000"
"202300052986";"1";"12";"2023";"19:40";"5";"93";"93077";"2";"3";"1";"6";"Grande Rue / Avenue de la Bourdonnais";"48,88232000";"2,52366000"
"202300052987";"14";"02";"2023";"18:45";"2";"29";"29020";"2";"2";"1";"3";"Rue Amiral de la Grandiere";"48,09722100";" -3,99681900"
"202300052988";"26";"09";"2023";"13:30";"1";"69";"69389";"2";"1";"1";"2";"49 Quai Paul Sédallian";"45,78847000";"4,81532000"
"202300052989";"2";"01";"2023";"17:20";"2";"33";"33063";"2";"2";"1";"3";"Boulevard Pierre 1er";"44,85922000";" -0,58941000"
"202300052990";"30";"03";"2023";"09:23";"1";"92";"92019";"2";"1";"1";"6";"DIVISION LECLERC (AVENUE DE LA)";"48,76468259";"2,26570174"
"202300052991";"8";"05";"2023";"09:48";"1";"33";"33192";"1";"1";"1";"4";"ROCADE A 630";"44,79017950";" -0,60989410"
"202300052992";"14";"02";"2023";"16:30";"1";"31";"31276";"1";"1";"1";"6";"2245 Route de Balesta";"43,20069700";"0,59569300"
"202300052993";"26";"09";"2023";"13:30";"1";"971";"97101";"1";"1";"1";"6";"RN1-  HAUTEUR DE SORTIE LAURICISQUE";"16,25383000";" -61,53890000"
"202300052994";"29";"03";"2023";"08:45";"1";"92";"92004";"2";"1";"1";"6";"PIERRE BOUDOU";"48,91583897";"2,30843666"
"202300052995";"1";"12";"2023";"08:46";"1";"93";"93077";"2";"3";"1";"4";"Grande Rue / Avenue de la Bourdonnais";"48,88216000";"2,52322000"
"202300052996";"1";"01";"2023";"18:40";"5";"33";"33063";"2";"5";"1";"3";"Allée Serr";"44,84122376";" -0,56191742"
"202300052997";"26";"09";"2023";"11:50";"1";"971";"97105";"2";"4";"1";"7";"DANIEL BEAUPERTHUY (RUE)";"15,99912000";" -61,72985000"
"202300052998";"5";"05";"2023";"23:25";"3";"59";"59189";"1";"1";"1";"2";"AUTOROUTE A25";"50,79328789";"2,61546317"
"202300052999";"30";"03";"2023";"10:35";"1";"92";"92002";"2";"1";"1";"6";"FERNAND BRAUDEL (ALLEE)";"48,75396000";"2,30736000"
"202300053000";"15";"02";"2023";"11:35";"1";"05";"05111";"1";"1";"1";"1";"D9";"44,55779900";"6,43404100"
"202300053001";"1";"12";"2023";"14:30";"1";"93";"93048";"2";"2";"1";"3";"Rue Kléber / Rue Michelet";"48,85252600";"2,43394900"
"202300053002";"2";"01";"2023";"22:30";"5";"32";"32013";"2";"1";"1";"6";"ETIGNY (ALLEES D')";"43,64839000";"0,58168000"
"202300053003";"11";"06";"2023";"19:11";"1";"94";"94073";"2";"1";"1";"6";"Avenue de Versailles";"48,75699000";"2,38862000"
"202300053004";"6";"05";"2023";"12:25";"1";"59";"59431";"1";"1";"1";"6";"AUTOROUTE A25";"50,68525000";"2,83726000"
"202300053005";"30";"03";"2023";"19:30";"1";"85";"85223";"1";"1";"1";"1";"D137";"46,52969000";" -1,07756000"
"202300053006";"26";"09";"2023";"09:35";"1";"2A";"2A004";"2";"1";"1";"4";"T21";"41,93180000";"8,75676000"
"202300053007";"11";"06";"2023";"16:59";"1";"94";"94075";"2";"1";"1";"6";"Av du Mal de Lattre de Tassigny";"48,72744700";"2,53057200"
"202300053008";"15";"02";"2023";"09:20";"1";"05";"05044";"1";"1";"1";"6";"D39";"44,54992800";"6,59231200"
"202300053009";"1";"01";"2023";"07:00";"3";"31";"31555";"1";"1";"1";"2";"";"43,65235000";"1,42996000"
"202300053010";"9";"05";"2023";"20:40";"1";"94";"94038";"1";"1";"1";"2";"A6B";"48,77376519";"2,34617558"
"202300053011";"31";"03";"2023";"19:28";"1";"22";"22180";"1";"2";"2";"3";"Rue des Plantations";"48,42868400";" -2,22258600"
"202300053012";"1";"12";"2023";"08:50";"1";"93";"93007";"2";"5";"1";"6";"Avenue Aristide Briand / Rue Maxime Gorki";"48,94534145";"2,45128457"
"202300053013";"2";"01";"2023";"15:44";"1";"22";"22106";"2";"1";"1";"3";"VERNE (RUE JULES)";"48,49589694";" -2,72717781"
"202300053014";"26";"09";"2023";"09:25";"1";"2A";"2A004";"1";"1";"1";"2";"ROUTE DU STILETTO";"41,94604000";"8,77186000"
"202300053015";"11";"06";"2023";"16:28";"1";"93";"93039";"2";"1";"1";"2";"Quai du Châtelier";"48,92280000";"2,33184000"
"202300053016";"9";"05";"2023";"17:45";"1";"91";"91432";"1";"1";"2";"2";"AUTOROUTE A6";"48,69306200";"2,32072200"
"202300053017";"14";"02";"2023";"14:50";"1";"50";"50364";"2";"1";"1";"3";"Rue du Bourg";"49,12064200";" -1,48100300"
"202300053018";"2";"01";"2023";"13:41";"1";"22";"22278";"2";"1";"1";"6";"WALDECK-ROUSSEAU (BD ET PT)";"48,51117000";" -2,75580000"
"202300053019";"1";"12";"2023";"21:32";"3";"92";"92051";"2";"1";"1";"4";"CHARLES DE GAULLE (AVENUE, N° 18 A 116)";"48,88207124";"2,26918960"
"202300053020";"31";"03";"2023";"12:30";"1";"71";"71270";"1";"1";"1";"4";"A6";"46,36648300";"4,83388800"
"202300053021";"10";"06";"2023";"21:40";"2";"93";"93050";"2";"2";"1";"6";"Avenue du Dauphine / Avenue Léon Blum";"48,86788149";"2,53391653"
"202300053022";"9";"05";"2023";"08:30";"1";"94";"94034";"1";"1";"2";"3";"A6A";"48,75548914";"2,33374717"
"202300053023";"26";"09";"2023";"09:30";"1";"95";"95598";"2";"3";"1";"3";"GENERAL  DE GAULLE (AVENUE DU)";"48,98501557";"2,29961872"
"202300053024";"2";"01";"2023";"21:15";"5";"75";"75119";"2";"1";"1";"6";"RUE GASTON TESSIER";"48,89601400";"2,37413500"
"202300053025";"1";"12";"2023";"18:06";"5";"92";"92048";"2";"3";"1";"7";"COLONEL MORAINE (ROUTE DU)";"48,78747000";"2,22287000"
"202300053026";"29";"03";"2023";"12:05";"1";"974";"97401";"2";"6";"1";"6";"Rue de l'Église";" -21,24243700";"55,33322400"
"202300053027";"11";"06";"2023";"17:45";"1";"93";"93047";"2";"1";"1";"1";"Boulevard de l'Europe";"48,89527817";"2,57065837"
"202300053028";"12";"02";"2023";"12:00";"1";"50";"50484";"1";"1";"1";"3";"D976";"48,58264000";" -1,11436100"
"202300053029";"2";"01";"2023";"07:35";"5";"75";"75116";"2";"2";"2";"6";"Route de la Muette à Neuilly";"48,86255737";"2,26440400"
"202300053030";"31";"03";"2023";"13:08";"1";"28";"28278";"2";"1";"3";"6";"D910";"48,45948000";"1,56761700"
"202300053031";"26";"09";"2023";"09:13";"1";"95";"95127";"1";"1";"1";"4";"N14";"49,05500500";"2,05265200"
"202300053032";"30";"11";"2023";"19:45";"5";"92";"92025";"2";"3";"1";"6";"ESTIENNE D'ORVES (RUE)";"48,91850169";"2,24476433"
"202300053033";"11";"06";"2023";"04:20";"3";"93";"93010";"2";"1";"2";"6";"Avenue Henri Varagnat";"48,91560710";"2,48418555"
"202300053034";"9";"05";"2023";"13:53";"1";"78";"78362";"1";"1";"3";"4";"A13";"48,97769000";"1,71280000"
"202300053035";"1";"01";"2023";"17:40";"5";"75";"75116";"2";"1";"2";"6";"ALLEE DU BORD DE L EAU";"48,85913600";"2,22759600"
"202300053036";"30";"03";"2023";"01:30";"3";"22";"22034";"1";"1";"1";"7";"ROUTE DEPARTEMENTALE 767, PR 45+046, KERMORVAN, SENS LANNION-GUINGAMP";"48,68023700";" -3,35659100"
"202300053037";"9";"05";"2023";"09:15";"1";"92";"92036";"1";"1";"3";"6";"RN315 Y";"48,92990191";"2,30211945"
"202300053038";"1";"12";"2023";"07:00";"5";"92";"92012";"2";"1";"1";"3";"GEORGES GORSE (QUAI)";"48,82699871";"2,23112404"
"202300053039";"10";"06";"2023";"01:07";"5";"92";"92051";"2";"1";"1";"6";"MAURICE BARRES (BOULEVARD)";"48,87990000";"2,26310000"
"202300053040";"2";"01";"2023";"18:28";"5";"75";"75115";"2";"1";"1";"3";"QUAI ANDRE CITROEN";"48,84697600";"2,27828500"
"202300053041";"15";"02";"2023";"14:50";"1";"60";"60509";"2";"3";"1";"3";"Rue Voltaire";"49,30727900";"2,60426400"
"202300053042";"31";"03";"2023";"15:00";"1";"60";"60176";"1";"1";"2";"1";"D1324";"49,23373402";"2,92587967"
"202300053043";"2";"01";"2023";"12:00";"1";"75";"75114";"2";"3";"2";"7";"AVENUE LUCIEN DESCAVES";"48,81699300";"2,33206900"
"202300053044";"8";"05";"2023";"23:05";"3";"92";"92072";"1";"1";"2";"2";"N118";"48,81421047";"2,21433526"