"Num_Acc";"jour";"mois";"an";"hrmn";"lum";"dep";"com";"agg";"int";"atm";"col";"adr";"lat";"long"
"202300053243";"5";"08";"2023";"19:00";"2";"36";"36175";"2";"1";"1";"7";"2 Rue du Chanoine Berger";"47,07230300";"1,65566300"
"202300053244";"25";"09";"2023";"20:20";"5";"69";"69259";"2";"1";"1";"6";"Avenue Marcel Cachin";"45,69229000";"4,87626000"
"202300053245";"31";"03";"2023";"08:45";"1";"02";"02697";"1";"1";"1";"2";"A26";"49,56643300";"3,72886100"
"202300053246";"3";"01";"2023";"07:45";"5";"65";"65388";"2";"1";"2";"6";"Route d’Autun";"42,82071400";"0,32716500"
"202300053247";"24";"08";"2023";"17:45";"1";"84";"84022";"1";"1";"1";"6";"route departementale 20";"44,27747000";"4,98148400"
"202300053248";"13";"02";"2023";"12:30";"1";"13";"13005";"1";"1";"1";"7";"A50 - Sens Aubagne vers Marseille";"43,27671110";"5,58758772"
"202300053249";"11";"06";"2023";"06:00";"2";"29";"29193";"1";"1";"1";"6";"Kersaliou";"48,53323559";" -4,08045150"
"202300053250";"15";"07";"2023";"15:45";"1";"58";"58264";"1";"1";"1";"5";"D2076";"46,80182200";"3,10269400"
"202300053251";"2";"12";"2023";"00:05";"3";"33";"33199";"2";"3";"2";"3";"131 route des lacs";"44,62319700";" -1,10799900"
"202300053252";"31";"03";"2023";"05:45";"3";"07";"07227";"1";"1";"2";"1";"d 82";"45,25587752";"4,72581625"
"202300053253";"8";"05";"2023";"14:00";"1";"69";"69282";"2";"1";"1";"1";"Chemin de Peyssillieu";"45,76840392";"4,98656767"
"202300053254";"3";"01";"2023";"14:25";"1";"69";"69162";"1";"1";"1";"7";"Route Départementale 337";"46,13966800";"4,60755200"
"202300053255";"25";"08";"2023";"11:15";"1";"86";"86070";"2";"3";"1";"3";"Rue de Poitiers";"46,56832500";"0,63152300"
"202300053256";"10";"06";"2023";"20:23";"1";"29";"29117";"1";"1";"1";"2";"Lessiec";"48,56035428";" -4,50586958"
"202300053257";"14";"07";"2023";"05:20";"2";"18";"18011";"2";"1";"1";"6";"17 Rue Nicolas Leblanc";"47,55723000";"2,44510700"
"202300053258";"13";"02";"2023";"16:45";"1";"13";"13211";"1";"1";"1";"4";"A50-Sens Aubagne vers Marseille";"43,28807985";"5,44165529"
"202300053259";"31";"03";"2023";"16:17";"1";"38";"38464";"1";"1";"1";"6";"A48 PK044.800 sens GRENOBLE-LYON";"45,54786638";"5,37286868"
"202300053260";"11";"06";"2023";"15:45";"1";"31";"31416";"2";"6";"1";"6";"Route de Lafitte";"43,31642000";"1,18229600"
"202300053261";"26";"09";"2023";"17:00";"1";"67";"67482";"2";"1";"1";"3";"FRANÇOIS MITTERRAND (AVENUE)";"48,58558000";"7,69494000"
"202300053262";"1";"12";"2023";"22:20";"3";"37";"37003";"2";"1";"1";"6";"Rue du Clos de Belle Roche";"47,41790900";"1,00056900"
"202300053263";"2";"01";"2023";"17:45";"3";"46";"46162";"1";"1";"2";"1";"Départementale 653";"44,55224500";"1,58398400"
"202300053264";"8";"05";"2023";"12:15";"1";"69";"69290";"2";"1";"1";"2";"Route de Grenoble";"45,71388000";"4,96704000"
"202300053265";"23";"08";"2023";"18:50";"1";"58";"58270";"1";"1";"1";"6";"D955";"47,49536500";"3,00465300"
"202300053266";"15";"07";"2023";"18:55";"1";"07";"07155";"2";"1";"1";"1";"Route du Village";"44,63370400";"4,36077800"
"202300053267";"3";"01";"2023";"18:00";"5";"29";"29272";"2";"1";"3";"6";"Rue Jean Jaures";"47,96741700";" -3,93340600"
"202300053268";"8";"05";"2023";"17:20";"1";"64";"64284";"2";"1";"1";"6";"RAUSKI";"43,26769000";" -0,38945000"
"202300053269";"26";"09";"2023";"08:00";"1";"67";"67482";"2";"3";"1";"3";"FENELON (RUE)";"48,60000000";"7,69600000"
"202300053270";"14";"02";"2023";"15:50";"1";"69";"69297";"1";"1";"1";"5";"Autoroute 47 ";"45,58817000";"4,78852000"
"202300053271";"24";"08";"2023";"17:00";"1";"21";"21192";"1";"1";"2";"7";"Rue de Marsannay";"47,29197300";"4,94881500"
"202300053272";"29";"03";"2023";"07:15";"2";"38";"38189";"1";"1";"1";"5";"RD 518 Z";"45,63867700";"5,06555600"
"202300053273";"15";"07";"2023";"19:30";"1";"21";"21251";"1";"1";"1";"6";"VILLENEUVE";"47,19680600";"4,53960700"
"202300053274";"2";"01";"2023";"15:20";"1";"29";"29173";"1";"1";"3";"7";"route d'Audierne - le Paradis";"47,99862400";" -4,19528600"
"202300053275";"24";"11";"2023";"13:00";"1";"45";"45290";"1";"3";"1";"3";"D952 PR 44 + 835";"47,86204200";"2,25361900"
"202300053276";"25";"09";"2023";"17:15";"1";"67";"67482";"2";"1";"1";"6";"ILL (RUE DE L )";"48,61304100";"7,76967500"
"202300053277";"2";"01";"2023";"17:30";"3";"03";"03226";"1";"1";"2";"7";"les millets";"46,39290000";"3,89132700"
"202300053278";"10";"07";"2023";"15:45";"1";"24";"24520";"2";"1";"1";"7";"Chemin de Pechauriol";"44,90956500";"1,20779300"
"202300053279";"10";"02";"2023";"19:40";"3";"57";"57672";"1";"1";"1";"3";"Autoroute A31";"49,37907000";"6,10610000"
"202300053280";"24";"08";"2023";"19:00";"1";"62";"62458";"2";"3";"1";"3";"D 219";"50,79207400";"2,16281800"
"202300053281";"7";"05";"2023";"15:20";"1";"64";"64102";"2";"3";"1";"3";"MOUNEDE (AVENUE DE)";"43,49970000";" -1,45849000"
"202300053282";"11";"06";"2023";"18:50";"1";"60";"60132";"1";"1";"1";"3";"D934";"49,63099410";"2,91713995"
"202300053283";"22";"08";"2023";"08:19";"1";"56";"56240";"1";"1";"7";"7";"Kerhart D780";"47,53983100";" -2,73632300"
"202300053284";"30";"03";"2023";"16:45";"1";"988";"98821";"1";"2";"1";"3";"RT1/RM21 - La Tamoa";" -22,07633400";"166,29026400"
"202300053285";"3";"01";"2023";"13:20";"1";"53";"53101";"1";"1";"1";"1";"RN162";"47,89240000";" -0,68092000"
"202300053286";"13";"02";"2023";"12:00";"1";"59";"59508";"1";"1";"1";"6";"AUTOROUTE A22";"50,74415000";"3,13997000"
"202300053287";"1";"12";"2023";"19:00";"5";"77";"77171";"2";"3";"1";"6";"D5";"48,90508200";"2,81329700"
"202300053288";"3";"01";"2023";"08:40";"1";"28";"28322";"1";"1";"1";"6";"RD316, LES EAUX DE PARIS";"48,70863500";"0,96066000"
"202300053289";"23";"08";"2023";"16:00";"1";"67";"67053";"1";"2";"7";"6";"D209";"48,23657178";"7,55513625"
"202300053290";"16";"07";"2023";"13:45";"1";"24";"24038";"2";"3";"1";"2";"D708";"45,30418800";"0,36149700"
"202300053291";"26";"09";"2023";"21:25";"3";"64";"64445";"2";"2";"1";"3";"LESPY";"43,30038000";" -0,36510000"
"202300053292";"7";"05";"2023";"09:16";"1";"64";"64024";"2";"3";"1";"3";"EUGENE BERNAIN (AVENUE)";"43,48567000";" -1,51385000"
"202300053293";"2";"12";"2023";"10:25";"1";"66";"66014";"1";"1";"1";"6";"D614";"42,75452547";"2,82561600"
"202300053294";"30";"03";"2023";"18:20";"2";"978";"97801";"2";"1";"1";"1";"R CHARLES TONDU";"18,06451600";" -63,08891400"
"202300053295";"29";"10";"2023";"10:10";"1";"971";"97118";"2";"1";"1";"1";"Chemin de Clede";"16,20145100";" -61,61393000"
"202300053296";"14";"02";"2023";"17:35";"2";"91";"91286";"1";"1";"1";"4";"AUTOROUTE A6";"48,64590000";"2,38860000"
"202300053297";"10";"06";"2023";"13:50";"1";"45";"45098";"2";"1";"1";"6";"94 Rue du Maréchal Foch";"47,82128800";"1,75615500"
"202300053298";"2";"01";"2023";"19:15";"3";"64";"64216";"1";"1";"2";"2";"autoroute A64 - PK 123+700";"43,26183100";" -0,14711400"
"202300053299";"31";"03";"2023";"00:45";"3";"13";"13067";"1";"1";"1";"7";"D7n";"43,79022400";"5,02578300"
"202300053300";"25";"09";"2023";"18:45";"1";"64";"64102";"2";"7";"1";"3";"MAUBEC (RUE)";"43,49716000";" -1,46790000"
"202300053301";"7";"05";"2023";"17:55";"1";"59";"59527";"2";"1";"3";"6";"FILATURE RUE DE LA";"50,66353000";"3,05591000"
"202300053302";"25";"08";"2023";"18:26";"1";"76";"76241";"1";"2";"1";"3";"D37";"49,81058700";"0,78846200"
"202300053303";"16";"07";"2023";"04:48";"3";"04";"04173";"2";"1";"1";"6";"Chemin des Iscles";"43,96161200";"6,51436700"
"202300053304";"29";"09";"2023";"17:00";"1";"83";"83115";"1";"1";"1";"3";"Le Saut du Loup";"43,33827300";"6,67652200"
"202300053305";"30";"03";"2023";"14:15";"1";"13";"13034";"1";"1";"1";"7";"Chemin de Saint-claude";"43,76777800";"4,96214000"
"202300053306";"24";"08";"2023";"17:45";"1";"65";"65212";"1";"9";"1";"7";"D30";"42,85608914";"0,31659605"
"202300053307";"2";"01";"2023";"13:35";"1";"31";"31037";"1";"1";"2";"5";"Autoroute A61, point kilométrique 271+000";"43,36158900";"1,77966300"
"202300053308";"2";"06";"2023";"10:15";"1";"16";"16073";"2";"2";"1";"6";"14 Rue de la Tude";"45,27255700";"0,04223400"
"202300053309";"28";"10";"2023";"23:45";"5";"2B";"2B148";"2";"1";"1";"3";"RT 205";"42,54234700";"9,44248100"
"202300053310";"8";"05";"2023";"03:50";"5";"57";"57630";"2";"1";"1";"7";"MALRAUX (VOIE ANDRE)";"48,73310000";"7,04041800"
"202300053311";"14";"02";"2023";"13:40";"1";"91";"91589";"1";"1";"1";"2";"AUTOROUTE A6";"48,67908000";"2,33417000"
"202300053312";"24";"08";"2023";"20:40";"2";"81";"81217";"1";"1";"1";"7";"5049 Route de Brugnac";"43,96220200";"1,74009900"
"202300053313";"30";"03";"2023";"23:12";"3";"25";"25097";"1";"6";"9";"6";"D633";"47,52522900";"6,85551200"
"202300053314";"7";"07";"2023";"09:10";"1";"85";"85164";"2";"3";"1";"3";"18 Route de la taillée";"46,82980000";" -2,12068900"
"202300053315";"2";"01";"2023";"00:52";"5";"987";"98745";"2";"1";"1";"1";"PATIO PK 0+300 NORD OUEST";" -16,62000000";" -151,49600000"
"202300053316";"26";"09";"2023";"15:45";"1";"62";"62624";"2";"2";"1";"3";"ZONE COMMERCIALE AUCHAN";"50,40777000";"2,97912000"
"202300053317";"1";"12";"2023";"18:00";"3";"89";"89274";"1";"1";"1";"4";"A19";"48,20916500";"3,22357400"
"202300053318";"12";"06";"2023";"12:10";"1";"21";"21337";"2";"1";"1";"6";"Rue du Cimetiere";"47,26972600";"5,37972300"
"202300053319";"24";"08";"2023";"15:30";"1";"11";"11276";"1";"1";"1";"7";"CD611, col du Pilloux";"42,84873800";"2,73733400"
"202300053320";"8";"05";"2023";"19:18";"1";"54";"54575";"1";"1";"1";"6";" D17";"49,47270600";"5,79498200"
"202300053321";"30";"03";"2023";"14:30";"1";"68";"68318";"2";"1";"1";"3";"Quai de la Rivière";"47,95862800";"7,24452800"
"202300053322";"3";"01";"2023";"10:45";"1";"85";"85234";"1";"1";"7";"1";"RD.38 PR032.940";"46,77058000";" -2,00569400"
"202300053323";"25";"08";"2023";"05:15";"3";"63";"63469";"1";"1";"1";"6";"Départemantale 7 - Lieu dit la plaine";"45,76778990";"3,58771741"
"202300053324";"14";"02";"2023";"12:10";"2";"78";"78118";"1";"1";"1";"3";"A13";"48,98619800";"1,66866700"
"202300053325";"28";"10";"2023";"08:00";"1";"2A";"2A247";"1";"1";"1";"1";"T10";"41,49081100";"9,24513500"
"202300053326";"11";"06";"2023";"16:00";"1";"48";"48166";"1";"1";"1";"7";"D983";"44,28593000";"3,59662700"
"202300053327";"26";"09";"2023";"10:20";"1";"62";"62263";"1";"9";"1";"3";"Rue James Watt";"50,26878627";"2,72533733"
"202300053328";"16";"07";"2023";"09:00";"1";"28";"28393";"1";"2";"1";"3";"D140";"48,61613700";"1,36288100"
"202300053329";"9";"02";"2023";"10:35";"1";"92";"92063";"2";"1";"1";"7";"A86";"48,88319818";"2,16566641"
"202300053330";"8";"05";"2023";"18:30";"1";"51";"51454";"2";"2";"1";"3";"rue de la Garenne";"49,24425000";"4,00728000"
"202300053331";"22";"08";"2023";"16:25";"1";"46";"46083";"1";"8";"1";"1";"D720";"45,01600200";"1,61377500"
"202300053332";"28";"03";"2023";"14:35";"1";"09";"09160";"2";"1";"1";"3";"37 Avenue Général de Gaulle";"42,93002600";"1,85549300"
"202300053333";"1";"12";"2023";"17:25";"5";"71";"71583";"2";"2";"2";"5";"8 rue de la bruyère";"46,27048500";"4,77537800"
"202300053334";"16";"07";"2023";"12:45";"1";"52";"52040";"1";"1";"1";"7";"route départementale 129";"47,84316849";"5,06177688"
"202300053335";"28";"10";"2023";"17:15";"1";"66";"66053";"1";"1";"1";"3";"N/A";"42,53057800";"3,07287300"
"202300053336";"26";"09";"2023";"07:15";"2";"60";"60057";"2";"1";"1";"3";"Rue de Clermont";"49,43092000";"2,11235000"
"202300053337";"13";"02";"2023";"17:18";"1";"92";"92072";"1";"1";"1";"6";"N118";"48,82639920";"2,22346625"
"202300053338";"11";"06";"2023";"14:08";"1";"88";"88373";"1";"1";"7";"7";"D392";"48,50676000";"7,10595500"
"202300053339";"30";"03";"2023";"17:20";"1";"40";"40314";"1";"1";"1";"7";"Route de Tartas";"43,66980100";" -1,12031600"
"202300053340";"24";"08";"2023";"17:45";"1";"46";"46334";"1";"1";"1";"1";"lieu-dit le pouget";"44,74349100";"1,44681000"
"202300053341";"8";"05";"2023";"14:30";"1";"47";"47031";"1";"3";"1";"3";"DOCTEUR NOGUES (AV DU)";"44,19137000";"0,65082000"
"202300053342";"15";"07";"2023";"23:25";"3";"67";"67465";"1";"1";"2";"2";"A35";"48,78492200";"7,96054400"
"202300053343";"11";"06";"2023";"10:10";"1";"78";"78356";"2";"1";"1";"6";"16 Route de Versailles";"48,72437900";"2,09235900"
"202300053344";"26";"09";"2023";"17:51";"1";"59";"59009";"2";"1";"1";"1";"ERABLES RUE DES";"50,61958000";"3,14291000"
"202300053345";"15";"10";"2023";"17:15";"1";"66";"66008";"1";"3";"1";"1";"N/A";"42,53707000";"3,04408200"
"202300053346";"2";"01";"2023";"12:58";"1";"51";"51118";"1";"1";"1";"2";"A26";"49,27144500";"3,96110800"
"202300053347";"24";"08";"2023";"16:50";"1";"44";"44069";"1";"6";"1";"3";"Rond-Point de Villeneuve";"47,32011778";" -2,41424963"
"202300053348";"30";"03";"2023";"22:05";"3";"76";"76415";"1";"1";"2";"1";"D915";"49,68304100";"1,37809800"
"202300053349";"8";"05";"2023";"18:10";"1";"45";"45232";"2";"2";"1";"6";"Avenue de Verdun";"47,86864000";"1,91206000"
"202300053350";"14";"02";"2023";"18:45";"2";"93";"93005";"1";"1";"1";"5";"AUTOROUTE A3";"48,93021000";"2,48110000"
"202300053351";"12";"06";"2023";"07:00";"1";"49";"49215";"1";"1";"1";"5";"D938";"47,11636500";" -0,16183400"
"202300053352";"29";"10";"2023";"13:15";"1";"84";"84003";"1";"1";"1";"1";"Route Departementale 943";"43,86371400";"5,36790200"
"202300053353";"2";"12";"2023";"16:55";"1";"10";"10130";"1";"1";"1";"7";"D137";"48,60930600";"4,21445800"
"202300053354";"26";"09";"2023";"10:20";"1";"59";"59009";"1";"3";"1";"2";"MONS BOULEVARD DE";"50,64367000";"3,13563000"
"202300053355";"15";"07";"2023";"15:00";"1";"03";"03277";"1";"1";"1";"6";"Autoroute A71";"46,28112400";"3,04955300"
"202300053356";"24";"08";"2023";"21:55";"3";"44";"44142";"1";"1";"1";"2";"la Caffiniere";"47,06361800";" -1,38565600"
"202300053357";"30";"03";"2023";"21:39";"3";"80";"80204";"1";"1";"1";"6";"A2";"50,01387971";"2,87901878"
"202300053358";"11";"06";"2023";"20:05";"5";"987";"98738";"2";"1";"1";"6";"RT1";" -17,63697700";" -149,60941300"
"202300053359";"2";"01";"2023";"18:50";"3";"34";"34340";"1";"1";"1";"4";"Autoroute A9 - PK 76+500 sens 2";"43,71667207";"4,13759112"
"202300053360";"1";"12";"2023";"14:50";"1";"73";"73303";"1";"1";"3";"6";"D1508 route d'Annecy - Lieu-dit Champs froids";"45,76667000";"6,36563800"
"202300053361";"26";"09";"2023";"08:50";"1";"59";"59507";"2";"1";"1";"3";"SEMBAT MARCEL RUE";"50,60156000";"3,07929000"
"202300053362";"8";"05";"2023";"09:25";"1";"34";"34301";"2";"2";"1";"3";"HUGO VICTOR (AVENUE)";"43,40883400";"3,69794100"
"202300053363";"28";"10";"2023";"15:50";"1";"84";"84003";"2";"3";"1";"3";"Avenue de Saignon";"43,87423500";"5,40237700"
"202300053364";"29";"03";"2023";"08:30";"1";"13";"13005";"1";"1";"1";"1";"A50-Sens Marseille vers Aubagne";"43,28482000";"5,57130000"
"202300053365";"23";"08";"2023";"16:15";"1";"03";"03264";"2";"1";"1";"6";"6 Rue de la Liberté";"46,06522600";"3,46280500"
"202300053366";"13";"02";"2023";"18:30";"3";"92";"92036";"1";"1";"1";"4";"AUTOROUTE A86";"48,93895984";"2,30736060"
"202300053367";"2";"01";"2023";"16:30";"1";"73";"73257";"1";"1";"1";"6";"D117";"45,38608600";"6,50327300"
"202300053368";"12";"06";"2023";"15:30";"1";"69";"69244";"2";"5";"1";"6";"Avenue Charles de Gaulle";"45,75818200";"4,77467500"
"202300053369";"10";"07";"2023";"18:09";"1";"63";"63014";"1";"9";"1";"5";"A75 - PK002.800";"45,74931462";"3,14436582"
"202300053370";"6";"05";"2023";"12:00";"1";"21";"21054";"2";"2";"1";"3";"SAINT-JACQUES (BOULEVARD)";"47,02078000";"4,83744000"
"202300053371";"13";"02";"2023";"05:00";"3";"93";"93027";"1";"1";"1";"6";"AUTOROUTE A86";"48,92852000";"2,41594000"
"202300053372";"28";"10";"2023";"12:25";"1";"38";"38336";"1";"1";"1";"2";"A7 - Pk 008+700";"45,46374300";"4,83295400"
"202300053373";"23";"08";"2023";"12:15";"1";"26";"26108";"2";"1";"1";"3";"Rue Roch Grivel";"44,72705200";"5,02465700"
"202300053374";"26";"09";"2023";"07:30";"2";"57";"57463";"2";"3";"5";"7";"FORT DE QUEULEU";"49,10032000";"6,20623000"
"202300053375";"30";"03";"2023";"06:47";"2";"33";"33487";"1";"1";"1";"2";"AUTOROUTE A 10";"44,95352152";" -0,45754194"
"202300053376";"1";"06";"2023";"12:50";"1";"976";"97603";"1";"1";"1";"7";"Route nationale 3";" -12,91689400";"45,18547500"
"202300053377";"14";"07";"2023";"13:45";"1";"11";"11262";"1";"1";"1";"6";"Autoroute A 61, PK 368.000";"43,15836100";"2,91313600"
"202300053378";"1";"01";"2023";"05:10";"3";"988";"98817";"1";"3";"1";"6";"RPS1/Rue du Mont THABOR";" -22,22943000";"166,53552000"
"202300053379";"27";"10";"2023";"14:00";"1";"08";"08081";"2";"1";"2";"7";"Rue Diderot";"49,84929500";"4,76183000"
"202300053380";"25";"09";"2023";"21:45";"5";"56";"56107";"2";"1";"1";"6";"KERGUELEN (RUE DE)";"47,70717000";" -3,40838000"
"202300053381";"26";"05";"2023";"10:30";"1";"34";"34172";"1";"1";"1";"3";"A709 PK010+200";"43,60858900";"3,93646400"
"202300053382";"28";"03";"2023";"08:50";"1";"33";"33063";"1";"1";"1";"2";"ROCADE A 630";"44,88034315";" -0,53993940"
"202300053383";"14";"02";"2023";"19:30";"3";"93";"93051";"1";"1";"1";"3";"A4";"48,83478650";"2,58010105"
"202300053384";"29";"10";"2023";"16:15";"1";"54";"54397";"2";"3";"2";"6";"372 Rue de la Justice";"48,62188900";"6,10291400"
"202300053385";"1";"01";"2023";"06:55";"1";"971";"97125";"2";"1";"1";"6";"Pombiray";"16,28670400";" -61,30376500"
"202300053386";"26";"11";"2023";"14:20";"1";"65";"65123";"1";"1";"1";"3";"RD 935 route des deux Cols";"42,99627900";"0,20696500"
"202300053387";"24";"08";"2023";"17:40";"1";"24";"24037";"1";"1";"1";"3";"Le penaud";"44,82865000";"0,52511200"
"202300053388";"30";"03";"2023";"11:01";"1";"91";"91037";"1";"1";"1";"7";"AUTOROUTE A6";"48,54103000";"2,49830000"
"202300053389";"12";"06";"2023";"01:20";"3";"11";"11322";"1";"1";"1";"6";"";"43,00156000";"2,96402900"
"202300053390";"8";"05";"2023";"11:35";"1";"16";"16015";"2";"2";"1";"3";"MAIRAT (RUE PAUL)";"45,65646000";"0,17505000"
"202300053391";"29";"10";"2023";"12:10";"1";"26";"26331";"1";"1";"1";"7";"route du vercors";"45,03297900";"5,29236300"
"202300053392";"25";"09";"2023";"08:00";"1";"54";"54526";"2";"3";"1";"2";"Rue Louis Barthou";"48,69730000";"6,20735000"
"202300053393";"2";"01";"2023";"17:45";"5";"83";"83099";"2";"1";"1";"6";"RDN7";"43,43981139";"6,70745373"
"202300053394";"14";"02";"2023";"10:00";"1";"94";"94042";"1";"1";"1";"5";"A4";"48,82836797";"2,47558356"
"202300053395";"25";"08";"2023";"13:25";"1";"27";"27105";"2";"3";"1";"3";"Route de Rouen";"49,31028100";"0,88807900"
"202300053396";"27";"10";"2023";"20:15";"4";"86";"86297";"1";"1";"2";"7";"D910";"46,56382300";"0,30298400"
"202300053397";"16";"07";"2023";"05:00";"2";"60";"60631";"1";"1";"1";"4";"Autoroute A1, sens Paris vers Lille, PK 34+900";"49,14424071";"2,57546293"
"202300053398";"3";"01";"2023";"08:10";"3";"89";"89037";"1";"1";"1";"6";"Autoroute A6";"47,91750600";"3,28803400"
"202300053399";"1";"12";"2023";"06:45";"3";"64";"64304";"1";"1";"2";"1";"RD 312";"43,47803900";" -1,40991900"
"202300053400";"11";"06";"2023";"00:05";"3";"988";"98814";"1";"1";"1";"6";"Hnasatuluneun";" -20,84776900";"167,23414000"
"202300053401";"29";"03";"2023";"14:41";"1";"91";"91617";"1";"1";"1";"5";"RN 104";"48,63171000";"2,49685000"
"202300053402";"8";"05";"2023";"02:00";"5";"13";"13216";"2";"1";"1";"1";"ESTAQUE PLAGE";"43,36057000";"5,29915000"
"202300053403";"13";"02";"2023";"15:33";"1";"85";"85191";"2";"9";"1";"6";"Boulevard des états-unis";"46,66556000";" -1,42004000"
"202300053404";"26";"09";"2023";"15:20";"1";"45";"45147";"2";"1";"1";"2";"61 Rue Victor Hugo";"47,92939707";"1,89986229"
"202300053405";"23";"10";"2023";"19:00";"3";"83";"83069";"1";"1";"1";"6";"A570";"43,11600000";"6,11090000"
"202300053406";"16";"07";"2023";"12:40";"1";"988";"98803";"2";"3";"1";"6";"RT1/Route Léon BRESIL";" -21,55191200";"165,47911000"
"202300053407";"25";"08";"2023";"09:30";"1";"37";"37132";"2";"1";"2";"1";"56 Avenue Aristide Briand";"47,11705700";"1,00205500"
"202300053408";"3";"01";"2023";"12:25";"1";"67";"67339";"1";"1";"1";"1";"D243";"48,89808700";"7,93021900"
"202300053409";"1";"12";"2023";"16:40";"1";"49";"49301";"2";"1";"1";"6";"11 Rue du Commerce (St Macaire-en-Mauges)";"47,12371563";" -0,99242002"
"202300053410";"7";"05";"2023";"23:10";"5";"75";"75113";"2";"2";"1";"6";"RUE BOBILLOT";"48,82580700";"2,35038000"
"202300053411";"13";"07";"2023";"17:05";"1";"29";"29233";"1";"1";"1";"7";"D16";"47,83312300";" -3,58051300"
"202300053412";"28";"10";"2023";"03:30";"5";"69";"69382";"2";"1";"1";"6";"Route de Métropole 6 ";"45,75076339";"4,82303997"
"202300053413";"12";"06";"2023";"06:30";"2";"77";"77005";"1";"1";"2";"1";"D404";"48,92663000";"2,72794600"
"202300053414";"26";"09";"2023";"10:20";"1";"45";"45075";"2";"1";"1";"3";"30bis Route de Blois";"47,88610000";"1,82740000"
"202300053415";"2";"01";"2023";"17:19";"2";"22";"22282";"1";"1";"2";"7";"D19";"48,60088500";" -2,24220900"
"202300053416";"25";"08";"2023";"10:40";"1";"13";"13091";"2";"1";"1";"3";"48 Avenue Camille Pelletan";"43,62005900";"5,30115100"
"202300053417";"2";"12";"2023";"07:05";"2";"44";"44158";"1";"1";"1";"7";"Route de Saint Etienne de Montluc";"47,24767400";" -1,73575400"
"202300053418";"16";"07";"2023";"01:35";"3";"29";"29230";"1";"1";"1";"6";"D790";"47,96391650";" -3,50150774"
"202300053419";"11";"02";"2023";"13:30";"1";"67";"67482";"2";"3";"1";"6";"SCHIRMECK (ROUTE DE)";"48,56200000";"7,69761000"
"202300053420";"12";"06";"2023";"17:50";"1";"77";"77144";"1";"1";"1";"6";"VC";"48,75548900";"2,90959100"
"202300053421";"8";"05";"2023";"19:50";"1";"75";"75112";"2";"2";"1";"1";"BOULEVARD PONIATOWSKI";"48,83185200";"2,39769500"
"202300053422";"29";"03";"2023";"19:00";"1";"95";"95060";"1";"1";"1";"2";"A115";"49,03996800";"2,19073612"
"202300053423";"28";"10";"2023";"07:00";"3";"91";"91161";"1";"1";"1";"7";"AUTOROUTE A6";"48,71404000";"2,30876000"
"202300053424";"2";"01";"2023";"23:45";"3";"60";"60243";"1";"1";"1";"3";"D1001";"49,48792363";"2,14779235"
"202300053425";"24";"08";"2023";"12:44";"1";"01";"01089";"1";"1";"1";"4";"A42 sens GENÈVE/LYON PK 040+100";"45,95900800";"5,30513300"
"202300053426";"4";"07";"2023";"11:55";"1";"45";"45312";"2";"1";"1";"6";"D2007 PR 28 + 730";"47,91315804";"2,73512679"
"202300053427";"2";"12";"2023";"15:00";"1";"60";"60241";"1";"2";"1";"3";"D330a";"49,17665700";"2,68628100"
"202300053428";"26";"09";"2023";"08:30";"1";"45";"45285";"2";"3";"1";"3";"262 Rue Charles Beauhaire";"47,91789927";"1,86025098"
"202300053429";"8";"05";"2023";"15:40";"1";"94";"94054";"2";"1";"1";"7";"Route Charles Tillon";"48,73864000";"2,39119000"
"202300053430";"28";"10";"2023";"07:30";"2";"92";"92072";"1";"1";"1";"6";"N118";"48,82602589";"2,22262601"
"202300053431";"10";"02";"2023";"15:43";"1";"63";"63032";"2";"5";"1";"6";"HUIT MAI 1945 (ESPLANADE DU)";"45,75310000";"3,08880000"
"202300053432";"1";"12";"2023";"23:30";"4";"02";"02186";"1";"1";"1";"7";"N/A";"48,98866600";"3,36013700"
"202300053433";"3";"01";"2023";"17:40";"3";"02";"02381";"1";"1";"1";"2";"N/A";"49,90476600";"4,08515500"
"202300053434";"12";"06";"2023";"17:50";"1";"2B";"2B079";"2";"1";"1";"5";"PONTE NOVO";"42,48671600";"9,28120000"
"202300053435";"27";"09";"2023";"00:10";"3";"45";"45338";"1";"1";"1";"6";"D2060 PR 29 + 470";"47,97178625";"2,71670732"
"202300053436";"24";"08";"2023";"20:15";"2";"68";"68042";"1";"1";"2";"6";"A35 - PK 120.800";"47,61725800";"7,51533500"
"202300053437";"29";"03";"2023";"17:45";"1";"95";"95572";"1";"1";"1";"4";"RN 184";"49,03235342";"2,10743017"
"202300053438";"7";"05";"2023";"06:30";"2";"93";"93073";"2";"1";"3";"3";"Rue des Terres Noires";"49,00244000";"2,53334000"
"202300053439";"14";"07";"2023";"20:00";"1";"91";"91386";"2";"1";"1";"2";"16 rue de Paris";"48,57500100";"2,43419300"
"202300053440";"2";"01";"2023";"22:20";"3";"59";"59268";"2";"1";"1";"6";"1790 rue de la Lys";"50,62672700";"2,72984000"
"202300053441";"29";"03";"2023";"12:00";"1";"95";"95641";"1";"9";"1";"6";"A1";"49,06787200";"2,55260200"
"202300053442";"10";"02";"2023";"12:58";"1";"63";"63113";"2";"2";"1";"6";"Rue Champfleury / rue de Chalonnax";"45,79154271";"3,09594432"