"Num_Acc";"jour";"mois";"an";"hrmn";"lum";"dep";"com";"agg";"int";"atm";"col";"adr";"lat";"long"
"202300053443";"24";"08";"2023";"04:00";"3";"34";"34146";"1";"1";"1";"1";"A9, PK 84.370";"43,68860500";"4,05983400"
"202300053444";"15";"07";"2023";"06:10";"2";"2B";"2B313";"2";"1";"1";"3";"T10";"42,36468800";"9,52949700"
"202300053445";"27";"10";"2023";"17:05";"1";"78";"78158";"1";"1";"2";"5";"A13";"48,83246400";"2,13930400"
"202300053446";"2";"12";"2023";"13:50";"1";"80";"80288";"1";"1";"1";"2";"A1";"49,88267600";"2,83747700"
"202300053447";"26";"09";"2023";"11:40";"1";"42";"42207";"2";"4";"1";"3";"Boulevard Pierre Joannon";"45,45556000";"4,50722000"
"202300053448";"8";"05";"2023";"10:45";"1";"93";"93031";"2";"1";"1";"2";"Route de Saint-leu";"48,95809000";"2,32968000"
"202300053449";"11";"08";"2023";"14:15";"1";"68";"68278";"2";"1";"1";"6";"134 Rue de l'Île Napoléon";"47,76497400";"7,39458200"
"202300053450";"13";"02";"2023";"20:15";"5";"974";"97416";"2";"7";"1";"6";"MOULIN A CAFE(CHEMIN)";" -21,28438000";"55,47277000"
"202300053451";"2";"01";"2023";"05:45";"5";"13";"13117";"1";"1";"1";"3";"A7-Sens Marseille vers Lyon";"43,47672200";"5,23758700"
"202300053452";"7";"07";"2023";"09:00";"1";"13";"13052";"2";"7";"1";"2";"10 Avenue du Poète";"43,83188500";"4,78240100"
"202300053453";"30";"03";"2023";"09:10";"1";"77";"77514";"1";"1";"1";"3";"A104";"48,94346579";"2,62839062"
"202300053454";"12";"06";"2023";"08:48";"1";"2B";"2B332";"1";"1";"1";"5";"route territoriale 30";"42,64668100";"9,09929800"
"202300053455";"26";"09";"2023";"23:20";"5";"41";"41018";"1";"1";"1";"6";"RD 956";"47,60234000";"1,34894000"
"202300053456";"28";"10";"2023";"13:55";"1";"95";"95582";"1";"1";"1";"6";"D170";"48,96561068";"2,27178812"
"202300053457";"1";"12";"2023";"17:30";"3";"59";"59025";"1";"1";"1";"1";"M141";"50,59141100";"2,82470900"
"202300053458";"12";"06";"2023";"08:50";"1";"48";"48119";"1";"1";"1";"6";"Le rachas";"44,51198719";"3,90897066"
"202300053459";"29";"03";"2023";"19:20";"1";"69";"69383";"2";"1";"1";"6";"Avenue Lacassagne";"45,75162000";"4,87202000"
"202300053460";"24";"08";"2023";"15:15";"1";"18";"18092";"1";"1";"1";"7";"N/A";"47,05895500";"2,65740400"
"202300053461";"13";"07";"2023";"22:20";"4";"01";"01211";"2";"3";"1";"3";"D22";"46,11730700";"5,19451900"
"202300053462";"2";"01";"2023";"17:25";"1";"33";"33550";"1";"1";"1";"5";"ROCADE A 630";"44,78138000";" -0,58176000"
"202300053463";"28";"10";"2023";"09:30";"1";"93";"93005";"1";"1";"1";"2";"AUTOROUTE A3";"48,95441000";"2,47384000"
"202300053464";"12";"02";"2023";"17:05";"1";"974";"97411";"1";"9";"2";"4";"JAURES (BOULEVARD JEAN)";" -20,88818000";"55,44409000"
"202300053465";"8";"05";"2023";"15:50";"1";"93";"93014";"2";"1";"1";"6";"Avenue de Sévigné";"48,91387000";"2,54689000"
"202300053466";"15";"07";"2023";"22:40";"3";"80";"80023";"1";"1";"1";"6";"D934";"49,73144339";"2,70937979"
"202300053467";"29";"03";"2023";"12:20";"1";"04";"04112";"2";"1";"1";"6";"SPELS (MONTEE DES)";"43,84483000";"5,78468000"
"202300053468";"11";"06";"2023";"17:55";"1";"83";"83068";"1";"1";"1";"3";"Route Départementale N°558";"43,28963900";"6,49342400"
"202300053469";"25";"08";"2023";"07:00";"1";"973";"97311";"2";"2";"1";"3";"Allee des Hoccos";"5,47185432";" -54,03336883"
"202300053470";"27";"10";"2023";"20:15";"3";"95";"95572";"1";"1";"2";"2";"A15";"49,03104508";"2,12144494"
"202300053471";"8";"05";"2023";"23:10";"3";"80";"80216";"1";"1";"1";"6";"D929";"50,04820400";"2,74247300"
"202300053472";"12";"09";"2023";"17:10";"1";"38";"38053";"1";"2";"1";"3";"D 1006";"45,59299000";"5,24756000"
"202300053473";"30";"11";"2023";"20:45";"3";"83";"83144";"1";"1";"1";"5";"A57";"43,13660000";"5,99399000"
"202300053474";"11";"02";"2023";"16:30";"1";"974";"97407";"2";"9";"1";"3";"ANGLAIS (CHE DES) - RIVIERE DES GALETS ";" -20,95505000";"55,31510000"
"202300053475";"12";"06";"2023";"10:45";"1";"05";"05065";"2";"7";"1";"6";"rue notre dame d'aquilon";"44,65960700";"6,64929800"
"202300053476";"15";"07";"2023";"22:00";"1";"59";"59581";"1";"1";"1";"6";"Rue des 3 Tilleuls";"50,66551000";"2,76856800"
"202300053477";"26";"09";"2023";"14:30";"1";"37";"37261";"2";"1";"1";"3";"GIRAUDEAU (RUE)";"47,38343000";"0,67690000"
"202300053478";"30";"11";"2023";"11:10";"1";"33";"33318";"1";"1";"3";"2";"AUTOROUTE A 63";"44,78592000";" -0,62758000"
"202300053479";"28";"04";"2023";"23:10";"5";"91";"91235";"2";"9";"1";"1";"Av du Dr Louis Francois Fichez";"48,63928400";"2,36186200"
"202300053480";"27";"10";"2023";"16:45";"1";"93";"93078";"1";"1";"2";"4";"AUTOROUTE A104";"48,96176998";"2,54505298"
"202300053481";"20";"08";"2023";"02:45";"5";"971";"97106";"1";"1";"3";"1";"Route Nationale 2";"16,17043800";" -61,77640500"
"202300053482";"13";"02";"2023";"16:40";"1";"973";"97302";"2";"3";"3";"6";"RABAN (ROUTE DE)";"4,92238624";" -52,31529057"
"202300053483";"29";"03";"2023";"10:55";"1";"988";"98818";"2";"1";"1";"6";"9 Rue Adolphe et Louise LAPLAGNE";" -22,26040000";"166,46663000"
"202300053484";"2";"01";"2023";"16:25";"1";"33";"33487";"1";"1";"1";"4";"AUTOROUTE A 10";"44,94053000";" -0,46669300"
"202300053485";"9";"06";"2023";"12:20";"1";"71";"71283";"2";"1";"1";"2";"D6";"46,69965600";"4,91262700"
"202300053486";"14";"07";"2023";"23:00";"5";"13";"13210";"1";"1";"1";"3";"A507 sens Aubagne- Marseille";"43,28344000";"5,40065000"
"202300053487";"18";"08";"2023";"15:35";"1";"77";"77327";"1";"1";"9";"7";"D12";"48,57806900";"3,04199000"
"202300053488";"1";"12";"2023";"19:17";"5";"91";"91377";"2";"1";"1";"2";"RN20";"48,72960000";"2,30054000"
"202300053489";"8";"05";"2023";"17:15";"1";"52";"52331";"2";"1";"1";"3";"68 Rue des Ponts";"48,47402300";"4,76577100"
"202300053490";"13";"02";"2023";"08:10";"1";"973";"97302";"2";"1";"3";"3";"ZEPHIR (ROCADE)";"4,93471000";" -52,30855000"
"202300053491";"26";"09";"2023";"07:45";"1";"37";"37233";"2";"2";"1";"3";"ESTIENNE D'ORVES (RUE D')";"47,38769000";"0,71881000"
"202300053492";"25";"08";"2023";"16:00";"1";"95";"95295";"1";"1";"1";"6";"D14";"49,11975358";"1,86050892"
"202300053493";"29";"03";"2023";"19:15";"5";"973";"97302";"2";"1";"1";"3";"LAFAURIE (CITE)";"4,93119000";" -52,32490000"
"202300053494";"1";"12";"2023";"18:45";"3";"78";"78640";"1";"1";"1";"6";"N118";"48,78123000";"2,22277600"
"202300053495";"28";"10";"2023";"15:45";"1";"77";"77258";"1";"1";"2";"5";"A4.W";"48,83059272";"2,63216178"
"202300053496";"14";"07";"2023";"13:30";"1";"83";"83137";"1";"1";"1";"3";"A57";"43,12179300";"5,95484900"
"202300053497";"2";"01";"2023";"14:00";"1";"91";"91228";"1";"1";"1";"4";"AUTOROUTE A6";"48,61916000";"2,42664000"
"202300053498";"10";"06";"2023";"10:27";"1";"38";"38187";"1";"1";"1";"1";"D8";"45,00829700";"5,63165700"
"202300053499";"24";"08";"2023";"06:00";"2";"95";"95446";"1";"1";"1";"6";"D79";"49,11989400";"2,16008900"
"202300053500";"26";"09";"2023";"15:45";"1";"35";"35238";"2";"9";"1";"6";"STATION DE METRO HENRI FREVILLE (AUX ABO";"48,08794000";" -1,67449000"
"202300053501";"27";"10";"2023";"19:06";"5";"988";"98818";"2";"1";"1";"6";"PAPEETE (RUE DE)";" -22,24656000";"166,44460000"
"202300053502";"13";"02";"2023";"19:20";"5";"69";"69386";"2";"2";"1";"3";"Cours Vitton";"45,77002000";"4,85848000"
"202300053503";"7";"05";"2023";"08:55";"1";"83";"83148";"1";"3";"1";"6";"route de lorgues - D48";"43,43043700";"6,42168000"
"202300053504";"30";"11";"2023";"19:05";"3";"92";"92048";"1";"1";"1";"4";"N118";"48,78695192";"2,22236293"
"202300053505";"15";"07";"2023";"11:10";"1";"33";"33013";"1";"1";"1";"2";"ROUTE NATIONALE 230";"44,86511000";" -0,50370000"
"202300053506";"24";"08";"2023";"13:30";"1";"2B";"2B109";"1";"1";"1";"1";"route départementale 80";"42,73877800";"9,34793800"
"202300053507";"29";"03";"2023";"14:30";"1";"69";"69383";"2";"2";"1";"3";"Boulevard Marius Vivier-Merle";"45,75360000";"4,85921000"
"202300053508";"28";"10";"2023";"03:30";"3";"974";"97416";"1";"9";"1";"7";"RN1(BRETELLE ACCES)";" -21,32814000";"55,45202000"
"202300053509";"8";"05";"2023";"16:07";"1";"67";"67006";"1";"1";"1";"7";"D230";"48,71589000";"7,46708400"
"202300053510";"12";"06";"2023";"12:20";"1";"69";"69050";"2";"2";"1";"1";"Route Buissonniere";"45,87607200";"4,64413800"
"202300053511";"13";"02";"2023";"16:30";"1";"69";"69081";"2";"1";"1";"6";"54 Chemin de Montlouis";"45,79105461";"4,78664606"
"202300053512";"30";"11";"2023";"17:30";"3";"78";"78206";"1";"1";"1";"6";"A13";"48,95544000";"1,93743800"
"202300053513";"14";"07";"2023";"20:40";"1";"94";"94003";"1";"1";"1";"2";"A6A";"48,81203112";"2,33668026"
"202300053514";"2";"01";"2023";"07:00";"1";"92";"92050";"1";"1";"2";"4";"A86";"48,90887046";"2,21442681"
"202300053515";"26";"09";"2023";"13:00";"1";"35";"35238";"2";"2";"1";"3";"FREVILLE (AVENUE HENRI)";"48,08376892";" -1,67450577"
"202300053516";"11";"06";"2023";"18:25";"1";"79";"79049";"1";"1";"1";"7";"";"46,78680500";" -0,47895900"
"202300053517";"13";"02";"2023";"08:15";"1";"69";"69081";"2";"3";"1";"6";"Rue du Collovrier";"45,79012000";"4,77865000"
"202300053518";"9";"05";"2023";"08:30";"1";"974";"97414";"1";"1";"1";"6";"route nationale 1005";" -21,25454200";"55,45895200"
"202300053519";"2";"01";"2023";"10:45";"1";"95";"95572";"1";"1";"2";"6";" A15";"49,03104977";"2,12143421"
"202300053520";"27";"10";"2023";"08:30";"1";"974";"97411";"2";"2";"1";"5";"PARIS (RUE DE)";" -20,88210000";"55,44980000"
"202300053521";"29";"03";"2023";"11:10";"1";"69";"69387";"2";"2";"1";"6";"174 Avenue Jean Jaurès";"45,73796224";"4,83759834"
"202300053522";"6";"05";"2023";"12:30";"1";"34";"34289";"1";"2";"1";"3";"RD18";"43,39354100";"3,40975300"
"202300053523";"15";"07";"2023";"02:15";"3";"78";"78158";"1";"1";"1";"2";"A13";"48,83242100";"2,13880200"
"202300053524";"11";"06";"2023";"17:15";"1";"33";"33439";"1";"1";"1";"6";"Lieu Dit le Page";"45,11477600";" -0,41407400"
"202300053525";"30";"11";"2023";"14:45";"1";"92";"92025";"1";"1";"1";"4";"A86";"48,92210032";"2,22649712"
"202300053526";"25";"09";"2023";"19:20";"1";"34";"34172";"2";"3";"1";"3";"LODEVE (AVENUE DE";"43,61029000";"3,85443000"
"202300053527";"2";"01";"2023";"09:30";"1";"95";"95277";"1";"1";"2";"6";"A3";"48,97313000";"2,48527000"
"202300053528";"25";"08";"2023";"07:45";"1";"08";"08136";"1";"1";"3";"6";"RN58";"49,70477800";"5,00933600"
"202300053529";"13";"02";"2023";"14:04";"1";"2B";"2B120";"2";"3";"1";"3";"IMPERIALE (Route) D464 ";"42,64068000";"9,43263000"
"202300053530";"27";"10";"2023";"06:15";"1";"974";"97411";"2";"1";"1";"2";"RAMBAUD (LEOPOLD)";" -20,88583000";"55,47486000"
"202300053531";"29";"03";"2023";"17:46";"1";"972";"97213";"1";"1";"1";"3";"ROUTE DEPARTEMENTALE 15";"14,60881000";" -61,00497000"
"202300053532";"9";"05";"2023";"07:40";"1";"84";"84099";"1";"1";"1";"5";"Route des Taillades";"43,84192500";"5,09681900"
"202300053533";"11";"06";"2023";"09:20";"1";"49";"49021";"1";"1";"1";"3";"Route des Bois d?Anjou";"47,45406500";" -0,19878400"
"202300053534";"24";"08";"2023";"11:05";"1";"67";"67368";"2";"1";"7";"7";"10 Rue Dreistein";"48,46423900";"7,41428300"
"202300053535";"14";"07";"2023";"09:36";"1";"78";"78362";"1";"1";"1";"4";"A13";"48,97567000";"1,72373000"
"202300053536";"1";"12";"2023";"00:05";"5";"95";"95212";"1";"1";"1";"6";"A1";"49,02672191";"2,53714234"
"202300053537";"23";"09";"2023";"03:24";"5";"30";"30189";"2";"3";"1";"7";"Route d'Avignon";"43,85370000";"4,40140000"
"202300053538";"1";"01";"2023";"12:30";"1";"974";"97416";"1";"1";"1";"1";"THOREZ (CHEMIN MAURICE)";" -21,27640000";"55,46840000"
"202300053539";"13";"02";"2023";"06:00";"3";"95";"95585";"2";"1";"8";"6";"GARGES (ROUTE DE)";"48,98881632";"2,37801701"
"202300053540";"8";"05";"2023";"17:50";"1";"42";"42242";"2";"1";"1";"1";"14 Route du 3 Juillet 1867";"45,54196500";"4,64104800"
"202300053541";"25";"08";"2023";"10:11";"1";"03";"03201";"1";"1";"2";"6";"les rocs gaillards";"46,11497800";"3,63861000"
"202300053542";"29";"03";"2023";"14:50";"1";"972";"97209";"2";"1";"1";"6";"ROUTE DEPARTEMENTALE 15 A";"14,61046000";" -61,04620000"
"202300053543";"27";"10";"2023";"08:20";"1";"974";"97407";"2";"1";"1";"1";"ELUARD(RUE)";" -20,93560000";"55,30399000"
"202300053544";"15";"07";"2023";"01:15";"3";"93";"93005";"1";"1";"1";"2";"AUTOROUTE A104";"48,97275000";"2,49336000"
"202300053545";"11";"06";"2023";"11:20";"1";"61";"61341";"1";"1";"1";"2";"D26";"48,49413400";"0,06883600"
"202300053546";"25";"09";"2023";"15:50";"1";"29";"29232";"2";"1";"1";"6";"Avenue de Keradennec";"47,97608798";" -4,07476366"
"202300053547";"1";"12";"2023";"21:05";"3";"94";"94028";"1";"1";"1";"3";"A86";"48,80172654";"2,44741443"
"202300053548";"16";"08";"2023";"08:45";"1";"73";"73303";"2";"1";"1";"6";"D1508 - 820 Route d'annecy";"45,74947846";"6,41085441"
"202300053549";"1";"01";"2023";"05:15";"1";"974";"97416";"1";"1";"1";"6";"RN03";" -21,32297000";"55,48223000"
"202300053550";"14";"07";"2023";"22:10";"3";"93";"93027";"1";"1";"1";"2";"AUTOROUTE A86";"48,92669333";"2,40380852"
"202300053551";"13";"02";"2023";"08:20";"1";"91";"91114";"2";"6";"1";"6";"RPT DU DONJON";"48,70063000";"2,50581000"
"202300053552";"9";"05";"2023";"17:30";"1";"60";"60385";"2";"1";"8";"1";"Rue de Meaux";"49,15385700";"3,11104600"
"202300053553";"27";"10";"2023";"14:40";"1";"973";"97302";"2";"3";"1";"3";"MERE THERESA (rue)";"4,92210298";" -52,31259629"
"202300053554";"28";"03";"2023";"10:54";"1";"972";"97213";"1";"1";"1";"3";"BOIS CARRE (RUE DU)";"14,62838000";" -60,99339000"
"202300053555";"24";"08";"2023";"22:00";"3";"42";"42296";"1";"1";"1";"7";"Route de Lyon";"45,73400600";"4,28046800"
"202300053556";"1";"01";"2023";"06:45";"2";"974";"97411";"1";"1";"1";"6";"LITTORAL (ROUTE 2 DU)";" -20,87582000";"55,41795000"
"202300053557";"8";"06";"2023";"17:45";"1";"14";"14068";"2";"3";"1";"3";"10 Rue du Général de Gaulle";"49,23976200";" -0,32680000"
"202300053558";"15";"07";"2023";"11:10";"1";"94";"94017";"1";"1";"1";"3";"A4";"48,82844169";"2,50273164"
"202300053559";"14";"02";"2023";"01:15";"5";"91";"91027";"2";"5";"1";"7";"RUE DE LA VOIE VERTE";"48,69945000";"2,36038000"
"202300053560";"27";"10";"2023";"14:53";"1";"69";"69383";"2";"1";"1";"6";"156 Rue Garibaldi";"45,76274000";"4,85165000"
"202300053561";"9";"05";"2023";"13:30";"1";"83";"83019";"1";"1";"1";"1";"D98";"43,14990800";"6,29601400"
"202300053562";"1";"12";"2023";"11:30";"1";"94";"94017";"1";"1";"1";"4";"A4";"48,82676199";"2,51252339"
"202300053563";"29";"03";"2023";"13:30";"1";"972";"97209";"1";"1";"1";"1";"REDOUTE (ROUTE DE LA)";"14,63601000";" -61,05587000"
"202300053564";"24";"08";"2023";"22:47";"5";"69";"69204";"2";"1";"1";"3";"6 Rue Marc Riboud";"45,69623600";"4,79720100"
"202300053565";"1";"01";"2023";"18:45";"3";"972";"97213";"1";"1";"1";"1";"ROUTE DEPARTEMENTALE 3";"14,64169000";" -60,99133000"
"202300053566";"26";"09";"2023";"08:25";"1";"25";"25056";"1";"1";"1";"5";"OUEST BOULEVARD";"47,21375000";"5,98814000"
"202300053567";"9";"06";"2023";"17:00";"1";"57";"57356";"1";"1";"1";"5";"D15";"49,43882210";"6,09352827"
"202300053568";"13";"02";"2023";"16:55";"1";"91";"91174";"2";"2";"1";"6";"RUE CHARLES ROBIN";"48,61595000";"2,46590000"
"202300053569";"15";"07";"2023";"10:10";"1";"77";"77121";"1";"1";"1";"4";"A4";"48,83144900";"2,67953500"
"202300053570";"27";"10";"2023";"12:37";"1";"69";"69387";"2";"2";"1";"3";"Rue d'Anvers";"45,74970000";"4,84265000"
"202300053571";"24";"11";"2023";"18:00";"5";"24";"24037";"2";"1";"2";"6";"PETIT SOL (RUE DU)";"44,85702000";"0,48464000"
"202300053572";"25";"08";"2023";"05:00";"3";"44";"44073";"1";"1";"1";"1";"11 Rue  Anne de Bretagne";"47,40328400";" -1,64778300"
"202300053573";"1";"01";"2023";"12:45";"1";"972";"97209";"2";"1";"1";"7";"CHATEAUBOEUF (ROUTE DE)";"14,61649000";" -61,04969000"
"202300053574";"8";"06";"2023";"18:30";"1";"59";"59481";"1";"1";"1";"7";"D934";"50,23478974";"3,63808393"
"202300053575";"8";"05";"2023";"11:45";"1";"85";"85109";"1";"1";"1";"7";"RD23";"46,83620000";" -1,00402000"
"202300053576";"29";"03";"2023";"08:55";"1";"972";"97209";"2";"6";"1";"3";"BISHOP (Avenue Maurice)";"14,60416000";" -61,06090000"
"202300053577";"25";"08";"2023";"03:20";"3";"50";"50601";"2";"1";"1";"1";"Route la Castellière - Giéville";"49,01483900";" -0,97284800"
"202300053578";"25";"09";"2023";"11:07";"1";"15";"15014";"2";"1";"1";"6";"DOCTEUR CHANAL (RUE DU)";"44,93889000";"2,45680000"
"202300053579";"17";"03";"2023";"14:40";"1";"974";"97414";"2";"1";"1";"1";"Rue du Père Laporte";" -21,26650600";"55,44156200"
"202300053580";"27";"10";"2023";"07:15";"1";"972";"97209";"2";"1";"8";"3";"REDOUTE (ROUTE DE LA)";"14,62225000";" -61,06043000"
"202300053581";"13";"03";"2023";"03:30";"5";"971";"97120";"1";"6";"1";"7";"CHEMIN NEUF";"16,23221823";" -61,53158069"
"202300053582";"9";"06";"2023";"11:25";"1";"59";"59482";"2";"1";"1";"6";"rue foch";"50,71239900";"3,00102100"
"202300053583";"1";"01";"2023";"21:47";"5";"2A";"2A004";"2";"4";"1";"3";"NAPOLEON COURS APRES BEVERINI";"41,93212342";"8,74060285"
"202300053584";"11";"02";"2023";"18:00";"1";"87";"87085";"2";"3";"1";"4";"TURGOT";"45,83132000";"1,25609000"
"202300053585";"21";"08";"2023";"07:00";"1";"35";"35360";"1";"6";"1";"6";"Rd 178";"48,13682400";" -1,21068500"
"202300053586";"29";"11";"2023";"18:00";"2";"988";"98818";"2";"3";"1";"3";"RUE JACQUES IEKAWE";" -22,23558000";"166,47659000"
"202300053587";"14";"07";"2023";"08:30";"1";"973";"97302";"2";"9";"1";"2";"BADUEL (ROUTE DE)";"4,93896331";" -52,31790572"
"202300053588";"8";"05";"2023";"15:15";"1";"62";"62113";"1";"3";"1";"4";"D939";"50,34934865";"2,53718004"
"202300053589";"26";"09";"2023";"11:00";"1";"13";"13117";"2";"1";"1";"2";"PADOVANI ( AVE )";"43,43461000";"5,26061000"
"202300053590";"29";"03";"2023";"12:00";"1";"2A";"2A004";"2";"1";"1";"6";"NAPOLEON COURS AVANT BEVERINI";"41,92170000";"8,73722000"
"202300053591";"27";"10";"2023";"19:51";"4";"2B";"2B037";"1";"1";"1";"3";"TOUTES RUES";"42,62386000";"9,43686000"
"202300053592";"29";"11";"2023";"08:30";"1";"974";"97416";"1";"1";"1";"7";"BOEUF(CHEMIN)";" -21,28850000";"55,46664000"
"202300053593";"1";"01";"2023";"12:40";"1";"83";"83069";"2";"6";"1";"3";"DECUGIS (AVENUE ALFRED)";"43,11645000";"6,14649000"
"202300053594";"14";"07";"2023";"00:30";"5";"971";"97120";"2";"9";"1";"2";"BLANCHARD";"16,22378000";" -61,52628000"
"202300053595";"8";"05";"2023";"19:47";"1";"62";"62909";"2";"3";"1";"7";"D18";"50,06323600";"2,99244400"
"202300053596";"11";"06";"2023";"17:20";"1";"13";"13214";"1";"1";"1";"4";"A507 sens Marseille - Aubagne";"43,33242542";"5,38583279"
"202300053597";"13";"02";"2023";"18:00";"1";"81";"81004";"2";"2";"1";"3";"SAPINS (CHEM DES)";"43,93099000";"2,18817000"
"202300053598";"13";"10";"2023";"23:10";"5";"971";"97107";"2";"3";"1";"7";"FLAMBOYANTS ( ALLEE DES )";"16,05160000";" -61,56390000"
"202300053599";"26";"09";"2023";"14:30";"1";"13";"13002";"2";"6";"1";"1";"VATERSTETTEN (AVENUE DE)";"43,35438000";"5,48498000"
"202300053600";"9";"05";"2023";"12:00";"1";"2B";"2B159";"1";"1";"1";"7";"D80 pk 26+300";"42,91166100";"9,47049400"
"202300053601";"14";"07";"2023";"15:00";"1";"95";"95268";"2";"1";"1";"3";"D125";"48,96159000";"2,41420000"
"202300053602";"24";"08";"2023";"16:10";"1";"02";"02596";"1";"1";"2";"1";"D82";"48,94701400";"3,27904300"
"202300053603";"29";"11";"2023";"11:35";"1";"974";"97411";"2";"1";"1";"2";"JOFFRE (BOULEVARD)";" -20,87480000";"55,45390000"
"202300053604";"1";"01";"2023";"18:15";"5";"81";"81065";"2";"3";"1";"3";"ALBERT 1° (AV)";"43,59833850";"2,23061300"
"202300053605";"11";"06";"2023";"18:00";"1";"13";"13071";"1";"1";"1";"2";"A55 - Sens Marseille vers Martigues";"43,38108777";"5,31559322"
"202300053606";"29";"03";"2023";"17:35";"1";"81";"81144";"1";"6";"1";"3";"RN 88";"43,95829000";"2,15982000"
"202300053607";"27";"10";"2023";"14:05";"1";"2A";"2A004";"2";"1";"1";"6";"NAPOLEON COURS AVANT BEVERINI";"41,92335000";"8,73777000"
"202300053608";"13";"02";"2023";"13:30";"1";"78";"78650";"2";"6";"1";"2";"BOCAGES (RUE DES)";"48,89562800";"2,13917800"
"202300053609";"26";"09";"2023";"10:30";"1";"13";"13210";"2";"1";"1";"6";"ROMAIN ROLLAND (BOULEVARD)";"43,27539195";"5,41656850"
"202300053610";"8";"05";"2023";"18:00";"1";"65";"65442";"1";"3";"1";"3";"Route de Boulogne";"43,29858100";"0,61012400"
"202300053611";"30";"11";"2023";"16:35";"1";"973";"97302";"2";"1";"1";"3";"VOLTAIRE(AVENUE)";"4,94282684";" -52,32052946"
"202300053612";"23";"08";"2023";"23:30";"3";"13";"13043";"1";"1";"1";"2";"A55-Sens Martigues vers Marseille";"43,38342000";"5,23067000"
"202300053613";"14";"07";"2023";"02:14";"5";"86";"86066";"2";"1";"8";"6";"Avenue Honoré de Balzac";"46,79418100";"0,52657500"
"202300053614";"10";"06";"2023";"14:05";"1";"83";"83035";"1";"1";"1";"6";"A50";"43,17755800";"5,76993900"
"202300053615";"27";"10";"2023";"15:30";"1";"95";"95585";"2";"1";"1";"6";"D125";"48,98816978";"2,37847567"
"202300053616";"26";"09";"2023";"07:15";"2";"13";"13202";"2";"1";"8";"3";"VAUDOYER (AVENUE)";"43,29761000";"5,36367000"
"202300053617";"27";"04";"2023";"19:50";"1";"11";"11441";"1";"1";"1";"6";"Chemin rural 417";"43,20240700";"3,08444400"
"202300053618";"13";"02";"2023";"08:50";"1";"77";"77373";"1";"1";"1";"5";"RN 4";"48,77053000";"2,63129000"
"202300053619";"24";"08";"2023";"08:50";"1";"69";"69091";"1";"1";"1";"6";"Autoroute 47 ";"45,58537000";"4,75060000"
"202300053620";"30";"11";"2023";"08:10";"1";"973";"97302";"2";"1";"1";"6";"GALMOT (AVENUE)";"4,93173000";" -52,32916000"
"202300053621";"1";"01";"2023";"07:20";"3";"78";"78172";"1";"1";"1";"5";"RN 184";"49,00053000";"2,08079000"
"202300053622";"10";"06";"2023";"07:25";"1";"83";"83069";"1";"1";"1";"6";"A570";"43,12218391";"6,09825355"
"202300053623";"14";"07";"2023";"16:00";"1";"78";"78401";"2";"2";"1";"2";"RHIN ET DANUBE (PONT)";"49,00139000";"1,90657000"
"202300053624";"23";"08";"2023";"21:20";"5";"33";"33249";"1";"1";"1";"6";"ROUTE NATIONALE 230";"44,88361963";" -0,51281556"
"202300053625";"23";"10";"2023";"17:00";"1";"95";"95585";"2";"2";"2";"3";"HENRI BERGSON (BOULEVARD)";"48,97297000";"2,37588000"
"202300053626";"29";"03";"2023";"15:45";"1";"78";"78440";"2";"1";"1";"2";"PAUL RAOULT (AVENUE)";"48,99222200";"1,91382500"
"202300053627";"9";"05";"2023";"14:00";"1";"63";"63258";"2";"1";"3";"3";"RD 906";"45,67548200";"3,63231200"
"202300053628";"1";"12";"2023";"00:45";"5";"69";"69387";"2";"1";"2";"1";"Rue de l'Epargne";"45,74400000";"4,85219000"
"202300053629";"11";"06";"2023";"06:15";"1";"69";"69009";"1";"1";"1";"3";"Autoroute 6";"45,93954000";"4,72366000"
"202300053630";"25";"09";"2023";"16:50";"1";"13";"13213";"1";"9";"1";"3";"ALBERT EINSTEIN (RUE)";"43,34350000";"5,44623000"
"202300053631";"21";"08";"2023";"02:58";"5";"33";"33550";"1";"1";"1";"6";"ROCADE A 630";"44,77898000";" -0,55230000"
"202300053632";"14";"07";"2023";"00:42";"3";"78";"78638";"1";"3";"1";"3";"MOULIN A VENT (CHEMIN DU )";"49,01987000";"1,95901000"
"202300053633";"13";"02";"2023";"14:45";"1";"77";"77431";"2";"2";"1";"3";"D16 / D98";"48,26677800";"2,68579400"
"202300053634";"8";"05";"2023";"11:30";"1";"49";"49018";"2";"1";"1";"7";"Rue Guérin des Fontaines";"47,53949400";" -0,11219900"
"202300053635";"29";"03";"2023";"14:15";"1";"78";"78440";"1";"1";"1";"2";"CD 14";"48,97933000";"1,88671000"
"202300053636";"1";"01";"2023";"03:50";"3";"77";"77237";"2";"3";"1";"3";"D231";"48,84937700";"2,76783700"
"202300053637";"27";"10";"2023";"10:00";"1";"95";"95598";"2";"6";"8";"3";"DURES TERRES (RUE DES)";"48,99033000";"2,29632000"
"202300053638";"26";"09";"2023";"07:40";"2";"11";"11262";"2";"1";"1";"6";"Avenue Pierre Semard";"43,18925000";"3,00776000"
"202300053639";"30";"11";"2023";"23:45";"5";"69";"69386";"2";"2";"2";"3";"Rue des Emeraudes";"45,76907000";"4,86055000"
"202300053640";"9";"05";"2023";"08:45";"1";"42";"42325";"1";"1";"1";"6";"N82";"45,94262300";"4,14129900"
"202300053641";"14";"07";"2023";"18:00";"1";"72";"72181";"2";"9";"1";"3";"DIESEL RODOLPHE (RUE)";"47,98569000";"0,22524000"
"202300053642";"24";"08";"2023";"21:20";"5";"94";"94043";"1";"1";"1";"4";"A6B";"48,80839441";"2,34798035"