"Num_Acc";"jour";"mois";"an";"hrmn";"lum";"dep";"com";"agg";"int";"atm";"col";"adr";"lat";"long"
"202300054624";"10";"06";"2023";"20:00";"2";"68";"68125";"2";"1";"1";"3";"7 Rue Principale";"47,68969000";"7,12630500"
"202300054625";"19";"08";"2023";"16:10";"1";"22";"22113";"2";"9";"1";"6";"GUILLOUX (BOULEVARD LOUIS)";"48,72571000";" -3,44881000"
"202300054626";"7";"05";"2023";"22:38";"5";"31";"31069";"1";"1";"2";"6";"Allée Émile Zola";"43,64530500";"1,36883000"
"202300054627";"30";"11";"2023";"15:30";"1";"2B";"2B102";"1";"1";"1";"7";"Casanile";"42,47955100";"9,36334200"
"202300054628";"25";"09";"2023";"10:30";"1";"94";"94073";"1";"1";"1";"4";"A86";"48,77139558";"2,39237226"
"202300054629";"28";"10";"2023";"12:10";"1";"56";"56034";"2";"1";"3";"6";"Avenue des Druides";"47,57615700";" -3,07803300"
"202300054630";"22";"08";"2023";"15:10";"1";"17";"17306";"2";"1";"1";"2";"CLEMENCEAU  GEORGES (BD)";"45,63190000";" -1,03118000"
"202300054631";"28";"03";"2023";"15:15";"1";"92";"92078";"1";"1";"1";"4";"AUTOROUTE A86";"48,92928253";"2,32938717"
"202300054632";"12";"02";"2023";"17:48";"1";"86";"86294";"1";"1";"1";"7";"N149";"46,64450500";"0,18614800"
"202300054633";"11";"06";"2023";"03:53";"3";"39";"39018";"1";"1";"1";"6";"N/A";"46,34624000";"5,47200000"
"202300054634";"14";"07";"2023";"14:55";"1";"91";"91136";"1";"1";"1";"4";"AUTOROUTE A10";"48,71278000";"2,28406000"
"202300054635";"11";"06";"2023";"21:55";"3";"74";"74043";"1";"1";"1";"7";"Avenue des fully";"46,27306900";"6,34818800"
"202300054636";"30";"11";"2023";"14:15";"1";"42";"42338";"1";"1";"2";"1";"Route de Charlieu";"46,11671000";"4,11271200"
"202300054637";"28";"10";"2023";"16:05";"1";"67";"67040";"1";"1";"1";"7";"D211";"48,28261100";"7,63429100"
"202300054638";"23";"08";"2023";"23:50";"5";"14";"14715";"2";"1";"1";"2";"72 Boulevard Fernand Moureaux";"49,36316000";"0,08463000"
"202300054639";"11";"06";"2023";"18:20";"1";"74";"74208";"2";"1";"1";"6";"Avenue de saint-martin_";"45,91851200";"6,68239100"
"202300054640";"13";"02";"2023";"00:35";"3";"60";"60517";"1";"1";"1";"6";"D1001";"49,22772800";"2,22693000"
"202300054641";"13";"07";"2023";"22:42";"3";"77";"77251";"1";"1";"1";"2";"AUTOROUTE A5A";"48,60970500";"2,57636600"
"202300054642";"11";"06";"2023";"03:10";"4";"02";"02519";"2";"3";"1";"6";"3 Rue de Noircourt";"49,67346000";"4,07112658"
"202300054643";"27";"03";"2023";"07:20";"1";"95";"95018";"1";"1";"1";"4";"A15";"48,94967230";"2,28022080"
"202300054644";"7";"05";"2023";"20:05";"2";"31";"31555";"1";"1";"3";"4";"23 RANGUEIL  (PERIPH OUEST A620)";"43,57589000";"1,44202000"
"202300054645";"23";"08";"2023";"09:00";"1";"13";"13117";"1";"2";"1";"3";"LONDRES (AVENUE DE)";"43,42722000";"5,23538000"
"202300054646";"28";"10";"2023";"14:45";"1";"76";"76676";"1";"1";"2";"3";"Rue de Guilmesnil";"49,56446400";"1,48197400"
"202300054647";"9";"06";"2023";"16:45";"1";"74";"74063";"1";"1";"2";"1";"D22";"46,25356900";"6,84599500"
"202300054648";"14";"02";"2023";"16:20";"1";"60";"60439";"1";"1";"1";"6";"D929";"49,30716800";"2,32836100"
"202300054649";"7";"05";"2023";"11:13";"1";"31";"31555";"1";"9";"2";"7";"ECHANGEUR ST MARTIN (A624-RD901)";"43,61078000";"1,38521300"
"202300054650";"23";"08";"2023";"11:30";"1";"13";"13215";"2";"1";"1";"6";"Chemin du ruisseau mirabeau";"43,34933927";"5,34658299"
"202300054651";"30";"11";"2023";"19:45";"3";"64";"64057";"1";"1";"3";"6";"Route de N'Haux";"43,47316900";" -0,61454200"
"202300054652";"14";"07";"2023";"04:30";"3";"95";"95241";"1";"1";"1";"2";"N104";"49,04701000";"2,45775000"
"202300054653";"28";"10";"2023";"08:25";"1";"2B";"2B207";"2";"9";"1";"7";"Folelli";"42,44925600";"9,50670600"
"202300054654";"10";"06";"2023";"15:10";"1";"02";"02545";"1";"2";"1";"1";"D946";"49,71802800";"3,84562800"
"202300054655";"7";"05";"2023";"09:20";"1";"27";"27562";"2";"1";"2";"7";"ROUEN (ROUTE DE )";"49,10584000";"1,45777000"
"202300054656";"6";"06";"2023";"06:15";"2";"74";"74243";"1";"1";"1";"7";"E 62";"46,13409900";"6,10280900"
"202300054657";"13";"02";"2023";"13:50";"1";"13";"13005";"1";"1";"1";"7";"A501-Sens Pont de l'Etoile vers Aubagne";"43,30027927";"5,56444269"
"202300054658";"29";"03";"2023";"14:15";"1";"77";"77373";"1";"1";"1";"6";"RN104";"48,76694017";"2,61376289"
"202300054659";"14";"07";"2023";"06:00";"3";"77";"77450";"1";"1";"1";"6";"RN104";"48,71727200";"2,59924400"
"202300054660";"23";"08";"2023";"09:20";"1";"13";"13215";"2";"6";"1";"2";"PIERRE DRAMARD (BOULEVARD)";"43,37930000";"5,35770000"
"202300054661";"1";"12";"2023";"16:25";"1";"22";"22020";"2";"1";"7";"6";"rue de la gare";"48,31949100";" -2,25436400"
"202300054662";"28";"10";"2023";"10:50";"1";"11";"11206";"2";"6";"1";"3";"N/A";"43,05461400";"2,21287600"
"202300054663";"11";"06";"2023";"18:40";"1";"03";"03195";"2";"4";"1";"6";"Rue des Moulins";"46,28954800";"2,65681200"
"202300054664";"13";"02";"2023";"06:15";"2";"13";"13215";"1";"1";"1";"7";"A7-Sens Lyon vers Marseille";"43,35951248";"5,36208224"
"202300054665";"5";"05";"2023";"07:00";"2";"74";"74006";"2";"1";"1";"7";"Route d'annecy";"46,00071000";"6,12195700"
"202300054666";"28";"03";"2023";"21:10";"3";"94";"94069";"1";"1";"1";"3";"A4";"48,81754093";"2,43504501"
"202300054667";"13";"07";"2023";"12:25";"1";"976";"97611";"2";"1";"1";"7";"cavani-Briquetterie ( rue de la )";" -12,78112000";"45,22202000"
"202300054668";"30";"11";"2023";"23:25";"3";"37";"37174";"1";"1";"1";"6";"Aire de Maillé (Aire de repos)";"47,02456600";"0,56588200"
"202300054669";"20";"08";"2023";"04:30";"5";"13";"13214";"2";"1";"1";"2";"MARCHE D'IN (AVENUE)";"43,33990000";"5,37950000"
"202300054670";"11";"06";"2023";"09:05";"1";"03";"03171";"1";"1";"8";"6";"Lieu-dit ""Couvoir de Lormont""";"46,46267200";"3,54157800"
"202300054671";"27";"10";"2023";"09:55";"1";"71";"71230";"2";"1";"7";"6";"14 rue de la république";"46,59998200";"4,06625300"
"202300054672";"15";"06";"2023";"17:00";"1";"14";"14448";"1";"1";"1";"7";"2270 Route de Rumesnil";"49,17261700";"0,04055000"
"202300054673";"7";"05";"2023";"18:49";"1";"13";"13075";"2";"1";"1";"3";"FRÉDÉRIC CHEVILLON (AVENUE)";"43,34849000";"5,46592000"
"202300054674";"13";"07";"2023";"09:15";"1";"976";"97611";"2";"9";"1";"6";"m'tsapere-Nationale 2 (route)";" -12,78965000";"45,22052000"
"202300054675";"12";"02";"2023";"21:00";"3";"13";"13005";"1";"1";"1";"2";"A50-Sens Aubagne vers Marseille";"43,28544676";"5,57016000"
"202300054676";"23";"08";"2023";"03:10";"4";"13";"13210";"2";"1";"1";"2";"RABATAU (BOULEVARD)";"43,28202000";"5,39943000"
"202300054677";"27";"03";"2023";"17:15";"1";"25";"25547";"2";"2";"1";"6";"D613";"47,51557400";"6,82991900"
"202300054678";"27";"10";"2023";"19:35";"3";"63";"63314";"1";"1";"1";"7";"D996";"45,58207519";"3,60116276"
"202300054679";"14";"05";"2023";"18:20";"1";"08";"08298";"2";"1";"1";"6";"4 Rue Pasteur";"49,77432300";"4,74128500"
"202300054680";"27";"11";"2023";"12:08";"1";"57";"57106";"2";"1";"1";"6";"10 Rue Saint-hubert";"49,30016600";"6,52483300"
"202300054681";"10";"06";"2023";"11:30";"1";"03";"03090";"1";"1";"2";"1";"Lie dit les petits Barons";"46,64986300";"3,13934300"
"202300054682";"23";"08";"2023";"02:55";"5";"13";"13202";"2";"1";"1";"6";"BASSINS DU RADOUB (QUAI DES)";"43,32125000";"5,36292000"
"202300054683";"27";"10";"2023";"21:30";"4";"61";"61167";"1";"1";"6";"6";"D12 PR7+180";"48,81598800";"0,57310700"
"202300054684";"13";"07";"2023";"11:55";"1";"974";"97411";"2";"1";"1";"3";"CHAUDRON  (BLD 1 DU)";" -20,89081000";"55,49090000"
"202300054685";"30";"11";"2023";"12:13";"1";"95";"95594";"2";"1";"8";"7";"28 GRIFFON (ALLE DU)";"49,11886400";"2,40082400"
"202300054686";"13";"02";"2023";"06:45";"2";"83";"83123";"1";"1";"1";"2";"A50";"43,13842318";"5,80221184"
"202300054687";"6";"05";"2023";"16:00";"1";"13";"13211";"2";"3";"1";"3";"WILLIAM BOOTH (AVENUE)";"43,29343230";"5,43980733"
"202300054688";"24";"03";"2023";"14:36";"1";"63";"63113";"2";"1";"1";"6";"CLEMENTEL (BD ETIENNE)";"45,81097000";"3,10928100"
"202300054689";"23";"08";"2023";"00:15";"5";"13";"13213";"2";"1";"1";"1";"ROSE (AVENUE DE LA)";"43,32676082";"5,42273455"
"202300054690";"13";"07";"2023";"07:40";"1";"974";"97407";"1";"1";"1";"3";"MARINE(BOULEVARD)";" -20,94910000";"55,28458000"
"202300054691";"27";"05";"2023";"16:10";"1";"01";"01348";"2";"2";"1";"5";"D933";"46,17691900";"4,81843100"
"202300054692";"28";"10";"2023";"03:40";"3";"12";"12148";"1";"1";"8";"6";"Z.A. LE FARGAL";"44,45771600";"2,22138400"
"202300054693";"22";"08";"2023";"04:50";"5";"13";"13213";"2";"1";"1";"3";"POILUS (AVENUE DES)";"43,32555000";"5,45210000"
"202300054694";"9";"01";"2023";"17:54";"2";"36";"36044";"2";"1";"1";"6";"53 Rue Montaigne";"46,80320765";"1,70012891"
"202300054695";"1";"12";"2023";"14:00";"1";"51";"51535";"1";"1";"1";"1";"N4";"48,71936000";"3,75790400"
"202300054696";"4";"02";"2023";"23:30";"3";"42";"42044";"1";"1";"1";"2";"RN88";"45,39638000";"4,34822000"
"202300054697";"28";"10";"2023";"10:05";"1";"12";"12139";"1";"1";"1";"6";"la barraque";"43,87604600";"3,02167900"
"202300054698";"12";"07";"2023";"21:10";"5";"973";"97302";"2";"1";"1";"3";"COULEE D'OR (CITE)";"4,94076618";" -52,30684564"
"202300054699";"7";"05";"2023";"08:45";"1";"13";"13063";"1";"6";"1";"6";"QUATRE CHEMINS ROND POINT DES";"43,57159000";"5,01909000"
"202300054700";"22";"08";"2023";"05:48";"5";"13";"13210";"2";"1";"1";"3";"RABATAU (BOULEVARD)";"43,27933000";"5,39930000"
"202300054701";"11";"06";"2023";"10:15";"1";"70";"70421";"1";"1";"1";"1";"Route nationale 19";"47,69039600";"6,00763300"
"202300054702";"28";"10";"2023";"05:30";"4";"29";"29076";"2";"1";"2";"6";"Lieu Dit Kroaz Ar Roue - Milizac";"48,47359947";" -4,56797371"
"202300054703";"1";"12";"2023";"14:30";"1";"19";"19150";"1";"1";"2";"1";"Route de Brive - RD 38";"45,07612989";"1,60207554"
"202300054704";"28";"03";"2023";"09:00";"1";"974";"97409";"2";"1";"1";"6";"DU CENTRE(CHEMIN)";" -20,95419000";"55,66417000"
"202300054705";"20";"08";"2023";"19:35";"1";"13";"13205";"2";"1";"1";"6";"CHAVE (BOULEVARD)";"43,29523000";"5,38773000"
"202300054706";"11";"06";"2023";"06:15";"2";"72";"72022";"1";"1";"1";"6";"lieu-dit beaulieu";"47,75456300";" -0,16768600"
"202300054707";"9";"02";"2023";"07:02";"3";"62";"62907";"1";"1";"1";"4";"A1";"50,47669000";"2,97997000"
"202300054708";"13";"07";"2023";"14:47";"1";"972";"97213";"1";"6";"1";"2";"PLACE D'ARMES";"14,61458190";" -60,99420580"
"202300054709";"7";"05";"2023";"04:10";"3";"11";"11069";"2";"1";"2";"6";"Avenue Saint Martin";"43,22694000";"2,39603000"
"202300054710";"23";"08";"2023";"18:30";"1";"13";"13001";"1";"1";"1";"1";"ROGNES (RTE DE)";"43,60267000";"5,36583000"
"202300054711";"28";"10";"2023";"19:26";"3";"29";"29282";"1";"1";"3";"5";"Kerzongar";"48,37297173";" -4,72874690"
"202300054712";"28";"03";"2023";"19:20";"3";"974";"97407";"2";"1";"1";"6";"JACQUES DUCLOS (RUE) - RIVIERE DES GAL  ";" -20,96280000";"55,31947000"
"202300054713";"13";"02";"2023";"12:20";"1";"91";"91174";"1";"1";"1";"3";"RN 104";"48,62293000";"2,46580000"
"202300054714";"9";"06";"2023";"19:25";"1";"14";"14538";"2";"3";"1";"1";"1a Rue du Soldat Parenteau";"49,09706800";" -0,31914000"
"202300054715";"14";"07";"2023";"00:15";"5";"69";"69385";"2";"1";"1";"1";"Chemin de Choulans";"45,75432000";"4,81794000"
"202300054716";"28";"11";"2023";"07:00";"3";"79";"79034";"1";"6";"2";"3";"N/A";"46,30255500";" -0,49133500"
"202300054717";"21";"08";"2023";"09:35";"1";"11";"11069";"2";"2";"1";"3";"14 Rue de Lorraine";"43,21341000";"2,35703000"
"202300054718";"13";"07";"2023";"08:40";"1";"69";"69034";"2";"1";"1";"6";"Chemin de Crépieux";"45,80078192";"4,85159456"
"202300054719";"11";"06";"2023";"19:40";"1";"50";"50588";"1";"1";"1";"2";"Route de l'Eglise";"49,53120800";" -1,44919800"
"202300054720";"27";"10";"2023";"17:50";"1";"15";"15192";"1";"1";"3";"4";"N 122 ";"45,05810200";"2,71283300"
"202300054721";"18";"08";"2023";"10:45";"1";"11";"11069";"2";"1";"1";"6";"9 Avenue Bunau Varilla";"43,21233000";"2,34438000"
"202300054722";"12";"02";"2023";"05:10";"5";"93";"93029";"1";"1";"1";"2";"AUTOROUTE A86";"48,92557419";"2,42454486"
"202300054723";"16";"06";"2023";"15:20";"1";"69";"69381";"2";"1";"1";"3";"3 Quai Saint Vincent";"45,76999371";"4,81425226"
"202300054724";"28";"03";"2023";"16:13";"1";"973";"97302";"2";"1";"2";"3";"BADUEL (ROUTE DE)";"4,93374296";" -52,31029415"
"202300054725";"7";"05";"2023";"18:00";"1";"10";"10387";"2";"2";"9";"3";"LOUIS BERTHOLLET (RUE)";"48,30739243";"4,08194929"
"202300054726";"27";"10";"2023";"12:15";"1";"01";"01025";"2";"3";"1";"6";"D28";"46,31270300";"4,94593400"
"202300054727";"13";"02";"2023";"18:50";"5";"94";"94052";"1";"1";"1";"3";"A86";"48,84336156";"2,49263331"
"202300054728";"10";"06";"2023";"20:20";"1";"09";"09245";"2";"3";"1";"3";"Route de Pamiers";"43,06238200";"1,61150300"
"202300054729";"12";"07";"2023";"10:00";"1";"971";"97113";"1";"1";"1";"1";"ROUTE DE PERINET-RD 119";"16,20918000";" -61,48108000"
"202300054730";"22";"08";"2023";"20:30";"1";"10";"10387";"2";"1";"1";"6";"JAILLANT DESCHAINETS (RUE)";"48,29633700";"4,06819000"
"202300054731";"28";"10";"2023";"01:55";"3";"66";"66045";"2";"1";"1";"6";"N/A";"42,63181000";"2,42613600"
"202300054732";"13";"07";"2023";"21:12";"1";"91";"91103";"1";"1";"1";"7";"DEVI DU CD 19";"48,60614700";"2,32435700"
"202300054733";"6";"05";"2023";"11:40";"1";"10";"10357";"2";"1";"1";"2";"Avenue du General de Gaulle";"48,29786008";"4,12111223"
"202300054734";"9";"06";"2023";"17:20";"1";"45";"45329";"2";"3";"2";"3";"23 Grande Rue";"47,93990000";"2,98725700"
"202300054735";"13";"02";"2023";"13:00";"1";"77";"77122";"1";"1";"1";"6";"RN104";"48,65869745";"2,61272400"
"202300054736";"13";"07";"2023";"19:55";"1";"91";"91479";"2";"7";"1";"3";"AV DE VERDUN";"48,70582000";"2,36339000"
"202300054737";"7";"05";"2023";"10:30";"1";"07";"07070";"1";"1";"2";"7";"SAINT ROMAINS DE LERPS (ROUTE DE)";"44,96769000";"4,84285000"
"202300054738";"27";"10";"2023";"19:00";"5";"14";"14342";"2";"6";"2";"2";"Rue du 19 mars 1962";"49,31186900";" -1,09858200"
"202300054739";"6";"06";"2023";"15:30";"1";"45";"45307";"1";"2";"1";"3";"D36 PR 15 + 606";"48,05930000";"2,88955200"
"202300054740";"13";"02";"2023";"12:30";"1";"77";"77059";"1";"1";"1";"2";"A104";"48,84554650";"2,66261420"
"202300054741";"7";"05";"2023";"15:15";"1";"07";"07316";"1";"1";"2";"6";"LONES (PONT DES)";"44,91287000";"4,86254000"
"202300054742";"9";"06";"2023";"16:15";"1";"45";"45129";"1";"1";"1";"6";"12 Lieu Dit les Menottes";"47,93284200";"3,04725800"
"202300054743";"10";"07";"2023";"17:45";"1";"89";"89024";"1";"1";"1";"4";"N/A";"47,82067000";"3,57948000"
"202300054744";"6";"05";"2023";"12:30";"1";"04";"04070";"2";"1";"1";"6";"DEMONTZEY (AV.)";"44,09139000";"6,23123000"
"202300054745";"12";"02";"2023";"19:40";"5";"65";"65440";"2";"3";"1";"3";"24 Boulevard des Ardennes";"43,24961172";"0,07185138"
"202300054746";"12";"07";"2023";"07:21";"1";"87";"87085";"2";"2";"1";"6";"GOUJAUD (QUAI LOUIS)";"45,82630000";"1,26952000"
"202300054747";"10";"06";"2023";"12:15";"1";"18";"18106";"1";"3";"2";"2";"N/A";"46,88125600";"2,94213200"
"202300054748";"5";"05";"2023";"17:50";"1";"04";"04070";"2";"1";"1";"6";"BARIETTE (R. DE LA)";"44,09123000";"6,23317000"
"202300054749";"27";"10";"2023";"18:50";"2";"37";"37104";"1";"1";"1";"1";"D943";"47,29685998";"0,80210924"
"202300054750";"11";"06";"2023";"11:45";"1";"43";"43079";"1";"1";"1";"3";"D644";"45,17520517";"3,49815447"
"202300054751";"11";"02";"2023";"04:00";"5";"988";"98818";"2";"1";"1";"2";"VE1";" -22,22478000";"166,46604000"
"202300054752";"27";"10";"2023";"10:10";"1";"37";"37018";"2";"1";"8";"6";"Allée des Rives de l'Étang";"47,34175100";"0,61297300"
"202300054753";"13";"07";"2023";"09:10";"1";"86";"86194";"2";"1";"1";"3";"D162";"46,58217000";"0,36795000"
"202300054754";"7";"05";"2023";"16:50";"1";"75";"75116";"2";"1";"2";"4";"PORTE DE PASSY";"48,85453900";"2,25492300"
"202300054755";"28";"10";"2023";"14:10";"1";"18";"18279";"1";"1";"2";"7";"N/A";"47,27160000";"2,04234100"
"202300054756";"13";"07";"2023";"22:50";"5";"81";"81163";"2";"1";"1";"6";"FOCH";"43,50565000";"2,37837000"
"202300054757";"10";"06";"2023";"12:00";"1";"10";"10199";"2";"3";"1";"3";"Rue du Docteur Gerdy";"48,06565500";"4,50455500"
"202300054758";"12";"02";"2023";"22:50";"5";"976";"97611";"2";"1";"1";"7";"mamoudzou centre-Haladi Selemani ( rue )";" -12,78201000";"45,23046000"
"202300054759";"27";"10";"2023";"19:28";"3";"2A";"2A247";"1";"1";"1";"6";"route de bocca del oro";"41,55716300";"9,28155900"
"202300054760";"12";"07";"2023";"10:00";"1";"77";"77221";"2";"1";"1";"1";"D217B";"48,85497800";"2,70169400"
"202300054761";"23";"10";"2023";"10:15";"1";"13";"13027";"2";"1";"1";"1";"Chemin des Confignes";"43,90256200";"4,87252200"
"202300054762";"7";"05";"2023";"00:02";"5";"75";"75113";"2";"1";"3";"5";"QUAI D IVRY";"48,82579100";"2,38658900"
"202300054763";"13";"07";"2023";"08:15";"1";"76";"76540";"2";"1";"1";"6";"Avenue du Mont Riboudet";"49,44768000";"1,06798000"
"202300054764";"11";"06";"2023";"19:45";"1";"07";"07184";"2";"1";"2";"7";"Route des ollieres";"44,77484437";"4,60863206"
"202300054765";"28";"10";"2023";"10:50";"1";"71";"71360";"1";"2";"1";"3";"D17";"46,32221200";"4,76724300"
"202300054766";"6";"05";"2023";"07:08";"1";"75";"75106";"2";"3";"1";"3";"RUE DE VAUGIRARD";"48,84822600";"2,33103600"
"202300054767";"13";"07";"2023";"12:40";"1";"76";"76305";"1";"1";"1";"7";"INDUSTRIELLE (ROUTE)";"49,48663000";"0,21788000"
"202300054768";"27";"10";"2023";"15:30";"1";"68";"68012";"1";"1";"1";"3";"D34";"47,75944300";"7,10189900"
"202300054769";"7";"05";"2023";"17:30";"1";"75";"75105";"2";"2";"2";"6";"QUAI SAINT MICHEL";"48,85305900";"2,34650700"
"202300054770";"13";"07";"2023";"19:00";"1";"72";"72181";"2";"9";"1";"3";"MIROIR (RUE DU)";"47,99166000";"0,19829000"
"202300054771";"27";"10";"2023";"14:45";"1";"57";"57047";"1";"1";"8";"7";"rte de BAMBIDERSTROFF";"49,09919600";"6,59211300"
"202300054772";"15";"06";"2023";"18:30";"1";"72";"72181";"2";"1";"1";"3";"LEDRU ROLLIN QUAI N° 1 A 99";"48,00680400";"0,19134400"
"202300054773";"7";"05";"2023";"15:40";"1";"75";"75105";"2";"2";"2";"2";"BOULEVARD DE L HOPITAL";"48,84026300";"2,36198900"
"202300054774";"27";"10";"2023";"21:35";"3";"38";"38524";"1";"1";"1";"1";"D1075";"45,07456600";"5,67763600"
"202300054775";"7";"05";"2023";"02:15";"5";"75";"75105";"2";"1";"3";"6";"BOULEVARD DE L HOPITAL";"48,84093800";"2,36249300"
"202300054776";"13";"07";"2023";"14:20";"1";"71";"71040";"2";"3";"1";"1";"THIBOURINS (ROUTE DES)";"46,68582000";"4,39978000"
"202300054777";"7";"09";"2023";"16:30";"1";"01";"01259";"1";"1";"1";"1";"Route de Polliat";"46,22113700";"5,10872000"
"202300054778";"13";"07";"2023";"20:35";"1";"69";"69266";"2";"1";"1";"6";"Avenue Auguste Blanqui";"45,76310000";"4,88452000"
"202300054779";"7";"05";"2023";"02:00";"5";"75";"75119";"2";"1";"3";"6";"PLACE DE LA BATAILLE DE STALINGRAD";"48,88333600";"2,36928200"
"202300054780";"13";"07";"2023";"19:47";"1";"69";"69266";"2";"1";"1";"6";"Cours Emile Zola";"45,77134000";"4,87053000"
"202300054781";"28";"10";"2023";"07:30";"2";"79";"79184";"1";"1";"3";"1";"N/A";"46,34832400";" -0,10851100"
"202300054782";"28";"10";"2023";"08:40";"1";"17";"17083";"1";"1";"3";"7";"D733";"45,82172700";" -0,93208600"
"202300054783";"7";"05";"2023";"01:30";"5";"75";"75116";"2";"2";"2";"2";"ALLEE DE LONGCHAMP";"48,87492400";"2,27111300"
"202300054784";"13";"07";"2023";"16:15";"1";"69";"69266";"2";"2";"1";"3";"Rue Dedieu";"45,76962000";"4,86987000"
"202300054785";"7";"05";"2023";"16:00";"1";"75";"75116";"2";"4";"2";"3";"VOIE GEORGES POMPIDOU";"48,84991500";"2,27716000"
"202300054786";"26";"10";"2023";"11:50";"1";"33";"33439";"1";"1";"3";"1";"D135e5";"45,13002600";" -0,38392100"
"202300054787";"13";"07";"2023";"07:50";"1";"69";"69266";"2";"2";"1";"3";"Rue Colin";"45,77487305";"4,87405794"
"202300054788";"27";"10";"2023";"00:20";"3";"53";"53130";"1";"1";"1";"6";"Route de Saint Nazaire, d771";"48,03643000";" -0,80375100"
"202300054789";"7";"05";"2023";"14:20";"1";"75";"75115";"2";"3";"2";"7";"AVENUE DU MAINE";"48,84408900";"2,31997000"
"202300054790";"13";"07";"2023";"16:02";"1";"69";"69264";"2";"2";"1";"3";"Rue des Jardiniers";"45,98863000";"4,72152000"
"202300054791";"27";"10";"2023";"13:16";"1";"22";"22076";"1";"3";"2";"3";"Guihaie";"48,54500900";" -2,38113100"
"202300054792";"13";"07";"2023";"18:40";"1";"69";"69290";"2";"3";"1";"6";"Avenue Jean Jaurès";"45,69737000";"4,93416000"
"202300054793";"28";"10";"2023";"02:35";"5";"60";"60446";"1";"1";"2";"6";"N2";"49,13131000";"2,79580600"
"202300054794";"12";"07";"2023";"19:15";"1";"67";"67482";"2";"3";"1";"3";"KAMPMANN (RUE)";"48,53537000";"7,77124000"
"202300054795";"7";"05";"2023";"05:00";"5";"75";"75111";"2";"3";"3";"3";"BOULEVARD VOLTAIRE";"48,85215200";"2,38958400"
"202300054796";"24";"10";"2023";"20:14";"3";"83";"83090";"1";"1";"1";"6";"A50";"43,12549670";"5,87596215"
"202300054797";"11";"07";"2023";"17:41";"1";"66";"66136";"2";"1";"1";"3";"N/A";"42,71407000";"2,90167000"
"202300054798";"27";"10";"2023";"19:00";"5";"33";"33162";"1";"1";"3";"3";"ROCADE A 630";"44,87723000";" -0,63176000"
"202300054799";"11";"07";"2023";"11:08";"1";"66";"66136";"2";"6";"1";"2";"N/A";"42,68617000";"2,88821000"
"202300054800";"27";"10";"2023";"06:40";"5";"33";"33039";"1";"1";"2";"6";"ROCADE A 631";"44,80114920";" -0,53434432"
"202300054801";"13";"07";"2023";"07:05";"1";"64";"64445";"2";"1";"1";"3";"EUROPE DE L'";"43,32848000";" -0,34978000"
"202300054802";"27";"10";"2023";"05:20";"3";"91";"91174";"1";"1";"2";"7";"RN 104";"48,62219600";"2,46358200"
"202300054803";"27";"10";"2023";"06:45";"3";"91";"91687";"1";"1";"1";"3";"AUTOROUTE A6";"48,66583000";"2,36250000"
"202300054804";"27";"10";"2023";"16:07";"1";"78";"78402";"1";"1";"2";"2";"A13";"48,96386000";"1,77684000"
"202300054805";"13";"07";"2023";"14:00";"1";"63";"63070";"1";"4";"1";"3";"BEAUMONT (AVENUE DE)";"45,74046999";"3,06957096"
"202300054806";"27";"10";"2023";"14:00";"1";"78";"78640";"1";"1";"1";"2";"A86 INT";"48,77722100";"2,22364200"
"202300054807";"27";"10";"2023";"05:50";"3";"92";"92036";"1";"1";"1";"6";"A86";"48,93429185";"2,27087422"
"202300054808";"26";"10";"2023";"03:50";"3";"92";"92025";"1";"9";"2";"6";"A86";"48,91988494";"2,22461743"
"202300054809";"27";"10";"2023";"18:05";"3";"93";"93064";"1";"1";"3";"3";"AUTOROUTE A103";"48,88579562";"2,48740188"
"202300054810";"27";"10";"2023";"07:23";"2";"93";"93064";"1";"1";"8";"2";"AUTOROUTE A86";"48,87320000";"2,47990000"
"202300054811";"20";"08";"2023";"23:20";"3";"78";"78440";"2";"3";"1";"6";"PAUL RAOULT (AVENUE)";"48,98321700";"1,91188200"
"202300054812";"21";"07";"2023";"16:30";"1";"13";"13113";"1";"9";"7";"3";"A51 PK 29";"43,60583100";"5,49699400"
"202300054813";"6";"07";"2023";"11:10";"3";"66";"66069";"1";"1";"1";"7";"D5d";"42,77228600";"2,84280400"
"202300054814";"3";"07";"2023";"17:15";"1";"13";"13081";"1";"1";"1";"6";"D21";"43,49282200";"5,22763300"
"202300054815";"6";"07";"2023";"11:00";"1";"13";"13110";"2";"1";"1";"1";"Boulevard de l'Europe";"43,45057500";"5,68347200"
"202300054816";"28";"06";"2023";"12:25";"1";"13";"13059";"1";"1";"1";"1";"D556 - PR 05+500";"43,62045000";"5,49192500"
"202300054817";"25";"10";"2023";"10:10";"1";"988";"98818";"2";"1";"8";"6";"RUE JACQUES IEKAWE";" -22,22966000";"166,48133000"
"202300054818";"26";"10";"2023";"20:45";"5";"974";"97416";"2";"1";"1";"6";"LA FONTAINE (RUE JEAN DE)";" -21,33828000";"55,47771000"
"202300054819";"26";"10";"2023";"19:10";"3";"974";"97416";"1";"1";"1";"3";"RN3 (ANCIENNE ROUTE)";" -21,28865000";"55,50994000"
"202300054820";"26";"10";"2023";"09:40";"1";"974";"97411";"2";"1";"1";"7";"BAMBOU (CHEMIN DE LA RUELLE)";" -20,90129000";"55,40598000"
"202300054821";"26";"10";"2023";"17:20";"1";"973";"97302";"1";"6";"1";"3";"ROUTE NATIONALE 1";"4,89713000";" -52,32854000"
"202300054822";"20";"10";"2023";"16:30";"1";"69";"69387";"2";"1";"6";"3";"Boulevard Yves Farge";"45,73306000";"4,82540000"